stock,seed,method,strategy,split,mse,mae,direction_accuracy,forecast_horizon,checkpoint_path,checkpoint_selection,encoder_weight_source,fine_tune_encoder,trend_weight,trend_loss_temperature,trend_loss_threshold,trend_selection_weight,normalization,feature_transform,forecast_target,target_definition,metric_definition,test_start,test_end,test_signature,experiment_id,config_signature,timestamp,git_commit_sha,original_source_file,score_source_file
AAPL,42,Shared-target JEPA--MAE,random,test,0.0013154290494816303,0.023312197024872666,0.4631578947368421,5,./logs/output_model/AAPL/lr_1e-05_ema_momentum_0.998_mask_ratio_0.7_ratio_patches_10_encoder_256_2_1_predictor_128_2_1_dual_jepa_mae_ljepa_1.0_lmae_0.5_cfg_306c84320657_epoch_500.pt,fixed_pretraining_epoch_500,ema,True,0.001,0.01,1e-05,0.0005,window_return,raw,relative_return,Close[t+h] / Close[t] - 1,MSE and MAE over all saved rolling-step/horizon target values; project_within_trajectory_v1: sign of consecutive forecast-horizon differences equals sign of consecutive target differences; relative-return paths additionally include the known zero origin; cumulative/excess log-return targets compare the binary indicators (forecast > 0) and (target > 0) at each horizon,2025-04-01T00:00:00,2025-12-31T00:00:00,0d46cbde6d60987bd23b,7a9288fa8ec9d59a,7a9288fa8ec9d59a,20260828_091659,61fdd15a28add76845ee8db84408d34295037179,results/normalization_pilot_window_return/random/AAPL/seed_42/last_model_comparison_20260828_091659.csv,results/normalization_pilot_window_return/random/AAPL/seed_42/last_scores_after_observation_20260828_091659.csv
AAPL,42,GRU,random,test,0.0012062390277025412,0.021963803891680702,0.5421052631578948,5,./logs/output_model/AAPL/lr_1e-05_ema_momentum_0.998_mask_ratio_0.7_ratio_patches_10_encoder_256_2_1_predictor_128_2_1_dual_jepa_mae_ljepa_1.0_lmae_0.5_cfg_306c84320657_epoch_500.pt,fixed_pretraining_epoch_500,ema,True,0.001,0.01,1e-05,0.0005,window_return,raw,relative_return,Close[t+h] / Close[t] - 1,MSE and MAE over all saved rolling-step/horizon target values; project_within_trajectory_v1: sign of consecutive forecast-horizon differences equals sign of consecutive target differences; relative-return paths additionally include the known zero origin; cumulative/excess log-return targets compare the binary indicators (forecast > 0) and (target > 0) at each horizon,2025-04-01T00:00:00,2025-12-31T00:00:00,0d46cbde6d60987bd23b,7a9288fa8ec9d59a,7a9288fa8ec9d59a,20260828_091659,61fdd15a28add76845ee8db84408d34295037179,results/normalization_pilot_window_return/random/AAPL/seed_42/last_model_comparison_20260828_091659.csv,results/normalization_pilot_window_return/random/AAPL/seed_42/last_gru_scores_after_observation_20260828_091659.csv
AAPL,42,Naive-last,random,test,0.0011798756895860015,0.021244387563906172,0.0,5,./logs/output_model/AAPL/lr_1e-05_ema_momentum_0.998_mask_ratio_0.7_ratio_patches_10_encoder_256_2_1_predictor_128_2_1_dual_jepa_mae_ljepa_1.0_lmae_0.5_cfg_306c84320657_epoch_500.pt,fixed_pretraining_epoch_500,ema,True,0.001,0.01,1e-05,0.0005,window_return,raw,relative_return,Close[t+h] / Close[t] - 1,MSE and MAE over all saved rolling-step/horizon target values; project_within_trajectory_v1: sign of consecutive forecast-horizon differences equals sign of consecutive target differences; relative-return paths additionally include the known zero origin; cumulative/excess log-return targets compare the binary indicators (forecast > 0) and (target > 0) at each horizon,2025-04-01T00:00:00,2025-12-31T00:00:00,0d46cbde6d60987bd23b,7a9288fa8ec9d59a,7a9288fa8ec9d59a,20260828_091659,61fdd15a28add76845ee8db84408d34295037179,results/normalization_pilot_window_return/random/AAPL/seed_42/last_model_comparison_20260828_091659.csv,results/normalization_pilot_window_return/random/AAPL/seed_42/last_baseline_scores_after_observation_20260828_091659.csv
AAPL,42,Drift,random,test,0.0012747009444681228,0.02219199894186056,0.5052631578947369,5,./logs/output_model/AAPL/lr_1e-05_ema_momentum_0.998_mask_ratio_0.7_ratio_patches_10_encoder_256_2_1_predictor_128_2_1_dual_jepa_mae_ljepa_1.0_lmae_0.5_cfg_306c84320657_epoch_500.pt,fixed_pretraining_epoch_500,ema,True,0.001,0.01,1e-05,0.0005,window_return,raw,relative_return,Close[t+h] / Close[t] - 1,MSE and MAE over all saved rolling-step/horizon target values; project_within_trajectory_v1: sign of consecutive forecast-horizon differences equals sign of consecutive target differences; relative-return paths additionally include the known zero origin; cumulative/excess log-return targets compare the binary indicators (forecast > 0) and (target > 0) at each horizon,2025-04-01T00:00:00,2025-12-31T00:00:00,0d46cbde6d60987bd23b,7a9288fa8ec9d59a,7a9288fa8ec9d59a,20260828_091659,61fdd15a28add76845ee8db84408d34295037179,results/normalization_pilot_window_return/random/AAPL/seed_42/last_model_comparison_20260828_091659.csv,results/normalization_pilot_window_return/random/AAPL/seed_42/last_baseline_scores_after_observation_20260828_091659.csv
AAPL,42,Mean-context,random,test,0.001263728225575065,0.02236560787791137,0.5052631578947369,5,./logs/output_model/AAPL/lr_1e-05_ema_momentum_0.998_mask_ratio_0.7_ratio_patches_10_encoder_256_2_1_predictor_128_2_1_dual_jepa_mae_ljepa_1.0_lmae_0.5_cfg_306c84320657_epoch_500.pt,fixed_pretraining_epoch_500,ema,True,0.001,0.01,1e-05,0.0005,window_return,raw,relative_return,Close[t+h] / Close[t] - 1,MSE and MAE over all saved rolling-step/horizon target values; project_within_trajectory_v1: sign of consecutive forecast-horizon differences equals sign of consecutive target differences; relative-return paths additionally include the known zero origin; cumulative/excess log-return targets compare the binary indicators (forecast > 0) and (target > 0) at each horizon,2025-04-01T00:00:00,2025-12-31T00:00:00,0d46cbde6d60987bd23b,7a9288fa8ec9d59a,7a9288fa8ec9d59a,20260828_091659,61fdd15a28add76845ee8db84408d34295037179,results/normalization_pilot_window_return/random/AAPL/seed_42/last_model_comparison_20260828_091659.csv,results/normalization_pilot_window_return/random/AAPL/seed_42/last_baseline_scores_after_observation_20260828_091659.csv
AAPL,44,Shared-target JEPA--MAE,random,test,0.0013826085139808997,0.02462446599414469,0.5526315789473685,5,./logs/output_model/AAPL/lr_1e-05_ema_momentum_0.998_mask_ratio_0.7_ratio_patches_10_encoder_256_2_1_predictor_128_2_1_dual_jepa_mae_ljepa_1.0_lmae_0.5_cfg_426c20ae6884_epoch_500.pt,fixed_pretraining_epoch_500,ema,True,0.001,0.01,1e-05,0.0005,window_return,raw,relative_return,Close[t+h] / Close[t] - 1,MSE and MAE over all saved rolling-step/horizon target values; project_within_trajectory_v1: sign of consecutive forecast-horizon differences equals sign of consecutive target differences; relative-return paths additionally include the known zero origin; cumulative/excess log-return targets compare the binary indicators (forecast > 0) and (target > 0) at each horizon,2025-04-01T00:00:00,2025-12-31T00:00:00,0d46cbde6d60987bd23b,7a9288fa8ec9d59a,7a9288fa8ec9d59a,20260828_091717,61fdd15a28add76845ee8db84408d34295037179,results/normalization_pilot_window_return/random/AAPL/seed_44/last_model_comparison_20260828_091717.csv,results/normalization_pilot_window_return/random/AAPL/seed_44/last_scores_after_observation_20260828_091717.csv
AAPL,44,GRU,random,test,0.0012124313208582169,0.021723514040441847,0.5368421052631579,5,./logs/output_model/AAPL/lr_1e-05_ema_momentum_0.998_mask_ratio_0.7_ratio_patches_10_encoder_256_2_1_predictor_128_2_1_dual_jepa_mae_ljepa_1.0_lmae_0.5_cfg_426c20ae6884_epoch_500.pt,fixed_pretraining_epoch_500,ema,True,0.001,0.01,1e-05,0.0005,window_return,raw,relative_return,Close[t+h] / Close[t] - 1,MSE and MAE over all saved rolling-step/horizon target values; project_within_trajectory_v1: sign of consecutive forecast-horizon differences equals sign of consecutive target differences; relative-return paths additionally include the known zero origin; cumulative/excess log-return targets compare the binary indicators (forecast > 0) and (target > 0) at each horizon,2025-04-01T00:00:00,2025-12-31T00:00:00,0d46cbde6d60987bd23b,7a9288fa8ec9d59a,7a9288fa8ec9d59a,20260828_091717,61fdd15a28add76845ee8db84408d34295037179,results/normalization_pilot_window_return/random/AAPL/seed_44/last_model_comparison_20260828_091717.csv,results/normalization_pilot_window_return/random/AAPL/seed_44/last_gru_scores_after_observation_20260828_091717.csv
AAPL,44,Naive-last,random,test,0.0011798756895860015,0.021244387563906172,0.0,5,./logs/output_model/AAPL/lr_1e-05_ema_momentum_0.998_mask_ratio_0.7_ratio_patches_10_encoder_256_2_1_predictor_128_2_1_dual_jepa_mae_ljepa_1.0_lmae_0.5_cfg_426c20ae6884_epoch_500.pt,fixed_pretraining_epoch_500,ema,True,0.001,0.01,1e-05,0.0005,window_return,raw,relative_return,Close[t+h] / Close[t] - 1,MSE and MAE over all saved rolling-step/horizon target values; project_within_trajectory_v1: sign of consecutive forecast-horizon differences equals sign of consecutive target differences; relative-return paths additionally include the known zero origin; cumulative/excess log-return targets compare the binary indicators (forecast > 0) and (target > 0) at each horizon,2025-04-01T00:00:00,2025-12-31T00:00:00,0d46cbde6d60987bd23b,7a9288fa8ec9d59a,7a9288fa8ec9d59a,20260828_091717,61fdd15a28add76845ee8db84408d34295037179,results/normalization_pilot_window_return/random/AAPL/seed_44/last_model_comparison_20260828_091717.csv,results/normalization_pilot_window_return/random/AAPL/seed_44/last_baseline_scores_after_observation_20260828_091717.csv
AAPL,44,Drift,random,test,0.0012747009444681228,0.02219199894186056,0.5052631578947369,5,./logs/output_model/AAPL/lr_1e-05_ema_momentum_0.998_mask_ratio_0.7_ratio_patches_10_encoder_256_2_1_predictor_128_2_1_dual_jepa_mae_ljepa_1.0_lmae_0.5_cfg_426c20ae6884_epoch_500.pt,fixed_pretraining_epoch_500,ema,True,0.001,0.01,1e-05,0.0005,window_return,raw,relative_return,Close[t+h] / Close[t] - 1,MSE and MAE over all saved rolling-step/horizon target values; project_within_trajectory_v1: sign of consecutive forecast-horizon differences equals sign of consecutive target differences; relative-return paths additionally include the known zero origin; cumulative/excess log-return targets compare the binary indicators (forecast > 0) and (target > 0) at each horizon,2025-04-01T00:00:00,2025-12-31T00:00:00,0d46cbde6d60987bd23b,7a9288fa8ec9d59a,7a9288fa8ec9d59a,20260828_091717,61fdd15a28add76845ee8db84408d34295037179,results/normalization_pilot_window_return/random/AAPL/seed_44/last_model_comparison_20260828_091717.csv,results/normalization_pilot_window_return/random/AAPL/seed_44/last_baseline_scores_after_observation_20260828_091717.csv
AAPL,44,Mean-context,random,test,0.001263728225575065,0.02236560787791137,0.5052631578947369,5,./logs/output_model/AAPL/lr_1e-05_ema_momentum_0.998_mask_ratio_0.7_ratio_patches_10_encoder_256_2_1_predictor_128_2_1_dual_jepa_mae_ljepa_1.0_lmae_0.5_cfg_426c20ae6884_epoch_500.pt,fixed_pretraining_epoch_500,ema,True,0.001,0.01,1e-05,0.0005,window_return,raw,relative_return,Close[t+h] / Close[t] - 1,MSE and MAE over all saved rolling-step/horizon target values; project_within_trajectory_v1: sign of consecutive forecast-horizon differences equals sign of consecutive target differences; relative-return paths additionally include the known zero origin; cumulative/excess log-return targets compare the binary indicators (forecast > 0) and (target > 0) at each horizon,2025-04-01T00:00:00,2025-12-31T00:00:00,0d46cbde6d60987bd23b,7a9288fa8ec9d59a,7a9288fa8ec9d59a,20260828_091717,61fdd15a28add76845ee8db84408d34295037179,results/normalization_pilot_window_return/random/AAPL/seed_44/last_model_comparison_20260828_091717.csv,results/normalization_pilot_window_return/random/AAPL/seed_44/last_baseline_scores_after_observation_20260828_091717.csv
AAPL,46,Shared-target JEPA--MAE,random,test,0.001438493536934425,0.025729720565907027,0.5,5,./logs/output_model/AAPL/lr_1e-05_ema_momentum_0.998_mask_ratio_0.7_ratio_patches_10_encoder_256_2_1_predictor_128_2_1_dual_jepa_mae_ljepa_1.0_lmae_0.5_cfg_3b10b0c7e918_epoch_500.pt,fixed_pretraining_epoch_500,ema,True,0.001,0.01,1e-05,0.0005,window_return,raw,relative_return,Close[t+h] / Close[t] - 1,MSE and MAE over all saved rolling-step/horizon target values; project_within_trajectory_v1: sign of consecutive forecast-horizon differences equals sign of consecutive target differences; relative-return paths additionally include the known zero origin; cumulative/excess log-return targets compare the binary indicators (forecast > 0) and (target > 0) at each horizon,2025-04-01T00:00:00,2025-12-31T00:00:00,0d46cbde6d60987bd23b,7a9288fa8ec9d59a,7a9288fa8ec9d59a,20260828_091735,61fdd15a28add76845ee8db84408d34295037179,results/normalization_pilot_window_return/random/AAPL/seed_46/last_model_comparison_20260828_091735.csv,results/normalization_pilot_window_return/random/AAPL/seed_46/last_scores_after_observation_20260828_091735.csv
AAPL,46,GRU,random,test,0.0012265446698554534,0.021913096181264007,0.5210526315789473,5,./logs/output_model/AAPL/lr_1e-05_ema_momentum_0.998_mask_ratio_0.7_ratio_patches_10_encoder_256_2_1_predictor_128_2_1_dual_jepa_mae_ljepa_1.0_lmae_0.5_cfg_3b10b0c7e918_epoch_500.pt,fixed_pretraining_epoch_500,ema,True,0.001,0.01,1e-05,0.0005,window_return,raw,relative_return,Close[t+h] / Close[t] - 1,MSE and MAE over all saved rolling-step/horizon target values; project_within_trajectory_v1: sign of consecutive forecast-horizon differences equals sign of consecutive target differences; relative-return paths additionally include the known zero origin; cumulative/excess log-return targets compare the binary indicators (forecast > 0) and (target > 0) at each horizon,2025-04-01T00:00:00,2025-12-31T00:00:00,0d46cbde6d60987bd23b,7a9288fa8ec9d59a,7a9288fa8ec9d59a,20260828_091735,61fdd15a28add76845ee8db84408d34295037179,results/normalization_pilot_window_return/random/AAPL/seed_46/last_model_comparison_20260828_091735.csv,results/normalization_pilot_window_return/random/AAPL/seed_46/last_gru_scores_after_observation_20260828_091735.csv
AAPL,46,Naive-last,random,test,0.0011798756895860015,0.021244387563906172,0.0,5,./logs/output_model/AAPL/lr_1e-05_ema_momentum_0.998_mask_ratio_0.7_ratio_patches_10_encoder_256_2_1_predictor_128_2_1_dual_jepa_mae_ljepa_1.0_lmae_0.5_cfg_3b10b0c7e918_epoch_500.pt,fixed_pretraining_epoch_500,ema,True,0.001,0.01,1e-05,0.0005,window_return,raw,relative_return,Close[t+h] / Close[t] - 1,MSE and MAE over all saved rolling-step/horizon target values; project_within_trajectory_v1: sign of consecutive forecast-horizon differences equals sign of consecutive target differences; relative-return paths additionally include the known zero origin; cumulative/excess log-return targets compare the binary indicators (forecast > 0) and (target > 0) at each horizon,2025-04-01T00:00:00,2025-12-31T00:00:00,0d46cbde6d60987bd23b,7a9288fa8ec9d59a,7a9288fa8ec9d59a,20260828_091735,61fdd15a28add76845ee8db84408d34295037179,results/normalization_pilot_window_return/random/AAPL/seed_46/last_model_comparison_20260828_091735.csv,results/normalization_pilot_window_return/random/AAPL/seed_46/last_baseline_scores_after_observation_20260828_091735.csv
AAPL,46,Drift,random,test,0.0012747009444681228,0.02219199894186056,0.5052631578947369,5,./logs/output_model/AAPL/lr_1e-05_ema_momentum_0.998_mask_ratio_0.7_ratio_patches_10_encoder_256_2_1_predictor_128_2_1_dual_jepa_mae_ljepa_1.0_lmae_0.5_cfg_3b10b0c7e918_epoch_500.pt,fixed_pretraining_epoch_500,ema,True,0.001,0.01,1e-05,0.0005,window_return,raw,relative_return,Close[t+h] / Close[t] - 1,MSE and MAE over all saved rolling-step/horizon target values; project_within_trajectory_v1: sign of consecutive forecast-horizon differences equals sign of consecutive target differences; relative-return paths additionally include the known zero origin; cumulative/excess log-return targets compare the binary indicators (forecast > 0) and (target > 0) at each horizon,2025-04-01T00:00:00,2025-12-31T00:00:00,0d46cbde6d60987bd23b,7a9288fa8ec9d59a,7a9288fa8ec9d59a,20260828_091735,61fdd15a28add76845ee8db84408d34295037179,results/normalization_pilot_window_return/random/AAPL/seed_46/last_model_comparison_20260828_091735.csv,results/normalization_pilot_window_return/random/AAPL/seed_46/last_baseline_scores_after_observation_20260828_091735.csv
AAPL,46,Mean-context,random,test,0.001263728225575065,0.02236560787791137,0.5052631578947369,5,./logs/output_model/AAPL/lr_1e-05_ema_momentum_0.998_mask_ratio_0.7_ratio_patches_10_encoder_256_2_1_predictor_128_2_1_dual_jepa_mae_ljepa_1.0_lmae_0.5_cfg_3b10b0c7e918_epoch_500.pt,fixed_pretraining_epoch_500,ema,True,0.001,0.01,1e-05,0.0005,window_return,raw,relative_return,Close[t+h] / Close[t] - 1,MSE and MAE over all saved rolling-step/horizon target values; project_within_trajectory_v1: sign of consecutive forecast-horizon differences equals sign of consecutive target differences; relative-return paths additionally include the known zero origin; cumulative/excess log-return targets compare the binary indicators (forecast > 0) and (target > 0) at each horizon,2025-04-01T00:00:00,2025-12-31T00:00:00,0d46cbde6d60987bd23b,7a9288fa8ec9d59a,7a9288fa8ec9d59a,20260828_091735,61fdd15a28add76845ee8db84408d34295037179,results/normalization_pilot_window_return/random/AAPL/seed_46/last_model_comparison_20260828_091735.csv,results/normalization_pilot_window_return/random/AAPL/seed_46/last_baseline_scores_after_observation_20260828_091735.csv
AAPL,48,Shared-target JEPA--MAE,random,test,0.00150480187442071,0.025732564385735235,0.5368421052631579,5,./logs/output_model/AAPL/lr_1e-05_ema_momentum_0.998_mask_ratio_0.7_ratio_patches_10_encoder_256_2_1_predictor_128_2_1_dual_jepa_mae_ljepa_1.0_lmae_0.5_cfg_3e384558f9d5_epoch_500.pt,fixed_pretraining_epoch_500,ema,True,0.001,0.01,1e-05,0.0005,window_return,raw,relative_return,Close[t+h] / Close[t] - 1,MSE and MAE over all saved rolling-step/horizon target values; project_within_trajectory_v1: sign of consecutive forecast-horizon differences equals sign of consecutive target differences; relative-return paths additionally include the known zero origin; cumulative/excess log-return targets compare the binary indicators (forecast > 0) and (target > 0) at each horizon,2025-04-01T00:00:00,2025-12-31T00:00:00,0d46cbde6d60987bd23b,7a9288fa8ec9d59a,7a9288fa8ec9d59a,20260828_091753,61fdd15a28add76845ee8db84408d34295037179,results/normalization_pilot_window_return/random/AAPL/seed_48/last_model_comparison_20260828_091753.csv,results/normalization_pilot_window_return/random/AAPL/seed_48/last_scores_after_observation_20260828_091753.csv
AAPL,48,GRU,random,test,0.0012100915721334382,0.02175813386167738,0.531578947368421,5,./logs/output_model/AAPL/lr_1e-05_ema_momentum_0.998_mask_ratio_0.7_ratio_patches_10_encoder_256_2_1_predictor_128_2_1_dual_jepa_mae_ljepa_1.0_lmae_0.5_cfg_3e384558f9d5_epoch_500.pt,fixed_pretraining_epoch_500,ema,True,0.001,0.01,1e-05,0.0005,window_return,raw,relative_return,Close[t+h] / Close[t] - 1,MSE and MAE over all saved rolling-step/horizon target values; project_within_trajectory_v1: sign of consecutive forecast-horizon differences equals sign of consecutive target differences; relative-return paths additionally include the known zero origin; cumulative/excess log-return targets compare the binary indicators (forecast > 0) and (target > 0) at each horizon,2025-04-01T00:00:00,2025-12-31T00:00:00,0d46cbde6d60987bd23b,7a9288fa8ec9d59a,7a9288fa8ec9d59a,20260828_091753,61fdd15a28add76845ee8db84408d34295037179,results/normalization_pilot_window_return/random/AAPL/seed_48/last_model_comparison_20260828_091753.csv,results/normalization_pilot_window_return/random/AAPL/seed_48/last_gru_scores_after_observation_20260828_091753.csv
AAPL,48,Naive-last,random,test,0.0011798756895860015,0.021244387563906172,0.0,5,./logs/output_model/AAPL/lr_1e-05_ema_momentum_0.998_mask_ratio_0.7_ratio_patches_10_encoder_256_2_1_predictor_128_2_1_dual_jepa_mae_ljepa_1.0_lmae_0.5_cfg_3e384558f9d5_epoch_500.pt,fixed_pretraining_epoch_500,ema,True,0.001,0.01,1e-05,0.0005,window_return,raw,relative_return,Close[t+h] / Close[t] - 1,MSE and MAE over all saved rolling-step/horizon target values; project_within_trajectory_v1: sign of consecutive forecast-horizon differences equals sign of consecutive target differences; relative-return paths additionally include the known zero origin; cumulative/excess log-return targets compare the binary indicators (forecast > 0) and (target > 0) at each horizon,2025-04-01T00:00:00,2025-12-31T00:00:00,0d46cbde6d60987bd23b,7a9288fa8ec9d59a,7a9288fa8ec9d59a,20260828_091753,61fdd15a28add76845ee8db84408d34295037179,results/normalization_pilot_window_return/random/AAPL/seed_48/last_model_comparison_20260828_091753.csv,results/normalization_pilot_window_return/random/AAPL/seed_48/last_baseline_scores_after_observation_20260828_091753.csv
AAPL,48,Drift,random,test,0.0012747009444681228,0.02219199894186056,0.5052631578947369,5,./logs/output_model/AAPL/lr_1e-05_ema_momentum_0.998_mask_ratio_0.7_ratio_patches_10_encoder_256_2_1_predictor_128_2_1_dual_jepa_mae_ljepa_1.0_lmae_0.5_cfg_3e384558f9d5_epoch_500.pt,fixed_pretraining_epoch_500,ema,True,0.001,0.01,1e-05,0.0005,window_return,raw,relative_return,Close[t+h] / Close[t] - 1,MSE and MAE over all saved rolling-step/horizon target values; project_within_trajectory_v1: sign of consecutive forecast-horizon differences equals sign of consecutive target differences; relative-return paths additionally include the known zero origin; cumulative/excess log-return targets compare the binary indicators (forecast > 0) and (target > 0) at each horizon,2025-04-01T00:00:00,2025-12-31T00:00:00,0d46cbde6d60987bd23b,7a9288fa8ec9d59a,7a9288fa8ec9d59a,20260828_091753,61fdd15a28add76845ee8db84408d34295037179,results/normalization_pilot_window_return/random/AAPL/seed_48/last_model_comparison_20260828_091753.csv,results/normalization_pilot_window_return/random/AAPL/seed_48/last_baseline_scores_after_observation_20260828_091753.csv
AAPL,48,Mean-context,random,test,0.001263728225575065,0.02236560787791137,0.5052631578947369,5,./logs/output_model/AAPL/lr_1e-05_ema_momentum_0.998_mask_ratio_0.7_ratio_patches_10_encoder_256_2_1_predictor_128_2_1_dual_jepa_mae_ljepa_1.0_lmae_0.5_cfg_3e384558f9d5_epoch_500.pt,fixed_pretraining_epoch_500,ema,True,0.001,0.01,1e-05,0.0005,window_return,raw,relative_return,Close[t+h] / Close[t] - 1,MSE and MAE over all saved rolling-step/horizon target values; project_within_trajectory_v1: sign of consecutive forecast-horizon differences equals sign of consecutive target differences; relative-return paths additionally include the known zero origin; cumulative/excess log-return targets compare the binary indicators (forecast > 0) and (target > 0) at each horizon,2025-04-01T00:00:00,2025-12-31T00:00:00,0d46cbde6d60987bd23b,7a9288fa8ec9d59a,7a9288fa8ec9d59a,20260828_091753,61fdd15a28add76845ee8db84408d34295037179,results/normalization_pilot_window_return/random/AAPL/seed_48/last_model_comparison_20260828_091753.csv,results/normalization_pilot_window_return/random/AAPL/seed_48/last_baseline_scores_after_observation_20260828_091753.csv
AAPL,50,Shared-target JEPA--MAE,random,test,0.0013412684263174233,0.023917966756332423,0.4842105263157895,5,./logs/output_model/AAPL/lr_1e-05_ema_momentum_0.998_mask_ratio_0.7_ratio_patches_10_encoder_256_2_1_predictor_128_2_1_dual_jepa_mae_ljepa_1.0_lmae_0.5_cfg_6ae168504261_epoch_500.pt,fixed_pretraining_epoch_500,ema,True,0.001,0.01,1e-05,0.0005,window_return,raw,relative_return,Close[t+h] / Close[t] - 1,MSE and MAE over all saved rolling-step/horizon target values; project_within_trajectory_v1: sign of consecutive forecast-horizon differences equals sign of consecutive target differences; relative-return paths additionally include the known zero origin; cumulative/excess log-return targets compare the binary indicators (forecast > 0) and (target > 0) at each horizon,2025-04-01T00:00:00,2025-12-31T00:00:00,0d46cbde6d60987bd23b,7a9288fa8ec9d59a,7a9288fa8ec9d59a,20260828_091811,61fdd15a28add76845ee8db84408d34295037179,results/normalization_pilot_window_return/random/AAPL/seed_50/last_model_comparison_20260828_091811.csv,results/normalization_pilot_window_return/random/AAPL/seed_50/last_scores_after_observation_20260828_091811.csv
AAPL,50,GRU,random,test,0.0012302079350603905,0.022246655096348926,0.4789473684210526,5,./logs/output_model/AAPL/lr_1e-05_ema_momentum_0.998_mask_ratio_0.7_ratio_patches_10_encoder_256_2_1_predictor_128_2_1_dual_jepa_mae_ljepa_1.0_lmae_0.5_cfg_6ae168504261_epoch_500.pt,fixed_pretraining_epoch_500,ema,True,0.001,0.01,1e-05,0.0005,window_return,raw,relative_return,Close[t+h] / Close[t] - 1,MSE and MAE over all saved rolling-step/horizon target values; project_within_trajectory_v1: sign of consecutive forecast-horizon differences equals sign of consecutive target differences; relative-return paths additionally include the known zero origin; cumulative/excess log-return targets compare the binary indicators (forecast > 0) and (target > 0) at each horizon,2025-04-01T00:00:00,2025-12-31T00:00:00,0d46cbde6d60987bd23b,7a9288fa8ec9d59a,7a9288fa8ec9d59a,20260828_091811,61fdd15a28add76845ee8db84408d34295037179,results/normalization_pilot_window_return/random/AAPL/seed_50/last_model_comparison_20260828_091811.csv,results/normalization_pilot_window_return/random/AAPL/seed_50/last_gru_scores_after_observation_20260828_091811.csv
AAPL,50,Naive-last,random,test,0.0011798756895860015,0.021244387563906172,0.0,5,./logs/output_model/AAPL/lr_1e-05_ema_momentum_0.998_mask_ratio_0.7_ratio_patches_10_encoder_256_2_1_predictor_128_2_1_dual_jepa_mae_ljepa_1.0_lmae_0.5_cfg_6ae168504261_epoch_500.pt,fixed_pretraining_epoch_500,ema,True,0.001,0.01,1e-05,0.0005,window_return,raw,relative_return,Close[t+h] / Close[t] - 1,MSE and MAE over all saved rolling-step/horizon target values; project_within_trajectory_v1: sign of consecutive forecast-horizon differences equals sign of consecutive target differences; relative-return paths additionally include the known zero origin; cumulative/excess log-return targets compare the binary indicators (forecast > 0) and (target > 0) at each horizon,2025-04-01T00:00:00,2025-12-31T00:00:00,0d46cbde6d60987bd23b,7a9288fa8ec9d59a,7a9288fa8ec9d59a,20260828_091811,61fdd15a28add76845ee8db84408d34295037179,results/normalization_pilot_window_return/random/AAPL/seed_50/last_model_comparison_20260828_091811.csv,results/normalization_pilot_window_return/random/AAPL/seed_50/last_baseline_scores_after_observation_20260828_091811.csv
AAPL,50,Drift,random,test,0.0012747009444681228,0.02219199894186056,0.5052631578947369,5,./logs/output_model/AAPL/lr_1e-05_ema_momentum_0.998_mask_ratio_0.7_ratio_patches_10_encoder_256_2_1_predictor_128_2_1_dual_jepa_mae_ljepa_1.0_lmae_0.5_cfg_6ae168504261_epoch_500.pt,fixed_pretraining_epoch_500,ema,True,0.001,0.01,1e-05,0.0005,window_return,raw,relative_return,Close[t+h] / Close[t] - 1,MSE and MAE over all saved rolling-step/horizon target values; project_within_trajectory_v1: sign of consecutive forecast-horizon differences equals sign of consecutive target differences; relative-return paths additionally include the known zero origin; cumulative/excess log-return targets compare the binary indicators (forecast > 0) and (target > 0) at each horizon,2025-04-01T00:00:00,2025-12-31T00:00:00,0d46cbde6d60987bd23b,7a9288fa8ec9d59a,7a9288fa8ec9d59a,20260828_091811,61fdd15a28add76845ee8db84408d34295037179,results/normalization_pilot_window_return/random/AAPL/seed_50/last_model_comparison_20260828_091811.csv,results/normalization_pilot_window_return/random/AAPL/seed_50/last_baseline_scores_after_observation_20260828_091811.csv
AAPL,50,Mean-context,random,test,0.001263728225575065,0.02236560787791137,0.5052631578947369,5,./logs/output_model/AAPL/lr_1e-05_ema_momentum_0.998_mask_ratio_0.7_ratio_patches_10_encoder_256_2_1_predictor_128_2_1_dual_jepa_mae_ljepa_1.0_lmae_0.5_cfg_6ae168504261_epoch_500.pt,fixed_pretraining_epoch_500,ema,True,0.001,0.01,1e-05,0.0005,window_return,raw,relative_return,Close[t+h] / Close[t] - 1,MSE and MAE over all saved rolling-step/horizon target values; project_within_trajectory_v1: sign of consecutive forecast-horizon differences equals sign of consecutive target differences; relative-return paths additionally include the known zero origin; cumulative/excess log-return targets compare the binary indicators (forecast > 0) and (target > 0) at each horizon,2025-04-01T00:00:00,2025-12-31T00:00:00,0d46cbde6d60987bd23b,7a9288fa8ec9d59a,7a9288fa8ec9d59a,20260828_091811,61fdd15a28add76845ee8db84408d34295037179,results/normalization_pilot_window_return/random/AAPL/seed_50/last_model_comparison_20260828_091811.csv,results/normalization_pilot_window_return/random/AAPL/seed_50/last_baseline_scores_after_observation_20260828_091811.csv
AVGO,42,Shared-target JEPA--MAE,random,test,0.0030147908520770225,0.03900995620183251,0.5684210526315789,5,./logs/output_model/AVGO/lr_1e-05_ema_momentum_0.998_mask_ratio_0.7_ratio_patches_10_encoder_256_2_1_predictor_128_2_1_dual_jepa_mae_ljepa_1.0_lmae_0.5_cfg_306c84320657_epoch_500.pt,fixed_pretraining_epoch_500,ema,True,0.001,0.01,1e-05,0.0005,window_return,raw,relative_return,Close[t+h] / Close[t] - 1,MSE and MAE over all saved rolling-step/horizon target values; project_within_trajectory_v1: sign of consecutive forecast-horizon differences equals sign of consecutive target differences; relative-return paths additionally include the known zero origin; cumulative/excess log-return targets compare the binary indicators (forecast > 0) and (target > 0) at each horizon,2025-04-01T00:00:00,2025-12-31T00:00:00,d038c2ee55b1b38dfdd6,7a9288fa8ec9d59a,7a9288fa8ec9d59a,20260828_091830,61fdd15a28add76845ee8db84408d34295037179,results/normalization_pilot_window_return/random/AVGO/seed_42/last_model_comparison_20260828_091830.csv,results/normalization_pilot_window_return/random/AVGO/seed_42/last_scores_after_observation_20260828_091830.csv
AVGO,42,GRU,random,test,0.0026334309003537347,0.035666456475461746,0.5473684210526316,5,./logs/output_model/AVGO/lr_1e-05_ema_momentum_0.998_mask_ratio_0.7_ratio_patches_10_encoder_256_2_1_predictor_128_2_1_dual_jepa_mae_ljepa_1.0_lmae_0.5_cfg_306c84320657_epoch_500.pt,fixed_pretraining_epoch_500,ema,True,0.001,0.01,1e-05,0.0005,window_return,raw,relative_return,Close[t+h] / Close[t] - 1,MSE and MAE over all saved rolling-step/horizon target values; project_within_trajectory_v1: sign of consecutive forecast-horizon differences equals sign of consecutive target differences; relative-return paths additionally include the known zero origin; cumulative/excess log-return targets compare the binary indicators (forecast > 0) and (target > 0) at each horizon,2025-04-01T00:00:00,2025-12-31T00:00:00,d038c2ee55b1b38dfdd6,7a9288fa8ec9d59a,7a9288fa8ec9d59a,20260828_091830,61fdd15a28add76845ee8db84408d34295037179,results/normalization_pilot_window_return/random/AVGO/seed_42/last_model_comparison_20260828_091830.csv,results/normalization_pilot_window_return/random/AVGO/seed_42/last_gru_scores_after_observation_20260828_091830.csv
AVGO,42,Naive-last,random,test,0.002836211787960418,0.03605036139488216,0.0,5,./logs/output_model/AVGO/lr_1e-05_ema_momentum_0.998_mask_ratio_0.7_ratio_patches_10_encoder_256_2_1_predictor_128_2_1_dual_jepa_mae_ljepa_1.0_lmae_0.5_cfg_306c84320657_epoch_500.pt,fixed_pretraining_epoch_500,ema,True,0.001,0.01,1e-05,0.0005,window_return,raw,relative_return,Close[t+h] / Close[t] - 1,MSE and MAE over all saved rolling-step/horizon target values; project_within_trajectory_v1: sign of consecutive forecast-horizon differences equals sign of consecutive target differences; relative-return paths additionally include the known zero origin; cumulative/excess log-return targets compare the binary indicators (forecast > 0) and (target > 0) at each horizon,2025-04-01T00:00:00,2025-12-31T00:00:00,d038c2ee55b1b38dfdd6,7a9288fa8ec9d59a,7a9288fa8ec9d59a,20260828_091830,61fdd15a28add76845ee8db84408d34295037179,results/normalization_pilot_window_return/random/AVGO/seed_42/last_model_comparison_20260828_091830.csv,results/normalization_pilot_window_return/random/AVGO/seed_42/last_baseline_scores_after_observation_20260828_091830.csv
AVGO,42,Drift,random,test,0.0030857812923982837,0.03669529038467624,0.5368421052631579,5,./logs/output_model/AVGO/lr_1e-05_ema_momentum_0.998_mask_ratio_0.7_ratio_patches_10_encoder_256_2_1_predictor_128_2_1_dual_jepa_mae_ljepa_1.0_lmae_0.5_cfg_306c84320657_epoch_500.pt,fixed_pretraining_epoch_500,ema,True,0.001,0.01,1e-05,0.0005,window_return,raw,relative_return,Close[t+h] / Close[t] - 1,MSE and MAE over all saved rolling-step/horizon target values; project_within_trajectory_v1: sign of consecutive forecast-horizon differences equals sign of consecutive target differences; relative-return paths additionally include the known zero origin; cumulative/excess log-return targets compare the binary indicators (forecast > 0) and (target > 0) at each horizon,2025-04-01T00:00:00,2025-12-31T00:00:00,d038c2ee55b1b38dfdd6,7a9288fa8ec9d59a,7a9288fa8ec9d59a,20260828_091830,61fdd15a28add76845ee8db84408d34295037179,results/normalization_pilot_window_return/random/AVGO/seed_42/last_model_comparison_20260828_091830.csv,results/normalization_pilot_window_return/random/AVGO/seed_42/last_baseline_scores_after_observation_20260828_091830.csv
AVGO,42,Mean-context,random,test,0.003056635646622903,0.03716328597848153,0.5368421052631579,5,./logs/output_model/AVGO/lr_1e-05_ema_momentum_0.998_mask_ratio_0.7_ratio_patches_10_encoder_256_2_1_predictor_128_2_1_dual_jepa_mae_ljepa_1.0_lmae_0.5_cfg_306c84320657_epoch_500.pt,fixed_pretraining_epoch_500,ema,True,0.001,0.01,1e-05,0.0005,window_return,raw,relative_return,Close[t+h] / Close[t] - 1,MSE and MAE over all saved rolling-step/horizon target values; project_within_trajectory_v1: sign of consecutive forecast-horizon differences equals sign of consecutive target differences; relative-return paths additionally include the known zero origin; cumulative/excess log-return targets compare the binary indicators (forecast > 0) and (target > 0) at each horizon,2025-04-01T00:00:00,2025-12-31T00:00:00,d038c2ee55b1b38dfdd6,7a9288fa8ec9d59a,7a9288fa8ec9d59a,20260828_091830,61fdd15a28add76845ee8db84408d34295037179,results/normalization_pilot_window_return/random/AVGO/seed_42/last_model_comparison_20260828_091830.csv,results/normalization_pilot_window_return/random/AVGO/seed_42/last_baseline_scores_after_observation_20260828_091830.csv
AVGO,44,Shared-target JEPA--MAE,random,test,0.0034044292950883423,0.04261765802573213,0.5,5,./logs/output_model/AVGO/lr_1e-05_ema_momentum_0.998_mask_ratio_0.7_ratio_patches_10_encoder_256_2_1_predictor_128_2_1_dual_jepa_mae_ljepa_1.0_lmae_0.5_cfg_426c20ae6884_epoch_500.pt,fixed_pretraining_epoch_500,ema,True,0.001,0.01,1e-05,0.0005,window_return,raw,relative_return,Close[t+h] / Close[t] - 1,MSE and MAE over all saved rolling-step/horizon target values; project_within_trajectory_v1: sign of consecutive forecast-horizon differences equals sign of consecutive target differences; relative-return paths additionally include the known zero origin; cumulative/excess log-return targets compare the binary indicators (forecast > 0) and (target > 0) at each horizon,2025-04-01T00:00:00,2025-12-31T00:00:00,d038c2ee55b1b38dfdd6,7a9288fa8ec9d59a,7a9288fa8ec9d59a,20260828_091848,61fdd15a28add76845ee8db84408d34295037179,results/normalization_pilot_window_return/random/AVGO/seed_44/last_model_comparison_20260828_091848.csv,results/normalization_pilot_window_return/random/AVGO/seed_44/last_scores_after_observation_20260828_091848.csv
AVGO,44,GRU,random,test,0.0026921674395761156,0.03608572627172654,0.531578947368421,5,./logs/output_model/AVGO/lr_1e-05_ema_momentum_0.998_mask_ratio_0.7_ratio_patches_10_encoder_256_2_1_predictor_128_2_1_dual_jepa_mae_ljepa_1.0_lmae_0.5_cfg_426c20ae6884_epoch_500.pt,fixed_pretraining_epoch_500,ema,True,0.001,0.01,1e-05,0.0005,window_return,raw,relative_return,Close[t+h] / Close[t] - 1,MSE and MAE over all saved rolling-step/horizon target values; project_within_trajectory_v1: sign of consecutive forecast-horizon differences equals sign of consecutive target differences; relative-return paths additionally include the known zero origin; cumulative/excess log-return targets compare the binary indicators (forecast > 0) and (target > 0) at each horizon,2025-04-01T00:00:00,2025-12-31T00:00:00,d038c2ee55b1b38dfdd6,7a9288fa8ec9d59a,7a9288fa8ec9d59a,20260828_091848,61fdd15a28add76845ee8db84408d34295037179,results/normalization_pilot_window_return/random/AVGO/seed_44/last_model_comparison_20260828_091848.csv,results/normalization_pilot_window_return/random/AVGO/seed_44/last_gru_scores_after_observation_20260828_091848.csv
AVGO,44,Naive-last,random,test,0.002836211787960418,0.03605036139488216,0.0,5,./logs/output_model/AVGO/lr_1e-05_ema_momentum_0.998_mask_ratio_0.7_ratio_patches_10_encoder_256_2_1_predictor_128_2_1_dual_jepa_mae_ljepa_1.0_lmae_0.5_cfg_426c20ae6884_epoch_500.pt,fixed_pretraining_epoch_500,ema,True,0.001,0.01,1e-05,0.0005,window_return,raw,relative_return,Close[t+h] / Close[t] - 1,MSE and MAE over all saved rolling-step/horizon target values; project_within_trajectory_v1: sign of consecutive forecast-horizon differences equals sign of consecutive target differences; relative-return paths additionally include the known zero origin; cumulative/excess log-return targets compare the binary indicators (forecast > 0) and (target > 0) at each horizon,2025-04-01T00:00:00,2025-12-31T00:00:00,d038c2ee55b1b38dfdd6,7a9288fa8ec9d59a,7a9288fa8ec9d59a,20260828_091848,61fdd15a28add76845ee8db84408d34295037179,results/normalization_pilot_window_return/random/AVGO/seed_44/last_model_comparison_20260828_091848.csv,results/normalization_pilot_window_return/random/AVGO/seed_44/last_baseline_scores_after_observation_20260828_091848.csv
AVGO,44,Drift,random,test,0.0030857812923982837,0.03669529038467624,0.5368421052631579,5,./logs/output_model/AVGO/lr_1e-05_ema_momentum_0.998_mask_ratio_0.7_ratio_patches_10_encoder_256_2_1_predictor_128_2_1_dual_jepa_mae_ljepa_1.0_lmae_0.5_cfg_426c20ae6884_epoch_500.pt,fixed_pretraining_epoch_500,ema,True,0.001,0.01,1e-05,0.0005,window_return,raw,relative_return,Close[t+h] / Close[t] - 1,MSE and MAE over all saved rolling-step/horizon target values; project_within_trajectory_v1: sign of consecutive forecast-horizon differences equals sign of consecutive target differences; relative-return paths additionally include the known zero origin; cumulative/excess log-return targets compare the binary indicators (forecast > 0) and (target > 0) at each horizon,2025-04-01T00:00:00,2025-12-31T00:00:00,d038c2ee55b1b38dfdd6,7a9288fa8ec9d59a,7a9288fa8ec9d59a,20260828_091848,61fdd15a28add76845ee8db84408d34295037179,results/normalization_pilot_window_return/random/AVGO/seed_44/last_model_comparison_20260828_091848.csv,results/normalization_pilot_window_return/random/AVGO/seed_44/last_baseline_scores_after_observation_20260828_091848.csv
AVGO,44,Mean-context,random,test,0.003056635646622903,0.03716328597848153,0.5368421052631579,5,./logs/output_model/AVGO/lr_1e-05_ema_momentum_0.998_mask_ratio_0.7_ratio_patches_10_encoder_256_2_1_predictor_128_2_1_dual_jepa_mae_ljepa_1.0_lmae_0.5_cfg_426c20ae6884_epoch_500.pt,fixed_pretraining_epoch_500,ema,True,0.001,0.01,1e-05,0.0005,window_return,raw,relative_return,Close[t+h] / Close[t] - 1,MSE and MAE over all saved rolling-step/horizon target values; project_within_trajectory_v1: sign of consecutive forecast-horizon differences equals sign of consecutive target differences; relative-return paths additionally include the known zero origin; cumulative/excess log-return targets compare the binary indicators (forecast > 0) and (target > 0) at each horizon,2025-04-01T00:00:00,2025-12-31T00:00:00,d038c2ee55b1b38dfdd6,7a9288fa8ec9d59a,7a9288fa8ec9d59a,20260828_091848,61fdd15a28add76845ee8db84408d34295037179,results/normalization_pilot_window_return/random/AVGO/seed_44/last_model_comparison_20260828_091848.csv,results/normalization_pilot_window_return/random/AVGO/seed_44/last_baseline_scores_after_observation_20260828_091848.csv
AVGO,46,Shared-target JEPA--MAE,random,test,0.0030702629254677435,0.041053973823344594,0.5684210526315789,5,./logs/output_model/AVGO/lr_1e-05_ema_momentum_0.998_mask_ratio_0.7_ratio_patches_10_encoder_256_2_1_predictor_128_2_1_dual_jepa_mae_ljepa_1.0_lmae_0.5_cfg_3b10b0c7e918_epoch_500.pt,fixed_pretraining_epoch_500,ema,True,0.001,0.01,1e-05,0.0005,window_return,raw,relative_return,Close[t+h] / Close[t] - 1,MSE and MAE over all saved rolling-step/horizon target values; project_within_trajectory_v1: sign of consecutive forecast-horizon differences equals sign of consecutive target differences; relative-return paths additionally include the known zero origin; cumulative/excess log-return targets compare the binary indicators (forecast > 0) and (target > 0) at each horizon,2025-04-01T00:00:00,2025-12-31T00:00:00,d038c2ee55b1b38dfdd6,7a9288fa8ec9d59a,7a9288fa8ec9d59a,20260828_091906,61fdd15a28add76845ee8db84408d34295037179,results/normalization_pilot_window_return/random/AVGO/seed_46/last_model_comparison_20260828_091906.csv,results/normalization_pilot_window_return/random/AVGO/seed_46/last_scores_after_observation_20260828_091906.csv
AVGO,46,GRU,random,test,0.002663322012615924,0.036000698598984006,0.5,5,./logs/output_model/AVGO/lr_1e-05_ema_momentum_0.998_mask_ratio_0.7_ratio_patches_10_encoder_256_2_1_predictor_128_2_1_dual_jepa_mae_ljepa_1.0_lmae_0.5_cfg_3b10b0c7e918_epoch_500.pt,fixed_pretraining_epoch_500,ema,True,0.001,0.01,1e-05,0.0005,window_return,raw,relative_return,Close[t+h] / Close[t] - 1,MSE and MAE over all saved rolling-step/horizon target values; project_within_trajectory_v1: sign of consecutive forecast-horizon differences equals sign of consecutive target differences; relative-return paths additionally include the known zero origin; cumulative/excess log-return targets compare the binary indicators (forecast > 0) and (target > 0) at each horizon,2025-04-01T00:00:00,2025-12-31T00:00:00,d038c2ee55b1b38dfdd6,7a9288fa8ec9d59a,7a9288fa8ec9d59a,20260828_091906,61fdd15a28add76845ee8db84408d34295037179,results/normalization_pilot_window_return/random/AVGO/seed_46/last_model_comparison_20260828_091906.csv,results/normalization_pilot_window_return/random/AVGO/seed_46/last_gru_scores_after_observation_20260828_091906.csv
AVGO,46,Naive-last,random,test,0.002836211787960418,0.03605036139488216,0.0,5,./logs/output_model/AVGO/lr_1e-05_ema_momentum_0.998_mask_ratio_0.7_ratio_patches_10_encoder_256_2_1_predictor_128_2_1_dual_jepa_mae_ljepa_1.0_lmae_0.5_cfg_3b10b0c7e918_epoch_500.pt,fixed_pretraining_epoch_500,ema,True,0.001,0.01,1e-05,0.0005,window_return,raw,relative_return,Close[t+h] / Close[t] - 1,MSE and MAE over all saved rolling-step/horizon target values; project_within_trajectory_v1: sign of consecutive forecast-horizon differences equals sign of consecutive target differences; relative-return paths additionally include the known zero origin; cumulative/excess log-return targets compare the binary indicators (forecast > 0) and (target > 0) at each horizon,2025-04-01T00:00:00,2025-12-31T00:00:00,d038c2ee55b1b38dfdd6,7a9288fa8ec9d59a,7a9288fa8ec9d59a,20260828_091906,61fdd15a28add76845ee8db84408d34295037179,results/normalization_pilot_window_return/random/AVGO/seed_46/last_model_comparison_20260828_091906.csv,results/normalization_pilot_window_return/random/AVGO/seed_46/last_baseline_scores_after_observation_20260828_091906.csv
AVGO,46,Drift,random,test,0.0030857812923982837,0.03669529038467624,0.5368421052631579,5,./logs/output_model/AVGO/lr_1e-05_ema_momentum_0.998_mask_ratio_0.7_ratio_patches_10_encoder_256_2_1_predictor_128_2_1_dual_jepa_mae_ljepa_1.0_lmae_0.5_cfg_3b10b0c7e918_epoch_500.pt,fixed_pretraining_epoch_500,ema,True,0.001,0.01,1e-05,0.0005,window_return,raw,relative_return,Close[t+h] / Close[t] - 1,MSE and MAE over all saved rolling-step/horizon target values; project_within_trajectory_v1: sign of consecutive forecast-horizon differences equals sign of consecutive target differences; relative-return paths additionally include the known zero origin; cumulative/excess log-return targets compare the binary indicators (forecast > 0) and (target > 0) at each horizon,2025-04-01T00:00:00,2025-12-31T00:00:00,d038c2ee55b1b38dfdd6,7a9288fa8ec9d59a,7a9288fa8ec9d59a,20260828_091906,61fdd15a28add76845ee8db84408d34295037179,results/normalization_pilot_window_return/random/AVGO/seed_46/last_model_comparison_20260828_091906.csv,results/normalization_pilot_window_return/random/AVGO/seed_46/last_baseline_scores_after_observation_20260828_091906.csv
AVGO,46,Mean-context,random,test,0.003056635646622903,0.03716328597848153,0.5368421052631579,5,./logs/output_model/AVGO/lr_1e-05_ema_momentum_0.998_mask_ratio_0.7_ratio_patches_10_encoder_256_2_1_predictor_128_2_1_dual_jepa_mae_ljepa_1.0_lmae_0.5_cfg_3b10b0c7e918_epoch_500.pt,fixed_pretraining_epoch_500,ema,True,0.001,0.01,1e-05,0.0005,window_return,raw,relative_return,Close[t+h] / Close[t] - 1,MSE and MAE over all saved rolling-step/horizon target values; project_within_trajectory_v1: sign of consecutive forecast-horizon differences equals sign of consecutive target differences; relative-return paths additionally include the known zero origin; cumulative/excess log-return targets compare the binary indicators (forecast > 0) and (target > 0) at each horizon,2025-04-01T00:00:00,2025-12-31T00:00:00,d038c2ee55b1b38dfdd6,7a9288fa8ec9d59a,7a9288fa8ec9d59a,20260828_091906,61fdd15a28add76845ee8db84408d34295037179,results/normalization_pilot_window_return/random/AVGO/seed_46/last_model_comparison_20260828_091906.csv,results/normalization_pilot_window_return/random/AVGO/seed_46/last_baseline_scores_after_observation_20260828_091906.csv
AVGO,48,Shared-target JEPA--MAE,random,test,0.004161734194603364,0.04992748445243032,0.5789473684210527,5,./logs/output_model/AVGO/lr_1e-05_ema_momentum_0.998_mask_ratio_0.7_ratio_patches_10_encoder_256_2_1_predictor_128_2_1_dual_jepa_mae_ljepa_1.0_lmae_0.5_cfg_3e384558f9d5_epoch_500.pt,fixed_pretraining_epoch_500,ema,True,0.001,0.01,1e-05,0.0005,window_return,raw,relative_return,Close[t+h] / Close[t] - 1,MSE and MAE over all saved rolling-step/horizon target values; project_within_trajectory_v1: sign of consecutive forecast-horizon differences equals sign of consecutive target differences; relative-return paths additionally include the known zero origin; cumulative/excess log-return targets compare the binary indicators (forecast > 0) and (target > 0) at each horizon,2025-04-01T00:00:00,2025-12-31T00:00:00,d038c2ee55b1b38dfdd6,7a9288fa8ec9d59a,7a9288fa8ec9d59a,20260828_091924,61fdd15a28add76845ee8db84408d34295037179,results/normalization_pilot_window_return/random/AVGO/seed_48/last_model_comparison_20260828_091924.csv,results/normalization_pilot_window_return/random/AVGO/seed_48/last_scores_after_observation_20260828_091924.csv
AVGO,48,GRU,random,test,0.0026670481756071833,0.03594125503134959,0.5157894736842106,5,./logs/output_model/AVGO/lr_1e-05_ema_momentum_0.998_mask_ratio_0.7_ratio_patches_10_encoder_256_2_1_predictor_128_2_1_dual_jepa_mae_ljepa_1.0_lmae_0.5_cfg_3e384558f9d5_epoch_500.pt,fixed_pretraining_epoch_500,ema,True,0.001,0.01,1e-05,0.0005,window_return,raw,relative_return,Close[t+h] / Close[t] - 1,MSE and MAE over all saved rolling-step/horizon target values; project_within_trajectory_v1: sign of consecutive forecast-horizon differences equals sign of consecutive target differences; relative-return paths additionally include the known zero origin; cumulative/excess log-return targets compare the binary indicators (forecast > 0) and (target > 0) at each horizon,2025-04-01T00:00:00,2025-12-31T00:00:00,d038c2ee55b1b38dfdd6,7a9288fa8ec9d59a,7a9288fa8ec9d59a,20260828_091924,61fdd15a28add76845ee8db84408d34295037179,results/normalization_pilot_window_return/random/AVGO/seed_48/last_model_comparison_20260828_091924.csv,results/normalization_pilot_window_return/random/AVGO/seed_48/last_gru_scores_after_observation_20260828_091924.csv
AVGO,48,Naive-last,random,test,0.002836211787960418,0.03605036139488216,0.0,5,./logs/output_model/AVGO/lr_1e-05_ema_momentum_0.998_mask_ratio_0.7_ratio_patches_10_encoder_256_2_1_predictor_128_2_1_dual_jepa_mae_ljepa_1.0_lmae_0.5_cfg_3e384558f9d5_epoch_500.pt,fixed_pretraining_epoch_500,ema,True,0.001,0.01,1e-05,0.0005,window_return,raw,relative_return,Close[t+h] / Close[t] - 1,MSE and MAE over all saved rolling-step/horizon target values; project_within_trajectory_v1: sign of consecutive forecast-horizon differences equals sign of consecutive target differences; relative-return paths additionally include the known zero origin; cumulative/excess log-return targets compare the binary indicators (forecast > 0) and (target > 0) at each horizon,2025-04-01T00:00:00,2025-12-31T00:00:00,d038c2ee55b1b38dfdd6,7a9288fa8ec9d59a,7a9288fa8ec9d59a,20260828_091924,61fdd15a28add76845ee8db84408d34295037179,results/normalization_pilot_window_return/random/AVGO/seed_48/last_model_comparison_20260828_091924.csv,results/normalization_pilot_window_return/random/AVGO/seed_48/last_baseline_scores_after_observation_20260828_091924.csv
AVGO,48,Drift,random,test,0.0030857812923982837,0.03669529038467624,0.5368421052631579,5,./logs/output_model/AVGO/lr_1e-05_ema_momentum_0.998_mask_ratio_0.7_ratio_patches_10_encoder_256_2_1_predictor_128_2_1_dual_jepa_mae_ljepa_1.0_lmae_0.5_cfg_3e384558f9d5_epoch_500.pt,fixed_pretraining_epoch_500,ema,True,0.001,0.01,1e-05,0.0005,window_return,raw,relative_return,Close[t+h] / Close[t] - 1,MSE and MAE over all saved rolling-step/horizon target values; project_within_trajectory_v1: sign of consecutive forecast-horizon differences equals sign of consecutive target differences; relative-return paths additionally include the known zero origin; cumulative/excess log-return targets compare the binary indicators (forecast > 0) and (target > 0) at each horizon,2025-04-01T00:00:00,2025-12-31T00:00:00,d038c2ee55b1b38dfdd6,7a9288fa8ec9d59a,7a9288fa8ec9d59a,20260828_091924,61fdd15a28add76845ee8db84408d34295037179,results/normalization_pilot_window_return/random/AVGO/seed_48/last_model_comparison_20260828_091924.csv,results/normalization_pilot_window_return/random/AVGO/seed_48/last_baseline_scores_after_observation_20260828_091924.csv
AVGO,48,Mean-context,random,test,0.003056635646622903,0.03716328597848153,0.5368421052631579,5,./logs/output_model/AVGO/lr_1e-05_ema_momentum_0.998_mask_ratio_0.7_ratio_patches_10_encoder_256_2_1_predictor_128_2_1_dual_jepa_mae_ljepa_1.0_lmae_0.5_cfg_3e384558f9d5_epoch_500.pt,fixed_pretraining_epoch_500,ema,True,0.001,0.01,1e-05,0.0005,window_return,raw,relative_return,Close[t+h] / Close[t] - 1,MSE and MAE over all saved rolling-step/horizon target values; project_within_trajectory_v1: sign of consecutive forecast-horizon differences equals sign of consecutive target differences; relative-return paths additionally include the known zero origin; cumulative/excess log-return targets compare the binary indicators (forecast > 0) and (target > 0) at each horizon,2025-04-01T00:00:00,2025-12-31T00:00:00,d038c2ee55b1b38dfdd6,7a9288fa8ec9d59a,7a9288fa8ec9d59a,20260828_091924,61fdd15a28add76845ee8db84408d34295037179,results/normalization_pilot_window_return/random/AVGO/seed_48/last_model_comparison_20260828_091924.csv,results/normalization_pilot_window_return/random/AVGO/seed_48/last_baseline_scores_after_observation_20260828_091924.csv
AVGO,50,Shared-target JEPA--MAE,random,test,0.004046034702449894,0.044155418191497216,0.531578947368421,5,./logs/output_model/AVGO/lr_1e-05_ema_momentum_0.998_mask_ratio_0.7_ratio_patches_10_encoder_256_2_1_predictor_128_2_1_dual_jepa_mae_ljepa_1.0_lmae_0.5_cfg_6ae168504261_epoch_500.pt,fixed_pretraining_epoch_500,ema,True,0.001,0.01,1e-05,0.0005,window_return,raw,relative_return,Close[t+h] / Close[t] - 1,MSE and MAE over all saved rolling-step/horizon target values; project_within_trajectory_v1: sign of consecutive forecast-horizon differences equals sign of consecutive target differences; relative-return paths additionally include the known zero origin; cumulative/excess log-return targets compare the binary indicators (forecast > 0) and (target > 0) at each horizon,2025-04-01T00:00:00,2025-12-31T00:00:00,d038c2ee55b1b38dfdd6,7a9288fa8ec9d59a,7a9288fa8ec9d59a,20260828_091943,61fdd15a28add76845ee8db84408d34295037179,results/normalization_pilot_window_return/random/AVGO/seed_50/last_model_comparison_20260828_091943.csv,results/normalization_pilot_window_return/random/AVGO/seed_50/last_scores_after_observation_20260828_091943.csv
AVGO,50,GRU,random,test,0.002643910210723269,0.035685040919404235,0.5631578947368421,5,./logs/output_model/AVGO/lr_1e-05_ema_momentum_0.998_mask_ratio_0.7_ratio_patches_10_encoder_256_2_1_predictor_128_2_1_dual_jepa_mae_ljepa_1.0_lmae_0.5_cfg_6ae168504261_epoch_500.pt,fixed_pretraining_epoch_500,ema,True,0.001,0.01,1e-05,0.0005,window_return,raw,relative_return,Close[t+h] / Close[t] - 1,MSE and MAE over all saved rolling-step/horizon target values; project_within_trajectory_v1: sign of consecutive forecast-horizon differences equals sign of consecutive target differences; relative-return paths additionally include the known zero origin; cumulative/excess log-return targets compare the binary indicators (forecast > 0) and (target > 0) at each horizon,2025-04-01T00:00:00,2025-12-31T00:00:00,d038c2ee55b1b38dfdd6,7a9288fa8ec9d59a,7a9288fa8ec9d59a,20260828_091943,61fdd15a28add76845ee8db84408d34295037179,results/normalization_pilot_window_return/random/AVGO/seed_50/last_model_comparison_20260828_091943.csv,results/normalization_pilot_window_return/random/AVGO/seed_50/last_gru_scores_after_observation_20260828_091943.csv
AVGO,50,Naive-last,random,test,0.002836211787960418,0.03605036139488216,0.0,5,./logs/output_model/AVGO/lr_1e-05_ema_momentum_0.998_mask_ratio_0.7_ratio_patches_10_encoder_256_2_1_predictor_128_2_1_dual_jepa_mae_ljepa_1.0_lmae_0.5_cfg_6ae168504261_epoch_500.pt,fixed_pretraining_epoch_500,ema,True,0.001,0.01,1e-05,0.0005,window_return,raw,relative_return,Close[t+h] / Close[t] - 1,MSE and MAE over all saved rolling-step/horizon target values; project_within_trajectory_v1: sign of consecutive forecast-horizon differences equals sign of consecutive target differences; relative-return paths additionally include the known zero origin; cumulative/excess log-return targets compare the binary indicators (forecast > 0) and (target > 0) at each horizon,2025-04-01T00:00:00,2025-12-31T00:00:00,d038c2ee55b1b38dfdd6,7a9288fa8ec9d59a,7a9288fa8ec9d59a,20260828_091943,61fdd15a28add76845ee8db84408d34295037179,results/normalization_pilot_window_return/random/AVGO/seed_50/last_model_comparison_20260828_091943.csv,results/normalization_pilot_window_return/random/AVGO/seed_50/last_baseline_scores_after_observation_20260828_091943.csv
AVGO,50,Drift,random,test,0.0030857812923982837,0.03669529038467624,0.5368421052631579,5,./logs/output_model/AVGO/lr_1e-05_ema_momentum_0.998_mask_ratio_0.7_ratio_patches_10_encoder_256_2_1_predictor_128_2_1_dual_jepa_mae_ljepa_1.0_lmae_0.5_cfg_6ae168504261_epoch_500.pt,fixed_pretraining_epoch_500,ema,True,0.001,0.01,1e-05,0.0005,window_return,raw,relative_return,Close[t+h] / Close[t] - 1,MSE and MAE over all saved rolling-step/horizon target values; project_within_trajectory_v1: sign of consecutive forecast-horizon differences equals sign of consecutive target differences; relative-return paths additionally include the known zero origin; cumulative/excess log-return targets compare the binary indicators (forecast > 0) and (target > 0) at each horizon,2025-04-01T00:00:00,2025-12-31T00:00:00,d038c2ee55b1b38dfdd6,7a9288fa8ec9d59a,7a9288fa8ec9d59a,20260828_091943,61fdd15a28add76845ee8db84408d34295037179,results/normalization_pilot_window_return/random/AVGO/seed_50/last_model_comparison_20260828_091943.csv,results/normalization_pilot_window_return/random/AVGO/seed_50/last_baseline_scores_after_observation_20260828_091943.csv
AVGO,50,Mean-context,random,test,0.003056635646622903,0.03716328597848153,0.5368421052631579,5,./logs/output_model/AVGO/lr_1e-05_ema_momentum_0.998_mask_ratio_0.7_ratio_patches_10_encoder_256_2_1_predictor_128_2_1_dual_jepa_mae_ljepa_1.0_lmae_0.5_cfg_6ae168504261_epoch_500.pt,fixed_pretraining_epoch_500,ema,True,0.001,0.01,1e-05,0.0005,window_return,raw,relative_return,Close[t+h] / Close[t] - 1,MSE and MAE over all saved rolling-step/horizon target values; project_within_trajectory_v1: sign of consecutive forecast-horizon differences equals sign of consecutive target differences; relative-return paths additionally include the known zero origin; cumulative/excess log-return targets compare the binary indicators (forecast > 0) and (target > 0) at each horizon,2025-04-01T00:00:00,2025-12-31T00:00:00,d038c2ee55b1b38dfdd6,7a9288fa8ec9d59a,7a9288fa8ec9d59a,20260828_091943,61fdd15a28add76845ee8db84408d34295037179,results/normalization_pilot_window_return/random/AVGO/seed_50/last_model_comparison_20260828_091943.csv,results/normalization_pilot_window_return/random/AVGO/seed_50/last_baseline_scores_after_observation_20260828_091943.csv
NVDA,42,Shared-target JEPA--MAE,random,test,0.00233202012606292,0.03720094482536962,0.6105263157894737,5,./logs/output_model/NVDA/lr_1e-05_ema_momentum_0.998_mask_ratio_0.7_ratio_patches_10_encoder_256_2_1_predictor_128_2_1_dual_jepa_mae_ljepa_1.0_lmae_0.5_cfg_306c84320657_epoch_500.pt,fixed_pretraining_epoch_500,ema,True,0.001,0.01,1e-05,0.0005,window_return,raw,relative_return,Close[t+h] / Close[t] - 1,MSE and MAE over all saved rolling-step/horizon target values; project_within_trajectory_v1: sign of consecutive forecast-horizon differences equals sign of consecutive target differences; relative-return paths additionally include the known zero origin; cumulative/excess log-return targets compare the binary indicators (forecast > 0) and (target > 0) at each horizon,2025-04-01T00:00:00,2025-12-31T00:00:00,65a2be9d33c30bbb95dd,7a9288fa8ec9d59a,7a9288fa8ec9d59a,20260828_091527,61fdd15a28add76845ee8db84408d34295037179,results/normalization_pilot_window_return/random/NVDA/seed_42/last_model_comparison_20260828_091527.csv,results/normalization_pilot_window_return/random/NVDA/seed_42/last_scores_after_observation_20260828_091527.csv
NVDA,42,GRU,random,test,0.0022946707144673828,0.035167656927124404,0.5368421052631579,5,./logs/output_model/NVDA/lr_1e-05_ema_momentum_0.998_mask_ratio_0.7_ratio_patches_10_encoder_256_2_1_predictor_128_2_1_dual_jepa_mae_ljepa_1.0_lmae_0.5_cfg_306c84320657_epoch_500.pt,fixed_pretraining_epoch_500,ema,True,0.001,0.01,1e-05,0.0005,window_return,raw,relative_return,Close[t+h] / Close[t] - 1,MSE and MAE over all saved rolling-step/horizon target values; project_within_trajectory_v1: sign of consecutive forecast-horizon differences equals sign of consecutive target differences; relative-return paths additionally include the known zero origin; cumulative/excess log-return targets compare the binary indicators (forecast > 0) and (target > 0) at each horizon,2025-04-01T00:00:00,2025-12-31T00:00:00,65a2be9d33c30bbb95dd,7a9288fa8ec9d59a,7a9288fa8ec9d59a,20260828_091527,61fdd15a28add76845ee8db84408d34295037179,results/normalization_pilot_window_return/random/NVDA/seed_42/last_model_comparison_20260828_091527.csv,results/normalization_pilot_window_return/random/NVDA/seed_42/last_gru_scores_after_observation_20260828_091527.csv
NVDA,42,Naive-last,random,test,0.0020790753562398285,0.033849857982836226,0.0,5,./logs/output_model/NVDA/lr_1e-05_ema_momentum_0.998_mask_ratio_0.7_ratio_patches_10_encoder_256_2_1_predictor_128_2_1_dual_jepa_mae_ljepa_1.0_lmae_0.5_cfg_306c84320657_epoch_500.pt,fixed_pretraining_epoch_500,ema,True,0.001,0.01,1e-05,0.0005,window_return,raw,relative_return,Close[t+h] / Close[t] - 1,MSE and MAE over all saved rolling-step/horizon target values; project_within_trajectory_v1: sign of consecutive forecast-horizon differences equals sign of consecutive target differences; relative-return paths additionally include the known zero origin; cumulative/excess log-return targets compare the binary indicators (forecast > 0) and (target > 0) at each horizon,2025-04-01T00:00:00,2025-12-31T00:00:00,65a2be9d33c30bbb95dd,7a9288fa8ec9d59a,7a9288fa8ec9d59a,20260828_091527,61fdd15a28add76845ee8db84408d34295037179,results/normalization_pilot_window_return/random/NVDA/seed_42/last_model_comparison_20260828_091527.csv,results/normalization_pilot_window_return/random/NVDA/seed_42/last_baseline_scores_after_observation_20260828_091527.csv
NVDA,42,Drift,random,test,0.0022182012412194844,0.0341106216471847,0.5052631578947369,5,./logs/output_model/NVDA/lr_1e-05_ema_momentum_0.998_mask_ratio_0.7_ratio_patches_10_encoder_256_2_1_predictor_128_2_1_dual_jepa_mae_ljepa_1.0_lmae_0.5_cfg_306c84320657_epoch_500.pt,fixed_pretraining_epoch_500,ema,True,0.001,0.01,1e-05,0.0005,window_return,raw,relative_return,Close[t+h] / Close[t] - 1,MSE and MAE over all saved rolling-step/horizon target values; project_within_trajectory_v1: sign of consecutive forecast-horizon differences equals sign of consecutive target differences; relative-return paths additionally include the known zero origin; cumulative/excess log-return targets compare the binary indicators (forecast > 0) and (target > 0) at each horizon,2025-04-01T00:00:00,2025-12-31T00:00:00,65a2be9d33c30bbb95dd,7a9288fa8ec9d59a,7a9288fa8ec9d59a,20260828_091527,61fdd15a28add76845ee8db84408d34295037179,results/normalization_pilot_window_return/random/NVDA/seed_42/last_model_comparison_20260828_091527.csv,results/normalization_pilot_window_return/random/NVDA/seed_42/last_baseline_scores_after_observation_20260828_091527.csv
NVDA,42,Mean-context,random,test,0.002183755134313742,0.034351809296410754,0.5210526315789473,5,./logs/output_model/NVDA/lr_1e-05_ema_momentum_0.998_mask_ratio_0.7_ratio_patches_10_encoder_256_2_1_predictor_128_2_1_dual_jepa_mae_ljepa_1.0_lmae_0.5_cfg_306c84320657_epoch_500.pt,fixed_pretraining_epoch_500,ema,True,0.001,0.01,1e-05,0.0005,window_return,raw,relative_return,Close[t+h] / Close[t] - 1,MSE and MAE over all saved rolling-step/horizon target values; project_within_trajectory_v1: sign of consecutive forecast-horizon differences equals sign of consecutive target differences; relative-return paths additionally include the known zero origin; cumulative/excess log-return targets compare the binary indicators (forecast > 0) and (target > 0) at each horizon,2025-04-01T00:00:00,2025-12-31T00:00:00,65a2be9d33c30bbb95dd,7a9288fa8ec9d59a,7a9288fa8ec9d59a,20260828_091527,61fdd15a28add76845ee8db84408d34295037179,results/normalization_pilot_window_return/random/NVDA/seed_42/last_model_comparison_20260828_091527.csv,results/normalization_pilot_window_return/random/NVDA/seed_42/last_baseline_scores_after_observation_20260828_091527.csv
NVDA,44,Shared-target JEPA--MAE,random,test,0.0022546371730357575,0.03546500170333797,0.5526315789473685,5,./logs/output_model/NVDA/lr_1e-05_ema_momentum_0.998_mask_ratio_0.7_ratio_patches_10_encoder_256_2_1_predictor_128_2_1_dual_jepa_mae_ljepa_1.0_lmae_0.5_cfg_426c20ae6884_epoch_500.pt,fixed_pretraining_epoch_500,ema,True,0.001,0.01,1e-05,0.0005,window_return,raw,relative_return,Close[t+h] / Close[t] - 1,MSE and MAE over all saved rolling-step/horizon target values; project_within_trajectory_v1: sign of consecutive forecast-horizon differences equals sign of consecutive target differences; relative-return paths additionally include the known zero origin; cumulative/excess log-return targets compare the binary indicators (forecast > 0) and (target > 0) at each horizon,2025-04-01T00:00:00,2025-12-31T00:00:00,65a2be9d33c30bbb95dd,7a9288fa8ec9d59a,7a9288fa8ec9d59a,20260828_091545,61fdd15a28add76845ee8db84408d34295037179,results/normalization_pilot_window_return/random/NVDA/seed_44/last_model_comparison_20260828_091545.csv,results/normalization_pilot_window_return/random/NVDA/seed_44/last_scores_after_observation_20260828_091545.csv
NVDA,44,GRU,random,test,0.0022404002334076747,0.034790618325534574,0.5421052631578948,5,./logs/output_model/NVDA/lr_1e-05_ema_momentum_0.998_mask_ratio_0.7_ratio_patches_10_encoder_256_2_1_predictor_128_2_1_dual_jepa_mae_ljepa_1.0_lmae_0.5_cfg_426c20ae6884_epoch_500.pt,fixed_pretraining_epoch_500,ema,True,0.001,0.01,1e-05,0.0005,window_return,raw,relative_return,Close[t+h] / Close[t] - 1,MSE and MAE over all saved rolling-step/horizon target values; project_within_trajectory_v1: sign of consecutive forecast-horizon differences equals sign of consecutive target differences; relative-return paths additionally include the known zero origin; cumulative/excess log-return targets compare the binary indicators (forecast > 0) and (target > 0) at each horizon,2025-04-01T00:00:00,2025-12-31T00:00:00,65a2be9d33c30bbb95dd,7a9288fa8ec9d59a,7a9288fa8ec9d59a,20260828_091545,61fdd15a28add76845ee8db84408d34295037179,results/normalization_pilot_window_return/random/NVDA/seed_44/last_model_comparison_20260828_091545.csv,results/normalization_pilot_window_return/random/NVDA/seed_44/last_gru_scores_after_observation_20260828_091545.csv
NVDA,44,Naive-last,random,test,0.0020790753562398285,0.033849857982836226,0.0,5,./logs/output_model/NVDA/lr_1e-05_ema_momentum_0.998_mask_ratio_0.7_ratio_patches_10_encoder_256_2_1_predictor_128_2_1_dual_jepa_mae_ljepa_1.0_lmae_0.5_cfg_426c20ae6884_epoch_500.pt,fixed_pretraining_epoch_500,ema,True,0.001,0.01,1e-05,0.0005,window_return,raw,relative_return,Close[t+h] / Close[t] - 1,MSE and MAE over all saved rolling-step/horizon target values; project_within_trajectory_v1: sign of consecutive forecast-horizon differences equals sign of consecutive target differences; relative-return paths additionally include the known zero origin; cumulative/excess log-return targets compare the binary indicators (forecast > 0) and (target > 0) at each horizon,2025-04-01T00:00:00,2025-12-31T00:00:00,65a2be9d33c30bbb95dd,7a9288fa8ec9d59a,7a9288fa8ec9d59a,20260828_091545,61fdd15a28add76845ee8db84408d34295037179,results/normalization_pilot_window_return/random/NVDA/seed_44/last_model_comparison_20260828_091545.csv,results/normalization_pilot_window_return/random/NVDA/seed_44/last_baseline_scores_after_observation_20260828_091545.csv
NVDA,44,Drift,random,test,0.0022182012412194844,0.0341106216471847,0.5052631578947369,5,./logs/output_model/NVDA/lr_1e-05_ema_momentum_0.998_mask_ratio_0.7_ratio_patches_10_encoder_256_2_1_predictor_128_2_1_dual_jepa_mae_ljepa_1.0_lmae_0.5_cfg_426c20ae6884_epoch_500.pt,fixed_pretraining_epoch_500,ema,True,0.001,0.01,1e-05,0.0005,window_return,raw,relative_return,Close[t+h] / Close[t] - 1,MSE and MAE over all saved rolling-step/horizon target values; project_within_trajectory_v1: sign of consecutive forecast-horizon differences equals sign of consecutive target differences; relative-return paths additionally include the known zero origin; cumulative/excess log-return targets compare the binary indicators (forecast > 0) and (target > 0) at each horizon,2025-04-01T00:00:00,2025-12-31T00:00:00,65a2be9d33c30bbb95dd,7a9288fa8ec9d59a,7a9288fa8ec9d59a,20260828_091545,61fdd15a28add76845ee8db84408d34295037179,results/normalization_pilot_window_return/random/NVDA/seed_44/last_model_comparison_20260828_091545.csv,results/normalization_pilot_window_return/random/NVDA/seed_44/last_baseline_scores_after_observation_20260828_091545.csv
NVDA,44,Mean-context,random,test,0.002183755134313742,0.034351809296410754,0.5210526315789473,5,./logs/output_model/NVDA/lr_1e-05_ema_momentum_0.998_mask_ratio_0.7_ratio_patches_10_encoder_256_2_1_predictor_128_2_1_dual_jepa_mae_ljepa_1.0_lmae_0.5_cfg_426c20ae6884_epoch_500.pt,fixed_pretraining_epoch_500,ema,True,0.001,0.01,1e-05,0.0005,window_return,raw,relative_return,Close[t+h] / Close[t] - 1,MSE and MAE over all saved rolling-step/horizon target values; project_within_trajectory_v1: sign of consecutive forecast-horizon differences equals sign of consecutive target differences; relative-return paths additionally include the known zero origin; cumulative/excess log-return targets compare the binary indicators (forecast > 0) and (target > 0) at each horizon,2025-04-01T00:00:00,2025-12-31T00:00:00,65a2be9d33c30bbb95dd,7a9288fa8ec9d59a,7a9288fa8ec9d59a,20260828_091545,61fdd15a28add76845ee8db84408d34295037179,results/normalization_pilot_window_return/random/NVDA/seed_44/last_model_comparison_20260828_091545.csv,results/normalization_pilot_window_return/random/NVDA/seed_44/last_baseline_scores_after_observation_20260828_091545.csv
NVDA,46,Shared-target JEPA--MAE,random,test,0.0022702735612080234,0.03682102332577889,0.5210526315789473,5,./logs/output_model/NVDA/lr_1e-05_ema_momentum_0.998_mask_ratio_0.7_ratio_patches_10_encoder_256_2_1_predictor_128_2_1_dual_jepa_mae_ljepa_1.0_lmae_0.5_cfg_3b10b0c7e918_epoch_500.pt,fixed_pretraining_epoch_500,ema,True,0.001,0.01,1e-05,0.0005,window_return,raw,relative_return,Close[t+h] / Close[t] - 1,MSE and MAE over all saved rolling-step/horizon target values; project_within_trajectory_v1: sign of consecutive forecast-horizon differences equals sign of consecutive target differences; relative-return paths additionally include the known zero origin; cumulative/excess log-return targets compare the binary indicators (forecast > 0) and (target > 0) at each horizon,2025-04-01T00:00:00,2025-12-31T00:00:00,65a2be9d33c30bbb95dd,7a9288fa8ec9d59a,7a9288fa8ec9d59a,20260828_091604,61fdd15a28add76845ee8db84408d34295037179,results/normalization_pilot_window_return/random/NVDA/seed_46/last_model_comparison_20260828_091604.csv,results/normalization_pilot_window_return/random/NVDA/seed_46/last_scores_after_observation_20260828_091604.csv
NVDA,46,GRU,random,test,0.0023366681874736474,0.035210897562731214,0.5684210526315789,5,./logs/output_model/NVDA/lr_1e-05_ema_momentum_0.998_mask_ratio_0.7_ratio_patches_10_encoder_256_2_1_predictor_128_2_1_dual_jepa_mae_ljepa_1.0_lmae_0.5_cfg_3b10b0c7e918_epoch_500.pt,fixed_pretraining_epoch_500,ema,True,0.001,0.01,1e-05,0.0005,window_return,raw,relative_return,Close[t+h] / Close[t] - 1,MSE and MAE over all saved rolling-step/horizon target values; project_within_trajectory_v1: sign of consecutive forecast-horizon differences equals sign of consecutive target differences; relative-return paths additionally include the known zero origin; cumulative/excess log-return targets compare the binary indicators (forecast > 0) and (target > 0) at each horizon,2025-04-01T00:00:00,2025-12-31T00:00:00,65a2be9d33c30bbb95dd,7a9288fa8ec9d59a,7a9288fa8ec9d59a,20260828_091604,61fdd15a28add76845ee8db84408d34295037179,results/normalization_pilot_window_return/random/NVDA/seed_46/last_model_comparison_20260828_091604.csv,results/normalization_pilot_window_return/random/NVDA/seed_46/last_gru_scores_after_observation_20260828_091604.csv
NVDA,46,Naive-last,random,test,0.0020790753562398285,0.033849857982836226,0.0,5,./logs/output_model/NVDA/lr_1e-05_ema_momentum_0.998_mask_ratio_0.7_ratio_patches_10_encoder_256_2_1_predictor_128_2_1_dual_jepa_mae_ljepa_1.0_lmae_0.5_cfg_3b10b0c7e918_epoch_500.pt,fixed_pretraining_epoch_500,ema,True,0.001,0.01,1e-05,0.0005,window_return,raw,relative_return,Close[t+h] / Close[t] - 1,MSE and MAE over all saved rolling-step/horizon target values; project_within_trajectory_v1: sign of consecutive forecast-horizon differences equals sign of consecutive target differences; relative-return paths additionally include the known zero origin; cumulative/excess log-return targets compare the binary indicators (forecast > 0) and (target > 0) at each horizon,2025-04-01T00:00:00,2025-12-31T00:00:00,65a2be9d33c30bbb95dd,7a9288fa8ec9d59a,7a9288fa8ec9d59a,20260828_091604,61fdd15a28add76845ee8db84408d34295037179,results/normalization_pilot_window_return/random/NVDA/seed_46/last_model_comparison_20260828_091604.csv,results/normalization_pilot_window_return/random/NVDA/seed_46/last_baseline_scores_after_observation_20260828_091604.csv
NVDA,46,Drift,random,test,0.0022182012412194844,0.0341106216471847,0.5052631578947369,5,./logs/output_model/NVDA/lr_1e-05_ema_momentum_0.998_mask_ratio_0.7_ratio_patches_10_encoder_256_2_1_predictor_128_2_1_dual_jepa_mae_ljepa_1.0_lmae_0.5_cfg_3b10b0c7e918_epoch_500.pt,fixed_pretraining_epoch_500,ema,True,0.001,0.01,1e-05,0.0005,window_return,raw,relative_return,Close[t+h] / Close[t] - 1,MSE and MAE over all saved rolling-step/horizon target values; project_within_trajectory_v1: sign of consecutive forecast-horizon differences equals sign of consecutive target differences; relative-return paths additionally include the known zero origin; cumulative/excess log-return targets compare the binary indicators (forecast > 0) and (target > 0) at each horizon,2025-04-01T00:00:00,2025-12-31T00:00:00,65a2be9d33c30bbb95dd,7a9288fa8ec9d59a,7a9288fa8ec9d59a,20260828_091604,61fdd15a28add76845ee8db84408d34295037179,results/normalization_pilot_window_return/random/NVDA/seed_46/last_model_comparison_20260828_091604.csv,results/normalization_pilot_window_return/random/NVDA/seed_46/last_baseline_scores_after_observation_20260828_091604.csv
NVDA,46,Mean-context,random,test,0.002183755134313742,0.034351809296410754,0.5210526315789473,5,./logs/output_model/NVDA/lr_1e-05_ema_momentum_0.998_mask_ratio_0.7_ratio_patches_10_encoder_256_2_1_predictor_128_2_1_dual_jepa_mae_ljepa_1.0_lmae_0.5_cfg_3b10b0c7e918_epoch_500.pt,fixed_pretraining_epoch_500,ema,True,0.001,0.01,1e-05,0.0005,window_return,raw,relative_return,Close[t+h] / Close[t] - 1,MSE and MAE over all saved rolling-step/horizon target values; project_within_trajectory_v1: sign of consecutive forecast-horizon differences equals sign of consecutive target differences; relative-return paths additionally include the known zero origin; cumulative/excess log-return targets compare the binary indicators (forecast > 0) and (target > 0) at each horizon,2025-04-01T00:00:00,2025-12-31T00:00:00,65a2be9d33c30bbb95dd,7a9288fa8ec9d59a,7a9288fa8ec9d59a,20260828_091604,61fdd15a28add76845ee8db84408d34295037179,results/normalization_pilot_window_return/random/NVDA/seed_46/last_model_comparison_20260828_091604.csv,results/normalization_pilot_window_return/random/NVDA/seed_46/last_baseline_scores_after_observation_20260828_091604.csv
NVDA,48,Shared-target JEPA--MAE,random,test,0.0020973942698022203,0.033130939080575926,0.5368421052631579,5,./logs/output_model/NVDA/lr_1e-05_ema_momentum_0.998_mask_ratio_0.7_ratio_patches_10_encoder_256_2_1_predictor_128_2_1_dual_jepa_mae_ljepa_1.0_lmae_0.5_cfg_3e384558f9d5_epoch_500.pt,fixed_pretraining_epoch_500,ema,True,0.001,0.01,1e-05,0.0005,window_return,raw,relative_return,Close[t+h] / Close[t] - 1,MSE and MAE over all saved rolling-step/horizon target values; project_within_trajectory_v1: sign of consecutive forecast-horizon differences equals sign of consecutive target differences; relative-return paths additionally include the known zero origin; cumulative/excess log-return targets compare the binary indicators (forecast > 0) and (target > 0) at each horizon,2025-04-01T00:00:00,2025-12-31T00:00:00,65a2be9d33c30bbb95dd,7a9288fa8ec9d59a,7a9288fa8ec9d59a,20260828_091622,61fdd15a28add76845ee8db84408d34295037179,results/normalization_pilot_window_return/random/NVDA/seed_48/last_model_comparison_20260828_091622.csv,results/normalization_pilot_window_return/random/NVDA/seed_48/last_scores_after_observation_20260828_091622.csv
NVDA,48,GRU,random,test,0.0024207669833366786,0.0359542874104686,0.5421052631578948,5,./logs/output_model/NVDA/lr_1e-05_ema_momentum_0.998_mask_ratio_0.7_ratio_patches_10_encoder_256_2_1_predictor_128_2_1_dual_jepa_mae_ljepa_1.0_lmae_0.5_cfg_3e384558f9d5_epoch_500.pt,fixed_pretraining_epoch_500,ema,True,0.001,0.01,1e-05,0.0005,window_return,raw,relative_return,Close[t+h] / Close[t] - 1,MSE and MAE over all saved rolling-step/horizon target values; project_within_trajectory_v1: sign of consecutive forecast-horizon differences equals sign of consecutive target differences; relative-return paths additionally include the known zero origin; cumulative/excess log-return targets compare the binary indicators (forecast > 0) and (target > 0) at each horizon,2025-04-01T00:00:00,2025-12-31T00:00:00,65a2be9d33c30bbb95dd,7a9288fa8ec9d59a,7a9288fa8ec9d59a,20260828_091622,61fdd15a28add76845ee8db84408d34295037179,results/normalization_pilot_window_return/random/NVDA/seed_48/last_model_comparison_20260828_091622.csv,results/normalization_pilot_window_return/random/NVDA/seed_48/last_gru_scores_after_observation_20260828_091622.csv
NVDA,48,Naive-last,random,test,0.0020790753562398285,0.033849857982836226,0.0,5,./logs/output_model/NVDA/lr_1e-05_ema_momentum_0.998_mask_ratio_0.7_ratio_patches_10_encoder_256_2_1_predictor_128_2_1_dual_jepa_mae_ljepa_1.0_lmae_0.5_cfg_3e384558f9d5_epoch_500.pt,fixed_pretraining_epoch_500,ema,True,0.001,0.01,1e-05,0.0005,window_return,raw,relative_return,Close[t+h] / Close[t] - 1,MSE and MAE over all saved rolling-step/horizon target values; project_within_trajectory_v1: sign of consecutive forecast-horizon differences equals sign of consecutive target differences; relative-return paths additionally include the known zero origin; cumulative/excess log-return targets compare the binary indicators (forecast > 0) and (target > 0) at each horizon,2025-04-01T00:00:00,2025-12-31T00:00:00,65a2be9d33c30bbb95dd,7a9288fa8ec9d59a,7a9288fa8ec9d59a,20260828_091622,61fdd15a28add76845ee8db84408d34295037179,results/normalization_pilot_window_return/random/NVDA/seed_48/last_model_comparison_20260828_091622.csv,results/normalization_pilot_window_return/random/NVDA/seed_48/last_baseline_scores_after_observation_20260828_091622.csv
NVDA,48,Drift,random,test,0.0022182012412194844,0.0341106216471847,0.5052631578947369,5,./logs/output_model/NVDA/lr_1e-05_ema_momentum_0.998_mask_ratio_0.7_ratio_patches_10_encoder_256_2_1_predictor_128_2_1_dual_jepa_mae_ljepa_1.0_lmae_0.5_cfg_3e384558f9d5_epoch_500.pt,fixed_pretraining_epoch_500,ema,True,0.001,0.01,1e-05,0.0005,window_return,raw,relative_return,Close[t+h] / Close[t] - 1,MSE and MAE over all saved rolling-step/horizon target values; project_within_trajectory_v1: sign of consecutive forecast-horizon differences equals sign of consecutive target differences; relative-return paths additionally include the known zero origin; cumulative/excess log-return targets compare the binary indicators (forecast > 0) and (target > 0) at each horizon,2025-04-01T00:00:00,2025-12-31T00:00:00,65a2be9d33c30bbb95dd,7a9288fa8ec9d59a,7a9288fa8ec9d59a,20260828_091622,61fdd15a28add76845ee8db84408d34295037179,results/normalization_pilot_window_return/random/NVDA/seed_48/last_model_comparison_20260828_091622.csv,results/normalization_pilot_window_return/random/NVDA/seed_48/last_baseline_scores_after_observation_20260828_091622.csv
NVDA,48,Mean-context,random,test,0.002183755134313742,0.034351809296410754,0.5210526315789473,5,./logs/output_model/NVDA/lr_1e-05_ema_momentum_0.998_mask_ratio_0.7_ratio_patches_10_encoder_256_2_1_predictor_128_2_1_dual_jepa_mae_ljepa_1.0_lmae_0.5_cfg_3e384558f9d5_epoch_500.pt,fixed_pretraining_epoch_500,ema,True,0.001,0.01,1e-05,0.0005,window_return,raw,relative_return,Close[t+h] / Close[t] - 1,MSE and MAE over all saved rolling-step/horizon target values; project_within_trajectory_v1: sign of consecutive forecast-horizon differences equals sign of consecutive target differences; relative-return paths additionally include the known zero origin; cumulative/excess log-return targets compare the binary indicators (forecast > 0) and (target > 0) at each horizon,2025-04-01T00:00:00,2025-12-31T00:00:00,65a2be9d33c30bbb95dd,7a9288fa8ec9d59a,7a9288fa8ec9d59a,20260828_091622,61fdd15a28add76845ee8db84408d34295037179,results/normalization_pilot_window_return/random/NVDA/seed_48/last_model_comparison_20260828_091622.csv,results/normalization_pilot_window_return/random/NVDA/seed_48/last_baseline_scores_after_observation_20260828_091622.csv
NVDA,50,Shared-target JEPA--MAE,random,test,0.0025057605948555534,0.03862289980446033,0.5421052631578948,5,./logs/output_model/NVDA/lr_1e-05_ema_momentum_0.998_mask_ratio_0.7_ratio_patches_10_encoder_256_2_1_predictor_128_2_1_dual_jepa_mae_ljepa_1.0_lmae_0.5_cfg_6ae168504261_epoch_500.pt,fixed_pretraining_epoch_500,ema,True,0.001,0.01,1e-05,0.0005,window_return,raw,relative_return,Close[t+h] / Close[t] - 1,MSE and MAE over all saved rolling-step/horizon target values; project_within_trajectory_v1: sign of consecutive forecast-horizon differences equals sign of consecutive target differences; relative-return paths additionally include the known zero origin; cumulative/excess log-return targets compare the binary indicators (forecast > 0) and (target > 0) at each horizon,2025-04-01T00:00:00,2025-12-31T00:00:00,65a2be9d33c30bbb95dd,7a9288fa8ec9d59a,7a9288fa8ec9d59a,20260828_091641,61fdd15a28add76845ee8db84408d34295037179,results/normalization_pilot_window_return/random/NVDA/seed_50/last_model_comparison_20260828_091641.csv,results/normalization_pilot_window_return/random/NVDA/seed_50/last_scores_after_observation_20260828_091640.csv
NVDA,50,GRU,random,test,0.0022711725577558616,0.03530520369347768,0.5421052631578948,5,./logs/output_model/NVDA/lr_1e-05_ema_momentum_0.998_mask_ratio_0.7_ratio_patches_10_encoder_256_2_1_predictor_128_2_1_dual_jepa_mae_ljepa_1.0_lmae_0.5_cfg_6ae168504261_epoch_500.pt,fixed_pretraining_epoch_500,ema,True,0.001,0.01,1e-05,0.0005,window_return,raw,relative_return,Close[t+h] / Close[t] - 1,MSE and MAE over all saved rolling-step/horizon target values; project_within_trajectory_v1: sign of consecutive forecast-horizon differences equals sign of consecutive target differences; relative-return paths additionally include the known zero origin; cumulative/excess log-return targets compare the binary indicators (forecast > 0) and (target > 0) at each horizon,2025-04-01T00:00:00,2025-12-31T00:00:00,65a2be9d33c30bbb95dd,7a9288fa8ec9d59a,7a9288fa8ec9d59a,20260828_091641,61fdd15a28add76845ee8db84408d34295037179,results/normalization_pilot_window_return/random/NVDA/seed_50/last_model_comparison_20260828_091641.csv,results/normalization_pilot_window_return/random/NVDA/seed_50/last_gru_scores_after_observation_20260828_091640.csv
NVDA,50,Naive-last,random,test,0.0020790753562398285,0.033849857982836226,0.0,5,./logs/output_model/NVDA/lr_1e-05_ema_momentum_0.998_mask_ratio_0.7_ratio_patches_10_encoder_256_2_1_predictor_128_2_1_dual_jepa_mae_ljepa_1.0_lmae_0.5_cfg_6ae168504261_epoch_500.pt,fixed_pretraining_epoch_500,ema,True,0.001,0.01,1e-05,0.0005,window_return,raw,relative_return,Close[t+h] / Close[t] - 1,MSE and MAE over all saved rolling-step/horizon target values; project_within_trajectory_v1: sign of consecutive forecast-horizon differences equals sign of consecutive target differences; relative-return paths additionally include the known zero origin; cumulative/excess log-return targets compare the binary indicators (forecast > 0) and (target > 0) at each horizon,2025-04-01T00:00:00,2025-12-31T00:00:00,65a2be9d33c30bbb95dd,7a9288fa8ec9d59a,7a9288fa8ec9d59a,20260828_091641,61fdd15a28add76845ee8db84408d34295037179,results/normalization_pilot_window_return/random/NVDA/seed_50/last_model_comparison_20260828_091641.csv,results/normalization_pilot_window_return/random/NVDA/seed_50/last_baseline_scores_after_observation_20260828_091641.csv
NVDA,50,Drift,random,test,0.0022182012412194844,0.0341106216471847,0.5052631578947369,5,./logs/output_model/NVDA/lr_1e-05_ema_momentum_0.998_mask_ratio_0.7_ratio_patches_10_encoder_256_2_1_predictor_128_2_1_dual_jepa_mae_ljepa_1.0_lmae_0.5_cfg_6ae168504261_epoch_500.pt,fixed_pretraining_epoch_500,ema,True,0.001,0.01,1e-05,0.0005,window_return,raw,relative_return,Close[t+h] / Close[t] - 1,MSE and MAE over all saved rolling-step/horizon target values; project_within_trajectory_v1: sign of consecutive forecast-horizon differences equals sign of consecutive target differences; relative-return paths additionally include the known zero origin; cumulative/excess log-return targets compare the binary indicators (forecast > 0) and (target > 0) at each horizon,2025-04-01T00:00:00,2025-12-31T00:00:00,65a2be9d33c30bbb95dd,7a9288fa8ec9d59a,7a9288fa8ec9d59a,20260828_091641,61fdd15a28add76845ee8db84408d34295037179,results/normalization_pilot_window_return/random/NVDA/seed_50/last_model_comparison_20260828_091641.csv,results/normalization_pilot_window_return/random/NVDA/seed_50/last_baseline_scores_after_observation_20260828_091641.csv
NVDA,50,Mean-context,random,test,0.002183755134313742,0.034351809296410754,0.5210526315789473,5,./logs/output_model/NVDA/lr_1e-05_ema_momentum_0.998_mask_ratio_0.7_ratio_patches_10_encoder_256_2_1_predictor_128_2_1_dual_jepa_mae_ljepa_1.0_lmae_0.5_cfg_6ae168504261_epoch_500.pt,fixed_pretraining_epoch_500,ema,True,0.001,0.01,1e-05,0.0005,window_return,raw,relative_return,Close[t+h] / Close[t] - 1,MSE and MAE over all saved rolling-step/horizon target values; project_within_trajectory_v1: sign of consecutive forecast-horizon differences equals sign of consecutive target differences; relative-return paths additionally include the known zero origin; cumulative/excess log-return targets compare the binary indicators (forecast > 0) and (target > 0) at each horizon,2025-04-01T00:00:00,2025-12-31T00:00:00,65a2be9d33c30bbb95dd,7a9288fa8ec9d59a,7a9288fa8ec9d59a,20260828_091641,61fdd15a28add76845ee8db84408d34295037179,results/normalization_pilot_window_return/random/NVDA/seed_50/last_model_comparison_20260828_091641.csv,results/normalization_pilot_window_return/random/NVDA/seed_50/last_baseline_scores_after_observation_20260828_091641.csv
TSLA,42,Shared-target JEPA--MAE,random,test,0.0039474565444228855,0.047245410822429904,0.47368421052631576,5,./logs/output_model/TSLA/lr_1e-05_ema_momentum_0.998_mask_ratio_0.7_ratio_patches_10_encoder_256_2_1_predictor_128_2_1_dual_jepa_mae_ljepa_1.0_lmae_0.5_cfg_306c84320657_epoch_500.pt,fixed_pretraining_epoch_500,ema,True,0.001,0.01,1e-05,0.0005,window_return,raw,relative_return,Close[t+h] / Close[t] - 1,MSE and MAE over all saved rolling-step/horizon target values; project_within_trajectory_v1: sign of consecutive forecast-horizon differences equals sign of consecutive target differences; relative-return paths additionally include the known zero origin; cumulative/excess log-return targets compare the binary indicators (forecast > 0) and (target > 0) at each horizon,2025-04-01T00:00:00,2025-12-31T00:00:00,99dbf83de3be900a15ad,7a9288fa8ec9d59a,7a9288fa8ec9d59a,20260828_092000,61fdd15a28add76845ee8db84408d34295037179,results/normalization_pilot_window_return/random/TSLA/seed_42/last_model_comparison_20260828_092000.csv,results/normalization_pilot_window_return/random/TSLA/seed_42/last_scores_after_observation_20260828_092000.csv
TSLA,42,GRU,random,test,0.0035076461061974112,0.04214328532352256,0.5210526315789473,5,./logs/output_model/TSLA/lr_1e-05_ema_momentum_0.998_mask_ratio_0.7_ratio_patches_10_encoder_256_2_1_predictor_128_2_1_dual_jepa_mae_ljepa_1.0_lmae_0.5_cfg_306c84320657_epoch_500.pt,fixed_pretraining_epoch_500,ema,True,0.001,0.01,1e-05,0.0005,window_return,raw,relative_return,Close[t+h] / Close[t] - 1,MSE and MAE over all saved rolling-step/horizon target values; project_within_trajectory_v1: sign of consecutive forecast-horizon differences equals sign of consecutive target differences; relative-return paths additionally include the known zero origin; cumulative/excess log-return targets compare the binary indicators (forecast > 0) and (target > 0) at each horizon,2025-04-01T00:00:00,2025-12-31T00:00:00,99dbf83de3be900a15ad,7a9288fa8ec9d59a,7a9288fa8ec9d59a,20260828_092000,61fdd15a28add76845ee8db84408d34295037179,results/normalization_pilot_window_return/random/TSLA/seed_42/last_model_comparison_20260828_092000.csv,results/normalization_pilot_window_return/random/TSLA/seed_42/last_gru_scores_after_observation_20260828_092000.csv
TSLA,42,Naive-last,random,test,0.0033480806127087486,0.041366781372772984,0.0,5,./logs/output_model/TSLA/lr_1e-05_ema_momentum_0.998_mask_ratio_0.7_ratio_patches_10_encoder_256_2_1_predictor_128_2_1_dual_jepa_mae_ljepa_1.0_lmae_0.5_cfg_306c84320657_epoch_500.pt,fixed_pretraining_epoch_500,ema,True,0.001,0.01,1e-05,0.0005,window_return,raw,relative_return,Close[t+h] / Close[t] - 1,MSE and MAE over all saved rolling-step/horizon target values; project_within_trajectory_v1: sign of consecutive forecast-horizon differences equals sign of consecutive target differences; relative-return paths additionally include the known zero origin; cumulative/excess log-return targets compare the binary indicators (forecast > 0) and (target > 0) at each horizon,2025-04-01T00:00:00,2025-12-31T00:00:00,99dbf83de3be900a15ad,7a9288fa8ec9d59a,7a9288fa8ec9d59a,20260828_092000,61fdd15a28add76845ee8db84408d34295037179,results/normalization_pilot_window_return/random/TSLA/seed_42/last_model_comparison_20260828_092000.csv,results/normalization_pilot_window_return/random/TSLA/seed_42/last_baseline_scores_after_observation_20260828_092000.csv
TSLA,42,Drift,random,test,0.0041565183002235185,0.04401976425318643,0.5263157894736842,5,./logs/output_model/TSLA/lr_1e-05_ema_momentum_0.998_mask_ratio_0.7_ratio_patches_10_encoder_256_2_1_predictor_128_2_1_dual_jepa_mae_ljepa_1.0_lmae_0.5_cfg_306c84320657_epoch_500.pt,fixed_pretraining_epoch_500,ema,True,0.001,0.01,1e-05,0.0005,window_return,raw,relative_return,Close[t+h] / Close[t] - 1,MSE and MAE over all saved rolling-step/horizon target values; project_within_trajectory_v1: sign of consecutive forecast-horizon differences equals sign of consecutive target differences; relative-return paths additionally include the known zero origin; cumulative/excess log-return targets compare the binary indicators (forecast > 0) and (target > 0) at each horizon,2025-04-01T00:00:00,2025-12-31T00:00:00,99dbf83de3be900a15ad,7a9288fa8ec9d59a,7a9288fa8ec9d59a,20260828_092000,61fdd15a28add76845ee8db84408d34295037179,results/normalization_pilot_window_return/random/TSLA/seed_42/last_model_comparison_20260828_092000.csv,results/normalization_pilot_window_return/random/TSLA/seed_42/last_baseline_scores_after_observation_20260828_092000.csv
TSLA,42,Mean-context,random,test,0.0040444618193305444,0.044699986263999264,0.5263157894736842,5,./logs/output_model/TSLA/lr_1e-05_ema_momentum_0.998_mask_ratio_0.7_ratio_patches_10_encoder_256_2_1_predictor_128_2_1_dual_jepa_mae_ljepa_1.0_lmae_0.5_cfg_306c84320657_epoch_500.pt,fixed_pretraining_epoch_500,ema,True,0.001,0.01,1e-05,0.0005,window_return,raw,relative_return,Close[t+h] / Close[t] - 1,MSE and MAE over all saved rolling-step/horizon target values; project_within_trajectory_v1: sign of consecutive forecast-horizon differences equals sign of consecutive target differences; relative-return paths additionally include the known zero origin; cumulative/excess log-return targets compare the binary indicators (forecast > 0) and (target > 0) at each horizon,2025-04-01T00:00:00,2025-12-31T00:00:00,99dbf83de3be900a15ad,7a9288fa8ec9d59a,7a9288fa8ec9d59a,20260828_092000,61fdd15a28add76845ee8db84408d34295037179,results/normalization_pilot_window_return/random/TSLA/seed_42/last_model_comparison_20260828_092000.csv,results/normalization_pilot_window_return/random/TSLA/seed_42/last_baseline_scores_after_observation_20260828_092000.csv
TSLA,44,Shared-target JEPA--MAE,random,test,0.0047798616956330935,0.0542808931958126,0.5157894736842106,5,./logs/output_model/TSLA/lr_1e-05_ema_momentum_0.998_mask_ratio_0.7_ratio_patches_10_encoder_256_2_1_predictor_128_2_1_dual_jepa_mae_ljepa_1.0_lmae_0.5_cfg_426c20ae6884_epoch_500.pt,fixed_pretraining_epoch_500,ema,True,0.001,0.01,1e-05,0.0005,window_return,raw,relative_return,Close[t+h] / Close[t] - 1,MSE and MAE over all saved rolling-step/horizon target values; project_within_trajectory_v1: sign of consecutive forecast-horizon differences equals sign of consecutive target differences; relative-return paths additionally include the known zero origin; cumulative/excess log-return targets compare the binary indicators (forecast > 0) and (target > 0) at each horizon,2025-04-01T00:00:00,2025-12-31T00:00:00,99dbf83de3be900a15ad,7a9288fa8ec9d59a,7a9288fa8ec9d59a,20260828_092018,61fdd15a28add76845ee8db84408d34295037179,results/normalization_pilot_window_return/random/TSLA/seed_44/last_model_comparison_20260828_092018.csv,results/normalization_pilot_window_return/random/TSLA/seed_44/last_scores_after_observation_20260828_092018.csv
TSLA,44,GRU,random,test,0.0033298345049467366,0.04133627647043839,0.45789473684210524,5,./logs/output_model/TSLA/lr_1e-05_ema_momentum_0.998_mask_ratio_0.7_ratio_patches_10_encoder_256_2_1_predictor_128_2_1_dual_jepa_mae_ljepa_1.0_lmae_0.5_cfg_426c20ae6884_epoch_500.pt,fixed_pretraining_epoch_500,ema,True,0.001,0.01,1e-05,0.0005,window_return,raw,relative_return,Close[t+h] / Close[t] - 1,MSE and MAE over all saved rolling-step/horizon target values; project_within_trajectory_v1: sign of consecutive forecast-horizon differences equals sign of consecutive target differences; relative-return paths additionally include the known zero origin; cumulative/excess log-return targets compare the binary indicators (forecast > 0) and (target > 0) at each horizon,2025-04-01T00:00:00,2025-12-31T00:00:00,99dbf83de3be900a15ad,7a9288fa8ec9d59a,7a9288fa8ec9d59a,20260828_092018,61fdd15a28add76845ee8db84408d34295037179,results/normalization_pilot_window_return/random/TSLA/seed_44/last_model_comparison_20260828_092018.csv,results/normalization_pilot_window_return/random/TSLA/seed_44/last_gru_scores_after_observation_20260828_092018.csv
TSLA,44,Naive-last,random,test,0.0033480806127087486,0.041366781372772984,0.0,5,./logs/output_model/TSLA/lr_1e-05_ema_momentum_0.998_mask_ratio_0.7_ratio_patches_10_encoder_256_2_1_predictor_128_2_1_dual_jepa_mae_ljepa_1.0_lmae_0.5_cfg_426c20ae6884_epoch_500.pt,fixed_pretraining_epoch_500,ema,True,0.001,0.01,1e-05,0.0005,window_return,raw,relative_return,Close[t+h] / Close[t] - 1,MSE and MAE over all saved rolling-step/horizon target values; project_within_trajectory_v1: sign of consecutive forecast-horizon differences equals sign of consecutive target differences; relative-return paths additionally include the known zero origin; cumulative/excess log-return targets compare the binary indicators (forecast > 0) and (target > 0) at each horizon,2025-04-01T00:00:00,2025-12-31T00:00:00,99dbf83de3be900a15ad,7a9288fa8ec9d59a,7a9288fa8ec9d59a,20260828_092018,61fdd15a28add76845ee8db84408d34295037179,results/normalization_pilot_window_return/random/TSLA/seed_44/last_model_comparison_20260828_092018.csv,results/normalization_pilot_window_return/random/TSLA/seed_44/last_baseline_scores_after_observation_20260828_092018.csv
TSLA,44,Drift,random,test,0.0041565183002235185,0.04401976425318643,0.5263157894736842,5,./logs/output_model/TSLA/lr_1e-05_ema_momentum_0.998_mask_ratio_0.7_ratio_patches_10_encoder_256_2_1_predictor_128_2_1_dual_jepa_mae_ljepa_1.0_lmae_0.5_cfg_426c20ae6884_epoch_500.pt,fixed_pretraining_epoch_500,ema,True,0.001,0.01,1e-05,0.0005,window_return,raw,relative_return,Close[t+h] / Close[t] - 1,MSE and MAE over all saved rolling-step/horizon target values; project_within_trajectory_v1: sign of consecutive forecast-horizon differences equals sign of consecutive target differences; relative-return paths additionally include the known zero origin; cumulative/excess log-return targets compare the binary indicators (forecast > 0) and (target > 0) at each horizon,2025-04-01T00:00:00,2025-12-31T00:00:00,99dbf83de3be900a15ad,7a9288fa8ec9d59a,7a9288fa8ec9d59a,20260828_092018,61fdd15a28add76845ee8db84408d34295037179,results/normalization_pilot_window_return/random/TSLA/seed_44/last_model_comparison_20260828_092018.csv,results/normalization_pilot_window_return/random/TSLA/seed_44/last_baseline_scores_after_observation_20260828_092018.csv
TSLA,44,Mean-context,random,test,0.0040444618193305444,0.044699986263999264,0.5263157894736842,5,./logs/output_model/TSLA/lr_1e-05_ema_momentum_0.998_mask_ratio_0.7_ratio_patches_10_encoder_256_2_1_predictor_128_2_1_dual_jepa_mae_ljepa_1.0_lmae_0.5_cfg_426c20ae6884_epoch_500.pt,fixed_pretraining_epoch_500,ema,True,0.001,0.01,1e-05,0.0005,window_return,raw,relative_return,Close[t+h] / Close[t] - 1,MSE and MAE over all saved rolling-step/horizon target values; project_within_trajectory_v1: sign of consecutive forecast-horizon differences equals sign of consecutive target differences; relative-return paths additionally include the known zero origin; cumulative/excess log-return targets compare the binary indicators (forecast > 0) and (target > 0) at each horizon,2025-04-01T00:00:00,2025-12-31T00:00:00,99dbf83de3be900a15ad,7a9288fa8ec9d59a,7a9288fa8ec9d59a,20260828_092018,61fdd15a28add76845ee8db84408d34295037179,results/normalization_pilot_window_return/random/TSLA/seed_44/last_model_comparison_20260828_092018.csv,results/normalization_pilot_window_return/random/TSLA/seed_44/last_baseline_scores_after_observation_20260828_092018.csv
TSLA,46,Shared-target JEPA--MAE,random,test,0.004203121395171826,0.05044987808275768,0.5736842105263158,5,./logs/output_model/TSLA/lr_1e-05_ema_momentum_0.998_mask_ratio_0.7_ratio_patches_10_encoder_256_2_1_predictor_128_2_1_dual_jepa_mae_ljepa_1.0_lmae_0.5_cfg_3b10b0c7e918_epoch_500.pt,fixed_pretraining_epoch_500,ema,True,0.001,0.01,1e-05,0.0005,window_return,raw,relative_return,Close[t+h] / Close[t] - 1,MSE and MAE over all saved rolling-step/horizon target values; project_within_trajectory_v1: sign of consecutive forecast-horizon differences equals sign of consecutive target differences; relative-return paths additionally include the known zero origin; cumulative/excess log-return targets compare the binary indicators (forecast > 0) and (target > 0) at each horizon,2025-04-01T00:00:00,2025-12-31T00:00:00,99dbf83de3be900a15ad,7a9288fa8ec9d59a,7a9288fa8ec9d59a,20260828_092037,61fdd15a28add76845ee8db84408d34295037179,results/normalization_pilot_window_return/random/TSLA/seed_46/last_model_comparison_20260828_092037.csv,results/normalization_pilot_window_return/random/TSLA/seed_46/last_scores_after_observation_20260828_092037.csv
TSLA,46,GRU,random,test,0.0034194882469499198,0.04252480957224367,0.531578947368421,5,./logs/output_model/TSLA/lr_1e-05_ema_momentum_0.998_mask_ratio_0.7_ratio_patches_10_encoder_256_2_1_predictor_128_2_1_dual_jepa_mae_ljepa_1.0_lmae_0.5_cfg_3b10b0c7e918_epoch_500.pt,fixed_pretraining_epoch_500,ema,True,0.001,0.01,1e-05,0.0005,window_return,raw,relative_return,Close[t+h] / Close[t] - 1,MSE and MAE over all saved rolling-step/horizon target values; project_within_trajectory_v1: sign of consecutive forecast-horizon differences equals sign of consecutive target differences; relative-return paths additionally include the known zero origin; cumulative/excess log-return targets compare the binary indicators (forecast > 0) and (target > 0) at each horizon,2025-04-01T00:00:00,2025-12-31T00:00:00,99dbf83de3be900a15ad,7a9288fa8ec9d59a,7a9288fa8ec9d59a,20260828_092037,61fdd15a28add76845ee8db84408d34295037179,results/normalization_pilot_window_return/random/TSLA/seed_46/last_model_comparison_20260828_092037.csv,results/normalization_pilot_window_return/random/TSLA/seed_46/last_gru_scores_after_observation_20260828_092037.csv
TSLA,46,Naive-last,random,test,0.0033480806127087486,0.041366781372772984,0.0,5,./logs/output_model/TSLA/lr_1e-05_ema_momentum_0.998_mask_ratio_0.7_ratio_patches_10_encoder_256_2_1_predictor_128_2_1_dual_jepa_mae_ljepa_1.0_lmae_0.5_cfg_3b10b0c7e918_epoch_500.pt,fixed_pretraining_epoch_500,ema,True,0.001,0.01,1e-05,0.0005,window_return,raw,relative_return,Close[t+h] / Close[t] - 1,MSE and MAE over all saved rolling-step/horizon target values; project_within_trajectory_v1: sign of consecutive forecast-horizon differences equals sign of consecutive target differences; relative-return paths additionally include the known zero origin; cumulative/excess log-return targets compare the binary indicators (forecast > 0) and (target > 0) at each horizon,2025-04-01T00:00:00,2025-12-31T00:00:00,99dbf83de3be900a15ad,7a9288fa8ec9d59a,7a9288fa8ec9d59a,20260828_092037,61fdd15a28add76845ee8db84408d34295037179,results/normalization_pilot_window_return/random/TSLA/seed_46/last_model_comparison_20260828_092037.csv,results/normalization_pilot_window_return/random/TSLA/seed_46/last_baseline_scores_after_observation_20260828_092037.csv
TSLA,46,Drift,random,test,0.0041565183002235185,0.04401976425318643,0.5263157894736842,5,./logs/output_model/TSLA/lr_1e-05_ema_momentum_0.998_mask_ratio_0.7_ratio_patches_10_encoder_256_2_1_predictor_128_2_1_dual_jepa_mae_ljepa_1.0_lmae_0.5_cfg_3b10b0c7e918_epoch_500.pt,fixed_pretraining_epoch_500,ema,True,0.001,0.01,1e-05,0.0005,window_return,raw,relative_return,Close[t+h] / Close[t] - 1,MSE and MAE over all saved rolling-step/horizon target values; project_within_trajectory_v1: sign of consecutive forecast-horizon differences equals sign of consecutive target differences; relative-return paths additionally include the known zero origin; cumulative/excess log-return targets compare the binary indicators (forecast > 0) and (target > 0) at each horizon,2025-04-01T00:00:00,2025-12-31T00:00:00,99dbf83de3be900a15ad,7a9288fa8ec9d59a,7a9288fa8ec9d59a,20260828_092037,61fdd15a28add76845ee8db84408d34295037179,results/normalization_pilot_window_return/random/TSLA/seed_46/last_model_comparison_20260828_092037.csv,results/normalization_pilot_window_return/random/TSLA/seed_46/last_baseline_scores_after_observation_20260828_092037.csv
TSLA,46,Mean-context,random,test,0.0040444618193305444,0.044699986263999264,0.5263157894736842,5,./logs/output_model/TSLA/lr_1e-05_ema_momentum_0.998_mask_ratio_0.7_ratio_patches_10_encoder_256_2_1_predictor_128_2_1_dual_jepa_mae_ljepa_1.0_lmae_0.5_cfg_3b10b0c7e918_epoch_500.pt,fixed_pretraining_epoch_500,ema,True,0.001,0.01,1e-05,0.0005,window_return,raw,relative_return,Close[t+h] / Close[t] - 1,MSE and MAE over all saved rolling-step/horizon target values; project_within_trajectory_v1: sign of consecutive forecast-horizon differences equals sign of consecutive target differences; relative-return paths additionally include the known zero origin; cumulative/excess log-return targets compare the binary indicators (forecast > 0) and (target > 0) at each horizon,2025-04-01T00:00:00,2025-12-31T00:00:00,99dbf83de3be900a15ad,7a9288fa8ec9d59a,7a9288fa8ec9d59a,20260828_092037,61fdd15a28add76845ee8db84408d34295037179,results/normalization_pilot_window_return/random/TSLA/seed_46/last_model_comparison_20260828_092037.csv,results/normalization_pilot_window_return/random/TSLA/seed_46/last_baseline_scores_after_observation_20260828_092037.csv
TSLA,48,Shared-target JEPA--MAE,random,test,0.004873551163978619,0.05367688884787062,0.531578947368421,5,./logs/output_model/TSLA/lr_1e-05_ema_momentum_0.998_mask_ratio_0.7_ratio_patches_10_encoder_256_2_1_predictor_128_2_1_dual_jepa_mae_ljepa_1.0_lmae_0.5_cfg_3e384558f9d5_epoch_500.pt,fixed_pretraining_epoch_500,ema,True,0.001,0.01,1e-05,0.0005,window_return,raw,relative_return,Close[t+h] / Close[t] - 1,MSE and MAE over all saved rolling-step/horizon target values; project_within_trajectory_v1: sign of consecutive forecast-horizon differences equals sign of consecutive target differences; relative-return paths additionally include the known zero origin; cumulative/excess log-return targets compare the binary indicators (forecast > 0) and (target > 0) at each horizon,2025-04-01T00:00:00,2025-12-31T00:00:00,99dbf83de3be900a15ad,7a9288fa8ec9d59a,7a9288fa8ec9d59a,20260828_092055,61fdd15a28add76845ee8db84408d34295037179,results/normalization_pilot_window_return/random/TSLA/seed_48/last_model_comparison_20260828_092055.csv,results/normalization_pilot_window_return/random/TSLA/seed_48/last_scores_after_observation_20260828_092055.csv
TSLA,48,GRU,random,test,0.0033590172803471116,0.04096272833596323,0.5105263157894737,5,./logs/output_model/TSLA/lr_1e-05_ema_momentum_0.998_mask_ratio_0.7_ratio_patches_10_encoder_256_2_1_predictor_128_2_1_dual_jepa_mae_ljepa_1.0_lmae_0.5_cfg_3e384558f9d5_epoch_500.pt,fixed_pretraining_epoch_500,ema,True,0.001,0.01,1e-05,0.0005,window_return,raw,relative_return,Close[t+h] / Close[t] - 1,MSE and MAE over all saved rolling-step/horizon target values; project_within_trajectory_v1: sign of consecutive forecast-horizon differences equals sign of consecutive target differences; relative-return paths additionally include the known zero origin; cumulative/excess log-return targets compare the binary indicators (forecast > 0) and (target > 0) at each horizon,2025-04-01T00:00:00,2025-12-31T00:00:00,99dbf83de3be900a15ad,7a9288fa8ec9d59a,7a9288fa8ec9d59a,20260828_092055,61fdd15a28add76845ee8db84408d34295037179,results/normalization_pilot_window_return/random/TSLA/seed_48/last_model_comparison_20260828_092055.csv,results/normalization_pilot_window_return/random/TSLA/seed_48/last_gru_scores_after_observation_20260828_092055.csv
TSLA,48,Naive-last,random,test,0.0033480806127087486,0.041366781372772984,0.0,5,./logs/output_model/TSLA/lr_1e-05_ema_momentum_0.998_mask_ratio_0.7_ratio_patches_10_encoder_256_2_1_predictor_128_2_1_dual_jepa_mae_ljepa_1.0_lmae_0.5_cfg_3e384558f9d5_epoch_500.pt,fixed_pretraining_epoch_500,ema,True,0.001,0.01,1e-05,0.0005,window_return,raw,relative_return,Close[t+h] / Close[t] - 1,MSE and MAE over all saved rolling-step/horizon target values; project_within_trajectory_v1: sign of consecutive forecast-horizon differences equals sign of consecutive target differences; relative-return paths additionally include the known zero origin; cumulative/excess log-return targets compare the binary indicators (forecast > 0) and (target > 0) at each horizon,2025-04-01T00:00:00,2025-12-31T00:00:00,99dbf83de3be900a15ad,7a9288fa8ec9d59a,7a9288fa8ec9d59a,20260828_092055,61fdd15a28add76845ee8db84408d34295037179,results/normalization_pilot_window_return/random/TSLA/seed_48/last_model_comparison_20260828_092055.csv,results/normalization_pilot_window_return/random/TSLA/seed_48/last_baseline_scores_after_observation_20260828_092055.csv
TSLA,48,Drift,random,test,0.0041565183002235185,0.04401976425318643,0.5263157894736842,5,./logs/output_model/TSLA/lr_1e-05_ema_momentum_0.998_mask_ratio_0.7_ratio_patches_10_encoder_256_2_1_predictor_128_2_1_dual_jepa_mae_ljepa_1.0_lmae_0.5_cfg_3e384558f9d5_epoch_500.pt,fixed_pretraining_epoch_500,ema,True,0.001,0.01,1e-05,0.0005,window_return,raw,relative_return,Close[t+h] / Close[t] - 1,MSE and MAE over all saved rolling-step/horizon target values; project_within_trajectory_v1: sign of consecutive forecast-horizon differences equals sign of consecutive target differences; relative-return paths additionally include the known zero origin; cumulative/excess log-return targets compare the binary indicators (forecast > 0) and (target > 0) at each horizon,2025-04-01T00:00:00,2025-12-31T00:00:00,99dbf83de3be900a15ad,7a9288fa8ec9d59a,7a9288fa8ec9d59a,20260828_092055,61fdd15a28add76845ee8db84408d34295037179,results/normalization_pilot_window_return/random/TSLA/seed_48/last_model_comparison_20260828_092055.csv,results/normalization_pilot_window_return/random/TSLA/seed_48/last_baseline_scores_after_observation_20260828_092055.csv
TSLA,48,Mean-context,random,test,0.0040444618193305444,0.044699986263999264,0.5263157894736842,5,./logs/output_model/TSLA/lr_1e-05_ema_momentum_0.998_mask_ratio_0.7_ratio_patches_10_encoder_256_2_1_predictor_128_2_1_dual_jepa_mae_ljepa_1.0_lmae_0.5_cfg_3e384558f9d5_epoch_500.pt,fixed_pretraining_epoch_500,ema,True,0.001,0.01,1e-05,0.0005,window_return,raw,relative_return,Close[t+h] / Close[t] - 1,MSE and MAE over all saved rolling-step/horizon target values; project_within_trajectory_v1: sign of consecutive forecast-horizon differences equals sign of consecutive target differences; relative-return paths additionally include the known zero origin; cumulative/excess log-return targets compare the binary indicators (forecast > 0) and (target > 0) at each horizon,2025-04-01T00:00:00,2025-12-31T00:00:00,99dbf83de3be900a15ad,7a9288fa8ec9d59a,7a9288fa8ec9d59a,20260828_092055,61fdd15a28add76845ee8db84408d34295037179,results/normalization_pilot_window_return/random/TSLA/seed_48/last_model_comparison_20260828_092055.csv,results/normalization_pilot_window_return/random/TSLA/seed_48/last_baseline_scores_after_observation_20260828_092055.csv
TSLA,50,Shared-target JEPA--MAE,random,test,0.0037844325997551482,0.045279302300983315,0.5421052631578948,5,./logs/output_model/TSLA/lr_1e-05_ema_momentum_0.998_mask_ratio_0.7_ratio_patches_10_encoder_256_2_1_predictor_128_2_1_dual_jepa_mae_ljepa_1.0_lmae_0.5_cfg_6ae168504261_epoch_500.pt,fixed_pretraining_epoch_500,ema,True,0.001,0.01,1e-05,0.0005,window_return,raw,relative_return,Close[t+h] / Close[t] - 1,MSE and MAE over all saved rolling-step/horizon target values; project_within_trajectory_v1: sign of consecutive forecast-horizon differences equals sign of consecutive target differences; relative-return paths additionally include the known zero origin; cumulative/excess log-return targets compare the binary indicators (forecast > 0) and (target > 0) at each horizon,2025-04-01T00:00:00,2025-12-31T00:00:00,99dbf83de3be900a15ad,7a9288fa8ec9d59a,7a9288fa8ec9d59a,20260828_092113,61fdd15a28add76845ee8db84408d34295037179,results/normalization_pilot_window_return/random/TSLA/seed_50/last_model_comparison_20260828_092113.csv,results/normalization_pilot_window_return/random/TSLA/seed_50/last_scores_after_observation_20260828_092113.csv
TSLA,50,GRU,random,test,0.0033902165602104177,0.041743630837453,0.4473684210526316,5,./logs/output_model/TSLA/lr_1e-05_ema_momentum_0.998_mask_ratio_0.7_ratio_patches_10_encoder_256_2_1_predictor_128_2_1_dual_jepa_mae_ljepa_1.0_lmae_0.5_cfg_6ae168504261_epoch_500.pt,fixed_pretraining_epoch_500,ema,True,0.001,0.01,1e-05,0.0005,window_return,raw,relative_return,Close[t+h] / Close[t] - 1,MSE and MAE over all saved rolling-step/horizon target values; project_within_trajectory_v1: sign of consecutive forecast-horizon differences equals sign of consecutive target differences; relative-return paths additionally include the known zero origin; cumulative/excess log-return targets compare the binary indicators (forecast > 0) and (target > 0) at each horizon,2025-04-01T00:00:00,2025-12-31T00:00:00,99dbf83de3be900a15ad,7a9288fa8ec9d59a,7a9288fa8ec9d59a,20260828_092113,61fdd15a28add76845ee8db84408d34295037179,results/normalization_pilot_window_return/random/TSLA/seed_50/last_model_comparison_20260828_092113.csv,results/normalization_pilot_window_return/random/TSLA/seed_50/last_gru_scores_after_observation_20260828_092113.csv
TSLA,50,Naive-last,random,test,0.0033480806127087486,0.041366781372772984,0.0,5,./logs/output_model/TSLA/lr_1e-05_ema_momentum_0.998_mask_ratio_0.7_ratio_patches_10_encoder_256_2_1_predictor_128_2_1_dual_jepa_mae_ljepa_1.0_lmae_0.5_cfg_6ae168504261_epoch_500.pt,fixed_pretraining_epoch_500,ema,True,0.001,0.01,1e-05,0.0005,window_return,raw,relative_return,Close[t+h] / Close[t] - 1,MSE and MAE over all saved rolling-step/horizon target values; project_within_trajectory_v1: sign of consecutive forecast-horizon differences equals sign of consecutive target differences; relative-return paths additionally include the known zero origin; cumulative/excess log-return targets compare the binary indicators (forecast > 0) and (target > 0) at each horizon,2025-04-01T00:00:00,2025-12-31T00:00:00,99dbf83de3be900a15ad,7a9288fa8ec9d59a,7a9288fa8ec9d59a,20260828_092113,61fdd15a28add76845ee8db84408d34295037179,results/normalization_pilot_window_return/random/TSLA/seed_50/last_model_comparison_20260828_092113.csv,results/normalization_pilot_window_return/random/TSLA/seed_50/last_baseline_scores_after_observation_20260828_092113.csv
TSLA,50,Drift,random,test,0.0041565183002235185,0.04401976425318643,0.5263157894736842,5,./logs/output_model/TSLA/lr_1e-05_ema_momentum_0.998_mask_ratio_0.7_ratio_patches_10_encoder_256_2_1_predictor_128_2_1_dual_jepa_mae_ljepa_1.0_lmae_0.5_cfg_6ae168504261_epoch_500.pt,fixed_pretraining_epoch_500,ema,True,0.001,0.01,1e-05,0.0005,window_return,raw,relative_return,Close[t+h] / Close[t] - 1,MSE and MAE over all saved rolling-step/horizon target values; project_within_trajectory_v1: sign of consecutive forecast-horizon differences equals sign of consecutive target differences; relative-return paths additionally include the known zero origin; cumulative/excess log-return targets compare the binary indicators (forecast > 0) and (target > 0) at each horizon,2025-04-01T00:00:00,2025-12-31T00:00:00,99dbf83de3be900a15ad,7a9288fa8ec9d59a,7a9288fa8ec9d59a,20260828_092113,61fdd15a28add76845ee8db84408d34295037179,results/normalization_pilot_window_return/random/TSLA/seed_50/last_model_comparison_20260828_092113.csv,results/normalization_pilot_window_return/random/TSLA/seed_50/last_baseline_scores_after_observation_20260828_092113.csv
TSLA,50,Mean-context,random,test,0.0040444618193305444,0.044699986263999264,0.5263157894736842,5,./logs/output_model/TSLA/lr_1e-05_ema_momentum_0.998_mask_ratio_0.7_ratio_patches_10_encoder_256_2_1_predictor_128_2_1_dual_jepa_mae_ljepa_1.0_lmae_0.5_cfg_6ae168504261_epoch_500.pt,fixed_pretraining_epoch_500,ema,True,0.001,0.01,1e-05,0.0005,window_return,raw,relative_return,Close[t+h] / Close[t] - 1,MSE and MAE over all saved rolling-step/horizon target values; project_within_trajectory_v1: sign of consecutive forecast-horizon differences equals sign of consecutive target differences; relative-return paths additionally include the known zero origin; cumulative/excess log-return targets compare the binary indicators (forecast > 0) and (target > 0) at each horizon,2025-04-01T00:00:00,2025-12-31T00:00:00,99dbf83de3be900a15ad,7a9288fa8ec9d59a,7a9288fa8ec9d59a,20260828_092113,61fdd15a28add76845ee8db84408d34295037179,results/normalization_pilot_window_return/random/TSLA/seed_50/last_model_comparison_20260828_092113.csv,results/normalization_pilot_window_return/random/TSLA/seed_50/last_baseline_scores_after_observation_20260828_092113.csv
WMT,42,Shared-target JEPA--MAE,random,test,0.0009300268122937194,0.022898641514812402,0.5052631578947369,5,./logs/output_model/WMT/lr_1e-05_ema_momentum_0.998_mask_ratio_0.7_ratio_patches_10_encoder_256_2_1_predictor_128_2_1_dual_jepa_mae_ljepa_1.0_lmae_0.5_cfg_306c84320657_epoch_500.pt,fixed_pretraining_epoch_500,ema,True,0.001,0.01,1e-05,0.0005,window_return,raw,relative_return,Close[t+h] / Close[t] - 1,MSE and MAE over all saved rolling-step/horizon target values; project_within_trajectory_v1: sign of consecutive forecast-horizon differences equals sign of consecutive target differences; relative-return paths additionally include the known zero origin; cumulative/excess log-return targets compare the binary indicators (forecast > 0) and (target > 0) at each horizon,2025-04-01T00:00:00,2025-12-31T00:00:00,7e2990039d7e3566d196,7a9288fa8ec9d59a,7a9288fa8ec9d59a,20260828_092131,61fdd15a28add76845ee8db84408d34295037179,results/normalization_pilot_window_return/random/WMT/seed_42/last_model_comparison_20260828_092131.csv,results/normalization_pilot_window_return/random/WMT/seed_42/last_scores_after_observation_20260828_092131.csv
WMT,42,GRU,random,test,0.000681022636375488,0.018355906127314782,0.5210526315789473,5,./logs/output_model/WMT/lr_1e-05_ema_momentum_0.998_mask_ratio_0.7_ratio_patches_10_encoder_256_2_1_predictor_128_2_1_dual_jepa_mae_ljepa_1.0_lmae_0.5_cfg_306c84320657_epoch_500.pt,fixed_pretraining_epoch_500,ema,True,0.001,0.01,1e-05,0.0005,window_return,raw,relative_return,Close[t+h] / Close[t] - 1,MSE and MAE over all saved rolling-step/horizon target values; project_within_trajectory_v1: sign of consecutive forecast-horizon differences equals sign of consecutive target differences; relative-return paths additionally include the known zero origin; cumulative/excess log-return targets compare the binary indicators (forecast > 0) and (target > 0) at each horizon,2025-04-01T00:00:00,2025-12-31T00:00:00,7e2990039d7e3566d196,7a9288fa8ec9d59a,7a9288fa8ec9d59a,20260828_092131,61fdd15a28add76845ee8db84408d34295037179,results/normalization_pilot_window_return/random/WMT/seed_42/last_model_comparison_20260828_092131.csv,results/normalization_pilot_window_return/random/WMT/seed_42/last_gru_scores_after_observation_20260828_092131.csv
WMT,42,Naive-last,random,test,0.0007212958157049027,0.018834191874453853,0.005263157894736842,5,./logs/output_model/WMT/lr_1e-05_ema_momentum_0.998_mask_ratio_0.7_ratio_patches_10_encoder_256_2_1_predictor_128_2_1_dual_jepa_mae_ljepa_1.0_lmae_0.5_cfg_306c84320657_epoch_500.pt,fixed_pretraining_epoch_500,ema,True,0.001,0.01,1e-05,0.0005,window_return,raw,relative_return,Close[t+h] / Close[t] - 1,MSE and MAE over all saved rolling-step/horizon target values; project_within_trajectory_v1: sign of consecutive forecast-horizon differences equals sign of consecutive target differences; relative-return paths additionally include the known zero origin; cumulative/excess log-return targets compare the binary indicators (forecast > 0) and (target > 0) at each horizon,2025-04-01T00:00:00,2025-12-31T00:00:00,7e2990039d7e3566d196,7a9288fa8ec9d59a,7a9288fa8ec9d59a,20260828_092131,61fdd15a28add76845ee8db84408d34295037179,results/normalization_pilot_window_return/random/WMT/seed_42/last_model_comparison_20260828_092131.csv,results/normalization_pilot_window_return/random/WMT/seed_42/last_baseline_scores_after_observation_20260828_092131.csv
WMT,42,Drift,random,test,0.0007714394485388129,0.019366072521418188,0.4473684210526316,5,./logs/output_model/WMT/lr_1e-05_ema_momentum_0.998_mask_ratio_0.7_ratio_patches_10_encoder_256_2_1_predictor_128_2_1_dual_jepa_mae_ljepa_1.0_lmae_0.5_cfg_306c84320657_epoch_500.pt,fixed_pretraining_epoch_500,ema,True,0.001,0.01,1e-05,0.0005,window_return,raw,relative_return,Close[t+h] / Close[t] - 1,MSE and MAE over all saved rolling-step/horizon target values; project_within_trajectory_v1: sign of consecutive forecast-horizon differences equals sign of consecutive target differences; relative-return paths additionally include the known zero origin; cumulative/excess log-return targets compare the binary indicators (forecast > 0) and (target > 0) at each horizon,2025-04-01T00:00:00,2025-12-31T00:00:00,7e2990039d7e3566d196,7a9288fa8ec9d59a,7a9288fa8ec9d59a,20260828_092131,61fdd15a28add76845ee8db84408d34295037179,results/normalization_pilot_window_return/random/WMT/seed_42/last_model_comparison_20260828_092131.csv,results/normalization_pilot_window_return/random/WMT/seed_42/last_baseline_scores_after_observation_20260828_092131.csv
WMT,42,Mean-context,random,test,0.0007691176659041279,0.01937628575277282,0.45263157894736844,5,./logs/output_model/WMT/lr_1e-05_ema_momentum_0.998_mask_ratio_0.7_ratio_patches_10_encoder_256_2_1_predictor_128_2_1_dual_jepa_mae_ljepa_1.0_lmae_0.5_cfg_306c84320657_epoch_500.pt,fixed_pretraining_epoch_500,ema,True,0.001,0.01,1e-05,0.0005,window_return,raw,relative_return,Close[t+h] / Close[t] - 1,MSE and MAE over all saved rolling-step/horizon target values; project_within_trajectory_v1: sign of consecutive forecast-horizon differences equals sign of consecutive target differences; relative-return paths additionally include the known zero origin; cumulative/excess log-return targets compare the binary indicators (forecast > 0) and (target > 0) at each horizon,2025-04-01T00:00:00,2025-12-31T00:00:00,7e2990039d7e3566d196,7a9288fa8ec9d59a,7a9288fa8ec9d59a,20260828_092131,61fdd15a28add76845ee8db84408d34295037179,results/normalization_pilot_window_return/random/WMT/seed_42/last_model_comparison_20260828_092131.csv,results/normalization_pilot_window_return/random/WMT/seed_42/last_baseline_scores_after_observation_20260828_092131.csv
WMT,44,Shared-target JEPA--MAE,random,test,0.0008174422492264402,0.020918811586881515,0.5473684210526316,5,./logs/output_model/WMT/lr_1e-05_ema_momentum_0.998_mask_ratio_0.7_ratio_patches_10_encoder_256_2_1_predictor_128_2_1_dual_jepa_mae_ljepa_1.0_lmae_0.5_cfg_426c20ae6884_epoch_500.pt,fixed_pretraining_epoch_500,ema,True,0.001,0.01,1e-05,0.0005,window_return,raw,relative_return,Close[t+h] / Close[t] - 1,MSE and MAE over all saved rolling-step/horizon target values; project_within_trajectory_v1: sign of consecutive forecast-horizon differences equals sign of consecutive target differences; relative-return paths additionally include the known zero origin; cumulative/excess log-return targets compare the binary indicators (forecast > 0) and (target > 0) at each horizon,2025-04-01T00:00:00,2025-12-31T00:00:00,7e2990039d7e3566d196,7a9288fa8ec9d59a,7a9288fa8ec9d59a,20260828_092149,61fdd15a28add76845ee8db84408d34295037179,results/normalization_pilot_window_return/random/WMT/seed_44/last_model_comparison_20260828_092149.csv,results/normalization_pilot_window_return/random/WMT/seed_44/last_scores_after_observation_20260828_092149.csv
WMT,44,GRU,random,test,0.0006889078895124747,0.01867815797266203,0.5368421052631579,5,./logs/output_model/WMT/lr_1e-05_ema_momentum_0.998_mask_ratio_0.7_ratio_patches_10_encoder_256_2_1_predictor_128_2_1_dual_jepa_mae_ljepa_1.0_lmae_0.5_cfg_426c20ae6884_epoch_500.pt,fixed_pretraining_epoch_500,ema,True,0.001,0.01,1e-05,0.0005,window_return,raw,relative_return,Close[t+h] / Close[t] - 1,MSE and MAE over all saved rolling-step/horizon target values; project_within_trajectory_v1: sign of consecutive forecast-horizon differences equals sign of consecutive target differences; relative-return paths additionally include the known zero origin; cumulative/excess log-return targets compare the binary indicators (forecast > 0) and (target > 0) at each horizon,2025-04-01T00:00:00,2025-12-31T00:00:00,7e2990039d7e3566d196,7a9288fa8ec9d59a,7a9288fa8ec9d59a,20260828_092149,61fdd15a28add76845ee8db84408d34295037179,results/normalization_pilot_window_return/random/WMT/seed_44/last_model_comparison_20260828_092149.csv,results/normalization_pilot_window_return/random/WMT/seed_44/last_gru_scores_after_observation_20260828_092149.csv
WMT,44,Naive-last,random,test,0.0007212958157049027,0.018834191874453853,0.005263157894736842,5,./logs/output_model/WMT/lr_1e-05_ema_momentum_0.998_mask_ratio_0.7_ratio_patches_10_encoder_256_2_1_predictor_128_2_1_dual_jepa_mae_ljepa_1.0_lmae_0.5_cfg_426c20ae6884_epoch_500.pt,fixed_pretraining_epoch_500,ema,True,0.001,0.01,1e-05,0.0005,window_return,raw,relative_return,Close[t+h] / Close[t] - 1,MSE and MAE over all saved rolling-step/horizon target values; project_within_trajectory_v1: sign of consecutive forecast-horizon differences equals sign of consecutive target differences; relative-return paths additionally include the known zero origin; cumulative/excess log-return targets compare the binary indicators (forecast > 0) and (target > 0) at each horizon,2025-04-01T00:00:00,2025-12-31T00:00:00,7e2990039d7e3566d196,7a9288fa8ec9d59a,7a9288fa8ec9d59a,20260828_092149,61fdd15a28add76845ee8db84408d34295037179,results/normalization_pilot_window_return/random/WMT/seed_44/last_model_comparison_20260828_092149.csv,results/normalization_pilot_window_return/random/WMT/seed_44/last_baseline_scores_after_observation_20260828_092149.csv
WMT,44,Drift,random,test,0.0007714394485388129,0.019366072521418188,0.4473684210526316,5,./logs/output_model/WMT/lr_1e-05_ema_momentum_0.998_mask_ratio_0.7_ratio_patches_10_encoder_256_2_1_predictor_128_2_1_dual_jepa_mae_ljepa_1.0_lmae_0.5_cfg_426c20ae6884_epoch_500.pt,fixed_pretraining_epoch_500,ema,True,0.001,0.01,1e-05,0.0005,window_return,raw,relative_return,Close[t+h] / Close[t] - 1,MSE and MAE over all saved rolling-step/horizon target values; project_within_trajectory_v1: sign of consecutive forecast-horizon differences equals sign of consecutive target differences; relative-return paths additionally include the known zero origin; cumulative/excess log-return targets compare the binary indicators (forecast > 0) and (target > 0) at each horizon,2025-04-01T00:00:00,2025-12-31T00:00:00,7e2990039d7e3566d196,7a9288fa8ec9d59a,7a9288fa8ec9d59a,20260828_092149,61fdd15a28add76845ee8db84408d34295037179,results/normalization_pilot_window_return/random/WMT/seed_44/last_model_comparison_20260828_092149.csv,results/normalization_pilot_window_return/random/WMT/seed_44/last_baseline_scores_after_observation_20260828_092149.csv
WMT,44,Mean-context,random,test,0.0007691176659041279,0.01937628575277282,0.45263157894736844,5,./logs/output_model/WMT/lr_1e-05_ema_momentum_0.998_mask_ratio_0.7_ratio_patches_10_encoder_256_2_1_predictor_128_2_1_dual_jepa_mae_ljepa_1.0_lmae_0.5_cfg_426c20ae6884_epoch_500.pt,fixed_pretraining_epoch_500,ema,True,0.001,0.01,1e-05,0.0005,window_return,raw,relative_return,Close[t+h] / Close[t] - 1,MSE and MAE over all saved rolling-step/horizon target values; project_within_trajectory_v1: sign of consecutive forecast-horizon differences equals sign of consecutive target differences; relative-return paths additionally include the known zero origin; cumulative/excess log-return targets compare the binary indicators (forecast > 0) and (target > 0) at each horizon,2025-04-01T00:00:00,2025-12-31T00:00:00,7e2990039d7e3566d196,7a9288fa8ec9d59a,7a9288fa8ec9d59a,20260828_092149,61fdd15a28add76845ee8db84408d34295037179,results/normalization_pilot_window_return/random/WMT/seed_44/last_model_comparison_20260828_092149.csv,results/normalization_pilot_window_return/random/WMT/seed_44/last_baseline_scores_after_observation_20260828_092149.csv
WMT,46,Shared-target JEPA--MAE,random,test,0.0008483330356237706,0.022433521666588508,0.531578947368421,5,./logs/output_model/WMT/lr_1e-05_ema_momentum_0.998_mask_ratio_0.7_ratio_patches_10_encoder_256_2_1_predictor_128_2_1_dual_jepa_mae_ljepa_1.0_lmae_0.5_cfg_3b10b0c7e918_epoch_500.pt,fixed_pretraining_epoch_500,ema,True,0.001,0.01,1e-05,0.0005,window_return,raw,relative_return,Close[t+h] / Close[t] - 1,MSE and MAE over all saved rolling-step/horizon target values; project_within_trajectory_v1: sign of consecutive forecast-horizon differences equals sign of consecutive target differences; relative-return paths additionally include the known zero origin; cumulative/excess log-return targets compare the binary indicators (forecast > 0) and (target > 0) at each horizon,2025-04-01T00:00:00,2025-12-31T00:00:00,7e2990039d7e3566d196,7a9288fa8ec9d59a,7a9288fa8ec9d59a,20260828_092208,61fdd15a28add76845ee8db84408d34295037179,results/normalization_pilot_window_return/random/WMT/seed_46/last_model_comparison_20260828_092208.csv,results/normalization_pilot_window_return/random/WMT/seed_46/last_scores_after_observation_20260828_092208.csv
WMT,46,GRU,random,test,0.0006858154445777242,0.018468725639640467,0.5157894736842106,5,./logs/output_model/WMT/lr_1e-05_ema_momentum_0.998_mask_ratio_0.7_ratio_patches_10_encoder_256_2_1_predictor_128_2_1_dual_jepa_mae_ljepa_1.0_lmae_0.5_cfg_3b10b0c7e918_epoch_500.pt,fixed_pretraining_epoch_500,ema,True,0.001,0.01,1e-05,0.0005,window_return,raw,relative_return,Close[t+h] / Close[t] - 1,MSE and MAE over all saved rolling-step/horizon target values; project_within_trajectory_v1: sign of consecutive forecast-horizon differences equals sign of consecutive target differences; relative-return paths additionally include the known zero origin; cumulative/excess log-return targets compare the binary indicators (forecast > 0) and (target > 0) at each horizon,2025-04-01T00:00:00,2025-12-31T00:00:00,7e2990039d7e3566d196,7a9288fa8ec9d59a,7a9288fa8ec9d59a,20260828_092208,61fdd15a28add76845ee8db84408d34295037179,results/normalization_pilot_window_return/random/WMT/seed_46/last_model_comparison_20260828_092208.csv,results/normalization_pilot_window_return/random/WMT/seed_46/last_gru_scores_after_observation_20260828_092208.csv
WMT,46,Naive-last,random,test,0.0007212958157049027,0.018834191874453853,0.005263157894736842,5,./logs/output_model/WMT/lr_1e-05_ema_momentum_0.998_mask_ratio_0.7_ratio_patches_10_encoder_256_2_1_predictor_128_2_1_dual_jepa_mae_ljepa_1.0_lmae_0.5_cfg_3b10b0c7e918_epoch_500.pt,fixed_pretraining_epoch_500,ema,True,0.001,0.01,1e-05,0.0005,window_return,raw,relative_return,Close[t+h] / Close[t] - 1,MSE and MAE over all saved rolling-step/horizon target values; project_within_trajectory_v1: sign of consecutive forecast-horizon differences equals sign of consecutive target differences; relative-return paths additionally include the known zero origin; cumulative/excess log-return targets compare the binary indicators (forecast > 0) and (target > 0) at each horizon,2025-04-01T00:00:00,2025-12-31T00:00:00,7e2990039d7e3566d196,7a9288fa8ec9d59a,7a9288fa8ec9d59a,20260828_092208,61fdd15a28add76845ee8db84408d34295037179,results/normalization_pilot_window_return/random/WMT/seed_46/last_model_comparison_20260828_092208.csv,results/normalization_pilot_window_return/random/WMT/seed_46/last_baseline_scores_after_observation_20260828_092208.csv
WMT,46,Drift,random,test,0.0007714394485388129,0.019366072521418188,0.4473684210526316,5,./logs/output_model/WMT/lr_1e-05_ema_momentum_0.998_mask_ratio_0.7_ratio_patches_10_encoder_256_2_1_predictor_128_2_1_dual_jepa_mae_ljepa_1.0_lmae_0.5_cfg_3b10b0c7e918_epoch_500.pt,fixed_pretraining_epoch_500,ema,True,0.001,0.01,1e-05,0.0005,window_return,raw,relative_return,Close[t+h] / Close[t] - 1,MSE and MAE over all saved rolling-step/horizon target values; project_within_trajectory_v1: sign of consecutive forecast-horizon differences equals sign of consecutive target differences; relative-return paths additionally include the known zero origin; cumulative/excess log-return targets compare the binary indicators (forecast > 0) and (target > 0) at each horizon,2025-04-01T00:00:00,2025-12-31T00:00:00,7e2990039d7e3566d196,7a9288fa8ec9d59a,7a9288fa8ec9d59a,20260828_092208,61fdd15a28add76845ee8db84408d34295037179,results/normalization_pilot_window_return/random/WMT/seed_46/last_model_comparison_20260828_092208.csv,results/normalization_pilot_window_return/random/WMT/seed_46/last_baseline_scores_after_observation_20260828_092208.csv
WMT,46,Mean-context,random,test,0.0007691176659041279,0.01937628575277282,0.45263157894736844,5,./logs/output_model/WMT/lr_1e-05_ema_momentum_0.998_mask_ratio_0.7_ratio_patches_10_encoder_256_2_1_predictor_128_2_1_dual_jepa_mae_ljepa_1.0_lmae_0.5_cfg_3b10b0c7e918_epoch_500.pt,fixed_pretraining_epoch_500,ema,True,0.001,0.01,1e-05,0.0005,window_return,raw,relative_return,Close[t+h] / Close[t] - 1,MSE and MAE over all saved rolling-step/horizon target values; project_within_trajectory_v1: sign of consecutive forecast-horizon differences equals sign of consecutive target differences; relative-return paths additionally include the known zero origin; cumulative/excess log-return targets compare the binary indicators (forecast > 0) and (target > 0) at each horizon,2025-04-01T00:00:00,2025-12-31T00:00:00,7e2990039d7e3566d196,7a9288fa8ec9d59a,7a9288fa8ec9d59a,20260828_092208,61fdd15a28add76845ee8db84408d34295037179,results/normalization_pilot_window_return/random/WMT/seed_46/last_model_comparison_20260828_092208.csv,results/normalization_pilot_window_return/random/WMT/seed_46/last_baseline_scores_after_observation_20260828_092208.csv
WMT,48,Shared-target JEPA--MAE,random,test,0.0007123590714905497,0.0192372340322962,0.5368421052631579,5,./logs/output_model/WMT/lr_1e-05_ema_momentum_0.998_mask_ratio_0.7_ratio_patches_10_encoder_256_2_1_predictor_128_2_1_dual_jepa_mae_ljepa_1.0_lmae_0.5_cfg_3e384558f9d5_epoch_500.pt,fixed_pretraining_epoch_500,ema,True,0.001,0.01,1e-05,0.0005,window_return,raw,relative_return,Close[t+h] / Close[t] - 1,MSE and MAE over all saved rolling-step/horizon target values; project_within_trajectory_v1: sign of consecutive forecast-horizon differences equals sign of consecutive target differences; relative-return paths additionally include the known zero origin; cumulative/excess log-return targets compare the binary indicators (forecast > 0) and (target > 0) at each horizon,2025-04-01T00:00:00,2025-12-31T00:00:00,7e2990039d7e3566d196,7a9288fa8ec9d59a,7a9288fa8ec9d59a,20260828_092226,61fdd15a28add76845ee8db84408d34295037179,results/normalization_pilot_window_return/random/WMT/seed_48/last_model_comparison_20260828_092226.csv,results/normalization_pilot_window_return/random/WMT/seed_48/last_scores_after_observation_20260828_092226.csv
WMT,48,GRU,random,test,0.0006873509956028689,0.01851510577590054,0.531578947368421,5,./logs/output_model/WMT/lr_1e-05_ema_momentum_0.998_mask_ratio_0.7_ratio_patches_10_encoder_256_2_1_predictor_128_2_1_dual_jepa_mae_ljepa_1.0_lmae_0.5_cfg_3e384558f9d5_epoch_500.pt,fixed_pretraining_epoch_500,ema,True,0.001,0.01,1e-05,0.0005,window_return,raw,relative_return,Close[t+h] / Close[t] - 1,MSE and MAE over all saved rolling-step/horizon target values; project_within_trajectory_v1: sign of consecutive forecast-horizon differences equals sign of consecutive target differences; relative-return paths additionally include the known zero origin; cumulative/excess log-return targets compare the binary indicators (forecast > 0) and (target > 0) at each horizon,2025-04-01T00:00:00,2025-12-31T00:00:00,7e2990039d7e3566d196,7a9288fa8ec9d59a,7a9288fa8ec9d59a,20260828_092226,61fdd15a28add76845ee8db84408d34295037179,results/normalization_pilot_window_return/random/WMT/seed_48/last_model_comparison_20260828_092226.csv,results/normalization_pilot_window_return/random/WMT/seed_48/last_gru_scores_after_observation_20260828_092226.csv
WMT,48,Naive-last,random,test,0.0007212958157049027,0.018834191874453853,0.005263157894736842,5,./logs/output_model/WMT/lr_1e-05_ema_momentum_0.998_mask_ratio_0.7_ratio_patches_10_encoder_256_2_1_predictor_128_2_1_dual_jepa_mae_ljepa_1.0_lmae_0.5_cfg_3e384558f9d5_epoch_500.pt,fixed_pretraining_epoch_500,ema,True,0.001,0.01,1e-05,0.0005,window_return,raw,relative_return,Close[t+h] / Close[t] - 1,MSE and MAE over all saved rolling-step/horizon target values; project_within_trajectory_v1: sign of consecutive forecast-horizon differences equals sign of consecutive target differences; relative-return paths additionally include the known zero origin; cumulative/excess log-return targets compare the binary indicators (forecast > 0) and (target > 0) at each horizon,2025-04-01T00:00:00,2025-12-31T00:00:00,7e2990039d7e3566d196,7a9288fa8ec9d59a,7a9288fa8ec9d59a,20260828_092226,61fdd15a28add76845ee8db84408d34295037179,results/normalization_pilot_window_return/random/WMT/seed_48/last_model_comparison_20260828_092226.csv,results/normalization_pilot_window_return/random/WMT/seed_48/last_baseline_scores_after_observation_20260828_092226.csv
WMT,48,Drift,random,test,0.0007714394485388129,0.019366072521418188,0.4473684210526316,5,./logs/output_model/WMT/lr_1e-05_ema_momentum_0.998_mask_ratio_0.7_ratio_patches_10_encoder_256_2_1_predictor_128_2_1_dual_jepa_mae_ljepa_1.0_lmae_0.5_cfg_3e384558f9d5_epoch_500.pt,fixed_pretraining_epoch_500,ema,True,0.001,0.01,1e-05,0.0005,window_return,raw,relative_return,Close[t+h] / Close[t] - 1,MSE and MAE over all saved rolling-step/horizon target values; project_within_trajectory_v1: sign of consecutive forecast-horizon differences equals sign of consecutive target differences; relative-return paths additionally include the known zero origin; cumulative/excess log-return targets compare the binary indicators (forecast > 0) and (target > 0) at each horizon,2025-04-01T00:00:00,2025-12-31T00:00:00,7e2990039d7e3566d196,7a9288fa8ec9d59a,7a9288fa8ec9d59a,20260828_092226,61fdd15a28add76845ee8db84408d34295037179,results/normalization_pilot_window_return/random/WMT/seed_48/last_model_comparison_20260828_092226.csv,results/normalization_pilot_window_return/random/WMT/seed_48/last_baseline_scores_after_observation_20260828_092226.csv
WMT,48,Mean-context,random,test,0.0007691176659041279,0.01937628575277282,0.45263157894736844,5,./logs/output_model/WMT/lr_1e-05_ema_momentum_0.998_mask_ratio_0.7_ratio_patches_10_encoder_256_2_1_predictor_128_2_1_dual_jepa_mae_ljepa_1.0_lmae_0.5_cfg_3e384558f9d5_epoch_500.pt,fixed_pretraining_epoch_500,ema,True,0.001,0.01,1e-05,0.0005,window_return,raw,relative_return,Close[t+h] / Close[t] - 1,MSE and MAE over all saved rolling-step/horizon target values; project_within_trajectory_v1: sign of consecutive forecast-horizon differences equals sign of consecutive target differences; relative-return paths additionally include the known zero origin; cumulative/excess log-return targets compare the binary indicators (forecast > 0) and (target > 0) at each horizon,2025-04-01T00:00:00,2025-12-31T00:00:00,7e2990039d7e3566d196,7a9288fa8ec9d59a,7a9288fa8ec9d59a,20260828_092226,61fdd15a28add76845ee8db84408d34295037179,results/normalization_pilot_window_return/random/WMT/seed_48/last_model_comparison_20260828_092226.csv,results/normalization_pilot_window_return/random/WMT/seed_48/last_baseline_scores_after_observation_20260828_092226.csv
WMT,50,Shared-target JEPA--MAE,random,test,0.0007724195307998961,0.020095053937678235,0.5105263157894737,5,./logs/output_model/WMT/lr_1e-05_ema_momentum_0.998_mask_ratio_0.7_ratio_patches_10_encoder_256_2_1_predictor_128_2_1_dual_jepa_mae_ljepa_1.0_lmae_0.5_cfg_6ae168504261_epoch_500.pt,fixed_pretraining_epoch_500,ema,True,0.001,0.01,1e-05,0.0005,window_return,raw,relative_return,Close[t+h] / Close[t] - 1,MSE and MAE over all saved rolling-step/horizon target values; project_within_trajectory_v1: sign of consecutive forecast-horizon differences equals sign of consecutive target differences; relative-return paths additionally include the known zero origin; cumulative/excess log-return targets compare the binary indicators (forecast > 0) and (target > 0) at each horizon,2025-04-01T00:00:00,2025-12-31T00:00:00,7e2990039d7e3566d196,7a9288fa8ec9d59a,7a9288fa8ec9d59a,20260828_092244,61fdd15a28add76845ee8db84408d34295037179,results/normalization_pilot_window_return/random/WMT/seed_50/last_model_comparison_20260828_092244.csv,results/normalization_pilot_window_return/random/WMT/seed_50/last_scores_after_observation_20260828_092244.csv
WMT,50,GRU,random,test,0.0006729061803272032,0.01843274537669981,0.5263157894736842,5,./logs/output_model/WMT/lr_1e-05_ema_momentum_0.998_mask_ratio_0.7_ratio_patches_10_encoder_256_2_1_predictor_128_2_1_dual_jepa_mae_ljepa_1.0_lmae_0.5_cfg_6ae168504261_epoch_500.pt,fixed_pretraining_epoch_500,ema,True,0.001,0.01,1e-05,0.0005,window_return,raw,relative_return,Close[t+h] / Close[t] - 1,MSE and MAE over all saved rolling-step/horizon target values; project_within_trajectory_v1: sign of consecutive forecast-horizon differences equals sign of consecutive target differences; relative-return paths additionally include the known zero origin; cumulative/excess log-return targets compare the binary indicators (forecast > 0) and (target > 0) at each horizon,2025-04-01T00:00:00,2025-12-31T00:00:00,7e2990039d7e3566d196,7a9288fa8ec9d59a,7a9288fa8ec9d59a,20260828_092244,61fdd15a28add76845ee8db84408d34295037179,results/normalization_pilot_window_return/random/WMT/seed_50/last_model_comparison_20260828_092244.csv,results/normalization_pilot_window_return/random/WMT/seed_50/last_gru_scores_after_observation_20260828_092244.csv
WMT,50,Naive-last,random,test,0.0007212958157049027,0.018834191874453853,0.005263157894736842,5,./logs/output_model/WMT/lr_1e-05_ema_momentum_0.998_mask_ratio_0.7_ratio_patches_10_encoder_256_2_1_predictor_128_2_1_dual_jepa_mae_ljepa_1.0_lmae_0.5_cfg_6ae168504261_epoch_500.pt,fixed_pretraining_epoch_500,ema,True,0.001,0.01,1e-05,0.0005,window_return,raw,relative_return,Close[t+h] / Close[t] - 1,MSE and MAE over all saved rolling-step/horizon target values; project_within_trajectory_v1: sign of consecutive forecast-horizon differences equals sign of consecutive target differences; relative-return paths additionally include the known zero origin; cumulative/excess log-return targets compare the binary indicators (forecast > 0) and (target > 0) at each horizon,2025-04-01T00:00:00,2025-12-31T00:00:00,7e2990039d7e3566d196,7a9288fa8ec9d59a,7a9288fa8ec9d59a,20260828_092244,61fdd15a28add76845ee8db84408d34295037179,results/normalization_pilot_window_return/random/WMT/seed_50/last_model_comparison_20260828_092244.csv,results/normalization_pilot_window_return/random/WMT/seed_50/last_baseline_scores_after_observation_20260828_092244.csv
WMT,50,Drift,random,test,0.0007714394485388129,0.019366072521418188,0.4473684210526316,5,./logs/output_model/WMT/lr_1e-05_ema_momentum_0.998_mask_ratio_0.7_ratio_patches_10_encoder_256_2_1_predictor_128_2_1_dual_jepa_mae_ljepa_1.0_lmae_0.5_cfg_6ae168504261_epoch_500.pt,fixed_pretraining_epoch_500,ema,True,0.001,0.01,1e-05,0.0005,window_return,raw,relative_return,Close[t+h] / Close[t] - 1,MSE and MAE over all saved rolling-step/horizon target values; project_within_trajectory_v1: sign of consecutive forecast-horizon differences equals sign of consecutive target differences; relative-return paths additionally include the known zero origin; cumulative/excess log-return targets compare the binary indicators (forecast > 0) and (target > 0) at each horizon,2025-04-01T00:00:00,2025-12-31T00:00:00,7e2990039d7e3566d196,7a9288fa8ec9d59a,7a9288fa8ec9d59a,20260828_092244,61fdd15a28add76845ee8db84408d34295037179,results/normalization_pilot_window_return/random/WMT/seed_50/last_model_comparison_20260828_092244.csv,results/normalization_pilot_window_return/random/WMT/seed_50/last_baseline_scores_after_observation_20260828_092244.csv
WMT,50,Mean-context,random,test,0.0007691176659041279,0.01937628575277282,0.45263157894736844,5,./logs/output_model/WMT/lr_1e-05_ema_momentum_0.998_mask_ratio_0.7_ratio_patches_10_encoder_256_2_1_predictor_128_2_1_dual_jepa_mae_ljepa_1.0_lmae_0.5_cfg_6ae168504261_epoch_500.pt,fixed_pretraining_epoch_500,ema,True,0.001,0.01,1e-05,0.0005,window_return,raw,relative_return,Close[t+h] / Close[t] - 1,MSE and MAE over all saved rolling-step/horizon target values; project_within_trajectory_v1: sign of consecutive forecast-horizon differences equals sign of consecutive target differences; relative-return paths additionally include the known zero origin; cumulative/excess log-return targets compare the binary indicators (forecast > 0) and (target > 0) at each horizon,2025-04-01T00:00:00,2025-12-31T00:00:00,7e2990039d7e3566d196,7a9288fa8ec9d59a,7a9288fa8ec9d59a,20260828_092244,61fdd15a28add76845ee8db84408d34295037179,results/normalization_pilot_window_return/random/WMT/seed_50/last_model_comparison_20260828_092244.csv,results/normalization_pilot_window_return/random/WMT/seed_50/last_baseline_scores_after_observation_20260828_092244.csv
