Date,Open,High,Low,Close,Volume,sentiment_mean,sentiment_sum,sentiment_max,sentiment_min,sentiment_std,news_count
2015-01-02,78.58000183105469,78.93000030517578,77.69999694824219,78.44999694824219,18177500,0.0,0.0,0.0,0.0,0.0,0.0
2015-01-05,77.9800033569336,79.25,76.86000061035156,77.19000244140625,26452200,0.0,0.0,0.0,0.0,0.0,0.0
2015-01-06,77.2300033569336,77.58999633789062,75.36000061035156,76.1500015258789,27399300,0.0,0.0,0.0,0.0,0.0,0.0
2015-01-07,76.76000213623047,77.36000061035156,75.81999969482422,76.1500015258789,22045300,0.0,0.0,0.0,0.0,0.0,0.0
2015-01-08,76.73999786376953,78.2300033569336,76.08000183105469,78.18000030517578,23961000,0.0,0.0,0.0,0.0,0.0,0.0
2015-01-09,78.19999694824219,78.62000274658203,77.19999694824219,77.73999786376953,21157000,0.0,0.0,0.0,0.0,0.0,0.0
2015-01-12,77.83999633789062,78.0,76.20999908447266,76.72000122070312,19190200,0.0,0.0,0.0,0.0,0.0,0.0
2015-01-13,77.2300033569336,78.08000183105469,75.8499984741211,76.44999694824219,25179600,0.0,0.0,0.0,0.0,0.0,0.0
2015-01-14,76.41999816894531,77.19999694824219,76.02999877929688,76.27999877929688,25918600,0.0,0.0,0.0,0.0,0.0,0.0
2015-01-15,76.4000015258789,76.56999969482422,73.54000091552734,74.05000305175781,34134000,0.0,0.0,0.0,0.0,0.0,0.0
2015-01-16,74.04000091552734,75.31999969482422,73.83999633789062,75.18000030517578,21791500,0.0,0.0,0.0,0.0,0.0,0.0
2015-01-20,75.72000122070312,76.30999755859375,74.81999969482422,76.23999786376953,22821600,0.0,0.0,0.0,0.0,0.0,0.0
2015-01-21,76.16000366210938,77.30000305175781,75.8499984741211,76.73999786376953,25096700,0.0,0.0,0.0,0.0,0.0,0.0
2015-01-22,77.16999816894531,77.75,76.68000030517578,77.6500015258789,19519500,0.0,0.0,0.0,0.0,0.0,0.0
2015-01-23,77.6500015258789,78.19000244140625,77.04000091552734,77.83000183105469,16746500,0.0,0.0,0.0,0.0,0.0,0.0
2015-01-26,77.9800033569336,78.47000122070312,77.29000091552734,77.5,19260800,0.0,0.0,0.0,0.0,0.0,0.0
2015-01-27,76.70999908447266,76.87999725341797,75.62999725341797,75.77999877929688,20110000,0.0,0.0,0.0,0.0,0.0,0.0
2015-01-28,76.9000015258789,77.63999938964844,76.0,76.23999786376953,53306400,0.0,0.0,0.0,0.0,0.0,0.0
2015-01-29,76.8499984741211,78.0199966430664,74.20999908447266,78.0,61293500,0.0,0.0,0.0,0.0,0.0,0.0
2015-01-30,78.0,78.16000366210938,75.75,75.91000366210938,42649500,0.0,0.0,0.0,0.0,0.0,0.0
2015-02-02,76.11000061035156,76.13999938964844,73.75,74.98999786376953,41955300,0.0,0.0,0.0,0.0,0.0,0.0
2015-02-03,75.19000244140625,75.58000183105469,73.86000061035156,75.4000015258789,26957700,0.0,0.0,0.0,0.0,0.0,0.0
2015-02-04,75.08999633789062,76.3499984741211,75.01000213623047,75.62999725341797,20277400,0.0,0.0,0.0,0.0,0.0,0.0
2015-02-05,75.70999908447266,75.9800033569336,75.20999908447266,75.61000061035156,15062600,0.0,0.0,0.0,0.0,0.0,0.0
2015-02-06,75.68000030517578,75.69999694824219,74.25,74.47000122070312,21211000,0.0,0.0,0.0,0.0,0.0,0.0
2015-02-09,74.05000305175781,74.83000183105469,73.44999694824219,74.44000244140625,16194300,0.0,0.0,0.0,0.0,0.0,0.0
2015-02-10,74.8499984741211,75.33999633789062,74.5,75.19000244140625,15811300,0.0,0.0,0.0,0.0,0.0,0.0
2015-02-11,75.08999633789062,76.75,75.02999877929688,76.51000213623047,20877400,0.0,0.0,0.0,0.0,0.0,0.0
2015-02-12,76.86000061035156,76.87000274658203,75.88999938964844,76.2300033569336,17235000,0.0,0.0,0.0,0.0,0.0,0.0
2015-02-13,76.45999908447266,76.4800033569336,75.5,75.73999786376953,18621900,0.0,0.0,0.0,0.0,0.0,0.0
2015-02-17,75.30000305175781,76.91000366210938,75.08000183105469,75.5999984741211,25254400,0.0,0.0,0.0,0.0,0.0,0.0
2015-02-18,75.94000244140625,76.9000015258789,75.44999694824219,76.70999908447266,22426400,0.0,0.0,0.0,0.0,0.0,0.0
2015-02-19,76.98999786376953,79.83999633789062,76.94999694824219,79.41999816894531,45851200,0.0,0.0,0.0,0.0,0.0,0.0
2015-02-20,79.55000305175781,80.33999633789062,79.19999694824219,79.9000015258789,36931700,0.0,0.0,0.0,0.0,0.0,0.0
2015-02-23,79.95999908447266,80.19000244140625,78.37999725341797,78.83999633789062,24139100,0.0,0.0,0.0,0.0,0.0,0.0
2015-02-24,78.5,79.4800033569336,78.0999984741211,78.44999694824219,18897100,0.0,0.0,0.0,0.0,0.0,0.0
2015-02-25,78.5,80.19999694824219,78.5,79.55999755859375,25593800,0.0,0.0,0.0,0.0,0.0,0.0
2015-02-26,79.87999725341797,81.37000274658203,79.72000122070312,80.41000366210938,31111900,0.0,0.0,0.0,0.0,0.0,0.0
2015-02-27,80.68000030517578,81.2300033569336,78.62000274658203,78.97000122070312,30739200,0.0,0.0,0.0,0.0,0.0,0.0
2015-03-02,79.0,79.86000061035156,78.5199966430664,79.75,21662500,0.0,0.0,0.0,0.0,0.0,0.0
2015-03-03,79.61000061035156,79.69999694824219,78.5199966430664,79.5999984741211,18635000,0.0,0.0,0.0,0.0,0.0,0.0
2015-03-04,79.30000305175781,81.1500015258789,78.8499984741211,80.9000015258789,28126700,0.0,0.0,0.0,0.0,0.0,0.0
2015-03-05,81.2300033569336,81.98999786376953,81.05000305175781,81.20999908447266,27825700,0.0,0.0,0.0,0.0,0.0,0.0
2015-03-06,80.9000015258789,81.33000183105469,79.83000183105469,80.01000213623047,24488600,0.0,0.0,0.0,0.0,0.0,0.0
2015-03-09,79.68000030517578,79.91000366210938,78.62999725341797,79.44000244140625,18925100,0.0,0.0,0.0,0.0,0.0,0.0
2015-03-10,78.5,79.26000213623047,77.55000305175781,77.55000305175781,23067100,0.0,0.0,0.0,0.0,0.0,0.0
2015-03-11,77.80000305175781,78.43000030517578,77.26000213623047,77.56999969482422,20215700,0.0,0.0,0.0,0.0,0.0,0.0
2015-03-12,78.0999984741211,79.05000305175781,77.91000366210938,78.93000030517578,16093300,0.0,0.0,0.0,0.0,0.0,0.0
2015-03-13,78.5999984741211,79.37999725341797,77.68000030517578,78.05000305175781,18557300,0.0,0.0,0.0,0.0,0.0,0.0
2015-03-16,77.95999908447266,78.12000274658203,77.36000061035156,78.06999969482422,19305400,0.0,0.0,0.0,0.0,0.0,0.0
2015-03-17,78.36000061035156,79.77999877929688,78.33999633789062,79.36000061035156,22170000,0.0,0.0,0.0,0.0,0.0,0.0
2015-03-18,79.25,81.23999786376953,79.16999816894531,80.91000366210938,36912400,0.0,0.0,0.0,0.0,0.0,0.0
2015-03-19,81.12000274658203,83.0,81.0,82.75,42099500,0.0,0.0,0.0,0.0,0.0,0.0
2015-03-20,83.38999938964844,84.5999984741211,83.06999969482422,83.80000305175781,44466300,0.0,0.0,0.0,0.0,0.0,0.0
2015-03-23,83.91999816894531,84.95999908447266,83.30000305175781,84.43000030517578,27357300,0.0,0.0,0.0,0.0,0.0,0.0
2015-03-24,84.70999908447266,86.06999969482422,84.5199966430664,85.30999755859375,32576500,0.0,0.0,0.0,0.0,0.0,0.0
2015-03-25,85.5,85.5199966430664,82.91999816894531,82.91999816894531,37436100,0.0,0.0,0.0,0.0,0.0,0.0
2015-03-26,82.72000122070312,83.7699966430664,82.13999938964844,83.01000213623047,32794800,0.0,0.0,0.0,0.0,0.0,0.0
2015-03-27,83.37999725341797,83.94999694824219,82.87999725341797,83.30000305175781,18372600,0.0,0.0,0.0,0.0,0.0,0.0
2015-03-30,83.80999755859375,84.33999633789062,82.41000366210938,83.19999694824219,24527700,0.0,0.0,0.0,0.0,0.0,0.0
2015-03-31,82.9000015258789,83.5,82.20999908447266,82.22000122070312,19734300,0.0,0.0,0.0,0.0,0.0,0.0
2015-04-01,82.5,82.72000122070312,80.87000274658203,81.66999816894531,22058200,0.0,0.0,0.0,0.0,0.0,0.0
2015-04-02,82.25,82.55999755859375,81.44000244140625,81.55999755859375,19664100,0.0,0.0,0.0,0.0,0.0,0.0
2015-04-06,80.80000305175781,82.80999755859375,80.80000305175781,82.44000244140625,19062900,0.0,0.0,0.0,0.0,0.0,0.0
2015-04-07,82.6500015258789,83.41999816894531,82.22000122070312,82.31999969482422,17467000,0.0,0.0,0.0,0.0,0.0,0.0
2015-04-08,82.62999725341797,83.0999984741211,81.83999633789062,82.27999877929688,18966700,0.0,0.0,0.0,0.0,0.0,0.0
2015-04-09,82.5,82.80000305175781,81.70999908447266,82.16999816894531,15927300,0.0,0.0,0.0,0.0,0.0,0.0
2015-04-10,82.20999908447266,82.61000061035156,81.91000366210938,82.04000091552734,12529700,0.0,0.0,0.0,0.0,0.0,0.0
2015-04-13,81.93000030517578,83.94000244140625,81.91999816894531,83.01000213623047,26883100,0.0,0.0,0.0,0.0,0.0,0.0
2015-04-14,83.16999816894531,83.69000244140625,82.44000244140625,83.5199966430664,19634200,0.0,0.0,0.0,0.0,0.0,0.0
2015-04-15,83.55000305175781,83.66000366210938,82.2699966430664,82.70999908447266,22390900,0.0,0.0,0.0,0.0,0.0,0.0
2015-04-16,82.47000122070312,83.06999969482422,82.1500015258789,82.30999755859375,13769700,0.0,0.0,0.0,0.0,0.0,0.0
2015-04-17,81.4800033569336,82.11000061035156,80.37000274658203,80.77999877929688,24215000,0.0,0.0,0.0,0.0,0.0,0.0
2015-04-20,81.54000091552734,83.1500015258789,81.23999786376953,83.08999633789062,28796800,0.0,0.0,0.0,0.0,0.0,0.0
2015-04-21,84.0,84.48999786376953,83.54000091552734,83.62000274658203,27171900,0.0,0.0,0.0,0.0,0.0,0.0
2015-04-22,84.31999969482422,84.73999786376953,83.6500015258789,84.62999725341797,45548000,0.0,0.0,0.0,0.0,0.0,0.0
2015-04-23,84.0999984741211,85.58999633789062,82.41000366210938,82.41000366210938,73728100,0.0,0.0,0.0,0.0,0.0,0.0
2015-04-24,82.7699966430664,82.94000244140625,81.4800033569336,81.52999877929688,29660400,0.0,0.0,0.0,0.0,0.0,0.0
2015-04-27,81.87000274658203,82.93000030517578,81.62999725341797,81.91000366210938,25446000,0.0,0.0,0.0,0.0,0.0,0.0
2015-04-28,81.83000183105469,81.9000015258789,80.2300033569336,80.68000030517578,23775300,0.0,0.0,0.0,0.0,0.0,0.0
2015-04-29,80.01000213623047,81.38999938964844,79.5199966430664,80.47000122070312,26430300,0.0,0.0,0.0,0.0,0.0,0.0
2015-04-30,80.01000213623047,80.95999908447266,78.31999969482422,78.7699966430664,28999000,0.0,0.0,0.0,0.0,0.0,0.0
2015-05-01,79.23999786376953,79.76000213623047,78.11000061035156,78.98999786376953,24136400,0.0,0.0,0.0,0.0,0.0,0.0
2015-05-04,79.33000183105469,79.69000244140625,78.62999725341797,78.80999755859375,14692000,0.0,0.0,0.0,0.0,0.0,0.0
2015-05-05,78.55000305175781,78.80000305175781,77.22000122070312,77.55999755859375,22311300,0.0,0.0,0.0,0.0,0.0,0.0
2015-05-06,77.97000122070312,78.80999755859375,77.05000305175781,78.0999984741211,28663000,0.0,0.0,0.0,0.0,0.0,0.0
2015-05-07,78.0,78.94000244140625,77.55999755859375,78.43000030517578,19749400,0.0,0.0,0.0,0.0,0.0,0.0
2015-05-08,79.0999984741211,79.2300033569336,78.02999877929688,78.51000213623047,19943600,0.0,0.0,0.0,0.0,0.0,0.0
2015-05-11,78.4800033569336,79.02999877929688,77.93000030517578,78.01000213623047,18874100,0.0,0.0,0.0,0.0,0.0,0.0
2015-05-12,77.87000274658203,77.88999938964844,76.79000091552734,77.45999908447266,21285300,0.0,0.0,0.0,0.0,0.0,0.0
2015-05-13,77.72000122070312,78.52999877929688,77.6500015258789,78.44000244140625,21512300,0.0,0.0,0.0,0.0,0.0,0.0
2015-05-14,78.94000244140625,81.8499984741211,78.66999816894531,81.37000274658203,49438000,0.0,0.0,0.0,0.0,0.0,0.0
2015-05-15,81.41000366210938,81.5199966430664,80.18000030517578,80.41999816894531,27069900,0.0,0.0,0.0,0.0,0.0,0.0
2015-05-18,80.33000183105469,81.37999725341797,80.2300033569336,80.87999725341797,21613700,0.0,0.0,0.0,0.0,0.0,0.0
2015-05-19,81.25,81.69000244140625,80.55000305175781,80.62999725341797,17955400,0.0,0.0,0.0,0.0,0.0,0.0
2015-05-20,80.47000122070312,81.0999984741211,79.45999908447266,80.55000305175781,23056900,0.0,0.0,0.0,0.0,0.0,0.0
2015-05-21,80.19000244140625,80.91999816894531,80.08000183105469,80.4800033569336,13402700,0.0,0.0,0.0,0.0,0.0,0.0
2015-05-22,80.3499984741211,81.30999755859375,80.25,80.54000091552734,19567900,0.0,0.0,0.0,0.0,0.0,0.0
2015-05-26,80.43000030517578,80.5999984741211,79.08000183105469,79.33000183105469,16321300,0.0,0.0,0.0,0.0,0.0,0.0
2015-05-27,79.5999984741211,80.66000366210938,79.43000030517578,80.55000305175781,14160900,0.0,0.0,0.0,0.0,0.0,0.0
2015-05-28,80.25,81.06999969482422,80.0,80.1500015258789,11982000,0.0,0.0,0.0,0.0,0.0,0.0
2015-05-29,79.94999694824219,80.06999969482422,78.87999725341797,79.19000244140625,16134600,0.0,0.0,0.0,0.0,0.0,0.0
2015-06-01,79.30000305175781,80.37999725341797,78.66000366210938,80.29000091552734,18119000,0.0,0.0,0.0,0.0,0.0,0.0
2015-06-02,79.76000213623047,81.3499984741211,79.55999755859375,80.44000244140625,18923300,0.0,0.0,0.0,0.0,0.0,0.0
2015-06-03,81.3499984741211,82.52999877929688,81.25,82.44000244140625,31775000,0.0,0.0,0.0,0.0,0.0,0.0
2015-06-04,82.13999938964844,82.94999694824219,81.51000213623047,82.05000305175781,20863900,0.0,0.0,0.0,0.0,0.0,0.0
2015-06-05,81.87000274658203,82.45999908447266,81.51000213623047,82.13999938964844,16143100,0.0,0.0,0.0,0.0,0.0,0.0
2015-06-08,81.81999969482422,82.0,80.12999725341797,80.66999816894531,16915500,0.0,0.0,0.0,0.0,0.0,0.0
2015-06-09,80.5999984741211,81.19000244140625,79.31999969482422,80.66999816894531,16497500,0.0,0.0,0.0,0.0,0.0,0.0
2015-06-10,80.83000183105469,82.5999984741211,80.80999755859375,82.16000366210938,21531200,0.0,0.0,0.0,0.0,0.0,0.0
2015-06-11,82.30999755859375,82.9000015258789,81.36000061035156,81.83000183105469,18656800,0.0,0.0,0.0,0.0,0.0,0.0
2015-06-12,81.37000274658203,82.08999633789062,81.19999694824219,81.52999877929688,11417900,0.0,0.0,0.0,0.0,0.0,0.0
2015-06-15,80.55000305175781,80.93000030517578,80.06999969482422,80.70999908447266,18805100,0.0,0.0,0.0,0.0,0.0,0.0
2015-06-16,80.81999969482422,81.51000213623047,80.44999694824219,81.05999755859375,13693700,0.0,0.0,0.0,0.0,0.0,0.0
2015-06-17,81.76000213623047,82.22000122070312,81.33999633789062,81.79000091552734,18350300,0.0,0.0,0.0,0.0,0.0,0.0
2015-06-18,81.63999938964844,83.19000244140625,81.56999969482422,82.91000366210938,26782600,0.0,0.0,0.0,0.0,0.0,0.0
2015-06-19,82.83000183105469,82.9800033569336,82.12000274658203,82.51000213623047,23353200,0.0,0.0,0.0,0.0,0.0,0.0
2015-06-22,83.41000366210938,84.97000122070312,83.30999755859375,84.73999786376953,29383100,0.0,0.0,0.0,0.0,0.0,0.0
2015-06-23,84.95999908447266,87.97000122070312,84.76000213623047,87.87999725341797,50667900,0.0,0.0,0.0,0.0,0.0,0.0
2015-06-24,87.66000366210938,89.25,87.44999694824219,88.86000061035156,41370200,0.0,0.0,0.0,0.0,0.0,0.0
2015-06-25,89.26000213623047,89.4000015258789,87.83999633789062,87.9800033569336,27302000,0.0,0.0,0.0,0.0,0.0,0.0
2015-06-26,88.12000274658203,88.33999633789062,86.83000183105469,88.01000213623047,38214600,0.0,0.0,0.0,0.0,0.0,0.0
2015-06-29,86.61000061035156,87.5,85.7300033569336,85.80000305175781,35957900,0.0,0.0,0.0,0.0,0.0,0.0
2015-06-30,86.5999984741211,86.69999694824219,85.56999969482422,85.7699966430664,23016500,0.0,0.0,0.0,0.0,0.0,0.0
2015-07-01,86.7699966430664,87.94999694824219,86.48999786376953,86.91000366210938,25260000,0.0,0.0,0.0,0.0,0.0,0.0
2015-07-02,87.4000015258789,87.44000244140625,86.33999633789062,87.29000091552734,16908800,0.0,0.0,0.0,0.0,0.0,0.0
2015-07-06,86.48999786376953,88.19000244140625,86.38999938964844,87.55000305175781,24635900,0.0,0.0,0.0,0.0,0.0,0.0
2015-07-07,87.80000305175781,87.8499984741211,85.2300033569336,87.22000122070312,33059900,0.0,0.0,0.0,0.0,0.0,0.0
2015-07-08,86.29000091552734,86.75,85.44999694824219,85.6500015258789,24399300,0.0,0.0,0.0,0.0,0.0,0.0
2015-07-09,86.7300033569336,87.5999984741211,85.6500015258789,85.87999725341797,23307400,0.0,0.0,0.0,0.0,0.0,0.0
2015-07-10,87.3499984741211,88.22000122070312,86.7699966430664,87.94999694824219,23245900,0.0,0.0,0.0,0.0,0.0,0.0
2015-07-13,88.66000366210938,90.22000122070312,88.41999816894531,90.0999984741211,29976700,0.0,0.0,0.0,0.0,0.0,0.0
2015-07-14,90.45999908447266,90.8000030517578,89.6500015258789,89.68000030517578,26627800,0.0,0.0,0.0,0.0,0.0,0.0
2015-07-15,90.0,90.98999786376952,89.41999816894531,89.76000213623047,30886600,0.0,0.0,0.0,0.0,0.0,0.0
2015-07-16,90.27999877929688,90.86000061035156,89.7699966430664,90.8499984741211,21804100,0.0,0.0,0.0,0.0,0.0,0.0
2015-07-17,92.5500030517578,95.38999938964844,92.54000091552734,94.97000122070312,54001600,0.0,0.0,0.0,0.0,0.0,0.0
2015-07-20,95.8499984741211,98.5999984741211,95.36000061035156,97.91000366210938,54860500,0.0,0.0,0.0,0.0,0.0,0.0
2015-07-21,98.9499969482422,99.23999786376952,97.13999938964844,98.38999938964844,39453300,0.0,0.0,0.0,0.0,0.0,0.0
2015-07-22,96.73999786376952,97.58000183105467,95.91999816894533,97.04000091552734,28299500,0.0,0.0,0.0,0.0,0.0,0.0
2015-07-23,96.95999908447266,97.4499969482422,94.80999755859376,95.44000244140624,29418800,0.0,0.0,0.0,0.0,0.0,0.0
2015-07-24,97.3499984741211,97.76000213623048,95.87999725341795,96.9499969482422,33444900,0.0,0.0,0.0,0.0,0.0,0.0
2015-07-27,96.58000183105467,96.61000061035156,93.83000183105467,94.16999816894533,38585400,0.0,0.0,0.0,0.0,0.0,0.0
2015-07-28,94.83999633789062,95.55999755859376,93.30999755859376,95.29000091552734,35236000,0.0,0.0,0.0,0.0,0.0,0.0
2015-07-29,96.31999969482422,97.27999877929688,94.73999786376952,96.98999786376952,64648300,0.0,0.0,0.0,0.0,0.0,0.0
2015-07-30,94.91000366210938,95.80999755859376,91.8000030517578,95.20999908447266,86211300,0.0,0.0,0.0,0.0,0.0,0.0
2015-07-31,94.9499969482422,96.33000183105467,93.9499969482422,94.01000213623048,46509000,0.0,0.0,0.0,0.0,0.0,0.0
2015-08-03,93.52999877929688,95.08000183105467,92.8000030517578,94.13999938964844,29343100,0.0,0.0,0.0,0.0,0.0,0.0
2015-08-04,93.79000091552734,94.7300033569336,93.33000183105467,94.05999755859376,20136000,0.0,0.0,0.0,0.0,0.0,0.0
2015-08-05,95.25,97.08999633789062,95.18000030517578,96.44000244140624,29813200,0.0,0.0,0.0,0.0,0.0,0.0
2015-08-06,97.18000030517578,98.73999786376952,94.41999816894533,95.12000274658205,42271300,0.0,0.0,0.0,0.0,0.0,0.0
2015-08-07,95.37999725341795,95.4000015258789,93.61000061035156,94.3000030517578,23199100,0.0,0.0,0.0,0.0,0.0,0.0
2015-08-10,95.68000030517578,95.9000015258789,93.62999725341795,94.1500015258789,21624200,0.0,0.0,0.0,0.0,0.0,0.0
2015-08-11,93.7300033569336,94.76000213623048,92.9000015258789,93.62000274658205,22491000,0.0,0.0,0.0,0.0,0.0,0.0
2015-08-12,92.6999969482422,94.44000244140624,91.19000244140624,94.19000244140624,27050500,0.0,0.0,0.0,0.0,0.0,0.0
2015-08-13,94.0500030517578,94.7300033569336,93.3499984741211,93.43000030517578,17451800,0.0,0.0,0.0,0.0,0.0,0.0
2015-08-14,93.54000091552734,94.72000122070312,93.20999908447266,94.41999816894533,15929700,0.0,0.0,0.0,0.0,0.0,0.0
2015-08-17,94.41999816894533,94.45999908447266,93.38999938964844,93.93000030517578,18313500,0.0,0.0,0.0,0.0,0.0,0.0
2015-08-18,94.08000183105467,95.8499984741211,94.04000091552734,95.16999816894533,22278800,0.0,0.0,0.0,0.0,0.0,0.0
2015-08-19,94.62999725341795,96.0999984741211,94.16000366210938,95.30999755859376,23251300,0.0,0.0,0.0,0.0,0.0,0.0
2015-08-20,93.54000091552734,94.7699966430664,90.45999908447266,90.55999755859376,44598200,0.0,0.0,0.0,0.0,0.0,0.0
2015-08-21,87.5199966430664,89.18000030517578,85.61000061035156,86.05999755859375,62778700,0.0,0.0,0.0,0.0,0.0,0.0
2015-08-24,77.02999877929688,82.08999633789062,72.0,82.08999633789062,83710700,0.0,0.0,0.0,0.0,0.0,0.0
2015-08-25,86.94999694824219,87.66999816894531,83.0,83.0,52021200,0.0,0.0,0.0,0.0,0.0,0.0
2015-08-26,85.94999694824219,87.45999908447266,83.26000213623047,87.19000244140625,45124300,0.0,0.0,0.0,0.0,0.0,0.0
2015-08-27,89.0999984741211,90.05999755859375,87.19000244140625,89.7300033569336,42431400,0.0,0.0,0.0,0.0,0.0,0.0
2015-08-28,89.87999725341797,91.4800033569336,89.79000091552734,91.01000213623048,33215900,0.0,0.0,0.0,0.0,0.0,0.0
2015-08-31,90.5999984741211,91.0500030517578,88.88999938964844,89.43000030517578,32850700,0.0,0.0,0.0,0.0,0.0,0.0
2015-09-01,86.8499984741211,89.38999938964844,86.5,87.2300033569336,36097400,0.0,0.0,0.0,0.0,0.0,0.0
2015-09-02,88.80999755859375,89.88999938964844,87.62999725341797,89.88999938964844,27190500,0.0,0.0,0.0,0.0,0.0,0.0
2015-09-03,89.76000213623047,89.81999969482422,87.7300033569336,88.1500015258789,27048200,0.0,0.0,0.0,0.0,0.0,0.0
2015-09-04,87.19999694824219,88.38999938964844,86.69999694824219,88.26000213623047,27328700,0.0,0.0,0.0,0.0,0.0,0.0
2015-09-08,89.69000244140625,90.23999786376952,88.83000183105469,89.52999877929688,27012500,0.0,0.0,0.0,0.0,0.0,0.0
2015-09-09,90.77999877929688,91.9800033569336,90.16999816894533,90.44000244140624,32551100,0.0,0.0,0.0,0.0,0.0,0.0
2015-09-10,90.06999969482422,92.05999755859376,89.62999725341797,91.9800033569336,26437400,0.0,0.0,0.0,0.0,0.0,0.0
2015-09-11,91.68000030517578,92.08000183105467,91.12999725341795,92.0500030517578,21185000,0.0,0.0,0.0,0.0,0.0,0.0
2015-09-14,92.30999755859376,92.62000274658205,91.5999984741211,92.30999755859376,20127900,0.0,0.0,0.0,0.0,0.0,0.0
2015-09-15,92.37000274658205,93.25,91.79000091552734,92.9000015258789,18859400,0.0,0.0,0.0,0.0,0.0,0.0
2015-09-16,92.9000015258789,93.5999984741211,92.62999725341795,93.4499969482422,16321200,0.0,0.0,0.0,0.0,0.0,0.0
2015-09-17,93.37000274658205,95.51000213623048,92.9000015258789,94.33999633789062,27841800,0.0,0.0,0.0,0.0,0.0,0.0
2015-09-18,93.1999969482422,95.19000244140624,93.0500030517578,94.4000015258789,62300000,0.0,0.0,0.0,0.0,0.0,0.0
2015-09-21,94.62000274658205,96.48999786376952,94.5199966430664,95.5500030517578,28790000,0.0,0.0,0.0,0.0,0.0,0.0
2015-09-22,93.7699966430664,94.68000030517578,91.91999816894533,92.95999908447266,36888900,0.0,0.0,0.0,0.0,0.0,0.0
2015-09-23,93.4000015258789,94.31999969482422,92.8000030517578,93.97000122070312,21701400,0.0,0.0,0.0,0.0,0.0,0.0
2015-09-24,93.05999755859376,94.7699966430664,92.23999786376952,94.41000366210938,29106000,0.0,0.0,0.0,0.0,0.0,0.0
2015-09-25,95.79000091552734,95.8499984741211,92.05999755859376,92.7699966430664,28961600,0.0,0.0,0.0,0.0,0.0,0.0
2015-09-28,92.08000183105467,92.29000091552734,88.18000030517578,89.20999908447266,41199900,0.0,0.0,0.0,0.0,0.0,0.0
2015-09-29,89.0999984741211,90.05999755859375,85.72000122070312,86.66999816894531,42281800,0.0,0.0,0.0,0.0,0.0,0.0
2015-09-30,88.44000244140625,90.0199966430664,88.01000213623047,89.9000015258789,36169100,0.0,0.0,0.0,0.0,0.0,0.0
2015-10-01,90.05000305175781,90.9499969482422,88.36000061035156,90.9499969482422,29283700,0.0,0.0,0.0,0.0,0.0,0.0
2015-10-02,88.9000015258789,92.1999969482422,88.37000274658203,92.06999969482422,37881700,0.0,0.0,0.0,0.0,0.0,0.0
2015-10-05,92.94000244140624,94.2699966430664,92.66000366210938,94.01000213623048,27292500,0.0,0.0,0.0,0.0,0.0,0.0
2015-10-06,94.08000183105467,94.16999816894533,92.33999633789062,92.8000030517578,22172800,0.0,0.0,0.0,0.0,0.0,0.0
2015-10-07,93.11000061035156,93.66000366210938,91.37000274658205,92.4000015258789,24129300,0.0,0.0,0.0,0.0,0.0,0.0
2015-10-08,91.88999938964844,93.22000122070312,90.47000122070312,92.47000122070312,27290500,0.0,0.0,0.0,0.0,0.0,0.0
2015-10-09,92.9000015258789,93.73999786376952,92.23999786376952,93.23999786376952,20012900,0.0,0.0,0.0,0.0,0.0,0.0
2015-10-12,93.31999969482422,94.5999984741211,92.66999816894533,94.26000213623048,18449600,0.0,0.0,0.0,0.0,0.0,0.0
2015-10-13,93.66000366210938,95.37000274658205,93.5500030517578,94.12000274658205,19480300,0.0,0.0,0.0,0.0,0.0,0.0
2015-10-14,94.08000183105467,95.1999969482422,93.61000061035156,94.06999969482422,19253400,0.0,0.0,0.0,0.0,0.0,0.0
2015-10-15,94.98999786376952,96.3000030517578,94.9000015258789,95.95999908447266,27557500,0.0,0.0,0.0,0.0,0.0,0.0
2015-10-16,96.18000030517578,97.58999633789062,95.3499984741211,97.54000091552734,25412900,0.0,0.0,0.0,0.0,0.0,0.0
2015-10-19,97.18000030517578,98.56999969482422,96.91999816894533,98.47000122070312,23729900,0.0,0.0,0.0,0.0,0.0,0.0
2015-10-20,98.7300033569336,99.58999633789062,96.55999755859376,97.0,30881800,0.0,0.0,0.0,0.0,0.0,0.0
2015-10-21,97.37000274658205,98.18000030517578,96.47000122070312,97.11000061035156,21917800,0.0,0.0,0.0,0.0,0.0,0.0
2015-10-22,97.79000091552734,99.7300033569336,97.5500030517578,99.66999816894533,26392100,0.0,0.0,0.0,0.0,0.0,0.0
2015-10-23,101.91000366210938,102.8499984741211,100.16000366210938,102.19000244140624,42809700,0.0,0.0,0.0,0.0,0.0,0.0
2015-10-26,102.1999969482422,103.80999755859376,101.5500030517578,103.7699966430664,25961200,0.0,0.0,0.0,0.0,0.0,0.0
2015-10-27,102.94000244140624,104.0999984741211,102.4000015258789,103.6999969482422,23795500,0.0,0.0,0.0,0.0,0.0,0.0
2015-10-28,103.9000015258789,104.4800033569336,102.91999816894533,104.1999969482422,24081500,0.0,0.0,0.0,0.0,0.0,0.0
2015-10-29,103.95999908447266,105.12000274658205,103.5199966430664,104.87999725341795,20316700,0.0,0.0,0.0,0.0,0.0,0.0
2015-10-30,104.51000213623048,104.72000122070312,101.6500015258789,101.97000122070312,33487100,0.0,0.0,0.0,0.0,0.0,0.0
2015-11-02,101.72000122070312,103.47000122070312,101.18000030517578,103.30999755859376,24003900,0.0,0.0,0.0,0.0,0.0,0.0
2015-11-03,103.22000122070312,103.6500015258789,102.4000015258789,102.58000183105467,21242300,0.0,0.0,0.0,0.0,0.0,0.0
2015-11-04,103.19000244140624,104.13999938964844,102.4800033569336,103.94000244140624,43469300,0.0,0.0,0.0,0.0,0.0,0.0
2015-11-05,108.8000030517578,110.6500015258789,107.9499969482422,108.76000213623048,63232900,0.0,0.0,0.0,0.0,0.0,0.0
2015-11-06,108.04000091552734,108.73999786376952,105.91000366210938,107.0999984741211,35084300,0.0,0.0,0.0,0.0,0.0,0.0
2015-11-09,107.0,108.25,105.86000061035156,106.48999786376952,26383500,0.0,0.0,0.0,0.0,0.0,0.0
2015-11-10,105.95999908447266,108.1500015258789,105.23999786376952,107.91000366210938,25031700,0.0,0.0,0.0,0.0,0.0,0.0
2015-11-11,108.2699966430664,109.87000274658205,107.11000061035156,109.01000213623048,25057100,0.0,0.0,0.0,0.0,0.0,0.0
2015-11-12,108.4800033569336,109.38999938964844,108.0,108.0199966430664,20924700,0.0,0.0,0.0,0.0,0.0,0.0
2015-11-13,107.70999908447266,108.25,103.83000183105467,103.9499969482422,30278400,0.0,0.0,0.0,0.0,0.0,0.0
2015-11-16,103.31999969482422,104.16999816894533,100.47000122070312,104.04000091552734,49309200,0.0,0.0,0.0,0.0,0.0,0.0
2015-11-17,104.62000274658205,106.1999969482422,104.13999938964844,105.12999725341795,26807200,0.0,0.0,0.0,0.0,0.0,0.0
2015-11-18,105.8000030517578,107.87999725341795,105.38999938964844,107.7699966430664,23836500,0.0,0.0,0.0,0.0,0.0,0.0
2015-11-19,107.36000061035156,107.7300033569336,105.9499969482422,106.26000213623048,25520600,0.0,0.0,0.0,0.0,0.0,0.0
2015-11-20,106.83999633789062,107.87000274658205,106.62000274658205,107.31999969482422,22129600,0.0,0.0,0.0,0.0,0.0,0.0
2015-11-23,107.19000244140624,107.47000122070312,106.08000183105467,106.9499969482422,19897200,0.0,0.0,0.0,0.0,0.0,0.0
2015-11-24,106.0,106.48999786376952,104.38999938964844,105.73999786376952,23577300,0.0,0.0,0.0,0.0,0.0,0.0
2015-11-25,106.33000183105467,106.5999984741211,105.0999984741211,105.41000366210938,15150800,0.0,0.0,0.0,0.0,0.0,0.0
2015-11-27,105.77999877929688,105.95999908447266,104.86000061035156,105.4499969482422,5913100,0.0,0.0,0.0,0.0,0.0,0.0
2015-11-30,105.83999633789062,106.0999984741211,103.75,104.23999786376952,20383200,0.0,0.0,0.0,0.0,0.0,0.0
2015-12-01,104.83000183105467,107.1500015258789,104.5,107.12000274658205,22781900,0.0,0.0,0.0,0.0,0.0,0.0
2015-12-02,107.0,107.91999816894533,105.79000091552734,106.06999969482422,24429100,0.0,0.0,0.0,0.0,0.0,0.0
2015-12-03,106.2699966430664,106.8499984741211,103.3499984741211,104.37999725341795,23236500,0.0,0.0,0.0,0.0,0.0,0.0
2015-12-04,104.80999755859376,107.7300033569336,104.11000061035156,106.18000030517578,21224700,0.0,0.0,0.0,0.0,0.0,0.0
2015-12-07,106.4800033569336,106.83000183105467,104.66000366210938,105.61000061035156,15474900,0.0,0.0,0.0,0.0,0.0,0.0
2015-12-08,104.0,106.91000366210938,103.9499969482422,106.48999786376952,20401800,0.0,0.0,0.0,0.0,0.0,0.0
2015-12-09,106.18000030517578,106.44000244140624,103.5500030517578,104.5999984741211,23517300,0.0,0.0,0.0,0.0,0.0,0.0
2015-12-10,105.0500030517578,106.4000015258789,104.41000366210938,105.41999816894533,17454300,0.0,0.0,0.0,0.0,0.0,0.0
2015-12-11,104.1500015258789,104.33999633789062,101.91000366210938,102.12000274658205,26427700,0.0,0.0,0.0,0.0,0.0,0.0
2015-12-14,102.29000091552734,104.73999786376952,101.45999908447266,104.66000366210938,24648100,0.0,0.0,0.0,0.0,0.0,0.0
2015-12-15,105.3000030517578,105.8000030517578,104.27999877929688,104.5500030517578,21764300,0.0,0.0,0.0,0.0,0.0,0.0
2015-12-16,105.37000274658205,107.08999633789062,104.19000244140624,106.79000091552734,22680500,0.0,0.0,0.0,0.0,0.0,0.0
2015-12-17,107.48999786376952,107.75,106.12999725341795,106.22000122070312,21675700,0.0,0.0,0.0,0.0,0.0,0.0
2015-12-18,106.08000183105467,106.58999633789062,103.97000122070312,104.04000091552734,35994200,0.0,0.0,0.0,0.0,0.0,0.0
2015-12-21,104.91000366210938,105.1500015258789,103.5999984741211,104.7699966430664,16138800,0.0,0.0,0.0,0.0,0.0,0.0
2015-12-22,105.22000122070312,105.66000366210938,104.80999755859376,105.51000213623048,14597100,0.0,0.0,0.0,0.0,0.0,0.0
2015-12-23,105.88999938964844,106.11000061035156,103.86000061035156,104.62999725341795,19599700,0.0,0.0,0.0,0.0,0.0,0.0
2015-12-24,104.73999786376952,105.31999969482422,104.5,105.0199966430664,6501800,0.0,0.0,0.0,0.0,0.0,0.0
2015-12-28,105.0199966430664,105.9800033569336,104.52999877929688,105.93000030517578,13069700,0.0,0.0,0.0,0.0,0.0,0.0
2015-12-29,106.41999816894533,107.73999786376952,106.25,107.26000213623048,17179900,0.0,0.0,0.0,0.0,0.0,0.0
2015-12-30,107.0,107.25,106.05999755859376,106.22000122070312,13115000,0.0,0.0,0.0,0.0,0.0,0.0
2015-12-31,106.0,106.16999816894533,104.62000274658205,104.66000366210938,18391100,0.0,0.0,0.0,0.0,0.0,0.0
2016-01-04,101.9499969482422,102.23999786376952,99.75,102.22000122070312,37912400,0.0,0.0,0.0,0.0,0.0,0.0
2016-01-05,102.88999938964844,103.70999908447266,101.66999816894533,102.7300033569336,23258200,0.0,0.0,0.0,0.0,0.0,0.0
2016-01-06,101.12999725341795,103.7699966430664,100.9000015258789,102.97000122070312,25096200,0.0,0.0,0.0,0.0,0.0,0.0
2016-01-07,100.5,101.43000030517578,97.3000030517578,97.91999816894533,45172900,0.0,0.0,0.0,0.0,0.0,0.0
2016-01-08,99.87999725341795,100.5,97.02999877929688,97.33000183105467,35402300,0.0,0.0,0.0,0.0,0.0,0.0
2016-01-11,97.91000366210938,98.5999984741211,95.38999938964844,97.51000213623048,29932400,0.0,0.0,0.0,0.0,0.0,0.0
2016-01-12,99.0,99.95999908447266,97.5500030517578,99.37000274658205,28395400,0.0,0.0,0.0,0.0,0.0,0.0
2016-01-13,100.58000183105467,100.58000183105467,95.20999908447266,95.44000244140624,33410600,0.0,0.0,0.0,0.0,0.0,0.0
2016-01-14,95.8499984741211,98.87000274658205,92.4499969482422,98.37000274658205,48658600,0.0,0.0,0.0,0.0,0.0,0.0
2016-01-15,93.9800033569336,96.37999725341795,93.54000091552734,94.97000122070312,46132800,0.0,0.0,0.0,0.0,0.0,0.0
2016-01-19,96.52999877929688,97.41999816894533,93.91999816894533,95.26000213623048,30998300,0.0,0.0,0.0,0.0,0.0,0.0
2016-01-20,92.83000183105467,95.0,89.37000274658203,94.3499984741211,59051400,0.0,0.0,0.0,0.0,0.0,0.0
2016-01-21,94.91000366210938,95.98999786376952,92.62000274658205,94.16000366210938,30518900,0.0,0.0,0.0,0.0,0.0,0.0
2016-01-22,96.41000366210938,98.06999969482422,95.48999786376952,97.94000244140624,30495400,0.0,0.0,0.0,0.0,0.0,0.0
2016-01-25,98.72000122070312,99.4800033569336,96.93000030517578,97.01000213623048,32482000,0.0,0.0,0.0,0.0,0.0,0.0
2016-01-26,97.76000213623048,97.87999725341795,95.66000366210938,97.33999633789062,26877100,0.0,0.0,0.0,0.0,0.0,0.0
2016-01-27,97.79000091552734,97.8499984741211,94.2300033569336,94.4499969482422,58699400,0.0,0.0,0.0,0.0,0.0,0.0
2016-01-28,107.1999969482422,110.33999633789062,104.80999755859376,109.11000061035156,107475300,0.0,0.0,0.0,0.0,0.0,0.0
2016-01-29,108.98999786376952,112.83999633789062,108.83999633789062,112.20999908447266,62739500,0.0,0.0,0.0,0.0,0.0,0.0
2016-02-01,112.2699966430664,115.72000122070312,112.01000213623048,115.08999633789062,46132700,0.0,0.0,0.0,0.0,0.0,0.0
2016-02-02,114.8000030517578,117.58999633789062,113.1999969482422,114.61000061035156,59778600,0.0,0.0,0.0,0.0,0.0,0.0
2016-02-03,115.2699966430664,115.33999633789062,109.75,112.69000244140624,56919300,0.0,0.0,0.0,0.0,0.0,0.0
2016-02-04,111.8000030517578,111.94000244140624,109.25,110.48999786376952,38890200,0.0,0.0,0.0,0.0,0.0,0.0
2016-02-05,109.51000213623048,109.58000183105467,103.18000030517578,104.06999969482422,76894700,0.0,0.0,0.0,0.0,0.0,0.0
2016-02-08,100.41000366210938,102.68000030517578,97.45999908447266,99.75,71229700,0.0,0.0,0.0,0.0,0.0,0.0
2016-02-09,97.13999938964844,102.4000015258789,96.81999969482422,99.54000091552734,62709000,0.0,0.0,0.0,0.0,0.0,0.0
2016-02-10,101.5500030517578,103.25,100.23999786376952,101.0,45179400,0.0,0.0,0.0,0.0,0.0,0.0
2016-02-11,99.5999984741211,105.11000061035156,98.87999725341795,101.91000366210938,43670600,0.0,0.0,0.0,0.0,0.0,0.0
2016-02-12,103.73999786376952,104.23999786376952,101.08999633789062,102.01000213623048,36176800,0.0,0.0,0.0,0.0,0.0,0.0
2016-02-16,103.8000030517578,103.93000030517578,100.23999786376952,101.61000061035156,45687200,0.0,0.0,0.0,0.0,0.0,0.0
2016-02-17,102.0199966430664,105.72000122070312,100.4000015258789,105.1999969482422,44073400,0.0,0.0,0.0,0.0,0.0,0.0
2016-02-18,105.8000030517578,106.0,103.02999877929688,103.47000122070312,29593500,0.0,0.0,0.0,0.0,0.0,0.0
2016-02-19,102.5500030517578,105.0199966430664,102.05999755859376,104.56999969482422,32404500,0.0,0.0,0.0,0.0,0.0,0.0
2016-02-22,105.48999786376952,108.25,105.33999633789062,107.16000366210938,35709700,0.0,0.0,0.0,0.0,0.0,0.0
2016-02-23,106.8499984741211,107.47000122070312,105.12000274658205,105.45999908447266,25319300,0.0,0.0,0.0,0.0,0.0,0.0
2016-02-24,104.20999908447266,106.9499969482422,102.73999786376952,106.87999725341795,34412400,0.0,0.0,0.0,0.0,0.0,0.0
2016-02-25,107.11000061035156,108.06999969482422,105.61000061035156,108.06999969482422,29906300,0.0,0.0,0.0,0.0,0.0,0.0
2016-02-26,108.6999969482422,109.4499969482422,107.16000366210938,107.91999816894533,26686200,0.0,0.0,0.0,0.0,0.0,0.0
2016-02-29,107.5999984741211,108.91000366210938,106.75,106.91999816894533,32779000,0.0,0.0,0.0,0.0,0.0,0.0
2016-03-01,107.83000183105467,109.81999969482422,107.5999984741211,109.81999969482422,26817300,0.0,0.0,0.0,0.0,0.0,0.0
2016-03-02,109.68000030517578,110.5500030517578,108.7699966430664,109.9499969482422,25670200,0.0,0.0,0.0,0.0,0.0,0.0
2016-03-03,110.25,110.3000030517578,108.54000091552734,109.58000183105467,21353100,0.0,0.0,0.0,0.0,0.0,0.0
2016-03-04,110.0500030517578,110.0500030517578,107.93000030517578,108.38999938964844,24938900,0.0,0.0,0.0,0.0,0.0,0.0
2016-03-07,108.06999969482422,108.06999969482422,104.72000122070312,105.7300033569336,31436400,0.0,0.0,0.0,0.0,0.0,0.0
2016-03-08,104.77999877929688,107.37000274658205,104.4000015258789,105.93000030517578,25617000,0.0,0.0,0.0,0.0,0.0,0.0
2016-03-09,106.6999969482422,107.51000213623048,105.48999786376952,107.51000213623048,20493300,0.0,0.0,0.0,0.0,0.0,0.0
2016-03-10,107.91000366210938,108.66000366210938,105.7699966430664,107.31999969482422,24854300,0.0,0.0,0.0,0.0,0.0,0.0
2016-03-11,108.4800033569336,109.41999816894533,107.91999816894533,109.41000366210938,20697600,0.0,0.0,0.0,0.0,0.0,0.0
2016-03-14,109.27999877929688,110.33000183105467,108.7699966430664,109.88999938964844,17249400,0.0,0.0,0.0,0.0,0.0,0.0
2016-03-15,109.11000061035156,110.83000183105467,108.83999633789062,110.66999816894533,17618500,0.0,0.0,0.0,0.0,0.0,0.0
2016-03-16,110.48999786376952,112.5,110.0999984741211,112.18000030517578,24744800,0.0,0.0,0.0,0.0,0.0,0.0
2016-03-17,112.1500015258789,112.69000244140624,110.7300033569336,111.0199966430664,24241200,0.0,0.0,0.0,0.0,0.0,0.0
2016-03-18,111.55999755859376,112.41999816894533,110.2699966430664,111.4499969482422,36256900,0.0,0.0,0.0,0.0,0.0,0.0
2016-03-21,111.66000366210938,112.37000274658205,111.02999877929688,111.8499984741211,18448000,0.0,0.0,0.0,0.0,0.0,0.0
2016-03-22,111.36000061035156,112.87999725341795,111.16999816894533,112.25,19001100,0.0,0.0,0.0,0.0,0.0,0.0
2016-03-23,112.01000213623048,113.19000244140624,112.0,112.54000091552734,18562000,0.0,0.0,0.0,0.0,0.0,0.0
2016-03-24,112.12999725341795,113.08999633789062,111.68000030517578,113.0500030517578,17839100,0.0,0.0,0.0,0.0,0.0,0.0
2016-03-28,113.31999969482422,114.58999633789062,112.9499969482422,113.69000244140624,21351800,0.0,0.0,0.0,0.0,0.0,0.0
2016-03-29,113.83000183105467,116.31999969482422,113.63999938964844,116.13999938964844,29825300,0.0,0.0,0.0,0.0,0.0,0.0
2016-03-30,116.7300033569336,116.98999786376952,114.36000061035156,114.6999969482422,33235200,0.0,0.0,0.0,0.0,0.0,0.0
2016-03-31,114.6999969482422,115.01000213623048,113.7699966430664,114.0999984741211,21207500,0.0,0.0,0.0,0.0,0.0,0.0
2016-04-01,113.75,116.16999816894533,113.3499984741211,116.05999755859376,24760500,0.0,0.0,0.0,0.0,0.0,0.0
2016-04-04,114.06999969482422,114.5500030517578,111.61000061035156,112.5500030517578,48487900,0.0,0.0,0.0,0.0,0.0,0.0
2016-04-05,112.11000061035156,113.31999969482422,111.9000015258789,112.22000122070312,22962400,0.0,0.0,0.0,0.0,0.0,0.0
2016-04-06,112.47000122070312,113.80999755859376,112.41999816894533,113.70999908447266,20814600,0.0,0.0,0.0,0.0,0.0,0.0
2016-04-07,113.79000091552734,114.88999938964844,113.06999969482422,113.63999938964844,20714500,0.0,0.0,0.0,0.0,0.0,0.0
2016-04-08,114.25,114.33000183105467,109.9000015258789,110.62999725341795,48497800,0.0,0.0,0.0,0.0,0.0,0.0
2016-04-11,110.6999969482422,110.91000366210938,108.7699966430664,108.98999786376952,39762300,0.0,0.0,0.0,0.0,0.0,0.0
2016-04-12,109.33999633789062,111.16000366210938,108.98999786376952,110.61000061035156,26248100,0.0,0.0,0.0,0.0,0.0,0.0
2016-04-13,112.2300033569336,112.6500015258789,106.5199966430664,110.51000213623048,88227400,0.0,0.0,0.0,0.0,0.0,0.0
2016-04-14,110.62000274658205,112.04000091552734,110.26000213623048,110.83999633789062,28473300,0.0,0.0,0.0,0.0,0.0,0.0
2016-04-15,110.79000091552734,110.97000122070312,109.1999969482422,109.63999938964844,20922800,0.0,0.0,0.0,0.0,0.0,0.0
2016-04-18,109.73999786376952,110.80999755859376,109.1999969482422,110.4499969482422,21167200,0.0,0.0,0.0,0.0,0.0,0.0
2016-04-19,111.0999984741211,112.4499969482422,109.16000366210938,112.29000091552734,30210500,0.0,0.0,0.0,0.0,0.0,0.0
2016-04-20,112.43000030517578,113.2699966430664,111.55999755859376,112.41999816894533,21027900,0.0,0.0,0.0,0.0,0.0,0.0
2016-04-21,112.5500030517578,114.04000091552734,112.30999755859376,113.44000244140624,20875200,0.0,0.0,0.0,0.0,0.0,0.0
2016-04-22,111.20999908447266,111.75,109.01000213623048,110.55999755859376,38458200,0.0,0.0,0.0,0.0,0.0,0.0
2016-04-25,109.87000274658205,110.66999816894533,109.06999969482422,110.0999984741211,21017900,0.0,0.0,0.0,0.0,0.0,0.0
2016-04-26,110.48999786376952,110.5,108.1500015258789,108.76000213623048,22521500,0.0,0.0,0.0,0.0,0.0,0.0
2016-04-27,107.94000244140624,108.94000244140624,106.30999755859376,108.88999938964844,52213100,0.0,0.0,0.0,0.0,0.0,0.0
2016-04-28,119.58000183105467,120.79000091552734,116.2300033569336,116.7300033569336,87110100,0.0,0.0,0.0,0.0,0.0,0.0
2016-04-29,116.81999969482422,117.83999633789062,115.83999633789062,117.58000183105467,37140600,0.0,0.0,0.0,0.0,0.0,0.0
2016-05-02,117.83000183105467,118.7300033569336,116.56999969482422,118.56999969482422,28095200,0.0,0.0,0.0,0.0,0.0,0.0
2016-05-03,117.5199966430664,118.16000366210938,117.0199966430664,117.43000030517578,24117500,0.0,0.0,0.0,0.0,0.0,0.0
2016-05-04,116.61000061035156,118.3000030517578,116.56999969482422,118.05999755859376,23448400,0.0,0.0,0.0,0.0,0.0,0.0
2016-05-05,118.04000091552734,118.9800033569336,117.25,117.80999755859376,22056700,0.0,0.0,0.0,0.0,0.0,0.0
2016-05-06,117.16000366210938,119.63999938964844,117.11000061035156,119.48999786376952,26395600,0.0,0.0,0.0,0.0,0.0,0.0
2016-05-09,119.54000091552734,120.27999877929688,118.9000015258789,119.23999786376952,21138100,0.0,0.0,0.0,0.0,0.0,0.0
2016-05-10,119.62000274658205,120.5,119.0,120.5,23220000,0.0,0.0,0.0,0.0,0.0,0.0
2016-05-11,120.41000366210938,121.08000183105467,119.41999816894533,119.5199966430664,22038400,0.0,0.0,0.0,0.0,0.0,0.0
2016-05-12,119.9800033569336,120.83999633789062,118.9000015258789,120.27999877929688,22035500,0.0,0.0,0.0,0.0,0.0,0.0
2016-05-13,120.37999725341795,120.63999938964844,119.68000030517578,119.80999755859376,18124300,0.0,0.0,0.0,0.0,0.0,0.0
2016-05-16,119.37999725341795,119.61000061035156,117.3499984741211,118.66999816894533,31247800,0.0,0.0,0.0,0.0,0.0,0.0
2016-05-17,118.81999969482422,119.01000213623048,117.1999969482422,117.3499984741211,21328600,0.0,0.0,0.0,0.0,0.0,0.0
2016-05-18,116.8000030517578,118.2699966430664,116.7300033569336,117.6500015258789,21642300,0.0,0.0,0.0,0.0,0.0,0.0
2016-05-19,117.0500030517578,117.48999786376952,115.87999725341795,116.80999755859376,20544100,0.0,0.0,0.0,0.0,0.0,0.0
2016-05-20,116.95999908447266,117.98999786376952,116.9499969482422,117.3499984741211,18944800,0.0,0.0,0.0,0.0,0.0,0.0
2016-05-23,117.41999816894533,117.5999984741211,115.94000244140624,115.97000122070312,20441000,0.0,0.0,0.0,0.0,0.0,0.0
2016-05-24,116.23999786376952,117.7300033569336,116.12000274658205,117.6999969482422,20183600,0.0,0.0,0.0,0.0,0.0,0.0
2016-05-25,118.12999725341795,118.66999816894533,117.37999725341795,117.88999938964844,20019800,0.0,0.0,0.0,0.0,0.0,0.0
2016-05-26,118.23999786376952,119.76000213623048,117.91999816894533,119.47000122070312,18481300,0.0,0.0,0.0,0.0,0.0,0.0
2016-05-27,119.55999755859376,119.8499984741211,119.01000213623048,119.37999725341795,13493600,0.0,0.0,0.0,0.0,0.0,0.0
2016-05-31,119.45999908447266,120.0999984741211,118.12000274658205,118.80999755859376,23547600,0.0,0.0,0.0,0.0,0.0,0.0
2016-06-01,118.5,119.08000183105467,117.81999969482422,118.77999877929688,15029500,0.0,0.0,0.0,0.0,0.0,0.0
2016-06-02,118.69000244140624,119.44000244140624,118.22000122070312,118.93000030517578,13228300,0.0,0.0,0.0,0.0,0.0,0.0
2016-06-03,118.9800033569336,118.9800033569336,117.86000061035156,118.47000122070312,14135100,0.0,0.0,0.0,0.0,0.0,0.0
2016-06-06,118.62000274658205,119.43000030517578,118.36000061035156,118.79000091552734,12744700,0.0,0.0,0.0,0.0,0.0,0.0
2016-06-07,119.23999786376952,119.3000030517578,117.66999816894533,117.76000213623048,17103000,0.0,0.0,0.0,0.0,0.0,0.0
2016-06-08,117.76000213623048,118.5999984741211,117.2699966430664,118.38999938964844,14505600,0.0,0.0,0.0,0.0,0.0,0.0
2016-06-09,118.12999725341795,118.68000030517578,117.70999908447266,118.55999755859376,13859200,0.0,0.0,0.0,0.0,0.0,0.0
2016-06-10,117.54000091552734,118.11000061035156,116.26000213623048,116.62000274658205,18510800,0.0,0.0,0.0,0.0,0.0,0.0
2016-06-13,115.0,115.4800033569336,113.30999755859376,113.9499969482422,31718200,0.0,0.0,0.0,0.0,0.0,0.0
2016-06-14,114.06999969482422,114.9499969482422,113.58000183105467,114.94000244140624,17618500,0.0,0.0,0.0,0.0,0.0,0.0
2016-06-15,115.3000030517578,115.44000244140624,114.06999969482422,114.5999984741211,19819400,0.0,0.0,0.0,0.0,0.0,0.0
2016-06-16,113.87000274658205,114.5,112.94000244140624,114.38999938964844,19236300,0.0,0.0,0.0,0.0,0.0,0.0
2016-06-17,114.41999816894533,114.43000030517578,112.55999755859376,113.0199966430664,24644300,0.0,0.0,0.0,0.0,0.0,0.0
2016-06-20,113.7699966430664,114.72000122070312,112.75,113.37000274658205,20785400,0.0,0.0,0.0,0.0,0.0,0.0
2016-06-21,114.12000274658205,115.20999908447266,113.97000122070312,114.37999725341795,19166300,0.0,0.0,0.0,0.0,0.0,0.0
2016-06-22,114.6500015258789,114.73999786376952,113.61000061035156,113.91000366210938,14846300,0.0,0.0,0.0,0.0,0.0,0.0
2016-06-23,114.37000274658205,115.08999633789062,113.54000091552734,115.08000183105467,16176900,0.0,0.0,0.0,0.0,0.0,0.0
2016-06-24,111.01000213623048,113.68000030517578,111.0,112.08000183105467,40643100,0.0,0.0,0.0,0.0,0.0,0.0
2016-06-27,111.56999969482422,111.56999969482422,108.2300033569336,108.97000122070312,36130400,0.0,0.0,0.0,0.0,0.0,0.0
2016-06-28,110.62999725341795,112.75,110.5500030517578,112.6999969482422,26813800,0.0,0.0,0.0,0.0,0.0,0.0
2016-06-29,113.37000274658205,114.25,113.04000091552734,114.16000366210938,20968300,0.0,0.0,0.0,0.0,0.0,0.0
2016-06-30,114.66999816894533,115.18000030517578,113.66999816894533,114.27999877929688,23192700,0.0,0.0,0.0,0.0,0.0,0.0
2016-07-01,114.1999969482422,115.12999725341795,113.80999755859376,114.19000244140624,14980000,0.0,0.0,0.0,0.0,0.0,0.0
2016-07-05,113.94000244140624,114.1999969482422,112.97000122070312,114.1999969482422,14207000,0.0,0.0,0.0,0.0,0.0,0.0
2016-07-06,113.36000061035156,116.79000091552734,112.97000122070312,116.6999969482422,24337600,0.0,0.0,0.0,0.0,0.0,0.0
2016-07-07,116.62999725341795,116.97000122070312,115.36000061035156,115.8499984741211,16630200,0.0,0.0,0.0,0.0,0.0,0.0
2016-07-08,116.43000030517578,117.5,115.8499984741211,117.23999786376952,18142600,0.0,0.0,0.0,0.0,0.0,0.0
2016-07-11,117.70999908447266,118.6999969482422,117.5,117.87000274658205,17711600,0.0,0.0,0.0,0.0,0.0,0.0
2016-07-12,118.62999725341795,118.72000122070312,117.56999969482422,117.93000030517578,15217700,0.0,0.0,0.0,0.0,0.0,0.0
2016-07-13,118.38999938964844,118.4000015258789,116.68000030517578,116.77999877929688,16207700,0.0,0.0,0.0,0.0,0.0,0.0
2016-07-14,117.5,117.63999938964844,116.6999969482422,117.29000091552734,14579700,0.0,0.0,0.0,0.0,0.0,0.0
2016-07-15,117.73999786376952,118.27999877929688,116.58000183105467,116.86000061035156,16646000,0.0,0.0,0.0,0.0,0.0,0.0
2016-07-18,117.31999969482422,119.61000061035156,116.88999938964844,119.37000274658205,20868400,0.0,0.0,0.0,0.0,0.0,0.0
2016-07-19,118.98999786376952,120.8499984741211,118.66000366210938,120.61000061035156,21541300,0.0,0.0,0.0,0.0,0.0,0.0
2016-07-20,121.25,122.1999969482422,120.55999755859376,121.91999816894533,20046500,0.0,0.0,0.0,0.0,0.0,0.0
2016-07-21,121.91999816894533,122.0999984741211,120.25,120.61000061035156,17801700,0.0,0.0,0.0,0.0,0.0,0.0
2016-07-22,119.9000015258789,121.01000213623048,119.30999755859376,121.0,18422400,0.0,0.0,0.0,0.0,0.0,0.0
2016-07-25,121.38999938964844,121.8499984741211,117.77999877929688,121.62999725341795,18487400,0.0,0.0,0.0,0.0,0.0,0.0
2016-07-26,122.0,122.06999969482422,120.75,121.22000122070312,17612000,0.0,0.0,0.0,0.0,0.0,0.0
2016-07-27,122.41999816894533,125.0,121.51000213623048,123.33999633789062,52654200,0.0,0.0,0.0,0.0,0.0,0.0
2016-07-28,127.5199966430664,128.3300018310547,123.62999725341795,125.0,78955800,0.0,0.0,0.0,0.0,0.0,0.0
2016-07-29,124.6500015258789,125.83999633789062,123.70999908447266,123.94000244140624,35058800,0.0,0.0,0.0,0.0,0.0,0.0
2016-08-01,123.8499984741211,124.58000183105467,122.86000061035156,124.30999755859376,25006900,0.0,0.0,0.0,0.0,0.0,0.0
2016-08-02,124.05999755859376,124.8000030517578,122.06999969482422,123.08999633789062,23968400,0.0,0.0,0.0,0.0,0.0,0.0
2016-08-03,123.08999633789062,123.91999816894533,122.30999755859376,122.51000213623048,18525300,0.0,0.0,0.0,0.0,0.0,0.0
2016-08-04,122.94000244140624,124.79000091552734,122.51000213623048,124.36000061035156,21066000,0.0,0.0,0.0,0.0,0.0,0.0
2016-08-05,124.9800033569336,125.83999633789062,124.62000274658205,125.1500015258789,20184000,0.0,0.0,0.0,0.0,0.0,0.0
2016-08-08,125.25,125.4499969482422,124.5500030517578,125.26000213623048,15233900,0.0,0.0,0.0,0.0,0.0,0.0
2016-08-09,125.33999633789062,126.08999633789062,124.52999877929688,125.05999755859376,19621000,0.0,0.0,0.0,0.0,0.0,0.0
2016-08-10,125.06999969482422,125.4800033569336,124.54000091552734,124.87999725341795,10670100,0.0,0.0,0.0,0.0,0.0,0.0
2016-08-11,125.1999969482422,125.37999725341795,124.75,124.9000015258789,11729500,0.0,0.0,0.0,0.0,0.0,0.0
2016-08-12,124.6999969482422,125.0,124.18000030517578,124.87999725341795,12159000,0.0,0.0,0.0,0.0,0.0,0.0
2016-08-15,124.91000366210938,124.91999816894533,123.6999969482422,123.9000015258789,19295100,0.0,0.0,0.0,0.0,0.0,0.0
2016-08-16,123.5,123.91999816894533,122.77999877929688,123.3000030517578,14222400,0.0,0.0,0.0,0.0,0.0,0.0
2016-08-17,123.66000366210938,124.37999725341795,122.8499984741211,124.37000274658205,13794200,0.0,0.0,0.0,0.0,0.0,0.0
2016-08-18,124.01000213623048,124.26000213623048,123.63999938964844,123.91000366210938,12400800,0.0,0.0,0.0,0.0,0.0,0.0
2016-08-19,123.5999984741211,124.16000366210938,123.27999877929688,123.55999755859376,11688300,0.0,0.0,0.0,0.0,0.0,0.0
2016-08-22,123.33000183105467,124.83000183105467,123.11000061035156,124.1500015258789,14386400,0.0,0.0,0.0,0.0,0.0,0.0
2016-08-23,124.51000213623048,125.08999633789062,124.25,124.37000274658205,13309500,0.0,0.0,0.0,0.0,0.0,0.0
2016-08-24,124.47000122070312,124.69000244140624,123.08999633789062,123.4800033569336,12243700,0.0,0.0,0.0,0.0,0.0,0.0
2016-08-25,123.12000274658205,124.37000274658205,123.0999984741211,123.88999938964844,10730800,0.0,0.0,0.0,0.0,0.0,0.0
2016-08-26,124.0500030517578,125.19000244140624,123.91000366210938,124.95999908447266,17504800,0.0,0.0,0.0,0.0,0.0,0.0
2016-08-29,124.3499984741211,126.7300033569336,124.3499984741211,126.54000091552734,15925900,0.0,0.0,0.0,0.0,0.0,0.0
2016-08-30,126.5999984741211,126.5999984741211,125.1500015258789,125.83999633789062,17804300,0.0,0.0,0.0,0.0,0.0,0.0
2016-08-31,125.5999984741211,126.22000122070312,125.0999984741211,126.12000274658205,14200600,0.0,0.0,0.0,0.0,0.0,0.0
2016-09-01,126.37999725341795,126.62999725341795,125.5999984741211,126.16999816894533,13536100,0.0,0.0,0.0,0.0,0.0,0.0
2016-09-02,126.8499984741211,126.86000061035156,126.0,126.51000213623048,12118800,0.0,0.0,0.0,0.0,0.0,0.0
2016-09-06,126.66999816894533,129.94000244140625,126.47000122070312,129.72999572753906,26278400,0.0,0.0,0.0,0.0,0.0,0.0
2016-09-07,130.0399932861328,131.97999572753906,129.9499969482422,131.0500030517578,27990800,0.0,0.0,0.0,0.0,0.0,0.0
2016-09-08,130.9199981689453,131.0800018310547,129.80999755859375,130.27000427246094,15676600,0.0,0.0,0.0,0.0,0.0,0.0
2016-09-09,129.7100067138672,129.9499969482422,127.0999984741211,127.0999984741211,27100700,0.0,0.0,0.0,0.0,0.0,0.0
2016-09-12,125.95999908447266,128.75999450683594,125.75,128.69000244140625,21252800,0.0,0.0,0.0,0.0,0.0,0.0
2016-09-13,128.02999877929688,128.35000610351562,126.66000366210938,127.20999908447266,18016200,0.0,0.0,0.0,0.0,0.0,0.0
2016-09-14,126.88999938964844,128.8000030517578,126.88999938964844,127.7699966430664,15691100,0.0,0.0,0.0,0.0,0.0,0.0
2016-09-15,127.9800033569336,129.10000610351562,127.66999816894533,128.35000610351562,15077200,0.0,0.0,0.0,0.0,0.0,0.0
2016-09-16,128.1999969482422,129.17999267578125,128.1999969482422,129.07000732421875,24119200,0.0,0.0,0.0,0.0,0.0,0.0
2016-09-19,129.91000366210938,129.94000244140625,128.25999450683594,128.64999389648438,14958800,0.0,0.0,0.0,0.0,0.0,0.0
2016-09-20,128.64999389648438,129.1699981689453,128.02999877929688,128.63999938964844,11083800,0.0,0.0,0.0,0.0,0.0,0.0
2016-09-21,129.1300048828125,130.00999450683594,128.38999938964844,129.94000244140625,14068300,0.0,0.0,0.0,0.0,0.0,0.0
2016-09-22,130.5,130.72999572753906,129.55999755859375,130.0800018310547,15538300,0.0,0.0,0.0,0.0,0.0,0.0
2016-09-23,127.55999755859376,128.60000610351562,127.3000030517578,127.95999908447266,28326300,0.0,0.0,0.0,0.0,0.0,0.0
2016-09-26,127.37000274658205,128.16000366210938,126.8000030517578,127.30999755859376,15064900,0.0,0.0,0.0,0.0,0.0,0.0
2016-09-27,127.61000061035156,129.00999450683594,127.43000030517578,128.69000244140625,15637100,0.0,0.0,0.0,0.0,0.0,0.0
2016-09-28,129.2100067138672,129.47000122070312,128.39999389648438,129.22999572753906,12047600,0.0,0.0,0.0,0.0,0.0,0.0
2016-09-29,129.17999267578125,129.2899932861328,127.5500030517578,128.08999633789062,14532200,0.0,0.0,0.0,0.0,0.0,0.0
2016-09-30,128.02999877929688,128.58999633789062,127.4499969482422,128.27000427246094,18402900,0.0,0.0,0.0,0.0,0.0,0.0
2016-10-03,128.3800048828125,129.08999633789062,127.8000030517578,128.77000427246094,13156900,0.0,0.0,0.0,0.0,0.0,0.0
2016-10-04,129.1699981689453,129.27999877929688,127.5500030517578,128.19000244140625,14307500,0.0,0.0,0.0,0.0,0.0,0.0
2016-10-05,128.25,128.8000030517578,127.83000183105467,128.47000122070312,12386800,0.0,0.0,0.0,0.0,0.0,0.0
2016-10-06,128.42999267578125,129.05999755859375,128.0800018310547,128.74000549316406,11682700,0.0,0.0,0.0,0.0,0.0,0.0
2016-10-07,129.0399932861328,129.25,128.3300018310547,128.99000549316406,12804400,0.0,0.0,0.0,0.0,0.0,0.0
2016-10-10,129.67999267578125,130.6999969482422,129.1999969482422,130.24000549316406,15138700,0.0,0.0,0.0,0.0,0.0,0.0
2016-10-11,130.22999572753906,130.63999938964844,128.22999572753906,128.8800048828125,17537900,0.0,0.0,0.0,0.0,0.0,0.0
2016-10-12,129.00999450683594,129.66000366210938,128.4600067138672,129.0500030517578,11073000,0.0,0.0,0.0,0.0,0.0,0.0
2016-10-13,128.2100067138672,128.25,126.75,127.81999969482422,17139300,0.0,0.0,0.0,0.0,0.0,0.0
2016-10-14,128.49000549316406,128.9499969482422,127.58000183105467,127.87999725341795,13345300,0.0,0.0,0.0,0.0,0.0,0.0
2016-10-17,128.1999969482422,128.47000122070312,127.31999969482422,127.54000091552734,11351700,0.0,0.0,0.0,0.0,0.0,0.0
2016-10-18,128.67999267578125,129.38999938964844,128.00999450683594,128.57000732421875,13504000,0.0,0.0,0.0,0.0,0.0,0.0
2016-10-19,128.74000549316406,130.47000122070312,128.60000610351562,130.11000061035156,16752300,0.0,0.0,0.0,0.0,0.0,0.0
2016-10-20,130.07000732421875,130.66000366210938,129.5,130.0,13167500,0.0,0.0,0.0,0.0,0.0,0.0
2016-10-21,129.77999877929688,132.1300048828125,129.6999969482422,132.07000732421875,19088800,0.0,0.0,0.0,0.0,0.0,0.0
2016-10-24,132.72000122070312,133.41000366210938,132.14999389648438,133.27999877929688,17470200,0.0,0.0,0.0,0.0,0.0,0.0
2016-10-25,133.5,133.5,132.22000122070312,132.2899932861328,13336800,0.0,0.0,0.0,0.0,0.0,0.0
2016-10-26,131.63999938964844,132.25999450683594,130.94000244140625,131.0399932861328,13084700,0.0,0.0,0.0,0.0,0.0,0.0
2016-10-27,131.74000549316406,131.8000030517578,129.27000427246094,129.69000244140625,16741400,0.0,0.0,0.0,0.0,0.0,0.0
2016-10-28,130.5,132.97000122070312,129.92999267578125,131.2899932861328,24545500,0.0,0.0,0.0,0.0,0.0,0.0
2016-10-31,132.00999450683594,132.1199951171875,130.8800048828125,130.99000549316406,15669000,0.0,0.0,0.0,0.0,0.0,0.0
2016-11-01,131.41000366210938,131.94000244140625,128.64999389648438,129.5,22077800,0.0,0.0,0.0,0.0,0.0,0.0
2016-11-02,130.22999572753906,130.22999572753906,126.27999877929688,127.16999816894533,39640900,0.0,0.0,0.0,0.0,0.0,0.0
2016-11-03,122.0,123.27999877929688,119.5,120.0,63766300,0.0,0.0,0.0,0.0,0.0,0.0
2016-11-04,119.58999633789062,121.93000030517578,119.25,120.75,30545500,0.0,0.0,0.0,0.0,0.0,0.0
2016-11-07,122.83000183105467,123.20999908447266,121.3499984741211,122.1500015258789,23008900,0.0,0.0,0.0,0.0,0.0,0.0
2016-11-08,122.02999877929688,124.61000061035156,121.54000091552734,124.22000122070312,19460800,0.0,0.0,0.0,0.0,0.0,0.0
2016-11-09,121.5,123.80999755859376,120.51000213623048,123.18000030517578,31916000,0.0,0.0,0.0,0.0,0.0,0.0
2016-11-10,123.93000030517578,124.18000030517578,115.2699966430664,120.8000030517578,67846700,0.0,0.0,0.0,0.0,0.0,0.0
2016-11-11,119.52999877929688,120.6999969482422,118.1500015258789,119.0199966430664,32840100,0.0,0.0,0.0,0.0,0.0,0.0
2016-11-14,119.12999725341795,119.12999725341795,113.5500030517578,115.08000183105467,51377000,0.0,0.0,0.0,0.0,0.0,0.0
2016-11-15,116.7300033569336,118.48999786376952,115.83000183105467,117.1999969482422,34681400,0.0,0.0,0.0,0.0,0.0,0.0
2016-11-16,114.4800033569336,117.87999725341795,114.20999908447266,116.33999633789062,32397900,0.0,0.0,0.0,0.0,0.0,0.0
2016-11-17,116.80999755859376,117.79000091552734,116.01000213623048,117.79000091552734,18597800,0.0,0.0,0.0,0.0,0.0,0.0
2016-11-18,118.38999938964844,119.12999725341795,116.83999633789062,117.0199966430664,22879300,0.0,0.0,0.0,0.0,0.0,0.0
2016-11-21,118.1999969482422,121.9499969482422,117.8000030517578,121.7699966430664,35415400,0.0,0.0,0.0,0.0,0.0,0.0
2016-11-22,122.4000015258789,122.9800033569336,120.9000015258789,121.47000122070312,26089200,0.0,0.0,0.0,0.0,0.0,0.0
2016-11-23,121.2300033569336,121.30999755859376,119.94000244140624,120.83999633789062,15672100,0.0,0.0,0.0,0.0,0.0,0.0
2016-11-25,121.01000213623048,121.13999938964844,120.06999969482422,120.37999725341795,8658600,0.0,0.0,0.0,0.0,0.0,0.0
2016-11-28,120.12000274658205,121.69000244140624,119.81999969482422,120.41000366210938,18101300,0.0,0.0,0.0,0.0,0.0,0.0
2016-11-29,120.56999969482422,122.0999984741211,120.4000015258789,120.87000274658205,18891000,0.0,0.0,0.0,0.0,0.0,0.0
2016-11-30,120.31999969482422,121.79000091552734,117.9499969482422,118.41999816894533,30188900,0.0,0.0,0.0,0.0,0.0,0.0
2016-12-01,118.37999725341795,118.4499969482422,114.0,115.0999984741211,43277000,0.0,0.0,0.0,0.0,0.0,0.0
2016-12-02,115.11000061035156,116.4800033569336,114.3000030517578,115.4000015258789,25070400,0.0,0.0,0.0,0.0,0.0,0.0
2016-12-05,115.9499969482422,117.56999969482422,115.06999969482422,117.43000030517578,20201500,0.0,0.0,0.0,0.0,0.0,0.0
2016-12-06,117.69000244140624,117.8000030517578,116.33000183105467,117.30999755859376,19131200,0.0,0.0,0.0,0.0,0.0,0.0
2016-12-07,117.0,117.9499969482422,116.56999969482422,117.9499969482422,21913700,0.0,0.0,0.0,0.0,0.0,0.0
2016-12-08,117.9800033569336,119.5,117.63999938964844,118.91000366210938,22442800,0.0,0.0,0.0,0.0,0.0,0.0
2016-12-09,119.22000122070312,119.94000244140624,118.9499969482422,119.68000030517578,17464700,0.0,0.0,0.0,0.0,0.0,0.0
2016-12-12,119.22000122070312,119.23999786376952,117.6500015258789,117.7699966430664,17805500,0.0,0.0,0.0,0.0,0.0,0.0
2016-12-13,117.86000061035156,121.5199966430664,117.61000061035156,120.30999755859376,29768000,0.0,0.0,0.0,0.0,0.0,0.0
2016-12-14,120.0,121.69000244140624,118.8499984741211,120.20999908447266,25913100,0.0,0.0,0.0,0.0,0.0,0.0
2016-12-15,120.08000183105467,122.5,119.62999725341795,120.56999969482422,20139600,0.0,0.0,0.0,0.0,0.0,0.0
2016-12-16,120.9000015258789,121.5,119.2699966430664,119.87000274658205,25324300,0.0,0.0,0.0,0.0,0.0,0.0
2016-12-19,119.8499984741211,120.36000061035156,118.51000213623048,119.23999786376952,15918100,0.0,0.0,0.0,0.0,0.0,0.0
2016-12-20,119.5,119.7699966430664,118.8000030517578,119.08999633789062,13684400,0.0,0.0,0.0,0.0,0.0,0.0
2016-12-21,118.91999816894533,119.1999969482422,118.4800033569336,119.04000091552734,10767600,0.0,0.0,0.0,0.0,0.0,0.0
2016-12-22,118.86000061035156,118.98999786376952,116.93000030517578,117.4000015258789,16258600,0.0,0.0,0.0,0.0,0.0,0.0
2016-12-23,117.0,117.55999755859376,116.3000030517578,117.2699966430664,10890000,0.0,0.0,0.0,0.0,0.0,0.0
2016-12-27,116.95999908447266,118.68000030517578,116.86000061035156,118.01000213623048,12051500,0.0,0.0,0.0,0.0,0.0,0.0
2016-12-28,118.19000244140624,118.25,116.6500015258789,116.91999816894533,12087400,0.0,0.0,0.0,0.0,0.0,0.0
2016-12-29,117.0,117.52999877929688,116.05999755859376,116.3499984741211,9934900,0.0,0.0,0.0,0.0,0.0,0.0
2016-12-30,116.5999984741211,116.83000183105467,114.7699966430664,115.0500030517578,18684100,0.0,0.0,0.0,0.0,0.0,0.0
2017-01-03,116.02999877929688,117.83999633789062,115.51000213623048,116.86000061035156,20663900,0.0,0.0,0.0,0.0,0.0,0.0
2017-01-04,117.5500030517578,119.66000366210938,117.29000091552734,118.69000244140624,19630900,0.0,0.0,0.0,0.0,0.0,0.0
2017-01-05,118.86000061035156,120.9499969482422,118.31999969482422,120.66999816894533,19492200,0.0,0.0,0.0,0.0,0.0,0.0
2017-01-06,120.9800033569336,123.87999725341795,120.02999877929688,123.41000366210938,28545300,0.0,0.0,0.0,0.0,0.0,0.0
2017-01-09,123.5500030517578,125.43000030517578,123.04000091552734,124.9000015258789,22880400,0.0,0.0,0.0,0.0,0.0,0.0
2017-01-10,124.81999969482422,125.5,124.27999877929688,124.3499984741211,17324600,0.0,0.0,0.0,0.0,0.0,0.0
2017-01-11,124.3499984741211,126.12000274658205,124.05999755859376,126.08999633789062,18356500,0.0,0.0,0.0,0.0,0.0,0.0
2017-01-12,125.61000061035156,126.7300033569336,124.8000030517578,126.62000274658205,18653900,0.0,0.0,0.0,0.0,0.0,0.0
2017-01-13,127.48999786376952,129.27000427246094,127.37000274658205,128.33999633789062,24884300,0.0,0.0,0.0,0.0,0.0,0.0
2017-01-17,128.0399932861328,128.33999633789062,127.4000015258789,127.87000274658205,15294500,0.0,0.0,0.0,0.0,0.0,0.0
2017-01-18,128.41000366210938,128.42999267578125,126.83999633789062,127.91999816894533,13145900,0.0,0.0,0.0,0.0,0.0,0.0
2017-01-19,128.22999572753906,128.35000610351562,127.4499969482422,127.5500030517578,12195500,0.0,0.0,0.0,0.0,0.0,0.0
2017-01-20,128.10000610351562,128.47999572753906,126.77999877929688,127.04000091552734,19097200,0.0,0.0,0.0,0.0,0.0,0.0
2017-01-23,127.30999755859376,129.25,126.9499969482422,128.92999267578125,16593600,0.0,0.0,0.0,0.0,0.0,0.0
2017-01-24,129.3800048828125,129.89999389648438,128.3800048828125,129.3699951171875,15162700,0.0,0.0,0.0,0.0,0.0,0.0
2017-01-25,130.0,131.74000549316406,129.77000427246094,131.47999572753906,18731300,0.0,0.0,0.0,0.0,0.0,0.0
2017-01-26,131.6300048828125,133.13999938964844,131.44000244140625,132.77999877929688,20020100,0.0,0.0,0.0,0.0,0.0,0.0
2017-01-27,132.67999267578125,132.9499969482422,131.0800018310547,132.17999267578125,19539500,0.0,0.0,0.0,0.0,0.0,0.0
2017-01-30,131.5800018310547,131.5800018310547,129.60000610351562,130.97999572753906,18956100,0.0,0.0,0.0,0.0,0.0,0.0
2017-01-31,130.1699981689453,130.66000366210938,129.52000427246094,130.32000732421875,19790500,0.0,0.0,0.0,0.0,0.0,0.0
2017-02-01,132.25,133.49000549316406,130.67999267578125,133.22999572753906,50139800,0.0,0.0,0.0,0.0,0.0,0.0
2017-02-02,133.22000122070312,135.49000549316406,130.39999389648438,130.83999633789062,54366400,0.0,0.0,0.0,0.0,0.0,0.0
2017-02-03,131.24000549316406,132.85000610351562,130.75999450683594,130.97999572753906,24804900,0.0,0.0,0.0,0.0,0.0,0.0
2017-02-06,130.97999572753906,132.05999755859375,130.3000030517578,132.05999755859375,17058500,0.0,0.0,0.0,0.0,0.0,0.0
2017-02-07,132.24000549316406,133.0,131.66000366210938,131.83999633789062,14596400,0.0,0.0,0.0,0.0,0.0,0.0
2017-02-08,132.60000610351562,134.44000244140625,132.44000244140625,134.1999969482422,22390600,0.0,0.0,0.0,0.0,0.0,0.0
2017-02-09,134.49000549316406,134.5,133.30999755859375,134.13999938964844,16470600,0.0,0.0,0.0,0.0,0.0,0.0
2017-02-10,134.10000610351562,134.94000244140625,133.67999267578125,134.19000244140625,15061900,0.0,0.0,0.0,0.0,0.0,0.0
2017-02-13,134.6999969482422,134.6999969482422,133.6999969482422,134.0500030517578,13526200,0.0,0.0,0.0,0.0,0.0,0.0
2017-02-14,134.10000610351562,134.22999572753906,132.5500030517578,133.85000610351562,14364900,0.0,0.0,0.0,0.0,0.0,0.0
2017-02-15,133.4499969482422,133.6999969482422,132.66000366210938,133.44000244140625,13226500,0.0,0.0,0.0,0.0,0.0,0.0
2017-02-16,133.07000732421875,133.8699951171875,133.02000427246094,133.83999633789062,12831100,0.0,0.0,0.0,0.0,0.0,0.0
2017-02-17,133.5,134.08999633789062,133.1699981689453,133.52999877929688,12276500,0.0,0.0,0.0,0.0,0.0,0.0
2017-02-21,133.5,133.91000366210938,132.89999389648438,133.72000122070312,14759100,0.0,0.0,0.0,0.0,0.0,0.0
2017-02-22,133.60000610351562,136.7899932861328,133.4600067138672,136.1199951171875,27360100,0.0,0.0,0.0,0.0,0.0,0.0
2017-02-23,135.88999938964844,136.1199951171875,134.3300018310547,135.36000061035156,18422500,0.0,0.0,0.0,0.0,0.0,0.0
2017-02-24,134.16000366210938,135.6199951171875,134.16000366210938,135.44000244140625,12625700,0.0,0.0,0.0,0.0,0.0,0.0
2017-02-27,135.25999450683594,137.17999267578125,135.02000427246094,136.41000366210938,14306700,0.0,0.0,0.0,0.0,0.0,0.0
2017-02-28,136.7899932861328,136.80999755859375,134.75,135.5399932861328,16112100,0.0,0.0,0.0,0.0,0.0,0.0
2017-03-01,136.47000122070312,137.47999572753906,136.3000030517578,137.4199981689453,16257000,0.0,0.0,0.0,0.0,0.0,0.0
2017-03-02,137.08999633789062,137.82000732421875,136.30999755859375,136.75999450683594,12294800,0.0,0.0,0.0,0.0,0.0,0.0
2017-03-03,136.6300048828125,137.3300018310547,136.0800018310547,137.1699981689453,11160600,0.0,0.0,0.0,0.0,0.0,0.0
2017-03-06,136.8800048828125,137.8300018310547,136.50999450683594,137.4199981689453,12748200,0.0,0.0,0.0,0.0,0.0,0.0
2017-03-07,137.02999877929688,138.3699951171875,136.99000549316406,137.3000030517578,13527100,0.0,0.0,0.0,0.0,0.0,0.0
2017-03-08,137.14999389648438,137.99000549316406,137.0500030517578,137.72000122070312,10184500,0.0,0.0,0.0,0.0,0.0,0.0
2017-03-09,137.72000122070312,138.57000732421875,137.39999389648438,138.24000549316406,15535300,0.0,0.0,0.0,0.0,0.0,0.0
2017-03-10,138.91000366210938,139.49000549316406,138.22000122070312,138.7899932861328,16314100,0.0,0.0,0.0,0.0,0.0,0.0
2017-03-13,138.7100067138672,139.67999267578125,138.6699981689453,139.60000610351562,10955500,0.0,0.0,0.0,0.0,0.0,0.0
2017-03-14,139.4600067138672,139.4600067138672,138.52000427246094,139.32000732421875,12944000,0.0,0.0,0.0,0.0,0.0,0.0
2017-03-15,139.2899932861328,140.10000610351562,138.49000549316406,139.72000122070312,19344800,0.0,0.0,0.0,0.0,0.0,0.0
2017-03-16,140.1999969482422,140.25,139.72999572753906,139.99000549316406,13612900,0.0,0.0,0.0,0.0,0.0,0.0
2017-03-17,140.33999633789062,140.33999633789062,139.6999969482422,139.83999633789062,20592800,0.0,0.0,0.0,0.0,0.0,0.0
2017-03-20,139.7100067138672,140.19000244140625,139.25,139.94000244140625,12099500,0.0,0.0,0.0,0.0,0.0,0.0
2017-03-21,141.14999389648438,142.30999755859375,138.39999389648438,138.50999450683594,29894800,0.0,0.0,0.0,0.0,0.0,0.0
2017-03-22,137.92999267578125,139.7899932861328,137.60000610351562,139.58999633789062,17055400,0.0,0.0,0.0,0.0,0.0,0.0
2017-03-23,139.47999572753906,140.38999938964844,139.08999633789062,139.52999877929688,13022800,0.0,0.0,0.0,0.0,0.0,0.0
2017-03-24,140.0800018310547,141.02000427246094,139.75999450683594,140.33999633789062,16664700,0.0,0.0,0.0,0.0,0.0,0.0
2017-03-27,139.0500030517578,140.64999389648438,138.77000427246094,140.32000732421875,12800500,0.0,0.0,0.0,0.0,0.0,0.0
2017-03-28,140.36000061035156,141.9499969482422,140.00999450683594,141.75999450683594,14679400,0.0,0.0,0.0,0.0,0.0,0.0
2017-03-29,141.99000549316406,142.86000061035156,141.42999267578125,142.64999389648438,16527600,0.0,0.0,0.0,0.0,0.0,0.0
2017-03-30,142.39999389648438,142.9499969482422,141.85000610351562,142.41000366210938,12404000,0.0,0.0,0.0,0.0,0.0,0.0
2017-03-31,142.30999755859375,142.6300048828125,141.88999938964844,142.0500030517578,11478300,0.0,0.0,0.0,0.0,0.0,0.0
2017-04-03,141.92999267578125,142.47000122070312,140.82000732421875,142.27999877929688,13564000,0.0,0.0,0.0,0.0,0.0,0.0
2017-04-04,141.86000061035156,142.08999633789062,141.27000427246094,141.72999572753906,12948600,0.0,0.0,0.0,0.0,0.0,0.0
2017-04-05,142.25999450683594,143.44000244140625,141.2899932861328,141.85000610351562,17158100,0.0,0.0,0.0,0.0,0.0,0.0
2017-04-06,142.11000061035156,142.22000122070312,140.91000366210938,141.1699981689453,15103400,0.0,0.0,0.0,0.0,0.0,0.0
2017-04-07,141.1999969482422,141.5500030517578,140.24000549316406,140.77999877929688,11818300,0.0,0.0,0.0,0.0,0.0,0.0
2017-04-10,141.0,141.42999267578125,140.6300048828125,141.0399932861328,9039400,0.0,0.0,0.0,0.0,0.0,0.0
2017-04-11,140.8000030517578,141.02999877929688,138.80999755859375,139.9199981689453,16638100,0.0,0.0,0.0,0.0,0.0,0.0
2017-04-12,139.72000122070312,140.39999389648438,139.44000244140625,139.5800018310547,11612500,0.0,0.0,0.0,0.0,0.0,0.0
2017-04-13,139.6199951171875,140.5800018310547,139.3300018310547,139.38999938964844,10965600,0.0,0.0,0.0,0.0,0.0,0.0
2017-04-17,139.75999450683594,141.5500030517578,139.75,141.4199981689453,11519700,0.0,0.0,0.0,0.0,0.0,0.0
2017-04-18,141.27000427246094,141.91000366210938,140.61000061035156,140.9600067138672,14807500,0.0,0.0,0.0,0.0,0.0,0.0
2017-04-19,141.35000610351562,143.0399932861328,141.27000427246094,142.27000427246094,15563900,0.0,0.0,0.0,0.0,0.0,0.0
2017-04-20,142.9499969482422,144.25,142.69000244140625,143.8000030517578,15968200,0.0,0.0,0.0,0.0,0.0,0.0
2017-04-21,143.89999389648438,144.1699981689453,142.27000427246094,143.67999267578125,12382000,0.0,0.0,0.0,0.0,0.0,0.0
2017-04-24,144.9600067138672,145.6699981689453,144.33999633789062,145.47000122070312,14407200,0.0,0.0,0.0,0.0,0.0,0.0
2017-04-25,145.7899932861328,147.14999389648438,145.7899932861328,146.49000549316406,17767500,0.0,0.0,0.0,0.0,0.0,0.0
2017-04-26,147.08999633789062,147.58999633789062,146.08999633789062,146.55999755859375,12395000,0.0,0.0,0.0,0.0,0.0,0.0
2017-04-27,146.6699981689453,147.75,146.13999938964844,147.6999969482422,11275100,0.0,0.0,0.0,0.0,0.0,0.0
2017-04-28,149.5,151.52999877929688,149.07000732421875,150.25,30652200,0.0,0.0,0.0,0.0,0.0,0.0
2017-05-01,151.74000549316406,152.57000732421875,151.4199981689453,152.4600067138672,25218300,0.0,0.0,0.0,0.0,0.0,0.0
2017-05-02,153.33999633789062,153.44000244140625,151.66000366210938,152.77999877929688,21870400,0.0,0.0,0.0,0.0,0.0,0.0
2017-05-03,153.60000610351562,153.60000610351562,151.33999633789062,151.8000030517578,29782500,0.0,0.0,0.0,0.0,0.0,0.0
2017-05-04,150.1699981689453,151.52000427246094,148.72000122070312,150.85000610351562,36225500,0.0,0.0,0.0,0.0,0.0,0.0
2017-05-05,151.4499969482422,151.6300048828125,149.7899932861328,150.24000549316406,17148500,0.0,0.0,0.0,0.0,0.0,0.0
2017-05-08,150.7100067138672,151.0800018310547,149.74000549316406,151.05999755859375,15827500,0.0,0.0,0.0,0.0,0.0,0.0
2017-05-09,151.49000549316406,152.58999633789062,150.2100067138672,150.47999572753906,17453900,0.0,0.0,0.0,0.0,0.0,0.0
2017-05-10,150.22999572753906,150.52000427246094,148.86000061035156,150.2899932861328,12080700,0.0,0.0,0.0,0.0,0.0,0.0
2017-05-11,150.30999755859375,150.64999389648438,149.41000366210938,150.0399932861328,11841900,0.0,0.0,0.0,0.0,0.0,0.0
2017-05-12,150.39999389648438,150.4600067138672,149.6300048828125,150.3300018310547,9598200,0.0,0.0,0.0,0.0,0.0,0.0
2017-05-15,150.1699981689453,151.47999572753906,149.77000427246094,150.19000244140625,15064700,0.0,0.0,0.0,0.0,0.0,0.0
2017-05-16,150.11000061035156,150.2100067138672,149.02999877929688,149.77999877929688,14550800,0.0,0.0,0.0,0.0,0.0,0.0
2017-05-17,148.0,148.6699981689453,144.4199981689453,144.85000610351562,28300100,0.0,0.0,0.0,0.0,0.0,0.0
2017-05-18,144.72000122070312,148.14999389648438,144.50999450683594,147.66000366210938,23031600,0.0,0.0,0.0,0.0,0.0,0.0
2017-05-19,148.4499969482422,149.38999938964844,147.9600067138672,148.05999755859375,16187900,0.0,0.0,0.0,0.0,0.0,0.0
2017-05-22,148.0800018310547,148.58999633789062,147.69000244140625,148.24000549316406,12586700,0.0,0.0,0.0,0.0,0.0,0.0
2017-05-23,148.52000427246094,148.80999755859375,147.25,148.07000732421875,12817800,0.0,0.0,0.0,0.0,0.0,0.0
2017-05-24,148.50999450683594,150.22999572753906,148.4199981689453,150.0399932861328,17862400,0.0,0.0,0.0,0.0,0.0,0.0
2017-05-25,150.3000030517578,152.58999633789062,149.9499969482422,151.9600067138672,19891400,0.0,0.0,0.0,0.0,0.0,0.0
2017-05-26,152.22999572753906,152.25,151.14999389648438,152.1300048828125,14996200,0.0,0.0,0.0,0.0,0.0,0.0
2017-05-30,151.97000122070312,152.89999389648438,151.63999938964844,152.3800048828125,13226000,0.0,0.0,0.0,0.0,0.0,0.0
2017-05-31,152.6999969482422,153.35000610351562,151.08999633789062,151.4600067138672,18023900,0.0,0.0,0.0,0.0,0.0,0.0
2017-06-01,151.75,152.2899932861328,150.3000030517578,151.52999877929688,14530600,0.0,0.0,0.0,0.0,0.0,0.0
2017-06-02,151.85000610351562,153.6300048828125,151.3000030517578,153.61000061035156,16854400,0.0,0.0,0.0,0.0,0.0,0.0
2017-06-05,153.63999938964844,154.7100067138672,153.41000366210938,153.6300048828125,12520400,0.0,0.0,0.0,0.0,0.0,0.0
2017-06-06,153.41000366210938,154.52000427246094,152.47999572753906,152.80999755859375,13457100,0.0,0.0,0.0,0.0,0.0,0.0
2017-06-07,153.27000427246094,153.75,152.33999633789062,153.1199951171875,12066700,0.0,0.0,0.0,0.0,0.0,0.0
2017-06-08,154.0800018310547,154.72999572753906,153.10000610351562,154.7100067138672,17799400,0.0,0.0,0.0,0.0,0.0,0.0
2017-06-09,154.77000427246094,155.58999633789062,146.61000061035156,149.60000610351562,35577700,0.0,0.0,0.0,0.0,0.0,0.0
2017-06-12,148.1699981689453,149.1999969482422,144.55999755859375,148.44000244140625,33170200,0.0,0.0,0.0,0.0,0.0,0.0
2017-06-13,150.14999389648438,151.17999267578125,148.89999389648438,150.67999267578125,20483400,0.0,0.0,0.0,0.0,0.0,0.0
2017-06-14,151.25999450683594,152.39999389648438,149.0500030517578,150.25,20808800,0.0,0.0,0.0,0.0,0.0,0.0
2017-06-15,147.6699981689453,150.0399932861328,146.3699951171875,149.8000030517578,18994200,0.0,0.0,0.0,0.0,0.0,0.0
2017-06-16,149.58999633789062,150.8300018310547,148.60000610351562,150.63999938964844,22882400,0.0,0.0,0.0,0.0,0.0,0.0
2017-06-19,151.7100067138672,153.57000732421875,151.7100067138672,152.8699951171875,19026500,0.0,0.0,0.0,0.0,0.0,0.0
2017-06-20,152.8800048828125,153.83999633789062,152.2100067138672,152.25,14743900,0.0,0.0,0.0,0.0,0.0,0.0
2017-06-21,152.36000061035156,154.0800018310547,151.8800048828125,153.91000366210938,15039800,0.0,0.0,0.0,0.0,0.0,0.0
2017-06-22,153.00999450683594,154.5500030517578,152.91000366210938,153.39999389648438,13005500,0.0,0.0,0.0,0.0,0.0,0.0
2017-06-23,152.72000122070312,155.1999969482422,152.64999389648438,155.07000732421875,18027000,0.0,0.0,0.0,0.0,0.0,0.0
2017-06-26,156.25,156.5,153.1999969482422,153.58999633789062,18049700,0.0,0.0,0.0,0.0,0.0,0.0
2017-06-27,152.83999633789062,153.30999755859375,150.38999938964844,150.5800018310547,19360800,0.0,0.0,0.0,0.0,0.0,0.0
2017-06-28,150.9199981689453,153.47000122070312,149.86000061035156,153.24000549316406,16719100,0.0,0.0,0.0,0.0,0.0,0.0
2017-06-29,152.27999877929688,152.5,148.9199981689453,151.0399932861328,23973500,0.0,0.0,0.0,0.0,0.0,0.0
2017-06-30,151.89999389648438,151.9199981689453,150.05999755859375,150.97999572753906,17666000,0.0,0.0,0.0,0.0,0.0,0.0
2017-07-03,151.72000122070312,152.14999389648438,147.8000030517578,148.42999267578125,13862700,0.0,0.0,0.0,0.0,0.0,0.0
2017-07-05,149.0,150.85000610351562,148.1300048828125,150.33999633789062,14334300,0.0,0.0,0.0,0.0,0.0,0.0
2017-07-06,149.02999877929688,150.0399932861328,148.0,148.82000732421875,14951800,0.0,0.0,0.0,0.0,0.0,0.0
2017-07-07,149.25,151.99000549316406,149.19000244140625,151.44000244140625,13615900,0.0,0.0,0.0,0.0,0.0,0.0
2017-07-10,151.69000244140625,153.97999572753906,151.50999450683594,153.5,13378700,0.0,0.0,0.0,0.0,0.0,0.0
2017-07-11,153.3699951171875,155.4199981689453,152.91000366210938,155.27000427246094,13667700,0.0,0.0,0.0,0.0,0.0,0.0
2017-07-12,156.49000549316406,159.16000366210938,156.1999969482422,158.89999389648438,22739400,0.0,0.0,0.0,0.0,0.0,0.0
2017-07-13,158.74000549316406,159.77999877929688,158.4199981689453,159.25999450683594,13929200,0.0,0.0,0.0,0.0,0.0,0.0
2017-07-14,160.1300048828125,160.32000732421875,159.3300018310547,159.97000122070312,16371200,0.0,0.0,0.0,0.0,0.0,0.0
2017-07-17,160.25,160.77999877929688,158.80999755859375,159.72999572753906,12858800,0.0,0.0,0.0,0.0,0.0,0.0
2017-07-18,159.66000366210938,163.72999572753906,159.4199981689453,162.86000061035156,23722900,0.0,0.0,0.0,0.0,0.0,0.0
2017-07-19,163.58999633789062,165.6999969482422,163.1699981689453,164.13999938964844,26273600,0.0,0.0,0.0,0.0,0.0,0.0
2017-07-20,164.8000030517578,165.0,162.80999755859375,164.52999877929688,18523100,0.0,0.0,0.0,0.0,0.0,0.0
2017-07-21,164.16000366210938,165.0500030517578,163.75,164.42999267578125,14744000,0.0,0.0,0.0,0.0,0.0,0.0
2017-07-24,164.63999938964844,166.1699981689453,164.30999755859375,166.0,17367000,0.0,0.0,0.0,0.0,0.0,0.0
2017-07-25,165.00999450683594,165.5399932861328,163.86000061035156,165.27999877929688,15383200,0.0,0.0,0.0,0.0,0.0,0.0
2017-07-26,166.00999450683594,166.00999450683594,164.10000610351562,165.61000061035156,35236900,0.0,0.0,0.0,0.0,0.0,0.0
2017-07-27,174.6999969482422,175.49000549316406,167.5,170.44000244140625,68910700,0.0,0.0,0.0,0.0,0.0,0.0
2017-07-28,169.07000732421875,173.42999267578125,169.0500030517578,172.4499969482422,24557600,0.0,0.0,0.0,0.0,0.0,0.0
2017-07-31,172.0,172.72000122070312,168.5500030517578,169.25,25478900,0.0,0.0,0.0,0.0,0.0,0.0
2017-08-01,169.82000732421875,170.47000122070312,169.0500030517578,169.86000061035156,14385000,0.0,0.0,0.0,0.0,0.0,0.0
2017-08-02,170.3000030517578,170.5500030517578,166.91000366210938,169.3000030517578,17433800,0.0,0.0,0.0,0.0,0.0,0.0
2017-08-03,169.3000030517578,169.6999969482422,168.25,168.58999633789062,10793800,0.0,0.0,0.0,0.0,0.0,0.0
2017-08-04,168.97000122070312,170.05999755859375,168.69000244140625,169.6199951171875,10777700,0.0,0.0,0.0,0.0,0.0,0.0
2017-08-07,169.9499969482422,172.05999755859375,169.66000366210938,171.97999572753906,12787800,0.0,0.0,0.0,0.0,0.0,0.0
2017-08-08,171.8800048828125,173.0500030517578,170.6199951171875,171.22999572753906,14393500,0.0,0.0,0.0,0.0,0.0,0.0
2017-08-09,169.97999572753906,171.4499969482422,169.55999755859375,171.17999267578125,10815000,0.0,0.0,0.0,0.0,0.0,0.0
2017-08-10,170.05999755859375,170.58999633789062,166.85000610351562,167.39999389648438,20832700,0.0,0.0,0.0,0.0,0.0,0.0
2017-08-11,167.9499969482422,168.82000732421875,166.85000610351562,168.0800018310547,13791200,0.0,0.0,0.0,0.0,0.0,0.0
2017-08-14,170.08999633789062,171.0800018310547,169.2899932861328,170.75,12954200,0.0,0.0,0.0,0.0,0.0,0.0
2017-08-15,171.49000549316406,171.5,170.00999450683594,171.0,8729200,0.0,0.0,0.0,0.0,0.0,0.0
2017-08-16,171.25,171.3800048828125,169.24000549316406,170.0,15779900,0.0,0.0,0.0,0.0,0.0,0.0
2017-08-17,169.33999633789062,169.86000061035156,166.85000610351562,166.91000366210938,17216000,0.0,0.0,0.0,0.0,0.0,0.0
2017-08-18,166.83999633789062,168.6699981689453,166.2100067138672,167.41000366210938,15093600,0.0,0.0,0.0,0.0,0.0,0.0
2017-08-21,167.16000366210938,168.0,165.82000732421875,167.77999877929688,11907500,0.0,0.0,0.0,0.0,0.0,0.0
2017-08-22,168.27999877929688,169.8699951171875,167.14999389648438,169.63999938964844,11391000,0.0,0.0,0.0,0.0,0.0,0.0
2017-08-23,168.83999633789062,169.36000061035156,168.1999969482422,168.7100067138672,9856500,0.0,0.0,0.0,0.0,0.0,0.0
2017-08-24,168.8800048828125,169.2899932861328,166.41000366210938,167.74000549316406,14030400,0.0,0.0,0.0,0.0,0.0,0.0
2017-08-25,167.86000061035156,168.3800048828125,166.17999267578125,166.32000732421875,12614500,0.0,0.0,0.0,0.0,0.0,0.0
2017-08-28,166.91000366210938,167.6999969482422,166.3300018310547,167.24000549316406,8553700,0.0,0.0,0.0,0.0,0.0,0.0
2017-08-29,165.25,168.42999267578125,165.0,168.0500030517578,11121000,0.0,0.0,0.0,0.0,0.0,0.0
2017-08-30,168.1699981689453,170.17999267578125,167.6300048828125,169.9199981689453,11138300,0.0,0.0,0.0,0.0,0.0,0.0
2017-08-31,170.39999389648438,172.14999389648438,170.05999755859375,171.97000122070312,17226500,0.0,0.0,0.0,0.0,0.0,0.0
2017-09-01,172.39999389648438,172.9199981689453,171.30999755859375,172.02000427246094,11677600,0.0,0.0,0.0,0.0,0.0,0.0
2017-09-05,171.27000427246094,172.38999938964844,169.5500030517578,170.72000122070312,13210900,0.0,0.0,0.0,0.0,0.0,0.0
2017-09-06,170.91000366210938,172.47999572753906,169.57000732421875,172.08999633789062,13906300,0.0,0.0,0.0,0.0,0.0,0.0
2017-09-07,171.94000244140625,173.30999755859375,170.27000427246094,173.2100067138672,18049500,0.0,0.0,0.0,0.0,0.0,0.0
2017-09-08,173.08999633789062,173.49000549316406,170.8000030517578,170.9499969482422,10998500,0.0,0.0,0.0,0.0,0.0,0.0
2017-09-11,172.39999389648438,173.88999938964844,172.1999969482422,173.50999450683594,12372000,0.0,0.0,0.0,0.0,0.0,0.0
2017-09-12,173.75999450683594,174.0,171.75,172.9600067138672,11186300,0.0,0.0,0.0,0.0,0.0,0.0
2017-09-13,173.00999450683594,173.1699981689453,172.05999755859375,173.0500030517578,9119300,0.0,0.0,0.0,0.0,0.0,0.0
2017-09-14,172.25999450683594,172.27999877929688,170.5,170.9600067138672,15615700,0.0,0.0,0.0,0.0,0.0,0.0
2017-09-15,170.8800048828125,172.33999633789062,170.25999450683594,171.63999938964844,15660500,0.0,0.0,0.0,0.0,0.0,0.0
2017-09-18,171.99000549316406,172.07000732421875,169.33999633789062,170.00999450683594,12954000,0.0,0.0,0.0,0.0,0.0,0.0
2017-09-19,170.6199951171875,172.55999755859375,170.36000061035156,172.52000427246094,13168600,0.0,0.0,0.0,0.0,0.0,0.0
2017-09-20,172.5,173.0500030517578,170.6999969482422,172.1699981689453,12264100,0.0,0.0,0.0,0.0,0.0,0.0
2017-09-21,171.69000244140625,172.27000427246094,170.00999450683594,171.11000061035156,11161400,0.0,0.0,0.0,0.0,0.0,0.0
2017-09-22,170.2100067138672,171.72999572753906,169.22000122070312,170.5399932861328,12097100,0.0,0.0,0.0,0.0,0.0,0.0
2017-09-25,169.24000549316406,169.3000030517578,161.55999755859375,162.8699951171875,41251600,0.0,0.0,0.0,0.0,0.0,0.0
2017-09-26,164.5,165.5,162.77999877929688,164.2100067138672,23363300,0.0,0.0,0.0,0.0,0.0,0.0
2017-09-27,165.89999389648438,168.33999633789062,165.57000732421875,167.67999267578125,19242500,0.0,0.0,0.0,0.0,0.0,0.0
2017-09-28,167.94000244140625,169.07000732421875,167.16000366210938,168.72999572753906,12178700,0.0,0.0,0.0,0.0,0.0,0.0
2017-09-29,168.8300018310547,171.66000366210938,168.80999755859375,170.8699951171875,15340400,0.0,0.0,0.0,0.0,0.0,0.0
2017-10-02,171.38999938964844,171.8699951171875,168.75,169.47000122070312,13392300,0.0,0.0,0.0,0.0,0.0,0.0
2017-10-03,169.3000030517578,170.72999572753906,169.1999969482422,169.9600067138672,8190300,0.0,0.0,0.0,0.0,0.0,0.0
2017-10-04,169.8300018310547,170.6699981689453,168.2899932861328,168.4199981689453,12127900,0.0,0.0,0.0,0.0,0.0,0.0
2017-10-05,169.17999267578125,171.30999755859375,168.60000610351562,171.24000549316406,14580600,0.0,0.0,0.0,0.0,0.0,0.0
2017-10-06,170.25,172.3699951171875,169.75,172.22999572753906,13124500,0.0,0.0,0.0,0.0,0.0,0.0
2017-10-09,172.6999969482422,174.8800048828125,172.0,172.5,14570400,0.0,0.0,0.0,0.0,0.0,0.0
2017-10-10,173.0,173.1999969482422,170.8000030517578,171.58999633789062,11341100,0.0,0.0,0.0,0.0,0.0,0.0
2017-10-11,171.9499969482422,172.77999877929688,171.39999389648438,172.74000549316406,11283700,0.0,0.0,0.0,0.0,0.0,0.0
2017-10-12,172.61000061035156,173.85000610351562,172.2899932861328,172.5500030517578,10351000,0.0,0.0,0.0,0.0,0.0,0.0
2017-10-13,173.4499969482422,174.64999389648438,173.1999969482422,173.74000549316406,13658300,0.0,0.0,0.0,0.0,0.0,0.0
2017-10-16,174.49000549316406,175.0,174.05999755859375,174.52000427246094,11498800,0.0,0.0,0.0,0.0,0.0,0.0
2017-10-17,174.7100067138672,176.1300048828125,174.36000061035156,176.11000061035156,15990100,0.0,0.0,0.0,0.0,0.0,0.0
2017-10-18,176.64999389648438,176.74000549316406,175.75,176.02999877929688,12752400,0.0,0.0,0.0,0.0,0.0,0.0
2017-10-19,174.92999267578125,176.02999877929688,172.6300048828125,174.55999755859375,14048400,0.0,0.0,0.0,0.0,0.0,0.0
2017-10-20,175.5,175.8800048828125,174.6300048828125,174.97999572753906,12602200,0.0,0.0,0.0,0.0,0.0,0.0
2017-10-23,175.1999969482422,175.33999633789062,171.25,171.27000427246094,13852700,0.0,0.0,0.0,0.0,0.0,0.0
2017-10-24,172.3000030517578,173.24000549316406,171.5,171.8000030517578,12267900,0.0,0.0,0.0,0.0,0.0,0.0
2017-10-25,171.89999389648438,172.25,168.88999938964844,170.60000610351562,15868200,0.0,0.0,0.0,0.0,0.0,0.0
2017-10-26,171.3800048828125,172.2899932861328,170.38999938964844,170.6300048828125,11833100,0.0,0.0,0.0,0.0,0.0,0.0
2017-10-27,174.14999389648438,178.2100067138672,173.89999389648438,177.8800048828125,30285300,0.0,0.0,0.0,0.0,0.0,0.0
2017-10-30,179.25999450683594,180.69000244140625,177.61000061035156,179.8699951171875,24353200,0.0,0.0,0.0,0.0,0.0,0.0
2017-10-31,180.57000732421875,180.8000030517578,178.94000244140625,180.05999755859375,20174200,0.0,0.0,0.0,0.0,0.0,0.0
2017-11-01,182.3600006103516,182.8999938964844,180.57000732421875,182.66000366210935,40918300,0.0,0.0,0.0,0.0,0.0,0.0
2017-11-02,180.6300048828125,181.94000244140625,177.33999633789062,178.9199981689453,35529900,0.0,0.0,0.0,0.0,0.0,0.0
2017-11-03,179.2899932861328,179.86000061035156,176.7100067138672,178.9199981689453,17822100,0.0,0.0,0.0,0.0,0.0,0.0
2017-11-06,178.55999755859375,180.4499969482422,178.30999755859375,180.1699981689453,13312700,0.0,0.0,0.0,0.0,0.0,0.0
2017-11-07,180.5,180.75,178.9600067138672,180.25,12928200,0.0,0.0,0.0,0.0,0.0,0.0
2017-11-08,179.7899932861328,180.3500061035156,179.11000061035156,179.55999755859375,10494100,0.0,0.0,0.0,0.0,0.0,0.0
2017-11-09,178.30999755859375,179.39999389648438,177.08999633789062,179.3000030517578,12610300,0.0,0.0,0.0,0.0,0.0,0.0
2017-11-10,178.35000610351562,179.10000610351562,177.9600067138672,178.4600067138672,11070200,0.0,0.0,0.0,0.0,0.0,0.0
2017-11-13,177.5,179.0399932861328,177.3000030517578,178.77000427246094,9523400,0.0,0.0,0.0,0.0,0.0,0.0
2017-11-14,178.1300048828125,178.97000122070312,177.17999267578125,178.07000732421875,9585900,0.0,0.0,0.0,0.0,0.0,0.0
2017-11-15,176.66000366210938,178.57000732421875,176.39999389648438,177.9499969482422,10253700,0.0,0.0,0.0,0.0,0.0,0.0
2017-11-16,178.75999450683594,179.8300018310547,178.5,179.58999633789062,15607600,0.0,0.0,0.0,0.0,0.0,0.0
2017-11-17,179.3000030517578,179.97999572753906,178.89999389648438,179.0,13018000,0.0,0.0,0.0,0.0,0.0,0.0
2017-11-20,178.8699951171875,179.5,178.10000610351562,178.74000549316406,10052400,0.0,0.0,0.0,0.0,0.0,0.0
2017-11-21,179.14999389648438,181.88999938964844,178.99000549316406,181.8600006103516,14504000,0.0,0.0,0.0,0.0,0.0,0.0
2017-11-22,181.3000030517578,181.72999572753903,180.44000244140625,180.8699951171875,10376300,0.0,0.0,0.0,0.0,0.0,0.0
2017-11-24,180.3999938964844,183.1499938964844,180.2899932861328,182.77999877929688,9426300,0.0,0.0,0.0,0.0,0.0,0.0
2017-11-27,182.55999755859372,183.72999572753903,181.9900054931641,183.02999877929688,12344500,0.0,0.0,0.0,0.0,0.0,0.0
2017-11-28,183.50999450683597,184.25,182.08999633789065,182.4199981689453,14379700,0.0,0.0,0.0,0.0,0.0,0.0
2017-11-29,181.88999938964844,181.97000122070312,174.0,175.1300048828125,41933500,0.0,0.0,0.0,0.0,0.0,0.0
2017-11-30,176.85000610351562,178.27999877929688,175.1999969482422,177.17999267578125,25307600,0.0,0.0,0.0,0.0,0.0,0.0
2017-12-01,176.02999877929688,177.47999572753906,172.33999633789062,175.10000610351562,20182500,0.0,0.0,0.0,0.0,0.0,0.0
2017-12-04,176.2899932861328,176.57000732421875,170.7899932861328,171.47000122070312,24459400,0.0,0.0,0.0,0.0,0.0,0.0
2017-12-05,170.4499969482422,175.3800048828125,169.00999450683594,172.8300018310547,20184900,0.0,0.0,0.0,0.0,0.0,0.0
2017-12-06,172.5,176.77000427246094,171.89999389648438,176.05999755859375,20255800,0.0,0.0,0.0,0.0,0.0,0.0
2017-12-07,175.8000030517578,180.38999938964844,175.8000030517578,180.13999938964844,20404500,0.0,0.0,0.0,0.0,0.0,0.0
2017-12-08,181.52999877929688,182.27999877929688,178.74000549316406,179.0,19883800,0.0,0.0,0.0,0.0,0.0,0.0
2017-12-11,179.3000030517578,180.22000122070312,178.8000030517578,179.0399932861328,13168600,0.0,0.0,0.0,0.0,0.0,0.0
2017-12-12,178.60000610351562,179.17999267578125,176.60000610351562,176.9600067138672,16854100,0.0,0.0,0.0,0.0,0.0,0.0
2017-12-13,177.3000030517578,179.16000366210938,177.25,178.3000030517578,14615700,0.0,0.0,0.0,0.0,0.0,0.0
2017-12-14,178.2899932861328,180.3600006103516,177.67999267578125,178.38999938964844,13591000,0.0,0.0,0.0,0.0,0.0,0.0
2017-12-15,179.02000427246094,180.4900054931641,178.36000061035156,180.17999267578125,28463100,0.0,0.0,0.0,0.0,0.0,0.0
2017-12-18,181.00999450683597,181.3000030517578,179.75,180.82000732421875,17265400,0.0,0.0,0.0,0.0,0.0,0.0
2017-12-19,179.9499969482422,180.0800018310547,178.22000122070312,179.50999450683594,14920600,0.0,0.0,0.0,0.0,0.0,0.0
2017-12-20,179.80999755859375,179.80999755859375,177.36000061035156,177.88999938964844,11860500,0.0,0.0,0.0,0.0,0.0,0.0
2017-12-21,177.94000244140625,178.67999267578125,177.0500030517578,177.4499969482422,11600700,0.0,0.0,0.0,0.0,0.0,0.0
2017-12-22,177.13999938964844,177.52999877929688,176.22999572753906,177.1999969482422,8509500,0.0,0.0,0.0,0.0,0.0,0.0
2017-12-26,176.6300048828125,177.0,174.6699981689453,175.99000549316406,8897300,0.0,0.0,0.0,0.0,0.0,0.0
2017-12-27,176.5500030517578,178.44000244140625,176.25999450683594,177.6199951171875,9496100,0.0,0.0,0.0,0.0,0.0,0.0
2017-12-28,177.9499969482422,178.94000244140625,177.67999267578125,177.9199981689453,12220800,0.0,0.0,0.0,0.0,0.0,0.0
2017-12-29,178.0,178.85000610351562,176.4600067138672,176.4600067138672,10261500,0.0,0.0,0.0,0.0,0.0,0.0
2018-01-02,177.67999267578125,181.5800018310547,177.5500030517578,181.4199981689453,18151900,0.0,0.0,0.0,0.0,0.0,0.0
2018-01-03,181.8800048828125,184.77999877929688,181.3300018310547,184.6699981689453,16886600,0.0,0.0,0.0,0.0,0.0,0.0
2018-01-04,184.8999938964844,186.2100067138672,184.1000061035156,184.3300018310547,13880900,0.0,0.0,0.0,0.0,0.0,0.0
2018-01-05,185.58999633789065,186.8999938964844,184.92999267578125,186.8500061035156,13574500,0.0,0.0,0.0,0.0,0.0,0.0
2018-01-08,187.1999969482422,188.8999938964844,186.3300018310547,188.27999877929688,17994700,0.0,0.0,0.0,0.0,0.0,0.0
2018-01-09,188.6999969482422,188.8000030517578,187.1000061035156,187.8699951171875,12393100,0.0,0.0,0.0,0.0,0.0,0.0
2018-01-10,186.94000244140625,187.88999938964844,185.6300048828125,187.83999633789065,10529900,0.0,0.0,0.0,0.0,0.0,0.0
2018-01-11,188.3999938964844,188.3999938964844,187.3800048828125,187.7700042724609,9588600,0.0,0.0,0.0,0.0,0.0,0.0
2018-01-12,178.05999755859375,181.47999572753903,177.39999389648438,179.3699951171875,77551300,0.0,0.0,0.0,0.0,0.0,0.0
2018-01-16,181.5,181.75,178.0399932861328,178.38999938964844,36183800,0.0,0.0,0.0,0.0,0.0,0.0
2018-01-17,179.25999450683594,179.32000732421875,175.8000030517578,177.60000610351562,27992400,0.0,0.0,0.0,0.0,0.0,0.0
2018-01-18,178.1300048828125,180.97999572753903,177.0800018310547,179.8000030517578,23304900,0.0,0.0,0.0,0.0,0.0,0.0
2018-01-19,180.8500061035156,182.3699951171875,180.1699981689453,181.2899932861328,26826500,0.0,0.0,0.0,0.0,0.0,0.0
2018-01-22,180.8000030517578,185.38999938964844,180.41000366210935,185.3699951171875,21059500,0.0,0.0,0.0,0.0,0.0,0.0
2018-01-23,186.0500030517578,189.5500030517578,185.5500030517578,189.3500061035156,25678800,0.0,0.0,0.0,0.0,0.0,0.0
2018-01-24,189.88999938964844,190.66000366210935,186.5200042724609,186.5500030517578,24334500,0.0,0.0,0.0,0.0,0.0,0.0
2018-01-25,187.9499969482422,188.6199951171875,186.6000061035156,187.47999572753903,17377700,0.0,0.0,0.0,0.0,0.0,0.0
2018-01-26,187.75,190.0,186.80999755859372,190.0,17759200,0.0,0.0,0.0,0.0,0.0,0.0
2018-01-29,188.75,188.83999633789065,185.6300048828125,185.97999572753903,20453200,0.0,0.0,0.0,0.0,0.0,0.0
2018-01-30,187.6199951171875,188.17999267578125,181.83999633789065,187.1199951171875,20858600,0.0,0.0,0.0,0.0,0.0,0.0
2018-01-31,188.3699951171875,189.8300018310547,185.22000122070312,186.88999938964844,43275100,0.0,0.0,0.0,0.0,0.0,0.0
2018-02-01,188.22000122070312,195.32000732421875,187.88999938964844,193.08999633789065,54211300,0.0,0.0,0.0,0.0,0.0,0.0
2018-02-02,192.0399932861328,194.2100067138672,189.97999572753903,190.27999877929688,26677500,0.0,0.0,0.0,0.0,0.0,0.0
2018-02-05,186.92999267578125,190.6100006103516,180.6100006103516,181.25999450683597,33128200,0.0,0.0,0.0,0.0,0.0,0.0
2018-02-06,178.57000732421875,185.7700042724609,177.74000549316406,185.30999755859372,37758500,0.0,0.0,0.0,0.0,0.0,0.0
2018-02-07,184.1499938964844,185.0800018310547,179.9499969482422,180.17999267578125,27601900,0.0,0.0,0.0,0.0,0.0,0.0
2018-02-08,181.00999450683597,181.83999633789065,171.47999572753906,171.5800018310547,38478300,0.0,0.0,0.0,0.0,0.0,0.0
2018-02-09,174.75999450683594,176.89999389648438,167.17999267578125,176.11000061035156,39887600,0.0,0.0,0.0,0.0,0.0,0.0
2018-02-12,177.05999755859375,177.5500030517578,171.83999633789062,176.41000366210938,32092100,0.0,0.0,0.0,0.0,0.0,0.0
2018-02-13,175.6199951171875,175.97000122070312,173.10000610351562,173.14999389648438,21809400,0.0,0.0,0.0,0.0,0.0,0.0
2018-02-14,173.4499969482422,179.80999755859375,173.2100067138672,179.52000427246094,28929700,0.0,0.0,0.0,0.0,0.0,0.0
2018-02-15,180.5,180.5,176.83999633789062,179.9600067138672,20922100,0.0,0.0,0.0,0.0,0.0,0.0
2018-02-16,178.99000549316406,179.8800048828125,176.3000030517578,177.36000061035156,20645300,0.0,0.0,0.0,0.0,0.0,0.0
2018-02-20,175.77000427246094,177.9499969482422,175.11000061035156,176.00999450683594,21204900,0.0,0.0,0.0,0.0,0.0,0.0
2018-02-21,176.7100067138672,181.2700042724609,176.39999389648438,177.91000366210938,23200800,0.0,0.0,0.0,0.0,0.0,0.0
2018-02-22,178.6999969482422,180.2100067138672,177.41000366210938,178.99000549316406,18464200,0.0,0.0,0.0,0.0,0.0,0.0
2018-02-23,179.89999389648438,183.38999938964844,179.50999450683594,183.2899932861328,19007300,0.0,0.0,0.0,0.0,0.0,0.0
2018-02-26,184.5800018310547,185.66000366210935,183.22000122070312,184.92999267578125,17599700,0.0,0.0,0.0,0.0,0.0,0.0
2018-02-27,184.4499969482422,184.6999969482422,181.4600067138672,181.4600067138672,15849800,0.0,0.0,0.0,0.0,0.0,0.0
2018-02-28,182.3000030517578,182.8800048828125,178.13999938964844,178.32000732421875,18783000,0.0,0.0,0.0,0.0,0.0,0.0
2018-03-01,179.00999450683594,180.1199951171875,174.41000366210938,175.94000244140625,23201600,0.0,0.0,0.0,0.0,0.0,0.0
2018-03-02,173.2899932861328,177.11000061035156,172.99000549316406,176.6199951171875,20025900,0.0,0.0,0.0,0.0,0.0,0.0
2018-03-05,176.1999969482422,181.1499938964844,175.88999938964844,180.3999938964844,16189300,0.0,0.0,0.0,0.0,0.0,0.0
2018-03-06,181.77999877929688,182.3800048828125,179.11000061035156,179.77999877929688,15086800,0.0,0.0,0.0,0.0,0.0,0.0
2018-03-07,178.74000549316406,183.82000732421875,178.07000732421875,183.7100067138672,19097300,0.0,0.0,0.0,0.0,0.0,0.0
2018-03-08,183.55999755859372,184.3999938964844,181.4499969482422,182.33999633789065,17225900,0.0,0.0,0.0,0.0,0.0,0.0
2018-03-09,183.91000366210935,185.50999450683597,183.2100067138672,185.22999572753903,18526300,0.0,0.0,0.0,0.0,0.0,0.0
2018-03-12,185.22999572753903,186.1000061035156,184.22000122070312,184.75999450683597,15301200,0.0,0.0,0.0,0.0,0.0,0.0
2018-03-13,185.6100006103516,185.9900054931641,181.1100006103516,181.8800048828125,18067500,0.0,0.0,0.0,0.0,0.0,0.0
2018-03-14,182.6000061035156,184.25,181.8500061035156,184.19000244140625,16821700,0.0,0.0,0.0,0.0,0.0,0.0
2018-03-15,183.2400054931641,184.0,182.19000244140625,183.8600006103516,15614300,0.0,0.0,0.0,0.0,0.0,0.0
2018-03-16,184.4900054931641,185.3300018310547,183.41000366210935,185.08999633789065,24403400,0.0,0.0,0.0,0.0,0.0,0.0
2018-03-19,177.00999450683594,177.1699981689453,170.05999755859375,172.55999755859375,88140100,0.0,0.0,0.0,0.0,0.0,0.0
2018-03-20,167.47000122070312,170.1999969482422,161.9499969482422,168.14999389648438,129851800,0.0,0.0,0.0,0.0,0.0,0.0
2018-03-21,164.8000030517578,173.39999389648438,163.3000030517578,169.38999938964844,106598800,0.0,0.0,0.0,0.0,0.0,0.0
2018-03-22,166.1300048828125,170.27000427246094,163.72000122070312,164.88999938964844,73743000,0.0,0.0,0.0,0.0,0.0,0.0
2018-03-23,165.44000244140625,166.60000610351562,159.02000427246094,159.38999938964844,53609700,0.0,0.0,0.0,0.0,0.0,0.0
2018-03-26,160.82000732421875,161.10000610351562,149.02000427246094,160.05999755859375,126116600,0.0,0.0,0.0,0.0,0.0,0.0
2018-03-27,156.30999755859375,162.85000610351562,150.75,152.22000122070312,79117000,0.0,0.0,0.0,0.0,0.0,0.0
2018-03-28,151.64999389648438,155.8800048828125,150.8000030517578,153.02999877929688,60029200,0.0,0.0,0.0,0.0,0.0,0.0
2018-03-29,155.14999389648438,161.4199981689453,154.13999938964844,159.7899932861328,59434300,0.0,0.0,0.0,0.0,0.0,0.0
2018-04-02,157.80999755859375,159.1999969482422,154.11000061035156,155.38999938964844,36796000,0.0,0.0,0.0,0.0,0.0,0.0
2018-04-03,156.5500030517578,157.38999938964844,150.80999755859375,156.11000061035156,42543900,0.0,0.0,0.0,0.0,0.0,0.0
2018-04-04,152.02999877929688,155.55999755859375,150.50999450683594,155.10000610351562,49885600,0.0,0.0,0.0,0.0,0.0,0.0
2018-04-05,161.55999755859375,161.57000732421875,156.64999389648438,159.33999633789062,41449600,0.0,0.0,0.0,0.0,0.0,0.0
2018-04-06,157.72999572753906,161.4199981689453,156.80999755859375,157.1999969482422,41644800,0.0,0.0,0.0,0.0,0.0,0.0
2018-04-09,157.82000732421875,160.52999877929688,156.0399932861328,157.92999267578125,34915200,0.0,0.0,0.0,0.0,0.0,0.0
2018-04-10,157.92999267578125,165.97999572753906,157.00999450683594,165.0399932861328,57889300,0.0,0.0,0.0,0.0,0.0,0.0
2018-04-11,165.36000061035156,168.64999389648438,163.25,166.32000732421875,56144600,0.0,0.0,0.0,0.0,0.0,0.0
2018-04-12,166.97999572753906,167.4499969482422,163.10000610351562,163.8699951171875,38263000,0.0,0.0,0.0,0.0,0.0,0.0
2018-04-13,164.5800018310547,165.6999969482422,163.77000427246094,164.52000427246094,19990600,0.0,0.0,0.0,0.0,0.0,0.0
2018-04-16,165.72000122070312,165.77999877929688,163.38999938964844,164.8300018310547,18119400,0.0,0.0,0.0,0.0,0.0,0.0
2018-04-17,165.8300018310547,169.0,165.66000366210938,168.66000366210938,22743000,0.0,0.0,0.0,0.0,0.0,0.0
2018-04-18,166.8800048828125,168.1199951171875,165.77000427246094,166.36000061035156,20969600,0.0,0.0,0.0,0.0,0.0,0.0
2018-04-19,166.1999969482422,168.3300018310547,165.1999969482422,168.10000610351562,22235000,0.0,0.0,0.0,0.0,0.0,0.0
2018-04-20,167.7899932861328,168.42999267578125,165.80999755859375,166.27999877929688,19119400,0.0,0.0,0.0,0.0,0.0,0.0
2018-04-23,167.27000427246094,168.4499969482422,165.08999633789062,165.83999633789062,23088100,0.0,0.0,0.0,0.0,0.0,0.0
2018-04-24,165.42999267578125,166.10000610351562,158.19000244140625,159.69000244140625,35079900,0.0,0.0,0.0,0.0,0.0,0.0
2018-04-25,160.13999938964844,161.05999755859375,156.19000244140625,159.69000244140625,41083600,0.0,0.0,0.0,0.0,0.0,0.0
2018-04-26,173.22000122070312,176.27000427246094,170.8000030517578,174.16000366210938,77556900,0.0,0.0,0.0,0.0,0.0,0.0
2018-04-27,176.80999755859375,177.10000610351562,172.60000610351562,173.58999633789062,29804700,0.0,0.0,0.0,0.0,0.0,0.0
2018-04-30,173.7899932861328,175.72000122070312,171.7100067138672,172.0,20750500,0.0,0.0,0.0,0.0,0.0,0.0
2018-05-01,172.0,174.02000427246094,170.22999572753906,173.86000061035156,26025900,0.0,0.0,0.0,0.0,0.0,0.0
2018-05-02,174.25,178.0800018310547,174.1999969482422,176.07000732421875,30424500,0.0,0.0,0.0,0.0,0.0,0.0
2018-05-03,175.1300048828125,176.1199951171875,172.1199951171875,174.02000427246094,24026100,0.0,0.0,0.0,0.0,0.0,0.0
2018-05-04,173.0800018310547,176.97999572753906,173.05999755859375,176.61000061035156,17677800,0.0,0.0,0.0,0.0,0.0,0.0
2018-05-07,177.35000610351562,179.5,177.1699981689453,177.97000122070312,18697200,0.0,0.0,0.0,0.0,0.0,0.0
2018-05-08,178.25,179.0399932861328,177.11000061035156,178.9199981689453,15577200,0.0,0.0,0.0,0.0,0.0,0.0
2018-05-09,179.6699981689453,183.00999450683597,178.77999877929688,182.66000366210935,23282800,0.0,0.0,0.0,0.0,0.0,0.0
2018-05-10,183.1499938964844,186.1300048828125,182.5,185.52999877929688,21071400,0.0,0.0,0.0,0.0,0.0,0.0
2018-05-11,184.8500061035156,188.32000732421875,184.17999267578125,186.9900054931641,21207800,0.0,0.0,0.0,0.0,0.0,0.0
2018-05-14,187.7100067138672,187.8600006103516,186.1999969482422,186.63999938964844,15646700,0.0,0.0,0.0,0.0,0.0,0.0
2018-05-15,184.8800048828125,185.2899932861328,183.1999969482422,184.32000732421875,15429400,0.0,0.0,0.0,0.0,0.0,0.0
2018-05-16,183.6999969482422,184.32000732421875,182.66000366210935,183.1999969482422,16975500,0.0,0.0,0.0,0.0,0.0,0.0
2018-05-17,182.67999267578125,184.05999755859372,182.22000122070312,183.75999450683597,14840700,0.0,0.0,0.0,0.0,0.0,0.0
2018-05-18,183.4900054931641,184.19000244140625,182.6100006103516,182.67999267578125,13130500,0.0,0.0,0.0,0.0,0.0,0.0
2018-05-21,183.7700042724609,185.3000030517578,183.1300048828125,184.4900054931641,13532900,0.0,0.0,0.0,0.0,0.0,0.0
2018-05-22,184.92999267578125,185.4199981689453,183.42999267578125,183.8000030517578,12731400,0.0,0.0,0.0,0.0,0.0,0.0
2018-05-23,182.5,186.91000366210935,182.17999267578125,186.8999938964844,16628100,0.0,0.0,0.0,0.0,0.0,0.0
2018-05-24,185.8800048828125,186.8000030517578,185.02999877929688,185.92999267578125,12354700,0.0,0.0,0.0,0.0,0.0,0.0
2018-05-25,186.0200042724609,186.3300018310547,184.4499969482422,184.9199981689453,10965100,0.0,0.0,0.0,0.0,0.0,0.0
2018-05-29,184.33999633789065,186.80999755859372,183.7100067138672,185.7400054931641,16398900,0.0,0.0,0.0,0.0,0.0,0.0
2018-05-30,186.5399932861328,188.0,185.25,187.6699981689453,13736900,0.0,0.0,0.0,0.0,0.0,0.0
2018-05-31,187.8699951171875,192.72000122070312,187.47999572753903,191.77999877929688,30782600,0.0,0.0,0.0,0.0,0.0,0.0
2018-06-01,193.07000732421875,194.5500030517578,192.07000732421875,193.9900054931641,17307200,0.0,0.0,0.0,0.0,0.0,0.0
2018-06-04,191.83999633789065,193.97999572753903,191.47000122070312,193.27999877929688,18939800,0.0,0.0,0.0,0.0,0.0,0.0
2018-06-05,194.3000030517578,195.0,192.6199951171875,192.94000244140625,15544300,0.0,0.0,0.0,0.0,0.0,0.0
2018-06-06,191.02999877929688,192.52999877929688,189.1100006103516,191.33999633789065,22558900,0.0,0.0,0.0,0.0,0.0,0.0
2018-06-07,190.75,190.97000122070312,186.7700042724609,188.17999267578125,21503200,0.0,0.0,0.0,0.0,0.0,0.0
2018-06-08,187.52999877929688,189.47999572753903,186.42999267578125,189.1000061035156,12677100,0.0,0.0,0.0,0.0,0.0,0.0
2018-06-11,188.80999755859372,192.6000061035156,188.8000030517578,191.5399932861328,12928900,0.0,0.0,0.0,0.0,0.0,0.0
2018-06-12,192.1699981689453,193.27999877929688,191.55999755859372,192.3999938964844,11562700,0.0,0.0,0.0,0.0,0.0,0.0
2018-06-13,192.7400054931641,194.5,191.91000366210935,192.41000366210935,15853800,0.0,0.0,0.0,0.0,0.0,0.0
2018-06-14,193.1000061035156,197.27999877929688,192.91000366210935,196.80999755859372,19120900,0.0,0.0,0.0,0.0,0.0,0.0
2018-06-15,195.7899932861328,197.07000732421875,194.63999938964844,195.8500061035156,21860900,0.0,0.0,0.0,0.0,0.0,0.0
2018-06-18,194.8000030517578,199.5800018310547,194.1300048828125,198.30999755859372,16826000,0.0,0.0,0.0,0.0,0.0,0.0
2018-06-19,196.2400054931641,197.9600067138672,193.7899932861328,197.4900054931641,19994000,0.0,0.0,0.0,0.0,0.0,0.0
2018-06-20,199.1000061035156,203.5500030517578,198.80999755859372,202.0,28230900,0.0,0.0,0.0,0.0,0.0,0.0
2018-06-21,202.75999450683597,203.38999938964844,200.08999633789065,201.5,19045700,0.0,0.0,0.0,0.0,0.0,0.0
2018-06-22,201.16000366210935,202.2400054931641,199.30999755859372,201.7400054931641,17420200,0.0,0.0,0.0,0.0,0.0,0.0
2018-06-25,200.0,200.0,193.1100006103516,196.3500061035156,25275100,0.0,0.0,0.0,0.0,0.0,0.0
2018-06-26,197.6000061035156,199.1000061035156,196.22999572753903,199.0,17897600,0.0,0.0,0.0,0.0,0.0,0.0
2018-06-27,199.17999267578125,200.75,195.8000030517578,195.83999633789065,18734400,0.0,0.0,0.0,0.0,0.0,0.0
2018-06-28,195.17999267578125,197.33999633789065,193.25999450683597,196.22999572753903,18172400,0.0,0.0,0.0,0.0,0.0,0.0
2018-06-29,197.32000732421875,197.6000061035156,193.9600067138672,194.32000732421875,15811600,0.0,0.0,0.0,0.0,0.0,0.0
2018-07-02,193.3699951171875,197.4499969482422,192.22000122070312,197.3600006103516,13961600,0.0,0.0,0.0,0.0,0.0,0.0
2018-07-03,194.5500030517578,195.3999938964844,192.5200042724609,192.72999572753903,13489500,0.0,0.0,0.0,0.0,0.0,0.0
2018-07-05,194.7400054931641,198.6499938964844,194.02999877929688,198.4499969482422,19684200,0.0,0.0,0.0,0.0,0.0,0.0
2018-07-06,198.4499969482422,203.63999938964844,197.6999969482422,203.22999572753903,19740100,0.0,0.0,0.0,0.0,0.0,0.0
2018-07-09,204.92999267578125,205.8000030517578,202.1199951171875,204.7400054931641,18149400,0.0,0.0,0.0,0.0,0.0,0.0
2018-07-10,204.5,204.91000366210935,202.25999450683597,203.5399932861328,13190100,0.0,0.0,0.0,0.0,0.0,0.0
2018-07-11,202.22000122070312,204.5,201.75,202.5399932861328,12927400,0.0,0.0,0.0,0.0,0.0,0.0
2018-07-12,203.42999267578125,207.0800018310547,203.19000244140625,206.9199981689453,15454700,0.0,0.0,0.0,0.0,0.0,0.0
2018-07-13,207.80999755859372,208.42999267578125,206.4499969482422,207.32000732421875,11486800,0.0,0.0,0.0,0.0,0.0,0.0
2018-07-16,207.5,208.72000122070312,206.83999633789065,207.22999572753903,11078200,0.0,0.0,0.0,0.0,0.0,0.0
2018-07-17,204.8999938964844,210.4600067138672,204.83999633789065,209.9900054931641,15349900,0.0,0.0,0.0,0.0,0.0,0.0
2018-07-18,209.82000732421875,210.9900054931641,208.44000244140625,209.3600006103516,15334900,0.0,0.0,0.0,0.0,0.0,0.0
2018-07-19,208.7700042724609,209.9900054931641,207.75999450683597,208.08999633789065,11350400,0.0,0.0,0.0,0.0,0.0,0.0
2018-07-20,208.8500061035156,211.5,208.5,209.94000244140625,16163900,0.0,0.0,0.0,0.0,0.0,0.0
2018-07-23,210.5800018310547,211.6199951171875,208.8000030517578,210.91000366210935,16732000,0.0,0.0,0.0,0.0,0.0,0.0
2018-07-24,215.1100006103516,216.1999969482422,212.6000061035156,214.6699981689453,28468700,0.0,0.0,0.0,0.0,0.0,0.0
2018-07-25,215.72000122070312,218.6199951171875,214.2700042724609,217.5,58954200,0.0,0.0,0.0,0.0,0.0,0.0
2018-07-26,174.88999938964844,180.1300048828125,173.75,176.25999450683594,169803700,0.0,0.0,0.0,0.0,0.0,0.0
2018-07-27,179.8699951171875,179.92999267578125,173.0,174.88999938964844,60073700,0.0,0.0,0.0,0.0,0.0,0.0
2018-07-30,175.3000030517578,175.3000030517578,166.55999755859375,171.05999755859375,65280800,0.0,0.0,0.0,0.0,0.0,0.0
2018-07-31,170.6699981689453,174.24000549316406,170.0,172.5800018310547,40356500,0.0,0.0,0.0,0.0,0.0,0.0
2018-08-01,173.92999267578125,175.0800018310547,170.89999389648438,171.64999389648438,34042100,0.0,0.0,0.0,0.0,0.0,0.0
2018-08-02,170.67999267578125,176.7899932861328,170.27000427246094,176.3699951171875,32400000,0.0,0.0,0.0,0.0,0.0,0.0
2018-08-03,177.69000244140625,178.85000610351562,176.14999389648438,177.77999877929688,24763400,0.0,0.0,0.0,0.0,0.0,0.0
2018-08-06,178.97000122070312,185.7899932861328,178.3800048828125,185.69000244140625,49716200,0.0,0.0,0.0,0.0,0.0,0.0
2018-08-07,186.5,188.3000030517578,183.72000122070312,183.80999755859372,33398600,0.0,0.0,0.0,0.0,0.0,0.0
2018-08-08,184.75,186.8500061035156,183.75999450683597,185.17999267578125,22205200,0.0,0.0,0.0,0.0,0.0,0.0
2018-08-09,185.8500061035156,186.57000732421875,182.47999572753903,183.08999633789065,19732100,0.0,0.0,0.0,0.0,0.0,0.0
2018-08-10,182.0399932861328,182.1000061035156,179.4199981689453,180.25999450683597,21500400,0.0,0.0,0.0,0.0,0.0,0.0
2018-08-13,180.10000610351562,182.6100006103516,178.89999389648438,180.0500030517578,17423300,0.0,0.0,0.0,0.0,0.0,0.0
2018-08-14,180.7100067138672,181.9900054931641,178.6199951171875,181.1100006103516,19102000,0.0,0.0,0.0,0.0,0.0,0.0
2018-08-15,179.33999633789062,180.8699951171875,174.77999877929688,179.52999877929688,33020200,0.0,0.0,0.0,0.0,0.0,0.0
2018-08-16,180.4199981689453,180.5,174.00999450683594,174.6999969482422,31351800,0.0,0.0,0.0,0.0,0.0,0.0
2018-08-17,174.5,176.22000122070312,172.0399932861328,173.8000030517578,24893200,0.0,0.0,0.0,0.0,0.0,0.0
2018-08-20,174.0399932861328,174.57000732421875,170.91000366210938,172.5,21518000,0.0,0.0,0.0,0.0,0.0,0.0
2018-08-21,172.80999755859375,174.1699981689453,171.38999938964844,172.6199951171875,19578500,0.0,0.0,0.0,0.0,0.0,0.0
2018-08-22,172.2100067138672,174.24000549316406,172.1300048828125,173.63999938964844,16894100,0.0,0.0,0.0,0.0,0.0,0.0
2018-08-23,173.08999633789062,175.5500030517578,172.8300018310547,172.89999389648438,18053600,0.0,0.0,0.0,0.0,0.0,0.0
2018-08-24,173.6999969482422,174.82000732421875,172.9199981689453,174.64999389648438,14631600,0.0,0.0,0.0,0.0,0.0,0.0
2018-08-27,175.99000549316406,178.6699981689453,175.7899932861328,177.4600067138672,17921900,0.0,0.0,0.0,0.0,0.0,0.0
2018-08-28,178.10000610351562,178.24000549316406,175.8300018310547,176.25999450683594,15910700,0.0,0.0,0.0,0.0,0.0,0.0
2018-08-29,176.3000030517578,176.7899932861328,174.75,175.89999389648438,18494100,0.0,0.0,0.0,0.0,0.0,0.0
2018-08-30,175.89999389648438,179.7899932861328,175.6999969482422,177.63999938964844,24216500,0.0,0.0,0.0,0.0,0.0,0.0
2018-08-31,177.14999389648438,177.6199951171875,174.97999572753906,175.72999572753906,18065200,0.0,0.0,0.0,0.0,0.0,0.0
2018-09-04,173.5,173.88999938964844,168.8000030517578,171.16000366210938,29809000,0.0,0.0,0.0,0.0,0.0,0.0
2018-09-05,169.49000549316406,171.1300048828125,166.6699981689453,167.17999267578125,31226700,0.0,0.0,0.0,0.0,0.0,0.0
2018-09-06,166.97999572753906,166.97999572753906,160.0,162.52999877929688,41514800,0.0,0.0,0.0,0.0,0.0,0.0
2018-09-07,160.30999755859375,164.6300048828125,160.16000366210938,163.0399932861328,24300600,0.0,0.0,0.0,0.0,0.0,0.0
2018-09-10,163.50999450683594,165.00999450683594,162.16000366210938,164.17999267578125,20197700,0.0,0.0,0.0,0.0,0.0,0.0
2018-09-11,163.94000244140625,167.19000244140625,163.72000122070312,165.94000244140625,20457100,0.0,0.0,0.0,0.0,0.0,0.0
2018-09-12,163.25,164.49000549316406,161.8000030517578,162.0,24078100,0.0,0.0,0.0,0.0,0.0,0.0
2018-09-13,162.0,163.32000732421875,160.86000061035156,161.36000061035156,25453800,0.0,0.0,0.0,0.0,0.0,0.0
2018-09-14,161.72000122070312,162.83999633789062,160.33999633789062,162.32000732421875,21770400,0.0,0.0,0.0,0.0,0.0,0.0
2018-09-17,161.9199981689453,162.05999755859375,159.77000427246094,160.5800018310547,21005300,0.0,0.0,0.0,0.0,0.0,0.0
2018-09-18,159.38999938964844,161.75999450683594,158.8699951171875,160.3000030517578,22465200,0.0,0.0,0.0,0.0,0.0,0.0
2018-09-19,160.0800018310547,163.44000244140625,159.47999572753906,163.05999755859375,19629000,0.0,0.0,0.0,0.0,0.0,0.0
2018-09-20,164.5,166.4499969482422,164.47000122070312,166.02000427246094,18936000,0.0,0.0,0.0,0.0,0.0,0.0
2018-09-21,166.63999938964844,167.25,162.80999755859375,162.92999267578125,45994800,0.0,0.0,0.0,0.0,0.0,0.0
2018-09-24,161.02999877929688,165.6999969482422,160.8800048828125,165.41000366210938,19222800,0.0,0.0,0.0,0.0,0.0,0.0
2018-09-25,161.99000549316406,165.58999633789062,161.14999389648438,164.91000366210938,27622800,0.0,0.0,0.0,0.0,0.0,0.0
2018-09-26,164.3000030517578,169.3000030517578,164.2100067138672,166.9499969482422,25252200,0.0,0.0,0.0,0.0,0.0,0.0
2018-09-27,167.5500030517578,171.77000427246094,167.2100067138672,168.83999633789062,27266900,0.0,0.0,0.0,0.0,0.0,0.0
2018-09-28,168.3300018310547,168.7899932861328,162.55999755859375,164.4600067138672,34265600,0.0,0.0,0.0,0.0,0.0,0.0
2018-10-01,163.02999877929688,165.8800048828125,161.25999450683594,162.44000244140625,26407700,0.0,0.0,0.0,0.0,0.0,0.0
2018-10-02,161.5800018310547,162.27999877929688,158.6699981689453,159.3300018310547,36031000,0.0,0.0,0.0,0.0,0.0,0.0
2018-10-03,160.0,163.66000366210938,159.52999877929688,162.42999267578125,23109500,0.0,0.0,0.0,0.0,0.0,0.0
2018-10-04,161.4600067138672,161.4600067138672,157.35000610351562,158.85000610351562,25739600,0.0,0.0,0.0,0.0,0.0,0.0
2018-10-05,159.2100067138672,160.89999389648438,156.1999969482422,157.3300018310547,25744000,0.0,0.0,0.0,0.0,0.0,0.0
2018-10-08,155.5399932861328,158.33999633789062,154.38999938964844,157.25,24046000,0.0,0.0,0.0,0.0,0.0,0.0
2018-10-09,157.69000244140625,160.58999633789062,157.4199981689453,157.89999389648438,18844400,0.0,0.0,0.0,0.0,0.0,0.0
2018-10-10,156.82000732421875,157.69000244140625,151.30999755859375,151.3800048828125,30610000,0.0,0.0,0.0,0.0,0.0,0.0
2018-10-11,150.1300048828125,154.80999755859375,149.16000366210938,153.35000610351562,35338900,0.0,0.0,0.0,0.0,0.0,0.0
2018-10-12,156.72999572753906,156.88999938964844,151.3000030517578,153.74000549316406,25293500,0.0,0.0,0.0,0.0,0.0,0.0
2018-10-15,153.32000732421875,155.57000732421875,152.5500030517578,153.52000427246094,15433500,0.0,0.0,0.0,0.0,0.0,0.0
2018-10-16,155.39999389648438,159.4600067138672,155.00999450683594,158.77999877929688,19180100,0.0,0.0,0.0,0.0,0.0,0.0
2018-10-17,159.55999755859375,160.49000549316406,157.9499969482422,159.4199981689453,17592000,0.0,0.0,0.0,0.0,0.0,0.0
2018-10-18,158.50999450683594,158.66000366210938,153.27999877929688,154.9199981689453,21675100,0.0,0.0,0.0,0.0,0.0,0.0
2018-10-19,155.86000061035156,157.35000610351562,153.5500030517578,154.0500030517578,19761300,0.0,0.0,0.0,0.0,0.0,0.0
2018-10-22,154.75999450683594,157.33999633789062,154.4600067138672,154.77999877929688,15424700,0.0,0.0,0.0,0.0,0.0,0.0
2018-10-23,151.22000122070312,154.77000427246094,150.85000610351562,154.38999938964844,19095000,0.0,0.0,0.0,0.0,0.0,0.0
2018-10-24,154.27999877929688,154.64999389648438,145.60000610351562,146.0399932861328,27744600,0.0,0.0,0.0,0.0,0.0,0.0
2018-10-25,147.72999572753906,152.2100067138672,147.0,150.9499969482422,22105700,0.0,0.0,0.0,0.0,0.0,0.0
2018-10-26,145.82000732421875,149.0,143.8000030517578,145.3699951171875,31303300,0.0,0.0,0.0,0.0,0.0,0.0
2018-10-29,148.5,148.8300018310547,139.02999877929688,142.08999633789062,31336800,0.0,0.0,0.0,0.0,0.0,0.0
2018-10-30,139.94000244140625,146.63999938964844,139.74000549316406,146.22000122070312,50528300,0.0,0.0,0.0,0.0,0.0,0.0
2018-10-31,155.0,156.39999389648438,148.9600067138672,151.7899932861328,60101300,0.0,0.0,0.0,0.0,0.0,0.0
2018-11-01,151.52000427246094,152.75,149.35000610351562,151.75,25640800,0.0,0.0,0.0,0.0,0.0,0.0
2018-11-02,151.8000030517578,154.1300048828125,148.9600067138672,150.35000610351562,24708700,0.0,0.0,0.0,0.0,0.0,0.0
2018-11-05,150.10000610351562,150.19000244140625,147.44000244140625,148.67999267578125,15971200,0.0,0.0,0.0,0.0,0.0,0.0
2018-11-06,149.30999755859375,150.97000122070312,148.0,149.94000244140625,16667100,0.0,0.0,0.0,0.0,0.0,0.0
2018-11-07,151.57000732421875,153.00999450683594,149.8300018310547,151.52999877929688,21877400,0.0,0.0,0.0,0.0,0.0,0.0
2018-11-08,150.49000549316406,150.94000244140625,146.74000549316406,147.8699951171875,24145800,0.0,0.0,0.0,0.0,0.0,0.0
2018-11-09,146.75,147.75999450683594,144.07000732421875,144.9600067138672,17326900,0.0,0.0,0.0,0.0,0.0,0.0
2018-11-12,144.47999572753906,145.0399932861328,140.49000549316406,141.5500030517578,18542100,0.0,0.0,0.0,0.0,0.0,0.0
2018-11-13,142.0,144.8800048828125,141.6199951171875,142.16000366210938,15141700,0.0,0.0,0.0,0.0,0.0,0.0
2018-11-14,143.6999969482422,145.5800018310547,141.5500030517578,144.22000122070312,22068400,0.0,0.0,0.0,0.0,0.0,0.0
2018-11-15,142.3300018310547,144.83999633789062,140.8300018310547,143.85000610351562,30320300,0.0,0.0,0.0,0.0,0.0,0.0
2018-11-16,141.07000732421875,141.77000427246094,137.77000427246094,139.52999877929688,37250600,0.0,0.0,0.0,0.0,0.0,0.0
2018-11-19,137.61000061035156,137.75,131.2100067138672,131.5500030517578,44362700,0.0,0.0,0.0,0.0,0.0,0.0
2018-11-20,127.02999877929688,134.16000366210938,126.8499984741211,132.42999267578125,41939500,0.0,0.0,0.0,0.0,0.0,0.0
2018-11-21,134.39999389648438,137.19000244140625,134.1300048828125,134.82000732421875,25469700,0.0,0.0,0.0,0.0,0.0,0.0
2018-11-23,133.64999389648438,134.5,131.25999450683594,131.72999572753906,11886100,0.0,0.0,0.0,0.0,0.0,0.0
2018-11-26,133.0,137.0,132.77999877929688,136.3800048828125,24263600,0.0,0.0,0.0,0.0,0.0,0.0
2018-11-27,135.75,136.61000061035156,133.7100067138672,135.0,20750300,0.0,0.0,0.0,0.0,0.0,0.0
2018-11-28,136.27999877929688,136.7899932861328,131.85000610351562,136.75999450683594,29847500,0.0,0.0,0.0,0.0,0.0,0.0
2018-11-29,135.9199981689453,139.99000549316406,135.66000366210938,138.67999267578125,24238700,0.0,0.0,0.0,0.0,0.0,0.0
2018-11-30,138.25999450683594,140.97000122070312,137.36000061035156,140.61000061035156,25732600,0.0,0.0,0.0,0.0,0.0,0.0
2018-12-03,143.0,143.67999267578125,140.75999450683594,141.08999633789062,24819200,0.0,0.0,0.0,0.0,0.0,0.0
2018-12-04,140.72999572753906,143.38999938964844,137.16000366210938,137.92999267578125,30307400,0.0,0.0,0.0,0.0,0.0,0.0
2018-12-06,133.82000732421875,139.6999969482422,133.6699981689453,139.6300048828125,28218100,0.0,0.0,0.0,0.0,0.0,0.0
2018-12-07,139.25,140.8699951171875,136.66000366210938,137.4199981689453,21195500,0.0,0.0,0.0,0.0,0.0,0.0
2018-12-10,139.60000610351562,143.0500030517578,139.00999450683594,141.85000610351562,26422200,0.0,0.0,0.0,0.0,0.0,0.0
2018-12-11,143.8800048828125,143.8800048828125,141.10000610351562,142.0800018310547,20300300,0.0,0.0,0.0,0.0,0.0,0.0
2018-12-12,143.0800018310547,147.19000244140625,142.50999450683594,144.5,23696900,0.0,0.0,0.0,0.0,0.0,0.0
2018-12-13,145.57000732421875,145.85000610351562,143.19000244140625,145.00999450683594,18148600,0.0,0.0,0.0,0.0,0.0,0.0
2018-12-14,143.33999633789062,146.00999450683594,142.50999450683594,144.05999755859375,21785800,0.0,0.0,0.0,0.0,0.0,0.0
2018-12-17,143.0800018310547,144.9199981689453,138.4199981689453,140.19000244140625,24334000,0.0,0.0,0.0,0.0,0.0,0.0
2018-12-18,141.0800018310547,145.92999267578125,139.8300018310547,143.66000366210938,24709100,0.0,0.0,0.0,0.0,0.0,0.0
2018-12-19,141.2100067138672,144.91000366210938,132.5,133.24000549316406,57404900,0.0,0.0,0.0,0.0,0.0,0.0
2018-12-20,130.6999969482422,135.57000732421875,130.0,133.39999389648438,40297900,0.0,0.0,0.0,0.0,0.0,0.0
2018-12-21,133.38999938964844,134.89999389648438,123.41999816894533,124.9499969482422,56901500,0.0,0.0,0.0,0.0,0.0,0.0
2018-12-24,123.0999984741211,129.74000549316406,123.0199966430664,124.05999755859376,22066000,0.0,0.0,0.0,0.0,0.0,0.0
2018-12-26,126.0,134.24000549316406,125.88999938964844,134.17999267578125,39723400,0.0,0.0,0.0,0.0,0.0,0.0
2018-12-27,132.44000244140625,134.99000549316406,129.6699981689453,134.52000427246094,31202500,0.0,0.0,0.0,0.0,0.0,0.0
2018-12-28,135.33999633789062,135.9199981689453,132.1999969482422,133.1999969482422,22627600,0.0,0.0,0.0,0.0,0.0,0.0
2018-12-31,134.4499969482422,134.63999938964844,129.9499969482422,131.08999633789062,24625300,0.0,0.0,0.0,0.0,0.0,0.0
2019-01-02,128.99000549316406,137.50999450683594,128.55999755859375,135.67999267578125,28146200,0.0,0.0,0.0,0.0,0.0,0.0
2019-01-03,134.69000244140625,137.1699981689453,131.1199951171875,131.74000549316406,22717900,0.0,0.0,0.0,0.0,0.0,0.0
2019-01-04,134.00999450683594,138.0,133.75,137.9499969482422,29002100,0.0,0.0,0.0,0.0,0.0,0.0
2019-01-07,137.55999755859375,138.8699951171875,135.91000366210938,138.0500030517578,20089300,0.0,0.0,0.0,0.0,0.0,0.0
2019-01-08,139.88999938964844,143.13999938964844,139.5399932861328,142.52999877929688,26263800,0.0,0.0,0.0,0.0,0.0,0.0
2019-01-09,142.9499969482422,144.6999969482422,141.27000427246094,144.22999572753906,22205900,0.0,0.0,0.0,0.0,0.0,0.0
2019-01-10,143.0800018310547,144.55999755859375,140.83999633789062,144.1999969482422,16125000,0.0,0.0,0.0,0.0,0.0,0.0
2019-01-11,143.14999389648438,145.36000061035156,142.57000732421875,143.8000030517578,12908000,0.0,0.0,0.0,0.0,0.0,0.0
2019-01-14,142.0,146.57000732421875,141.27000427246094,145.38999938964844,20520300,0.0,0.0,0.0,0.0,0.0,0.0
2019-01-15,146.00999450683594,150.67999267578125,145.99000549316406,148.9499969482422,24069000,0.0,0.0,0.0,0.0,0.0,0.0
2019-01-16,149.0,149.64999389648438,147.0,147.5399932861328,18025700,0.0,0.0,0.0,0.0,0.0,0.0
2019-01-17,146.9499969482422,149.0,146.5,148.3000030517578,15787900,0.0,0.0,0.0,0.0,0.0,0.0
2019-01-18,149.75,152.42999267578125,148.5500030517578,150.0399932861328,31029600,0.0,0.0,0.0,0.0,0.0,0.0
2019-01-22,149.1999969482422,151.52999877929688,146.3699951171875,147.57000732421875,22378700,0.0,0.0,0.0,0.0,0.0,0.0
2019-01-23,148.27999877929688,148.8000030517578,143.05999755859375,144.3000030517578,20098400,0.0,0.0,0.0,0.0,0.0,0.0
2019-01-24,144.63999938964844,146.44000244140625,142.52000427246094,145.8300018310547,20955500,0.0,0.0,0.0,0.0,0.0,0.0
2019-01-25,147.47999572753906,149.8300018310547,146.5399932861328,149.00999450683594,22237200,0.0,0.0,0.0,0.0,0.0,0.0
2019-01-28,148.0500030517578,148.9600067138672,146.2100067138672,147.47000122070312,15508500,0.0,0.0,0.0,0.0,0.0,0.0
2019-01-29,148.08999633789062,148.10000610351562,143.42999267578125,144.19000244140625,17632100,0.0,0.0,0.0,0.0,0.0,0.0
2019-01-30,146.22000122070312,150.9499969482422,145.6999969482422,150.4199981689453,44613200,0.0,0.0,0.0,0.0,0.0,0.0
2019-01-31,165.60000610351562,171.67999267578125,165.0,166.69000244140625,77233600,0.0,0.0,0.0,0.0,0.0,0.0
2019-02-01,165.83999633789062,169.10000610351562,165.66000366210938,165.7100067138672,30806500,0.0,0.0,0.0,0.0,0.0,0.0
2019-02-04,165.6999969482422,169.3000030517578,163.6199951171875,169.25,20036000,0.0,0.0,0.0,0.0,0.0,0.0
2019-02-05,169.14999389648438,171.97999572753906,168.69000244140625,171.16000366210938,22557000,0.0,0.0,0.0,0.0,0.0,0.0
2019-02-06,171.1999969482422,172.47000122070312,169.27000427246094,170.49000549316406,13281200,0.0,0.0,0.0,0.0,0.0,0.0
2019-02-07,168.1999969482422,169.24000549316406,165.25,166.3800048828125,17517600,0.0,0.0,0.0,0.0,0.0,0.0
2019-02-08,164.47000122070312,167.3699951171875,164.2100067138672,167.3300018310547,12561400,0.0,0.0,0.0,0.0,0.0,0.0
2019-02-11,167.89999389648438,168.3000030517578,165.0800018310547,165.7899932861328,12811200,0.0,0.0,0.0,0.0,0.0,0.0
2019-02-12,166.86000061035156,168.33999633789062,164.5,165.0399932861328,16292300,0.0,0.0,0.0,0.0,0.0,0.0
2019-02-13,165.3800048828125,166.22000122070312,163.72999572753906,164.07000732421875,14205100,0.0,0.0,0.0,0.0,0.0,0.0
2019-02-14,163.19000244140625,164.8699951171875,162.25,163.9499969482422,12755200,0.0,0.0,0.0,0.0,0.0,0.0
2019-02-15,164.50999450683594,164.6999969482422,160.86000061035156,162.5,15504400,0.0,0.0,0.0,0.0,0.0,0.0
2019-02-19,160.5,164.14999389648438,160.3300018310547,162.2899932861328,14345400,0.0,0.0,0.0,0.0,0.0,0.0
2019-02-20,162.25,163.72000122070312,161.25,162.55999755859375,11770700,0.0,0.0,0.0,0.0,0.0,0.0
2019-02-21,161.92999267578125,162.24000549316406,159.58999633789062,160.0399932861328,15607800,0.0,0.0,0.0,0.0,0.0,0.0
2019-02-22,160.5800018310547,162.41000366210938,160.30999755859375,161.88999938964844,15858500,0.0,0.0,0.0,0.0,0.0,0.0
2019-02-25,163.07000732421875,166.07000732421875,162.89999389648438,164.6199951171875,18737100,0.0,0.0,0.0,0.0,0.0,0.0
2019-02-26,164.33999633789062,166.24000549316406,163.8000030517578,164.1300048828125,13784100,0.0,0.0,0.0,0.0,0.0,0.0
2019-02-27,162.89999389648438,163.92999267578125,160.41000366210938,162.80999755859375,12697500,0.0,0.0,0.0,0.0,0.0,0.0
2019-02-28,162.3699951171875,163.5,160.86000061035156,161.4499969482422,11114200,0.0,0.0,0.0,0.0,0.0,0.0
2019-03-01,162.60000610351562,163.1300048828125,161.69000244140625,162.27999877929688,11097800,0.0,0.0,0.0,0.0,0.0,0.0
2019-03-04,163.89999389648438,167.5,163.8300018310547,167.3699951171875,18894700,0.0,0.0,0.0,0.0,0.0,0.0
2019-03-05,167.3699951171875,171.8800048828125,166.5500030517578,171.25999450683594,28187900,0.0,0.0,0.0,0.0,0.0,0.0
2019-03-06,172.89999389648438,173.57000732421875,171.27000427246094,172.50999450683594,21531700,0.0,0.0,0.0,0.0,0.0,0.0
2019-03-07,171.5,171.74000549316406,167.61000061035156,169.1300048828125,18306500,0.0,0.0,0.0,0.0,0.0,0.0
2019-03-08,166.1999969482422,169.6199951171875,165.97000122070312,169.60000610351562,13184800,0.0,0.0,0.0,0.0,0.0,0.0
2019-03-11,171.60000610351562,174.3000030517578,171.5800018310547,172.07000732421875,18884000,0.0,0.0,0.0,0.0,0.0,0.0
2019-03-12,172.08999633789062,173.8000030517578,171.22000122070312,171.9199981689453,12155300,0.0,0.0,0.0,0.0,0.0,0.0
2019-03-13,172.32000732421875,174.02999877929688,172.1199951171875,173.3699951171875,11973300,0.0,0.0,0.0,0.0,0.0,0.0
2019-03-14,169.75999450683594,171.14999389648438,168.16000366210938,170.1699981689453,18037400,0.0,0.0,0.0,0.0,0.0,0.0
2019-03-15,167.16000366210938,167.5800018310547,162.50999450683594,165.97999572753906,37135400,0.0,0.0,0.0,0.0,0.0,0.0
2019-03-18,163.57000732421875,163.89999389648438,159.27999877929688,160.47000122070312,37524200,0.0,0.0,0.0,0.0,0.0,0.0
2019-03-19,161.47999572753906,163.82000732421875,160.82000732421875,161.57000732421875,25611500,0.0,0.0,0.0,0.0,0.0,0.0
2019-03-20,161.5,166.1199951171875,161.24000549316406,165.44000244140625,20211500,0.0,0.0,0.0,0.0,0.0,0.0
2019-03-21,164.88999938964844,166.38999938964844,163.75,166.0800018310547,16223000,0.0,0.0,0.0,0.0,0.0,0.0
2019-03-22,165.64999389648438,167.4199981689453,164.08999633789062,164.33999633789062,16389200,0.0,0.0,0.0,0.0,0.0,0.0
2019-03-25,163.0,166.5399932861328,162.0,166.2899932861328,12631200,0.0,0.0,0.0,0.0,0.0,0.0
2019-03-26,167.35000610351562,169.4499969482422,166.35000610351562,167.67999267578125,15437900,0.0,0.0,0.0,0.0,0.0,0.0
2019-03-27,167.85000610351562,168.94000244140625,164.7899932861328,165.8699951171875,10620300,0.0,0.0,0.0,0.0,0.0,0.0
2019-03-28,164.57000732421875,166.72000122070312,163.3300018310547,165.5500030517578,10443000,0.0,0.0,0.0,0.0,0.0,0.0
2019-03-29,166.38999938964844,167.19000244140625,164.80999755859375,166.69000244140625,13455500,0.0,0.0,0.0,0.0,0.0,0.0
2019-04-01,167.8300018310547,168.89999389648438,167.27999877929688,168.6999969482422,10381500,0.0,0.0,0.0,0.0,0.0,0.0
2019-04-02,170.13999938964844,174.89999389648438,169.5500030517578,174.1999969482422,23946500,0.0,0.0,0.0,0.0,0.0,0.0
2019-04-03,174.5,177.9600067138672,172.9499969482422,173.5399932861328,27391100,0.0,0.0,0.0,0.0,0.0,0.0
2019-04-04,176.02000427246094,178.0,175.52999877929688,176.02000427246094,17847700,0.0,0.0,0.0,0.0,0.0,0.0
2019-04-05,176.8800048828125,177.0,175.10000610351562,175.72000122070312,9594100,0.0,0.0,0.0,0.0,0.0,0.0
2019-04-08,175.2100067138672,175.5,174.22999572753906,174.92999267578125,7297400,0.0,0.0,0.0,0.0,0.0,0.0
2019-04-09,175.6199951171875,179.19000244140625,175.5500030517578,177.5800018310547,19751000,0.0,0.0,0.0,0.0,0.0,0.0
2019-04-10,178.17999267578125,178.7899932861328,176.5399932861328,177.82000732421875,11701500,0.0,0.0,0.0,0.0,0.0,0.0
2019-04-11,178.24000549316406,178.39999389648438,177.0,177.50999450683594,8071000,0.0,0.0,0.0,0.0,0.0,0.0
2019-04-12,178.0,179.6300048828125,177.9499969482422,179.10000610351562,12329800,0.0,0.0,0.0,0.0,0.0,0.0
2019-04-15,178.5,180.5,176.8699951171875,179.64999389648438,10834800,0.0,0.0,0.0,0.0,0.0,0.0
2019-04-16,179.0,180.1699981689453,178.3000030517578,178.8699951171875,11215200,0.0,0.0,0.0,0.0,0.0,0.0
2019-04-17,179.60000610351562,180.7400054931641,178.36000061035156,178.77999877929688,9973700,0.0,0.0,0.0,0.0,0.0,0.0
2019-04-18,178.8000030517578,178.8800048828125,177.33999633789062,178.27999877929688,11655600,0.0,0.0,0.0,0.0,0.0,0.0
2019-04-22,178.25,181.6699981689453,178.25,181.44000244140625,13389900,0.0,0.0,0.0,0.0,0.0,0.0
2019-04-23,182.7400054931641,184.22000122070312,181.47999572753903,183.77999877929688,19954800,0.0,0.0,0.0,0.0,0.0,0.0
2019-04-24,184.4900054931641,185.13999938964844,181.6499938964844,182.5800018310547,37289900,0.0,0.0,0.0,0.0,0.0,0.0
2019-04-25,196.97999572753903,198.47999572753903,192.1199951171875,193.25999450683597,54148800,0.0,0.0,0.0,0.0,0.0,0.0
2019-04-26,192.5,192.8999938964844,189.08999633789065,191.4900054931641,22075000,0.0,0.0,0.0,0.0,0.0,0.0
2019-04-29,190.9499969482422,195.41000366210935,190.6499938964844,194.77999877929688,19641300,0.0,0.0,0.0,0.0,0.0,0.0
2019-04-30,194.19000244140625,197.38999938964844,192.27999877929688,193.3999938964844,23494700,0.0,0.0,0.0,0.0,0.0,0.0
2019-05-01,194.77999877929688,196.17999267578125,193.00999450683597,193.02999877929688,15996600,0.0,0.0,0.0,0.0,0.0,0.0
2019-05-02,193.0,194.0,189.75,192.52999877929688,13209500,0.0,0.0,0.0,0.0,0.0,0.0
2019-05-03,194.3800048828125,196.16000366210935,193.7100067138672,195.47000122070312,14575400,0.0,0.0,0.0,0.0,0.0,0.0
2019-05-06,191.2400054931641,194.27999877929688,190.5500030517578,193.8800048828125,13994900,0.0,0.0,0.0,0.0,0.0,0.0
2019-05-07,192.5399932861328,192.8999938964844,187.8500061035156,189.7700042724609,16253000,0.0,0.0,0.0,0.0,0.0,0.0
2019-05-08,189.38999938964844,190.72000122070312,188.5500030517578,189.5399932861328,12505700,0.0,0.0,0.0,0.0,0.0,0.0
2019-05-09,187.1999969482422,189.7700042724609,186.25999450683597,188.6499938964844,12967000,0.0,0.0,0.0,0.0,0.0,0.0
2019-05-10,188.25,190.0,184.58999633789065,188.33999633789065,12578500,0.0,0.0,0.0,0.0,0.0,0.0
2019-05-13,183.5,185.42999267578125,180.83999633789065,181.5399932861328,16833300,0.0,0.0,0.0,0.0,0.0,0.0
2019-05-14,182.5200042724609,183.4900054931641,178.10000610351562,180.72999572753903,17628100,0.0,0.0,0.0,0.0,0.0,0.0
2019-05-15,180.4199981689453,187.27999877929688,180.02000427246094,186.2700042724609,16746900,0.0,0.0,0.0,0.0,0.0,0.0
2019-05-16,185.0500030517578,188.5800018310547,185.0500030517578,186.9900054931641,12953100,0.0,0.0,0.0,0.0,0.0,0.0
2019-05-17,184.83999633789065,187.5800018310547,184.27999877929688,185.3000030517578,10485400,0.0,0.0,0.0,0.0,0.0,0.0
2019-05-20,181.8800048828125,184.22999572753903,181.3699951171875,182.72000122070312,10352000,0.0,0.0,0.0,0.0,0.0,0.0
2019-05-21,184.57000732421875,185.6999969482422,183.88999938964844,184.82000732421875,7502800,0.0,0.0,0.0,0.0,0.0,0.0
2019-05-22,184.72999572753903,186.7400054931641,183.6100006103516,185.32000732421875,9213800,0.0,0.0,0.0,0.0,0.0,0.0
2019-05-23,182.4199981689453,183.8999938964844,179.6699981689453,180.8699951171875,12768800,0.0,0.0,0.0,0.0,0.0,0.0
2019-05-24,182.3300018310547,183.6300048828125,180.8300018310547,181.05999755859372,8807700,0.0,0.0,0.0,0.0,0.0,0.0
2019-05-28,181.5399932861328,184.7100067138672,181.4499969482422,184.30999755859372,14843300,0.0,0.0,0.0,0.0,0.0,0.0
2019-05-29,183.5,184.55999755859372,181.3500061035156,182.19000244140625,12797700,0.0,0.0,0.0,0.0,0.0,0.0
2019-05-30,183.0800018310547,183.47999572753903,180.88999938964844,183.00999450683597,8581500,0.0,0.0,0.0,0.0,0.0,0.0
2019-05-31,180.27999877929688,180.5399932861328,177.16000366210938,177.47000122070312,15226500,0.0,0.0,0.0,0.0,0.0,0.0
2019-06-03,175.0,175.0500030517578,161.00999450683594,164.14999389648438,56059600,0.0,0.0,0.0,0.0,0.0,0.0
2019-06-04,163.7100067138672,168.27999877929688,160.83999633789062,167.5,46044300,0.0,0.0,0.0,0.0,0.0,0.0
2019-06-05,167.47999572753906,168.72000122070312,164.6300048828125,168.1699981689453,19758300,0.0,0.0,0.0,0.0,0.0,0.0
2019-06-06,168.3000030517578,169.6999969482422,167.22999572753906,168.3300018310547,12446400,0.0,0.0,0.0,0.0,0.0,0.0
2019-06-07,170.1699981689453,173.8699951171875,168.83999633789062,173.35000610351562,16917300,0.0,0.0,0.0,0.0,0.0,0.0
2019-06-10,174.75,177.86000061035156,173.8000030517578,174.82000732421875,14767900,0.0,0.0,0.0,0.0,0.0,0.0
2019-06-11,178.47999572753906,179.97999572753906,176.7899932861328,178.10000610351562,15266600,0.0,0.0,0.0,0.0,0.0,0.0
2019-06-12,178.3800048828125,179.27000427246094,172.8800048828125,175.0399932861328,17699800,0.0,0.0,0.0,0.0,0.0,0.0
2019-06-13,175.52999877929688,178.02999877929688,174.61000061035156,177.47000122070312,12253600,0.0,0.0,0.0,0.0,0.0,0.0
2019-06-14,180.50999450683597,181.83999633789065,180.0,181.3300018310547,16773700,0.0,0.0,0.0,0.0,0.0,0.0
2019-06-17,185.00999450683597,189.5,184.41000366210935,189.00999450683597,29459900,0.0,0.0,0.0,0.0,0.0,0.0
2019-06-18,194.0,194.52999877929688,187.27999877929688,188.47000122070312,37571400,0.0,0.0,0.0,0.0,0.0,0.0
2019-06-19,187.0,188.1000061035156,184.5500030517578,187.47999572753903,21417100,0.0,0.0,0.0,0.0,0.0,0.0
2019-06-20,190.9499969482422,191.16000366210935,187.63999938964844,189.52999877929688,14635700,0.0,0.0,0.0,0.0,0.0,0.0
2019-06-21,188.75,192.0,188.75,191.13999938964844,22751200,0.0,0.0,0.0,0.0,0.0,0.0
2019-06-24,192.4199981689453,193.97999572753903,191.57000732421875,192.6000061035156,15509000,0.0,0.0,0.0,0.0,0.0,0.0
2019-06-25,192.8800048828125,193.13999938964844,188.1300048828125,188.83999633789065,16750300,0.0,0.0,0.0,0.0,0.0,0.0
2019-06-26,189.5399932861328,190.75999450683597,187.30999755859372,187.66000366210935,12808600,0.0,0.0,0.0,0.0,0.0,0.0
2019-06-27,189.8800048828125,198.8800048828125,188.2700042724609,189.5,11159000,0.0,0.0,0.0,0.0,0.0,0.0
2019-06-28,190.5500030517578,193.1999969482422,189.94000244140625,193.0,16378900,0.0,0.0,0.0,0.0,0.0,0.0
2019-07-01,195.2100067138672,195.27999877929688,191.92999267578125,193.0,14181800,0.0,0.0,0.0,0.0,0.0,0.0
2019-07-02,193.0,195.0,192.7100067138672,195.0,9050000,0.0,0.0,0.0,0.0,0.0,0.0
2019-07-03,194.16000366210935,197.3999938964844,194.16000366210935,197.1999969482422,10246100,0.0,0.0,0.0,0.0,0.0,0.0
2019-07-05,196.17999267578125,197.07000732421875,194.1699981689453,196.3999938964844,11164100,0.0,0.0,0.0,0.0,0.0,0.0
2019-07-08,195.19000244140625,196.67999267578125,193.63999938964844,195.75999450683597,9723900,0.0,0.0,0.0,0.0,0.0,0.0
2019-07-09,194.97000122070312,199.4600067138672,194.88999938964844,199.2100067138672,14698600,0.0,0.0,0.0,0.0,0.0,0.0
2019-07-10,200.0,202.9600067138672,199.6699981689453,202.72999572753903,20571700,0.0,0.0,0.0,0.0,0.0,0.0
2019-07-11,203.25999450683597,203.8000030517578,200.2100067138672,201.22999572753903,13678500,0.0,0.0,0.0,0.0,0.0,0.0
2019-07-12,199.67999267578125,205.3000030517578,199.16000366210935,204.8699951171875,15366300,0.0,0.0,0.0,0.0,0.0,0.0
2019-07-15,204.25,205.3300018310547,201.82000732421875,203.91000366210935,16030300,0.0,0.0,0.0,0.0,0.0,0.0
2019-07-16,203.88999938964844,205.47000122070312,203.1000061035156,203.83999633789065,12132700,0.0,0.0,0.0,0.0,0.0,0.0
2019-07-17,204.17999267578125,204.3600006103516,201.58999633789065,201.8000030517578,12083700,0.0,0.0,0.0,0.0,0.0,0.0
2019-07-18,200.1499938964844,202.47000122070312,199.3800048828125,200.77999877929688,11937900,0.0,0.0,0.0,0.0,0.0,0.0
2019-07-19,202.17999267578125,202.3300018310547,198.07000732421875,198.3600006103516,12098300,0.0,0.0,0.0,0.0,0.0,0.0
2019-07-22,199.91000366210935,202.57000732421875,198.80999755859372,202.32000732421875,13589000,0.0,0.0,0.0,0.0,0.0,0.0
2019-07-23,202.83999633789065,204.2400054931641,200.9600067138672,202.3600006103516,14583700,0.0,0.0,0.0,0.0,0.0,0.0
2019-07-24,197.6300048828125,204.80999755859372,197.22000122070312,204.66000366210935,32532500,0.0,0.0,0.0,0.0,0.0,0.0
2019-07-25,206.6999969482422,208.66000366210935,198.25999450683597,200.7100067138672,39889900,0.0,0.0,0.0,0.0,0.0,0.0
2019-07-26,200.19000244140625,202.8800048828125,196.25,199.75,24434000,0.0,0.0,0.0,0.0,0.0,0.0
2019-07-29,199.0,199.6300048828125,195.3000030517578,195.94000244140625,16530800,0.0,0.0,0.0,0.0,0.0,0.0
2019-07-30,195.38999938964844,198.7100067138672,193.5,197.0399932861328,11903600,0.0,0.0,0.0,0.0,0.0,0.0
2019-07-31,196.9499969482422,198.75999450683597,192.67999267578125,194.22999572753903,14593500,0.0,0.0,0.0,0.0,0.0,0.0
2019-08-01,194.1699981689453,198.47000122070312,190.8800048828125,192.72999572753903,17777000,0.0,0.0,0.0,0.0,0.0,0.0
2019-08-02,191.1000061035156,192.6199951171875,188.07000732421875,189.0200042724609,15297000,0.0,0.0,0.0,0.0,0.0,0.0
2019-08-05,184.69000244140625,185.6699981689453,179.33999633789062,181.72999572753903,23086700,0.0,0.0,0.0,0.0,0.0,0.0
2019-08-06,183.69000244140625,185.7899932861328,183.08999633789065,184.50999450683597,18035700,0.0,0.0,0.0,0.0,0.0,0.0
2019-08-07,183.6000061035156,186.3699951171875,181.22000122070312,185.1499938964844,15833200,0.0,0.0,0.0,0.0,0.0,0.0
2019-08-08,186.6199951171875,190.33999633789065,184.0500030517578,190.16000366210935,14828900,0.0,0.0,0.0,0.0,0.0,0.0
2019-08-09,190.0,190.97999572753903,187.1199951171875,187.8500061035156,11058800,0.0,0.0,0.0,0.0,0.0,0.0
2019-08-12,186.8500061035156,187.58999633789065,184.4600067138672,185.3699951171875,10930900,0.0,0.0,0.0,0.0,0.0,0.0
2019-08-13,185.5200042724609,191.3800048828125,185.3699951171875,188.4499969482422,13577000,0.0,0.0,0.0,0.0,0.0,0.0
2019-08-14,185.8000030517578,185.9900054931641,179.30999755859375,179.7100067138672,18903700,0.0,0.0,0.0,0.0,0.0,0.0
2019-08-15,180.9499969482422,183.1999969482422,180.02999877929688,182.58999633789065,12925900,0.0,0.0,0.0,0.0,0.0,0.0
2019-08-16,183.75,185.1000061035156,182.3600006103516,183.6999969482422,12654600,0.0,0.0,0.0,0.0,0.0,0.0
2019-08-19,186.00999450683597,187.5,184.8500061035156,186.1699981689453,9691200,0.0,0.0,0.0,0.0,0.0,0.0
2019-08-20,185.4499969482422,186.0,182.38999938964844,183.80999755859372,10083400,0.0,0.0,0.0,0.0,0.0,0.0
2019-08-21,185.0,185.8999938964844,183.13999938964844,183.5500030517578,8398200,0.0,0.0,0.0,0.0,0.0,0.0
2019-08-22,183.42999267578125,184.1100006103516,179.91000366210938,182.0399932861328,10821400,0.0,0.0,0.0,0.0,0.0,0.0
2019-08-23,180.83999633789065,183.1300048828125,176.66000366210938,177.75,17323400,0.0,0.0,0.0,0.0,0.0,0.0
2019-08-26,179.39999389648438,180.5,178.24000549316406,180.3600006103516,8773600,0.0,0.0,0.0,0.0,0.0,0.0
2019-08-27,181.92999267578125,184.0399932861328,181.00999450683597,181.3000030517578,14399600,0.0,0.0,0.0,0.0,0.0,0.0
2019-08-28,180.52999877929688,181.9499969482422,178.9199981689453,181.75999450683597,9386100,0.0,0.0,0.0,0.0,0.0,0.0
2019-08-29,183.7700042724609,186.0800018310547,183.47000122070312,185.57000732421875,10128700,0.0,0.0,0.0,0.0,0.0,0.0
2019-08-30,186.77999877929688,186.8000030517578,183.4600067138672,185.6699981689453,10774500,0.0,0.0,0.0,0.0,0.0,0.0
2019-09-03,184.0,185.6699981689453,182.1100006103516,182.38999938964844,9779400,0.0,0.0,0.0,0.0,0.0,0.0
2019-09-04,184.6499938964844,187.75,183.88999938964844,187.13999938964844,11308000,0.0,0.0,0.0,0.0,0.0,0.0
2019-09-05,188.52999877929688,191.3600006103516,187.94000244140625,190.8999938964844,13876700,0.0,0.0,0.0,0.0,0.0,0.0
2019-09-06,190.2100067138672,190.2100067138672,186.3500061035156,187.4900054931641,15226800,0.0,0.0,0.0,0.0,0.0,0.0
2019-09-09,187.72999572753903,188.97999572753903,185.8500061035156,188.75999450683597,14722400,0.0,0.0,0.0,0.0,0.0,0.0
2019-09-10,187.44000244140625,188.1000061035156,184.5500030517578,186.1699981689453,15455900,0.0,0.0,0.0,0.0,0.0,0.0
2019-09-11,186.4600067138672,189.44000244140625,186.0800018310547,188.4900054931641,11761700,0.0,0.0,0.0,0.0,0.0,0.0
2019-09-12,189.8600006103516,190.92999267578125,187.22999572753903,187.47000122070312,11419800,0.0,0.0,0.0,0.0,0.0,0.0
2019-09-13,187.3300018310547,187.97000122070312,186.5399932861328,187.19000244140625,11441100,0.0,0.0,0.0,0.0,0.0,0.0
2019-09-16,186.92999267578125,187.7899932861328,185.7700042724609,186.22000122070312,8444800,0.0,0.0,0.0,0.0,0.0,0.0
2019-09-17,186.66000366210935,188.32000732421875,185.5399932861328,188.0800018310547,9671100,0.0,0.0,0.0,0.0,0.0,0.0
2019-09-18,188.08999633789065,189.0800018310547,186.00999450683597,188.13999938964844,9681900,0.0,0.0,0.0,0.0,0.0,0.0
2019-09-19,188.66000366210935,191.1000061035156,188.1499938964844,190.13999938964844,10392700,0.0,0.0,0.0,0.0,0.0,0.0
2019-09-20,190.66000366210935,193.1000061035156,188.1199951171875,189.92999267578125,19934200,0.0,0.0,0.0,0.0,0.0,0.0
2019-09-23,189.33999633789065,190.1000061035156,185.2100067138672,186.82000732421875,13327600,0.0,0.0,0.0,0.0,0.0,0.0
2019-09-24,187.97999572753903,188.0399932861328,180.38999938964844,181.27999877929688,18546600,0.0,0.0,0.0,0.0,0.0,0.0
2019-09-25,181.4499969482422,183.4199981689453,177.8699951171875,182.8000030517578,18068300,0.0,0.0,0.0,0.0,0.0,0.0
2019-09-26,181.3300018310547,181.3999938964844,177.6699981689453,180.11000061035156,16083300,0.0,0.0,0.0,0.0,0.0,0.0
2019-09-27,180.4900054931641,180.75999450683597,175.66000366210938,177.10000610351562,14656200,0.0,0.0,0.0,0.0,0.0,0.0
2019-09-30,177.8699951171875,178.6699981689453,176.85000610351562,178.0800018310547,10740000,0.0,0.0,0.0,0.0,0.0,0.0
2019-10-01,179.14999389648438,179.83999633789062,174.8800048828125,175.80999755859375,17073000,0.0,0.0,0.0,0.0,0.0,0.0
2019-10-02,174.83999633789062,176.52999877929688,173.08999633789062,174.60000610351562,16151700,0.0,0.0,0.0,0.0,0.0,0.0
2019-10-03,175.57000732421875,179.83999633789062,173.6300048828125,179.3800048828125,16086300,0.0,0.0,0.0,0.0,0.0,0.0
2019-10-04,179.5500030517578,180.97999572753903,178.10000610351562,180.4499969482422,10430200,0.0,0.0,0.0,0.0,0.0,0.0
2019-10-07,180.0,181.17999267578125,178.08999633789062,179.67999267578125,9178300,0.0,0.0,0.0,0.0,0.0,0.0
2019-10-08,178.25999450683594,180.3699951171875,177.72000122070312,177.75,9466900,0.0,0.0,0.0,0.0,0.0,0.0
2019-10-09,179.16000366210938,180.72000122070312,177.94000244140625,179.85000610351562,7556900,0.0,0.0,0.0,0.0,0.0,0.0
2019-10-10,180.32000732421875,181.6100006103516,179.1699981689453,180.02999877929688,8605000,0.0,0.0,0.0,0.0,0.0,0.0
2019-10-11,182.1499938964844,186.4900054931641,182.13999938964844,184.19000244140625,14930500,0.0,0.0,0.0,0.0,0.0,0.0
2019-10-14,184.1999969482422,184.6199951171875,182.57000732421875,183.27999877929688,7006000,0.0,0.0,0.0,0.0,0.0,0.0
2019-10-15,183.8000030517578,190.3800048828125,183.66000366210935,188.88999938964844,15039100,0.0,0.0,0.0,0.0,0.0,0.0
2019-10-16,188.32000732421875,189.6999969482422,186.8999938964844,189.5500030517578,10516900,0.0,0.0,0.0,0.0,0.0,0.0
2019-10-17,190.3000030517578,190.83999633789065,188.7700042724609,190.38999938964844,9603000,0.0,0.0,0.0,0.0,0.0,0.0
2019-10-18,190.22999572753903,191.4900054931641,183.9199981689453,185.8500061035156,16874200,0.0,0.0,0.0,0.0,0.0,0.0
2019-10-21,187.0399932861328,189.91000366210935,186.75,189.75999450683597,8122600,0.0,0.0,0.0,0.0,0.0,0.0
2019-10-22,190.0,190.6499938964844,181.5,182.33999633789065,19537600,0.0,0.0,0.0,0.0,0.0,0.0
2019-10-23,182.00999450683597,186.3800048828125,182.0,186.1499938964844,12300400,0.0,0.0,0.0,0.0,0.0,0.0
2019-10-24,184.6199951171875,186.72999572753903,182.8000030517578,186.3800048828125,11413500,0.0,0.0,0.0,0.0,0.0,0.0
2019-10-25,185.8300018310547,189.0,185.08999633789065,187.88999938964844,8061200,0.0,0.0,0.0,0.0,0.0,0.0
2019-10-28,187.1999969482422,189.52999877929688,185.0800018310547,189.3999938964844,13657900,0.0,0.0,0.0,0.0,0.0,0.0
2019-10-29,191.69000244140625,192.52999877929688,188.47000122070312,189.30999755859372,13574900,0.0,0.0,0.0,0.0,0.0,0.0
2019-10-30,189.55999755859372,190.4499969482422,185.97999572753903,188.25,28734600,0.0,0.0,0.0,0.0,0.0,0.0
2019-10-31,196.6999969482422,198.08999633789065,188.25,191.6499938964844,42286500,0.0,0.0,0.0,0.0,0.0,0.0
2019-11-01,192.8500061035156,194.1100006103516,189.91000366210935,193.6199951171875,21711800,0.0,0.0,0.0,0.0,0.0,0.0
2019-11-04,194.5500030517578,197.3699951171875,193.80999755859372,194.72000122070312,16371300,0.0,0.0,0.0,0.0,0.0,0.0
2019-11-05,195.3699951171875,195.75,193.6000061035156,194.32000732421875,9942000,0.0,0.0,0.0,0.0,0.0,0.0
2019-11-06,194.02999877929688,194.3699951171875,191.3500061035156,191.5500030517578,10973000,0.0,0.0,0.0,0.0,0.0,0.0
2019-11-07,191.91000366210935,193.44000244140625,189.47000122070312,190.4199981689453,13473000,0.0,0.0,0.0,0.0,0.0,0.0
2019-11-08,190.0,192.33999633789065,189.6999969482422,190.83999633789065,10760800,0.0,0.0,0.0,0.0,0.0,0.0
2019-11-11,189.92999267578125,190.0800018310547,188.5399932861328,189.6100006103516,8631200,0.0,0.0,0.0,0.0,0.0,0.0
2019-11-12,190.0,195.05999755859372,189.7400054931641,194.47000122070312,17615500,0.0,0.0,0.0,0.0,0.0,0.0
2019-11-13,194.6999969482422,195.6999969482422,192.7400054931641,193.19000244140625,10860700,0.0,0.0,0.0,0.0,0.0,0.0
2019-11-14,192.92999267578125,194.02999877929688,191.4499969482422,193.1499938964844,9040500,0.0,0.0,0.0,0.0,0.0,0.0
2019-11-15,194.25999450683597,195.3000030517578,193.3800048828125,195.1000061035156,11524300,0.0,0.0,0.0,0.0,0.0,0.0
2019-11-18,194.55999755859372,198.6300048828125,193.0500030517578,197.3999938964844,16167200,0.0,0.0,0.0,0.0,0.0,0.0
2019-11-19,197.3999938964844,200.0,196.8600006103516,199.32000732421875,19056800,0.0,0.0,0.0,0.0,0.0,0.0
2019-11-20,198.5800018310547,199.58999633789065,195.42999267578125,197.50999450683597,12355400,0.0,0.0,0.0,0.0,0.0,0.0
2019-11-21,197.4199981689453,199.08999633789065,196.8600006103516,197.92999267578125,12131000,0.0,0.0,0.0,0.0,0.0,0.0
2019-11-22,198.3800048828125,199.3000030517578,197.6199951171875,198.82000732421875,9959800,0.0,0.0,0.0,0.0,0.0,0.0
2019-11-25,199.5200042724609,200.97000122070312,199.25,199.7899932861328,15272300,0.0,0.0,0.0,0.0,0.0,0.0
2019-11-26,200.0,200.1499938964844,198.0399932861328,198.97000122070312,11735500,0.0,0.0,0.0,0.0,0.0,0.0
2019-11-27,199.8999938964844,203.13999938964844,199.4199981689453,202.0,12736600,0.0,0.0,0.0,0.0,0.0,0.0
2019-11-29,201.6000061035156,203.8000030517578,201.2100067138672,201.63999938964844,7985200,0.0,0.0,0.0,0.0,0.0,0.0
2019-12-02,202.1300048828125,202.17999267578125,198.0500030517578,199.6999969482422,11503400,0.0,0.0,0.0,0.0,0.0,0.0
2019-12-03,197.6000061035156,198.92999267578125,195.0800018310547,198.82000732421875,11595300,0.0,0.0,0.0,0.0,0.0,0.0
2019-12-04,200.0,200.02999877929688,198.0500030517578,198.7100067138672,8456300,0.0,0.0,0.0,0.0,0.0,0.0
2019-12-05,199.8600006103516,201.2899932861328,198.2100067138672,199.3600006103516,9740400,0.0,0.0,0.0,0.0,0.0,0.0
2019-12-06,200.5,201.57000732421875,200.05999755859372,201.0500030517578,12270600,0.0,0.0,0.0,0.0,0.0,0.0
2019-12-09,200.6499938964844,203.13999938964844,200.2100067138672,201.33999633789065,11954800,0.0,0.0,0.0,0.0,0.0,0.0
2019-12-10,201.66000366210935,202.0500030517578,200.1499938964844,200.8699951171875,9475700,0.0,0.0,0.0,0.0,0.0,0.0
2019-12-11,200.27999877929688,202.6300048828125,200.27999877929688,202.25999450683597,8036800,0.0,0.0,0.0,0.0,0.0,0.0
2019-12-12,202.3500061035156,203.66000366210935,194.1000061035156,196.75,23734800,0.0,0.0,0.0,0.0,0.0,0.0
2019-12-13,196.3999938964844,196.8000030517578,193.1699981689453,194.1100006103516,18798000,0.0,0.0,0.0,0.0,0.0,0.0
2019-12-16,195.2700042724609,199.1199951171875,194.80999755859372,197.9199981689453,14911500,0.0,0.0,0.0,0.0,0.0,0.0
2019-12-17,198.83999633789065,199.0,196.1300048828125,198.38999938964844,10175700,0.0,0.0,0.0,0.0,0.0,0.0
2019-12-18,200.08999633789065,204.3000030517578,200.08999633789065,202.5,23274400,0.0,0.0,0.0,0.0,0.0,0.0
2019-12-19,202.77999877929688,206.3000030517578,202.50999450683597,206.05999755859372,16514600,0.0,0.0,0.0,0.0,0.0,0.0
2019-12-20,207.47999572753903,207.7100067138672,203.42999267578125,206.3000030517578,27306900,0.0,0.0,0.0,0.0,0.0,0.0
2019-12-23,206.6999969482422,208.58999633789065,205.67999267578125,206.17999267578125,13348900,0.0,0.0,0.0,0.0,0.0,0.0
2019-12-24,206.3000030517578,206.7899932861328,205.0,205.1199951171875,6046300,0.0,0.0,0.0,0.0,0.0,0.0
2019-12-26,205.57000732421875,207.82000732421875,205.30999755859372,207.7899932861328,9350700,0.0,0.0,0.0,0.0,0.0,0.0
2019-12-27,208.6699981689453,208.92999267578125,206.58999633789065,208.1000061035156,10284200,0.0,0.0,0.0,0.0,0.0,0.0
2019-12-30,207.8600006103516,207.8999938964844,203.8999938964844,204.41000366210935,10524300,0.0,0.0,0.0,0.0,0.0,0.0
2019-12-31,204.0,205.55999755859372,203.6000061035156,205.25,8953500,0.0,0.0,0.0,0.0,0.0,0.0
2020-01-02,206.75,209.7899932861328,206.2700042724609,209.77999877929688,12077100,0.0,0.0,0.0,0.0,0.0,0.0
2020-01-03,207.2100067138672,210.3999938964844,206.9499969482422,208.6699981689453,11188400,0.0,0.0,0.0,0.0,0.0,0.0
2020-01-06,206.6999969482422,212.77999877929688,206.5200042724609,212.6000061035156,17058900,0.0,0.0,0.0,0.0,0.0,0.0
2020-01-07,212.82000732421875,214.5800018310547,211.75,213.05999755859372,14912400,0.0,0.0,0.0,0.0,0.0,0.0
2020-01-08,213.0,216.2400054931641,212.6100006103516,215.22000122070312,13475000,0.0,0.0,0.0,0.0,0.0,0.0
2020-01-09,217.5399932861328,218.3800048828125,216.27999877929688,218.3000030517578,12642800,0.0,0.0,0.0,0.0,0.0,0.0
2020-01-10,219.1999969482422,219.8800048828125,217.4199981689453,218.05999755859372,12119400,0.0,0.0,0.0,0.0,0.0,0.0
2020-01-13,219.6000061035156,221.97000122070312,219.2100067138672,221.91000366210935,14463400,0.0,0.0,0.0,0.0,0.0,0.0
2020-01-14,221.6100006103516,222.3800048828125,218.6300048828125,219.05999755859372,13288900,0.0,0.0,0.0,0.0,0.0,0.0
2020-01-15,220.6100006103516,221.67999267578125,220.13999938964844,221.1499938964844,10036500,0.0,0.0,0.0,0.0,0.0,0.0
2020-01-16,222.57000732421875,222.6300048828125,220.38999938964844,221.7700042724609,10015300,0.0,0.0,0.0,0.0,0.0,0.0
2020-01-17,222.02999877929688,222.2899932861328,220.52999877929688,222.13999938964844,15905900,0.0,0.0,0.0,0.0,0.0,0.0
2020-01-21,222.16000366210935,222.3699951171875,219.1199951171875,221.44000244140625,14275800,0.0,0.0,0.0,0.0,0.0,0.0
2020-01-22,222.30999755859372,222.75,221.27999877929688,221.32000732421875,12212800,0.0,0.0,0.0,0.0,0.0,0.0
2020-01-23,220.75,221.4900054931641,219.2700042724609,219.75999450683597,11195000,0.0,0.0,0.0,0.0,0.0,0.0
2020-01-24,220.8000030517578,221.77999877929688,216.1100006103516,217.94000244140625,11905800,0.0,0.0,0.0,0.0,0.0,0.0
2020-01-27,213.1000061035156,216.05999755859372,212.5,214.8699951171875,13810700,0.0,0.0,0.0,0.0,0.0,0.0
2020-01-28,216.13999938964844,218.7400054931641,213.5200042724609,217.7899932861328,13413800,0.0,0.0,0.0,0.0,0.0,0.0
2020-01-29,221.44000244140625,224.1999969482422,218.4499969482422,223.22999572753903,33181300,0.0,0.0,0.0,0.0,0.0,0.0
2020-01-30,206.52999877929688,211.42999267578125,204.75,209.52999877929688,48775500,0.0,0.0,0.0,0.0,0.0,0.0
2020-01-31,208.42999267578125,208.69000244140625,201.05999755859372,201.91000366210935,31359900,0.0,0.0,0.0,0.0,0.0,0.0
2020-02-03,203.44000244140625,205.13999938964844,202.5,204.19000244140625,15495600,0.0,0.0,0.0,0.0,0.0,0.0
2020-02-04,206.6199951171875,210.6000061035156,205.1999969482422,209.8300018310547,19628900,0.0,0.0,0.0,0.0,0.0,0.0
2020-02-05,212.50999450683597,212.72999572753903,208.7100067138672,210.1100006103516,12538200,0.0,0.0,0.0,0.0,0.0,0.0
2020-02-06,210.47000122070312,211.19000244140625,209.33999633789065,210.8500061035156,10567500,0.0,0.0,0.0,0.0,0.0,0.0
2020-02-07,210.3000030517578,212.82000732421875,209.92999267578125,212.3300018310547,12242500,0.0,0.0,0.0,0.0,0.0,0.0
2020-02-10,211.5200042724609,213.8000030517578,210.66000366210935,213.05999755859372,11856400,0.0,0.0,0.0,0.0,0.0,0.0
2020-02-11,210.19000244140625,210.8600006103516,206.50999450683597,207.19000244140625,25030800,0.0,0.0,0.0,0.0,0.0,0.0
2020-02-12,207.8500061035156,211.22000122070312,207.3999938964844,210.75999450683597,13813700,0.0,0.0,0.0,0.0,0.0,0.0
2020-02-13,209.5200042724609,214.3300018310547,209.17999267578125,213.13999938964844,15396600,0.0,0.0,0.0,0.0,0.0,0.0
2020-02-14,214.0,214.92999267578125,212.6499938964844,214.17999267578125,10741700,0.0,0.0,0.0,0.0,0.0,0.0
2020-02-18,213.5500030517578,217.97999572753903,213.3999938964844,217.8000030517578,15609200,0.0,0.0,0.0,0.0,0.0,0.0
2020-02-19,217.9900054931641,218.32000732421875,216.1100006103516,217.4900054931641,12135100,0.0,0.0,0.0,0.0,0.0,0.0
2020-02-20,216.5200042724609,218.7700042724609,212.9499969482422,214.5800018310547,13109200,0.0,0.0,0.0,0.0,0.0,0.0
2020-02-21,213.47999572753903,214.2400054931641,208.8300018310547,210.17999267578125,14092300,0.0,0.0,0.0,0.0,0.0,0.0
2020-02-24,201.8000030517578,203.6499938964844,198.1699981689453,200.72000122070312,23080100,0.0,0.0,0.0,0.0,0.0,0.0
2020-02-25,202.25,203.5,195.9499969482422,196.7700042724609,21433500,0.0,0.0,0.0,0.0,0.0,0.0
2020-02-26,197.19000244140625,201.2100067138672,195.4900054931641,197.1999969482422,16524500,0.0,0.0,0.0,0.0,0.0,0.0
2020-02-27,191.82000732421875,195.8800048828125,189.5,189.75,21682600,0.0,0.0,0.0,0.0,0.0,0.0
2020-02-28,182.6999969482422,192.7400054931641,181.82000732421875,192.47000122070312,32568900,0.0,0.0,0.0,0.0,0.0,0.0
2020-03-02,194.02999877929688,196.57000732421875,188.8500061035156,196.44000244140625,24949000,0.0,0.0,0.0,0.0,0.0,0.0
2020-03-03,196.22000122070312,197.2400054931641,183.97000122070312,185.88999938964844,27984100,0.0,0.0,0.0,0.0,0.0,0.0
2020-03-04,189.1699981689453,191.8300018310547,186.38999938964844,191.75999450683597,23062500,0.0,0.0,0.0,0.0,0.0,0.0
2020-03-05,186.77999877929688,188.9900054931641,183.88999938964844,185.1699981689453,19333400,0.0,0.0,0.0,0.0,0.0,0.0
2020-03-06,178.3300018310547,183.77999877929688,176.25999450683594,181.08999633789065,24559600,0.0,0.0,0.0,0.0,0.0,0.0
2020-03-09,169.60000610351562,175.0,165.19000244140625,169.5,29949000,0.0,0.0,0.0,0.0,0.0,0.0
2020-03-10,174.6699981689453,178.2899932861328,169.5,178.19000244140625,24517800,0.0,0.0,0.0,0.0,0.0,0.0
2020-03-11,174.00999450683594,175.8800048828125,167.66000366210938,170.24000549316406,20373900,0.0,0.0,0.0,0.0,0.0,0.0
2020-03-12,159.5399932861328,166.60000610351562,154.33999633789062,154.47000122070312,43266300,0.0,0.0,0.0,0.0,0.0,0.0
2020-03-13,163.52999877929688,170.7899932861328,157.60000610351562,170.27999877929688,35028600,0.0,0.0,0.0,0.0,0.0,0.0
2020-03-16,152.32000732421875,159.1300048828125,143.10000610351562,146.00999450683594,39120400,0.0,0.0,0.0,0.0,0.0,0.0
2020-03-17,150.74000549316406,153.94000244140625,140.0,149.4199981689453,34255600,0.0,0.0,0.0,0.0,0.0,0.0
2020-03-18,139.75,148.17999267578125,137.10000610351562,146.9600067138672,37553100,0.0,0.0,0.0,0.0,0.0,0.0
2020-03-19,146.6199951171875,159.92999267578125,144.8000030517578,153.1300048828125,39862300,0.0,0.0,0.0,0.0,0.0,0.0
2020-03-20,156.02000427246094,159.27000427246094,148.0,149.72999572753906,32568400,0.0,0.0,0.0,0.0,0.0,0.0
2020-03-23,149.66000366210938,152.30999755859375,142.25,148.10000610351562,29830800,0.0,0.0,0.0,0.0,0.0,0.0
2020-03-24,155.2100067138672,161.30999755859375,152.57000732421875,160.97999572753906,30440400,0.0,0.0,0.0,0.0,0.0,0.0
2020-03-25,158.9199981689453,162.99000549316406,153.05999755859375,156.2100067138672,35184300,0.0,0.0,0.0,0.0,0.0,0.0
2020-03-26,158.25,164.0,157.02000427246094,163.33999633789062,26556800,0.0,0.0,0.0,0.0,0.0,0.0
2020-03-27,158.1999969482422,160.08999633789062,154.75,156.7899932861328,24879900,0.0,0.0,0.0,0.0,0.0,0.0
2020-03-30,159.17999267578125,166.75,158.05999755859375,165.9499969482422,22515200,0.0,0.0,0.0,0.0,0.0,0.0
2020-03-31,165.47999572753906,170.92999267578125,164.1999969482422,166.8000030517578,23676300,0.0,0.0,0.0,0.0,0.0,0.0
2020-04-01,161.6199951171875,164.14999389648438,158.0399932861328,159.60000610351562,19507600,0.0,0.0,0.0,0.0,0.0,0.0
2020-04-02,159.10000610351562,161.35000610351562,155.9199981689453,158.19000244140625,20886300,0.0,0.0,0.0,0.0,0.0,0.0
2020-04-03,157.14999389648438,157.91000366210938,150.8300018310547,154.17999267578125,25983300,0.0,0.0,0.0,0.0,0.0,0.0
2020-04-06,160.14999389648438,166.1999969482422,158.50999450683594,165.5500030517578,28453600,0.0,0.0,0.0,0.0,0.0,0.0
2020-04-07,171.7899932861328,173.38999938964844,166.00999450683594,168.8300018310547,31411900,0.0,0.0,0.0,0.0,0.0,0.0
2020-04-08,171.25,175.0,167.74000549316406,174.27999877929688,21664200,0.0,0.0,0.0,0.0,0.0,0.0
2020-04-09,175.89999389648438,177.0800018310547,171.57000732421875,175.19000244140625,23534300,0.0,0.0,0.0,0.0,0.0,0.0
2020-04-13,173.6699981689453,175.0,169.4499969482422,174.7899932861328,19355400,0.0,0.0,0.0,0.0,0.0,0.0
2020-04-14,178.97999572753906,181.22999572753903,176.6199951171875,178.1699981689453,21011800,0.0,0.0,0.0,0.0,0.0,0.0
2020-04-15,175.19000244140625,178.19000244140625,172.82000732421875,176.97000122070312,17423000,0.0,0.0,0.0,0.0,0.0,0.0
2020-04-16,177.9499969482422,178.0500030517578,172.50999450683594,176.25,23593200,0.0,0.0,0.0,0.0,0.0,0.0
2020-04-17,179.1999969482422,180.27999877929688,176.66000366210938,179.24000549316406,20974800,0.0,0.0,0.0,0.0,0.0,0.0
2020-04-20,177.41000366210938,180.5,176.77000427246094,178.24000549316406,16110700,0.0,0.0,0.0,0.0,0.0,0.0
2020-04-21,175.25,175.3800048828125,168.33999633789062,170.8000030517578,24850500,0.0,0.0,0.0,0.0,0.0,0.0
2020-04-22,178.4499969482422,184.77999877929688,178.13999938964844,182.27999877929688,33242000,0.0,0.0,0.0,0.0,0.0,0.0
2020-04-23,184.0800018310547,187.0500030517578,183.1499938964844,185.1300048828125,21426600,0.0,0.0,0.0,0.0,0.0,0.0
2020-04-24,183.22999572753903,190.41000366210935,180.8300018310547,190.07000732421875,28792000,0.0,0.0,0.0,0.0,0.0,0.0
2020-04-27,192.66000366210935,193.75,187.41000366210935,187.5,29197800,0.0,0.0,0.0,0.0,0.0,0.0
2020-04-28,188.66000366210935,189.1999969482422,182.55999755859372,182.91000366210935,21731000,0.0,0.0,0.0,0.0,0.0,0.0
2020-04-29,190.92999267578125,196.91000366210935,190.0,194.19000244140625,45954500,0.0,0.0,0.0,0.0,0.0,0.0
2020-04-30,206.9199981689453,209.69000244140625,201.57000732421875,204.7100067138672,46230100,0.0,0.0,0.0,0.0,0.0,0.0
2020-05-01,201.6000061035156,207.27999877929688,199.0500030517578,202.2700042724609,30415600,0.0,0.0,0.0,0.0,0.0,0.0
2020-05-04,200.1999969482422,205.91000366210935,198.75999450683597,205.25999450683597,19250700,0.0,0.0,0.0,0.0,0.0,0.0
2020-05-05,207.0200042724609,210.3800048828125,206.5,207.07000732421875,21071200,0.0,0.0,0.0,0.0,0.0,0.0
2020-05-06,208.1199951171875,211.6000061035156,206.66000366210935,208.47000122070312,21857000,0.0,0.0,0.0,0.0,0.0,0.0
2020-05-07,211.16000366210935,211.6000061035156,209.0399932861328,211.25999450683597,15152000,0.0,0.0,0.0,0.0,0.0,0.0
2020-05-08,212.2400054931641,213.2100067138672,210.8500061035156,212.3500061035156,12506000,0.0,0.0,0.0,0.0,0.0,0.0
2020-05-11,210.88999938964844,215.0,210.3699951171875,213.17999267578125,12911900,0.0,0.0,0.0,0.0,0.0,0.0
2020-05-12,213.2899932861328,215.27999877929688,210.0,210.1000061035156,14704600,0.0,0.0,0.0,0.0,0.0,0.0
2020-05-13,209.42999267578125,210.77999877929688,202.1100006103516,205.1000061035156,20684600,0.0,0.0,0.0,0.0,0.0,0.0
2020-05-14,202.55999755859372,206.92999267578125,200.69000244140625,206.80999755859372,17178900,0.0,0.0,0.0,0.0,0.0,0.0
2020-05-15,205.2700042724609,211.33999633789065,204.1199951171875,210.8800048828125,19383200,0.0,0.0,0.0,0.0,0.0,0.0
2020-05-18,212.1499938964844,214.63999938964844,210.94000244140625,213.19000244140625,20151900,0.0,0.0,0.0,0.0,0.0,0.0
2020-05-19,213.2700042724609,220.4900054931641,212.8300018310547,216.8800048828125,31843200,0.0,0.0,0.0,0.0,0.0,0.0
2020-05-20,223.5,231.33999633789065,223.19000244140625,229.97000122070312,50162900,0.0,0.0,0.0,0.0,0.0,0.0
2020-05-21,234.72000122070312,237.1999969482422,231.1999969482422,231.38999938964844,47782600,0.0,0.0,0.0,0.0,0.0,0.0
2020-05-22,231.50999450683597,235.9900054931641,228.7400054931641,234.91000366210935,33925600,0.0,0.0,0.0,0.0,0.0,0.0
2020-05-26,239.7700042724609,240.8999938964844,231.6699981689453,232.1999969482422,33178300,0.0,0.0,0.0,0.0,0.0,0.0
2020-05-27,229.07000732421875,230.55999755859372,221.1300048828125,229.13999938964844,34697600,0.0,0.0,0.0,0.0,0.0,0.0
2020-05-28,224.3000030517578,231.6300048828125,224.0,225.4600067138672,29377200,0.0,0.0,0.0,0.0,0.0,0.0
2020-05-29,225.1999969482422,227.4900054931641,222.8800048828125,225.08999633789065,23241500,0.0,0.0,0.0,0.0,0.0,0.0
2020-06-01,224.58999633789065,232.44000244140625,223.5,231.91000366210935,18223800,0.0,0.0,0.0,0.0,0.0,0.0
2020-06-02,230.94000244140625,233.0,226.55999755859372,232.72000122070312,20919000,0.0,0.0,0.0,0.0,0.0,0.0
2020-06-03,232.1100006103516,232.6499938964844,228.52999877929688,230.16000366210935,15380300,0.0,0.0,0.0,0.0,0.0,0.0
2020-06-04,229.55999755859372,231.6300048828125,224.6100006103516,226.2899932861328,17041500,0.0,0.0,0.0,0.0,0.0,0.0
2020-06-05,226.7100067138672,231.3500061035156,225.30999755859372,230.7700042724609,16750400,0.0,0.0,0.0,0.0,0.0,0.0
2020-06-08,229.02999877929688,231.5500030517578,227.41000366210935,231.3999938964844,15466500,0.0,0.0,0.0,0.0,0.0,0.0
2020-06-09,231.5200042724609,239.7700042724609,230.41000366210935,238.6699981689453,27462900,0.0,0.0,0.0,0.0,0.0,0.0
2020-06-10,240.9600067138672,241.2100067138672,235.27999877929688,236.72999572753903,20720700,0.0,0.0,0.0,0.0,0.0,0.0
2020-06-11,229.94000244140625,232.88999938964844,223.5500030517578,224.42999267578125,26708200,0.0,0.0,0.0,0.0,0.0,0.0
2020-06-12,229.8999938964844,231.66000366210935,224.5,228.5800018310547,22091400,0.0,0.0,0.0,0.0,0.0,0.0
2020-06-15,225.08999633789065,233.7700042724609,224.8000030517578,232.5,15340300,0.0,0.0,0.0,0.0,0.0,0.0
2020-06-16,237.13999938964844,238.4600067138672,233.0,235.6499938964844,15236700,0.0,0.0,0.0,0.0,0.0,0.0
2020-06-17,235.0,237.58999633789065,231.72999572753903,235.52999877929688,19578100,0.0,0.0,0.0,0.0,0.0,0.0
2020-06-18,234.9900054931641,236.13999938964844,232.1499938964844,235.94000244140625,15782500,0.0,0.0,0.0,0.0,0.0,0.0
2020-06-19,237.7899932861328,240.8300018310547,235.5500030517578,238.7899932861328,30081300,0.0,0.0,0.0,0.0,0.0,0.0
2020-06-22,238.55999755859372,240.6999969482422,236.91000366210935,239.22000122070312,18917800,0.0,0.0,0.0,0.0,0.0,0.0
2020-06-23,241.27999877929688,245.19000244140625,239.8600006103516,242.2400054931641,24017900,0.0,0.0,0.0,0.0,0.0,0.0
2020-06-24,241.1999969482422,243.22000122070312,232.67999267578125,234.0200042724609,20834900,0.0,0.0,0.0,0.0,0.0,0.0
2020-06-25,234.6199951171875,237.3000030517578,232.7400054931641,235.67999267578125,18704300,0.0,0.0,0.0,0.0,0.0,0.0
2020-06-26,232.63999938964844,233.08999633789065,215.3999938964844,216.0800018310547,76343900,0.0,0.0,0.0,0.0,0.0,0.0
2020-06-29,209.75,220.75,207.1100006103516,220.63999938964844,58514300,0.0,0.0,0.0,0.0,0.0,0.0
2020-06-30,220.58999633789065,227.5,218.47000122070312,227.07000732421875,33927100,0.0,0.0,0.0,0.0,0.0,0.0
2020-07-01,228.5,239.0,227.55999755859372,237.5500030517578,43399700,0.0,0.0,0.0,0.0,0.0,0.0
2020-07-02,239.0,240.0,232.6100006103516,233.4199981689453,30633600,0.0,0.0,0.0,0.0,0.0,0.0
2020-07-06,233.75999450683597,240.3999938964844,232.2700042724609,240.27999877929688,26206200,0.0,0.0,0.0,0.0,0.0,0.0
2020-07-07,239.41000366210935,247.6499938964844,238.82000732421875,240.8600006103516,27887800,0.0,0.0,0.0,0.0,0.0,0.0
2020-07-08,238.1100006103516,246.9900054931641,236.58999633789065,243.5800018310547,29791300,0.0,0.0,0.0,0.0,0.0,0.0
2020-07-09,245.0,246.52999877929688,239.2400054931641,244.5,22174900,0.0,0.0,0.0,0.0,0.0,0.0
2020-07-10,243.69000244140625,245.4900054931641,239.32000732421875,245.07000732421875,22982700,0.0,0.0,0.0,0.0,0.0,0.0
2020-07-13,247.00999450683597,250.1499938964844,238.4199981689453,239.0,24674900,0.0,0.0,0.0,0.0,0.0,0.0
2020-07-14,236.75999450683597,240.3300018310547,232.02999877929688,239.72999572753903,23378100,0.0,0.0,0.0,0.0,0.0,0.0
2020-07-15,241.5500030517578,244.82000732421875,238.0500030517578,240.27999877929688,19133600,0.0,0.0,0.0,0.0,0.0,0.0
2020-07-16,238.0,241.75999450683597,236.3300018310547,240.92999267578125,18880700,0.0,0.0,0.0,0.0,0.0,0.0
2020-07-17,241.0,244.16000366210935,237.8600006103516,242.02999877929688,18152400,0.0,0.0,0.0,0.0,0.0,0.0
2020-07-20,240.05999755859372,246.0500030517578,235.63999938964844,245.4199981689453,20872200,0.0,0.0,0.0,0.0,0.0,0.0
2020-07-21,246.22000122070312,246.91000366210935,240.0800018310547,241.75,19364200,0.0,0.0,0.0,0.0,0.0,0.0
2020-07-22,240.25999450683597,241.8999938964844,238.1199951171875,239.8699951171875,15427900,0.0,0.0,0.0,0.0,0.0,0.0
2020-07-23,239.6300048828125,242.4199981689453,231.75,232.6000061035156,21771800,0.0,0.0,0.0,0.0,0.0,0.0
2020-07-24,230.19000244140625,233.4900054931641,226.8999938964844,230.7100067138672,18325800,0.0,0.0,0.0,0.0,0.0,0.0
2020-07-27,231.4600067138672,234.9499969482422,230.8300018310547,233.5,13163100,0.0,0.0,0.0,0.0,0.0,0.0
2020-07-28,234.6300048828125,234.9600067138672,229.8300018310547,230.1199951171875,14170100,0.0,0.0,0.0,0.0,0.0,0.0
2020-07-29,231.13999938964844,233.6999969482422,230.30999755859372,233.2899932861328,13588300,0.0,0.0,0.0,0.0,0.0,0.0
2020-07-30,230.22000122070312,234.88999938964844,229.0,234.5,20615300,0.0,0.0,0.0,0.0,0.0,0.0
2020-07-31,255.82000732421875,255.8500061035156,249.0,253.6699981689453,53005100,0.0,0.0,0.0,0.0,0.0,0.0
2020-08-03,252.6499938964844,255.3999938964844,250.3300018310547,251.9600067138672,23124900,0.0,0.0,0.0,0.0,0.0,0.0
2020-08-04,251.55999755859372,252.8000030517578,247.42999267578125,249.8300018310547,17183500,0.0,0.0,0.0,0.0,0.0,0.0
2020-08-05,250.19000244140625,252.2700042724609,247.7700042724609,249.1199951171875,13050100,0.0,0.0,0.0,0.0,0.0,0.0
2020-08-06,249.0399932861328,266.6000061035156,248.6699981689453,265.2799987792969,45241600,0.0,0.0,0.0,0.0,0.0,0.0
2020-08-07,264.0799865722656,278.8900146484375,263.42999267578125,268.44000244140625,72766400,0.0,0.0,0.0,0.0,0.0,0.0
2020-08-10,268.0400085449219,273.8599853515625,259.69000244140625,263.0,30248800,0.0,0.0,0.0,0.0,0.0,0.0
2020-08-11,260.19000244140625,265.9200134277344,255.1300048828125,256.1300048828125,28238300,0.0,0.0,0.0,0.0,0.0,0.0
2020-08-12,258.9700012207031,263.8999938964844,258.1099853515625,259.8900146484375,21415700,0.0,0.0,0.0,0.0,0.0,0.0
2020-08-13,261.54998779296875,265.1600036621094,259.57000732421875,261.29998779296875,17374000,0.0,0.0,0.0,0.0,0.0,0.0
2020-08-14,262.3099975585937,262.6499938964844,258.67999267578125,261.239990234375,14792700,0.0,0.0,0.0,0.0,0.0,0.0
2020-08-17,262.5,264.1000061035156,259.3999938964844,261.1600036621094,13351100,0.0,0.0,0.0,0.0,0.0,0.0
2020-08-18,260.95001220703125,265.1499938964844,259.260009765625,262.3399963378906,18690400,0.0,0.0,0.0,0.0,0.0,0.0
2020-08-19,261.3900146484375,267.9100036621094,261.3500061035156,262.5899963378906,23291500,0.0,0.0,0.0,0.0,0.0,0.0
2020-08-20,261.5,269.6300048828125,261.4599914550781,269.010009765625,20299700,0.0,0.0,0.0,0.0,0.0,0.0
2020-08-21,268.69000244140625,270.489990234375,266.4200134277344,267.010009765625,15538600,0.0,0.0,0.0,0.0,0.0,0.0
2020-08-24,271.07000732421875,277.25,268.7699890136719,271.3900146484375,23685600,0.0,0.0,0.0,0.0,0.0,0.0
2020-08-25,272.4100036621094,283.0899963378906,270.260009765625,280.82000732421875,42127200,0.0,0.0,0.0,0.0,0.0,0.0
2020-08-26,284.0,304.6700134277344,284.0,303.9100036621094,69015200,0.0,0.0,0.0,0.0,0.0,0.0
2020-08-27,300.1600036621094,301.2300109863281,292.0199890136719,293.2200012207031,30301300,0.0,0.0,0.0,0.0,0.0,0.0
2020-08-28,295.0,297.2300109863281,290.9800109863281,293.6600036621094,17157400,0.0,0.0,0.0,0.0,0.0,0.0
2020-08-31,293.95001220703125,296.8800048828125,291.54998779296875,293.20001220703125,17345100,0.0,0.0,0.0,0.0,0.0,0.0
2020-09-01,294.7099914550781,301.489990234375,292.7099914550781,295.44000244140625,17295900,0.0,0.0,0.0,0.0,0.0,0.0
2020-09-02,298.8800048828125,303.6000061035156,293.04998779296875,302.5,24341400,0.0,0.0,0.0,0.0,0.0,0.0
2020-09-03,295.989990234375,297.6000061035156,283.6300048828125,291.1199951171875,32294100,0.0,0.0,0.0,0.0,0.0,0.0
2020-09-04,287.25,289.0,271.1400146484375,282.7300109863281,30333700,0.0,0.0,0.0,0.0,0.0,0.0
2020-09-08,271.2799987792969,279.29998779296875,269.4200134277344,271.1600036621094,24864000,0.0,0.0,0.0,0.0,0.0,0.0
2020-09-09,275.7699890136719,278.4800109863281,271.3500061035156,273.7200012207031,22918800,0.0,0.0,0.0,0.0,0.0,0.0
2020-09-10,275.510009765625,279.1600036621094,267.0299987792969,268.0899963378906,24814700,0.0,0.0,0.0,0.0,0.0,0.0
2020-09-11,270.0599975585937,271.3900146484375,262.6400146484375,266.6099853515625,18913900,0.0,0.0,0.0,0.0,0.0,0.0
2020-09-14,270.95001220703125,276.6400146484375,265.70001220703125,266.1499938964844,24093800,0.0,0.0,0.0,0.0,0.0,0.0
2020-09-15,270.6700134277344,274.5199890136719,269.29998779296875,272.4200134277344,18478500,0.0,0.0,0.0,0.0,0.0,0.0
2020-09-16,267.2900085449219,272.44000244140625,261.7900085449219,263.5199890136719,29183400,0.0,0.0,0.0,0.0,0.0,0.0
2020-09-17,258.2799987792969,261.5,250.19000244140625,254.82000732421875,31281400,0.0,0.0,0.0,0.0,0.0,0.0
2020-09-18,258.3999938964844,259.20001220703125,250.0500030517578,252.52999877929688,28130800,0.0,0.0,0.0,0.0,0.0,0.0
2020-09-21,247.5399932861328,249.9499969482422,244.1300048828125,248.1499938964844,24709400,0.0,0.0,0.0,0.0,0.0,0.0
2020-09-22,253.30999755859372,255.32000732421875,248.22000122070312,254.75,30293100,0.0,0.0,0.0,0.0,0.0,0.0
2020-09-23,255.25999450683597,257.989990234375,248.1499938964844,249.0200042724609,19641300,0.0,0.0,0.0,0.0,0.0,0.0
2020-09-24,246.5,252.2400054931641,245.6199951171875,249.52999877929688,20006800,0.0,0.0,0.0,0.0,0.0,0.0
2020-09-25,249.3999938964844,255.75,246.6100006103516,254.82000732421875,18351300,0.0,0.0,0.0,0.0,0.0,0.0
2020-09-28,259.3999938964844,259.6000061035156,254.82000732421875,256.82000732421875,18826300,0.0,0.0,0.0,0.0,0.0,0.0
2020-09-29,257.8099975585937,263.3299865722656,256.8999938964844,261.7900085449219,20200200,0.0,0.0,0.0,0.0,0.0,0.0
2020-09-30,261.9800109863281,266.0799865722656,260.1000061035156,261.8999938964844,20142500,0.0,0.0,0.0,0.0,0.0,0.0
2020-10-01,265.3500061035156,268.3299865722656,264.79998779296875,266.6300048828125,20009800,0.0,0.0,0.0,0.0,0.0,0.0
2020-10-02,261.2099914550781,265.1499938964844,259.17999267578125,259.94000244140625,16367600,0.0,0.0,0.0,0.0,0.0,0.0
2020-10-05,262.20001220703125,264.8699951171875,260.8399963378906,264.6499938964844,12822300,0.0,0.0,0.0,0.0,0.0,0.0
2020-10-06,261.7799987792969,265.69000244140625,258.239990234375,258.6600036621094,18696900,0.0,0.0,0.0,0.0,0.0,0.0
2020-10-07,259.2099914550781,260.17999267578125,254.82000732421875,258.1199951171875,23133400,0.0,0.0,0.0,0.0,0.0,0.0
2020-10-08,259.75,264.6199951171875,259.1499938964844,263.760009765625,16312800,0.0,0.0,0.0,0.0,0.0,0.0
2020-10-09,264.5199890136719,264.75,262.1700134277344,264.45001220703125,14107800,0.0,0.0,0.0,0.0,0.0,0.0
2020-10-12,270.20001220703125,280.17999267578125,267.8699951171875,275.75,31019300,0.0,0.0,0.0,0.0,0.0,0.0
2020-10-13,277.5799865722656,279.1000061035156,273.3900146484375,276.1400146484375,18063300,0.0,0.0,0.0,0.0,0.0,0.0
2020-10-14,277.6199951171875,278.75,271.5,271.82000732421875,15577800,0.0,0.0,0.0,0.0,0.0,0.0
2020-10-15,267.6000061035156,269.0400085449219,263.6700134277344,266.7200012207031,15416100,0.0,0.0,0.0,0.0,0.0,0.0
2020-10-16,267.3800048828125,271.3699951171875,265.29998779296875,265.92999267578125,16622700,0.0,0.0,0.0,0.0,0.0,0.0
2020-10-19,265.5299987792969,268.54998779296875,259.8800048828125,261.3999938964844,13587000,0.0,0.0,0.0,0.0,0.0,0.0
2020-10-20,263.0599975585937,269.70001220703125,262.8800048828125,267.5599975585937,18763200,0.0,0.0,0.0,0.0,0.0,0.0
2020-10-21,279.5599975585937,283.04998779296875,276.3699951171875,278.7300109863281,28998600,0.0,0.0,0.0,0.0,0.0,0.0
2020-10-22,279.8699951171875,282.45001220703125,275.0400085449219,278.1199951171875,16720000,0.0,0.0,0.0,0.0,0.0,0.0
2020-10-23,278.79998779296875,285.239990234375,276.82000732421875,284.7900085449219,17535200,0.0,0.0,0.0,0.0,0.0,0.0
2020-10-26,283.1600036621094,285.2300109863281,274.260009765625,277.1099853515625,21322900,0.0,0.0,0.0,0.0,0.0,0.0
2020-10-27,278.760009765625,284.510009765625,276.3099975585937,283.2900085449219,16287200,0.0,0.0,0.0,0.0,0.0,0.0
2020-10-28,278.7900085449219,278.7900085449219,267.260009765625,267.6700134277344,23121800,0.0,0.0,0.0,0.0,0.0,0.0
2020-10-29,276.54998779296875,283.6000061035156,273.7799987792969,280.8299865722656,32368100,0.0,0.0,0.0,0.0,0.0,0.0
2020-10-30,274.5,276.70001220703125,259.1000061035156,263.1099853515625,47247800,0.0,0.0,0.0,0.0,0.0,0.0
2020-11-02,264.6000061035156,270.4700012207031,257.3399963378906,261.3599853515625,27165700,0.0,0.0,0.0,0.0,0.0,0.0
2020-11-03,263.1600036621094,270.04998779296875,260.8800048828125,265.29998779296875,17961900,0.0,0.0,0.0,0.0,0.0,0.0
2020-11-04,281.0,288.94000244140625,278.6199951171875,287.3800048828125,35364400,0.0,0.0,0.0,0.0,0.0,0.0
2020-11-05,291.8999938964844,297.3800048828125,288.95001220703125,294.67999267578125,23823600,0.0,0.0,0.0,0.0,0.0,0.0
2020-11-06,293.95001220703125,294.6000061035156,288.0599975585937,293.4100036621094,13891000,0.0,0.0,0.0,0.0,0.0,0.0
2020-11-09,289.8699951171875,292.5799865722656,278.5299987792969,278.7699890136719,25117700,0.0,0.0,0.0,0.0,0.0,0.0
2020-11-10,273.1000061035156,274.0,264.0,272.42999267578125,29067700,0.0,0.0,0.0,0.0,0.0,0.0
2020-11-11,273.4700012207031,278.3999938964844,272.4800109863281,276.4800109863281,14957000,0.0,0.0,0.0,0.0,0.0,0.0
2020-11-12,277.17999267578125,279.75,274.42999267578125,275.0799865722656,12899500,0.0,0.0,0.0,0.0,0.0,0.0
2020-11-13,277.7200012207031,277.760009765625,273.1000061035156,276.95001220703125,10391200,0.0,0.0,0.0,0.0,0.0,0.0
2020-11-16,275.04998779296875,279.4100036621094,274.6300048828125,278.9599914550781,12970400,0.0,0.0,0.0,0.0,0.0,0.0
2020-11-17,277.67999267578125,277.67999267578125,273.2900085449219,275.0,15040300,0.0,0.0,0.0,0.0,0.0,0.0
2020-11-18,274.5199890136719,277.3900146484375,271.8399963378906,271.9700012207031,12152900,0.0,0.0,0.0,0.0,0.0,0.0
2020-11-19,271.0199890136719,273.4700012207031,269.19000244140625,272.94000244140625,12963700,0.0,0.0,0.0,0.0,0.0,0.0
2020-11-20,272.5599975585937,273.0,269.4100036621094,269.70001220703125,18114700,0.0,0.0,0.0,0.0,0.0,0.0
2020-11-23,270.8900146484375,270.95001220703125,264.5299987792969,268.42999267578125,20990800,0.0,0.0,0.0,0.0,0.0,0.0
2020-11-24,268.489990234375,277.82000732421875,267.8699951171875,276.9200134277344,16930400,0.0,0.0,0.0,0.0,0.0,0.0
2020-11-25,278.1400146484375,280.17999267578125,272.6499938964844,275.5899963378906,12467000,0.0,0.0,0.0,0.0,0.0,0.0
2020-11-27,277.3900146484375,279.1300048828125,274.82000732421875,277.8099975585937,7808400,0.0,0.0,0.0,0.0,0.0,0.0
2020-11-30,276.0299987792969,277.70001220703125,271.010009765625,276.9700012207031,16693300,0.0,0.0,0.0,0.0,0.0,0.0
2020-12-01,279.1600036621094,289.29998779296875,278.9599914550781,286.54998779296875,20738900,0.0,0.0,0.0,0.0,0.0,0.0
2020-12-02,285.3599853515625,291.7799987792969,280.8299865722656,287.5199890136719,17361600,0.0,0.0,0.0,0.0,0.0,0.0
2020-12-03,286.25,286.6499938964844,281.07000732421875,281.8500061035156,12921700,0.0,0.0,0.0,0.0,0.0,0.0
2020-12-04,280.29998779296875,283.4599914550781,279.29998779296875,279.70001220703125,10880300,0.0,0.0,0.0,0.0,0.0,0.0
2020-12-07,279.19000244140625,288.489990234375,278.20001220703125,285.5799865722656,13007700,0.0,0.0,0.0,0.0,0.0,0.0
2020-12-08,286.010009765625,286.42999267578125,281.54998779296875,283.3999938964844,10747700,0.0,0.0,0.0,0.0,0.0,0.0
2020-12-09,283.6600036621094,287.6300048828125,271.75,277.9200134277344,25189700,0.0,0.0,0.0,0.0,0.0,0.0
2020-12-10,275.5400085449219,278.7300109863281,271.8599853515625,277.1199951171875,20065100,0.0,0.0,0.0,0.0,0.0,0.0
2020-12-11,274.5299987792969,276.4800109863281,270.25,273.54998779296875,14391400,0.0,0.0,0.0,0.0,0.0,0.0
2020-12-14,273.3699951171875,277.2200012207031,271.5599975585937,274.19000244140625,16376900,0.0,0.0,0.0,0.0,0.0,0.0
2020-12-15,274.8299865722656,276.0799865722656,267.4700012207031,275.54998779296875,23979500,0.0,0.0,0.0,0.0,0.0,0.0
2020-12-16,274.760009765625,277.8599853515625,272.510009765625,275.6700134277344,15885000,0.0,0.0,0.0,0.0,0.0,0.0
2020-12-17,277.07000732421875,280.44000244140625,273.6099853515625,274.4800109863281,16377800,0.0,0.0,0.0,0.0,0.0,0.0
2020-12-18,275.7699890136719,278.0,271.1400146484375,276.3999938964844,26693200,0.0,0.0,0.0,0.0,0.0,0.0
2020-12-21,272.9800109863281,274.6700134277344,267.7900085449219,272.7900085449219,16553700,0.0,0.0,0.0,0.0,0.0,0.0
2020-12-22,271.5,271.5,264.6300048828125,267.0899963378906,17312900,0.0,0.0,0.0,0.0,0.0,0.0
2020-12-23,266.8900146484375,272.1700134277344,266.2300109863281,268.1099853515625,14329000,0.0,0.0,0.0,0.0,0.0,0.0
2020-12-24,268.8800048828125,270.3999938964844,266.20001220703125,267.3999938964844,6702000,0.0,0.0,0.0,0.0,0.0,0.0
2020-12-28,268.739990234375,277.29998779296875,265.6600036621094,277.0,23299700,0.0,0.0,0.0,0.0,0.0,0.0
2020-12-29,276.95001220703125,280.510009765625,276.2799987792969,276.7799987792969,16383000,0.0,0.0,0.0,0.0,0.0,0.0
2020-12-30,277.95001220703125,278.0799865722656,271.7099914550781,271.8699951171875,11803800,0.0,0.0,0.0,0.0,0.0,0.0
2020-12-31,272.0,277.0899963378906,269.8099975585937,273.1600036621094,12900400,0.0,0.0,0.0,0.0,0.0,0.0
2021-01-04,274.7799987792969,275.0,265.20001220703125,268.94000244140625,15106100,0.0,0.0,0.0,0.0,0.0,0.0
2021-01-05,268.2900085449219,272.3999938964844,268.2099914550781,270.9700012207031,9871600,0.0,0.0,0.0,0.0,0.0,0.0
2021-01-06,262.0,267.75,260.010009765625,263.3099975585937,24354100,0.0,0.0,0.0,0.0,0.0,0.0
2021-01-07,265.8999938964844,271.6099853515625,264.7799987792969,268.739990234375,15789800,0.0,0.0,0.0,0.0,0.0,0.0
2021-01-08,268.3099975585937,268.95001220703125,263.17999267578125,267.57000732421875,18528300,0.0,0.0,0.0,0.0,0.0,0.0
2021-01-11,260.4800109863281,263.4700012207031,255.8999938964844,256.8399963378906,30412300,0.0,0.0,0.0,0.0,0.0,0.0
2021-01-12,256.6300048828125,259.7200012207031,250.3000030517578,251.08999633789065,26383500,0.0,0.0,0.0,0.0,0.0,0.0
2021-01-13,251.5500030517578,253.9499969482422,249.1999969482422,251.63999938964844,19528900,0.0,0.0,0.0,0.0,0.0,0.0
2021-01-14,253.3999938964844,255.02999877929688,244.6100006103516,245.63999938964844,29739400,0.0,0.0,0.0,0.0,0.0,0.0
2021-01-15,247.8999938964844,253.8600006103516,247.16000366210935,251.3600006103516,24942900,0.0,0.0,0.0,0.0,0.0,0.0
2021-01-19,256.8999938964844,262.20001220703125,252.72000122070312,261.1000061035156,28028500,0.0,0.0,0.0,0.0,0.0,0.0
2021-01-20,268.92999267578125,270.32000732421875,263.6000061035156,267.4800109863281,25199900,0.0,0.0,0.0,0.0,0.0,0.0
2021-01-21,269.260009765625,273.6000061035156,267.489990234375,272.8699951171875,20838700,0.0,0.0,0.0,0.0,0.0,0.0
2021-01-22,272.010009765625,278.4700012207031,272.0,274.5,21954000,0.0,0.0,0.0,0.0,0.0,0.0
2021-01-25,278.1400146484375,280.1000061035156,271.510009765625,278.010009765625,19087000,0.0,0.0,0.0,0.0,0.0,0.0
2021-01-26,278.1400146484375,285.3900146484375,277.8099975585937,282.04998779296875,19373600,0.0,0.0,0.0,0.0,0.0,0.0
2021-01-27,282.5299987792969,283.45001220703125,268.1199951171875,272.1400146484375,35346200,0.0,0.0,0.0,0.0,0.0,0.0
2021-01-28,277.17999267578125,286.7900085449219,264.70001220703125,265.0,37758800,0.0,0.0,0.0,0.0,0.0,0.0
2021-01-29,265.29998779296875,266.5599975585937,254.8500061035156,258.3299865722656,30389500,0.0,0.0,0.0,0.0,0.0,0.0
2021-02-01,259.5199890136719,264.1700134277344,254.91000366210935,262.010009765625,22914300,0.0,0.0,0.0,0.0,0.0,0.0
2021-02-02,264.0,268.8500061035156,263.2699890136719,267.0799865722656,17320800,0.0,0.0,0.0,0.0,0.0,0.0
2021-02-03,265.6199951171875,269.20001220703125,263.8399963378906,266.6499938964844,14223400,0.0,0.0,0.0,0.0,0.0,0.0
2021-02-04,267.010009765625,268.1600036621094,264.0,266.489990234375,16060000,0.0,0.0,0.0,0.0,0.0,0.0
2021-02-05,266.79998779296875,269.1700134277344,265.6700134277344,268.1000061035156,12454400,0.0,0.0,0.0,0.0,0.0,0.0
2021-02-08,268.75,269.8599853515625,265.0,266.5799865722656,13755200,0.0,0.0,0.0,0.0,0.0,0.0
2021-02-09,266.44000244140625,273.3900146484375,265.75,269.45001220703125,14613400,0.0,0.0,0.0,0.0,0.0,0.0
2021-02-10,272.45001220703125,273.79998779296875,267.7200012207031,271.8699951171875,14687200,0.0,0.0,0.0,0.0,0.0,0.0
2021-02-11,271.8900146484375,273.5799865722656,268.489990234375,270.3900146484375,12828600,0.0,0.0,0.0,0.0,0.0,0.0
2021-02-12,270.5199890136719,271.17999267578125,268.3399963378906,270.5,9097600,0.0,0.0,0.0,0.0,0.0,0.0
2021-02-16,270.79998779296875,276.6000061035156,270.04998779296875,273.9700012207031,15417200,0.0,0.0,0.0,0.0,0.0,0.0
2021-02-17,271.239990234375,273.9700012207031,269.5799865722656,273.57000732421875,12763200,0.0,0.0,0.0,0.0,0.0,0.0
2021-02-18,269.57000732421875,271.95001220703125,266.0299987792969,269.3900146484375,15249100,0.0,0.0,0.0,0.0,0.0,0.0
2021-02-19,269.8599853515625,270.2699890136719,260.1499938964844,261.5599975585937,25622600,0.0,0.0,0.0,0.0,0.0,0.0
2021-02-22,257.95001220703125,263.07000732421875,257.5299987792969,260.3299865722656,17434900,0.0,0.0,0.0,0.0,0.0,0.0
2021-02-23,259.5,267.4599914550781,254.9600067138672,265.8599853515625,21924600,0.0,0.0,0.0,0.0,0.0,0.0
2021-02-24,262.3299865722656,266.3800048828125,258.3900146484375,264.3099975585937,15736100,0.0,0.0,0.0,0.0,0.0,0.0
2021-02-25,262.29998779296875,266.94000244140625,254.0399932861328,254.69000244140625,19053100,0.0,0.0,0.0,0.0,0.0,0.0
2021-02-26,256.4700012207031,265.54998779296875,256.4700012207031,257.6199951171875,26619500,0.0,0.0,0.0,0.0,0.0,0.0
2021-03-01,260.82000732421875,266.6499938964844,257.8999938964844,264.9100036621094,22157300,0.0,0.0,0.0,0.0,0.0,0.0
2021-03-02,265.7799987792969,266.7099914550781,258.6499938964844,259.0,15191700,0.0,0.0,0.0,0.0,0.0,0.0
2021-03-03,260.2900085449219,260.989990234375,255.1000061035156,255.41000366210935,15513500,0.0,0.0,0.0,0.0,0.0,0.0
2021-03-04,256.4700012207031,266.489990234375,253.5,257.6400146484375,31626500,0.0,0.0,0.0,0.0,0.0,0.0
2021-03-05,260.6700134277344,265.45001220703125,255.6100006103516,264.2799987792969,26820100,0.0,0.0,0.0,0.0,0.0,0.0
2021-03-08,265.54998779296875,265.5799865722656,255.0500030517578,255.30999755859372,18391800,0.0,0.0,0.0,0.0,0.0,0.0
2021-03-09,261.17999267578125,268.5299987792969,259.8099975585937,265.739990234375,22039700,0.0,0.0,0.0,0.0,0.0,0.0
2021-03-10,268.6400146484375,268.9700012207031,262.8699951171875,264.8999938964844,14210300,0.0,0.0,0.0,0.0,0.0,0.0
2021-03-11,268.1099853515625,277.8999938964844,267.82000732421875,273.8800048828125,21834000,0.0,0.0,0.0,0.0,0.0,0.0
2021-03-12,269.1400146484375,269.739990234375,264.0199890136719,268.3999938964844,20600200,0.0,0.0,0.0,0.0,0.0,0.0
2021-03-15,269.0799865722656,275.9599914550781,268.5,273.75,16844800,0.0,0.0,0.0,0.0,0.0,0.0
2021-03-16,276.0799865722656,282.1400146484375,274.79998779296875,279.2799987792969,22437700,0.0,0.0,0.0,0.0,0.0,0.0
2021-03-17,275.7099914550781,286.2300109863281,275.4100036621094,284.010009765625,21315000,0.0,0.0,0.0,0.0,0.0,0.0
2021-03-18,279.8699951171875,285.19000244140625,278.2799987792969,278.6199951171875,18728300,0.0,0.0,0.0,0.0,0.0,0.0
2021-03-19,281.2200012207031,292.79998779296875,281.20001220703125,290.1099853515625,38930500,0.0,0.0,0.0,0.0,0.0,0.0
2021-03-22,290.45001220703125,299.7099914550781,286.75,293.5400085449219,28273100,0.0,0.0,0.0,0.0,0.0,0.0
2021-03-23,293.1499938964844,298.0,289.8099975585937,290.6300048828125,23000900,0.0,0.0,0.0,0.0,0.0,0.0
2021-03-24,291.0,291.7200012207031,281.1600036621094,282.1400146484375,18675000,0.0,0.0,0.0,0.0,0.0,0.0
2021-03-25,280.9800109863281,288.0599975585937,277.75,278.739990234375,24505600,0.0,0.0,0.0,0.0,0.0,0.0
2021-03-26,278.29998779296875,284.5,277.7699890136719,283.0199890136719,17629200,0.0,0.0,0.0,0.0,0.0,0.0
2021-03-29,285.7699890136719,293.17999267578125,284.70001220703125,290.82000732421875,21718800,0.0,0.0,0.0,0.0,0.0,0.0
2021-03-30,289.8299865722656,292.4700012207031,286.70001220703125,288.0,17474500,0.0,0.0,0.0,0.0,0.0,0.0
2021-03-31,289.989990234375,296.5,288.6099853515625,294.5299987792969,19498200,0.0,0.0,0.0,0.0,0.0,0.0
2021-04-01,298.3999938964844,302.3999938964844,296.6000061035156,298.6600036621094,17616000,0.0,0.0,0.0,0.0,0.0,0.0
2021-04-05,300.8900146484375,310.7699890136719,300.67999267578125,308.9100036621094,28237000,0.0,0.0,0.0,0.0,0.0,0.0
2021-04-06,308.8399963378906,311.3500061035156,305.25,306.260009765625,17335200,0.0,0.0,0.0,0.0,0.0,0.0
2021-04-07,306.3399963378906,314.25,305.5,313.0899963378906,22855200,0.0,0.0,0.0,0.0,0.0,0.0
2021-04-08,314.8500061035156,315.8800048828125,310.04998779296875,313.0199890136719,20894100,0.0,0.0,0.0,0.0,0.0,0.0
2021-04-09,311.3999938964844,314.739990234375,310.3299865722656,312.4599914550781,15988600,0.0,0.0,0.0,0.0,0.0,0.0
2021-04-12,311.04998779296875,312.1499938964844,307.92999267578125,311.5400085449219,10881900,0.0,0.0,0.0,0.0,0.0,0.0
2021-04-13,312.2099914550781,314.42999267578125,309.32000732421875,309.760009765625,14036900,0.0,0.0,0.0,0.0,0.0,0.0
2021-04-14,307.29998779296875,308.0299987792969,301.95001220703125,302.82000732421875,17421400,0.0,0.0,0.0,0.0,0.0,0.0
2021-04-15,306.3399963378906,310.1400146484375,304.1000061035156,307.82000732421875,14558300,0.0,0.0,0.0,0.0,0.0,0.0
2021-04-16,308.1700134277344,308.95001220703125,304.6099853515625,306.17999267578125,13059200,0.0,0.0,0.0,0.0,0.0,0.0
2021-04-19,305.010009765625,307.70001220703125,300.5599975585937,302.239990234375,14553500,0.0,0.0,0.0,0.0,0.0,0.0
2021-04-20,301.989990234375,305.1000061035156,297.2099914550781,302.6499938964844,16796400,0.0,0.0,0.0,0.0,0.0,0.0
2021-04-21,301.95001220703125,301.9800109863281,297.3900146484375,301.4700012207031,14863500,0.0,0.0,0.0,0.0,0.0,0.0
2021-04-22,301.3299865722656,302.9200134277344,296.0400085449219,296.5199890136719,16375400,0.0,0.0,0.0,0.0,0.0,0.0
2021-04-23,298.760009765625,302.5899963378906,297.1499938964844,301.1300048828125,17536800,0.0,0.0,0.0,0.0,0.0,0.0
2021-04-26,303.3399963378906,305.79998779296875,301.5599975585937,303.0400085449219,16172600,0.0,0.0,0.0,0.0,0.0,0.0
2021-04-27,304.2799987792969,305.3399963378906,301.1099853515625,303.57000732421875,15309300,0.0,0.0,0.0,0.0,0.0,0.0
2021-04-28,307.3599853515625,310.9200134277344,305.3699951171875,307.1000061035156,33907200,0.0,0.0,0.0,0.0,0.0,0.0
2021-04-29,330.1199951171875,331.8099975585937,321.6099853515625,329.510009765625,56526800,0.0,0.0,0.0,0.0,0.0,0.0
2021-04-30,326.1400146484375,329.82000732421875,324.5,325.0799865722656,26332400,0.0,0.0,0.0,0.0,0.0,0.0
2021-05-03,326.1700134277344,328.54998779296875,321.8399963378906,322.5799865722656,18719500,0.0,0.0,0.0,0.0,0.0,0.0
2021-05-04,320.0199890136719,322.19000244140625,313.1199951171875,318.3599853515625,24032600,0.0,0.0,0.0,0.0,0.0,0.0
2021-05-05,318.19000244140625,321.0599975585937,314.489990234375,315.0199890136719,15577600,0.0,0.0,0.0,0.0,0.0,0.0
2021-05-06,314.5199890136719,320.239990234375,313.2699890136719,320.0199890136719,19012200,0.0,0.0,0.0,0.0,0.0,0.0
2021-05-07,322.3800048828125,322.94000244140625,318.75,319.0799865722656,15916700,0.0,0.0,0.0,0.0,0.0,0.0
2021-05-10,314.3500061035156,314.5799865722656,304.8299865722656,305.9700012207031,24239200,0.0,0.0,0.0,0.0,0.0,0.0
2021-05-11,300.75,306.8399963378906,299.69000244140625,306.5299987792969,18920100,0.0,0.0,0.0,0.0,0.0,0.0
2021-05-12,301.1300048828125,304.9599914550781,298.19000244140625,302.54998779296875,24645500,0.0,0.0,0.0,0.0,0.0,0.0
2021-05-13,306.0799865722656,308.8599853515625,302.7699890136719,305.260009765625,18079200,0.0,0.0,0.0,0.0,0.0,0.0
2021-05-14,309.5400085449219,316.8500061035156,309.0799865722656,315.94000244140625,19245700,0.0,0.0,0.0,0.0,0.0,0.0
2021-05-17,313.54998779296875,315.67999267578125,311.5799865722656,315.4599914550781,15401300,0.0,0.0,0.0,0.0,0.0,0.0
2021-05-18,315.5899963378906,316.5,309.8099975585937,309.9599914550781,14522400,0.0,0.0,0.0,0.0,0.0,0.0
2021-05-19,304.19000244140625,314.6600036621094,303.57000732421875,313.5899963378906,19106200,0.0,0.0,0.0,0.0,0.0,0.0
2021-05-20,313.5799865722656,319.25,313.1600036621094,318.6099853515625,17320200,0.0,0.0,0.0,0.0,0.0,0.0
2021-05-21,319.2900085449219,319.92999267578125,315.8099975585937,316.2300109863281,13600900,0.0,0.0,0.0,0.0,0.0,0.0
2021-05-24,318.2099914550781,325.95001220703125,318.0299987792969,324.6300048828125,16445400,0.0,0.0,0.0,0.0,0.0,0.0
2021-05-25,327.0799865722656,329.17999267578125,324.79998779296875,327.7900085449219,16437000,0.0,0.0,0.0,0.0,0.0,0.0
2021-05-26,328.3500061035156,329.8299865722656,325.82000732421875,327.6600036621094,9686900,0.0,0.0,0.0,0.0,0.0,0.0
2021-05-27,328.0,333.7799987792969,326.760009765625,332.75,20477700,0.0,0.0,0.0,0.0,0.0,0.0
2021-05-28,331.0,332.8699951171875,328.3299865722656,328.7300109863281,12037400,0.0,0.0,0.0,0.0,0.0,0.0
2021-06-01,330.1499938964844,331.4200134277344,326.6400146484375,329.1300048828125,11765900,0.0,0.0,0.0,0.0,0.0,0.0
2021-06-02,330.3800048828125,331.8699951171875,327.1199951171875,329.1499938964844,11654300,0.0,0.0,0.0,0.0,0.0,0.0
2021-06-03,325.7799987792969,327.3800048828125,323.4800109863281,326.0400085449219,12610800,0.0,0.0,0.0,0.0,0.0,0.0
2021-06-04,325.8999938964844,332.4599914550781,325.17999267578125,330.3500061035156,13289400,0.0,0.0,0.0,0.0,0.0,0.0
2021-06-07,329.4800109863281,337.69000244140625,328.92999267578125,336.5799865722656,20136700,0.0,0.0,0.0,0.0,0.0,0.0
2021-06-08,336.70001220703125,338.29998779296875,332.239990234375,333.67999267578125,14580500,0.0,0.0,0.0,0.0,0.0,0.0
2021-06-09,335.739990234375,336.79998779296875,330.0,330.25,13727900,0.0,0.0,0.0,0.0,0.0,0.0
2021-06-10,330.7900085449219,333.94000244140625,328.54998779296875,332.4599914550781,13240200,0.0,0.0,0.0,0.0,0.0,0.0
2021-06-11,332.5799865722656,332.8299865722656,328.92999267578125,331.260009765625,13587900,0.0,0.0,0.0,0.0,0.0,0.0
2021-06-14,331.8999938964844,336.82000732421875,329.8099975585937,336.7699890136719,12250800,0.0,0.0,0.0,0.0,0.0,0.0
2021-06-15,336.989990234375,339.9200134277344,335.0299987792969,336.75,15795200,0.0,0.0,0.0,0.0,0.0,0.0
2021-06-16,336.70001220703125,337.54998779296875,328.7200012207031,331.0799865722656,17232200,0.0,0.0,0.0,0.0,0.0,0.0
2021-06-17,330.489990234375,337.9800109863281,330.1499938964844,336.510009765625,17794100,0.0,0.0,0.0,0.0,0.0,0.0
2021-06-18,334.5299987792969,336.1499938964844,329.0,329.6600036621094,23039500,0.0,0.0,0.0,0.0,0.0,0.0
2021-06-21,331.0899963378906,332.9200134277344,327.6499938964844,332.2900085449219,11337500,0.0,0.0,0.0,0.0,0.0,0.0
2021-06-22,332.69000244140625,339.9200134277344,332.6000061035156,339.0299987792969,15345300,0.0,0.0,0.0,0.0,0.0,0.0
2021-06-23,339.3500061035156,343.4200134277344,338.20001220703125,340.5899963378906,14817800,0.0,0.0,0.0,0.0,0.0,0.0
2021-06-24,341.8500061035156,344.8999938964844,341.7900085449219,343.17999267578125,12329100,0.0,0.0,0.0,0.0,0.0,0.0
2021-06-25,342.5899963378906,344.1199951171875,339.67999267578125,341.3699951171875,14594400,0.0,0.0,0.0,0.0,0.0,0.0
2021-06-28,342.4599914550781,358.1400146484375,341.7699890136719,355.6400146484375,29156100,0.0,0.0,0.0,0.0,0.0,0.0
2021-06-29,356.2699890136719,356.739990234375,349.04998779296875,351.8900146484375,21417300,0.0,0.0,0.0,0.0,0.0,0.0
2021-06-30,352.1700134277344,352.9200134277344,347.1700134277344,347.7099914550781,15107500,0.0747042503207922,0.0747042503207922,0.0747042503207922,0.0747042503207922,0.0,1.0
2021-07-01,346.82000732421875,354.6700134277344,346.5,354.3900146484375,17137000,0.0,0.0,0.0,0.0,0.0,0.0
2021-07-02,355.1000061035156,356.44000244140625,352.6199951171875,354.70001220703125,11521300,0.0,0.0,0.0,0.0,0.0,0.0
2021-07-06,356.5,358.7900085449219,349.17999267578125,352.7799987792969,13488500,0.0,0.0,0.0,0.0,0.0,0.0
2021-07-07,355.260009765625,356.489990234375,350.0,350.489990234375,14218900,0.0,0.0,0.0,0.0,0.0,0.0
2021-07-08,345.7300109863281,348.3299865722656,342.5599975585937,345.6499938964844,14406500,0.0,0.0,0.0,0.0,0.0,0.0
2021-07-09,345.32000732421875,350.7099914550781,345.2699890136719,350.4200134277344,13018700,0.0,0.0,0.0,0.0,0.0,0.0
2021-07-12,351.2300109863281,354.19000244140625,349.6400146484375,353.1600036621094,10018600,0.0,0.0,0.0,0.0,0.0,0.0
2021-07-13,351.5,358.489990234375,348.79998779296875,352.0899963378906,11456000,0.0,0.0,0.0,0.0,0.0,0.0
2021-07-14,354.5599975585937,355.20001220703125,346.7300109863281,347.6300048828125,13894200,0.0,0.0,0.0,0.0,0.0,0.0
2021-07-15,349.2300109863281,349.2300109863281,340.2200012207031,344.4599914550781,14781600,0.0,0.0,0.0,0.0,0.0,0.0
2021-07-16,344.9100036621094,345.989990234375,340.1400146484375,341.1600036621094,11026100,0.0,0.0,0.0,0.0,0.0,0.0
2021-07-19,337.57000732421875,339.7900085449219,334.5400085449219,336.95001220703125,14372300,0.0,0.0,0.0,0.0,0.0,0.0
2021-07-20,338.79998779296875,343.45001220703125,334.5,341.6600036621094,11024300,0.0,0.0,0.0,0.0,0.0,0.0
2021-07-21,341.5,346.5199890136719,341.25,346.2300109863281,9279700,0.0,0.0,0.0,0.0,0.0,0.0
2021-07-22,346.67999267578125,351.5400085449219,345.2099914550781,351.19000244140625,12385400,0.0,0.0,0.0,0.0,0.0,0.0
2021-07-23,360.9100036621094,375.3299865722656,357.19000244140625,369.7900085449219,33694300,0.0,0.0,0.0,0.0,0.0,0.0
2021-07-26,369.5799865722656,374.4400024414063,368.2200012207031,372.4599914550781,14925200,0.0,0.0,0.0,0.0,0.0,0.0
2021-07-27,371.9100036621094,373.1499938964844,364.5499877929688,367.80999755859375,15705400,0.0,0.0,0.0,0.0,0.0,0.0
2021-07-28,374.55999755859375,377.5499877929688,366.9299926757813,373.2799987792969,29676900,0.4003909705206752,0.4003909705206752,0.4003909705206752,0.4003909705206752,0.0,1.0
2021-07-29,361.0,365.5199890136719,356.739990234375,358.32000732421875,33413200,0.0,0.0,0.0,0.0,0.0,0.0
2021-07-30,354.0,360.7300109863281,352.94000244140625,356.29998779296875,15976200,0.0,0.0,0.0,0.0,0.0,0.0
2021-08-02,358.1000061035156,359.3999938964844,350.739990234375,351.95001220703125,13180400,0.0,0.0,0.0,0.0,0.0,0.0
2021-08-03,352.7300109863281,353.7699890136719,347.70001220703125,351.239990234375,12406100,0.0,0.0,0.0,0.0,0.0,0.0
2021-08-04,352.4200134277344,360.4800109863281,351.510009765625,358.9200134277344,14180600,0.0,0.0,0.0,0.0,0.0,0.0
2021-08-05,359.6400146484375,363.8999938964844,356.8999938964844,362.9700012207031,10247200,0.0,0.0,0.0,0.0,0.0,0.0
2021-08-06,361.3999938964844,365.1499938964844,361.3999938964844,363.510009765625,8925000,0.0,0.0,0.0,0.0,0.0,0.0
2021-08-09,363.760009765625,365.7799987792969,360.75,361.6099853515625,7798900,0.0,0.0,0.0,0.0,0.0,0.0
2021-08-10,361.8299865722656,364.1000061035156,359.0400085449219,361.1300048828125,7469900,0.0,0.0,0.0,0.0,0.0,0.0
2021-08-11,362.1000061035156,362.3599853515625,357.8099975585937,359.9599914550781,8400300,0.0,0.0,0.0,0.0,0.0,0.0
2021-08-12,358.45001220703125,363.0,357.1099853515625,362.6499938964844,7170700,0.0,0.0,0.0,0.0,0.0,0.0
2021-08-13,362.9700012207031,364.6600036621094,361.4800109863281,363.1799926757813,7195700,0.0,0.0,0.0,0.0,0.0,0.0
2021-08-16,362.5199890136719,366.9500122070313,357.3800048828125,366.55999755859375,11222100,0.0,0.0,0.0,0.0,0.0,0.0
2021-08-17,362.9800109863281,364.6700134277344,355.07000732421875,358.45001220703125,12328700,0.0,0.0,0.0,0.0,0.0,0.0
2021-08-18,356.25,359.8599853515625,355.1499938964844,355.45001220703125,10042400,0.0,0.0,0.0,0.0,0.0,0.0
2021-08-19,351.3500061035156,357.57000732421875,351.0,355.1199951171875,12004500,0.0,0.0,0.0,0.0,0.0,0.0
2021-08-20,354.6000061035156,359.989990234375,353.3099975585937,359.3699951171875,8697700,0.0,0.0,0.0,0.0,0.0,0.0
2021-08-23,359.44000244140625,365.6900024414063,359.1000061035156,363.3500061035156,10942000,0.0,0.0,0.0,0.0,0.0,0.0
2021-08-24,363.6600036621094,367.9599914550781,361.8399963378906,365.510009765625,9235100,0.0,0.0,0.0,0.0,0.0,0.0
2021-08-25,365.6000061035156,370.8599853515625,365.3999938964844,368.3900146484375,9684500,0.0,0.0,0.0,0.0,0.0,0.0
2021-08-26,368.3800048828125,369.4400024414063,364.1300048828125,364.3800048828125,7888700,0.06337718944996595,0.06337718944996595,0.06337718944996595,0.06337718944996595,0.0,1.0
2021-08-27,365.1000061035156,373.739990234375,364.0799865722656,372.6300048828125,11219100,0.0,0.0,0.0,0.0,0.0,0.0
2021-08-30,372.55999755859375,381.489990234375,370.5199890136719,380.6600036621094,13547300,0.0,0.0,0.0,0.0,0.0,0.0
2021-08-31,379.9500122070313,382.760009765625,378.7999877929688,379.3800048828125,12345400,0.0,0.0,0.0,0.0,0.0,0.0
2021-09-01,379.5899963378906,384.3299865722656,378.80999755859375,382.0499877929688,11567200,0.0,0.0,0.0,0.0,0.0,0.0
2021-09-02,381.5,381.75,374.05999755859375,375.2799987792969,14832900,0.0,0.0,0.0,0.0,0.0,0.0
2021-09-03,374.75,377.1600036621094,373.1099853515625,376.260009765625,7509600,0.0,0.0,0.0,0.0,0.0,0.0
2021-09-07,375.8800048828125,382.9599914550781,373.1499938964844,382.1799926757813,10793800,0.0,0.0,0.0,0.0,0.0,0.0
2021-09-08,380.1600036621094,380.8699951171875,374.7900085449219,377.5700073242188,11067200,0.0,0.0,0.0,0.0,0.0,0.0
2021-09-09,377.6400146484375,379.8299865722656,376.5700073242188,378.0,9098900,0.0,0.0,0.0,0.0,0.0,0.0
2021-09-10,381.3599853515625,383.7900085449219,378.260009765625,378.6900024414063,11549600,0.0,0.0,0.0,0.0,0.0,0.0
2021-09-13,381.6799926757813,381.75,374.3500061035156,376.510009765625,13026300,0.0,0.0,0.0,0.0,0.0,0.0
2021-09-14,377.3999938964844,378.5899963378906,375.1099853515625,376.5299987792969,8711600,0.0,0.0,0.0,0.0,0.0,0.0
2021-09-15,377.0,377.55999755859375,367.6700134277344,373.9200134277344,17940300,0.0,0.0,0.0,0.0,0.0,0.0
2021-09-16,372.7900085449219,373.55999755859375,369.7099914550781,373.05999755859375,11934200,0.0,0.0,0.0,0.0,0.0,0.0
2021-09-17,371.4100036621094,371.4100036621094,361.5899963378906,364.7200012207031,26299000,0.0,0.0,0.0,0.0,0.0,0.0
2021-09-20,359.29998779296875,361.0299987792969,349.79998779296875,355.70001220703125,19822800,0.0,0.0,0.0,0.0,0.0,0.0
2021-09-21,358.5,360.0400085449219,355.19000244140625,357.4800109863281,11751900,0.0,0.0,0.0,0.0,0.0,0.0
2021-09-22,347.2300109863281,349.8399963378906,340.69000244140625,343.2099914550781,43692900,0.0,0.0,0.0,0.0,0.0,0.0
2021-09-23,345.3599853515625,349.6700134277344,343.0,345.9599914550781,21806300,0.0,0.0,0.0,0.0,0.0,0.0
2021-09-24,343.239990234375,354.3500061035156,342.3699951171875,352.9599914550781,18801900,0.0,0.0,0.0,0.0,0.0,0.0
2021-09-27,349.8099975585937,355.1499938964844,347.0799865722656,353.5799865722656,15205800,0.0,0.0,0.0,0.0,0.0,0.0
2021-09-28,347.9700012207031,349.6000061035156,338.9200134277344,340.6499938964844,21710300,0.0,0.0,0.0,0.0,0.0,0.0
2021-09-29,343.1499938964844,345.2300109863281,338.8800048828125,339.6099853515625,14452200,0.0,0.0,0.0,0.0,0.0,0.0
2021-09-30,340.45001220703125,342.79998779296875,338.1499938964844,339.3900146484375,16547100,0.0,0.0,0.0,0.0,0.0,0.0
2021-10-01,341.6099853515625,345.0199890136719,338.6400146484375,343.010009765625,14905300,0.0,0.0,0.0,0.0,0.0,0.0
2021-10-04,335.5299987792969,335.94000244140625,322.70001220703125,326.2300109863281,42885000,0.0,0.0,0.0,0.0,0.0,0.0
2021-10-05,328.5799865722656,335.17999267578125,326.1600036621094,332.9599914550781,35377900,0.0,0.0,0.0,0.0,0.0,0.0
2021-10-06,329.739990234375,334.3800048828125,325.79998779296875,333.6400146484375,26443000,0.0,0.0,0.0,0.0,0.0,0.0
2021-10-07,337.0,338.8399963378906,328.9800109863281,329.2200012207031,28307500,0.0,0.0,0.0,0.0,0.0,0.0
2021-10-08,331.510009765625,333.3999938964844,328.7099914550781,330.04998779296875,15946100,0.0,0.0,0.0,0.0,0.0,0.0
2021-10-11,327.6300048828125,330.4599914550781,325.3099975585937,325.45001220703125,14708200,0.0,0.0,0.0,0.0,0.0,0.0
2021-10-12,323.0299987792969,324.3800048828125,317.3699951171875,323.7699890136719,31658700,0.0,0.0,0.0,0.0,0.0,0.0
2021-10-13,326.9700012207031,327.0,322.6600036621094,324.5400085449219,14761500,0.0,0.0,0.0,0.0,0.0,0.0
2021-10-14,328.3599853515625,330.5199890136719,327.1000061035156,328.5299987792969,14302200,0.0,0.0,0.0,0.0,0.0,0.0
2021-10-15,328.67999267578125,329.07000732421875,322.510009765625,324.760009765625,21596400,0.0,0.0,0.0,0.0,0.0,0.0
2021-10-18,328.95001220703125,335.8900146484375,327.5,335.3399963378906,21585000,0.0,0.0,0.0,0.0,0.0,0.0
2021-10-19,339.6499938964844,342.4599914550781,337.2799987792969,339.989990234375,18786300,0.0,0.0,0.0,0.0,0.0,0.0
2021-10-20,343.45001220703125,343.9800109863281,339.45001220703125,340.7799987792969,13639500,0.0,0.0,0.0,0.0,0.0,0.0
2021-10-21,340.2799987792969,342.3099975585937,337.79998779296875,341.8800048828125,16354400,0.0,0.0,0.0,0.0,0.0,0.0
2021-10-22,326.3500061035156,329.6300048828125,321.1099853515625,324.6099853515625,35224500,0.0,0.0,0.0,0.0,0.0,0.0
2021-10-25,320.29998779296875,329.5599975585937,319.7200012207031,328.69000244140625,38409000,0.0,0.0,0.0,0.0,0.0,0.0
2021-10-26,328.260009765625,330.2099914550781,309.6000061035156,315.8099975585937,65654000,0.0,0.0,0.0,0.0,0.0,0.0
2021-10-27,314.19000244140625,319.25,312.0599975585937,312.2200012207031,29971800,0.0,0.0,0.0,0.0,0.0,0.0
2021-10-28,312.989990234375,325.5199890136719,308.1099853515625,316.9200134277344,50806800,0.12304516835138202,0.24609033670276403,0.12455911189317703,0.121531224809587,0.0021410394894736695,2.0
2021-10-29,320.19000244140625,326.0,319.6000061035156,323.57000732421875,37059400,0.0,0.0,0.0,0.0,0.0,0.0
2021-11-01,326.0400085449219,333.45001220703125,326.0,329.9800109863281,31518900,0.03279175981879234,0.03279175981879234,0.03279175981879234,0.03279175981879234,0.0,1.0
2021-11-02,331.3800048828125,334.7900085449219,323.79998779296875,328.0799865722656,28353000,0.0,0.0,0.0,0.0,0.0,0.0
2021-11-03,327.489990234375,332.1499938964844,323.20001220703125,331.6199951171875,20786500,0.0,0.0,0.0,0.0,0.0,0.0
2021-11-04,334.010009765625,337.2699890136719,332.6499938964844,335.8500061035156,22495300,0.0,0.0,0.0,0.0,0.0,0.0
2021-11-05,340.3099975585937,346.7900085449219,339.6400146484375,341.1300048828125,26872800,0.0,0.0,0.0,0.0,0.0,0.0
2021-11-08,344.4200134277344,344.7900085449219,338.3399963378906,338.6199951171875,18342500,0.0,0.0,0.0,0.0,0.0,0.0
2021-11-09,340.0,341.3099975585937,334.4700012207031,335.3699951171875,17556700,0.0,0.0,0.0,0.0,0.0,0.0
2021-11-10,332.489990234375,333.19000244140625,325.510009765625,327.6400146484375,21872600,0.0,0.0,0.0,0.0,0.0,0.0
2021-11-11,329.82000732421875,332.4599914550781,327.0,327.739990234375,12376600,0.0,0.0,0.0,0.0,0.0,0.0
2021-11-12,330.17999267578125,341.8599853515625,329.7799987792969,340.8900146484375,25414300,0.0,0.0,0.0,0.0,0.0,0.0
2021-11-15,344.3399963378906,353.6499938964844,343.20001220703125,347.5599975585937,25076600,0.0,0.0,0.0,0.0,0.0,0.0
2021-11-16,343.8299865722656,346.6499938964844,340.8699951171875,342.9599914550781,18181100,0.0,0.0,0.0,0.0,0.0,0.0
2021-11-17,344.239990234375,347.29998779296875,340.1000061035156,340.7699890136719,13602800,0.0,0.0,0.0,0.0,0.0,0.0
2021-11-18,339.7200012207031,342.4599914550781,335.29998779296875,338.69000244140625,17487200,0.0,0.0,0.0,0.0,0.0,0.0
2021-11-19,342.20001220703125,352.1000061035156,339.8999938964844,345.29998779296875,26488500,0.0,0.0,0.0,0.0,0.0,0.0
2021-11-22,349.04998779296875,353.8299865722656,340.510009765625,341.010009765625,27116800,0.19480271684005857,0.19480271684005857,0.19480271684005857,0.19480271684005857,0.0,1.0
2021-11-23,338.92999267578125,341.3999938964844,333.5,337.25,17225000,0.0,0.0,0.0,0.0,0.0,0.0
2021-11-24,336.0,341.7799987792969,332.8099975585937,341.0599975585937,13566200,0.0,0.0,0.0,0.0,0.0,0.0
2021-11-26,335.79998779296875,337.75,331.8999938964844,333.1199951171875,14750700,0.0,0.0,0.0,0.0,0.0,0.0
2021-11-29,336.8900146484375,340.6700134277344,335.3099975585937,338.0299987792969,16650900,0.0,0.0,0.0,0.0,0.0,0.0
2021-11-30,335.0,335.8099975585937,323.42999267578125,324.4599914550781,25390000,0.0,0.0,0.0,0.0,0.0,0.0
2021-12-01,330.2900085449219,330.5,310.2900085449219,310.6000061035156,30329600,0.0,0.0,0.0,0.0,0.0,0.0
2021-12-02,311.3999938964844,314.6000061035156,307.20001220703125,310.3900146484375,24396200,0.0,0.0,0.0,0.0,0.0,0.0
2021-12-03,313.7300109863281,313.75,299.5,306.8399963378906,27471000,0.0,0.0,0.0,0.0,0.0,0.0
2021-12-06,308.1300048828125,320.1000061035156,306.3399963378906,317.8699951171875,21758300,0.0,0.0,0.0,0.0,0.0,0.0
2021-12-07,321.57000732421875,326.5400085449219,321.0,322.8099975585937,18794000,0.13514003809541464,0.13514003809541464,0.13514003809541464,0.13514003809541464,0.0,1.0
2021-12-08,325.0,332.75,323.07000732421875,330.5599975585937,19937700,0.0,0.0,0.0,0.0,0.0,0.0
2021-12-09,329.5400085449219,336.1300048828125,328.0,329.82000732421875,16879200,0.0,0.0,0.0,0.0,0.0,0.0
2021-12-10,332.5599975585937,335.0299987792969,326.3699951171875,329.75,14528000,0.06404828373342752,0.06404828373342752,0.06404828373342752,0.06404828373342752,0.0,1.0
2021-12-13,330.95001220703125,341.0899963378906,329.5899963378906,334.489990234375,22948700,0.0,0.0,0.0,0.0,0.0,0.0
2021-12-14,328.04998779296875,335.70001220703125,327.6499938964844,333.739990234375,20461000,0.0,0.0,0.0,0.0,0.0,0.0
2021-12-15,332.489990234375,342.1099853515625,323.9800109863281,341.6600036621094,24681300,0.0,0.0,0.0,0.0,0.0,0.0
2021-12-16,338.9800109863281,344.4599914550781,333.739990234375,334.8999938964844,22635000,0.0,0.0,0.0,0.0,0.0,0.0
2021-12-17,332.79998779296875,337.1099853515625,330.75,333.7900085449219,40012600,0.0,0.0,0.0,0.0,0.0,0.0
2021-12-20,329.7799987792969,329.8999938964844,322.5299987792969,325.45001220703125,17901800,0.0,0.0,0.0,0.0,0.0,0.0
2021-12-21,326.4100036621094,336.0,323.75,334.20001220703125,16116800,0.0,0.0,0.0,0.0,0.0,0.0
2021-12-22,333.79998779296875,334.510009765625,328.260009765625,330.45001220703125,16764600,0.15154232643544674,0.15154232643544674,0.15154232643544674,0.15154232643544674,0.0,1.0
2021-12-23,330.1000061035156,336.6700134277344,328.3599853515625,335.239990234375,13987700,0.0,0.0,0.0,0.0,0.0,0.0
2021-12-27,338.8500061035156,347.8699951171875,338.010009765625,346.17999267578125,17795000,0.0,0.0,0.0,0.0,0.0,0.0
2021-12-28,346.6300048828125,352.7099914550781,345.20001220703125,346.2200012207031,16637600,0.0,0.0,0.0,0.0,0.0,0.0
2021-12-29,346.9100036621094,349.69000244140625,341.6400146484375,342.94000244140625,10747000,0.0,0.0,0.0,0.0,0.0,0.0
2021-12-30,344.0,347.2300109863281,343.2200012207031,344.3599853515625,10593300,0.36508644837886095,0.36508644837886095,0.36508644837886095,0.36508644837886095,0.0,1.0
2021-12-31,343.0199890136719,343.44000244140625,336.2699890136719,336.3500061035156,12870500,0.0,0.0,0.0,0.0,0.0,0.0
2022-01-03,338.29998779296875,341.0799865722656,337.19000244140625,338.5400085449219,14537900,0.06841639429330826,0.06841639429330826,0.06841639429330826,0.06841639429330826,0.0,1.0
2022-01-04,339.95001220703125,343.0899963378906,331.8699951171875,336.5299987792969,15998000,0.0,0.0,0.0,0.0,0.0,0.0
2022-01-05,333.0199890136719,335.760009765625,323.8399963378906,324.1700134277344,20564500,0.0,0.0,0.0,0.0,0.0,0.0
2022-01-06,322.82000732421875,339.1700134277344,322.7200012207031,332.4599914550781,27962800,0.0,0.0,0.0,0.0,0.0,0.0
2022-01-07,332.739990234375,337.0,328.8800048828125,331.7900085449219,14722000,0.0,0.0,0.0,0.0,0.0,0.0
2022-01-10,325.3099975585937,328.3399963378906,315.42999267578125,328.07000732421875,24942400,0.0,0.0,0.0,0.0,0.0,0.0
2022-01-11,326.7799987792969,334.6300048828125,325.2799987792969,334.3699951171875,16226800,0.0,0.0,0.0,0.0,0.0,0.0
2022-01-12,335.17999267578125,336.3699951171875,330.0299987792969,333.260009765625,14104900,0.0,0.0,0.0,0.0,0.0,0.0
2022-01-13,334.9800109863281,335.6300048828125,325.760009765625,326.4800109863281,14797100,0.0,0.0,0.0,0.0,0.0,0.0
2022-01-14,321.7900085449219,332.7300109863281,321.2099914550781,331.8999938964844,16868500,0.0,0.0,0.0,0.0,0.0,0.0
2022-01-18,323.2900085449219,324.2099914550781,317.6400146484375,318.1499938964844,22645600,0.0,0.0,0.0,0.0,0.0,0.0
2022-01-19,319.5799865722656,327.1000061035156,319.3299865722656,319.5899963378906,20814700,0.0,0.0,0.0,0.0,0.0,0.0
2022-01-20,323.8999938964844,327.82000732421875,315.9800109863281,316.5599975585937,16925000,0.0,0.0,0.0,0.0,0.0,0.0
2022-01-21,314.8099975585937,318.3099975585937,303.0400085449219,303.1700134277344,28710700,0.0,0.0,0.0,0.0,0.0,0.0
2022-01-24,297.8399963378906,309.5299987792969,289.010009765625,308.7099914550781,38878100,0.0,0.0,0.0,0.0,0.0,0.0
2022-01-25,299.95001220703125,306.2300109863281,297.5799865722656,300.1499938964844,25108500,0.0,0.0,0.0,0.0,0.0,0.0
2022-01-26,307.010009765625,307.510009765625,290.8500061035156,294.6300048828125,28348800,0.0,0.0,0.0,0.0,0.0,0.0
2022-01-27,297.75,301.7099914550781,294.260009765625,294.6400146484375,21629900,0.0,0.0,0.0,0.0,0.0,0.0
2022-01-28,295.6199951171875,301.8999938964844,293.0299987792969,301.7099914550781,21871600,0.0,0.0,0.0,0.0,0.0,0.0
2022-01-31,300.67999267578125,313.7900085449219,299.32000732421875,313.260009765625,21579500,0.0,0.0,0.0,0.0,0.0,0.0
2022-02-01,314.5599975585937,319.6600036621094,312.1199951171875,319.0,18023800,-0.3639844208955765,-0.3639844208955765,-0.3639844208955765,-0.3639844208955765,0.0,1.0
2022-02-02,327.82000732421875,328.0,316.8699951171875,323.0,58458300,-0.0015067290514707565,-0.003013458102941513,0.0073098428547382355,-0.010323300957679749,0.012468515563398367,2.0
2022-02-03,244.6499938964844,248.0,235.75,237.75999450683597,188119900,-0.24812234076671302,-0.9924893630668521,0.9332544766366482,-0.9679144858382642,0.9098120797479715,4.0
2022-02-04,234.97000122070312,242.6100006103516,230.1100006103516,237.08999633789065,89342200,0.8501416184008121,0.8501416184008121,0.8501416184008121,0.8501416184008121,0.0,1.0
2022-02-07,237.6999969482422,238.3000030517578,224.00999450683597,224.91000366210935,88613800,-0.21323185227811337,-0.21323185227811337,-0.21323185227811337,-0.21323185227811337,0.0,1.0
2022-02-08,220.8500061035156,225.7700042724609,216.1499938964844,220.17999267578125,94729700,0.0,0.0,0.0,0.0,0.0,0.0
2022-02-09,224.1999969482422,233.3699951171875,222.2100067138672,232.0,86563300,0.0,0.0,0.0,0.0,0.0,0.0
2022-02-10,228.2700042724609,235.0,226.6999969482422,228.07000732421875,49310400,0.0,0.0,0.0,0.0,0.0,0.0
2022-02-11,228.4600067138672,230.4199981689453,218.7700042724609,219.5500030517578,46156900,0.0,0.0,0.0,0.0,0.0,0.0
2022-02-14,219.30999755859372,221.0,214.77999877929688,217.6999969482422,38184000,0.0,0.0,0.0,0.0,0.0,0.0
2022-02-15,220.47000122070312,221.1499938964844,215.05999755859372,221.0,42685500,0.0,0.0,0.0,0.0,0.0,0.0
2022-02-16,212.41000366210935,217.4600067138672,212.3600006103516,216.5399932861328,45817500,0.0,0.0,0.0,0.0,0.0,0.0
2022-02-17,214.0200042724609,217.5,207.16000366210935,207.7100067138672,38747500,0.0,0.0,0.0,0.0,0.0,0.0
2022-02-18,209.38999938964844,210.75,205.17999267578125,206.16000366210935,37128400,0.0,0.0,0.0,0.0,0.0,0.0
2022-02-22,202.33999633789065,207.47999572753903,200.05999755859372,202.0800018310547,39852400,0.0,0.0,0.0,0.0,0.0,0.0
2022-02-23,204.16000366210935,206.94000244140625,198.0500030517578,198.4499969482422,44481400,0.0,0.0,0.0,0.0,0.0,0.0
2022-02-24,191.05999755859372,208.3500061035156,190.22000122070312,207.6000061035156,49957200,0.0,0.0,0.0,0.0,0.0,0.0
2022-02-25,204.94000244140625,211.32000732421875,203.17999267578125,210.47999572753903,37627600,0.0,0.0,0.0,0.0,0.0,0.0
2022-02-28,207.67999267578125,213.1499938964844,206.8300018310547,211.02999877929688,34239800,0.0,0.0,0.0,0.0,0.0,0.0
2022-03-01,209.8699951171875,211.75,202.22000122070312,203.4900054931641,27094900,0.0,0.0,0.0,0.0,0.0,0.0
2022-03-02,204.77999877929688,209.1499938964844,202.0200042724609,208.1100006103516,29452100,0.0,0.0,0.0,0.0,0.0,0.0
2022-03-03,209.0200042724609,209.0800018310547,201.4199981689453,202.97000122070312,27263500,0.0,0.0,0.0,0.0,0.0,0.0
2022-03-04,202.3699951171875,205.88999938964844,198.7899932861328,200.05999755859372,32130900,0.0,0.0,0.0,0.0,0.0,0.0
2022-03-07,200.7899932861328,200.88999938964844,187.27999877929688,187.47000122070312,38560600,0.0,0.0,0.0,0.0,0.0,0.0
2022-03-08,187.8500061035156,196.6999969482422,186.1100006103516,190.2899932861328,37508100,0.0,0.0,0.0,0.0,0.0,0.0
2022-03-09,195.7400054931641,199.1000061035156,193.9199981689453,198.5,31894700,0.0,0.0,0.0,0.0,0.0,0.0
2022-03-10,194.83999633789065,196.27999877929688,191.07000732421875,195.2100067138672,24853000,0.0,0.0,0.0,0.0,0.0,0.0
2022-03-11,192.63999938964844,193.55999755859372,186.6699981689453,187.6100006103516,34694500,0.0,0.0,0.0,0.0,0.0,0.0
2022-03-14,187.02999877929688,192.2899932861328,185.82000732421875,186.6300048828125,31010500,0.0,0.0,0.0,0.0,0.0,0.0
2022-03-15,190.8000030517578,192.27999877929688,185.91000366210935,192.02999877929688,31721700,-0.38973357528448105,-0.38973357528448105,-0.38973357528448105,-0.38973357528448105,0.0,1.0
2022-03-16,194.6999969482422,203.72999572753903,194.5200042724609,203.6300048828125,40640300,0.0,0.0,0.0,0.0,0.0,0.0
2022-03-17,201.6999969482422,208.0399932861328,201.1100006103516,207.83999633789065,29499700,0.0,0.0,0.0,0.0,0.0,0.0
2022-03-18,206.6999969482422,216.8000030517578,206.0,216.4900054931641,52128000,0.0,0.0,0.0,0.0,0.0,0.0
2022-03-21,214.5,214.7100067138672,207.6300048828125,211.4900054931641,30142300,0.0,0.0,0.0,0.0,0.0,0.0
2022-03-22,211.3699951171875,219.4600067138672,210.17999267578125,216.6499938964844,31998800,0.0,0.0,0.0,0.0,0.0,0.0
2022-03-23,213.3300018310547,216.8000030517578,212.16000366210935,213.4600067138672,23717300,0.0,0.0,0.0,0.0,0.0,0.0
2022-03-24,215.0,220.6699981689453,214.7899932861328,219.57000732421875,31502300,0.0,0.0,0.0,0.0,0.0,0.0
2022-03-25,220.50999450683597,225.5,218.88999938964844,221.82000732421875,40039000,0.0,0.0,0.0,0.0,0.0,0.0
2022-03-28,222.1300048828125,224.0399932861328,219.5399932861328,223.58999633789065,26224100,0.0,0.0,0.0,0.0,0.0,0.0
2022-03-29,226.07000732421875,230.88999938964844,225.2899932861328,229.8600006103516,31417900,0.0,0.0,0.0,0.0,0.0,0.0
2022-03-30,228.91000366210935,231.1499938964844,226.7100067138672,227.8500061035156,25588000,0.0,0.0,0.0,0.0,0.0,0.0
2022-03-31,228.4499969482422,228.4900054931641,222.25999450683597,222.3600006103516,24192300,0.0,0.0,0.0,0.0,0.0,0.0
2022-04-01,224.5500030517578,227.27999877929688,222.6999969482422,224.8500061035156,19544800,0.0,0.0,0.0,0.0,0.0,0.0
2022-04-04,225.97999572753903,234.3500061035156,225.8600006103516,233.88999938964844,28054800,0.0,0.0,0.0,0.0,0.0,0.0
2022-04-05,234.0800018310547,236.8600006103516,231.0200042724609,231.83999633789065,29727200,0.0,0.0,0.0,0.0,0.0,0.0
2022-04-06,226.91000366210935,228.9900054931641,221.41000366210935,223.3000030517578,28995100,0.0,0.0,0.0,0.0,0.0,0.0
2022-04-07,223.92999267578125,225.5200042724609,218.55999755859372,222.9499969482422,21037200,0.0,0.0,0.0,0.0,0.0,0.0
2022-04-08,222.3800048828125,225.1300048828125,220.02999877929688,222.3300018310547,18375700,0.0,0.0,0.0,0.0,0.0,0.0
2022-04-11,218.4199981689453,220.6100006103516,215.22000122070312,216.4600067138672,20516600,0.0,0.0,0.0,0.0,0.0,0.0
2022-04-12,220.2400054931641,222.02999877929688,213.1300048828125,214.13999938964844,20128800,0.0,0.0,0.0,0.0,0.0,0.0
2022-04-13,211.82000732421875,216.6100006103516,211.3300018310547,214.9900054931641,19231800,0.0,0.0,0.0,0.0,0.0,0.0
2022-04-14,214.88999938964844,214.9900054931641,210.0,210.17999267578125,18379500,0.0,0.0,0.0,0.0,0.0,0.0
2022-04-18,210.0,213.3800048828125,208.3000030517578,210.7700042724609,16580800,0.0,0.0,0.0,0.0,0.0,0.0
2022-04-19,210.5200042724609,218.42999267578125,209.0,217.30999755859372,20089900,0.0,0.0,0.0,0.0,0.0,0.0
2022-04-20,213.6100006103516,214.16000366210935,198.9199981689453,200.4199981689453,43036500,0.0,0.0,0.0,0.0,0.0,0.0
2022-04-21,201.6000061035156,202.97000122070312,185.5800018310547,188.07000732421875,49954100,0.0,0.0,0.0,0.0,0.0,0.0
2022-04-22,190.3699951171875,192.72000122070312,183.2700042724609,184.1100006103516,36426800,0.0,0.0,0.0,0.0,0.0,0.0
2022-04-25,182.72999572753903,187.17999267578125,181.66000366210935,186.9900054931641,29281100,0.0,0.0,0.0,0.0,0.0,0.0
2022-04-26,186.6300048828125,187.19000244140625,179.5,180.9499969482422,31747400,0.0,0.0,0.0,0.0,0.0,0.0
2022-04-27,174.42999267578125,181.2100067138672,169.0,174.9499969482422,71062900,0.0,0.0,0.0,0.0,0.0,0.0
2022-04-28,202.9199981689453,208.52999877929688,192.8999938964844,205.72999572753903,100890600,0.0,0.0,0.0,0.0,0.0,0.0
2022-04-29,204.4600067138672,212.47999572753903,199.8999938964844,200.47000122070312,49193400,0.0,0.0,0.0,0.0,0.0,0.0
2022-05-02,201.1699981689453,211.8800048828125,200.9900054931641,211.1300048828125,49915300,0.0,0.0,0.0,0.0,0.0,0.0
2022-05-03,210.4499969482422,214.8999938964844,208.08999633789065,212.02999877929688,41556300,0.0,0.0,0.0,0.0,0.0,0.0
2022-05-04,210.6499938964844,224.3000030517578,206.9600067138672,223.41000366210935,41375900,0.0,0.0,0.0,0.0,0.0,0.0
2022-05-05,218.7400054931641,220.1699981689453,206.16000366210935,208.27999877929688,41129200,0.0,0.0,0.0,0.0,0.0,0.0
2022-05-06,207.33999633789065,209.3800048828125,201.0200042724609,203.7700042724609,34747200,0.0,0.0,0.0,0.0,0.0,0.0
2022-05-09,199.83999633789065,202.57000732421875,195.5800018310547,196.2100067138672,36303200,0.0,0.0,0.0,0.0,0.0,0.0
2022-05-10,199.50999450683597,202.9600067138672,194.19000244140625,197.6499938964844,34452500,0.0,0.0,0.0,0.0,0.0,0.0
2022-05-11,196.3300018310547,200.6699981689453,188.2700042724609,188.7400054931641,31153400,0.2385682761669159,0.2385682761669159,0.2385682761669159,0.2385682761669159,0.0,1.0
2022-05-12,187.05999755859372,198.0500030517578,184.77999877929688,191.2400054931641,38262200,0.0,0.0,0.0,0.0,0.0,0.0
2022-05-13,192.5800018310547,199.88999938964844,191.27999877929688,198.6199951171875,24549800,0.0,0.0,0.0,0.0,0.0,0.0
2022-05-16,197.0500030517578,205.3699951171875,195.92999267578125,200.0399932861328,27112600,0.0,0.0,0.0,0.0,0.0,0.0
2022-05-17,202.1199951171875,205.4600067138672,198.3600006103516,202.6199951171875,24872700,0.0,0.0,0.0,0.0,0.0,0.0
2022-05-18,200.0,201.0,191.6300048828125,192.2400054931641,23960000,0.0,0.0,0.0,0.0,0.0,0.0
2022-05-19,191.1999969482422,195.2899932861328,189.6000061035156,191.2899932861328,24446900,0.0,0.0,0.0,0.0,0.0,0.0
2022-05-20,194.97000122070312,197.91000366210935,187.8699951171875,193.5399932861328,31465600,0.0,0.0,0.0,0.0,0.0,0.0
2022-05-23,195.19000244140625,196.9900054931641,191.2400054931641,196.22999572753903,25059200,0.0,0.0,0.0,0.0,0.0,0.0
2022-05-24,180.5500030517578,183.67999267578125,176.11000061035156,181.27999877929688,50406300,0.0,0.0,0.0,0.0,0.0,0.0
2022-05-25,180.3999938964844,185.4499969482422,179.32000732421875,183.8300018310547,28030200,0.0,0.0,0.0,0.0,0.0,0.0
2022-05-26,182.8800048828125,192.8300018310547,182.25999450683597,191.6300048828125,23056500,0.0,0.0,0.0,0.0,0.0,0.0
2022-05-27,191.3600006103516,195.3300018310547,189.8000030517578,195.1300048828125,22562700,0.0,0.0,0.0,0.0,0.0,0.0
2022-05-31,194.88999938964844,197.6000061035156,192.00999450683597,193.63999938964844,26131100,0.0,0.0,0.0,0.0,0.0,0.0
2022-06-01,196.50999450683597,199.52999877929688,185.0,188.63999938964844,36623500,0.0,0.0,0.0,0.0,0.0,0.0
2022-06-02,188.4499969482422,200.94000244140625,187.72999572753903,198.8600006103516,31951600,0.0,0.0,0.0,0.0,0.0,0.0
2022-06-03,195.97999572753903,196.6100006103516,189.77999877929688,190.77999877929688,19465000,0.0,0.0,0.0,0.0,0.0,0.0
2022-06-06,193.9900054931641,196.9199981689453,188.3999938964844,194.25,30574200,0.0,0.0,0.0,0.0,0.0,0.0
2022-06-07,191.92999267578125,196.52999877929688,191.4900054931641,195.6499938964844,18828700,0.0,0.0,0.0,0.0,0.0,0.0
2022-06-08,194.6699981689453,202.02999877929688,194.41000366210935,196.63999938964844,22267200,0.0,0.0,0.0,0.0,0.0,0.0
2022-06-09,194.27999877929688,199.4499969482422,183.67999267578125,184.0,23501600,-0.21390543257196745,-0.6417162977159023,0.04697519354522228,-0.6649364978075027,0.39220206041509925,3.0
2022-06-10,183.0399932861328,183.1000061035156,175.02000427246094,175.57000732421875,27450800,-0.1983935561729595,-1.587148449383676,0.45535782165825367,-0.96802151016891,0.47119938303181613,8.0
2022-06-13,170.58999633789062,172.5800018310547,164.02999877929688,164.25999450683594,31749300,0.15814497657120227,0.7907248828560114,0.8818079782649875,-0.7031289115548134,0.6219821346668928,5.0
2022-06-14,166.02999877929688,166.75,161.36000061035156,163.72999572753906,27244300,-0.2609507712768391,-2.0876061702147126,0.262556342408061,-0.9344290727749467,0.4644721077223671,8.0
2022-06-15,167.1999969482422,172.16000366210938,163.97999572753906,169.35000610351562,30008300,-0.06834328485031922,-0.20502985455095768,0.053122032433748245,-0.23457738757133484,0.148982959360928,3.0
2022-06-16,163.72000122070312,165.0800018310547,159.61000061035156,160.8699951171875,26944100,-0.10224614592476024,-0.9202153133228421,0.9339997218921781,-0.9667165167629719,0.7008049399466311,9.0
2022-06-17,161.67999267578125,165.89999389648438,159.89999389648438,163.74000549316406,31374200,-0.17791640441864728,-0.8895820220932364,0.1056204130873084,-0.9662243202328682,0.44422662481709546,5.0
2022-06-21,165.92999267578125,167.75999450683594,155.97000122070312,157.0500030517578,50724900,-0.290069121401757,-1.740414728410542,0.7256969623267651,-0.964649903587997,0.6840407671288531,6.0
2022-06-22,158.3800048828125,160.7899932861328,155.44000244140625,155.85000610351562,47267800,-0.12505621705204248,-1.2505621705204248,0.9195988047868013,-0.9628227585926652,0.5356063542479548,10.0
2022-06-23,156.27000427246094,159.75,154.25,158.75,40499200,-0.11086861938238143,-1.1086861938238144,0.7520635379478335,-0.9400599161162972,0.4894625871904371,10.0
2022-06-24,161.72999572753906,170.25,161.3000030517578,170.16000366210938,68736000,0.39689929876476526,2.3813957925885916,0.9362806640565395,0.0018401779234409332,0.4330328207311457,6.0
2022-06-27,171.32000732421875,171.75,168.00999450683594,169.49000549316406,29174600,-0.07150627134574784,-0.6435564421117306,0.5164499199017882,-0.8495614649727941,0.43192876148839804,9.0
2022-06-28,169.89999389648438,171.3000030517578,160.61000061035156,160.67999267578125,27744500,-0.06329350860323757,-0.2531740344129503,0.4666963596828282,-0.9656918374821544,0.6362353932439474,4.0
2022-06-29,163.57000732421875,166.3300018310547,160.32000732421875,163.94000244140625,28595200,-0.5594507270891752,-3.916155089624226,0.908352873288095,-0.9683392010629177,0.6895540812272518,7.0
2022-06-30,162.14999389648438,165.22999572753906,158.49000549316406,161.25,35250600,-0.145573988246421,-0.8734439294785261,0.27586968801915646,-0.9300435371696949,0.46388181515941085,6.0
2022-07-01,160.30999755859375,160.6199951171875,155.0,160.02999877929688,31423900,-0.1260383780269573,-1.5124605363234878,0.2868749452754855,-0.9593377681449056,0.38435890291036795,12.0
2022-07-05,158.13999938964844,168.25,157.02000427246094,168.19000244140625,28618600,-0.2528431409631263,-2.7812745505943894,0.6411450011655688,-0.9621056141331792,0.526672008847374,11.0
2022-07-06,168.1999969482422,171.58999633789062,165.4600067138672,169.77000427246094,23085900,-0.030170445596533164,-0.21119311917573214,0.8459493946284056,-0.8725529098883271,0.5896268750220014,7.0
2022-07-07,169.4499969482422,172.72000122070312,167.77999877929688,172.19000244140625,24083400,0.013606698323900882,0.17688707821071148,0.9331802260130644,-0.9239294659346342,0.6367278178175217,13.0
2022-07-08,169.97999572753906,172.39999389648438,168.14999389648438,170.8800048828125,19249200,-0.22376234270632267,-1.1188117135316133,0.05134554207324982,-0.8317452538758516,0.37296841004445863,5.0
2022-07-11,167.07000732421875,167.49000549316406,161.91000366210938,162.8800048828125,21885600,-0.4037067318568006,-3.229653854854405,0.02391711436212063,-0.9596570562571287,0.41911874640605234,8.0
2022-07-12,164.8000030517578,165.91000366210938,162.10000610351562,163.27000427246094,16639700,-0.23204730916768312,-0.6961419275030494,0.19313923455774784,-0.9415215654298663,0.6184483894244267,3.0
2022-07-13,160.16000366210938,164.97999572753906,159.61000061035156,163.49000549316406,16555100,-0.1056769690476358,-0.4227078761905432,0.20440411567687988,-0.7098814249038696,0.4101124487135521,4.0
2022-07-14,161.22000122070312,162.58999633789062,157.27999877929688,158.0500030517578,23765200,-0.21832980727776885,-0.8733192291110754,0.23098902311176062,-0.9665280627086759,0.5212759980567881,4.0
2022-07-15,160.5399932861328,164.97999572753906,159.82000732421875,164.6999969482422,23342800,0.19085041852667928,0.7634016741067171,0.4224835615605116,-0.02096155285835266,0.21859802601005165,4.0
2022-07-18,166.75,171.69000244140625,165.63999938964844,167.22999572753906,23574300,-0.1159450663253665,-0.463780265301466,0.7099260129034519,-0.8323094118386507,0.6506510846227008,4.0
2022-07-19,170.3699951171875,176.49000549316406,169.50999450683594,175.77999877929688,25933700,-0.12291871709749103,-1.4750246051698923,0.5607696026563644,-0.9352227672934532,0.4754107185999458,12.0
2022-07-20,177.49000549316406,183.6000061035156,176.6999969482422,183.08999633789065,24784300,-0.3783007513731718,-3.783007513731718,0.49202752113342285,-0.9407629184424877,0.5314488584240008,10.0
2022-07-21,180.6300048828125,183.8500061035156,178.8699951171875,183.1699981689453,27195800,-0.07376481375346582,-0.6638833237811923,0.9138361401855946,-0.9675941122695804,0.5364152476311023,9.0
2022-07-22,173.07000732421875,175.60000610351562,168.41000366210938,169.27000427246094,42583900,-0.5569585189805366,-4.455668151844293,0.8839853219687939,-0.9689747565425932,0.6681578058107868,8.0
2022-07-25,169.0,170.57000732421875,164.80999755859375,166.64999389648438,26166300,-0.2076461526346119,-3.5299845947884023,0.9301709569990635,-0.9687721491791308,0.536354851968157,17.0
2022-07-26,165.94000244140625,166.0,157.9499969482422,159.14999389648438,28468400,-0.0031425466295331717,-0.03771055955439806,0.9220870565623045,-0.9635412087664008,0.6531371451748821,12.0
2022-07-27,162.58999633789062,170.8699951171875,162.02000427246094,169.5800018310547,43846600,-0.02803120606050298,-1.0371546242386103,0.9230284485965967,-0.9668867830187082,0.5774084179636891,37.0
2022-07-28,161.05999755859375,161.50999450683594,154.85000610351562,160.72000122070312,73214300,-0.3500534507774693,-17.852725989650935,0.9051164239645004,-0.9669910524971783,0.468195460210304,51.0
2022-07-29,157.69000244140625,160.13999938964844,155.1699981689453,159.10000610351562,42065400,-0.28834608061095846,-3.7484990479424596,0.8358451649546623,-0.930100804194808,0.5076326804735193,13.0
2022-08-01,157.25,165.19000244140625,155.22999572753906,159.92999267578125,40596700,-0.07977776427287608,-0.6382221141830087,0.5859556049108505,-0.87775260489434,0.48278663675105193,8.0
2022-08-02,158.30999755859375,162.24000549316406,158.00999450683594,160.19000244140625,27374500,-0.003394350758753717,-0.027154806070029736,0.72927834559232,-0.8825447149574757,0.6142385307825836,8.0
2022-08-03,162.69000244140625,169.5399932861328,161.57000732421875,168.8000030517578,31721900,0.04395860883717736,0.26375165302306414,0.8614867441356182,-0.8852417021989822,0.5550829561700488,6.0
2022-08-04,168.3000030517578,172.14999389648438,166.8000030517578,170.57000732421875,23938200,0.3124396862112917,2.4995174896903336,0.9156017974019051,-0.6005226671695709,0.6224953904798428,8.0
2022-08-05,166.99000549316406,171.61000061035156,165.8000030517578,167.11000061035156,25832700,0.14921438334775822,1.0445006834343076,0.9326938521116972,-0.8238199315965176,0.6968595340829827,7.0
2022-08-08,168.0,177.50999450683594,167.1300048828125,170.25,27299100,-0.06284309271723032,-0.2513723708689213,0.9335310142487288,-0.6313610337674618,0.7348496663410127,4.0
2022-08-09,168.9499969482422,169.52999877929688,166.60000610351562,168.52999877929688,18655100,0.2181169850130876,0.6543509550392628,0.5272763790562749,-0.011170662939548492,0.27796749113192737,3.0
2022-08-10,175.99000549316406,180.47999572753903,173.9499969482422,178.33999633789062,30262100,0.2153133409511712,1.9378200685605407,0.9329383075237274,-0.026948686689138412,0.3033538244119494,9.0
2022-08-11,179.7100067138672,183.1000061035156,176.3699951171875,177.49000549316406,24079100,-0.25586326874326915,-2.046906149946153,0.348017992451787,-0.8861851533874869,0.4070327945906939,8.0
2022-08-12,180.80999755859372,181.4600067138672,178.91000366210938,180.5,21274000,-0.5723035524133593,-2.289214209653437,0.09110358357429504,-0.9520373241975904,0.45629665059871966,4.0
2022-08-15,178.9600067138672,181.44000244140625,178.1999969482422,180.88999938964844,15878700,0.07013467699289322,0.21040403097867966,0.16820808500051498,0.020323369652032852,0.08493759490945017,3.0
2022-08-16,179.44000244140625,180.9900054931641,177.0399932861328,179.47000122070312,21156700,-0.04526364849880338,-0.1810545939952135,0.04876979440450668,-0.1601128913462162,0.08724962788719247,4.0
2022-08-17,176.75999450683594,178.13999938964844,174.1699981689453,174.85000610351562,20118100,-0.05488822449530874,-0.3842175714671612,0.9253368880599737,-0.6823307052254677,0.6102446489816786,7.0
2022-08-18,174.33999633789062,175.75999450683594,171.86000061035156,174.66000366210938,18844500,-0.0764262785336801,-0.5349839497357607,0.6695983614772558,-0.7170712370425463,0.4536893203052919,7.0
2022-08-19,170.1999969482422,172.32000732421875,167.0500030517578,167.9600067138672,26240800,-0.27624770668758586,-3.0387247735634446,0.43846716172993183,-0.960500686429441,0.5493357300960857,11.0
2022-08-22,165.49000549316406,165.49000549316406,162.25999450683594,163.0500030517578,19499700,-0.4653669549152255,-1.861467819660902,0.0736972326412797,-0.9100585849955678,0.40631415720479835,4.0
2022-08-23,162.47999572753906,165.0500030517578,160.6999969482422,161.11000061035156,18111800,0.2188050345517695,2.188050345517695,0.8673945739865303,-0.2849684804677963,0.36376422765766564,10.0
2022-08-24,160.60000610351562,165.4600067138672,159.77000427246094,163.25999450683594,20891500,-0.5148899296505584,-4.634009366855025,0.6978634595870972,-0.9550688285380602,0.6020114656692629,9.0
2022-08-25,165.17999267578125,168.8800048828125,164.02000427246094,168.77999877929688,15550500,-0.31984294578433037,-1.5992147289216518,0.11823892593383789,-0.9228719379752874,0.5302015119289756,5.0
2022-08-26,168.47999572753906,170.9199981689453,161.6699981689453,161.77999877929688,24023600,-0.3348067627909283,-1.0044202883727849,-0.017861437052488327,-0.9656263352371752,0.5463079329623105,3.0
2022-08-29,160.66000366210938,163.0500030517578,159.00999450683594,159.1699981689453,20052700,-0.14759514122628248,-1.9187368359416723,0.8185606133192778,-0.9374150540679693,0.5149072969877473,13.0
2022-08-30,160.35000610351562,161.66000366210938,155.91000366210938,157.16000366210938,19567900,-0.33529285752835375,-4.023514290340245,0.8035883605480194,-0.9491492118686438,0.5883218668792414,12.0
2022-08-31,167.07000732421875,167.83999633789062,162.13999938964844,162.92999267578125,40953000,0.02019700394012034,0.2019700394012034,0.9249612987041473,-0.9543159869499505,0.6386801285706931,10.0
2022-09-01,163.5800018310547,167.36000061035156,160.35000610351562,165.36000061035156,30145700,-0.42806212580762804,-1.7122485032305121,0.16519926581531763,-0.9662513043731451,0.5818849485163271,4.0
2022-09-02,167.4499969482422,167.92999267578125,159.22000122070312,160.32000732421875,22634200,0.018856391443737915,0.1319947401061654,0.9091650322079659,-0.9427731288596988,0.7441733824102892,7.0
2022-09-06,160.10000610351562,161.69000244140625,157.69000244140625,158.5399932861328,19339800,-0.37484951404233774,-5.622742710635066,0.7168118730187416,-0.9667739430442452,0.5806779206102479,15.0
2022-09-07,157.75999450683594,160.9600067138672,156.80999755859375,160.38999938964844,16831200,-0.39925609063357115,-1.5970243625342846,0.1640440709888935,-0.9510960225015879,0.58018999252689,4.0
2022-09-08,158.7100067138672,162.22999572753906,157.74000549316406,162.05999755859375,22530800,-0.09677449073642493,-0.9677449073642492,0.8493859209120274,-0.9433039287105203,0.561598062918633,10.0
2022-09-09,163.25,169.5399932861328,163.02000427246094,169.14999389648438,22086800,0.061586788234611355,0.18476036470383406,0.15453889034688473,-0.01854831352829933,0.08725251663877126,3.0
2022-09-12,167.38999938964844,171.38999938964844,167.27999877929688,168.9600067138672,23220400,-0.07542955445555541,-0.9805842079222202,0.8962107636034489,-0.9661939702928066,0.6726536451861826,13.0
2022-09-13,161.5399932861328,161.6300048828125,152.6699981689453,153.1300048828125,44444100,-0.37830531637051273,-2.6481372145935893,0.06924889981746674,-0.9668976832181215,0.5258085477795287,7.0
2022-09-14,153.3300018310547,153.5399932861328,149.0500030517578,151.47000122070312,43064200,-0.7530014290629575,-9.03601714875549,0.08377809822559357,-0.959176535718143,0.31197477918490546,12.0
2022-09-15,149.8000030517578,154.1999969482422,148.6999969482422,149.5500030517578,34606300,-0.5307413244930407,-3.184447946958244,0.20901222806423903,-0.9651696709915996,0.49812378937182483,6.0
2022-09-16,148.0500030517578,148.5800018310547,144.2899932861328,146.2899932861328,40122800,0.1767089025427898,0.5301267076283693,0.578613743185997,-0.026702724397182465,0.34806848951969666,3.0
2022-09-19,145.24000549316406,148.5800018310547,145.10000610351562,148.02000427246094,22169500,-0.19945966000003473,-1.3962176200002432,0.5674434397369623,-0.9496274599805474,0.5625714453857819,7.0
2022-09-20,145.77999877929688,148.83999633789062,145.22000122070312,146.08999633789062,23217400,0.012974938610568643,0.1556992633268237,0.9176397584378719,-0.9399571344256401,0.6208378142274743,12.0
2022-09-21,146.38999938964844,149.60000610351562,142.0,142.1199951171875,38338600,-0.15419448100146838,-2.467111696023494,0.9235667623579502,-0.9661700087599456,0.7462123050874236,16.0
2022-09-22,141.5500030517578,144.5800018310547,140.8699951171875,142.82000732421875,34418500,-0.40316909002140167,-4.031690900214016,0.9220242202281952,-0.9469616776332259,0.6522030856251606,10.0
2022-09-23,141.4199981689453,142.6199951171875,138.88999938964844,140.41000366210938,31710700,-0.20122553767370327,-1.4085787637159228,0.6894565261900425,-0.9284238889813423,0.6260846502809805,7.0
2022-09-26,140.1199951171875,142.24000549316406,136.19000244140625,136.3699951171875,30497000,0.013215115811261866,0.11893604230135679,0.9310019742697477,-0.9570343755185604,0.7658473240782642,9.0
2022-09-27,137.9199981689453,139.4199981689453,134.1199951171875,134.39999389648438,30826500,-0.46619680596308577,-4.195771253667772,0.35249151289463043,-0.9673367678187788,0.5414455671908637,9.0
2022-09-28,134.6199951171875,142.02999877929688,134.27000427246094,141.61000061035156,32658500,-0.24688258197986418,-2.2219432378187776,0.8885443136096001,-0.9193461611866951,0.5785931840034285,9.0
2022-09-29,139.36000061035156,139.83999633789062,135.1999969482422,136.41000366210938,38985400,-0.5256128643328944,-4.73051577899605,0.014853497967123985,-0.9613317400217056,0.42234274749014095,9.0
2022-09-30,136.0500030517578,140.99000549316406,135.5,135.67999267578125,33166400,-0.1711718036260988,-1.1982026253826916,0.5349799357354641,-0.9672768260352314,0.559924621652344,7.0
2022-10-03,137.13999938964844,139.6199951171875,136.10000610351562,138.61000061035156,27723100,0.1390231903642416,1.390231903642416,0.8965906416997313,-0.6623532399535179,0.4281273367168218,10.0
2022-10-04,140.49000549316406,142.38999938964844,139.33999633789062,140.27999877929688,34670700,-0.10059861329916332,-1.4083805861882865,0.9039243496954441,-0.9505483214743435,0.620561168596924,14.0
2022-10-05,138.24000549316406,140.2100067138672,134.77999877929688,138.97999572753906,27979300,-0.23062945378478616,-0.9225178151391447,0.8979029878973961,-0.9456442068330944,0.858970420403261,4.0
2022-10-06,137.72000122070312,141.4499969482422,136.60000610351562,139.07000732421875,36231100,-0.3930543610560043,-2.7513805273920298,0.02648458629846573,-0.8762989472597837,0.3800055215389946,7.0
2022-10-07,136.75999450683594,138.2899932861328,132.44000244140625,133.4499969482422,33214800,-0.41056576317974497,-2.873960342258215,0.5542184635996819,-0.9422662556171417,0.6302670854495978,7.0
2022-10-10,133.5500030517578,136.11000061035156,131.8699951171875,133.7899932861328,24024000,-0.3158348572130005,-0.9475045716390014,0.026492316275835037,-0.9348316891118884,0.5370712576066842,3.0
2022-10-11,131.6199951171875,132.66000366210938,126.98999786376952,128.5399932861328,38481400,-0.2536043556303614,-4.564878401346505,0.19320211000740528,-0.9663816215470433,0.4154401729534082,18.0
2022-10-12,128.32000732421875,129.6699981689453,126.25,127.5,34605200,-0.3408297733827071,-3.749127507209778,0.917238861322403,-0.9676721366122365,0.6544304783944053,11.0
2022-10-13,123.52999877929688,131.13999938964844,122.52999877929688,130.2899932861328,34325700,-0.1322170903440565,-0.7933025420643389,0.9151872084476054,-0.9376044301316142,0.6563272947182642,6.0
2022-10-14,131.0,131.7899932861328,126.5199966430664,126.76000213623048,23559400,-0.21365088048494524,-1.9228579243645072,0.9191743470728397,-0.9545110510662198,0.6233454409532366,9.0
2022-10-17,130.3000030517578,134.7899932861328,130.17999267578125,134.0399932861328,29612200,-0.2656084275416409,-3.1873011304996908,0.7723600529134274,-0.9614245602861047,0.6242740078062562,12.0
2022-10-18,137.08999633789062,137.83999633789062,131.39999389648438,132.8000030517578,25445000,-0.1580193124504553,-1.4221738120540977,0.9252494387328625,-0.9655951391905546,0.7987884631362162,9.0
2022-10-19,132.88999938964844,137.0,132.22000122070312,133.22999572753906,30691000,-0.3127353342133574,-2.5018826737068594,0.255264213308692,-0.9655445436947048,0.48580352554299827,8.0
2022-10-20,132.92999267578125,136.77000427246094,131.30999755859375,131.52999877929688,26356300,-0.32461628938714665,-4.8692443408071995,0.13074709847569466,-0.96804522536695,0.40410775310129765,15.0
2022-10-21,126.30999755859376,130.1199951171875,125.44000244140624,130.00999450683594,46348600,-0.28873882605694234,-4.6198212169110775,0.7149742329493165,-0.9648856017738581,0.5944183991168008,16.0
2022-10-24,127.25,133.47999572753906,124.56999969482422,129.72000122070312,63563400,-0.3947545936597245,-5.526564311236143,0.8822052022442222,-0.965898010879755,0.5591100649948123,14.0
2022-10-25,130.8800048828125,138.35000610351562,130.58999633789062,137.50999450683594,38433200,-0.03349495117436163,-0.5359192187897861,0.930992154404521,-0.9422357510775328,0.5381789792258114,16.0
2022-10-26,131.67999267578125,135.5500030517578,128.52999877929688,129.82000732421875,82791500,-0.05547208055470358,-1.8860507388599217,0.935852793045342,-0.9679206567816436,0.7455710660542965,34.0
2022-10-27,97.9800033569336,102.5,96.37999725341795,97.94000244140624,232316600,-0.1586703063400749,-8.250855929683894,0.933365405537188,-0.9682062966749072,0.5965295276389754,52.0
2022-10-28,99.58000183105467,100.8499984741211,97.51000213623048,99.1999969482422,95928300,-0.132274148952482,-1.851838085334748,0.9107087925076485,-0.966688625048846,0.643197111108778,14.0
2022-10-31,98.22000122070312,99.31999969482422,92.5999984741211,93.16000366210938,121361400,-0.3146425554027351,-4.090353220235556,0.282391669228673,-0.9672827157191932,0.465790959640479,13.0
2022-11-01,94.33000183105467,97.48999786376952,93.5500030517578,95.1999969482422,110189600,-0.09606621890432304,-0.8645959701389074,0.8850468248128891,-0.8749513421207666,0.5502576641532905,9.0
2022-11-02,94.20999908447266,95.1999969482422,90.4800033569336,90.54000091552734,71821100,-0.28634683114730497,-3.149815142620355,0.8629798926413059,-0.9666466871276498,0.6381674243699881,11.0
2022-11-03,90.08000183105467,90.45999908447266,88.41000366210938,88.91000366210938,60664000,-0.11997206195850264,-1.319692681543529,0.4738588035106659,-0.8907523239031434,0.48767005997280316,11.0
2022-11-04,90.3499984741211,91.38999938964844,88.08999633789062,90.79000091552734,55638100,0.14378742990083992,1.1502994392067194,0.8606318738311529,-0.4784761816263199,0.4729139751292862,8.0
2022-11-07,94.77999877929688,96.87999725341795,93.0999984741211,96.72000122070312,81987300,-0.06863866709172725,-1.0295800063759089,0.915484931319952,-0.9664302011951804,0.5895124023055106,15.0
2022-11-08,95.91999816894533,97.8000030517578,94.79000091552734,96.47000122070312,52088300,-0.023713746418555576,-0.14228247851133347,0.4293215572834015,-0.8982828035950661,0.458878045969107,6.0
2022-11-09,101.72000122070312,104.9000015258789,100.73999786376952,101.47000122070312,107677300,-0.37439096030235913,-8.985383047256619,0.9097080137580633,-0.9661494512110949,0.5914313604029179,24.0
2022-11-10,107.12000274658205,112.75,104.61000061035156,111.87000274658205,80671000,-0.17479290397216876,-2.6218935595825315,0.9176186230033636,-0.9308951571583748,0.5664488665641831,15.0
2022-11-11,109.2300033569336,114.9000015258789,108.80999755859376,113.0199966430664,59961700,-0.2501494808291847,-2.7516442891210318,0.8520307336002588,-0.9404360223561525,0.6366666719686991,11.0
2022-11-14,110.98999786376952,116.2699966430664,110.8000030517578,114.22000122070312,53395000,-0.15707060030068865,-1.727776603307575,0.7334485054016113,-0.9623400238342583,0.6159868189777672,11.0
2022-11-15,116.06999969482422,118.73999786376952,114.41000366210938,117.08000183105467,50670500,-0.21586505444720389,-2.1586505444720387,0.8716670162975788,-0.957004252821207,0.6213686393009188,10.0
2022-11-16,114.5,116.08000183105467,112.66000366210938,113.2300033569336,33287800,-0.04356693848967552,-0.3921024464070797,0.8848721161484718,-0.6913808286190033,0.4338922736679427,9.0
2022-11-17,110.41000366210938,112.33000183105467,109.8000030517578,111.4499969482422,35093800,-0.39729453034868295,-4.370239833835512,0.888625567778945,-0.9658053498715162,0.6378214660860044,11.0
2022-11-18,113.8000030517578,114.31999969482422,110.62000274658205,112.0500030517578,33357700,-0.36958066914230586,-3.6958066914230585,0.1668007504194975,-0.9580773524940014,0.4367771979475652,10.0
2022-11-21,111.5199966430664,112.37000274658205,109.19000244140624,109.86000061035156,24351100,0.2071647805472215,1.8644830249249935,0.9206674303859472,-0.30043865740299225,0.42487765013409984,9.0
2022-11-22,109.86000061035156,111.62000274658205,108.31999969482422,111.44000244140624,29029000,-0.42218995925837327,-5.910659429617226,0.4285492980852723,-0.9385882653295994,0.43211509023887357,14.0
2022-11-23,111.72000122070312,112.66999816894533,110.7300033569336,112.23999786376952,21343100,-0.23376953570793071,-2.1039258213713765,0.30461548268795013,-0.9268981385976076,0.4567657762928475,9.0
2022-11-25,111.3000030517578,112.7300033569336,111.0199966430664,111.41000366210938,12007600,0.5439321398735046,0.5439321398735046,0.5439321398735046,0.5439321398735046,0.0,1.0
2022-11-28,110.77999877929688,112.04000091552734,108.37999725341795,108.77999877929688,23309400,-0.40938448905944824,-1.637537956237793,0.12400980666279793,-0.9434508252888918,0.6068270512870102,4.0
2022-11-29,109.54000091552734,110.94000244140624,108.54000091552734,109.45999908447266,23899200,0.007968874461948872,0.03984437230974436,0.41815304569900036,-0.4723081439733505,0.358314876727261,5.0
2022-11-30,109.51000213623048,118.16000366210938,109.37999725341795,118.0999984741211,43348600,-0.29246996425920063,-2.6322296783328056,0.6566457329317927,-0.861163042485714,0.48505360670836745,9.0
2022-12-01,119.1999969482422,121.1999969482422,118.4000015258789,120.44000244140624,36551400,-0.08674250843210353,-0.7806825758889318,0.5085466951131821,-0.8504085838794708,0.5113449067008694,9.0
2022-12-02,117.83000183105467,124.04000091552734,117.61000061035156,123.48999786376952,39950500,-0.18483330064918846,-1.4786664051935077,0.9074821807444096,-0.9338644500821829,0.6127249686563042,8.0
2022-12-05,121.75,124.66999816894533,121.3499984741211,122.43000030517578,35474900,0.2892991779372096,1.7357950676232576,0.910985678434372,-0.0011550243943929672,0.37505196048954376,6.0
2022-12-06,119.91000366210938,120.5500030517578,113.73999786376952,114.12000274658205,43689200,-0.4062653041444719,-6.093979562167078,0.1035896809771657,-0.9668733016587794,0.4213608390029602,15.0
2022-12-07,113.76000213623048,115.87999725341795,112.87999725341795,113.93000030517578,29461100,-0.4534257271859263,-6.347960180602968,0.7909257747232914,-0.9594702003523707,0.5722319843091886,14.0
2022-12-08,116.38999938964844,117.33999633789062,114.58999633789062,115.33000183105467,30619400,0.01525030859435598,0.09150185156613588,0.6353857908397913,-0.9602405084297061,0.5404435916199227,6.0
2022-12-09,115.3000030517578,117.54000091552734,113.87000274658205,115.9000015258789,26033400,-0.09988369885832071,-0.19976739771664143,-0.022653566673398018,-0.1771138310432434,0.10921990035978454,2.0
2022-12-12,115.18000030517578,115.72000122070312,113.13999938964844,114.70999908447266,24747100,-0.21857562521472573,-0.8743025008589029,0.060696257278323174,-0.923808628693223,0.4713754204536677,4.0
2022-12-13,122.12999725341795,123.3000030517578,118.63999938964844,120.1500015258789,44701100,0.04239568313849824,0.29676978196948767,0.8807119959965348,-0.38103415817022324,0.41101389032705016,7.0
2022-12-14,119.38999938964844,124.13999938964844,119.38999938964844,121.58999633789062,36922000,-0.32112356992438434,-3.2112356992438436,0.9020591229200363,-0.923605558462441,0.5977931560487387,10.0
2022-12-15,118.33000183105467,118.62999725341795,114.01000213623048,116.1500015258789,34531000,-0.3502007877040241,-3.1518070893362164,0.054365722462534904,-0.9653672464191914,0.41089982201049124,9.0
2022-12-16,120.2300033569336,123.30999755859376,118.81999969482422,119.43000030517578,67064000,-0.067729945294559,-0.948219234123826,0.8970257304608822,-0.9281725566834211,0.6355481599007293,14.0
2022-12-19,116.83000183105467,117.8000030517578,114.33000183105467,114.4800033569336,29769900,-0.31690991036593913,-3.1690991036593914,0.8354051634669304,-0.9621547888964415,0.6799992611580891,10.0
2022-12-20,113.26000213623048,117.33000183105467,112.45999908447266,117.08999633789062,28742500,-0.49071654763871003,-3.4350158334709704,0.06505393609404564,-0.966509509831667,0.46033247658974885,7.0
2022-12-21,116.6999969482422,120.33999633789062,115.62000274658205,119.76000213623048,20392800,-0.12197074934374541,-0.9757659947499633,0.8930865079164505,-0.9219694780185819,0.6217165085641779,8.0
2022-12-22,117.1999969482422,118.62000274658205,114.37999725341795,117.12000274658205,23618100,-0.4585632901871577,-1.8342531607486308,0.05312209017574787,-0.9571338486857712,0.5472387444428342,4.0
2022-12-23,116.02999877929688,118.18000030517578,115.54000091552734,118.04000091552734,17796600,-0.2887658447337647,-1.7325950684025884,0.47984249889850616,-0.9670122424140573,0.5644545461819303,6.0
2022-12-27,117.93000030517578,118.5999984741211,116.0500030517578,116.87999725341795,21392300,-0.0453261595685035,-0.090652319137007,0.8768506357446313,-0.9675029548816383,1.3041549308375928,2.0
2022-12-28,116.25,118.1500015258789,115.51000213623048,115.62000274658205,19612500,-0.39357720157131554,-1.9678860078565776,0.19071607291698456,-0.9655054789036512,0.5349390983416293,5.0
2022-12-29,116.4000015258789,121.02999877929688,115.7699966430664,120.26000213623048,22366200,0.04940990793208281,0.14822972379624844,0.10737239196896553,0.009317077696323395,0.051412105184534644,3.0
2022-12-30,118.16000366210938,120.41999816894533,117.73999786376952,120.33999633789062,19583800,0.0,0.0,0.0,0.0,0.0,0.0
2023-01-03,122.81999969482422,126.37000274658205,122.27999877929688,124.73999786376952,35528500,-0.058592967171635896,-0.527336704544723,0.676313504576683,-0.8107220120728016,0.40941019597475503,9.0
2023-01-04,127.37999725341795,129.0500030517578,125.8499984741211,127.37000274658205,32397100,-0.13879537380610904,-1.2491583642549813,0.1996454787440598,-0.6945224814116955,0.3025357872980356,9.0
2023-01-05,126.12999725341795,128.52000427246094,124.54000091552734,126.94000244140624,25447100,-0.013539882292124357,-0.14893870521336794,0.6850271094590425,-0.9466221090406179,0.5151783702753461,11.0
2023-01-06,128.97000122070312,130.3300018310547,126.04000091552734,130.02000427246094,27584500,-0.24486961401998997,-1.4692176841199398,0.5989473536610603,-0.9451388940215111,0.5579046931244125,6.0
2023-01-09,131.16000366210938,132.9499969482422,129.27999877929688,129.47000122070312,26649100,-0.3746407260704372,-3.3717665346339345,0.8577368445694447,-0.9651788221672177,0.619715248517319,9.0
2023-01-10,127.2699966430664,133.44000244140625,127.1500015258789,132.99000549316406,28684400,-0.44969523046165705,-4.047257074154913,0.16583202593028545,-0.961861515417695,0.5097313303495795,9.0
2023-01-11,130.9600067138672,133.85000610351562,130.33999633789062,132.88999938964844,25423000,-0.7269978842698037,-3.634989421349019,-0.025334248319268227,-0.942056817933917,0.3957781445722523,5.0
2023-01-12,133.44000244140625,137.67999267578125,131.75999450683594,136.7100067138672,30757700,-0.1720024410635233,-1.720024410635233,0.9266367554664612,-0.9661230435594916,0.7326354156267331,10.0
2023-01-13,134.97000122070312,137.38999938964844,134.83999633789062,136.97999572753906,22423800,-0.20901828981004655,-0.8360731592401862,0.7999060600996017,-0.9033891158178449,0.8413219001141227,4.0
2023-01-17,136.17999267578125,136.75,134.25,135.36000061035156,21147600,-0.31911783075580996,-0.9573534922674298,0.9128151144832373,-0.9628101820126176,1.0672454312482318,3.0
2023-01-18,135.80999755859375,137.25,132.8000030517578,133.02000427246094,20215500,-0.14825313643086702,-1.1860250914469361,0.594812355004251,-0.9655930516310036,0.6916214496735819,8.0
2023-01-19,132.49000549316406,137.4499969482422,132.13999938964844,136.14999389648438,28625200,0.0230299549177289,0.1151497745886445,0.48307082056999207,-0.4458056315779686,0.33561762737700995,5.0
2023-01-20,135.88999938964844,139.94000244140625,134.61000061035156,139.3699951171875,28688600,-0.03041023388504982,-0.18246140331029892,0.6398781593888998,-0.8717661388218403,0.639561232797371,6.0
2023-01-23,139.2899932861328,143.75999450683594,138.66000366210938,143.27000427246094,27470100,-0.22725127930087702,-1.5907589551061392,0.5063146147876978,-0.9209914365783334,0.5344391751202376,7.0
2023-01-24,141.69000244140625,145.0,141.36000061035156,143.13999938964844,21970200,-0.33396754289666813,-3.005707886070013,0.11881335452198982,-0.9268550928682089,0.449772650112996,9.0
2023-01-25,141.22000122070312,143.1699981689453,140.30999755859375,141.5,26622000,-0.04891260340809822,-0.2445630170404911,0.8283541984856129,-0.9567364091053605,0.6690235136334112,5.0
2023-01-26,144.39999389648438,147.50999450683594,143.3000030517578,147.3000030517578,25482100,0.030708342875269325,0.3377917716279626,0.9256248809397221,-0.9559677634388208,0.6540615665933044,11.0
2023-01-27,148.24000549316406,153.19000244140625,147.38999938964844,151.74000549316406,35771900,0.35244844915966195,3.1720360424369574,0.9223877601325512,-0.21214937046170235,0.47110793392307737,9.0
2023-01-30,149.41000366210938,151.1199951171875,146.9499969482422,147.05999755859375,28040100,-0.11614455593128999,-0.6968673355877399,0.8672714158892632,-0.9318162519484758,0.6856479969028383,6.0
2023-01-31,147.9499969482422,149.8800048828125,147.52000427246094,148.97000122070312,29842100,-0.20442231612590453,-2.4530677935108542,0.7329309098422527,-0.9606795571744442,0.5918456354438272,12.0
2023-02-01,148.02999877929688,153.5800018310547,147.05999755859375,153.1199951171875,55661000,0.09110155388000696,3.0974528319202363,0.9317003861069679,-0.961850537918508,0.6679629370334873,34.0
2023-02-02,183.3800048828125,197.16000366210935,180.16000366210935,188.7700042724609,150475700,0.4170287876813249,22.93658332247287,0.9330348111689091,-0.9290846288204193,0.577089776724076,55.0
2023-02-03,183.47000122070312,196.7700042724609,182.88999938964844,186.52999877929688,76809700,0.015823245421051978,0.1582324542105198,0.9161483217030764,-0.9625371927395463,0.7019283578684693,10.0
2023-02-06,186.52999877929688,190.6999969482422,185.5200042724609,186.05999755859372,42483800,0.13472115541143076,0.9430480878800154,0.9256035080179572,-0.4849218279123306,0.4509755263758542,7.0
2023-02-07,185.5800018310547,193.77999877929688,184.3999938964844,191.6199951171875,47080700,0.37766706726203364,2.2660024035722017,0.9205775475129485,0.010791560634970665,0.4392662438280408,6.0
2023-02-08,190.0,190.8300018310547,182.9199981689453,183.42999267578125,36139100,-0.24921880010515451,-0.7476564003154635,0.21594826877117157,-0.9325472256168723,0.6045297828098756,3.0
2023-02-09,186.1300048828125,186.6499938964844,177.27000427246094,177.9199981689453,37118800,0.013021526858210564,0.07812916114926338,0.49021317809820175,-0.4878083933144808,0.3188231973181194,6.0
2023-02-10,176.35000610351562,178.88999938964844,173.35000610351562,174.14999389648438,33433600,0.14817836601287127,1.3336052941158414,0.9068733975291252,-0.9546830700710416,0.7020068996405825,9.0
2023-02-13,178.22000122070312,181.0,175.82000732421875,179.42999267578125,31463200,-0.10993478294800628,-1.2092826124280691,0.4645405784249306,-0.9597784783691168,0.4499200796741242,11.0
2023-02-14,177.16000366210938,181.50999450683597,175.8800048828125,179.47999572753906,24034600,-0.24516199622303247,-1.7161339735612273,0.8283179709687829,-0.9606605004519224,0.6649961845377155,7.0
2023-02-15,176.4199981689453,178.19000244140625,175.3300018310547,177.16000366210938,25308900,-0.26728471722453834,-1.3364235861226916,0.31173298601061106,-0.7325933072715998,0.43971022839249224,5.0
2023-02-16,172.75,175.85000610351562,171.7899932861328,172.44000244140625,25827500,0.10300074331462383,0.41200297325849533,0.8465523794293404,-0.6373930294066668,0.6144981424735643,4.0
2023-02-17,170.22000122070312,173.17999267578125,169.6999969482422,172.8800048828125,24171300,-0.25767115014605224,-2.061369201168418,0.9270656164735556,-0.9373078821226954,0.7610432271934178,8.0
2023-02-21,174.30999755859375,178.1699981689453,171.8800048828125,172.0800018310547,34592600,-0.29887997208990985,-2.6899197488091886,0.7381435222923756,-0.9580754302442074,0.6145340637755107,9.0
2023-02-22,171.07000732421875,172.75999450683594,169.69000244140625,171.1199951171875,22433200,-0.2756125050364062,-2.2049000402912498,0.8566822689026594,-0.9554781904444098,0.6474443917112335,8.0
2023-02-23,172.0,173.69000244140625,169.3800048828125,172.0399932861328,20017800,-0.39309010095894337,-1.5723604038357735,0.08184589445590973,-0.9580576717853546,0.5449732539852997,4.0
2023-02-24,168.63999938964844,170.72000122070312,167.66000366210938,170.38999938964844,19791300,-0.050297449342906475,-0.4023795947432518,0.1824240069836378,-0.9571727383881807,0.3733841608505955,8.0
2023-02-27,171.8800048828125,173.1199951171875,169.05999755859375,169.5399932861328,19277000,-0.16150661969246963,-1.9380794363096356,0.5275585763156414,-0.9537054151296616,0.48334037454381396,12.0
2023-02-28,171.89999389648438,177.5500030517578,171.8699951171875,174.94000244140625,46051100,0.09736383313106166,0.8762744981795549,0.9204591140151024,-0.8278558552265167,0.5170871830190408,9.0
2023-03-01,174.58999633789062,177.85000610351562,173.0500030517578,173.4199981689453,30998400,-0.19626200757920742,-1.7663580682128668,0.08315189555287361,-0.9551119282841682,0.3920047598103774,9.0
2023-03-02,172.3800048828125,175.00999450683594,171.42999267578125,174.52999877929688,17352000,0.03188310128947099,0.09564930386841297,0.060731012374162674,-0.02147904969751835,0.046263749793417776,3.0
2023-03-03,178.9199981689453,186.6199951171875,177.0500030517578,185.25,45877700,-0.3633593608004351,-2.180156164802611,0.3310085106641054,-0.9449740424752235,0.5589851528860107,6.0
2023-03-06,188.0,189.66000366210935,184.63999938964844,184.8999938964844,33209400,-0.15175392990931869,-2.1245550187304616,0.68634142447263,-0.9078306062147021,0.5134648694950219,14.0
2023-03-07,189.0,190.3600006103516,184.00999450683597,184.50999450683597,36701500,-0.24688631176416362,-1.7282041823491454,0.2212495505809784,-0.9385959086939692,0.4514432738577903,7.0
2023-03-08,182.8699951171875,185.25999450683597,181.33999633789065,184.97000122070312,19432400,-0.3667192367836833,-1.8335961839184165,0.03519336320459843,-0.9672438045963645,0.5222357364317124,5.0
2023-03-09,186.3500061035156,188.92999267578125,180.3000030517578,181.69000244140625,26582800,-0.23693363085233918,-2.84320357022807,0.8204189538955688,-0.9578048326075077,0.5589550697811801,12.0
2023-03-10,181.00999450683597,184.7700042724609,178.8000030517578,179.50999450683594,25665000,-0.33471003060953486,-3.0123902754858136,0.34174729883670807,-0.9655807744711637,0.5725294026358418,9.0
2023-03-13,177.9600067138672,183.77999877929688,174.82000732421875,180.8999938964844,24728000,-0.08367965230718255,-0.6694372184574604,0.9171028975397348,-0.9131502332165837,0.7522521584911491,8.0
2023-03-14,187.5800018310547,194.32000732421875,186.55999755859372,194.0200042724609,41642600,-0.18550119464634918,-2.968019114341587,0.9335897378623486,-0.9687287607230246,0.7482095696367361,16.0
2023-03-15,192.9499969482422,197.77999877929688,190.83999633789065,197.75,42123600,-0.25939689337142874,-5.447334760800004,0.8190275393426418,-0.964827312156558,0.6832389901782148,21.0
2023-03-16,198.25999450683597,205.75999450683597,196.08999633789065,204.92999267578125,50447100,-0.25166902046364087,-3.2716972660273314,0.5968911945819855,-0.9534015590324998,0.5112922433423537,13.0
2023-03-17,200.55999755859372,201.8999938964844,195.42999267578125,195.6100006103516,50141100,-0.35903530614450574,-3.5903530614450574,0.10613519791513681,-0.9528634743764997,0.4767267016532365,10.0
2023-03-20,198.47999572753903,199.3600006103516,193.63999938964844,197.80999755859372,25186300,-0.17306190247957906,-1.0383714148774743,0.14977014623582363,-0.8202180890366435,0.3964064168692541,6.0
2023-03-21,203.1999969482422,203.5500030517578,197.9499969482422,202.16000366210935,31827000,0.05401928055410584,0.6482313666492701,0.9305754993110895,-0.9579819310456514,0.6518606838482962,12.0
2023-03-22,202.5,207.3699951171875,199.6699981689453,199.80999755859372,28477800,0.10567786482473214,1.2681343778967857,0.9321186784654856,-0.9672692837193608,0.6698316232607604,12.0
2023-03-23,202.83999633789065,207.8800048828125,202.1499938964844,204.27999877929688,27389700,-0.07349129193736349,-1.2493519629351795,0.9305185992270708,-0.9423947860486805,0.5249100830894089,17.0
2023-03-24,205.17999267578125,207.5800018310547,203.5500030517578,206.00999450683597,27716400,-0.26511682561514055,-2.9162850817665458,0.8323865160346031,-0.9616277748718858,0.6812049991705988,11.0
2023-03-27,204.80999755859372,205.8600006103516,201.3600006103516,202.83999633789065,18527200,0.002773033338598907,0.022184266708791256,0.9251352269202471,-0.9381133299320936,0.7122548114694212,8.0
2023-03-28,200.1499938964844,201.02999877929688,197.8999938964844,200.67999267578125,19127300,-0.24709618784254417,-1.9767695027403533,0.2739539355970919,-0.882140688598156,0.4193342154559579,8.0
2023-03-29,203.55999755859372,205.72000122070312,202.5399932861328,205.3500061035156,18851100,-0.21821988727897407,-1.0910994363948703,0.07627639826387167,-0.9608274195343256,0.4320521129654552,5.0
2023-03-30,203.3800048828125,208.08999633789065,202.82000732421875,207.83999633789065,22608300,0.2695627643261105,2.156502114608884,0.906451316550374,-0.7301550954580307,0.5519568547705553,8.0
2023-03-31,207.2400054931641,212.1699981689453,206.7700042724609,211.94000244140625,25440300,-0.08826903365552426,-0.44134516827762127,0.33853834867477417,-0.4700526613742113,0.3142190852131684,5.0
2023-04-03,208.83999633789065,213.4900054931641,208.1999969482422,213.07000732421875,17924600,-0.1173042394220829,-0.8211296759545803,0.9151160530745983,-0.9178930008783937,0.7915124564251175,7.0
2023-04-04,213.38999938964844,216.2400054931641,212.5399932861328,214.72000122070312,21026400,0.011809590220865276,0.10628631198778749,0.9321474321186543,-0.9123777928762138,0.46835885155932283,9.0
2023-04-05,214.1499938964844,215.19000244140625,209.94000244140625,211.47999572753903,19396600,-0.1634426655040847,-1.4709839895367622,0.44579143822193146,-0.9586472231894732,0.5018767591384374,9.0
2023-04-06,209.25,216.94000244140625,208.6499938964844,216.1000061035156,26104400,-0.042974455415138176,-0.30082118790596724,0.9140285337343812,-0.9568872768431902,0.6582658916157532,7.0
2023-04-10,214.7100067138672,215.66000366210935,210.66000366210935,214.75,16106100,-0.06618747922281425,-0.5956873130053282,0.9081582631915808,-0.9578797910362482,0.5041118623685622,9.0
2023-04-11,215.47999572753903,216.0200042724609,213.41000366210935,213.8500061035156,16710100,0.2817090057457487,1.690254034474492,0.9333200436085463,-0.48303686641156673,0.5530588713573283,6.0
2023-04-12,214.83999633789065,216.83999633789065,212.5800018310547,214.0,18972200,-0.3403471363708377,-1.7017356818541884,0.003995714709162712,-0.9605050506070256,0.3974000458354222,5.0
2023-04-13,215.72999572753903,221.1499938964844,215.69000244140625,220.3500061035156,23310400,0.2667119239922613,2.1336953919380903,0.8800101093947887,-0.024239549413323402,0.3840266656167449,8.0
2023-04-14,217.8800048828125,222.1100006103516,217.5500030517578,221.4900054931641,21591200,-0.13232658782766926,-1.1909392904490232,0.8405977413058281,-0.955388511531055,0.6772939977689207,9.0
2023-04-17,219.7899932861328,220.97999572753903,217.1300048828125,218.8600006103516,15481900,-0.1491445309172074,-1.3423007782548666,0.8711131811141968,-0.9364162757992744,0.5220987381210902,9.0
2023-04-18,219.91000366210935,220.44000244140625,216.2100067138672,217.88999938964844,12281000,0.22495261952280998,0.67485785856843,0.814072459936142,-0.11672165617346764,0.5123635450241106,3.0
2023-04-19,213.47000122070312,217.3300018310547,212.92999267578125,215.6999969482422,15898100,-0.09671292123808102,-1.0638421336188912,0.8338956385850906,-0.9537236215546727,0.6666249953565625,11.0
2023-04-20,213.47999572753903,216.75,212.7700042724609,213.07000732421875,16475400,-0.21662183540562788,-1.2997310124337673,0.29078174009919167,-0.9501367285847664,0.5494263354835504,6.0
2023-04-21,210.2100067138672,213.41000366210935,209.5800018310547,212.88999938964844,17717200,-0.09664771716213888,-0.86982945445925,0.929388684220612,-0.9340356532484293,0.7094598292129077,9.0
2023-04-24,213.67999267578125,213.9199981689453,210.7100067138672,212.7899932861328,15750900,-0.2417261926457286,-1.6920833485201001,0.12637339532375336,-0.9625422339886427,0.4874465589629364,7.0
2023-04-25,210.82000732421875,211.25999450683597,207.1300048828125,207.5500030517578,19198200,-0.022312213201075792,-0.2677465584129095,0.855768546462059,-0.918545170687139,0.46631628979965517,12.0
2023-04-26,212.5,214.1100006103516,208.8800048828125,209.3999938964844,41992700,0.22221019792680938,6.666305937804282,0.9350400101393461,-0.9638350950554013,0.552880232598397,30.0
2023-04-27,239.88999938964844,241.69000244140625,236.7700042724609,238.55999755859372,71196500,0.38681859906827065,22.4354787459597,0.9282602239400148,-0.9673383943736553,0.5582229700617026,58.0
2023-04-28,239.00999450683597,240.42999267578125,235.75,240.32000732421875,39554000,0.25553534156642854,4.088565465062857,0.9074547663331032,-0.9677459681406617,0.6202872626980951,16.0
2023-05-01,238.6199951171875,244.0,236.4600067138672,243.17999267578125,29143900,0.10396750643849373,1.559512596577406,0.9137292094528675,-0.8539277147501707,0.5146968203720514,15.0
2023-05-02,243.17999267578125,244.9199981689453,238.9900054931641,239.2400054931641,24350100,-0.11718437261879444,-0.46873749047517776,0.22956435196101665,-0.7752376385033131,0.44790151588523064,4.0
2023-05-03,239.47000122070312,241.75,232.75,237.02999877929688,34463900,-0.3340577360553046,-5.010866040829569,0.7337787784636021,-0.9653630931861699,0.5896329743722234,15.0
2023-05-04,236.05999755859372,238.1999969482422,232.92999267578125,233.5200042724609,17889400,0.2684788318971793,0.8054364956915379,0.44224506989121437,0.12719628680497408,0.16001664494494164,3.0
2023-05-05,232.2400054931641,234.67999267578125,229.8500061035156,232.77999877929688,27000500,-0.06149623689374754,-0.43047365825623274,0.3359890282154083,-0.9583628168329597,0.41218445727829295,7.0
2023-05-08,231.4199981689453,235.6199951171875,230.2700042724609,233.2700042724609,16400500,-0.09062626440491942,-0.8156363796442747,0.49478568136692047,-0.8264762312173843,0.3802035099631973,9.0
2023-05-09,231.4600067138672,235.8800048828125,231.0800018310547,233.3699951171875,16865600,-0.17772805446293205,-1.4218244357034564,0.8948901575058699,-0.918165585026145,0.6968908642344124,8.0
2023-05-10,236.1699981689453,236.75,230.72000122070312,233.0800018310547,19119000,-0.19060981566352503,-1.3342687096446753,0.2888342207297683,-0.9131616018712521,0.4924524391589206,7.0
2023-05-11,233.0500030517578,238.2100067138672,232.3000030517578,235.7899932861328,20449000,-0.1643842653138563,-1.3150741225108504,0.6863682419061661,-0.9090351881459355,0.6036149356717379,8.0
2023-05-12,236.7400054931641,236.9600067138672,231.4499969482422,233.80999755859372,16161400,-0.058861066296231,-0.470888530369848,0.5040849223732948,-0.9128768472000957,0.4519422531284378,8.0
2023-05-15,236.9199981689453,240.25999450683597,235.3300018310547,238.8600006103516,20653200,0.046065950869686074,0.8291871156543493,0.8860087059438229,-0.9549345541745424,0.4462647129069377,18.0
2023-05-16,235.7899932861328,239.63999938964844,235.5200042724609,238.82000732421875,18163800,-0.11821284517645836,-0.23642569035291672,0.032375456765294075,-0.2688011471182108,0.21296401894076097,2.0
2023-05-17,238.4499969482422,243.83999633789065,238.13999938964844,242.4900054931641,21193100,-0.08079742601451774,-0.48478455608710647,0.9336340855807066,-0.9648253084160388,0.6808307081568626,6.0
2023-05-18,241.3000030517578,247.08999633789065,241.19000244140625,246.8500061035156,22943300,0.17776632867753506,2.1331959441304207,0.9285640865564346,-0.9179908530786633,0.6435655409187457,12.0
2023-05-19,247.47000122070312,248.69000244140625,243.41000366210935,245.63999938964844,21733600,-0.2836094223894179,-2.268875379115343,0.07444387581199408,-0.9623739309608936,0.4540113108150511,8.0
2023-05-22,245.41000366210935,253.57000732421875,245.1199951171875,248.32000732421875,27738500,-0.010239357128739357,-0.15359035693109035,0.9419024791568518,-0.9520338857546449,0.6469205647006556,15.0
2023-05-23,246.80999755859372,251.6100006103516,246.6499938964844,246.7400054931641,17748100,-0.048888969959484205,-0.44000072963535786,0.8332792036235332,-0.964384107850492,0.6134353961471307,9.0
2023-05-24,245.27999877929688,249.58999633789065,244.9499969482422,249.2100067138672,17724300,-0.4379265654965171,-3.0654859584756196,0.09658031351864338,-0.9659984330646694,0.49258167565305083,7.0
2023-05-25,253.3999938964844,255.6199951171875,249.1699981689453,252.69000244140625,22371400,-0.518989356001839,-4.151914848014712,0.2602135241031647,-0.9640219379216433,0.5151914929087505,8.0
2023-05-26,252.92999267578125,262.3099975585937,252.7100067138672,262.0400085449219,25727200,-0.04951928509399295,-0.1980771403759718,0.33487742207944393,-0.6423809118568897,0.41792739074920937,4.0
2023-05-30,265.25,268.6499938964844,261.2900085449219,262.5199890136719,23816500,0.11008173679666859,0.7705721575766802,0.9022733606398106,-0.8381563704460859,0.5990350469654122,7.0
2023-05-31,260.0,265.0,258.45001220703125,264.7200012207031,25473700,0.08391285346200068,0.7552156811580062,0.6900754049420357,-0.8478073999285698,0.42444497844698714,9.0
2023-06-01,265.8999938964844,274.0,265.8900146484375,272.6099853515625,25609500,-0.10584741830825806,-0.8467793464660645,0.7096996158361435,-0.8938718996942043,0.498457878177427,8.0
2023-06-02,272.6600036621094,275.3500061035156,271.1199951171875,272.6099853515625,19416900,-0.12672897544689476,-1.0138318035751581,0.16918893158435822,-0.72818323969841,0.27886463984308385,8.0
2023-06-05,270.29998779296875,275.57000732421875,269.5599975585937,271.3900146484375,20742900,0.6190723997230331,5.571651597507298,0.9293939247727394,0.02163943462073803,0.3116509398247862,9.0
2023-06-06,270.1400146484375,276.57000732421875,269.69000244140625,271.1199951171875,19419000,0.10189647255465388,1.0189647255465388,0.9245659969747066,-0.2968097925186157,0.32847034228946015,10.0
2023-06-07,271.6700134277344,274.25,262.79998779296875,263.6000061035156,26163600,-0.0857828869484365,-1.1151775303296745,0.6111788749694824,-0.9516723491251469,0.4231621119477319,13.0
2023-06-08,260.6199951171875,267.6499938964844,258.8800048828125,264.5799865722656,20899400,-0.12779169425587444,-2.1724588023498654,0.5625680238008499,-0.8858447158709168,0.5331042368104724,17.0
2023-06-09,262.4800109863281,267.95001220703125,261.70001220703125,264.95001220703125,16949800,0.1618016526962702,2.1034214850515127,0.8397931531071663,-0.33590344339609146,0.3905751672545868,13.0
2023-06-12,267.1700134277344,271.75,265.3299865722656,271.04998779296875,15442500,0.33585042009751004,1.00755126029253,0.8457322027534246,0.04437711462378502,0.4430792158255653,3.0
2023-06-13,274.8800048828125,275.7200012207031,269.0899963378906,271.32000732421875,16164000,0.06277140520978719,0.5021712416782975,0.1998744234442711,-0.10435771942138672,0.0941132833191874,8.0
2023-06-14,271.8900146484375,274.989990234375,268.32000732421875,273.3500061035156,19175100,-0.11140577415270465,-0.7798404190689325,0.26912562642246485,-0.9150778707116842,0.46504725423942167,7.0
2023-06-15,272.29998779296875,283.989990234375,271.4200134277344,281.8299865722656,25973500,-0.13512443471699953,-1.0809954777359962,0.6642400622367859,-0.9610770288854837,0.5268958695371903,8.0
2023-06-16,284.75,287.8500061035156,280.1300048828125,281.0,43127700,-0.11170803970442368,-1.452204516157508,0.8677053917199373,-0.9639070676639676,0.7320966014072898,13.0
2023-06-20,278.7300109863281,284.79998779296875,276.2200012207031,284.3299865722656,20701600,-0.03344236547127366,-0.20065419282764196,0.6318451017141342,-0.5854880921542645,0.4236394250903204,6.0
2023-06-21,283.5299987792969,284.0,278.3599853515625,281.6400146484375,20556200,-0.13003178093848483,-0.9102224665693939,0.905588049441576,-0.9682355704717338,0.5732725092629645,7.0
2023-06-22,279.0799865722656,285.260009765625,277.7900085449219,284.8800048828125,17563100,-0.08089593328027563,-0.8898552660830319,0.8195897173136473,-0.8541062958538532,0.5162080959556672,11.0
2023-06-23,281.510009765625,289.6700134277344,278.95001220703125,288.7300109863281,51092000,-0.03517205764849981,-0.31654851883649826,0.5317245032638311,-0.7316636070609093,0.43825137962269084,9.0
2023-06-26,288.70001220703125,289.7900085449219,277.6000061035156,278.4700012207031,24232700,-0.011942426674067974,-0.1433091200888157,0.7602514894679189,-0.9435765966773033,0.5215807525538106,12.0
2023-06-27,282.010009765625,289.3500061035156,280.6499938964844,287.04998779296875,26108300,0.1902926405891776,3.0446822494268417,0.9111697701737285,-0.9608358033001423,0.4757197327401678,16.0
2023-06-28,284.82000732421875,289.54998779296875,284.0599975585937,285.2900085449219,16722100,0.12471005355473608,0.9976804284378886,0.8075310662388802,-0.5825393348932266,0.4121944732956962,8.0
2023-06-29,284.5,286.57000732421875,280.69000244140625,281.5299987792969,15395700,-0.20050727191846818,-1.6040581753477454,0.13044328428804874,-0.8947447156533599,0.42942822364813643,8.0
2023-06-30,284.760009765625,289.04998779296875,284.4200134277344,286.9800109863281,19694900,-0.008198846247978508,-0.06559076998382807,0.8473788062110543,-0.9316070154309273,0.6614099781279017,8.0
2023-07-03,286.70001220703125,289.3999938964844,284.8500061035156,286.0199890136719,8629300,0.13058911222550604,1.1753020100295544,0.6145968083292246,-0.26648797281086445,0.2882204672351252,9.0
2023-07-05,287.6499938964844,298.1199951171875,286.3599853515625,294.3699951171875,33865500,-0.10868690647184849,-1.6303035970777273,0.9371166545897722,-0.873824518173933,0.5592945812866971,15.0
2023-07-06,295.8900146484375,298.1199951171875,291.3099975585937,291.989990234375,47600500,-0.045285112829878925,-1.3585533848963678,0.9277462586760521,-0.9671028135344386,0.6248761538414498,30.0
2023-07-07,292.17999267578125,296.20001220703125,288.6600036621094,290.5299987792969,25586000,-0.10518464553528108,-1.367400391958654,0.5224772840738297,-0.9530265778303146,0.4759399502172637,13.0
2023-07-10,295.54998779296875,298.1300048828125,287.04998779296875,294.1000061035156,37058300,0.20098161016358063,3.21570576261729,0.9140016064047813,-0.8861132822930813,0.5643901876162267,16.0
2023-07-11,293.8999938964844,300.17999267578125,291.8999938964844,298.2900085449219,27585900,-0.08546129216750463,-1.2819193825125694,0.7074526511132717,-0.925500713288784,0.5398078658175937,15.0
2023-07-12,301.75,309.45001220703125,300.1000061035156,309.3399963378906,36677100,0.1898591779446339,3.227606025058776,0.9061017204076052,-0.6995849777013063,0.4783666277192634,17.0
2023-07-13,313.6199951171875,316.239990234375,310.2900085449219,313.4100036621094,30281000,0.20044941717366638,3.8085389262996614,0.9260799828916788,-0.9205512562766671,0.564593192403365,19.0
2023-07-14,311.7900085449219,314.8800048828125,307.3599853515625,308.8699951171875,23054100,-0.08703672265013059,-0.5222203359007835,0.3465561028569937,-0.9605052648112178,0.4538226110061444,6.0
2023-07-17,307.5400085449219,311.7099914550781,304.7099914550781,310.6199951171875,25323100,-0.04900918229434051,-0.9311744635924697,0.9342565964907408,-0.9641248630359769,0.7095295759894835,19.0
2023-07-18,310.8800048828125,314.20001220703125,307.6199951171875,312.04998779296875,20731900,0.11752458292370041,1.7628687438555062,0.8941973075270653,-0.9605437628924847,0.5263475802029406,15.0
2023-07-19,313.0299987792969,318.67999267578125,310.5199890136719,316.010009765625,21763700,0.13594786507578996,1.7673222459852695,0.9164459854364395,-0.9621030688285828,0.6713125072880365,13.0
2023-07-20,313.5,315.5400085449219,302.2200012207031,302.5199890136719,23836900,-0.09548930016656716,-0.572935800999403,0.17208995670080185,-0.9252151604741812,0.41583402029350586,6.0
2023-07-21,304.57000732421875,305.4599914550781,291.20001220703125,294.260009765625,42139300,0.012668617574187616,0.1520234108902514,0.8871858641505241,-0.9693459519185126,0.7397869645573515,12.0
2023-07-24,295.7799987792969,297.5199890136719,288.29998779296875,291.6099853515625,24915700,0.22617242624983191,1.8093794099986553,0.8779219016432762,-0.40962687134742737,0.43567674408535667,8.0
2023-07-25,295.19000244140625,298.29998779296875,291.8599853515625,294.4700012207031,19585600,0.2535776101837033,4.817974593490362,0.9251472447067499,-0.909815113991499,0.5564184555182311,19.0
2023-07-26,301.19000244140625,301.7699890136719,291.8999938964844,298.57000732421875,47256900,0.1724020221736282,4.137648532167077,0.9272503238171339,-0.8400213923305273,0.5078932211274529,24.0
2023-07-27,325.1199951171875,325.3500061035156,309.8399963378906,311.7099914550781,64229200,0.4284850928039911,20.567284454591572,0.9379774294793606,-0.9084904976189137,0.5088521157511857,48.0
2023-07-28,316.8800048828125,326.20001220703125,314.25,325.4800109863281,39220300,0.2510149232111871,3.5142089249566197,0.9284758474677801,-0.9668013323098421,0.6329205646549225,14.0
2023-07-31,323.69000244140625,325.6600036621094,317.5899963378906,318.6000061035156,25799600,-0.1385997348309805,-0.831598408985883,0.25831561302766204,-0.9631397072225809,0.43306475603517275,6.0
2023-08-01,317.5400085449219,324.1400146484375,314.6600036621094,322.7099914550781,22817900,-0.06634457399033838,-1.1942023318260908,0.9268832840025425,-0.9667473686859012,0.5142968865070454,18.0
2023-08-02,318.0,318.3900146484375,310.6499938964844,314.3099975585937,20461100,-0.038239508479212724,-0.45887410175055265,0.8564299419522285,-0.9337198976427317,0.5944280359285681,12.0
2023-08-03,309.92999267578125,315.95001220703125,309.92999267578125,313.19000244140625,15180200,-0.0061944567465356416,-0.04336119722574949,0.9100985191762447,-0.868459191173315,0.5862539763368015,7.0
2023-08-04,314.9599914550781,318.4100036621094,310.20001220703125,310.7300109863281,17612800,-0.05320027398152484,-0.47880246583372355,0.9213269483298063,-0.9614561125636101,0.5087187137575158,9.0
2023-08-07,313.2300109863281,317.07000732421875,310.4599914550781,316.5599975585937,16236500,-0.1342644094489515,-1.3426440944895148,0.7779955565929413,-0.9631200153380632,0.5724039897752453,10.0
2023-08-08,314.3999938964844,317.8900146484375,310.1099853515625,312.6400146484375,15183500,-0.19211755343712866,-0.7684702137485147,0.08335734438151121,-0.3703048974275589,0.199329099690698,4.0
2023-08-09,312.8800048828125,313.6300048828125,302.8500061035156,305.2099914550781,19955800,0.1555919973179698,0.9335519839078188,0.8497932776808739,-0.0023675374686717987,0.34045189442775353,6.0
2023-08-10,307.94000244140625,312.3399963378906,303.8699951171875,305.739990234375,14358900,0.024625130722092256,0.22162617649883032,0.9267408214509487,-0.9488730719313025,0.5388187260076122,9.0
2023-08-11,302.57000732421875,304.7200012207031,300.3599853515625,301.6400146484375,14046300,0.2380555072799325,1.1902775363996625,0.9257974699139595,-0.53244973346591,0.5899036226996214,5.0
2023-08-14,300.9800109863281,306.2099914550781,298.25,306.19000244140625,15641900,-0.06118872473016381,-0.6118872473016381,0.9029121864587069,-0.963319250382483,0.49210463244634617,10.0
2023-08-15,306.1400146484375,307.2300109863281,300.0299987792969,301.95001220703125,11623600,0.20510509442538022,1.0255254721269011,0.8960516899824142,-0.1425211876630783,0.4027356429166986,5.0
2023-08-16,300.20001220703125,301.0799865722656,294.2799987792969,294.2900085449219,18547700,-0.03493755352165964,-0.31443798169493675,0.8272764421999454,-0.934049136005342,0.5923382346967577,9.0
2023-08-17,293.04998779296875,296.04998779296875,284.95001220703125,285.0899963378906,23950100,-0.21573128495365382,-2.157312849536538,0.7320439573377371,-0.9642298575490713,0.6178921384077397,10.0
2023-08-18,279.0299987792969,285.69000244140625,274.3800048828125,283.25,35347900,-0.06235015012013415,-0.7482018014416099,0.8591547133401036,-0.9547737324610353,0.7028772354605759,12.0
2023-08-21,283.45001220703125,290.5,281.8500061035156,289.8999938964844,20181500,-0.1913210961036384,-1.913210961036384,0.3470952957868576,-0.9584828298538923,0.45372385831242895,10.0
2023-08-22,292.54998779296875,292.8999938964844,286.75,287.6000061035156,12980200,-0.24110673378933878,-4.098814474418759,0.4591449499130249,-0.9219742249697447,0.48509110956365453,17.0
2023-08-23,288.5,297.3999938964844,287.6700134277344,294.239990234375,18287000,-0.0898332605854823,-1.16783238761127,0.9289885349571705,-0.9419004051014781,0.45696778036678926,13.0
2023-08-24,298.5,299.4599914550781,286.6400146484375,286.75,18360900,0.17193542618770152,1.3754834095016122,0.9277123399078846,-0.8905079569667578,0.6663420021943258,8.0
2023-08-25,286.1300048828125,288.3900146484375,276.0299987792969,285.5,23701400,0.10113132855622098,0.8090506284497678,0.8882243949919939,-0.7919194661080837,0.5280510190876732,8.0
2023-08-28,288.0,291.45001220703125,285.79998779296875,290.260009765625,14239300,-0.10712617666771014,-0.6427570600062609,0.06018706038594246,-0.6754909306764603,0.2848277843296356,6.0
2023-08-29,288.5799865722656,299.1499938964844,288.17999267578125,297.989990234375,20844500,-0.12941480944441122,-1.4235629038885236,0.5454994179308414,-0.8507552333176136,0.4787563478463762,11.0
2023-08-30,297.1700134277344,298.2900085449219,293.42999267578125,295.1000061035156,17717000,-0.09377040807157755,-0.28131122421473265,0.07671938557177782,-0.35405030846595764,0.22899198627487244,3.0
2023-08-31,295.79998779296875,301.1000061035156,295.6600036621094,295.8900146484375,17229900,-0.04203536066537102,-0.2522121639922261,0.6899411864578724,-0.9564140941947699,0.530843155024796,6.0
2023-09-01,299.3699951171875,301.739990234375,294.4700012207031,296.3800048828125,12842300,0.32090396356458467,1.925423781387508,0.8512573894113302,-0.17054420709609985,0.4490796871863687,6.0
2023-09-05,297.0199890136719,301.3900146484375,295.510009765625,300.1499938964844,14956000,0.06513272481970489,0.7815926978364587,0.9271989455446601,-0.9076181128621101,0.5321386341518548,12.0
2023-09-06,301.7099914550781,303.29998779296875,295.6600036621094,299.1700134277344,15418100,-0.0011405621965726216,-0.00684337317943573,0.9324307274073362,-0.9423467991873622,0.6012312280073694,6.0
2023-09-07,298.0,307.04998779296875,292.2200012207031,298.6700134277344,33748700,0.13026419654488564,0.6513209827244282,0.8270236402750015,-0.31416839361190796,0.4203648202563578,5.0
2023-09-08,299.2200012207031,305.25,296.7799987792969,297.8900146484375,17548000,0.09001057439794143,0.5400634463876486,0.3440058045089245,-0.0228104405105114,0.1417529852912529,6.0
2023-09-11,301.4100036621094,309.0400085449219,301.2799987792969,307.5599975585937,19489300,0.20548515766859055,1.4383961036801338,0.9241493865847588,-0.4139965996146202,0.4296992185398373,7.0
2023-09-12,306.3299865722656,308.6600036621094,300.2300109863281,301.6600036621094,13480400,0.2019993495196104,0.8079973980784416,0.6055151335895061,0.03388053737580776,0.2703200533076212,4.0
2023-09-13,302.3599853515625,307.17999267578125,301.32000732421875,305.0599975585937,13210900,0.1754377285639445,1.5789395570755005,0.6418427797034383,-0.1425211876630783,0.27104483312102956,9.0
2023-09-14,306.739990234375,312.8699951171875,305.0299987792969,311.7200012207031,19343100,0.21365812281146646,1.2819487368687987,0.9220403945073485,0.025404643267393112,0.34921047028659086,6.0
2023-09-15,311.6099853515625,312.0,298.75,300.3099975585937,28131100,0.33082898389548065,1.6541449194774032,0.9285707278177142,0.030102085322141647,0.4187563238027991,5.0
2023-09-18,298.19000244140625,303.6000061035156,297.79998779296875,302.54998779296875,14234200,0.3783514490351081,2.6484601432457566,0.9324764106422663,-0.04441317915916443,0.3677943931639819,7.0
2023-09-19,302.4800109863281,306.1700134277344,299.8099975585937,305.07000732421875,15924400,-0.04748603664338589,-0.23743018321692944,0.11867638863623142,-0.4499773532152176,0.2283255615849201,5.0
2023-09-20,305.04998779296875,308.0599975585937,299.42999267578125,299.6700134277344,19379500,0.24199788353871554,1.9359830683097243,0.8896770444698632,-0.8613991672173142,0.5699580029887453,8.0
2023-09-21,295.70001220703125,300.260009765625,293.2699890136719,295.7300109863281,21319600,0.04919340070337057,0.24596700351685286,0.9182920204475522,-0.7695031128823757,0.597599633333514,5.0
2023-09-22,299.29998779296875,305.3800048828125,298.2699890136719,299.0799865722656,25369600,0.06995569508184087,0.7695126459002495,0.9347002618014812,-0.8957654796540737,0.5635262813581228,11.0
2023-09-25,295.6400146484375,300.95001220703125,293.70001220703125,300.8299865722656,18987000,0.28970180669178563,0.869105420075357,0.7981013860553503,0.031225108541548252,0.44030772326730166,3.0
2023-09-26,297.6600036621094,300.29998779296875,296.010009765625,298.9599914550781,19417200,-0.24077276606112719,-2.1669548945501447,0.3120781686156988,-0.9360999818891287,0.48558147468183016,9.0
2023-09-27,300.45001220703125,301.29998779296875,286.7900085449219,297.739990234375,36429800,0.08659195238724351,2.5977585716173053,0.9101999364793301,-0.9647036511451006,0.591763817630262,30.0
2023-09-28,298.94000244140625,306.3299865722656,296.70001220703125,303.9599914550781,22167100,0.18590839641789594,3.346351135522127,0.8351344810798764,-0.1389836221933365,0.2548468640877583,18.0
2023-09-29,307.3800048828125,310.6400146484375,299.3599853515625,300.2099914550781,25373700,-0.006774439592845738,-0.054195516742765903,0.4186162129044533,-0.5934327151626348,0.3086370561419673,8.0
2023-10-02,302.739990234375,307.17999267578125,301.6300048828125,306.82000732421875,16265600,0.31189258988015356,3.1189258988015354,0.9383115731179714,-0.03183682635426521,0.4177570171460765,10.0
2023-10-03,304.260009765625,306.7699890136719,299.6400146484375,300.94000244140625,17362300,-0.44482429731975903,-4.893067270517349,0.10840197838842869,-0.9662172892130911,0.46352690452541695,11.0
2023-10-04,298.7300109863281,306.8999938964844,298.5,305.5799865722656,16880500,0.1093404935207218,1.093404935207218,0.9270669296383858,-0.938646140974015,0.5268063903122098,10.0
2023-10-05,304.6300048828125,306.2099914550781,299.5,304.7900085449219,19130000,-0.3301817271858454,-2.9716355446726084,0.6144680827856064,-0.9590394496917725,0.6350958648255897,9.0
2023-10-06,301.44000244140625,316.3099975585937,300.9100036621094,315.42999267578125,21803900,-0.28235059208236635,-2.258804736658931,0.2584553398191929,-0.9266518168151379,0.4644644614694939,8.0
2023-10-09,312.5,320.3299865722656,311.82000732421875,318.3599853515625,22503700,-0.0064126051962375644,-0.03206302598118782,0.9036250254139304,-0.715574306435883,0.5948191086533534,5.0
2023-10-10,319.1199951171875,324.6600036621094,318.1600036621094,321.8399963378906,19038000,-0.05702812559902668,-0.2851406279951334,0.546827170997858,-0.596609253436327,0.4220876992445908,5.0
2023-10-11,323.010009765625,328.8399963378906,322.95001220703125,327.82000732421875,22036300,-0.302506425883621,-3.0250642588362098,0.9388423133641481,-0.9372959639877081,0.6069816970331166,10.0
2023-10-12,328.0,330.5400085449219,322.69000244140625,324.1600036621094,20530500,0.1194773142846922,1.7921597142703831,0.9268178772181273,-0.9484809814020991,0.6101649605055101,15.0
2023-10-13,323.5299987792969,325.04998779296875,312.3699951171875,314.69000244140625,21341000,-0.2481281939893961,-1.2406409699469805,0.5480516878888011,-0.9442168520763516,0.6424436182980621,5.0
2023-10-16,318.6400146484375,321.82000732421875,315.5199890136719,321.1499938964844,16536100,0.17268421527530467,1.2087895069271326,0.7362125078216195,-0.2045769989490509,0.32824140648734895,7.0
2023-10-17,318.17999267578125,324.3999938964844,317.29998779296875,324.0,16387800,0.07534535904414952,0.6027628723531961,0.9296302488073707,-0.8669477915391326,0.663942401958279,8.0
2023-10-18,321.3900146484375,325.94000244140625,315.5599975585937,316.9700012207031,16851000,0.0887265515380672,0.6210858607664704,0.8844604920595884,-0.9518441567197442,0.5452678894922645,7.0
2023-10-19,319.8800048828125,321.8900146484375,311.75,312.8099975585937,18709200,0.052479211447967425,0.4723129030317068,0.5778560005128384,-0.7749261260032654,0.3596113069665507,9.0
2023-10-20,314.1400146484375,315.29998779296875,306.4700012207031,308.6499938964844,22312300,0.1938525151927024,1.5508201215416193,0.9103535199537873,-0.9153488911688328,0.5828019044437565,8.0
2023-10-23,309.5,317.3599853515625,307.260009765625,314.010009765625,17796800,0.37086230968790396,2.5960361678153276,0.8104681335389614,-0.22956065088510513,0.4230469028368043,7.0
2023-10-24,316.7799987792969,318.3500061035156,310.6300048828125,312.54998779296875,19525500,0.06979796117437738,0.9771714564412832,0.9214069433510303,-0.9065885059535503,0.5231092989674748,14.0
2023-10-25,310.0,310.8800048828125,298.8399963378906,299.5299987792969,42192500,-0.16086306093536593,-4.34330264525488,0.9325792826712132,-0.9668837967328727,0.6469860023303564,27.0
2023-10-26,295.0,295.0,279.3999938964844,288.3500061035156,66684100,-0.2817317035980523,-9.86060962593183,0.9399660481140018,-0.9673837590962648,0.6668141503507202,35.0
2023-10-27,294.4800109863281,299.3099975585937,292.9700012207031,296.7300109863281,29596300,-0.14840461514317072,-1.9292599968612194,0.8868543729186058,-0.9458832107484341,0.5977527936693774,13.0
2023-10-30,299.0899963378906,309.3999938964844,299.04998779296875,302.6600036621094,28435100,0.23064218984486964,2.9983484679833055,0.9321329779922962,-0.9631124613806605,0.5656203746406532,13.0
2023-10-31,303.3099975585937,303.67999267578125,296.8599853515625,301.2699890136719,19434200,0.18220148410182446,1.4576118728145957,0.9002076871693134,-0.22056980058550835,0.37197470429348045,8.0
2023-11-01,301.8500061035156,312.739990234375,301.8500061035156,311.8500061035156,20434600,-0.02056815577670932,-0.20568155776709318,0.9252923894673586,-0.7763134483247995,0.5659061788475974,10.0
2023-11-02,317.29998779296875,318.82000732421875,308.3299865722656,310.8699951171875,21631800,0.24551419597119092,1.2275709798559546,0.893097747117281,0.02794436179101467,0.3653733268370097,5.0
2023-11-03,312.54998779296875,315.54998779296875,311.0199890136719,314.6000061035156,16764300,-0.1493396045640111,-0.7466980228200555,0.0625242218375206,-0.8740031169727445,0.40567016736941364,5.0
2023-11-06,315.9800109863281,318.3299865722656,314.45001220703125,315.79998779296875,12887700,0.10922221847894517,1.2014444032683969,0.9357831124216318,-0.8234276417642832,0.5457285423680733,11.0
2023-11-07,317.0599975585937,321.0,315.1199951171875,318.82000732421875,14055600,0.061792014981620014,0.4943361198529601,0.9307959713041782,-0.911639042198658,0.6179414140186712,8.0
2023-11-08,318.1400146484375,321.3299865722656,314.8800048828125,319.7799987792969,13609700,0.26437292131595314,2.114983370527625,0.8691182630136609,-0.017175784334540367,0.330625962690346,8.0
2023-11-09,319.4200134277344,324.17999267578125,318.79998779296875,320.54998779296875,16103100,-0.002707785926759243,-0.024370073340833187,0.8018103539943695,-0.5802386105060577,0.40712360761917993,9.0
2023-11-10,319.94000244140625,329.1000061035156,319.4599914550781,328.7699890136719,19096200,0.0649534739786759,0.5196277918294072,0.8913296014070511,-0.9626566171646118,0.7154904438919878,8.0
2023-11-13,326.20001220703125,332.3299865722656,325.70001220703125,329.19000244140625,16908900,-0.0529303151803712,-0.31758189108222723,0.9357934454455972,-0.8826118018478155,0.6669913906533962,6.0
2023-11-14,334.5400085449219,338.1000061035156,333.3299865722656,336.3099975585937,17179400,0.11747179442847316,1.2921897387132049,0.9167231190949678,-0.8573808819055557,0.4577572142145517,11.0
2023-11-15,337.92999267578125,338.3999938964844,330.0199890136719,332.7099914550781,14531200,0.11811856898878302,0.8268299829214811,0.9016667678952217,-0.9145055850967765,0.5921044665013968,7.0
2023-11-16,329.3699951171875,334.5799865722656,326.3800048828125,334.19000244140625,18932600,0.0024215448647737503,0.012107724323868752,0.35921562649309635,-0.45181120932102203,0.29525053820027947,5.0
2023-11-17,330.260009765625,335.5,329.3500061035156,335.0400085449219,14494400,-0.30652270426175426,-2.1456589298322797,0.11105764657258987,-0.9650803236290812,0.4819315370651218,7.0
2023-11-20,334.8900146484375,341.8699951171875,334.19000244140625,339.9700012207031,16960500,0.029224318452179432,0.20457022916525602,0.9031407870352268,-0.7286811852827668,0.49253816196370925,7.0
2023-11-21,338.3299865722656,339.8999938964844,335.8999938964844,336.9800109863281,12027900,0.14093671619359935,0.9865570133551955,0.9363880977034569,-0.8730138819664717,0.5472797212294271,7.0
2023-11-22,339.2099914550781,342.9200134277344,338.5799865722656,341.489990234375,10702700,0.3309412311230387,2.316588617861271,0.9282796792685986,-0.46457090601325035,0.5605464854861114,7.0
2023-11-24,340.1300048828125,341.8599853515625,336.7699890136719,338.2300109863281,5467500,-0.2112470930442214,-0.6337412791326642,0.292025295086205,-0.9483832456171513,0.6524358452766613,3.0
2023-11-27,336.17999267578125,339.8999938964844,334.20001220703125,334.70001220703125,15684500,-0.32825796864926815,-1.6412898432463408,0.05444825813174248,-0.8649086626246572,0.4859294101540119,5.0
2023-11-28,333.3999938964844,339.3800048828125,333.3999938964844,338.989990234375,12637200,-0.06299408990889788,-0.6299408990889788,0.9070199523121119,-0.9491794072091579,0.7253871904778479,10.0
2023-11-29,339.69000244140625,339.8999938964844,330.7799987792969,332.20001220703125,16024500,0.06697125220671296,0.40182751324027777,0.8115287274122238,-0.91587452031672,0.5800491307089307,6.0
2023-11-30,331.8900146484375,333.5,322.3999938964844,327.1499938964844,23146400,-0.2321769641712308,-2.7861235700547695,0.2003488503396511,-0.9486901480704546,0.39007635038258043,12.0
2023-12-01,325.4800109863281,326.8599853515625,320.760009765625,324.82000732421875,15276400,-0.07746357896498271,-0.542245052754879,0.7097461456432939,-0.9491517078131437,0.5189533466693477,7.0
2023-12-04,317.2900085449219,320.8599853515625,313.6600036621094,320.0199890136719,19037100,0.15021027252078056,1.351892452687025,0.9092644192278385,-0.8613967513665557,0.48918427331755676,9.0
2023-12-05,318.9800109863281,321.8800048828125,315.3900146484375,318.2900085449219,16952100,0.008344537179384912,0.05841176025569439,0.6349204983562231,-0.937192752957344,0.4779135539085343,7.0
2023-12-06,321.92999267578125,322.25,317.0400085449219,317.45001220703125,11294300,0.24490656703710556,2.20415910333395,0.861879363656044,-0.13704943656921387,0.34714597815594356,9.0
2023-12-07,317.7699890136719,328.239990234375,317.7699890136719,326.5899963378906,15905100,0.1679899123393827,3.0238184221088886,0.9144390616565943,-0.9534533144906163,0.5063049348479025,18.0
2023-12-08,323.0899963378906,333.1700134277344,323.0,332.75,14087400,0.368828246503004,2.581797725521028,0.8954174853861332,-0.01767689548432827,0.3527796971436723,7.0
2023-12-11,329.3999938964844,329.8900146484375,320.0,325.2799987792969,25802500,0.010875886306166649,0.054379431530833244,0.24036040995270014,-0.3357573449611664,0.21326229287693568,5.0
2023-12-12,324.6000061035156,334.4700012207031,324.5599975585937,334.2200012207031,18485500,-0.001710051138486181,-0.011970357969403267,0.33623671531677246,-0.9052859460934997,0.4231940134831403,7.0
2023-12-13,333.92999267578125,338.3699951171875,332.6400146484375,334.739990234375,16353300,0.2015685699880123,1.0078428499400616,0.917056929320097,-0.0028739050030708313,0.4002839102440922,5.0
2023-12-14,333.8500061035156,334.70001220703125,328.6400146484375,333.1700134277344,19607300,0.3035947347737171,3.3395420825108886,0.9208152424544096,-0.96546093467623,0.553627685476828,11.0
2023-12-15,331.989990234375,338.6600036621094,331.2200012207031,334.9200134277344,31776900,-0.10006709924588601,-0.600402595475316,0.9215619955211878,-0.8737446032464504,0.6790275761396831,6.0
2023-12-18,337.4800109863281,347.5599975585937,337.0199890136719,344.6199951171875,18993900,-0.1337222419679165,-1.069777935743332,0.83783358335495,-0.8952669706195593,0.5918267683377803,8.0
2023-12-19,345.5799865722656,353.6000061035156,345.1199951171875,350.3599853515625,17729400,-0.2081608023494482,-1.040804011747241,0.8501525763422251,-0.8380359206348658,0.6916857807368535,5.0
2023-12-20,348.6499938964844,354.9599914550781,347.7900085449219,349.2799987792969,16369900,0.08421632430205743,0.7579469187185168,0.9307566080242395,-0.9500835677608848,0.6075655590107738,9.0
2023-12-21,352.9800109863281,356.4100036621094,349.2099914550781,354.0899963378906,15289600,0.16383697340885797,1.4745327606797218,0.9337336737662554,-0.8418380226939917,0.6728597530871936,9.0
2023-12-22,355.5799865722656,357.20001220703125,351.2200012207031,353.3900146484375,11772800,0.1401125275130783,0.980787692591548,0.9171728864312172,-0.956701428629458,0.6304596902614328,7.0
2023-12-26,354.989990234375,356.9800109863281,353.45001220703125,354.8299865722656,9898600,0.056666525080800056,0.22666610032320023,0.5519855935126543,-0.552472798153758,0.46095884632615886,4.0
2023-12-27,356.07000732421875,359.0,355.3099975585937,357.8299865722656,13207900,0.197988900821656,1.583911206573248,0.9299713708460331,-0.9218891924247146,0.5922771000570304,8.0
2023-12-28,359.70001220703125,361.8999938964844,357.8099975585937,358.32000732421875,11798800,0.6324472564272583,6.3244725642725825,0.9238500371575356,-0.04304453730583191,0.42271020557238553,10.0
2023-12-29,358.989990234375,360.0,351.82000732421875,353.9599914550781,14987100,0.19929603580385447,1.1957762148231268,0.8911588378250599,0.02997351437807083,0.3396562804106764,6.0
2024-01-02,351.32000732421875,353.1600036621094,340.010009765625,346.2900085449219,19042200,-0.28105259814765304,-2.2484207851812243,0.07905746810138226,-0.9632128709927201,0.46556022012046644,8.0
2024-01-03,344.9800109863281,347.95001220703125,343.17999267578125,344.4700012207031,15451100,-0.09352128064104666,-1.12225536769256,0.833376542199403,-0.9527100315317512,0.5900870728250746,12.0
2024-01-04,344.5,348.1499938964844,343.3999938964844,347.1199951171875,12099900,-0.3186485192272812,-2.5491881538182497,0.10083289444446564,-0.966241049580276,0.4806895892607519,8.0
2024-01-05,346.989990234375,353.5,346.260009765625,351.95001220703125,13920700,-0.20390977407805622,-0.8156390963122249,0.09934216272085905,-0.9445800390094519,0.4955337460487612,4.0
2024-01-08,354.70001220703125,358.9800109863281,352.04998779296875,358.6600036621094,13890200,0.035403753497770855,0.24782627448439598,0.8729053735733032,-0.8351515755057335,0.512520154458704,7.0
2024-01-09,356.3999938964844,360.6400146484375,355.3599853515625,357.42999267578125,13463900,0.373438909300603,2.987511274404824,0.7561439042910933,0.027556627988815308,0.27264980238726966,8.0
2024-01-10,360.1700134277344,372.9400024414063,359.0799865722656,370.4700012207031,22117200,-0.02745976775056786,-0.24713790975511074,0.6326833739876747,-0.9118279283866286,0.5555713924408058,9.0
2024-01-11,372.1300048828125,372.7799987792969,362.9299926757813,369.6700134277344,17205400,0.032331331233893125,0.22631931863725185,0.8540856875479221,-0.9434527819976211,0.6754615048023805,7.0
2024-01-12,370.1600036621094,377.05999755859375,369.5400085449219,374.489990234375,19310000,-0.5821541358406345,-3.492924815043807,0.034607453271746635,-0.955073906108737,0.47919960884113233,6.0
2024-01-16,373.6499938964844,375.6099853515625,367.2300109863281,367.4599914550781,15306900,-0.3206395599991083,-0.9619186799973249,0.0001299530267715454,-0.9053353201597929,0.5071583955547827,3.0
2024-01-17,366.2999877929688,368.5400085449219,358.6099853515625,368.3699951171875,12724800,0.23673612795149288,1.4204167677089572,0.9330233540385962,-0.7980580450966954,0.6434862111254464,6.0
2024-01-18,371.489990234375,376.8500061035156,370.9500122070313,376.1300048828125,16354300,0.041536022908985615,0.4984322749078274,0.9367739651352167,-0.8220195807516575,0.5170282497696971,12.0
2024-01-19,379.0,384.3599853515625,377.9700012207031,383.4500122070313,21670800,0.4082146190106869,6.123219285160303,0.903933834284544,-0.4349878095090389,0.4478285654617354,15.0
2024-01-22,387.9500122070313,390.3500061035156,381.1600036621094,381.7799987792969,17680500,0.15927919817881453,1.4335127836093307,0.8951916806399822,-0.12753593921661377,0.30118368993904976,9.0
2024-01-23,384.6199951171875,388.3800048828125,382.0799865722656,385.2000122070313,15506100,0.10111728527893622,0.6067037116736174,0.9274316197261214,-0.8846761519089341,0.7231813242906199,6.0
2024-01-24,390.0,396.1499938964844,387.80999755859375,390.7000122070313,15698500,0.03292222185991704,0.32922221859917045,0.9169700313359499,-0.9454224361106753,0.7067064885811049,10.0
2024-01-25,390.1700134277344,395.489990234375,385.6600036621094,393.1799926757813,15091100,0.04734558961354196,0.3787647169083357,0.8746741497889161,-0.9651172878220677,0.5982552449360414,8.0
2024-01-26,394.3500061035156,396.7900085449219,391.5899963378906,394.1400146484375,13163700,-0.1470962135742108,-0.8825772814452648,0.9239536989480257,-0.9540349850431085,0.7074971972313061,6.0
2024-01-29,394.989990234375,402.9299926757813,393.1000061035156,401.0199890136719,18742400,0.05987516827881336,0.5987516827881336,0.9147070460021496,-0.9622993534430861,0.7560670081476005,10.0
2024-01-30,403.5899963378906,406.3599853515625,399.5700073242188,400.05999755859375,18614700,0.2898665255951611,3.1885317815467715,0.9383417833596468,-0.9582930142059922,0.5928959685707057,11.0
2024-01-31,389.0,398.0,387.1000061035156,390.1400146484375,20180800,-0.13220399664714932,-1.0576319731771946,0.7864586040377617,-0.9608541652560234,0.5907085681415113,8.0
2024-02-01,393.9400024414063,400.5,393.0499877929688,394.7799987792969,29727100,0.15830209517203594,3.640948188956827,0.9299229960888624,-0.9480152130126953,0.5961202761777935,23.0
2024-02-02,459.6000061035156,485.9599914550781,453.010009765625,474.989990234375,84707600,0.34364462019696546,17.869520250242203,0.933269708417356,-0.9680072320625186,0.6016424559399066,52.0
2024-02-05,469.8800048828125,471.8999938964844,459.2200012207031,459.4100036621094,40832400,0.0442263859961378,0.8403013339266181,0.9358261600136757,-0.9510064851492643,0.7068903326266047,19.0
2024-02-06,464.0,467.1199951171875,453.0,454.7200012207031,21655200,0.11232155199266142,1.0108939679339528,0.9166739163920283,-0.9343540798872709,0.495987078567034,9.0
2024-02-07,458.0,471.5199890136719,456.1799926757813,469.5899963378906,23066000,0.09304661490023136,0.4652330745011568,0.9278892185539007,-0.9678904786705971,0.6907711694566635,5.0
2024-02-08,468.3200073242188,470.5899963378906,465.0299987792969,470.0,18815100,0.11337904836266087,1.4739276287145913,0.8477542060427368,-0.8783492520451546,0.46489426100907716,13.0
2024-02-09,472.9500122070313,473.5899963378906,467.4700012207031,468.1099853515625,18413100,-0.19218071482398294,-2.1139878630638123,0.9282322386279702,-0.9372531184926629,0.5889357412943867,11.0
2024-02-12,468.1900024414063,479.1499938964844,466.5799865722656,468.8999938964844,19382000,-0.3897756936494261,-3.118205549195409,0.8571397811174393,-0.9644952975213528,0.649495326187674,8.0
2024-02-13,456.8699951171875,467.8900146484375,455.0899963378906,460.1199951171875,20916600,-0.31463911783482346,-2.2024738248437643,0.30687309987843037,-0.9537489768117666,0.5842178100881187,7.0
2024-02-14,467.9299926757813,474.1099853515625,466.0899963378906,473.2799987792969,16858400,-0.05324481155436773,-0.6921825502067804,0.9309967905282974,-0.9615920437499881,0.6077415365258181,13.0
2024-02-15,475.2799987792969,488.6199951171875,472.2200012207031,484.0299987792969,24212300,0.1485132769766179,1.633646046742797,0.9295594282448292,-0.9263431075960398,0.6824971085020718,11.0
2024-02-16,478.1099853515625,478.9599914550781,469.2099914550781,473.3200073242188,23324600,0.10501074402903517,0.630064464174211,0.8814226100221276,-0.9520727368071675,0.6140890847819171,6.0
2024-02-20,469.7200012207031,476.1799926757813,466.55999755859375,471.75,18015500,0.1296928378029002,1.1672355402261019,0.9158032406121492,-0.6161828767508268,0.3955377916286477,9.0
2024-02-21,466.5,469.0,461.7900085449219,468.0299987792969,12921800,-0.4131395553704351,-1.6525582214817405,0.060624754056334496,-0.9533784026280046,0.532991875735775,4.0
2024-02-22,480.239990234375,489.989990234375,476.05999755859375,486.1300048828125,21625800,0.3144934725132771,2.5159477801062167,0.9313333537429571,0.02640954591333866,0.36416795213038655,8.0
2024-02-23,488.0499877929688,494.3599853515625,482.3500061035156,484.0299987792969,18374300,-0.11232997942715883,-0.44931991770863533,0.41342406906187534,-0.9510537851601839,0.5857696073541001,4.0
2024-02-26,483.4700012207031,486.1400146484375,480.6000061035156,481.739990234375,12101400,0.08508160046767443,0.6806528037413955,0.9414875153452158,-0.5756694823503494,0.42228502458721145,8.0
2024-02-27,479.9800109863281,487.2699890136719,479.9200134277344,487.0499877929688,10809600,-0.014455074754854044,-0.08673044852912426,0.8065720405429602,-0.6045757681131363,0.49706359822495294,6.0
2024-02-28,485.0,491.0499877929688,482.75,484.0199890136719,12715500,0.01473943583135094,0.10317605081945658,0.42992567643523216,-0.9651816328987479,0.4515995875467652,7.0
2024-02-29,488.4400024414063,491.7000122070313,482.6099853515625,490.1300048828125,17732000,-0.29145688004791737,-1.7487412802875042,0.581732390448451,-0.938351659104228,0.6098995912619676,6.0
2024-03-01,492.1099853515625,504.25,491.8500061035156,502.2999877929688,16273600,0.22700217764147304,2.4970239540562034,0.9215507116168737,-0.9304455257952213,0.6580377220679428,11.0
2024-03-04,503.0,504.4200134277344,496.4200134277344,498.1900024414063,12324100,0.19933912137316334,1.79405209235847,0.929421192035079,-0.883916424587369,0.575852601597623,9.0
2024-03-05,495.0,495.5799865722656,487.8900146484375,490.2200012207031,15325300,-0.3731426222679707,-4.850854089483619,0.24431386776268482,-0.9676863541826606,0.5281029927039209,13.0
2024-03-06,497.6300048828125,502.9700012207031,494.2900085449219,496.0899963378906,11757900,-0.2125181903441747,-1.9126637130975723,0.8418597057461739,-0.9585169265046716,0.7678883600885404,9.0
2024-03-07,503.2799987792969,519.8499755859375,501.3800048828125,512.1900024414062,18586400,0.1805853322148323,1.805853322148323,0.8913534469902515,-0.9294829722493887,0.573370458938361,10.0
2024-03-08,514.1900024414062,523.5700073242188,499.3500061035156,505.9500122070313,18597100,-0.48920114644403967,-3.424408025108278,0.05653867684304714,-0.9659199686720967,0.4655755566641343,7.0
2024-03-11,497.010009765625,497.3200073242188,476.0,483.5899963378906,20428300,-0.36418560915626585,-2.913484873250127,0.20537335611879826,-0.9194961506873369,0.5007562900357793,8.0
2024-03-12,493.260009765625,502.30999755859375,484.7300109863281,499.75,15448200,-0.35262652418830176,-3.8788917660713196,0.5084693729877472,-0.9435567278414965,0.5515016094376829,11.0
2024-03-13,495.3900146484375,500.9800109863281,491.0299987792969,495.5700073242188,12090700,0.02528550885617733,0.37928263284265995,0.8996100686490536,-0.9582553328946233,0.6420296091752347,15.0
2024-03-14,500.260009765625,501.3500061035156,488.1600036621094,491.8299865722656,12620000,-0.2621537412230212,-3.4079986358992755,0.626126155257225,-0.9665624112822115,0.5075188511965649,13.0
2024-03-15,489.010009765625,491.8299865722656,481.2999877929688,484.1000061035156,29153600,-0.17931899265386164,-2.1518279118463397,0.7209408301860094,-0.9139568749815226,0.5087068818303305,12.0
2024-03-18,491.9100036621094,497.4200134277344,486.80999755859375,496.9800109863281,11755300,0.2209901542868465,2.209901542868465,0.8595463079400361,-0.9588747778907418,0.5900665958554624,10.0
2024-03-19,488.1700134277344,496.6300048828125,481.2799987792969,496.239990234375,10903100,0.17390720848925412,1.391257667914033,0.9052508287131786,-0.9617368951439857,0.5818214249802914,8.0
2024-03-20,499.5,508.2000122070313,495.1700134277344,505.5199890136719,11711100,0.21034403890371323,1.2620642334222794,0.9284765403717756,-0.8009804487228394,0.6455655942030522,6.0
2024-03-21,514.7100219726562,515.0399780273438,506.010009765625,507.760009765625,9712500,-0.10523144493345171,-0.8418515594676137,0.9239554991945624,-0.9354626210406423,0.6801278305856455,8.0
2024-03-22,507.0,509.9700012207031,504.3399963378906,509.5799865722656,8120600,-0.1516840032612284,-0.9101040195673704,0.6013164017349482,-0.8726566135883331,0.5834779571004155,6.0
2024-03-25,505.7900085449219,507.2200012207031,500.239990234375,503.0199890136719,8380600,-0.4003309273560132,-2.8023164914920926,0.0288473442196846,-0.9607272455468774,0.4018096397864416,7.0
2024-03-26,505.1300048828125,510.0,495.2099914550781,495.8900146484375,11205400,-0.30398612924748,-2.7358751632273197,0.08757317997515202,-0.9520804286003113,0.4649559632071579,9.0
2024-03-27,499.2999877929688,499.8900146484375,488.0700073242188,493.8599853515625,9989700,0.09143485661063876,0.6400439962744713,0.9344617053866386,-0.35797256231307983,0.42307695103989945,7.0
2024-03-28,492.8399963378906,492.8900146484375,485.1499938964844,485.5799865722656,15212800,0.22905820943415164,1.1452910471707582,0.9160509882494807,-0.14609252661466599,0.41432415793855526,5.0
2024-04-01,487.2000122070313,497.4299926757813,481.7799987792969,491.3500061035156,9247000,-0.43887129332870245,-2.1943564666435122,0.07461553160101175,-0.92871611751616,0.48370264845852734,5.0
2024-04-02,485.1000061035156,497.5299987792969,484.6499938964844,497.3699951171875,11081000,0.200035797432065,2.00035797432065,0.9354922901839018,-0.8557079713791609,0.5739363558115959,10.0
2024-04-03,498.9299926757813,507.239990234375,498.75,506.739990234375,12099200,-0.052336620865389705,-0.41869296692311764,0.27440518513321877,-0.8344909306615591,0.33052563023727455,8.0
2024-04-04,516.4199829101562,530.0,510.5799865722656,510.9200134277344,26476300,-0.01816272632115417,-0.16346453689038754,0.8518517911434174,-0.785609545186162,0.5040186297767935,9.0
2024-04-05,516.8599853515625,530.7000122070312,514.4099731445312,527.3400268554688,19263300,0.04645073339343071,0.4645073339343071,0.9321099165827036,-0.8263760879635811,0.6645709085483771,10.0
2024-04-08,529.280029296875,531.489990234375,518.8900146484375,519.25,13260600,0.27458330476656556,1.0983332190662622,0.7616182714700699,0.02837097831070423,0.3385351923437813,4.0
2024-04-09,522.22998046875,525.8699951171875,506.739990234375,516.9000244140625,10863800,0.21663607550518854,1.5164525285363197,0.9281561281532049,-0.9432962341234088,0.7464034406408004,7.0
2024-04-10,509.2900085449219,522.5599975585938,505.7999877929688,519.8300170898438,11418500,0.46198475717877346,1.3859542715363204,0.8883212232030928,0.028295695781707764,0.43005990565053187,3.0
2024-04-11,521.1099853515625,523.8599853515625,517.2899780273438,523.1599731445312,10369500,0.3303933525457978,3.3039335254579782,0.9315726384520531,-0.9404819952324033,0.5879434206608776,10.0
2024-04-12,517.75,520.1900024414062,509.3299865722656,511.8999938964844,11984500,0.2719706810700397,1.631824086420238,0.9211652781814337,-0.4531437084078789,0.5381212603927353,6.0
2024-04-15,516.719970703125,518.530029296875,497.2799987792969,500.2300109863281,13512900,0.08303986396640539,0.8303986396640539,0.9303755071014166,-0.9520473834127188,0.7093763050805253,10.0
2024-04-16,498.1099853515625,504.7699890136719,497.1099853515625,499.760009765625,9847900,-0.04049074914879524,-0.5263797389343381,0.9207562496885657,-0.9604170927777886,0.614389324453536,13.0
2024-04-17,503.1000061035156,503.1600036621094,487.1400146484375,494.1700134277344,12193700,0.20717529787428,2.27892827661708,0.9420677665621042,-0.5860125944018364,0.4239240122659507,11.0
2024-04-18,499.8200073242188,512.2100219726562,499.0400085449219,501.7999877929688,14808700,0.12883978406898677,1.8037569769658148,0.9292614981532097,-0.9105677139014006,0.6120063663123358,14.0
2024-04-19,502.7999877929688,502.7999877929688,475.7300109863281,481.0700073242188,25215400,-0.14490649619450172,-2.1735974429175258,0.9366569090634584,-0.9294515773653984,0.594162353126632,15.0
2024-04-22,489.7200012207031,492.010009765625,473.3999938964844,481.7300109863281,17271100,0.029466115403920412,0.500923961866647,0.8361775651574135,-0.8816195875406265,0.4862406263741996,17.0
2024-04-23,491.25,498.760009765625,488.9700012207031,496.1000061035156,15079200,0.030994890531634584,0.5269131390377879,0.9408214101567864,-0.9206810295581818,0.5642648903403293,17.0
2024-04-24,508.05999755859375,510.0,484.5799865722656,493.5,37772700,0.18276864206117968,5.66582790389657,0.9361594691872597,-0.9671828476712108,0.582041307833206,31.0
2024-04-25,421.3999938964844,445.7699890136719,414.5,441.3800048828125,82890700,-0.1642319114380998,-9.525450863409787,0.9376220013946295,-0.967153986915946,0.5753862102861408,58.0
2024-04-26,441.4599914550781,446.4400024414063,431.9599914550781,443.2900085449219,32691400,0.032302003549902064,0.6137380674481392,0.935302322730422,-0.9619958195835352,0.7500886881297093,19.0
2024-04-29,439.55999755859375,439.760009765625,428.55999755859375,432.6199951171875,21502600,-0.19977149118979773,-2.996572367846966,0.9299292908981442,-0.9639000725001097,0.6061703696424801,15.0
2024-04-30,431.0499877929688,439.6199951171875,429.7200012207031,430.1700134277344,18429500,0.0902512420175804,0.8122611781582236,0.902657188475132,-0.9030699878931046,0.5378165249331261,9.0
2024-05-01,428.6000061035156,449.9599914550781,427.1099853515625,439.1900024414063,20344900,0.03848712691771133,0.2694098884239793,0.9347917456179857,-0.8213210850954056,0.6661186861626717,7.0
2024-05-02,438.8399963378906,443.9599914550781,432.2799987792969,441.6799926757813,15221300,-0.054750455729663375,-0.27375227864831686,0.5703245289623737,-0.9583646142855287,0.5553551496936928,5.0
2024-05-03,445.9299926757813,454.1700134277344,443.8500061035156,451.9599914550781,16489100,0.21598812122829258,0.8639524849131703,0.8038888573646545,0.007017679512500763,0.3920682330336222,4.0
2024-05-06,455.5799865722656,466.1600036621094,453.3399963378906,465.6799926757813,15094600,0.0027625054121017457,0.013812527060508728,0.8958269916474819,-0.9630517456680536,0.6580761840022182,5.0
2024-05-07,466.2900085449219,471.5299987792969,461.30999755859375,468.239990234375,13406800,0.1884890260407701,1.507912208326161,0.9383842842653394,-0.8746617566794157,0.5540057381884089,8.0
2024-05-08,463.5,475.5799865722656,463.0,472.6000061035156,11683900,0.09707441952611719,0.6795209366828203,0.9119062256067991,-0.2848534993827343,0.38286715562826246,7.0
2024-05-09,470.0,476.0799865722656,467.6300048828125,475.4200134277344,9437700,-0.3929480039514601,-2.3576880237087607,0.2244030237197876,-0.9378022914752364,0.5285646752072329,6.0
2024-05-10,477.0899963378906,477.5,469.6000061035156,476.2000122070313,10750000,0.011068383697420359,0.06641030218452215,0.8722804458811879,-0.9044466838240623,0.5623043791253413,6.0
2024-05-13,472.75,473.3500061035156,462.8500061035156,468.010009765625,14668800,0.09719455808711548,1.1663346970453858,0.931877201423049,-0.9238844905048609,0.7139332736592396,12.0
2024-05-14,463.3699951171875,472.5400085449219,460.0799865722656,471.8500061035156,10478600,-0.05886374677841862,-0.5297737210057676,0.8724877038039267,-0.8961495086550713,0.6328904004575899,9.0
2024-05-15,474.9800109863281,482.5,471.2000122070313,481.5400085449219,13100500,-0.022836144215294292,-0.15985300950706005,0.931601039133966,-0.938976475968957,0.6172071225986118,7.0
2024-05-16,475.0,477.6900024414063,472.75,473.2300109863281,16608200,-0.016255627502687275,-0.1300450200214982,0.827947236597538,-0.9355081571266055,0.6166174869320336,8.0
2024-05-17,470.8299865722656,472.7999877929688,468.4200134277344,471.9100036621094,10807300,0.08854731637984514,0.5312838982790709,0.8078830176964402,-0.33529606834053993,0.406700771319594,6.0
2024-05-20,469.9500122070313,473.2000122070313,467.0400085449219,468.8399963378906,11745100,0.10769915914473434,0.6461949548684061,0.8904719948768616,-0.9478870206512511,0.6153163178837769,6.0
2024-05-21,467.1199951171875,470.7000122070313,462.2699890136719,464.6300048828125,11742200,0.12347105296794325,0.987768423743546,0.8562673768028617,-0.9074334083124995,0.5375152598020126,8.0
2024-05-22,467.8699951171875,473.7200012207031,465.6499938964844,467.7799987792969,10078600,0.23903371905907989,2.390337190590799,0.8301362190395594,-0.016197199001908302,0.29787534375971436,10.0
2024-05-23,472.8800048828125,474.3599853515625,461.5400085449219,465.7799987792969,11747900,0.12909024924738333,1.0327219939790666,0.922814104706049,-0.9595155767165124,0.5779633201011564,8.0
2024-05-24,467.6199951171875,479.8500061035156,466.2999877929688,478.2200012207031,12024300,0.18140502111054957,1.4512401688843966,0.9234281573444605,-0.9214717708528042,0.5795496476764724,8.0
2024-05-28,476.5799865722656,480.8599853515625,474.8399963378906,479.9200134277344,10175800,0.19521203537338547,1.3664842476136982,0.9370082365348935,-0.9525701776146889,0.817109974162579,7.0
2024-05-29,474.6600036621094,479.8500061035156,473.7000122070313,474.3599853515625,9226200,0.16330348591630658,0.9798209154978395,0.9137367177754641,-0.41808271780610085,0.4791864210972221,6.0
2024-05-30,471.6700134277344,471.7300109863281,464.7099914550781,467.0499877929688,10719600,0.2071327254641801,2.071327254641801,0.9329365901648998,-0.9217564584687352,0.7079629034974707,10.0
2024-05-31,465.7999877929688,469.1199951171875,454.4599914550781,466.8299865722656,16919800,-0.12668289532884955,-1.2668289532884955,0.8543260581791401,-0.9082625349983573,0.5785455912177921,10.0
2024-06-03,470.8599853515625,479.6000061035156,468.239990234375,477.489990234375,11279400,-0.11787984396020572,-0.35363953188061714,-0.004792137071490288,-0.34220798313617706,0.19427606292458877,3.0
2024-06-04,477.0,478.8900146484375,473.2300109863281,476.989990234375,7088700,3.715868418415388e-05,0.00022295210510492325,0.8852274902164936,-0.9419110175222158,0.7578153935560537,6.0
2024-06-05,484.4500122070313,496.6499938964844,483.9100036621094,495.05999755859375,15690500,0.1301339466124773,1.301339466124773,0.9159169001504779,-0.9386884644627571,0.5994129554695491,10.0
2024-06-06,492.9800109863281,502.8200073242188,490.8900146484375,493.760009765625,10667300,0.3185080857365392,2.5480646858923137,0.9107551835477352,-0.917223677970469,0.6219199665527991,8.0
2024-06-07,495.9100036621094,498.9100036621094,490.1700134277344,492.9599914550781,9380700,0.3106689184593658,1.8640135107561946,0.7435020506381989,0.017055094242095947,0.3274964689611228,6.0
2024-06-10,493.8599853515625,502.6600036621094,493.4100036621094,502.6000061035156,11220900,0.3233056490478868,3.5563621395267546,0.9153774362057447,-0.758661050349474,0.5871187757022654,11.0
2024-06-11,500.1600036621094,507.6000061035156,498.2699890136719,507.4700012207031,9673700,0.183466292400327,1.651196631602943,0.9234351571649313,-0.8655906822532415,0.5946478033333533,9.0
2024-06-12,513.989990234375,514.010009765625,504.4700012207031,508.8399963378906,11983200,0.03557281201938167,0.2845824961550534,0.6415244787931442,-0.8897569961845875,0.44170709820177656,8.0
2024-06-13,505.7099914550781,509.3599853515625,501.3599853515625,504.1000061035156,9954600,0.10829554684460163,1.191251015290618,0.926649896427989,-0.9565956583246589,0.7574293192616226,11.0
2024-06-14,502.6499938964844,507.1499938964844,500.75,504.1600036621094,10243300,-0.14308719628024846,-1.1446975702419877,0.7243997063487768,-0.941303457133472,0.49860288950614323,8.0
2024-06-17,501.6700134277344,510.75,496.010009765625,506.6300048828125,11266600,0.09645382377008598,0.5787229426205158,0.93372524343431,-0.9316286314278841,0.673783469974496,6.0
2024-06-18,504.55999755859375,506.0,495.0199890136719,499.489990234375,13060400,-0.11875048110960051,-0.9500038488768041,0.9363286951556802,-0.9234325811266899,0.602121675076239,8.0
2024-06-20,502.0,503.6700134277344,496.7699890136719,501.7000122070313,11801200,0.15439980942755938,1.8527977131307125,0.9333169963210821,-0.5500843524932861,0.5509957696888316,12.0
2024-06-21,503.4500122070313,503.4500122070313,492.3900146484375,494.7799987792969,22359200,-0.2114918121535863,-1.4804426850751042,0.21075211558490992,-0.859672550112009,0.3612183326161504,7.0
2024-06-24,499.2000122070313,507.7999877929688,494.2900085449219,498.9100036621094,13525300,0.04742982026866891,0.521728022955358,0.9280382543802261,-0.9555117171257734,0.7495371354589905,11.0
2024-06-25,497.0499877929688,510.7099914550781,495.5,510.6000061035156,12063200,-0.11406874479725956,-1.1406874479725957,0.923194482922554,-0.9433579463511705,0.6320670421706962,10.0
2024-06-26,506.6499938964844,513.8099975585938,504.6799926757813,513.1199951171875,8882300,-0.40084401093837285,-3.607596098445356,0.6086812391877174,-0.9557179333642125,0.5853056038781497,9.0
2024-06-27,514.25,522.8800048828125,513.9000244140625,519.5599975585938,10121200,-0.20383588770138367,-1.4268512139096856,0.28061479795724154,-0.9535041609779,0.5036042601630231,7.0
2024-06-28,517.1500244140625,521.8800048828125,503.8399963378906,504.2200012207031,15855100,0.060540029468635716,0.3632401768118143,0.6991124674677849,-0.8407353619113564,0.5136516475258801,6.0
2024-07-01,504.9500122070313,506.5799865722656,493.1700134277344,504.6799926757813,10328200,-0.3912424155595628,-4.3036665711551905,0.1842226842418313,-0.9084904454648495,0.4701890404549844,11.0
2024-07-02,500.760009765625,510.5,499.4500122070313,509.5,7739500,-0.016237208464493353,-0.09742325078696012,0.15934409853070974,-0.32045387849211693,0.16001318893467778,6.0
2024-07-03,506.3699951171875,511.2799987792969,506.0199890136719,509.9599914550781,6005600,0.2283648932352662,1.141824466176331,0.8770361430943012,0.03382835537195206,0.36383621087304024,5.0
2024-07-05,511.6000061035156,540.8699951171875,511.6000061035156,539.9099731445312,21354100,0.21433241926133634,2.1433241926133633,0.8944451007992029,-0.9312802348285913,0.6997357121096522,10.0
2024-07-08,542.3499755859375,542.8099975585938,526.6500244140625,529.3200073242188,14917500,0.20950060095638037,2.0950060095638037,0.8985722027719021,-0.8542676046490669,0.5228085166027884,10.0
2024-07-09,533.75,537.47998046875,528.1900024414062,530.0,8753200,-0.17443610674568585,-1.221052747219801,0.65308210067451,-0.9546181755140424,0.6362217099026766,7.0
2024-07-10,530.7899780273438,538.8800048828125,528.3599853515625,534.6900024414062,10983300,0.19553502688982657,1.368745188228786,0.7830700892955065,-0.01852203905582428,0.27986988514838534,7.0
2024-07-11,530.8900146484375,535.4600219726562,508.3699951171875,512.7000122070312,16458300,0.10249722738646799,0.9224750464782119,0.9279685281217098,-0.9673510864377022,0.5912749066563089,9.0
2024-07-12,497.760009765625,508.0899963378906,494.2300109863281,498.8699951171875,19750500,-0.11435355132238732,-1.029181961901486,0.9004013016819954,-0.9362347517162561,0.6661675797622322,9.0
2024-07-15,498.6300048828125,506.6799926757813,493.3699951171875,496.1600036621094,12539200,-0.010849547106772661,-0.043398188427090645,0.05118822492659092,-0.08046526834368706,0.05400896864203394,4.0
2024-07-16,501.5,503.9500122070313,485.7900085449219,489.7900085449219,14075800,-0.1344987197912165,-0.9414910385385156,0.22817938961088657,-0.9186119800433517,0.38236783271946834,7.0
2024-07-17,479.1700134277344,479.1700134277344,459.1199951171875,461.989990234375,28076600,-0.19711525649340314,-2.1682678214274347,0.8839461281895638,-0.9662815271876752,0.5872119992647054,11.0
2024-07-18,475.0,479.239990234375,464.5400085449219,475.8500061035156,19267200,0.0671896788602074,0.6047071097418666,0.1894128955900669,-0.010440753772854805,0.07772911655966538,9.0
2024-07-19,476.05999755859375,486.7099914550781,475.7099914550781,476.7900085449219,15149400,0.21039167512208223,1.4727417258545756,0.9398855902254581,-0.837493734434247,0.6906506459499231,7.0
2024-07-22,486.5799865722656,492.05999755859375,483.8999938964844,487.3999938964844,12023100,0.4567925143055618,1.8271700572222471,0.9092627968639135,0.013144224882125854,0.49628567932685835,4.0
2024-07-23,489.8399963378906,495.2200012207031,487.7200012207031,488.6900024414063,9455500,-0.03282350641675293,-0.32823506416752934,0.7191279903054237,-0.9615631364285946,0.5413854440758588,10.0
2024-07-24,472.30999755859375,476.2999877929688,460.5799865722656,461.2699890136719,17649700,-0.2430824238108471,-3.8893187809735537,0.9304042486473918,-0.9613343607634306,0.6395592178580845,16.0
2024-07-25,463.260009765625,463.5499877929688,442.6499938964844,453.4100036621094,18240500,-0.02407092171219679,-0.3129219822585583,0.9233287740498781,-0.9612591043114662,0.6368186317331277,13.0
2024-07-26,464.2000122070313,469.7699890136719,459.4200134277344,465.7000122070313,14222400,-0.05492600820098932,-0.7140381066128612,0.9306833110749722,-0.9569212170317769,0.7692964792311849,13.0
2024-07-29,469.8800048828125,473.9599914550781,465.0199890136719,465.7099914550781,11339600,0.34023040626198053,2.3816128438338637,0.9271239340305328,-1.6566365957260132e-05,0.4068987514369538,7.0
2024-07-30,467.0,472.7300109863281,456.7000122070313,463.1900024414063,11390400,-0.048979638353921474,-0.9795927670784295,0.9213289842009544,-0.9634743826463819,0.6579234962029269,20.0
2024-07-31,471.0199890136719,476.5,466.75,474.8299865722656,24285800,0.07615105968971665,1.979927551932633,0.9309735670685768,-0.9488502675667405,0.6159027655039998,26.0
2024-08-01,521.0,527.1699829101562,492.1000061035156,497.739990234375,43083100,0.44015613664854686,22.44796296907589,0.9420992210507393,-0.9541454557329416,0.5093427117621132,51.0
2024-08-02,489.0,501.1499938964844,476.1499938964844,488.1400146484375,24044700,-0.12951808053601002,-1.8132531275041401,0.8529562568292022,-0.961055617313832,0.7091571172815198,14.0
2024-08-05,451.3500061035156,483.4800109863281,450.7999877929688,475.7300109863281,21396200,-0.41113402663419646,-3.700206239707768,0.5048354035243392,-0.9653614386916161,0.6053070718615783,9.0
2024-08-06,479.0,502.55999755859375,478.6499938964844,494.0899963378906,20955000,0.12968149571679533,1.0374519657343626,0.9076517298817635,-0.8290114291012287,0.5903348448345531,8.0
2024-08-07,503.1300048828125,510.1499938964844,486.8599853515625,488.9200134277344,20105300,-0.18528078254312277,-0.9264039127156138,0.18103456497192383,-0.919473035261035,0.44046278512224196,5.0
2024-08-08,497.5,509.9599914550781,494.7200012207031,509.6300048828125,16156800,0.1270852219313383,1.270852219313383,0.8994694016873837,-0.09387139230966568,0.28311057406342666,10.0
2024-08-09,507.7099914550781,518.3400268554688,505.7000122070313,517.77001953125,13696600,-0.21851088013499975,-1.748087041079998,0.5465653836727142,-0.9103929679840803,0.5170651868972437,8.0
2024-08-12,516.8599853515625,518.02001953125,509.1000061035156,515.9500122070312,9767400,0.301496177246528,2.110473240725696,0.9244646448642015,-0.5636754333972931,0.5229116821296366,7.0
2024-08-13,520.010009765625,531.5,518.1500244140625,528.5399780273438,13743800,-0.4727444387972355,-3.3092110715806484,0.030567597597837448,-0.962107109837234,0.4582652952862883,7.0
2024-08-14,528.0599975585938,534.0,523.1300048828125,526.760009765625,11444200,-0.026024939625390937,-0.18217457737773657,0.8928955728188157,-0.9562668716534972,0.749665043147503,7.0
2024-08-15,531.7899780273438,539.77001953125,526.7000122070312,537.3300170898438,13482100,0.08180707493530852,0.5726495245471597,0.8335152119398117,-0.90892075560987,0.5336201398474518,7.0
2024-08-16,531.9000244140625,533.6599731445312,524.6599731445312,527.4199829101562,14776700,0.09153409749269485,0.4576704874634743,0.9279582165181637,-0.953814635053277,0.6900738684497272,5.0
2024-08-19,526.8699951171875,531.6599731445312,522.760009765625,529.280029296875,9879700,0.20860112582643828,0.6258033774793148,0.4100143760442734,0.07569018006324768,0.17737697508777014,3.0
2024-08-20,528.3499755859375,531.0900268554688,525.8800048828125,526.72998046875,7944400,0.10687957828243573,0.6412774696946144,0.27414245903491974,0.0035327598452568054,0.10743535330807598,6.0
2024-08-21,527.1500244140625,539.4000244140625,526.9299926757812,535.1599731445312,13423300,0.030309200131644804,0.18185520078986883,0.8842278532683849,-0.8964867638424039,0.5649790906966331,6.0
2024-08-22,537.0,544.22998046875,528.5900268554688,531.9299926757812,15708300,-0.15415332484990357,-0.7707666242495179,0.9321929523721337,-0.9212597757577896,0.7424706349876199,5.0
2024-08-23,536.9199829101562,539.8699951171875,525.0599975585938,528.0,11323900,-0.013590472750365734,-0.09513330925256014,0.8542419914156199,-0.8914475254714489,0.5411296528514946,7.0
2024-08-26,527.5999755859375,528.0,514.9500122070312,521.1199951171875,9584000,0.06971800493608628,0.48802603455260396,0.912405326962471,-0.7834882028400898,0.6745615072434221,7.0
2024-08-27,518.97998046875,524.010009765625,515.3099975585938,519.0999755859375,6282700,-0.12838034182786942,-0.6419017091393471,0.8819045405834913,-0.7072591967880726,0.6552618166951264,5.0
2024-08-28,517.6699829101562,521.0900268554688,512.4500122070312,516.780029296875,9106100,-0.024649855960160495,-0.24649855960160494,0.901161833666265,-0.9585459679365158,0.6792474334336052,10.0
2024-08-29,519.0499877929688,527.2000122070312,515.6799926757812,518.219970703125,8317400,0.039874011650681496,0.19937005825340748,0.829529682174325,-0.909460324794054,0.6215174448441397,5.0
2024-08-30,521.3499755859375,523.5399780273438,515.2000122070312,521.3099975585938,9157500,0.03622755532463392,0.2173653319478035,0.8533549569547176,-0.9052822133526206,0.5640433030321433,6.0
2024-09-03,519.6400146484375,525.489990234375,508.6199951171875,511.760009765625,12459100,0.30872274888679385,1.2348909955471754,0.9130763318389654,0.01593112014234066,0.41993349703357047,4.0
2024-09-04,506.0700073242188,516.5900268554688,504.0700073242188,512.739990234375,8335200,-0.25385795307478737,-1.7770056715235114,0.796191493049264,-0.9374307598918676,0.6692095327597047,7.0
2024-09-05,511.7200012207031,521.6300048828125,511.1499938964844,516.8599853515625,8640900,0.32675741575658324,1.633787078782916,0.9311610795557499,-0.28485245257616043,0.4682439363291272,5.0
2024-09-06,521.8800048828125,524.5800170898438,498.25,500.2699890136719,14744500,0.08949619873116414,0.8054657885804772,0.932058660313487,-0.5659515932202339,0.3956874349810596,9.0
2024-09-09,506.1600036621094,511.3299865722656,502.0799865722656,504.7900085449219,11047800,-0.16496656276285648,-0.49489968828856945,0.2600560747087002,-0.7775724343955517,0.5436532286579769,3.0
2024-09-10,508.1600036621094,514.1799926757812,500.0299987792969,504.7900085449219,9899000,-0.13697711812953153,-0.8218627087771893,0.7393261678516865,-0.7989993393421173,0.5711880321354067,6.0
2024-09-11,507.010009765625,513.1199951171875,495.6000061035156,511.8299865722656,10782500,-0.07862647846341134,-0.39313239231705666,0.1032811775803566,-0.2524571120738983,0.15888014946779863,5.0
2024-09-12,517.0499877929688,526.7100219726562,515.219970703125,525.5999755859375,11970500,-0.07132478314451873,-0.28529913257807493,0.4240213204175234,-0.8303094590082765,0.534248531868311,4.0
2024-09-13,520.3400268554688,527.5800170898438,517.1099853515625,524.6199951171875,10321400,0.1497492321068421,1.1979938568547368,0.9326904881745577,-0.8622668273746967,0.581358150054344,8.0
2024-09-16,524.5399780273438,534.0999755859375,517.4000244140625,533.280029296875,9527600,0.11457527475431561,0.45830109901726246,0.8844920694828033,-0.8215881139039993,0.7080181978178843,4.0
2024-09-17,537.5999755859375,542.0999755859375,530.5700073242188,536.3200073242188,11690800,-0.07181701343506575,-0.4309020806103945,0.9091250579804182,-0.9513071626424789,0.7430616096608565,6.0
2024-09-18,537.0700073242188,544.2000122070312,533.9000244140625,537.9500122070312,10323500,-0.42226331438869236,-2.111316571943462,0.42243199795484543,-0.9566209437325597,0.6477436101987208,5.0
2024-09-19,550.0,562.0700073242188,546.52001953125,559.0999755859375,15647000,-0.0554935399753352,-0.3329612398520112,0.9129201760515571,-0.8952295407652855,0.8023179028352803,6.0
2024-09-20,560.0,564.5,556.2999877929688,561.3499755859375,22066800,0.03847638641794523,0.11542915925383568,0.051562272012233734,0.016197580844163895,0.019391948810402165,3.0
2024-09-23,569.5,573.97998046875,562.4099731445312,564.4099731445312,12830700,0.340621945847358,2.384353620931506,0.7998045831918716,0.042859628796577454,0.28386526861211353,7.0
2024-09-24,566.6799926757812,567.75,554.1900024414062,563.3300170898438,12993000,0.06822878468249526,0.4776014927774668,0.9279934391379356,-0.933898352086544,0.7545634556780826,7.0
2024-09-25,564.0499877929688,576.8800048828125,563.719970703125,568.3099975585938,16543400,0.1995098213241859,4.38921606913209,0.926754848100245,-0.9393109558150172,0.5535951345810592,22.0
2024-09-26,575.72998046875,577.4000244140625,562.3499755859375,567.8400268554688,14400800,0.27544898714404553,4.4071837943047285,0.895511370152235,-0.9654163690283895,0.4606752377534827,16.0
2024-09-27,570.0999755859375,570.8400268554688,564.510009765625,567.3599853515625,9398400,0.2736963976640254,2.1895711813122034,0.9240979179739952,0.003058765083551407,0.3444368603506807,8.0
2024-09-30,567.7000122070312,574.6799926757812,564.7999877929688,572.4400024414062,12792300,0.007996902885762129,0.08796593174338341,0.2309687016531825,-0.9144534934312105,0.3167810066920142,11.0
2024-10-01,577.97998046875,583.0399780273438,570.0999755859375,576.469970703125,15259300,0.3583020231453702,2.8664161851629615,0.9393525626510382,-0.2442526575177908,0.44477623246613446,8.0
2024-10-02,574.8599853515625,576.0,569.3400268554688,572.8099975585938,6524700,0.21167369084432722,2.116736908443272,0.9218302369117737,-0.7201843354851007,0.5273130844452233,10.0
2024-10-03,570.1500244140625,583.3599853515625,568.72998046875,582.77001953125,11581000,-0.06119639905435698,-0.4283747933804989,0.6491693258285522,-0.9093361524865031,0.45845747841333856,7.0
2024-10-04,583.72998046875,596.8499755859375,581.4299926757812,595.9400024414062,14169500,0.2979904451717933,4.4698566775768995,0.9266759809106588,-0.24677008390426636,0.4168507848519521,15.0
2024-10-07,598.219970703125,602.9500122070312,584.0399780273438,584.780029296875,12014200,0.01006956323981285,0.10069563239812851,0.9063682407140732,-0.9617379968985915,0.7091728352294416,10.0
2024-10-08,589.6900024414062,593.5599975585938,585.969970703125,592.8900146484375,7857400,-0.14894198048859836,-1.4894198048859835,0.8977126814424992,-0.9415737986564636,0.6510439356936969,10.0
2024-10-09,593.989990234375,594.3900146484375,581.6099853515625,590.510009765625,9529700,0.2959774623370983,3.2557520857080817,0.9062758460640907,-0.9299975885078311,0.6952773171564827,11.0
2024-10-10,587.5700073242188,590.22998046875,582.52001953125,583.8300170898438,7740400,0.31778357829898596,2.2244850480929017,0.9196596136316657,0.030178669840097427,0.3335870591883299,7.0
2024-10-11,584.8300170898438,591.2100219726562,582.7100219726562,589.9500122070312,8587100,0.3299773872519533,1.9798643235117197,0.8781013377010822,0.034321773797273636,0.32962950493879584,6.0
2024-10-14,594.219970703125,600.0999755859375,589.9600219726562,590.4199829101562,8252000,0.4373422115523782,3.936079903971404,0.8720852322876453,0.030347516760230064,0.32624692020521506,9.0
2024-10-15,590.1599731445312,590.6099853515625,580.1400146484375,586.27001953125,9564200,-0.03992003630846739,-0.19960018154233694,0.9204245964065194,-0.6361653506755829,0.6166474922217837,5.0
2024-10-16,581.4000244140625,582.0800170898438,574.030029296875,576.7899780273438,11268400,0.16747102343166867,1.004826140590012,0.9105644542723894,-0.9183340091258287,0.6834312613158999,6.0
2024-10-17,583.3300170898438,584.969970703125,575.2000122070312,576.9299926757812,8701200,-0.10073537641966884,-1.1080891406163573,0.8785429112613201,-0.9567150780931115,0.600796386781684,11.0
2024-10-18,581.0999755859375,583.969970703125,575.25,576.469970703125,7694300,-0.06090128528220313,-0.4263089969754219,0.2981143966317177,-0.9519125493243337,0.4057588536231726,7.0
2024-10-21,576.030029296875,577.239990234375,569.1099853515625,575.1599731445312,8171900,0.7698202030067998,5.388741421047598,0.9335922840982676,0.010232392698526382,0.33854059074992265,7.0
2024-10-22,574.2899780273438,583.530029296875,572.1199951171875,582.010009765625,8544500,-0.1133290376747027,-0.9066323013976216,0.9113085772842169,-0.9545313259586692,0.7401103450828008,8.0
2024-10-23,579.969970703125,585.0,562.5,563.6900024414062,14248400,-0.5320951818887677,-3.7246662732213736,0.08034898713231087,-0.9619788592681289,0.42089253833421186,7.0
2024-10-24,567.1300048828125,568.8800048828125,561.52001953125,567.780029296875,7184700,0.42065024515613914,1.2619507354684174,0.8294106037355959,0.15607189387083054,0.3590788116432297,3.0
2024-10-25,573.9299926757812,581.2899780273438,571.719970703125,573.25,11337900,0.3596176700666547,3.236559030599892,0.8773457705974579,-0.820615291595459,0.5723270118047878,9.0
2024-10-28,582.0,583.75,574.1199951171875,578.1599731445312,10925100,0.3078688487617506,2.7708196388557553,0.8567233048379421,-0.0010764896869659424,0.3030121546158932,9.0
2024-10-29,580.1500244140625,593.6699829101562,575.4000244140625,593.280029296875,13019100,0.06559410709887743,0.6559410709887743,0.9037080854177475,-0.9563318770378828,0.6701055294024872,10.0
2024-10-30,600.97998046875,601.2000122070312,589.3800048828125,591.7999877929688,26864900,0.24974405991200072,6.4933455577120185,0.9256257228553295,-0.938404219225049,0.540599358189777,26.0
2024-10-31,585.0,589.9000244140625,563.010009765625,567.5800170898438,26838400,0.2869391960624073,10.042871862184256,0.9309571785852313,-0.9675824153237045,0.6599733825446813,35.0
2024-11-01,567.6099853515625,573.6699829101562,562.5599975585938,567.1599731445312,15303200,-0.08023047654165162,-0.7220742888748646,0.9062435273081064,-0.9636175651103258,0.7519834835005256,9.0
2024-11-04,564.0999755859375,568.6900024414062,557.8900146484375,560.6799926757812,12064600,0.09360371039320643,1.2168482351116836,0.8158726911060512,-0.9508748333901167,0.5847658420630516,13.0
2024-11-05,567.2999877929688,573.47998046875,566.6699829101562,572.4299926757812,9775400,0.059109769439181455,0.7684270027093589,0.8887979686260223,-0.958637916482985,0.5922320117798076,13.0
2024-11-06,562.75,573.0,555.1699829101562,572.0499877929688,18305400,-0.12994615143785873,-0.7796769086271524,0.7250060820952058,-0.9318807832896709,0.63432862787566,6.0
2024-11-07,576.8900146484375,594.7999877929688,575.2100219726562,591.7000122070312,14653700,0.5335531154414639,4.268424923531711,0.9288126602768898,0.03040051832795143,0.34798919400814005,8.0
2024-11-08,591.5399780273438,593.0999755859375,584.52001953125,589.3400268554688,9415700,0.14776062911065915,0.886563774663955,0.806840477976948,-0.28134772926568985,0.3639006865790469,6.0
2024-11-11,586.3599853515625,587.0,576.510009765625,583.1699829101562,10209100,0.025117604605232675,0.15070562763139606,0.8339109816588461,-0.88329475838691,0.544730091958498,6.0
2024-11-12,588.5399780273438,599.6599731445312,580.3800048828125,584.8200073242188,16287700,0.21200782535597681,2.120078253559768,0.8725578282028437,-0.34441396594047546,0.373822927652372,10.0
2024-11-13,582.6099853515625,585.6400146484375,575.1699829101562,580.0,10757600,0.12460784371942282,0.6230392185971141,0.6756481826305389,-0.1482043582946062,0.3228821846313926,5.0
2024-11-14,577.0,580.760009765625,573.010009765625,577.1599731445312,11053700,-0.18974755029194057,-2.276970603503287,0.4397430969402194,-0.9497163165360689,0.4739975824454593,12.0
2024-11-15,571.219970703125,572.5700073242188,551.5,554.0800170898438,17712900,-0.008549993811175226,-0.08549993811175227,0.6242911405861378,-0.966089601162821,0.5612395583290621,10.0
2024-11-18,557.0399780273438,559.9000244140625,550.0900268554688,554.4000244140625,14327300,-0.1510214526206255,-1.510214526206255,0.37053262162953615,-0.9558445392176509,0.5469618315429081,10.0
2024-11-19,551.8599853515625,561.4299926757812,550.5999755859375,561.0900268554688,9522400,-0.08600990044382903,-1.1181287057697773,0.7368247807025909,-0.9536342322826385,0.5742470736148705,13.0
2024-11-20,562.9299926757812,566.3499755859375,554.2000122070312,565.52001953125,9797300,-0.03234912029334477,-0.2264438420534134,0.6385799702256918,-0.8041190281510353,0.5326002677620812,7.0
2024-11-21,569.52001953125,570.0,549.0499877929688,563.0900268554688,11154700,-0.05215749647468328,-0.2607874823734164,0.11618153098970652,-0.6104750484228134,0.3138769402852268,5.0
2024-11-22,563.5499877929688,563.8300170898438,554.5900268554688,559.1400146484375,9164000,-0.11211500570855358,-1.2332650627940893,0.7003476172685623,-0.9258236968889832,0.5478808909750449,11.0
2024-11-25,562.0999755859375,572.5900268554688,556.3900146484375,565.1099853515625,13599800,0.047955623175948855,0.4795562317594886,0.8877272345125675,-0.9296704148873687,0.660361059618604,10.0
2024-11-26,566.0,577.5,565.2000122070312,573.5399780273438,10356600,0.269556167225043,0.8086685016751289,0.6282381257042289,0.06424884498119354,0.311711102581963,3.0
2024-11-27,574.8900146484375,574.97998046875,564.0999755859375,569.2000122070312,7200200,-0.04745827814830201,-0.33220794703811407,0.7334814537316561,-0.9594899378716946,0.506462402383397,7.0
2024-11-29,569.0,578.4600219726562,566.9000244140625,574.3200073242188,7130500,0.02085723765194416,0.1042861882597208,0.38985022716224194,-0.8933983761817217,0.5309223722399785,5.0
2024-12-02,577.5,594.5,575.5700073242188,592.8300170898438,12522400,0.7098197132969896,4.258918279781938,0.9046783950179815,0.27304049395024776,0.2467835911283455,6.0
2024-12-03,595.0,614.2000122070312,591.25,613.6500244140625,14907200,0.0193292498588562,0.11597549915313721,0.674703829921782,-0.9359751585870981,0.5246040153722582,6.0
2024-12-04,612.9600219726562,617.780029296875,605.0999755859375,613.780029296875,14697000,0.14227142045274377,1.4227142045274377,0.7490482674911618,-0.9655632842332125,0.587199426851195,10.0
2024-12-05,617.0800170898438,619.9000244140625,607.0499877929688,608.9299926757812,8081200,0.47740774384389323,2.8644464630633593,0.9279691781848669,0.09581783786416054,0.40406136968897977,6.0
2024-12-06,610.0999755859375,629.7899780273438,608.530029296875,623.77001953125,16935500,0.057039421905453004,0.6844730628654361,0.9187010042369366,-0.911796216852963,0.6675134038986121,12.0
2024-12-09,623.9199829101562,626.4000244140625,606.1699829101562,613.5700073242188,11426000,-0.2657274521576862,-1.594364712946117,0.8995413184165955,-0.9329282650724053,0.7824213192400514,6.0
2024-12-10,617.5599975585938,625.5900268554688,612.739990234375,619.3200073242188,10938900,-0.22451584010074535,-1.3470950406044722,0.8776217848062515,-0.9342794138938189,0.7417847968822882,6.0
2024-12-11,623.3699951171875,638.4000244140625,621.530029296875,632.6799926757812,10837200,-0.07040086798369885,-0.7040086798369884,0.8865953870117664,-0.9635766390711069,0.6518208175964493,10.0
2024-12-12,631.5,636.6599731445312,627.2100219726562,630.7899780273438,7474700,0.1829704696025986,2.3786161048337817,0.9282728899270296,-0.809004008769989,0.4773151517200636,13.0
2024-12-13,627.219970703125,631.0800170898438,616.8900146484375,620.3499755859375,8453300,0.04189989519202047,0.3770990567281842,0.9243640750646591,-0.9644154002889991,0.618508346342852,9.0
2024-12-16,629.97998046875,631.1500244140625,618.5800170898438,624.239990234375,10885600,0.1771777058866891,1.94895476475358,0.9198373034596443,-0.9588925484567881,0.6717391013211028,11.0
2024-12-17,626.1699829101562,632.3699951171875,616.5399780273438,619.4400024414062,12897800,-0.03566697480467459,-0.42800369765609503,0.9046214213594794,-0.953515219502151,0.7042127967688768,12.0
2024-12-18,621.0,627.3599853515625,596.3200073242188,597.1900024414062,17075500,0.14577878261916338,1.457787826191634,0.9208240304142237,-0.8844547979533672,0.5772332510580609,10.0
2024-12-19,610.3900146484375,611.52001953125,595.0,595.5700073242188,14958100,-0.08200344567497571,-0.4920206740498543,0.9234051462262869,-0.9553401116281748,0.7395483988425499,6.0
2024-12-20,590.5800170898438,603.1099853515625,580.0,585.25,48989400,0.2695363632403314,2.695363632403314,0.7909909784793854,-0.907747664488852,0.49060934595408207,10.0
2024-12-23,589.5999755859375,601.0900268554688,586.25,599.8499755859375,10205800,0.45160120385698976,4.516012038569897,0.9345719236880541,0.004200903698801994,0.40033528378955113,10.0
2024-12-24,602.719970703125,607.989990234375,599.280029296875,607.75,4726100,0.11002806620672345,0.2200561324134469,0.19386265520006418,0.02619347721338272,0.11856001275035666,2.0
2024-12-26,605.47998046875,606.2999877929688,598.9400024414062,603.3499755859375,6081400,-0.06522605195641518,-0.2609042078256607,0.5601015239953995,-0.8640522696077824,0.6616679889852187,4.0
2024-12-27,599.4099731445312,601.8499755859375,589.7999877929688,599.8099975585938,8084200,-0.6071161013096571,-1.8213483039289713,0.023511627689003944,-0.9371299743652344,0.5463374320766061,3.0
2024-12-30,588.75,596.9400024414062,585.5800170898438,591.239990234375,7025900,-0.30648726765066386,-1.5324363382533193,0.02362433820962906,-0.9392113303765655,0.4039920202783862,5.0
2024-12-31,592.27001953125,593.969970703125,583.8499755859375,585.510009765625,6019500,0.0733755900291726,0.5870047202333808,0.8947373256087303,-0.9528598347678781,0.6468017427534064,8.0
2025-01-02,589.719970703125,604.9099731445312,587.8200073242188,599.239990234375,12682300,0.3220336861753215,3.8644042341038585,0.930793784558773,-0.611611457541585,0.45407965530123756,12.0
2025-01-03,604.760009765625,609.5,596.4099731445312,604.6300048828125,11436800,-0.19452529679983854,-0.9726264839991927,0.8299205750226974,-0.7590036354959011,0.6710997322601796,5.0
2025-01-06,611.8300170898438,630.989990234375,605.6199951171875,630.2000122070312,14560800,0.09095796088998516,0.545747765339911,0.9102646056562662,-0.9144410016015172,0.5953748401730123,6.0
2025-01-07,631.7000122070312,632.0999755859375,608.22998046875,617.8900146484375,12071500,0.07350689434679225,1.176110309548676,0.9370393725112081,-0.9620161289349198,0.7018860082278797,16.0
2025-01-08,613.4000244140625,616.4400024414062,602.7899780273438,610.719970703125,10085800,0.032215050607919696,0.32215050607919693,0.9318618653342128,-0.9516730448231101,0.7494940594879028,10.0
2025-01-10,610.030029296875,629.9099731445312,597.3400268554688,615.8599853515625,19256600,-0.04624630502340468,-0.5087093552574515,0.9346457757055759,-0.9324642643332481,0.6327425030684097,11.0
2025-01-13,607.0999755859375,608.969970703125,598.4500122070312,608.3300170898438,10785000,-0.0023536154661666264,-0.02588977012783289,0.9083449617028236,-0.9659562753513455,0.8153510213063216,11.0
2025-01-14,605.0700073242188,605.489990234375,588.5499877929688,594.25,13598000,-0.27667750088897136,-3.873485012445599,0.6650420278310776,-0.9652017899788916,0.5527784446802754,14.0
2025-01-15,610.2100219726562,622.4600219726562,606.5,617.1199951171875,15524300,-0.15697393366800888,-1.098817535676062,0.9054325371980667,-0.9545546295121312,0.752959162131744,7.0
2025-01-16,611.5,616.25,609.7100219726562,611.2999877929688,8355300,0.1923568741633342,2.5006393641233444,0.9232077952474356,-0.9653754252940416,0.6476290480867678,13.0
2025-01-17,624.0499877929688,624.969970703125,603.6699829101562,612.77001953125,17280600,-0.08269204168270032,-1.2403806252405047,0.8964435774832964,-0.8665620647370815,0.5714615709220481,15.0
2025-01-21,617.8300170898438,621.5,609.010009765625,616.4600219726562,11674000,-0.16933599526860885,-1.185351966880262,0.9173167981207371,-0.9107113443315029,0.6888566774951239,7.0
2025-01-22,623.2999877929688,633.7000122070312,619.4299926757812,623.5,12274000,0.4382498793836151,3.0677491556853056,0.9121612440794706,-0.7135742157697678,0.6039961060721719,7.0
2025-01-23,627.3599853515625,636.5999755859375,621.1500244140625,636.4500122070312,9910200,0.3787124856290492,4.165837341919541,0.9406119845807552,-0.9471285194158554,0.5567876905843396,11.0
2025-01-24,636.4000244140625,652.0,634.2000122070312,647.489990234375,19065300,0.11239927555434406,1.1239927555434406,0.9045485071837902,-0.9608076922595501,0.7088671129158621,10.0
2025-01-27,626.6099853515625,663.8699951171875,625.0999755859375,659.8800048828125,28399200,-0.12955245159735734,-2.8501539351418614,0.9378379108384252,-0.9631421966478229,0.7108017973119879,22.0
2025-01-28,666.0,682.5800170898438,659.469970703125,674.3300170898438,20950100,-0.05842437019402331,-1.2853361442685127,0.9281506687402725,-0.8952838405966759,0.6241955773403284,22.0
2025-01-29,675.0,681.0499877929688,665.6699829101562,676.489990234375,21377800,-0.045188824106007816,-1.1297206026501954,0.926256975159049,-0.9549564155749977,0.5815497108047591,25.0
2025-01-30,696.8200073242188,710.7899780273438,676.0999755859375,687.0,29322900,0.4251863608535911,17.857827155850828,0.936572503298521,-0.9577875472605228,0.49034982474874667,42.0
2025-01-31,691.0,705.2999877929688,685.5800170898438,689.1799926757812,19303900,-0.1904765859246254,-1.904765859246254,0.9141403585672379,-0.9612885741516948,0.6694714055621253,10.0
2025-02-03,675.9099731445312,704.0,675.25,697.4600219726562,21415700,0.1195017640478909,1.195017640478909,0.9089175760746002,-0.9574762783013284,0.7443820505954458,10.0
2025-02-04,702.5,707.7100219726562,691.6099853515625,704.1900024414062,13826300,-0.06344015744980425,-0.507521259598434,0.8343759570270777,-0.8947155456990004,0.5526916343867323,8.0
2025-02-05,703.5499877929688,718.1400146484375,699.010009765625,704.8699951171875,17778200,-0.400512019438403,-2.803584136068821,0.5945412963628769,-0.9661348545923829,0.6043803767283227,7.0
2025-02-06,705.8800048828125,718.9000244140625,703.5,711.989990234375,13080700,0.06582241824695043,0.46075692772865295,0.9352070447057486,-0.9212293522432446,0.7221030332626545,7.0
2025-02-07,716.7999877929688,725.010009765625,711.75,714.52001953125,16427100,0.2730927921753998,3.277113506104797,0.9344574501737952,-0.9484213921241462,0.6737989939361472,12.0
2025-02-10,718.5599975585938,721.2000122070312,711.3300170898438,717.4000244140625,12904300,0.402022881899029,4.824274582788348,0.9346895581111312,-0.42199497669935226,0.4639477690116582,12.0
2025-02-11,713.3200073242188,723.6599731445312,710.0399780273438,719.7999877929688,12998000,0.40268465659270686,3.6241619093343616,0.9275404028594494,-0.018062051385641098,0.3998669138286556,9.0
2025-02-12,715.2999877929688,727.0999755859375,712.5999755859375,725.3800048828125,12016500,0.11505590459065777,0.8053913321346045,0.9059689026325941,-0.7293169051408768,0.5997315343040369,7.0
2025-02-13,721.52001953125,729.0,718.0399780273438,728.5599975585938,12569100,0.20398414945229887,2.039841494522989,0.9309480506926775,-0.913766298443079,0.6742005698863253,10.0
2025-02-14,726.1400146484375,740.9099731445312,725.6199951171875,736.6699829101562,16901200,-0.026982693932950497,-0.32379232719540596,0.8367929011583328,-0.9560548467561603,0.6841076835879046,12.0
2025-02-18,736.0,737.0,706.4400024414062,716.3699951171875,21938700,0.10942221842706204,1.0942221842706203,0.9420544933527708,-0.9314875043928623,0.6844822840544638,10.0
2025-02-19,704.0999755859375,707.0,695.3900146484375,703.77001953125,17535500,-0.10384309629444033,-0.8307447703555226,0.4568453412503004,-0.9637896865606308,0.5070729087974122,8.0
2025-02-20,697.280029296875,705.6300048828125,693.6400146484375,694.8400268554688,12587400,0.32190918996930123,1.6095459498465061,0.9209889248013496,-0.7023060321807861,0.6804730945022778,5.0
2025-02-21,696.5800170898438,703.8699951171875,682.3599853515625,683.5499877929688,15660400,0.10556984539808971,0.738988917786628,0.8781969584524632,-0.9589748601429164,0.722720007239072,7.0
2025-02-24,686.280029296875,687.27001953125,662.4500122070312,668.1300048828125,15677000,-0.33039787049508756,-2.973580834455788,0.8747446509078145,-0.9578483058139682,0.7313474536305165,9.0
2025-02-25,665.969970703125,668.0,641.8599853515625,657.5,20579700,0.33056389695654315,0.9916916908696294,0.9239743975922465,0.033828362822532654,0.5139085693152495,3.0
2025-02-26,659.6500244140625,683.010009765625,658.0,673.7000122070312,14488700,-0.24447654257528484,-0.9779061703011394,0.8747756481170654,-0.9614850366488099,0.8693471275485112,4.0
2025-02-27,682.4500122070312,688.6500244140625,657.5700073242188,658.239990234375,12500000,0.2777744920924306,1.388872460462153,0.8911767760291696,-0.950525676831603,0.7548091189612276,5.0
2025-02-28,658.0399780273438,669.6300048828125,642.5999755859375,668.2000122070312,17534200,-0.3697767032310367,-1.8488835161551833,0.4568453412503004,-0.9647106351330876,0.6329159103461928,5.0
2025-03-03,673.6799926757812,681.25,650.8400268554688,655.0499877929688,10843800,-0.14503141934983432,-0.5801256773993373,0.19386265520006418,-0.8976429030299187,0.5064207887287442,4.0
2025-03-04,645.510009765625,649.75,623.6500244140625,640.0,21495200,-0.39038292728364465,-1.9519146364182234,0.6736191119998693,-0.9517629072070122,0.7446636094170626,5.0
2025-03-05,641.0,659.5,637.6599731445312,656.469970703125,13770000,-0.22387005970813334,-1.3432203582488,0.9140513292513788,-0.9616582607850432,0.7681666857692108,6.0
2025-03-06,648.0,650.5599975585938,624.1099853515625,627.9299926757812,13446500,0.017400826886296274,0.08700413443148136,0.7468734532594681,-0.8129538334906101,0.5698571749415641,5.0
2025-03-07,625.3699951171875,634.7899780273438,600.6099853515625,625.6599731445312,21375700,0.08095036484301091,0.4047518242150545,0.9309949986636639,-0.8066522907465696,0.8287989611416808,5.0
2025-03-10,608.0700073242188,610.1099853515625,586.8699951171875,597.989990234375,21999900,-0.3633058230791773,-2.543140761554241,0.3884411174803972,-0.9616724662482738,0.6167607499643364,7.0
2025-03-11,595.0499877929688,614.9299926757812,593.3300170898438,605.7100219726562,17401500,-0.09935788426978084,-1.2916524955071509,0.9344234084710479,-0.963492916431278,0.787623373378686,13.0
2025-03-12,629.9000244140625,633.3300170898438,609.3499755859375,619.5599975585938,15747000,0.17569241232492708,1.9326165355741978,0.8791904971003532,-0.8853961378335953,0.49900693767281895,11.0
2025-03-13,620.25,620.5,586.510009765625,590.6400146484375,16480300,0.23125111994644007,1.3875067196786404,0.8587007485330105,-0.9225097764283419,0.6411913280701841,6.0
2025-03-14,602.7999877929688,608.8599853515625,594.780029296875,607.5999755859375,12364500,-0.048125406416753926,-0.28875243850052357,0.3767842100933194,-0.9245784096419811,0.45011814799275834,6.0
2025-03-17,607.4600219726562,613.0999755859375,598.0,604.9000244140625,15473900,0.0867210046521255,0.6070470325648785,0.8126655891537666,-0.9318816503509879,0.567384474729623,7.0
2025-03-18,600.0499877929688,600.25,574.6599731445312,582.3599853515625,20297700,-0.1980485107956661,-1.782436597160995,0.870685595087707,-0.9615152012556791,0.6682860680565461,9.0
2025-03-19,584.280029296875,592.3200073242188,574.77001953125,584.0599975585938,20537500,0.12995623207340637,0.7797373924404383,0.8251287629827857,-0.9646423310041428,0.6394671558683175,6.0
2025-03-20,582.760009765625,610.2000122070312,579.510009765625,586.0,24336500,-0.28320338600315154,-1.1328135440126061,0.14199519623070955,-0.8443699665367603,0.46816924959279815,4.0
2025-03-21,583.4199829101562,597.5399780273438,580.9500122070312,596.25,25015900,0.029863220639526844,0.23890576511621475,0.9230431672185659,-0.8743042312562466,0.5547521405607683,8.0
2025-03-24,614.969970703125,622.5399780273438,612.2000122070312,618.8499755859375,15741300,-0.30880563105973935,-2.779250679537654,0.5267733559012413,-0.9488680884242058,0.5810943455835953,9.0
2025-03-25,626.760009765625,633.8800048828125,621.1799926757812,626.3099975585938,15312500,-0.1333974747815066,-1.2005772730335593,0.3029179126024246,-0.9638321558013558,0.4772466371515876,9.0
2025-03-26,624.8900146484375,626.75,606.6099853515625,610.97998046875,12609800,-0.6175174666568637,-2.4700698666274548,0.2730405833572149,-0.9185449872165918,0.5937131756741522,4.0
2025-03-27,602.0,614.25,600.0999755859375,602.5800170898438,10436500,-0.2686467198655009,-1.0745868794620037,0.6490560621023178,-0.9596906015649438,0.818247712642153,4.0
2025-03-28,600.3099975585938,601.75,573.9199829101562,576.739990234375,17602800,-0.19974368158727884,-1.5979494526982307,0.27304049395024776,-0.9621186777949333,0.48407276666256394,8.0
2025-03-31,563.5,578.7000122070312,553.2999877929688,576.3599853515625,21124700,0.06335686482489108,0.31678432412445545,0.22389553021639585,-0.01081726886332035,0.10458940453783604,5.0
2025-04-01,570.8400268554688,589.9099731445312,570.0,586.0,12836600,0.014160683068136374,0.12744614761322737,0.45185857731848955,-0.9376724287867546,0.3859757823604586,9.0
2025-04-02,574.9099731445312,592.6599731445312,573.3599853515625,583.9299926757812,13470800,0.06178748198518796,0.8650247477926314,0.9193737618625164,-0.9644214580766857,0.6846854312610052,14.0
2025-04-03,546.219970703125,552.5599975585938,530.2999877929688,531.6199951171875,34777500,-0.28863370563420987,-2.5977033507078886,0.793173274025321,-0.9630220364779234,0.5951469544351323,9.0
2025-04-04,506.6199951171875,518.0,494.2000122070313,504.7300109863281,38589800,-0.24632205674424767,-2.7095426241867244,0.7824553027749062,-0.9552390826866031,0.6453557679739657,11.0
2025-04-07,485.1000061035156,539.3699951171875,481.8999938964844,516.25,36606100,-0.2254979147265355,-3.382468720898032,0.8908221554011106,-0.9670898681506515,0.6715160989972021,15.0
2025-04-08,543.25,547.4299926757812,502.8599853515625,510.4500122070313,28034200,-0.520559640069093,-3.643917480483651,0.15930327773094177,-0.9620441552251577,0.4816465036078414,7.0
2025-04-09,509.2699890136719,587.8900146484375,502.1099853515625,585.77001953125,39216600,0.0941739132289182,1.0359130455181003,0.9244929393753409,-0.8966434560716152,0.5844962160504512,11.0
2025-04-10,575.489990234375,581.2999877929688,535.2999877929688,546.2899780273438,28173500,-0.14331046833346286,-1.7197256200015545,0.9320007916539907,-0.9477964015677571,0.6603537894134968,12.0
2025-04-11,535.510009765625,547.4000244140625,528.5900268554688,543.5700073242188,17642300,-0.07767489051016477,-1.009773576632142,0.4490350242704153,-0.9641724731773138,0.518833195548734,13.0
2025-04-14,556.1699829101562,557.77001953125,528.280029296875,531.47998046875,14130900,-0.19882383114761776,-3.5788289606571198,0.6657109260559082,-0.8986517172306776,0.44050257261455666,18.0
2025-04-15,532.1099853515625,537.9400024414062,517.5,521.52001953125,15558700,-0.10178758180700243,-0.8143006544560194,0.8036909233778715,-0.7721243463456631,0.4874280270671884,8.0
2025-04-16,508.510009765625,513.3699951171875,495.6300048828125,502.30999755859375,18735100,0.28403225813859273,3.9764516139402986,0.9306894838809967,-0.9081674171611667,0.568706334258608,14.0
2025-04-17,505.25,507.2999877929688,498.010009765625,501.4800109863281,14593500,-0.006772519160921757,-0.08804274909198284,0.9363935282453895,-0.9345585219562054,0.614311918273877,13.0
2025-04-21,491.3299865722656,493.5,479.7999877929688,484.6600036621094,16166000,-0.056961827113160064,-0.39873278979212046,0.8885257970541716,-0.9675941579043865,0.6587369666746818,7.0
2025-04-22,491.8699951171875,506.8800048828125,486.3599853515625,500.2799987792969,17399400,-0.36712811700999737,-3.6712811700999737,0.9128376012668014,-0.9670886127278209,0.7667085036117501,10.0
2025-04-23,528.530029296875,535.3400268554688,516.52001953125,520.27001953125,18173900,-0.09771993355825544,-0.9771993355825543,0.9180640745908022,-0.960096038877964,0.6156171844388216,10.0
2025-04-24,518.72998046875,533.9000244140625,517.5,533.1500244140625,13910000,-0.12532083977324268,-0.751925038639456,0.7020634170621634,-0.9420827557332814,0.6834769385960703,6.0
2025-04-25,546.7999877929688,549.8599853515625,536.25,547.27001953125,17098900,-0.12398471024685673,-0.8678929717279971,0.8906903192400932,-0.9505614279769361,0.7851626697199834,7.0
2025-04-28,555.6400146484375,558.489990234375,540.5900268554688,549.739990234375,15179000,-0.107114884769544,-0.856919078156352,0.9102466776967049,-0.9640587037429214,0.7708461254356545,8.0
2025-04-29,546.0,556.5700073242188,544.1199951171875,554.4400024414062,11835000,-0.29553239484532523,-3.8419211329892278,0.7651442838832736,-0.9560756105929613,0.541480607676014,13.0
2025-04-30,538.4000244140625,549.0999755859375,529.5,549.0,29244000,0.03375156796149289,0.8100376310758293,0.931417927145958,-0.9649223769083619,0.5700081729835522,24.0
2025-05-01,592.0800170898438,592.9500122070312,570.5,572.2100219726562,31159000,0.4128795090710392,15.27654183562845,0.9221058506518602,-0.8477126806974411,0.4592725141741359,37.0
2025-05-02,583.4600219726562,604.3400268554688,578.3300170898438,597.02001953125,24739300,0.4728789386184265,5.674547263421118,0.9203891549259424,-0.0021152812987565994,0.38464510544816355,12.0
2025-05-05,591.219970703125,603.2100219726562,588.0499877929688,599.27001953125,13887700,0.02291380874812603,0.11456904374063015,0.6576066315174103,-0.9633625661954284,0.6031719496210073,5.0
2025-05-06,592.530029296875,596.030029296875,586.5800170898438,587.3099975585938,10600700,0.6044955747202039,3.0224778736010194,0.9322539921849966,0.21075211558490992,0.29320493014985144,5.0
2025-05-07,590.3599853515625,603.0800170898438,586.6699829101562,596.8099975585938,13139100,-0.10609457967802882,-0.8487566374242306,0.9345743078738451,-0.9576716916635633,0.6310540684535463,8.0
2025-05-08,606.2899780273438,611.2999877929688,596.6199951171875,598.010009765625,14622800,0.2730405833572149,0.2730405833572149,0.2730405833572149,0.2730405833572149,0.0,1.0
2025-05-09,603.719970703125,606.969970703125,591.7100219726562,592.489990234375,10427300,0.07933885340268414,0.4760331204161048,0.6151015609502792,-0.9412523349747062,0.5836935772370314,6.0
2025-05-12,630.9199829101562,640.3900146484375,621.030029296875,639.4299926757812,21965100,-0.31048234459012747,-1.8628940675407648,0.4568453412503004,-0.9591842666268349,0.5348968336109827,6.0
2025-05-13,645.5399780273438,660.9199829101562,642.8300170898438,656.030029296875,18570800,0.5513245336090525,3.307947201654315,0.9310871921479702,-0.009260226041078568,0.4280582731451071,6.0
2025-05-14,661.2100219726562,662.6699829101562,654.3099975585938,659.3599853515625,12348200,-0.1331427188590169,-0.6657135942950845,0.9027151986956596,-0.9537167344242334,0.7852048265378163,5.0
2025-05-15,654.280029296875,657.3099975585938,638.5800170898438,643.8800048828125,14341800,-0.2985180960968137,-1.4925904804840684,0.2107523065060377,-0.9662017421796918,0.5854801511907283,5.0
2025-05-16,637.9600219726562,640.4400024414062,626.1500244140625,640.3400268554688,18519000,-0.001059034955687821,-0.016944559291005135,0.936047064140439,-0.9508490199223161,0.6171390052875485,16.0
2025-05-19,628.25,643.0,627.7999877929688,640.4299926757812,9592400,0.28876477386802435,1.4438238693401217,0.8590162619948387,-0.96538798045367,0.7349370506391777,5.0
2025-05-20,636.010009765625,639.3499755859375,632.260009765625,637.0999755859375,6743500,0.3048692033626139,2.1340844235382974,0.905561700463295,-0.044641800224781036,0.38962665198030016,7.0
2025-05-21,631.7899780273438,646.6099853515625,630.1699829101562,635.5,11464600,-0.09960371046327055,-0.3984148418530822,0.19386265520006418,-0.3048279285430908,0.22293519706128972,4.0
2025-05-22,634.0499877929688,643.25,630.7100219726562,636.5700073242188,8228400,0.12846504389825794,1.1561853950843215,0.7927557937800884,-0.8440211368724704,0.5892187892071965,9.0
2025-05-23,624.0,632.4500122070312,622.6500244140625,627.0599975585938,8454100,-0.06761025597474404,-0.47327179182320833,0.7774021262302995,-0.9332938361912966,0.6179713583875187,7.0
2025-05-27,635.4099731445312,643.0800170898438,632.75,642.3200073242188,9508400,0.2218133567366749,0.8872534269466996,0.8814996033906937,-0.9212078433483839,0.8366048852752909,4.0
2025-05-28,642.5999755859375,650.8800048828125,642.5499877929688,643.5800170898438,9042900,0.053648491803970605,0.4828364262357354,0.9319100640714169,-0.9380608797073364,0.760364424932841,9.0
2025-05-29,651.6500244140625,653.3200073242188,639.5,645.0499877929688,8858800,0.30161946328977746,1.8097167797386646,0.9142471887171268,-0.2848534993827343,0.446603198533252,6.0
2025-05-30,642.5,649.4099731445312,632.780029296875,647.489990234375,16241000,0.12525309825485403,1.3777840808033943,0.8545732405036688,-0.883424224331975,0.5359513255680525,11.0
2025-06-02,644.3900146484375,673.260009765625,644.260009765625,670.9000244140625,15766300,0.3451117416843772,2.7608939334750175,0.8964205319061875,-0.5078186988830566,0.5028905731416221,8.0
2025-06-03,671.4500122070312,675.5800170898438,665.030029296875,666.8499755859375,11585000,0.2875313372018614,4.02543872082606,0.9209093302488327,-0.9544766061007977,0.6849430316836774,14.0
2025-06-04,669.3200073242188,689.0,668.5700073242188,687.9500122070312,14031900,0.3952085053814309,2.7664595376700163,0.8071571961045265,0.0042009130120277405,0.3484552543659469,7.0
2025-06-05,691.6599731445312,694.3800048828125,682.25,684.6199951171875,13083100,0.06882706351046051,0.4817894445732236,0.8663992695510387,-0.8953012581914663,0.7407370781098612,7.0
2025-06-06,696.1699829101562,702.8099975585938,691.8699951171875,697.7100219726562,11728000,0.24691289430484176,0.987651577219367,0.9280588077381253,-0.9514647023752332,0.8842516336571591,4.0
2025-06-09,698.4600219726562,705.1900024414062,693.9400024414062,694.0599975585938,12773200,-0.23685148218646646,-1.4211088931187987,0.29959281999617815,-0.8738180324435234,0.4360667994701776,6.0
2025-06-10,701.3499755859375,703.22998046875,691.5599975585938,702.4000244140625,10850100,0.39527556975372136,3.162204558029771,0.9333359813317657,0.0568751310929656,0.38475674230236667,8.0
2025-06-11,703.7100219726562,708.8699951171875,691.989990234375,694.1400146484375,9582500,0.13708627138000268,1.7821215279400349,0.8366931965574622,-0.6569227259606123,0.3371288154285327,13.0
2025-06-12,693.2999877929688,695.3800048828125,687.0,693.3599853515625,7322700,-0.03329065607653724,-0.29961590468883514,0.7212511524558067,-0.9601908791810274,0.574556717808214,9.0
2025-06-13,687.9500122070312,694.5700073242188,681.010009765625,682.8699951171875,9274400,0.07791757998480038,0.8570933798328042,0.9293761914595962,-0.9385992484167218,0.5908529093903256,11.0
2025-06-16,699.3300170898438,707.1500244140625,693.510009765625,702.1199951171875,13720300,0.3380936160683632,2.3666553124785423,0.9241487439721823,-0.8437901614233851,0.6140934282262382,7.0
2025-06-17,702.0,705.969970703125,696.0599975585938,697.22998046875,10066100,0.11358623056569034,2.044552150182426,0.9273976851254702,-0.9318085899576545,0.6076125277552558,18.0
2025-06-18,698.1799926757812,701.5900268554688,694.9000244140625,695.77001953125,10068300,0.20049417374984307,3.408400953747332,0.9205416198819876,-0.9384369654580951,0.5423625130098039,17.0
2025-06-20,700.75,701.8200073242188,678.6699829101562,682.3499755859375,22538600,0.06226137725429402,0.5603523952886462,0.5765381753444672,-0.751021845266223,0.35054595015998674,9.0
2025-06-23,683.6900024414062,699.0499877929688,678.75,698.530029296875,11080100,-0.06821003113873303,-0.5456802491098642,0.7704183422029018,-0.9292977619916201,0.4762745421497832,8.0
2025-06-24,704.8900146484375,713.1900024414062,702.1099853515625,712.2000122070312,13823200,-0.048343455884605646,-0.7734952941536903,0.9313626307994127,-0.9504376854747534,0.6719038991591735,16.0
2025-06-25,713.3200073242188,716.5800170898438,705.3800048828125,708.6799926757812,9320400,0.04242523054459265,0.29697661381214857,0.9044279102236032,-0.4690597280859947,0.45359025240646994,7.0
2025-06-26,714.3599853515625,728.219970703125,711.0499877929688,726.0900268554688,13964800,-0.007064678107521364,-0.09890549350529909,0.9005458718165755,-0.9409365495666862,0.6512543855409451,14.0
2025-06-27,726.52001953125,735.4299926757812,725.8599853515625,733.6300048828125,18775700,0.15607072673738004,2.3410609010607004,0.9195182658731937,-0.9398935623466969,0.6520540541890796,15.0
2025-06-30,744.5499877929688,747.9000244140625,734.25,738.0900268554688,15402100,0.2813886583317071,2.251109266653657,0.9208202268928289,-0.4430719520896673,0.5523979080819238,8.0
2025-07-01,736.8800048828125,737.75,715.3699951171875,719.219970703125,13431200,0.09225910182364962,1.0148501200601459,0.8992999196052551,-0.9440593086183071,0.5683308060994985,11.0
2025-07-02,715.3300170898438,720.2999877929688,712.7999877929688,713.5700073242188,9336700,0.05754821770824492,0.46038574166595936,0.9004115033894777,-0.7037024274468422,0.4366367401773978,8.0
2025-07-03,726.6099853515625,729.030029296875,714.4199829101562,719.010009765625,8601700,0.06772138248197734,0.5417710598558187,0.8387947790324688,-0.9528814312070608,0.6890554623679365,8.0
2025-07-07,717.5999755859375,727.0,713.510009765625,718.3499755859375,9457100,-0.13696185313165188,-1.095694825053215,0.6902085952460766,-0.9562442917376757,0.7113707955334467,8.0
2025-07-08,721.5700073242188,722.9099731445312,714.8099975585938,720.6699829101562,7770700,0.1543379804034802,1.6977177844382823,0.9291505627334118,-0.9217034261673689,0.6553248558067586,11.0
2025-07-09,722.719970703125,737.530029296875,722.719970703125,732.780029296875,11418000,0.24856284404030213,3.2313169725239277,0.9388660080730915,-0.8812662921845913,0.6612165138386984,13.0
2025-07-10,731.5499877929688,735.7999877929688,719.5999755859375,727.239990234375,9913600,0.2734810422936624,3.008291465230286,0.9280144106596708,-0.4558366388082504,0.393237982781018,11.0
2025-07-11,722.5,725.1599731445312,709.7000122070312,717.510009765625,10873900,-0.039546373300254345,-0.5141028529033065,0.889894675463438,-0.9446063237264752,0.7120187705393359,13.0
2025-07-14,717.5999755859375,728.0,716.5499877929688,720.9199829101562,8939400,0.14541819392858693,1.7450183271430433,0.8838101229630411,-0.8197207348421216,0.44595502212693716,12.0
2025-07-15,723.9000244140625,724.469970703125,709.8200073242188,710.3900146484375,11529500,0.020039230077104134,0.22043153084814548,0.8238510945811868,-0.9119789451360703,0.5747326970948622,11.0
2025-07-16,713.3699951171875,713.969970703125,699.27001953125,702.9099731445312,13067600,0.1818041184839482,2.1816494218073785,0.8935957588255405,-0.960716038942337,0.6427901728519692,12.0
2025-07-17,704.3900146484375,705.9000244140625,697.1099853515625,701.4099731445312,11803300,0.1075017537491826,1.3975227987393737,0.9217414725571871,-0.9267455516383052,0.7260790632760845,13.0
2025-07-18,702.1900024414062,704.7100219726562,691.6500244140625,704.280029296875,12779800,-0.2557562886633807,-2.301806597970426,0.8701096102595329,-0.960220817476511,0.6919817446816535,9.0
2025-07-21,706.7999877929688,717.0,705.760009765625,712.969970703125,9404400,0.07057658500141567,0.6351892650127411,0.909676281735301,-0.8468670472502708,0.5293968319264207,9.0
2025-07-22,716.1900024414062,716.5999755859375,701.4099731445312,704.8099975585938,8921100,0.0356218347071924,0.3918401817791164,0.8687226735055447,-0.9524600165896118,0.7388787749517269,11.0
2025-07-23,706.3699951171875,714.6300048828125,704.9299926757812,713.5800170898438,8771600,0.1701678679091856,1.3613429432734847,0.6131142899394035,-0.793513897806406,0.4262785725977129,8.0
2025-07-24,717.0499877929688,723.6199951171875,714.0,714.7999877929688,10920800,0.09383551515638829,0.4691775757819414,0.47449298296123743,-0.5647210478782654,0.40542287221888246,5.0
2025-07-25,716.9199829101562,720.6500244140625,711.9000244140625,712.6799926757812,8271700,-0.6017089293338358,-6.017089293338358,0.23270653374493122,-0.9386698678135872,0.4117986623865402,10.0
2025-07-28,715.2000122070312,724.739990234375,712.6799926757812,717.6300048828125,8715700,0.08237354255591829,0.9884825106710196,0.9374290443956852,-0.9414935884997249,0.7598892505718523,12.0
2025-07-29,720.0,724.469970703125,699.9099731445312,700.0,13267000,-0.23041374003514647,-2.3041374003514647,0.9270394630730152,-0.9551160233095288,0.7169231435623333,10.0
2025-07-30,708.0900268554688,708.5,691.2000122070312,695.2100219726562,27077300,0.16584089115983056,5.141067625954747,0.9276586873456836,-0.9622750747948885,0.5308568879370678,31.0
2025-07-31,775.2000122070312,784.75,765.510009765625,773.4400024414062,38831100,0.4365030003034256,24.007665016688406,0.9293403923511505,-0.9632470710203052,0.5609317235294116,55.0
2025-08-01,760.72998046875,766.0,745.3099975585938,750.010009765625,19028700,0.08248909137522181,1.2373363706283271,0.931232426315546,-0.9665158926509321,0.8095691729328415,15.0
2025-08-04,760.0,776.8499755859375,758.4099731445312,776.3699951171875,15801700,0.12629570732159273,0.8840699512511492,0.844894465059042,-0.9029308008030057,0.7044697571277041,7.0
2025-08-05,776.4500122070312,783.1300048828125,763.0,763.4600219726562,11640300,0.498822034879898,5.985864418558776,0.9256307501345873,-0.9359094798564911,0.577645911686578,12.0
2025-08-06,770.0,773.6400146484375,760.4600219726562,771.989990234375,9733900,0.2082920918473974,1.666336734779179,0.9145596474409103,-0.9559851326048374,0.6838731247731287,8.0
2025-08-07,773.489990234375,775.0,759.5499877929688,761.8300170898438,9019700,-0.1858377268537879,-0.9291886342689395,0.7620093896985054,-0.9463299503549933,0.8547944995871535,5.0
2025-08-08,762.75,769.9000244140625,758.5800170898438,769.2999877929688,7320800,0.24643458472564816,1.478607508353889,0.9296907093375921,-0.9309121994301677,0.6918144405675586,6.0
2025-08-11,770.0800170898438,773.4600219726562,764.6699829101562,765.8699951171875,7612000,0.17071374785155058,1.7071374785155058,0.9277088213711977,-0.7972902748733759,0.5389057716835418,10.0
2025-08-12,773.0,793.6699829101562,772.4299926757812,790.0,14563100,0.3472769195213914,2.0836615171283484,0.9327060487121344,-0.8618156909942627,0.6839539214627833,6.0
2025-08-13,791.1500244140625,795.4600219726562,778.22998046875,780.0800170898438,8811800,0.06839164559330259,0.9574830383062363,0.9173978976905346,-0.9613795466721058,0.7315049221516198,14.0
2025-08-14,777.8800048828125,787.8099975585938,772.510009765625,782.1300048828125,8116200,-0.121011614122174,-1.331127755343914,0.7798599097877741,-0.9339600251987576,0.6344580930616904,11.0
2025-08-15,784.1500244140625,796.25,780.8200073242188,785.22998046875,13375400,-0.1947936618493663,-1.7531429566442966,0.8964749509468675,-0.9367607394233346,0.6053917625826218,9.0
2025-08-18,775.0900268554688,775.8099975585938,756.5599975585938,767.3699951171875,16513700,0.12289940721044938,1.1060946648940444,0.8883607797324657,-0.966039533726871,0.7013050650373661,9.0
2025-08-19,767.1199951171875,767.1699829101562,749.3599853515625,751.47998046875,12286700,-0.07739846594631672,-0.6965861935168505,0.9351312387734652,-0.9285133117809892,0.7127967474061406,9.0
2025-08-20,747.5700073242188,750.2000122070312,731.0,747.719970703125,11898200,0.28959716837853194,2.8959716837853193,0.9332099035382271,-0.2848532348871231,0.41347222818630003,10.0
2025-08-21,744.7100219726562,745.5,733.1099853515625,739.0999755859375,8876300,-0.4825388974406653,-4.342850076965988,0.19386257976293564,-0.9603709066286683,0.5099058219917826,9.0
2025-08-22,739.22998046875,756.9000244140625,734.3900146484375,754.7899780273438,10612700,0.21980162749865226,3.0772227849811316,0.9000132223591208,-0.8677343167364597,0.5916921642889985,14.0
2025-08-25,754.8200073242188,758.8800048828125,750.1300048828125,753.2999877929688,6861200,0.6022617387352511,4.818093909882009,0.9309835340827703,-0.024213872849941254,0.431724293763502,8.0
2025-08-26,750.7999877929688,754.8699951171875,747.9400024414062,754.0999755859375,7601800,0.06700515726374255,0.603046415373683,0.9249656405299902,-0.9204046130180359,0.6536468864827284,9.0
2025-08-27,752.2999877929688,754.1500244140625,742.8400268554688,747.3800048828125,8315400,-0.002367586613847659,-0.03077862598001957,0.920953530818224,-0.9607832729816437,0.6912500083068238,13.0
2025-08-28,744.0,753.0499877929688,740.7999877929688,751.1099853515625,7468000,0.4259176924203833,6.388765386305749,0.9298109412193298,-0.9652283759787679,0.5249401408277117,15.0
2025-08-29,745.280029296875,747.1400146484375,735.3499755859375,738.7000122070312,9070500,0.005095133491392646,0.035665934439748526,0.9129567183554173,-0.9573440486565232,0.5464257881922088,7.0
2025-09-02,726.0399780273438,736.0,721.72998046875,735.1099853515625,9350900,-0.21549329860135913,-1.723946388810873,0.9247424500063062,-0.9284398648887873,0.6547984595464307,8.0
2025-09-03,736.0,740.25,733.989990234375,737.0499877929688,7699300,-0.14210349321365356,-1.5631384253501892,0.9148173462599516,-0.9623706806451082,0.6604661918372738,11.0
2025-09-04,748.5700073242188,761.1599731445312,745.8200073242188,748.6500244140625,11439100,0.01484733444106366,0.20786268217489123,0.9227597285062075,-0.966427544131875,0.6122190665350568,14.0
2025-09-05,752.6199951171875,757.9500122070312,745.030029296875,752.4500122070312,9663400,0.19561581983445928,2.5430056578479707,0.9185797441750765,-0.9454219974577427,0.5978197068924468,13.0
2025-09-08,756.0,766.510009765625,752.02001953125,752.2999877929688,13087800,-0.5084641211045285,-3.050784726627171,0.11618153098970652,-0.9528380697593093,0.49711821220488966,6.0
2025-09-09,757.489990234375,766.2999877929688,753.4299926757812,765.7000122070312,10999000,0.06393214282305802,1.0868464279919863,0.9335575010627508,-0.9306825427338481,0.6234594774435426,17.0
2025-09-10,765.1300048828125,765.7000122070312,751.0,751.97998046875,12478300,0.1330247794588407,1.9953716918826103,0.9394651111215353,-0.9546914910897613,0.6135576244588345,15.0
2025-09-11,754.6500244140625,757.0999755859375,748.3699951171875,750.9000244140625,7923300,-0.0463816249743104,-0.231908124871552,0.5515089808031917,-0.6792853903025389,0.43803831299965285,5.0
2025-09-12,748.72998046875,757.5700073242188,743.760009765625,755.5900268554688,8248600,0.10965754822827875,1.0965754822827876,0.9311942309141159,-0.9446575120091438,0.7219573776376346,10.0
2025-09-15,757.469970703125,774.0700073242188,751.989990234375,764.7000122070312,10533800,0.30802950635552406,4.312413088977337,0.918274063616991,-0.8903228212147951,0.614063239063534,14.0
2025-09-16,767.0,781.3599853515625,765.0999755859375,779.0,11782500,0.10141148273315695,0.9127033445984125,0.78010487370193,-0.4676937311887741,0.3801538253848104,9.0
2025-09-17,779.989990234375,783.2899780273438,766.3099975585938,775.719970703125,9400900,-0.036589053511205644,-0.3293014816008508,0.9202399337664247,-0.9617593917064369,0.726353874640087,9.0
2025-09-18,780.75,788.780029296875,773.3599853515625,780.25,10955000,0.22562456636556558,3.158743929117918,0.9290297813713551,-0.8872124701738358,0.4866385657236284,14.0
2025-09-19,786.4199829101562,790.7999877929688,769.1900024414062,778.3800048828125,23696800,0.21237455184261003,1.9113709665834904,0.9261500034481287,-0.8525021318346262,0.6103986645641698,9.0
2025-09-22,781.8499755859375,785.72998046875,764.469970703125,765.1599731445312,11706900,0.2751864663150627,4.4029834610410035,0.9314679028466344,-0.9652852891013026,0.5460197449427837,16.0
2025-09-23,769.25,770.5999755859375,751.0700073242188,755.4000244140625,10872600,0.12553485846146942,1.2553485846146941,0.8934257682412863,-0.7528144959360361,0.409891047595331,10.0
2025-09-24,757.5,761.1099853515625,752.530029296875,760.6599731445312,8828200,0.2682232788594609,2.95045606745407,0.907045875210315,-0.9404692109674215,0.6543867317026592,11.0
2025-09-25,753.4500122070312,756.77001953125,744.5499877929688,748.9099731445312,10591100,-0.1082083373753862,-1.1902917111292481,0.30164952389895916,-0.9055245816707611,0.4200913838380425,11.0
2025-09-26,750.0,751.9299926757812,737.3499755859375,743.75,9696300,0.21909225886114514,2.848199365194887,0.8707689354196191,-0.9401785638183355,0.5673542448235726,13.0
2025-09-29,748.719970703125,750.780029296875,739.1500244140625,743.4000244140625,9246800,0.13859252678230405,0.5543701071292162,0.7575529776513577,-0.18197795748710632,0.43298833420083677,4.0
2025-09-30,742.25,742.969970703125,726.2999877929688,734.3800048828125,16226800,0.46572267208248375,4.657226720824838,0.911656441166997,0.01300952211022377,0.3681065644651109,10.0
2025-10-01,721.489990234375,721.8499755859375,710.2000122070312,717.3400268554688,20419600,0.15905901754740626,1.908708210568875,0.8435284537263215,-0.7467146255075932,0.40359878396631166,12.0
2025-10-02,722.5800170898438,727.77001953125,718.1400146484375,727.0499877929688,11415300,0.0894354044770201,1.0732248537242413,0.9223513659089804,-0.8319322224706411,0.6037692094126939,12.0
2025-10-03,729.6300048828125,731.0,710.1799926757812,710.5599975585938,16154300,-0.212866522438292,-1.490065657068044,0.7717848694883287,-0.9162400215864182,0.648535488978318,7.0
2025-10-06,705.1900024414062,716.8800048828125,690.510009765625,715.6599731445312,21654700,0.03366573676466942,0.3366573676466942,0.9221120439469814,-0.8815489560365677,0.5143387078523338,10.0
2025-10-07,717.719970703125,718.5,705.75,713.0800170898438,12062900,0.14010047388728708,1.1208037910982966,0.8319000843912363,-0.945585198700428,0.5318217301702424,8.0
2025-10-08,713.4500122070312,719.6500244140625,707.8099975585938,717.8400268554688,10790600,0.22744296537712216,1.8195437230169773,0.896250557154417,-0.9381379447877407,0.624415172058035,8.0
2025-10-09,718.280029296875,733.510009765625,712.4400024414062,733.510009765625,12717200,0.15517206327058375,1.24137650616467,0.8627527374774218,-0.9179019024595618,0.5104227545657789,8.0
2025-10-10,730.9199829101562,735.27001953125,704.510009765625,705.2999877929688,16980100,0.11608970604304757,0.812627942301333,0.8263987898826599,-0.9414582997560501,0.5610446314416544,7.0
2025-10-13,713.010009765625,719.9400024414062,707.6400146484375,715.7000122070312,9251800,0.5412578159435228,5.953835975378752,0.9121737638488412,-0.010411038994789124,0.37550986967620964,11.0
2025-10-14,707.780029296875,715.5499877929688,699.3300170898438,708.6500244140625,8829800,0.11297213348249595,0.6778328008949757,0.879260802641511,-0.3650117293000221,0.4182816993212828,6.0
2025-10-15,717.0599975585938,723.9000244140625,709.510009765625,717.5499877929688,10246800,0.16902741701859567,1.521246753167361,0.9076335709542036,-0.9446957474574447,0.6253698801068158,9.0
2025-10-16,717.5499877929688,725.489990234375,703.8800048828125,712.0700073242188,9017000,0.030449138954281807,0.3653896674513817,0.9358269702643156,-0.8062707111239433,0.5814325966388878,12.0
2025-10-17,707.0800170898438,718.5399780273438,706.1199951171875,716.9199829101562,12232400,0.044008498545736074,0.3520679883658886,0.7796686440706253,-0.937836654484272,0.49930855434961263,8.0
2025-10-20,721.1900024414062,733.77001953125,720.1799926757812,732.1699829101562,8900200,0.07258446949223678,0.43550681695342064,0.5147437658160925,-0.4022127836942673,0.3366282617588785,6.0
2025-10-21,736.02001953125,738.5,728.75,733.27001953125,7647300,0.2772540572498526,1.9407784007489681,0.9394399598240852,-0.8850458581000566,0.6553429936702189,7.0
2025-10-22,733.8300170898438,740.5999755859375,724.030029296875,733.4099731445312,8734500,-0.003593907575123012,-0.028751260600984097,0.9375406270846725,-0.962819810025394,0.7379947086204045,8.0
2025-10-23,734.7000122070312,742.4099731445312,733.0999755859375,734.0,9856000,0.18396300143961394,1.2877410100772977,0.9321142500266433,-0.9025769187137485,0.5834617591061795,7.0
2025-10-24,736.7899780273438,741.2100219726562,731.1500244140625,738.3599853515625,9151300,-0.44141837675124407,-3.0899286372587085,0.2230136003345251,-0.9484998602420092,0.5365903555050923,7.0
2025-10-27,749.72998046875,755.75,748.010009765625,750.8200073242188,11321100,0.2774052504450083,2.774052504450083,0.9111393187195063,-0.7166114188730717,0.5078379413705267,10.0
2025-10-28,752.6300048828125,758.4000244140625,745.52001953125,751.4400024414062,12193800,0.46176201045851817,5.0793821150437,0.9250125009566545,-0.7729903385043144,0.5654499780423529,11.0
2025-10-29,754.75,759.1599731445312,742.510009765625,751.6699829101562,26818600,0.13041203587005537,1.9561805380508304,0.9142812062054873,-0.9546493953093886,0.7000637997326273,15.0
2025-10-30,669.1500244140625,680.9600219726562,650.1699829101562,666.469970703125,88440100,-0.03730717171793398,-1.7161298990249634,0.9233832806348801,-0.9669464742764831,0.5969609010771523,46.0
2025-10-31,674.510009765625,674.8900146484375,645.5700073242188,648.3499755859375,56953200,-0.08021715562790632,-0.7219544006511569,0.8623259849846363,-0.9658653438091278,0.696221346491791,9.0
2025-11-03,656.0,659.3300170898438,636.1799926757812,637.7100219726562,33003600,0.2303101129031607,1.612170790322125,0.9113190807402134,-0.2427588552236557,0.4828514644548976,7.0
2025-11-04,628.0399780273438,641.739990234375,626.010009765625,627.3200073242188,27356600,-0.3587705866019759,-3.228935279417783,0.1798119004815817,-0.9591102213598788,0.5619085256623543,9.0
2025-11-05,632.3099975585938,642.22998046875,626.5399780273438,635.9500122070312,20219900,-0.17633757243553796,-0.5290127173066139,0.4568453412503004,-0.9644007738679647,0.7231708356841001,3.0
2025-11-06,635.8499755859375,636.0,618.0,618.9400024414062,23628800,0.283342638053,3.1167690185829997,0.9302594978362322,-0.17077257856726646,0.3829475264166802,11.0
2025-11-07,616.489990234375,622.1300048828125,601.2000122070312,621.7100219726562,29946800,-0.1016519193071872,-0.8132153544574976,0.7770125465467572,-0.9611242031678557,0.7292264487251444,8.0
2025-11-10,631.0900268554688,635.0,618.1099853515625,631.760009765625,19245000,0.3012844259954161,2.711559833958745,0.9317164625972509,-0.7244495376944542,0.7211886809455,9.0
2025-11-11,628.0,629.5599975585938,619.3900146484375,627.0800170898438,13302200,-0.1749884592877193,-1.9248730521649122,0.915490722283721,-0.9613681519404054,0.6448407260509433,11.0
2025-11-12,628.1300048828125,628.989990234375,607.77001953125,609.010009765625,24493300,0.2834025302901864,2.834025302901864,0.9397938726469874,-0.9513372136279941,0.5861488747964556,10.0
2025-11-13,613.0700073242188,617.6500244140625,603.0,609.8900146484375,20973800,-0.2681144251089011,-1.8768009757623076,0.057075049728155136,-0.9432981358841062,0.44890769086143184,7.0
2025-11-14,601.7899780273438,613.6799926757812,595.2000122070312,609.4600219726562,20724100,-0.20151854381681636,-2.6197410696186125,0.7915998669341207,-0.9670418831519783,0.6808449775996963,13.0
2025-11-17,609.0399780273438,611.6900024414062,595.4000244140625,602.010009765625,16501300,-0.2721560085192323,-4.082340127788484,0.38253669906407595,-0.9584491867572069,0.5136263081778225,15.0
2025-11-18,591.5999755859375,603.6599731445312,583.780029296875,597.6900024414062,25500600,-0.08106992157797019,-1.2160488236695528,0.9243711344897747,-0.9649368496611714,0.6537627076014362,15.0
2025-11-19,593.719970703125,595.3300170898438,581.25,590.3200073242188,24744700,0.133905431184058,1.740770605392754,0.9066127622500062,-0.946626327931881,0.5859241410823992,13.0
2025-11-20,603.5,606.719970703125,583.3499755859375,589.1500244140625,20603000,-0.20252991043445137,-1.8227691939100623,0.9205429777503014,-0.9064590223133564,0.6772871375009775,9.0
2025-11-21,588.5,598.1199951171875,581.8599853515625,594.25,21052600,-0.05372186901513487,-0.42977495212107897,0.7123801345005631,-0.948334064334631,0.5770097276157828,8.0
2025-11-24,598.719970703125,616.7000122070312,597.6300048828125,613.0499877929688,23554900,0.04919617954227659,0.44276561588048935,0.9299016948789358,-0.9452657848596573,0.6743283105669654,9.0
2025-11-25,624.0,637.0499877929688,618.2999877929688,636.219970703125,25213000,-0.07452236014582655,-1.2668801224790514,0.9203245677053928,-0.9664240195415914,0.6803054143242571,17.0
2025-11-26,637.6900024414062,638.3599853515625,631.6300048828125,633.6099853515625,15209500,-0.15832452848553658,-1.899894341826439,0.4568453412503004,-0.9550207834690809,0.480522511002131,12.0
2025-11-28,636.0800170898438,648.0499877929688,635.5,647.9500122070312,11033200,-0.2009353330358863,-1.2056119982153177,0.4971376992762089,-0.9651145283132792,0.5977428374890269,6.0
2025-12-01,639.5499877929688,645.3200073242188,637.760009765625,640.8699951171875,13029900,0.19854590056153634,2.3825508067384362,0.9336509481072426,-0.963702131062746,0.6422478925803208,12.0
2025-12-02,642.3400268554688,647.8699951171875,638.0700073242188,647.0999755859375,11640900,0.03283005141253982,0.22981035988777876,0.933469170704484,-0.918916517868638,0.7535218298891295,7.0
2025-12-03,644.4099731445312,648.8499755859375,637.5499877929688,639.5999755859375,11134300,-0.1238003492887531,-1.7332048900425434,0.9162828400731087,-0.9451367752626538,0.5776181620075266,14.0
2025-12-04,676.0,676.0999755859375,660.0499877929688,661.530029296875,29874600,-0.006922021450009197,-0.11075234320014715,0.8782241493463516,-0.914993841201067,0.6163934750164293,16.0
2025-12-05,664.0,674.6900024414062,662.3900146484375,673.4199829101562,21207900,-0.22740062672528438,-3.63841002760455,0.830679080914706,-0.9648435851559043,0.5552071720492016,16.0
2025-12-08,669.3400268554688,676.7100219726562,665.0700073242188,666.7999877929688,13161000,0.2652662310283631,3.1831947723403573,0.9321812391281128,-0.8559624776244164,0.4986812326367461,12.0
2025-12-09,663.77001953125,664.47998046875,653.3400268554688,656.9600219726562,12997100,-0.14350918903946877,-0.7175459451973438,0.329079519957304,-0.9335501194000244,0.47603893514661855,5.0
2025-12-10,649.9500122070312,654.510009765625,643.4000244140625,650.1300048828125,16910900,-0.3945477648327748,-3.550929883494973,0.6731762513518333,-0.9411725103855133,0.6301687283671278,9.0
2025-12-11,643.2899780273438,655.280029296875,640.7999877929688,652.7100219726562,13056700,-0.0335777891584887,-0.43651125906035304,0.8529291972517967,-0.9669118686579168,0.6412879816704027,13.0
2025-12-12,649.7999877929688,711.0,638.6099853515625,644.22998046875,14016900,0.17675726655094573,2.121087198611349,0.9178356006741524,-0.8918920382857323,0.6889122900815108,12.0
2025-12-15,645.7000122070312,653.0,638.7000122070312,647.510009765625,15549100,0.21476051211357117,1.9328446090221405,0.8507352340966463,-0.902798242866993,0.5242503733204235,9.0
2025-12-16,643.5,662.5399780273438,643.2000122070312,657.1500244140625,14309100,0.010876296029891819,0.1740207364782691,0.9351164689287543,-0.9541601883247495,0.6453364543350331,16.0
2025-12-17,655.6099853515625,661.22998046875,649.2000122070312,649.5,15598500,0.02339567691087723,0.23395676910877228,0.5247058346867561,-0.8597510270774364,0.4753316922997665,10.0
2025-12-18,657.030029296875,670.5599975585938,656.4600219726562,664.4500122070312,20260300,0.17873666290607718,1.6086299661546946,0.9184704981744289,-0.8104863502085209,0.5810923855407106,9.0
2025-12-19,666.4199829101562,671.0,658.1799926757812,658.77001953125,49977100,-0.39431652799248695,-2.3658991679549217,0.30465051252394915,-0.8866461645811796,0.4503714527420919,6.0
2025-12-22,661.6500244140625,673.5800170898438,656.6500244140625,661.5,15659400,0.038667933217116764,0.27067553251981735,0.9176210965961218,-0.9381275922060013,0.6185561305791524,7.0
2025-12-23,660.0499877929688,666.0,658.25,664.9400024414062,8486800,-0.3065533178858459,-3.065533178858459,0.921219420619309,-0.9369590170681477,0.6615083585331482,10.0
2025-12-24,662.530029296875,668.1799926757812,662.2000122070312,667.5499877929688,5627500,-0.29361425976579386,-1.7616855585947633,0.8726467099040747,-0.9353641169145703,0.745034542348056,6.0
2025-12-26,668.0599975585938,668.9500122070312,661.3200073242188,663.2899780273438,7133800,0.1830882327631116,0.5492646982893348,0.7828154787421227,-0.9303526980802417,0.9652267158714016,3.0
2025-12-29,658.010009765625,660.25,654.3900146484375,658.6900024414062,8506500,0.4487979020923376,0.8975958041846752,0.8864994831383228,0.011096321046352386,0.6190035121873787,2.0
2025-12-30,658.6900024414062,672.219970703125,657.8400268554688,665.9500122070312,9187500,0.22518530381577356,1.5762971267104149,0.9243510980159044,-0.7499485015869141,0.6300622681613198,7.0
2025-12-31,664.75,665.0,659.4400024414062,660.0900268554688,7940400,-0.026677423622459173,-0.053354847244918346,0.8973859176039696,-0.9507407648488879,1.3068229096542128,2.0
2026-01-02,662.72998046875,664.3900146484375,643.5,650.4099731445312,13726500,0.11480608740821481,1.148060874082148,0.9329606480896473,-0.9551142640411854,0.5336941556959814,10.0
2026-01-05,651.010009765625,664.5399780273438,647.75,658.7899780273438,12213700,0.04078326635062694,0.20391633175313473,0.9228406865149736,-0.9477717969566584,0.6641038750103027,5.0
2026-01-06,659.5700073242188,665.52001953125,651.9000244140625,660.6199951171875,11074400,0.3314402021157245,1.988641212694347,0.9070584215223789,-0.9450079528614879,0.7163046915415241,6.0
2026-01-07,655.6400146484375,659.1500244140625,644.8099975585938,648.6900024414062,12846300,0.003124690686280911,0.04062097892165184,0.8741706237196922,-0.8252659477293491,0.6609871707396571,13.0
2026-01-08,645.8800048828125,647.0999755859375,635.719970703125,646.0599975585938,11921700,0.06301940658262797,0.44113584607839584,0.8341234046965837,-0.7004729118198156,0.45573550514407185,7.0
2026-01-09,645.4400024414062,654.9500122070312,642.8499755859375,653.0599975585938,11634900,0.5246505613571831,7.345107859000564,0.9314894694834948,-0.6763741672039032,0.5506840876105711,14.0
2026-01-12,652.530029296875,653.969970703125,641.22998046875,641.969970703125,14797200,-0.15890981233678758,-2.5425569973886013,0.914678598754108,-0.9656977257691324,0.6174177718974138,16.0
2026-01-13,642.27001953125,642.27001953125,624.0999755859375,631.0900268554688,18030400,-0.06254885335349375,-0.5629396801814437,0.9171117413789034,-0.9588063610717654,0.7480400012809938,9.0
2026-01-14,626.5,628.4500122070312,614.8200073242188,615.52001953125,15527900,0.04962677203325762,0.44664094829931855,0.9213609648868442,-0.9537740736268461,0.7757066867253818,9.0
2026-01-15,618.47998046875,624.1699829101562,614.22998046875,620.7999877929688,13076100,-0.3109716274258163,-2.798744646832347,0.9048544261604548,-0.964061270467937,0.6838833068103228,9.0
2026-01-16,624.1799926757812,629.0800170898438,620.0800170898438,620.25,17012500,0.058225703558751514,0.4075799249112606,0.910673551261425,-0.9603032739832997,0.7461450726526264,7.0
2026-01-20,607.8800048828125,611.4000244140625,600.0,604.1199951171875,15169600,-0.3037662368474735,-2.7338961316272616,0.8318549320101738,-0.9580497415736318,0.5815672961757582,9.0
2026-01-21,606.739990234375,618.27001953125,600.0800170898438,612.9600219726562,14494700,0.418892087880522,3.351136703044176,0.9027340840548277,0.0764151718467474,0.3233230448812836,8.0
2026-01-22,629.3499755859375,660.5700073242188,626.5499877929688,647.6300048828125,21394700,0.486554976242284,4.378994786180556,0.9336369168013334,-0.737060908228159,0.5910168752971039,9.0
2026-01-23,644.77001953125,666.489990234375,644.4500122070312,658.760009765625,22797700,0.18128665102024874,2.1754398122429848,0.9343762528151274,-0.780583918094635,0.5530650526987143,12.0
2026-01-26,665.1300048828125,675.280029296875,661.2899780273438,672.3599853515625,16327400,0.05920199450338259,0.9472319120541215,0.9254778027534485,-0.919930063188076,0.5096584921095759,16.0
2026-01-27,674.5900268554688,676.8200073242188,664.6599731445312,672.969970703125,13297400,0.14778051352394478,2.068927189335227,0.9123860169202089,-0.8996044546365738,0.7661580081193192,14.0
2026-01-28,674.5,677.6799926757812,666.0999755859375,668.72998046875,25709600,0.023412752508496244,0.5619060602039099,0.9425908718258142,-0.9587450157850981,0.6764179555577201,24.0
2026-01-29,737.4299926757812,744.0,712.5499877929688,738.3099975585938,59852900,0.3977042323030118,14.317352362908423,0.9203078877180815,-0.936526658013463,0.5261511141346062,36.0
2026-01-30,727.5,732.1699829101562,713.5900268554688,716.5,23744600,-0.12361000598009143,-0.86527004186064,0.9354245942085981,-0.9629569537937641,0.6158772114440121,7.0
2026-02-02,714.5999755859375,721.2999877929688,703.52001953125,706.4099731445312,14365200,0.026098416466265918,0.26098416466265917,0.9357785172760487,-0.9420504467561841,0.7226580935091307,10.0
2026-02-03,707.3699951171875,717.0,686.4099731445312,691.7000122070312,13760700,-0.002252458727785519,-0.015767211094498634,0.9009661264717579,-0.8950096294283867,0.7274424832226075,7.0
2026-02-04,687.72998046875,688.8300170898438,667.4600219726562,668.989990234375,16882800,-0.7635830338889112,-4.581498203333467,0.016417216509580612,-0.9588064951822162,0.3870543200984721,6.0
2026-02-05,663.5800170898438,681.5,653.5,670.2100219726562,17131800,-0.026669314929417202,-0.1866852045059204,0.804741807281971,-0.9637235701084137,0.5227102239970569,7.0
2026-02-06,665.489990234375,671.989990234375,646.5,661.4600219726562,18159300,0.1904970822589738,1.3334795758128166,0.9067743830382824,-0.8492856547236443,0.5906021349267668,7.0
2026-02-09,663.1799926757812,683.3099975585938,658.780029296875,677.219970703125,14837500,-0.017309262417256832,-0.20771114900708199,0.9079767428338528,-0.9099281206727028,0.6369022490669967,12.0
2026-02-10,677.5999755859375,680.6500244140625,669.7899780273438,670.719970703125,10455800,0.03535421338165179,0.2828337070532143,0.8957287669181824,-0.9165497832000256,0.7058510551791524,8.0
2026-02-11,674.0,679.27001953125,657.0999755859375,668.6900024414062,14323800,0.16140592863251055,2.259683000855148,0.8893699189648032,-0.9603903526440263,0.6450013188992215,14.0
2026-02-12,669.969970703125,676.0,645.280029296875,649.8099975585938,14960100,-0.18167591879942588,-2.5434628631919622,0.8780022654682398,-0.9668426364660263,0.7810247137161909,14.0
2026-02-13,645.0999755859375,651.4299926757812,634.5700073242188,639.77001953125,12336400,0.2590123802656308,2.0720990421250463,0.9344763457775116,-0.9310562182217836,0.7297578250196876,8.0
2026-02-17,639.5,642.5999755859375,628.7999877929688,639.2899780273438,12674700,0.02857169153338129,0.3142886068671942,0.9289046730846167,-0.9292670292779803,0.7134775655158776,11.0
2026-02-18,633.7999877929688,645.0,628.1500244140625,643.219970703125,14649200,0.10200350812325874,1.5300526218488812,0.9063898921012878,-0.9634179072454572,0.6661015471091378,15.0
2026-02-19,638.5700073242188,647.1900024414062,636.719970703125,644.780029296875,10035700,0.11845762970355841,1.5399491861462593,0.9345063380897045,-0.9526705499738455,0.6220907881635759,13.0
2026-02-20,639.6900024414062,663.3499755859375,638.780029296875,655.6599731445312,14183500,-0.41662594146328047,-3.3330075317062438,0.7963386392220855,-0.9631518484093249,0.6567329910520792,8.0
2026-02-23,652.5399780273438,657.7000122070312,636.0,637.25,8605900,0.32048799004405737,1.9229279402643442,0.9313223101198673,-0.8153705038130283,0.6624791865918506,6.0
2026-02-24,633.0800170898438,641.1099853515625,628.97998046875,639.2999877929688,10135600,0.18834466015299162,2.825169902294874,0.8682460933923721,-0.8217360451817513,0.47717507333540043,15.0
2026-02-25,642.530029296875,653.8800048828125,642.1400146484375,653.6900024414062,11330700,0.13425963837653399,2.2824138524010777,0.9080457733944058,-0.9574084933847189,0.6976020876194029,17.0
2026-02-26,650.5499877929688,661.0,647.5,657.010009765625,10637700,-0.11334546337214609,-1.360145560465753,0.8369377478957176,-0.9360620183870196,0.6388508427717201,12.0
2026-02-27,643.4500122070312,649.4400024414062,638.1199951171875,648.1799926757812,15703000,0.06086549229387726,0.4260584460571408,0.9300961419939995,-0.9468911159783602,0.5895504859345505,7.0
2026-03-02,637.1599731445312,659.9400024414062,634.5,653.5599975585938,9816100,0.0421843248186633,0.3374745985493064,0.7587238447740674,-0.8628910928964615,0.6252411730505122,8.0
2026-03-03,648.2899780273438,659.0399780273438,638.8400268554688,655.0800170898438,12263800,0.1902506577649287,1.3317546043545008,0.9202140998095274,-0.8197664581239223,0.5525518247843085,7.0
2026-03-04,657.9600219726562,672.77001953125,657.6699829101562,667.72998046875,10810100,0.1358061603137425,0.9506431221961975,0.877251498401165,-0.6805031895637512,0.4682025498136178,7.0
2026-03-05,661.9299926757812,670.7000122070312,650.3099975585938,660.5700073242188,13341400,0.11876129265874624,0.47504517063498497,0.9254821557551622,-0.7858592085540295,0.7013442261517897,4.0
2026-03-06,647.9000244140625,649.469970703125,636.1099853515625,644.8599853515625,13159400,-0.22115692993005118,-1.326941579580307,0.9328125454485416,-0.9269797187298536,0.7643313398692504,6.0
2026-03-09,634.780029296875,647.75,626.780029296875,647.3900146484375,13489700,0.2800293918699026,1.6801763512194157,0.9176931651309133,-0.15169554948806763,0.40084520030591225,6.0
2026-03-10,653.5599975585938,660.2999877929688,649.0,654.0700073242188,9859300,0.00687722850125283,0.11003565602004528,0.8653080351650715,-0.9483011225238442,0.5071004384608414,16.0
2026-03-11,654.760009765625,659.1199951171875,648.3599853515625,654.8599853515625,8977200,0.4009073697296636,2.8063515881076455,0.9244132861495018,-0.9087451146915555,0.6123319002393869,7.0
2026-03-12,648.75,653.5,636.9000244140625,638.1799926757812,11617500,-0.23862893825086454,-1.4317736295051873,0.8949897084385157,-0.9356072321534157,0.8579798095670021,6.0
2026-03-13,623.8900146484375,629.1699829101562,609.5499877929688,613.7100219726562,18957600,-0.26692060148343444,-1.6015236089006066,0.9175826264545321,-0.9647003738209605,0.7215040281627092,6.0
2026-03-16,632.0,634.75,623.0999755859375,627.4500122070312,15134900,0.1925258885991449,2.310310663189739,0.9389880644157529,-0.9546583658084273,0.7700205267951,12.0
2026-03-17,627.989990234375,636.5499877929688,621.7000122070312,622.6599731445312,10348800,0.08645056767596139,0.7780551090836525,0.7291253423318267,-0.5716445446014404,0.45004717245422626,9.0
2026-03-18,616.3400268554688,622.6500244140625,614.6099853515625,615.6799926757812,11726300,-0.1458359689762195,-0.875015813857317,0.9274636246263981,-0.9568498367443681,0.6745601837824827,6.0
2026-03-19,612.1500244140625,613.0,602.260009765625,606.7000122070312,13247700,-0.12875737929716707,-1.2875737929716706,0.6248367391526699,-0.9466395424678922,0.476298066973591,10.0
2026-03-20,603.530029296875,603.9600219726562,587.25,593.6599731445312,21214900,0.08481726553291083,0.4240863276645541,0.8866387819871306,-0.9427337283268571,0.6646771142656988,5.0
2026-03-23,605.7899780273438,608.6400146484375,599.010009765625,604.0599975585938,13638000,-0.09814077988266945,-0.6869854591786861,0.3362853080034256,-0.9358195345848799,0.43501483190759643,7.0
2026-03-24,599.0999755859375,601.0,591.0,592.9199829101562,10739700,-0.034470278232430034,-0.44811361702159047,0.838718275539577,-0.9326981361955404,0.5707136450494408,13.0
2026-03-25,598.739990234375,603.6699829101562,593.4000244140625,594.8900146484375,12585000,0.06328080334545423,1.5187392802909017,0.9305261047556996,-0.9364380985498428,0.5547817341156669,24.0
2026-03-26,582.489990234375,583.0,543.3499755859375,547.5399780273438,35780100,-0.20412111453091106,-2.4494533743709326,0.9319358095526695,-0.965002266690135,0.6017273918974472,12.0
2026-03-27,540.0999755859375,543.5999755859375,520.260009765625,525.719970703125,30133000,-0.14614075413555838,-2.338252066168934,0.9237270448356867,-0.9670729208737612,0.6506469729505847,16.0
2026-03-30,536.3800048828125,539.5499877929688,528.5399780273438,536.3800048828125,22795200,-0.061248105895869875,-1.0412178002297878,0.9232376143336296,-0.9658702686429024,0.6316332765649032,17.0
2026-03-31,549.97998046875,573.6900024414062,546.77001953125,572.1300048828125,32898300,0.11466579984586972,1.4906553979963064,0.9198154956102371,-0.9169176509603858,0.5768037246889476,13.0
2026-04-01,580.1300048828125,592.5499877929688,573.8200073242188,579.22998046875,23608100,-0.29516219931908627,-3.246784192509949,0.9249731283634901,-0.9560195300728083,0.7348964389477434,11.0
2026-04-02,566.0399780273438,578.5,559.7000122070312,574.4600219726562,13518500,-0.5272280366293022,-3.690596256405115,0.15130984131246805,-0.9655951522290707,0.5039127332976472,7.0
2026-04-06,577.6900024414062,582.7899780273438,572.0,573.02001953125,9515700,0.20179099328815936,1.0089549664407969,0.9220211673527956,-0.9358137864619493,0.7052982608478108,5.0
2026-04-07,572.47998046875,575.22998046875,564.760009765625,575.0499877929688,9580800,-0.3563824264565483,-2.851059411652386,0.9385118167847395,-0.9499370465055108,0.7487890869574516,8.0
2026-04-08,606.0,629.9500122070312,591.8300170898438,612.4199829101562,32036600,0.2805731748654084,3.086304923519492,0.9304453134536743,-0.8709623971953988,0.6685003673197242,11.0
2026-04-09,626.969970703125,637.5,623.0,628.3900146484375,19012900,0.16108997600068423,3.543979472015053,0.930230587720871,-0.9549549780786037,0.6627482625687434,22.0
2026-04-10,634.469970703125,638.5800170898438,624.3300170898438,629.8599853515625,13294800,0.15252362916778242,2.1353308083489537,0.9087915662676096,-0.9620246877893806,0.6910600818002821,14.0
2026-04-13,629.5,635.0,624.4000244140625,634.530029296875,9538900,-0.030388120282441377,-0.3038812028244138,0.9289603754878044,-0.9323430238291621,0.6330103560776785,10.0
2026-04-14,643.219970703125,666.260009765625,639.3699951171875,662.489990234375,17818000,0.08834670325741172,0.8834670325741172,0.8950813794508576,-0.9434981867671013,0.7121286592411795,10.0
2026-04-15,667.0,678.5,664.219970703125,671.5800170898438,14952600,0.1426464350273212,2.1396965254098177,0.9251216221600771,-0.92000313103199,0.7152439919396063,15.0
2026-04-16,675.989990234375,677.5800170898438,667.75,676.8699951171875,9544800,0.18347222071939281,2.5686110900714993,0.9269756358116865,-0.9650303265079856,0.6630216218371185,14.0
2026-04-17,678.5999755859375,691.52001953125,675.1300048828125,688.5499877929688,16283500,0.02735416905488819,0.2188333524391055,0.9238280151039362,-0.943317923694849,0.8599128995792238,8.0
2026-04-20,681.3599853515625,683.3800048828125,668.0,670.9099731445312,12534000,0.039894965044888,0.558529510628432,0.8928158972412348,-0.832869827747345,0.6296030331587457,14.0
2026-04-21,671.0,676.2000122070312,667.3300170898438,668.8400268554688,8660100,0.21547077168625864,2.370178488548845,0.8167389146983624,-0.9665883653797209,0.48622151384421425,11.0
2026-04-22,674.3599853515625,678.3800048828125,669.75,674.719970703125,9215600,0.37700842414051294,2.6390589689835906,0.9413869176059961,-0.48746272921562195,0.5494493355351769,7.0
2026-04-23,663.7000122070312,669.5599975585938,653.0499877929688,659.1500244140625,11667000,-0.683526469161734,-2.734105876646936,0.0678942808881402,-0.9578508604317904,0.502077247400873,4.0
2026-04-24,660.3200073242188,680.6699829101562,653.8400268554688,675.030029296875,13348300,0.2680687693879008,2.6806876938790083,0.8690983802080154,-0.40732158720493317,0.40097449324384676,10.0
2026-04-27,671.0,682.5,670.8400268554688,678.6199951171875,12805200,-0.07175282489818831,-0.8610338987782598,0.8803569562733173,-0.9575573150068521,0.61794491586001,12.0
2026-04-28,674.239990234375,678.1799926757812,665.6300048828125,671.3400268554688,10606800,-0.3003253499045968,-2.4026027992367744,0.6894087940454483,-0.960017142817378,0.6152267571499622,8.0
2026-04-29,668.9099731445312,674.25,663.8099975585938,669.1199951171875,18947500,0.07537468588621966,2.18586589070037,0.9406772870570421,-0.9641697038896382,0.6975326824253321,29.0
2026-04-30,619.3200073242188,620.8499755859375,600.0,611.9099731445312,52765000,-0.09389690899600585,-3.6619794508442283,0.9320216868072748,-0.9641929846256971,0.6671963434385894,39.0
2026-05-01,614.6900024414062,618.8800048828125,606.1099853515625,608.75,21404000,0.40538812907073984,4.459269419778138,0.9024529755115509,-0.9612384848296642,0.5678349434456682,11.0
2026-05-04,607.9400024414062,614.0,602.75,610.4099731445312,16203900,0.17240526783280075,2.068863213993609,0.9167437329888344,-0.6920440644025803,0.5148097147463816,12.0
2026-05-05,613.3099975585938,614.3499755859375,600.3599853515625,604.9600219726562,17171300,0.13405232753471605,1.8767325854860246,0.9082153886556625,-0.7767531797289848,0.5430932324043126,14.0
2026-05-06,601.0499877929688,619.9500122070312,598.0999755859375,612.8800048828125,19915500,-0.49980285404516117,-3.4986199783161283,0.8178220158442855,-0.9591545183211565,0.6797938388402309,7.0
2026-05-07,614.719970703125,624.97998046875,613.5399780273438,616.8099975585938,12307400,0.33091625322898227,3.9709950387477875,0.9261118732392788,-0.961733884178102,0.5829985740969871,12.0
2026-05-08,615.2000122070312,616.77001953125,606.0599975585938,609.6300048828125,13557000,-0.1703467417974025,-1.36277393437922,0.8913921676576138,-0.9631549417972565,0.7562705310590696,8.0
2026-05-11,604.5700073242188,604.9099731445312,598.0800170898438,598.8599853515625,15940600,-0.3089395177550614,-3.089395177550614,0.8696357440203428,-0.9641486359760165,0.705754038236548,10.0
2026-05-12,594.8200073242188,603.75,592.5999755859375,603.0,11351600,-0.21848002285696566,-2.1848002285696566,0.7409152504988015,-0.8962445370852947,0.6029795422276552,10.0
2026-05-13,598.8300170898438,619.9000244140625,596.6599731445312,616.6300048828125,14634400,-0.12288915272802114,-1.720448138192296,0.8698911219835281,-0.9618255961686373,0.6289120425023145,14.0
2026-05-14,616.0,623.72998046875,615.0,618.4299926757812,10651200,0.17310959918217528,1.5579863926395774,0.9343437105417252,-0.9526367895305157,0.8809253437278726,9.0
2026-05-15,613.989990234375,621.2000122070312,609.3099975585938,614.22998046875,13272600,-0.3118035285375439,-4.053445870988071,0.5032729879021645,-0.9498550752177835,0.5271927417187012,13.0
2026-05-18,609.1099853515625,615.5900268554688,603.6900024414062,611.2100219726562,13772400,-0.27160755457977453,-4.074113318696618,0.8368683978915215,-0.9565386325120926,0.666112626726689,15.0
2026-05-19,608.9199829101562,613.9299926757812,600.5499877929688,602.6099853515625,11749900,-0.32446838940422124,-4.218089062254876,0.9103439440950751,-0.9610722376964986,0.696148088014133,13.0
2026-05-20,600.760009765625,608.0,597.8099975585938,605.0599975585938,11329700,-0.38504988634958864,-3.8504988634958863,0.5693694818764925,-0.960685788653791,0.5806947118864,10.0
2026-05-21,600.0,609.5999755859375,594.8099975585938,607.3800048828125,13476100,-0.3390990439802408,-3.730089483782649,0.19616300333291292,-0.9436265835538507,0.40039646160091596,11.0
2026-05-22,607.8800048828125,614.8099975585938,606.9500122070312,610.260009765625,11688600,-0.08881255593150854,-0.8881255593150854,0.9101958740502596,-0.909290537238121,0.63290531628872,10.0
2026-05-26,608.8900146484375,614.469970703125,605.2999877929688,612.3400268554688,12234200,-0.184583772032056,-1.476670176256448,0.8907666364684701,-0.9577775015495718,0.7683171156027916,8.0
2026-05-27,609.4000244140625,638.5,609.0,635.260009765625,23143600,-0.03326742750193391,-0.2328719925135374,0.8897878546267748,-0.9508599797263741,0.7743759829000891,7.0
2026-05-28,639.5,643.0,629.3099975585938,635.2899780273438,16772400,0.09429113815228145,0.848620243370533,0.8360756216570735,-0.8717550989240408,0.45401738380674805,9.0
2026-05-29,633.5,634.5,623.3499755859375,632.510009765625,19806500,-0.23600326385349035,-1.6520228469744325,0.5166200706735253,-0.9105664063245058,0.6122261680688748,7.0
2026-06-01,630.4000244140625,635.75,599.530029296875,600.469970703125,29138800,-0.6412329528480768,-3.206164764240384,-0.16894471645355225,-0.9615026786923409,0.3871538150625126,5.0
2026-06-02,603.239990234375,608.8800048828125,596.6799926757812,597.6300048828125,18252000,0.06808115157764405,1.0892984252423048,0.9228594684973359,-0.8778894692659378,0.5858607557668617,16.0
2026-06-03,603.0,624.1500244140625,600.27001953125,622.97998046875,23020100,0.35892976075410843,3.5892976075410843,0.9247860088944435,-0.022434934973716736,0.4093444353829084,10.0
2026-06-04,623.6699829101562,642.4000244140625,622.4299926757812,627.5700073242188,21469200,0.10242478425304095,1.2290974110364914,0.9283222835510969,-0.9426112975925207,0.5013559293432447,12.0
2026-06-05,623.4600219726562,629.1500244140625,582.9099731445312,593.0,30091600,-0.054081951811288796,-0.6489834217354655,0.9152610898017883,-0.9418665040284395,0.6654019076638303,12.0
2026-06-08,592.0,592.0,579.219970703125,585.3900146484375,19512400,-0.025562910900379602,-0.33231784170493484,0.918881906196475,-0.964367195032537,0.6405659119780556,13.0
2026-06-09,591.0,597.6300048828125,581.010009765625,584.5900268554688,16977400,-0.22428340589006743,-3.3642510883510113,0.7304960191249847,-0.9589847372844815,0.5497722487790495,15.0
2026-06-10,580.72998046875,591.3200073242188,570.5999755859375,570.97998046875,17064000,0.2404649574826989,2.16418461734429,0.9350906815379858,-0.9056268678978086,0.6424848173773479,9.0
2026-06-11,565.8300170898438,572.1699829101562,557.010009765625,568.4299926757812,17628000,-0.37644991169994074,-2.2586994701996446,0.0314528401941061,-0.9338583843782544,0.38477195806941855,6.0
2026-06-12,572.9500122070312,576.0700073242188,560.9000244140625,566.97998046875,14326400,-0.362374368434151,-3.261369315907359,0.7472617477178574,-0.928081326186657,0.6367147477619928,9.0
2026-06-15,579.9000244140625,601.27001953125,579.2999877929688,593.47998046875,17653300,0.13915623612701894,1.3915623612701893,0.8131709983572364,-0.8228346258401871,0.5903667606639252,10.0
2026-06-16,593.6500244140625,605.8099975585938,592.0,600.2100219726562,11344400,0.1516161026665941,1.2129288213327527,0.8971142172813416,-0.7846852336078882,0.5198404383617277,8.0
2026-06-17,592.0,593.8099975585938,566.1900024414062,567.5800170898438,20397900,0.03572905022883788,0.571664803661406,0.9147806894034147,-0.9640915626659989,0.6056612040651349,16.0
2026-06-18,572.9550170898438,578.8800048828125,563.0999755859375,573.5800170898438,12439682,-0.28543719789013267,-2.8543719789013267,0.8039914891123772,-0.9667140496894717,0.6139971757124997,10.0
