stock,seed,method,strategy,split,mse,mae,direction_accuracy,forecast_horizon,checkpoint_path,checkpoint_selection,encoder_weight_source,fine_tune_encoder,trend_weight,trend_loss_temperature,trend_loss_threshold,trend_selection_weight,normalization,feature_transform,forecast_target,target_definition,metric_definition,test_start,test_end,test_signature,experiment_id,config_signature,timestamp,git_commit_sha,original_source_file,score_source_file,raw_model,selected_bundle,included_in_canonical,exclusion_reason,metadata_sources
AVGO,42,Naive-last,local_long,test,0.00301088671668516,0.03984621198553788,0.0,5,./logs/output_model/AVGO/lr_1e-05_ema_momentum_0.998_mask_ratio_0.7_ratio_patches_10_encoder_256_2_1_predictor_128_2_1_local_mae_long_jepa_ljepa_1.5_lmae_0.5_mae_1_gap_4_jepa_4_cfg_a1b80dd2cfaf_epoch_2000.pt,fixed_pretraining_epoch_2000,ema,True,0.001,0.01,1e-05,0.0005,window_return,raw,value,future target values in the configured normalized feature space,MSE and MAE over all saved rolling-step/horizon target values; project_within_trajectory_v1: sign of consecutive forecast-horizon differences equals sign of consecutive target differences; relative-return paths additionally include the known zero origin; cumulative/excess log-return targets compare the binary indicators (forecast > 0) and (target > 0) at each horizon,2025-04-01T00:00:00,2025-12-31T00:00:00,0574650739836f4c963d,8cc2dfd62ac48cad,8cc2dfd62ac48cad,20260825_101014,ec9b2701bcc2bf149eb9db36c8e6db9589eeabd3,results/top10_with_sentiment_jepa_lam_1_mae_lam_2/local_long/AVGO/seed_42/last_model_comparison_20260825_101014.csv,results/top10_with_sentiment_jepa_lam_1_mae_lam_2/local_long/AVGO/seed_42/last_baseline_scores_after_observation_20260825_101014.csv,naive_last,True,False,duplicate deterministic baseline; reference strategy selected,config/experiments/top10_with_sentiment_jepa_lam_1_mae_lam_2.json;results/top10_with_sentiment_jepa_lam_1_mae_lam_2/local_long/AVGO/seed_42/preprocessing_config.json
AVGO,42,Drift,local_long,test,0.003206176350828088,0.040613234099490865,0.5723684210526315,5,./logs/output_model/AVGO/lr_1e-05_ema_momentum_0.998_mask_ratio_0.7_ratio_patches_10_encoder_256_2_1_predictor_128_2_1_local_mae_long_jepa_ljepa_1.5_lmae_0.5_mae_1_gap_4_jepa_4_cfg_a1b80dd2cfaf_epoch_2000.pt,fixed_pretraining_epoch_2000,ema,True,0.001,0.01,1e-05,0.0005,window_return,raw,value,future target values in the configured normalized feature space,MSE and MAE over all saved rolling-step/horizon target values; project_within_trajectory_v1: sign of consecutive forecast-horizon differences equals sign of consecutive target differences; relative-return paths additionally include the known zero origin; cumulative/excess log-return targets compare the binary indicators (forecast > 0) and (target > 0) at each horizon,2025-04-01T00:00:00,2025-12-31T00:00:00,0574650739836f4c963d,8cc2dfd62ac48cad,8cc2dfd62ac48cad,20260825_101014,ec9b2701bcc2bf149eb9db36c8e6db9589eeabd3,results/top10_with_sentiment_jepa_lam_1_mae_lam_2/local_long/AVGO/seed_42/last_model_comparison_20260825_101014.csv,results/top10_with_sentiment_jepa_lam_1_mae_lam_2/local_long/AVGO/seed_42/last_baseline_scores_after_observation_20260825_101014.csv,drift,True,False,duplicate deterministic baseline; reference strategy selected,config/experiments/top10_with_sentiment_jepa_lam_1_mae_lam_2.json;results/top10_with_sentiment_jepa_lam_1_mae_lam_2/local_long/AVGO/seed_42/preprocessing_config.json
AVGO,42,GRU,local_long,test,0.003785284815658133,0.04912275838616647,0.47368421052631576,5,./logs/output_model/AVGO/lr_1e-05_ema_momentum_0.998_mask_ratio_0.7_ratio_patches_10_encoder_256_2_1_predictor_128_2_1_local_mae_long_jepa_ljepa_1.5_lmae_0.5_mae_1_gap_4_jepa_4_cfg_a1b80dd2cfaf_epoch_2000.pt,fixed_pretraining_epoch_2000,ema,True,0.001,0.01,1e-05,0.0005,window_return,raw,value,future target values in the configured normalized feature space,MSE and MAE over all saved rolling-step/horizon target values; project_within_trajectory_v1: sign of consecutive forecast-horizon differences equals sign of consecutive target differences; relative-return paths additionally include the known zero origin; cumulative/excess log-return targets compare the binary indicators (forecast > 0) and (target > 0) at each horizon,2025-04-01T00:00:00,2025-12-31T00:00:00,0574650739836f4c963d,8cc2dfd62ac48cad,8cc2dfd62ac48cad,20260825_101014,ec9b2701bcc2bf149eb9db36c8e6db9589eeabd3,results/top10_with_sentiment_jepa_lam_1_mae_lam_2/local_long/AVGO/seed_42/last_model_comparison_20260825_101014.csv,results/top10_with_sentiment_jepa_lam_1_mae_lam_2/local_long/AVGO/seed_42/last_gru_scores_after_observation_20260825_101014.csv,GRU,True,False,alternate strategy-specific GRU; reference strategy selected,config/experiments/top10_with_sentiment_jepa_lam_1_mae_lam_2.json;results/top10_with_sentiment_jepa_lam_1_mae_lam_2/local_long/AVGO/seed_42/preprocessing_config.json
AVGO,42,Local-MAE/Long-JEPA,local_long,test,0.005918602674982897,0.05987370361230875,0.5592105263157895,5,./logs/output_model/AVGO/lr_1e-05_ema_momentum_0.998_mask_ratio_0.7_ratio_patches_10_encoder_256_2_1_predictor_128_2_1_local_mae_long_jepa_ljepa_1.5_lmae_0.5_mae_1_gap_4_jepa_4_cfg_a1b80dd2cfaf_epoch_2000.pt,fixed_pretraining_epoch_2000,ema,True,0.001,0.01,1e-05,0.0005,window_return,raw,value,future target values in the configured normalized feature space,MSE and MAE over all saved rolling-step/horizon target values; project_within_trajectory_v1: sign of consecutive forecast-horizon differences equals sign of consecutive target differences; relative-return paths additionally include the known zero origin; cumulative/excess log-return targets compare the binary indicators (forecast > 0) and (target > 0) at each horizon,2025-04-01T00:00:00,2025-12-31T00:00:00,0574650739836f4c963d,8cc2dfd62ac48cad,8cc2dfd62ac48cad,20260825_101014,ec9b2701bcc2bf149eb9db36c8e6db9589eeabd3,results/top10_with_sentiment_jepa_lam_1_mae_lam_2/local_long/AVGO/seed_42/last_model_comparison_20260825_101014.csv,results/top10_with_sentiment_jepa_lam_1_mae_lam_2/local_long/AVGO/seed_42/last_scores_after_observation_20260825_101014.csv,TS-JEPA,True,True,,config/experiments/top10_with_sentiment_jepa_lam_1_mae_lam_2.json;results/top10_with_sentiment_jepa_lam_1_mae_lam_2/local_long/AVGO/seed_42/preprocessing_config.json
AVGO,42,Mean-context,local_long,test,0.03377415824343458,0.15762535544896597,0.0,5,./logs/output_model/AVGO/lr_1e-05_ema_momentum_0.998_mask_ratio_0.7_ratio_patches_10_encoder_256_2_1_predictor_128_2_1_local_mae_long_jepa_ljepa_1.5_lmae_0.5_mae_1_gap_4_jepa_4_cfg_a1b80dd2cfaf_epoch_2000.pt,fixed_pretraining_epoch_2000,ema,True,0.001,0.01,1e-05,0.0005,window_return,raw,value,future target values in the configured normalized feature space,MSE and MAE over all saved rolling-step/horizon target values; project_within_trajectory_v1: sign of consecutive forecast-horizon differences equals sign of consecutive target differences; relative-return paths additionally include the known zero origin; cumulative/excess log-return targets compare the binary indicators (forecast > 0) and (target > 0) at each horizon,2025-04-01T00:00:00,2025-12-31T00:00:00,0574650739836f4c963d,8cc2dfd62ac48cad,8cc2dfd62ac48cad,20260825_101014,ec9b2701bcc2bf149eb9db36c8e6db9589eeabd3,results/top10_with_sentiment_jepa_lam_1_mae_lam_2/local_long/AVGO/seed_42/last_model_comparison_20260825_101014.csv,results/top10_with_sentiment_jepa_lam_1_mae_lam_2/local_long/AVGO/seed_42/last_baseline_scores_after_observation_20260825_101014.csv,mean_context,True,False,duplicate deterministic baseline; reference strategy selected,config/experiments/top10_with_sentiment_jepa_lam_1_mae_lam_2.json;results/top10_with_sentiment_jepa_lam_1_mae_lam_2/local_long/AVGO/seed_42/preprocessing_config.json
AVGO,46,Naive-last,local_long,test,0.00301088671668516,0.03984621198553788,0.0,5,./logs/output_model/AVGO/lr_1e-05_ema_momentum_0.998_mask_ratio_0.7_ratio_patches_10_encoder_256_2_1_predictor_128_2_1_local_mae_long_jepa_ljepa_1.5_lmae_0.5_mae_1_gap_4_jepa_4_cfg_87f9bea4e1ae_epoch_2000.pt,fixed_pretraining_epoch_2000,ema,True,0.001,0.01,1e-05,0.0005,window_return,raw,value,future target values in the configured normalized feature space,MSE and MAE over all saved rolling-step/horizon target values; project_within_trajectory_v1: sign of consecutive forecast-horizon differences equals sign of consecutive target differences; relative-return paths additionally include the known zero origin; cumulative/excess log-return targets compare the binary indicators (forecast > 0) and (target > 0) at each horizon,2025-04-01T00:00:00,2025-12-31T00:00:00,0574650739836f4c963d,8cc2dfd62ac48cad,8cc2dfd62ac48cad,20260825_101435,ec9b2701bcc2bf149eb9db36c8e6db9589eeabd3,results/top10_with_sentiment_jepa_lam_1_mae_lam_2/local_long/AVGO/seed_46/last_model_comparison_20260825_101435.csv,results/top10_with_sentiment_jepa_lam_1_mae_lam_2/local_long/AVGO/seed_46/last_baseline_scores_after_observation_20260825_101435.csv,naive_last,True,False,duplicate deterministic baseline; reference strategy selected,config/experiments/top10_with_sentiment_jepa_lam_1_mae_lam_2.json;results/top10_with_sentiment_jepa_lam_1_mae_lam_2/local_long/AVGO/seed_46/preprocessing_config.json
AVGO,46,Drift,local_long,test,0.003206176350828088,0.040613234099490865,0.5723684210526315,5,./logs/output_model/AVGO/lr_1e-05_ema_momentum_0.998_mask_ratio_0.7_ratio_patches_10_encoder_256_2_1_predictor_128_2_1_local_mae_long_jepa_ljepa_1.5_lmae_0.5_mae_1_gap_4_jepa_4_cfg_87f9bea4e1ae_epoch_2000.pt,fixed_pretraining_epoch_2000,ema,True,0.001,0.01,1e-05,0.0005,window_return,raw,value,future target values in the configured normalized feature space,MSE and MAE over all saved rolling-step/horizon target values; project_within_trajectory_v1: sign of consecutive forecast-horizon differences equals sign of consecutive target differences; relative-return paths additionally include the known zero origin; cumulative/excess log-return targets compare the binary indicators (forecast > 0) and (target > 0) at each horizon,2025-04-01T00:00:00,2025-12-31T00:00:00,0574650739836f4c963d,8cc2dfd62ac48cad,8cc2dfd62ac48cad,20260825_101435,ec9b2701bcc2bf149eb9db36c8e6db9589eeabd3,results/top10_with_sentiment_jepa_lam_1_mae_lam_2/local_long/AVGO/seed_46/last_model_comparison_20260825_101435.csv,results/top10_with_sentiment_jepa_lam_1_mae_lam_2/local_long/AVGO/seed_46/last_baseline_scores_after_observation_20260825_101435.csv,drift,True,False,duplicate deterministic baseline; reference strategy selected,config/experiments/top10_with_sentiment_jepa_lam_1_mae_lam_2.json;results/top10_with_sentiment_jepa_lam_1_mae_lam_2/local_long/AVGO/seed_46/preprocessing_config.json
AVGO,46,GRU,local_long,test,0.0034868187883314934,0.045792493782937524,0.5,5,./logs/output_model/AVGO/lr_1e-05_ema_momentum_0.998_mask_ratio_0.7_ratio_patches_10_encoder_256_2_1_predictor_128_2_1_local_mae_long_jepa_ljepa_1.5_lmae_0.5_mae_1_gap_4_jepa_4_cfg_87f9bea4e1ae_epoch_2000.pt,fixed_pretraining_epoch_2000,ema,True,0.001,0.01,1e-05,0.0005,window_return,raw,value,future target values in the configured normalized feature space,MSE and MAE over all saved rolling-step/horizon target values; project_within_trajectory_v1: sign of consecutive forecast-horizon differences equals sign of consecutive target differences; relative-return paths additionally include the known zero origin; cumulative/excess log-return targets compare the binary indicators (forecast > 0) and (target > 0) at each horizon,2025-04-01T00:00:00,2025-12-31T00:00:00,0574650739836f4c963d,8cc2dfd62ac48cad,8cc2dfd62ac48cad,20260825_101435,ec9b2701bcc2bf149eb9db36c8e6db9589eeabd3,results/top10_with_sentiment_jepa_lam_1_mae_lam_2/local_long/AVGO/seed_46/last_model_comparison_20260825_101435.csv,results/top10_with_sentiment_jepa_lam_1_mae_lam_2/local_long/AVGO/seed_46/last_gru_scores_after_observation_20260825_101435.csv,GRU,True,False,alternate strategy-specific GRU; reference strategy selected,config/experiments/top10_with_sentiment_jepa_lam_1_mae_lam_2.json;results/top10_with_sentiment_jepa_lam_1_mae_lam_2/local_long/AVGO/seed_46/preprocessing_config.json
AVGO,46,Local-MAE/Long-JEPA,local_long,test,0.005109139893704001,0.0530937995467531,0.5460526315789473,5,./logs/output_model/AVGO/lr_1e-05_ema_momentum_0.998_mask_ratio_0.7_ratio_patches_10_encoder_256_2_1_predictor_128_2_1_local_mae_long_jepa_ljepa_1.5_lmae_0.5_mae_1_gap_4_jepa_4_cfg_87f9bea4e1ae_epoch_2000.pt,fixed_pretraining_epoch_2000,ema,True,0.001,0.01,1e-05,0.0005,window_return,raw,value,future target values in the configured normalized feature space,MSE and MAE over all saved rolling-step/horizon target values; project_within_trajectory_v1: sign of consecutive forecast-horizon differences equals sign of consecutive target differences; relative-return paths additionally include the known zero origin; cumulative/excess log-return targets compare the binary indicators (forecast > 0) and (target > 0) at each horizon,2025-04-01T00:00:00,2025-12-31T00:00:00,0574650739836f4c963d,8cc2dfd62ac48cad,8cc2dfd62ac48cad,20260825_101435,ec9b2701bcc2bf149eb9db36c8e6db9589eeabd3,results/top10_with_sentiment_jepa_lam_1_mae_lam_2/local_long/AVGO/seed_46/last_model_comparison_20260825_101435.csv,results/top10_with_sentiment_jepa_lam_1_mae_lam_2/local_long/AVGO/seed_46/last_scores_after_observation_20260825_101435.csv,TS-JEPA,True,True,,config/experiments/top10_with_sentiment_jepa_lam_1_mae_lam_2.json;results/top10_with_sentiment_jepa_lam_1_mae_lam_2/local_long/AVGO/seed_46/preprocessing_config.json
AVGO,46,Mean-context,local_long,test,0.03377415824343458,0.15762535544896597,0.0,5,./logs/output_model/AVGO/lr_1e-05_ema_momentum_0.998_mask_ratio_0.7_ratio_patches_10_encoder_256_2_1_predictor_128_2_1_local_mae_long_jepa_ljepa_1.5_lmae_0.5_mae_1_gap_4_jepa_4_cfg_87f9bea4e1ae_epoch_2000.pt,fixed_pretraining_epoch_2000,ema,True,0.001,0.01,1e-05,0.0005,window_return,raw,value,future target values in the configured normalized feature space,MSE and MAE over all saved rolling-step/horizon target values; project_within_trajectory_v1: sign of consecutive forecast-horizon differences equals sign of consecutive target differences; relative-return paths additionally include the known zero origin; cumulative/excess log-return targets compare the binary indicators (forecast > 0) and (target > 0) at each horizon,2025-04-01T00:00:00,2025-12-31T00:00:00,0574650739836f4c963d,8cc2dfd62ac48cad,8cc2dfd62ac48cad,20260825_101435,ec9b2701bcc2bf149eb9db36c8e6db9589eeabd3,results/top10_with_sentiment_jepa_lam_1_mae_lam_2/local_long/AVGO/seed_46/last_model_comparison_20260825_101435.csv,results/top10_with_sentiment_jepa_lam_1_mae_lam_2/local_long/AVGO/seed_46/last_baseline_scores_after_observation_20260825_101435.csv,mean_context,True,False,duplicate deterministic baseline; reference strategy selected,config/experiments/top10_with_sentiment_jepa_lam_1_mae_lam_2.json;results/top10_with_sentiment_jepa_lam_1_mae_lam_2/local_long/AVGO/seed_46/preprocessing_config.json
AVGO,50,Naive-last,local_long,test,0.00301088671668516,0.03984621198553788,0.0,5,./logs/output_model/AVGO/lr_1e-05_ema_momentum_0.998_mask_ratio_0.7_ratio_patches_10_encoder_256_2_1_predictor_128_2_1_local_mae_long_jepa_ljepa_1.5_lmae_0.5_mae_1_gap_4_jepa_4_cfg_726ceeacda83_epoch_2000.pt,fixed_pretraining_epoch_2000,ema,True,0.001,0.01,1e-05,0.0005,window_return,raw,value,future target values in the configured normalized feature space,MSE and MAE over all saved rolling-step/horizon target values; project_within_trajectory_v1: sign of consecutive forecast-horizon differences equals sign of consecutive target differences; relative-return paths additionally include the known zero origin; cumulative/excess log-return targets compare the binary indicators (forecast > 0) and (target > 0) at each horizon,2025-04-01T00:00:00,2025-12-31T00:00:00,0574650739836f4c963d,8cc2dfd62ac48cad,8cc2dfd62ac48cad,20260825_101855,ec9b2701bcc2bf149eb9db36c8e6db9589eeabd3,results/top10_with_sentiment_jepa_lam_1_mae_lam_2/local_long/AVGO/seed_50/last_model_comparison_20260825_101855.csv,results/top10_with_sentiment_jepa_lam_1_mae_lam_2/local_long/AVGO/seed_50/last_baseline_scores_after_observation_20260825_101855.csv,naive_last,True,False,duplicate deterministic baseline; reference strategy selected,config/experiments/top10_with_sentiment_jepa_lam_1_mae_lam_2.json;results/top10_with_sentiment_jepa_lam_1_mae_lam_2/local_long/AVGO/seed_50/preprocessing_config.json
AVGO,50,Drift,local_long,test,0.003206176350828088,0.040613234099490865,0.5723684210526315,5,./logs/output_model/AVGO/lr_1e-05_ema_momentum_0.998_mask_ratio_0.7_ratio_patches_10_encoder_256_2_1_predictor_128_2_1_local_mae_long_jepa_ljepa_1.5_lmae_0.5_mae_1_gap_4_jepa_4_cfg_726ceeacda83_epoch_2000.pt,fixed_pretraining_epoch_2000,ema,True,0.001,0.01,1e-05,0.0005,window_return,raw,value,future target values in the configured normalized feature space,MSE and MAE over all saved rolling-step/horizon target values; project_within_trajectory_v1: sign of consecutive forecast-horizon differences equals sign of consecutive target differences; relative-return paths additionally include the known zero origin; cumulative/excess log-return targets compare the binary indicators (forecast > 0) and (target > 0) at each horizon,2025-04-01T00:00:00,2025-12-31T00:00:00,0574650739836f4c963d,8cc2dfd62ac48cad,8cc2dfd62ac48cad,20260825_101855,ec9b2701bcc2bf149eb9db36c8e6db9589eeabd3,results/top10_with_sentiment_jepa_lam_1_mae_lam_2/local_long/AVGO/seed_50/last_model_comparison_20260825_101855.csv,results/top10_with_sentiment_jepa_lam_1_mae_lam_2/local_long/AVGO/seed_50/last_baseline_scores_after_observation_20260825_101855.csv,drift,True,False,duplicate deterministic baseline; reference strategy selected,config/experiments/top10_with_sentiment_jepa_lam_1_mae_lam_2.json;results/top10_with_sentiment_jepa_lam_1_mae_lam_2/local_long/AVGO/seed_50/preprocessing_config.json
AVGO,50,GRU,local_long,test,0.003536001098748217,0.046114807242625636,0.5592105263157895,5,./logs/output_model/AVGO/lr_1e-05_ema_momentum_0.998_mask_ratio_0.7_ratio_patches_10_encoder_256_2_1_predictor_128_2_1_local_mae_long_jepa_ljepa_1.5_lmae_0.5_mae_1_gap_4_jepa_4_cfg_726ceeacda83_epoch_2000.pt,fixed_pretraining_epoch_2000,ema,True,0.001,0.01,1e-05,0.0005,window_return,raw,value,future target values in the configured normalized feature space,MSE and MAE over all saved rolling-step/horizon target values; project_within_trajectory_v1: sign of consecutive forecast-horizon differences equals sign of consecutive target differences; relative-return paths additionally include the known zero origin; cumulative/excess log-return targets compare the binary indicators (forecast > 0) and (target > 0) at each horizon,2025-04-01T00:00:00,2025-12-31T00:00:00,0574650739836f4c963d,8cc2dfd62ac48cad,8cc2dfd62ac48cad,20260825_101855,ec9b2701bcc2bf149eb9db36c8e6db9589eeabd3,results/top10_with_sentiment_jepa_lam_1_mae_lam_2/local_long/AVGO/seed_50/last_model_comparison_20260825_101855.csv,results/top10_with_sentiment_jepa_lam_1_mae_lam_2/local_long/AVGO/seed_50/last_gru_scores_after_observation_20260825_101855.csv,GRU,True,False,alternate strategy-specific GRU; reference strategy selected,config/experiments/top10_with_sentiment_jepa_lam_1_mae_lam_2.json;results/top10_with_sentiment_jepa_lam_1_mae_lam_2/local_long/AVGO/seed_50/preprocessing_config.json
AVGO,50,Local-MAE/Long-JEPA,local_long,test,0.0050182457005701585,0.05247263520171768,0.5131578947368421,5,./logs/output_model/AVGO/lr_1e-05_ema_momentum_0.998_mask_ratio_0.7_ratio_patches_10_encoder_256_2_1_predictor_128_2_1_local_mae_long_jepa_ljepa_1.5_lmae_0.5_mae_1_gap_4_jepa_4_cfg_726ceeacda83_epoch_2000.pt,fixed_pretraining_epoch_2000,ema,True,0.001,0.01,1e-05,0.0005,window_return,raw,value,future target values in the configured normalized feature space,MSE and MAE over all saved rolling-step/horizon target values; project_within_trajectory_v1: sign of consecutive forecast-horizon differences equals sign of consecutive target differences; relative-return paths additionally include the known zero origin; cumulative/excess log-return targets compare the binary indicators (forecast > 0) and (target > 0) at each horizon,2025-04-01T00:00:00,2025-12-31T00:00:00,0574650739836f4c963d,8cc2dfd62ac48cad,8cc2dfd62ac48cad,20260825_101855,ec9b2701bcc2bf149eb9db36c8e6db9589eeabd3,results/top10_with_sentiment_jepa_lam_1_mae_lam_2/local_long/AVGO/seed_50/last_model_comparison_20260825_101855.csv,results/top10_with_sentiment_jepa_lam_1_mae_lam_2/local_long/AVGO/seed_50/last_scores_after_observation_20260825_101855.csv,TS-JEPA,True,True,,config/experiments/top10_with_sentiment_jepa_lam_1_mae_lam_2.json;results/top10_with_sentiment_jepa_lam_1_mae_lam_2/local_long/AVGO/seed_50/preprocessing_config.json
AVGO,50,Mean-context,local_long,test,0.03377415824343458,0.15762535544896597,0.0,5,./logs/output_model/AVGO/lr_1e-05_ema_momentum_0.998_mask_ratio_0.7_ratio_patches_10_encoder_256_2_1_predictor_128_2_1_local_mae_long_jepa_ljepa_1.5_lmae_0.5_mae_1_gap_4_jepa_4_cfg_726ceeacda83_epoch_2000.pt,fixed_pretraining_epoch_2000,ema,True,0.001,0.01,1e-05,0.0005,window_return,raw,value,future target values in the configured normalized feature space,MSE and MAE over all saved rolling-step/horizon target values; project_within_trajectory_v1: sign of consecutive forecast-horizon differences equals sign of consecutive target differences; relative-return paths additionally include the known zero origin; cumulative/excess log-return targets compare the binary indicators (forecast > 0) and (target > 0) at each horizon,2025-04-01T00:00:00,2025-12-31T00:00:00,0574650739836f4c963d,8cc2dfd62ac48cad,8cc2dfd62ac48cad,20260825_101855,ec9b2701bcc2bf149eb9db36c8e6db9589eeabd3,results/top10_with_sentiment_jepa_lam_1_mae_lam_2/local_long/AVGO/seed_50/last_model_comparison_20260825_101855.csv,results/top10_with_sentiment_jepa_lam_1_mae_lam_2/local_long/AVGO/seed_50/last_baseline_scores_after_observation_20260825_101855.csv,mean_context,True,False,duplicate deterministic baseline; reference strategy selected,config/experiments/top10_with_sentiment_jepa_lam_1_mae_lam_2.json;results/top10_with_sentiment_jepa_lam_1_mae_lam_2/local_long/AVGO/seed_50/preprocessing_config.json
COST,42,Naive-last,local_long,test,0.0004076389606742177,0.014902843613373599,0.006578947368421052,5,./logs/output_model/COST/lr_1e-05_ema_momentum_0.998_mask_ratio_0.7_ratio_patches_10_encoder_256_2_1_predictor_128_2_1_local_mae_long_jepa_ljepa_1.5_lmae_0.5_mae_1_gap_4_jepa_4_cfg_c2566d470b19_epoch_2000.pt,fixed_pretraining_epoch_2000,ema,True,0.001,0.01,1e-05,0.0005,window_return,raw,value,future target values in the configured normalized feature space,MSE and MAE over all saved rolling-step/horizon target values; project_within_trajectory_v1: sign of consecutive forecast-horizon differences equals sign of consecutive target differences; relative-return paths additionally include the known zero origin; cumulative/excess log-return targets compare the binary indicators (forecast > 0) and (target > 0) at each horizon,2025-04-01T00:00:00,2025-12-31T00:00:00,334d0ea0f0e53790e465,8cc2dfd62ac48cad,8cc2dfd62ac48cad,20260825_102317,ec9b2701bcc2bf149eb9db36c8e6db9589eeabd3,results/top10_with_sentiment_jepa_lam_1_mae_lam_2/local_long/COST/seed_42/last_model_comparison_20260825_102317.csv,results/top10_with_sentiment_jepa_lam_1_mae_lam_2/local_long/COST/seed_42/last_baseline_scores_after_observation_20260825_102317.csv,naive_last,True,False,duplicate deterministic baseline; reference strategy selected,config/experiments/top10_with_sentiment_jepa_lam_1_mae_lam_2.json;results/top10_with_sentiment_jepa_lam_1_mae_lam_2/local_long/COST/seed_42/preprocessing_config.json
COST,42,Drift,local_long,test,0.00045113086603079433,0.015306078928130617,0.5,5,./logs/output_model/COST/lr_1e-05_ema_momentum_0.998_mask_ratio_0.7_ratio_patches_10_encoder_256_2_1_predictor_128_2_1_local_mae_long_jepa_ljepa_1.5_lmae_0.5_mae_1_gap_4_jepa_4_cfg_c2566d470b19_epoch_2000.pt,fixed_pretraining_epoch_2000,ema,True,0.001,0.01,1e-05,0.0005,window_return,raw,value,future target values in the configured normalized feature space,MSE and MAE over all saved rolling-step/horizon target values; project_within_trajectory_v1: sign of consecutive forecast-horizon differences equals sign of consecutive target differences; relative-return paths additionally include the known zero origin; cumulative/excess log-return targets compare the binary indicators (forecast > 0) and (target > 0) at each horizon,2025-04-01T00:00:00,2025-12-31T00:00:00,334d0ea0f0e53790e465,8cc2dfd62ac48cad,8cc2dfd62ac48cad,20260825_102317,ec9b2701bcc2bf149eb9db36c8e6db9589eeabd3,results/top10_with_sentiment_jepa_lam_1_mae_lam_2/local_long/COST/seed_42/last_model_comparison_20260825_102317.csv,results/top10_with_sentiment_jepa_lam_1_mae_lam_2/local_long/COST/seed_42/last_baseline_scores_after_observation_20260825_102317.csv,drift,True,False,duplicate deterministic baseline; reference strategy selected,config/experiments/top10_with_sentiment_jepa_lam_1_mae_lam_2.json;results/top10_with_sentiment_jepa_lam_1_mae_lam_2/local_long/COST/seed_42/preprocessing_config.json
COST,42,GRU,local_long,test,0.0005618323167947308,0.01881156661792804,0.5197368421052632,5,./logs/output_model/COST/lr_1e-05_ema_momentum_0.998_mask_ratio_0.7_ratio_patches_10_encoder_256_2_1_predictor_128_2_1_local_mae_long_jepa_ljepa_1.5_lmae_0.5_mae_1_gap_4_jepa_4_cfg_c2566d470b19_epoch_2000.pt,fixed_pretraining_epoch_2000,ema,True,0.001,0.01,1e-05,0.0005,window_return,raw,value,future target values in the configured normalized feature space,MSE and MAE over all saved rolling-step/horizon target values; project_within_trajectory_v1: sign of consecutive forecast-horizon differences equals sign of consecutive target differences; relative-return paths additionally include the known zero origin; cumulative/excess log-return targets compare the binary indicators (forecast > 0) and (target > 0) at each horizon,2025-04-01T00:00:00,2025-12-31T00:00:00,334d0ea0f0e53790e465,8cc2dfd62ac48cad,8cc2dfd62ac48cad,20260825_102317,ec9b2701bcc2bf149eb9db36c8e6db9589eeabd3,results/top10_with_sentiment_jepa_lam_1_mae_lam_2/local_long/COST/seed_42/last_model_comparison_20260825_102317.csv,results/top10_with_sentiment_jepa_lam_1_mae_lam_2/local_long/COST/seed_42/last_gru_scores_after_observation_20260825_102317.csv,GRU,True,False,alternate strategy-specific GRU; reference strategy selected,config/experiments/top10_with_sentiment_jepa_lam_1_mae_lam_2.json;results/top10_with_sentiment_jepa_lam_1_mae_lam_2/local_long/COST/seed_42/preprocessing_config.json
COST,42,Local-MAE/Long-JEPA,local_long,test,0.000915584829705686,0.02138487053912523,0.45394736842105265,5,./logs/output_model/COST/lr_1e-05_ema_momentum_0.998_mask_ratio_0.7_ratio_patches_10_encoder_256_2_1_predictor_128_2_1_local_mae_long_jepa_ljepa_1.5_lmae_0.5_mae_1_gap_4_jepa_4_cfg_c2566d470b19_epoch_2000.pt,fixed_pretraining_epoch_2000,ema,True,0.001,0.01,1e-05,0.0005,window_return,raw,value,future target values in the configured normalized feature space,MSE and MAE over all saved rolling-step/horizon target values; project_within_trajectory_v1: sign of consecutive forecast-horizon differences equals sign of consecutive target differences; relative-return paths additionally include the known zero origin; cumulative/excess log-return targets compare the binary indicators (forecast > 0) and (target > 0) at each horizon,2025-04-01T00:00:00,2025-12-31T00:00:00,334d0ea0f0e53790e465,8cc2dfd62ac48cad,8cc2dfd62ac48cad,20260825_102317,ec9b2701bcc2bf149eb9db36c8e6db9589eeabd3,results/top10_with_sentiment_jepa_lam_1_mae_lam_2/local_long/COST/seed_42/last_model_comparison_20260825_102317.csv,results/top10_with_sentiment_jepa_lam_1_mae_lam_2/local_long/COST/seed_42/last_scores_after_observation_20260825_102317.csv,TS-JEPA,True,True,,config/experiments/top10_with_sentiment_jepa_lam_1_mae_lam_2.json;results/top10_with_sentiment_jepa_lam_1_mae_lam_2/local_long/COST/seed_42/preprocessing_config.json
COST,42,Mean-context,local_long,test,0.00121185380508482,0.028578074432995253,0.006578947368421052,5,./logs/output_model/COST/lr_1e-05_ema_momentum_0.998_mask_ratio_0.7_ratio_patches_10_encoder_256_2_1_predictor_128_2_1_local_mae_long_jepa_ljepa_1.5_lmae_0.5_mae_1_gap_4_jepa_4_cfg_c2566d470b19_epoch_2000.pt,fixed_pretraining_epoch_2000,ema,True,0.001,0.01,1e-05,0.0005,window_return,raw,value,future target values in the configured normalized feature space,MSE and MAE over all saved rolling-step/horizon target values; project_within_trajectory_v1: sign of consecutive forecast-horizon differences equals sign of consecutive target differences; relative-return paths additionally include the known zero origin; cumulative/excess log-return targets compare the binary indicators (forecast > 0) and (target > 0) at each horizon,2025-04-01T00:00:00,2025-12-31T00:00:00,334d0ea0f0e53790e465,8cc2dfd62ac48cad,8cc2dfd62ac48cad,20260825_102317,ec9b2701bcc2bf149eb9db36c8e6db9589eeabd3,results/top10_with_sentiment_jepa_lam_1_mae_lam_2/local_long/COST/seed_42/last_model_comparison_20260825_102317.csv,results/top10_with_sentiment_jepa_lam_1_mae_lam_2/local_long/COST/seed_42/last_baseline_scores_after_observation_20260825_102317.csv,mean_context,True,False,duplicate deterministic baseline; reference strategy selected,config/experiments/top10_with_sentiment_jepa_lam_1_mae_lam_2.json;results/top10_with_sentiment_jepa_lam_1_mae_lam_2/local_long/COST/seed_42/preprocessing_config.json
COST,46,Naive-last,local_long,test,0.0004076389606742177,0.014902843613373599,0.006578947368421052,5,./logs/output_model/COST/lr_1e-05_ema_momentum_0.998_mask_ratio_0.7_ratio_patches_10_encoder_256_2_1_predictor_128_2_1_local_mae_long_jepa_ljepa_1.5_lmae_0.5_mae_1_gap_4_jepa_4_cfg_6b806b0d1e6e_epoch_2000.pt,fixed_pretraining_epoch_2000,ema,True,0.001,0.01,1e-05,0.0005,window_return,raw,value,future target values in the configured normalized feature space,MSE and MAE over all saved rolling-step/horizon target values; project_within_trajectory_v1: sign of consecutive forecast-horizon differences equals sign of consecutive target differences; relative-return paths additionally include the known zero origin; cumulative/excess log-return targets compare the binary indicators (forecast > 0) and (target > 0) at each horizon,2025-04-01T00:00:00,2025-12-31T00:00:00,334d0ea0f0e53790e465,8cc2dfd62ac48cad,8cc2dfd62ac48cad,20260825_102736,ec9b2701bcc2bf149eb9db36c8e6db9589eeabd3,results/top10_with_sentiment_jepa_lam_1_mae_lam_2/local_long/COST/seed_46/last_model_comparison_20260825_102736.csv,results/top10_with_sentiment_jepa_lam_1_mae_lam_2/local_long/COST/seed_46/last_baseline_scores_after_observation_20260825_102736.csv,naive_last,True,False,duplicate deterministic baseline; reference strategy selected,config/experiments/top10_with_sentiment_jepa_lam_1_mae_lam_2.json;results/top10_with_sentiment_jepa_lam_1_mae_lam_2/local_long/COST/seed_46/preprocessing_config.json
COST,46,Drift,local_long,test,0.00045113086603079433,0.015306078928130617,0.5,5,./logs/output_model/COST/lr_1e-05_ema_momentum_0.998_mask_ratio_0.7_ratio_patches_10_encoder_256_2_1_predictor_128_2_1_local_mae_long_jepa_ljepa_1.5_lmae_0.5_mae_1_gap_4_jepa_4_cfg_6b806b0d1e6e_epoch_2000.pt,fixed_pretraining_epoch_2000,ema,True,0.001,0.01,1e-05,0.0005,window_return,raw,value,future target values in the configured normalized feature space,MSE and MAE over all saved rolling-step/horizon target values; project_within_trajectory_v1: sign of consecutive forecast-horizon differences equals sign of consecutive target differences; relative-return paths additionally include the known zero origin; cumulative/excess log-return targets compare the binary indicators (forecast > 0) and (target > 0) at each horizon,2025-04-01T00:00:00,2025-12-31T00:00:00,334d0ea0f0e53790e465,8cc2dfd62ac48cad,8cc2dfd62ac48cad,20260825_102736,ec9b2701bcc2bf149eb9db36c8e6db9589eeabd3,results/top10_with_sentiment_jepa_lam_1_mae_lam_2/local_long/COST/seed_46/last_model_comparison_20260825_102736.csv,results/top10_with_sentiment_jepa_lam_1_mae_lam_2/local_long/COST/seed_46/last_baseline_scores_after_observation_20260825_102736.csv,drift,True,False,duplicate deterministic baseline; reference strategy selected,config/experiments/top10_with_sentiment_jepa_lam_1_mae_lam_2.json;results/top10_with_sentiment_jepa_lam_1_mae_lam_2/local_long/COST/seed_46/preprocessing_config.json
COST,46,GRU,local_long,test,0.000531287645837491,0.018550356046149595,0.5131578947368421,5,./logs/output_model/COST/lr_1e-05_ema_momentum_0.998_mask_ratio_0.7_ratio_patches_10_encoder_256_2_1_predictor_128_2_1_local_mae_long_jepa_ljepa_1.5_lmae_0.5_mae_1_gap_4_jepa_4_cfg_6b806b0d1e6e_epoch_2000.pt,fixed_pretraining_epoch_2000,ema,True,0.001,0.01,1e-05,0.0005,window_return,raw,value,future target values in the configured normalized feature space,MSE and MAE over all saved rolling-step/horizon target values; project_within_trajectory_v1: sign of consecutive forecast-horizon differences equals sign of consecutive target differences; relative-return paths additionally include the known zero origin; cumulative/excess log-return targets compare the binary indicators (forecast > 0) and (target > 0) at each horizon,2025-04-01T00:00:00,2025-12-31T00:00:00,334d0ea0f0e53790e465,8cc2dfd62ac48cad,8cc2dfd62ac48cad,20260825_102736,ec9b2701bcc2bf149eb9db36c8e6db9589eeabd3,results/top10_with_sentiment_jepa_lam_1_mae_lam_2/local_long/COST/seed_46/last_model_comparison_20260825_102736.csv,results/top10_with_sentiment_jepa_lam_1_mae_lam_2/local_long/COST/seed_46/last_gru_scores_after_observation_20260825_102736.csv,GRU,True,False,alternate strategy-specific GRU; reference strategy selected,config/experiments/top10_with_sentiment_jepa_lam_1_mae_lam_2.json;results/top10_with_sentiment_jepa_lam_1_mae_lam_2/local_long/COST/seed_46/preprocessing_config.json
COST,46,Local-MAE/Long-JEPA,local_long,test,0.0009298495883180251,0.022114635404738535,0.5263157894736842,5,./logs/output_model/COST/lr_1e-05_ema_momentum_0.998_mask_ratio_0.7_ratio_patches_10_encoder_256_2_1_predictor_128_2_1_local_mae_long_jepa_ljepa_1.5_lmae_0.5_mae_1_gap_4_jepa_4_cfg_6b806b0d1e6e_epoch_2000.pt,fixed_pretraining_epoch_2000,ema,True,0.001,0.01,1e-05,0.0005,window_return,raw,value,future target values in the configured normalized feature space,MSE and MAE over all saved rolling-step/horizon target values; project_within_trajectory_v1: sign of consecutive forecast-horizon differences equals sign of consecutive target differences; relative-return paths additionally include the known zero origin; cumulative/excess log-return targets compare the binary indicators (forecast > 0) and (target > 0) at each horizon,2025-04-01T00:00:00,2025-12-31T00:00:00,334d0ea0f0e53790e465,8cc2dfd62ac48cad,8cc2dfd62ac48cad,20260825_102736,ec9b2701bcc2bf149eb9db36c8e6db9589eeabd3,results/top10_with_sentiment_jepa_lam_1_mae_lam_2/local_long/COST/seed_46/last_model_comparison_20260825_102736.csv,results/top10_with_sentiment_jepa_lam_1_mae_lam_2/local_long/COST/seed_46/last_scores_after_observation_20260825_102736.csv,TS-JEPA,True,True,,config/experiments/top10_with_sentiment_jepa_lam_1_mae_lam_2.json;results/top10_with_sentiment_jepa_lam_1_mae_lam_2/local_long/COST/seed_46/preprocessing_config.json
COST,46,Mean-context,local_long,test,0.00121185380508482,0.028578074432995253,0.006578947368421052,5,./logs/output_model/COST/lr_1e-05_ema_momentum_0.998_mask_ratio_0.7_ratio_patches_10_encoder_256_2_1_predictor_128_2_1_local_mae_long_jepa_ljepa_1.5_lmae_0.5_mae_1_gap_4_jepa_4_cfg_6b806b0d1e6e_epoch_2000.pt,fixed_pretraining_epoch_2000,ema,True,0.001,0.01,1e-05,0.0005,window_return,raw,value,future target values in the configured normalized feature space,MSE and MAE over all saved rolling-step/horizon target values; project_within_trajectory_v1: sign of consecutive forecast-horizon differences equals sign of consecutive target differences; relative-return paths additionally include the known zero origin; cumulative/excess log-return targets compare the binary indicators (forecast > 0) and (target > 0) at each horizon,2025-04-01T00:00:00,2025-12-31T00:00:00,334d0ea0f0e53790e465,8cc2dfd62ac48cad,8cc2dfd62ac48cad,20260825_102736,ec9b2701bcc2bf149eb9db36c8e6db9589eeabd3,results/top10_with_sentiment_jepa_lam_1_mae_lam_2/local_long/COST/seed_46/last_model_comparison_20260825_102736.csv,results/top10_with_sentiment_jepa_lam_1_mae_lam_2/local_long/COST/seed_46/last_baseline_scores_after_observation_20260825_102736.csv,mean_context,True,False,duplicate deterministic baseline; reference strategy selected,config/experiments/top10_with_sentiment_jepa_lam_1_mae_lam_2.json;results/top10_with_sentiment_jepa_lam_1_mae_lam_2/local_long/COST/seed_46/preprocessing_config.json
COST,50,Naive-last,local_long,test,0.0004076389606742177,0.014902843613373599,0.006578947368421052,5,./logs/output_model/COST/lr_1e-05_ema_momentum_0.998_mask_ratio_0.7_ratio_patches_10_encoder_256_2_1_predictor_128_2_1_local_mae_long_jepa_ljepa_1.5_lmae_0.5_mae_1_gap_4_jepa_4_cfg_6ed610b8dac0_epoch_2000.pt,fixed_pretraining_epoch_2000,ema,True,0.001,0.01,1e-05,0.0005,window_return,raw,value,future target values in the configured normalized feature space,MSE and MAE over all saved rolling-step/horizon target values; project_within_trajectory_v1: sign of consecutive forecast-horizon differences equals sign of consecutive target differences; relative-return paths additionally include the known zero origin; cumulative/excess log-return targets compare the binary indicators (forecast > 0) and (target > 0) at each horizon,2025-04-01T00:00:00,2025-12-31T00:00:00,334d0ea0f0e53790e465,8cc2dfd62ac48cad,8cc2dfd62ac48cad,20260825_103155,ec9b2701bcc2bf149eb9db36c8e6db9589eeabd3,results/top10_with_sentiment_jepa_lam_1_mae_lam_2/local_long/COST/seed_50/last_model_comparison_20260825_103155.csv,results/top10_with_sentiment_jepa_lam_1_mae_lam_2/local_long/COST/seed_50/last_baseline_scores_after_observation_20260825_103155.csv,naive_last,True,False,duplicate deterministic baseline; reference strategy selected,config/experiments/top10_with_sentiment_jepa_lam_1_mae_lam_2.json;results/top10_with_sentiment_jepa_lam_1_mae_lam_2/local_long/COST/seed_50/preprocessing_config.json
COST,50,Drift,local_long,test,0.00045113086603079433,0.015306078928130617,0.5,5,./logs/output_model/COST/lr_1e-05_ema_momentum_0.998_mask_ratio_0.7_ratio_patches_10_encoder_256_2_1_predictor_128_2_1_local_mae_long_jepa_ljepa_1.5_lmae_0.5_mae_1_gap_4_jepa_4_cfg_6ed610b8dac0_epoch_2000.pt,fixed_pretraining_epoch_2000,ema,True,0.001,0.01,1e-05,0.0005,window_return,raw,value,future target values in the configured normalized feature space,MSE and MAE over all saved rolling-step/horizon target values; project_within_trajectory_v1: sign of consecutive forecast-horizon differences equals sign of consecutive target differences; relative-return paths additionally include the known zero origin; cumulative/excess log-return targets compare the binary indicators (forecast > 0) and (target > 0) at each horizon,2025-04-01T00:00:00,2025-12-31T00:00:00,334d0ea0f0e53790e465,8cc2dfd62ac48cad,8cc2dfd62ac48cad,20260825_103155,ec9b2701bcc2bf149eb9db36c8e6db9589eeabd3,results/top10_with_sentiment_jepa_lam_1_mae_lam_2/local_long/COST/seed_50/last_model_comparison_20260825_103155.csv,results/top10_with_sentiment_jepa_lam_1_mae_lam_2/local_long/COST/seed_50/last_baseline_scores_after_observation_20260825_103155.csv,drift,True,False,duplicate deterministic baseline; reference strategy selected,config/experiments/top10_with_sentiment_jepa_lam_1_mae_lam_2.json;results/top10_with_sentiment_jepa_lam_1_mae_lam_2/local_long/COST/seed_50/preprocessing_config.json
COST,50,GRU,local_long,test,0.000512010562233531,0.018114303072032163,0.48026315789473684,5,./logs/output_model/COST/lr_1e-05_ema_momentum_0.998_mask_ratio_0.7_ratio_patches_10_encoder_256_2_1_predictor_128_2_1_local_mae_long_jepa_ljepa_1.5_lmae_0.5_mae_1_gap_4_jepa_4_cfg_6ed610b8dac0_epoch_2000.pt,fixed_pretraining_epoch_2000,ema,True,0.001,0.01,1e-05,0.0005,window_return,raw,value,future target values in the configured normalized feature space,MSE and MAE over all saved rolling-step/horizon target values; project_within_trajectory_v1: sign of consecutive forecast-horizon differences equals sign of consecutive target differences; relative-return paths additionally include the known zero origin; cumulative/excess log-return targets compare the binary indicators (forecast > 0) and (target > 0) at each horizon,2025-04-01T00:00:00,2025-12-31T00:00:00,334d0ea0f0e53790e465,8cc2dfd62ac48cad,8cc2dfd62ac48cad,20260825_103155,ec9b2701bcc2bf149eb9db36c8e6db9589eeabd3,results/top10_with_sentiment_jepa_lam_1_mae_lam_2/local_long/COST/seed_50/last_model_comparison_20260825_103155.csv,results/top10_with_sentiment_jepa_lam_1_mae_lam_2/local_long/COST/seed_50/last_gru_scores_after_observation_20260825_103155.csv,GRU,True,False,alternate strategy-specific GRU; reference strategy selected,config/experiments/top10_with_sentiment_jepa_lam_1_mae_lam_2.json;results/top10_with_sentiment_jepa_lam_1_mae_lam_2/local_long/COST/seed_50/preprocessing_config.json
COST,50,Local-MAE/Long-JEPA,local_long,test,0.0007399257369028846,0.020766073950615353,0.4276315789473684,5,./logs/output_model/COST/lr_1e-05_ema_momentum_0.998_mask_ratio_0.7_ratio_patches_10_encoder_256_2_1_predictor_128_2_1_local_mae_long_jepa_ljepa_1.5_lmae_0.5_mae_1_gap_4_jepa_4_cfg_6ed610b8dac0_epoch_2000.pt,fixed_pretraining_epoch_2000,ema,True,0.001,0.01,1e-05,0.0005,window_return,raw,value,future target values in the configured normalized feature space,MSE and MAE over all saved rolling-step/horizon target values; project_within_trajectory_v1: sign of consecutive forecast-horizon differences equals sign of consecutive target differences; relative-return paths additionally include the known zero origin; cumulative/excess log-return targets compare the binary indicators (forecast > 0) and (target > 0) at each horizon,2025-04-01T00:00:00,2025-12-31T00:00:00,334d0ea0f0e53790e465,8cc2dfd62ac48cad,8cc2dfd62ac48cad,20260825_103155,ec9b2701bcc2bf149eb9db36c8e6db9589eeabd3,results/top10_with_sentiment_jepa_lam_1_mae_lam_2/local_long/COST/seed_50/last_model_comparison_20260825_103155.csv,results/top10_with_sentiment_jepa_lam_1_mae_lam_2/local_long/COST/seed_50/last_scores_after_observation_20260825_103155.csv,TS-JEPA,True,True,,config/experiments/top10_with_sentiment_jepa_lam_1_mae_lam_2.json;results/top10_with_sentiment_jepa_lam_1_mae_lam_2/local_long/COST/seed_50/preprocessing_config.json
COST,50,Mean-context,local_long,test,0.00121185380508482,0.028578074432995253,0.006578947368421052,5,./logs/output_model/COST/lr_1e-05_ema_momentum_0.998_mask_ratio_0.7_ratio_patches_10_encoder_256_2_1_predictor_128_2_1_local_mae_long_jepa_ljepa_1.5_lmae_0.5_mae_1_gap_4_jepa_4_cfg_6ed610b8dac0_epoch_2000.pt,fixed_pretraining_epoch_2000,ema,True,0.001,0.01,1e-05,0.0005,window_return,raw,value,future target values in the configured normalized feature space,MSE and MAE over all saved rolling-step/horizon target values; project_within_trajectory_v1: sign of consecutive forecast-horizon differences equals sign of consecutive target differences; relative-return paths additionally include the known zero origin; cumulative/excess log-return targets compare the binary indicators (forecast > 0) and (target > 0) at each horizon,2025-04-01T00:00:00,2025-12-31T00:00:00,334d0ea0f0e53790e465,8cc2dfd62ac48cad,8cc2dfd62ac48cad,20260825_103155,ec9b2701bcc2bf149eb9db36c8e6db9589eeabd3,results/top10_with_sentiment_jepa_lam_1_mae_lam_2/local_long/COST/seed_50/last_model_comparison_20260825_103155.csv,results/top10_with_sentiment_jepa_lam_1_mae_lam_2/local_long/COST/seed_50/last_baseline_scores_after_observation_20260825_103155.csv,mean_context,True,False,duplicate deterministic baseline; reference strategy selected,config/experiments/top10_with_sentiment_jepa_lam_1_mae_lam_2.json;results/top10_with_sentiment_jepa_lam_1_mae_lam_2/local_long/COST/seed_50/preprocessing_config.json
NVDA,42,Naive-last,local_long,test,0.0019788274472474546,0.03576570404203314,0.0,5,./logs/output_model/NVDA/lr_1e-05_ema_momentum_0.998_mask_ratio_0.7_ratio_patches_10_encoder_256_2_1_predictor_128_2_1_local_mae_long_jepa_ljepa_1.5_lmae_0.5_mae_1_gap_4_jepa_4_cfg_b0207e258d01_epoch_2000.pt,fixed_pretraining_epoch_2000,ema,True,0.001,0.01,1e-05,0.0005,window_return,raw,value,future target values in the configured normalized feature space,MSE and MAE over all saved rolling-step/horizon target values; project_within_trajectory_v1: sign of consecutive forecast-horizon differences equals sign of consecutive target differences; relative-return paths additionally include the known zero origin; cumulative/excess log-return targets compare the binary indicators (forecast > 0) and (target > 0) at each horizon,2025-04-01T00:00:00,2025-12-31T00:00:00,09153d935a7c9a4488bb,8cc2dfd62ac48cad,8cc2dfd62ac48cad,20260825_095716,ec9b2701bcc2bf149eb9db36c8e6db9589eeabd3,results/top10_with_sentiment_jepa_lam_1_mae_lam_2/local_long/NVDA/seed_42/last_model_comparison_20260825_095716.csv,results/top10_with_sentiment_jepa_lam_1_mae_lam_2/local_long/NVDA/seed_42/last_baseline_scores_after_observation_20260825_095716.csv,naive_last,True,False,duplicate deterministic baseline; reference strategy selected,config/experiments/top10_with_sentiment_jepa_lam_1_mae_lam_2.json;results/top10_with_sentiment_jepa_lam_1_mae_lam_2/local_long/NVDA/seed_42/preprocessing_config.json
NVDA,42,Drift,local_long,test,0.002022954448626363,0.03561491650333139,0.5460526315789473,5,./logs/output_model/NVDA/lr_1e-05_ema_momentum_0.998_mask_ratio_0.7_ratio_patches_10_encoder_256_2_1_predictor_128_2_1_local_mae_long_jepa_ljepa_1.5_lmae_0.5_mae_1_gap_4_jepa_4_cfg_b0207e258d01_epoch_2000.pt,fixed_pretraining_epoch_2000,ema,True,0.001,0.01,1e-05,0.0005,window_return,raw,value,future target values in the configured normalized feature space,MSE and MAE over all saved rolling-step/horizon target values; project_within_trajectory_v1: sign of consecutive forecast-horizon differences equals sign of consecutive target differences; relative-return paths additionally include the known zero origin; cumulative/excess log-return targets compare the binary indicators (forecast > 0) and (target > 0) at each horizon,2025-04-01T00:00:00,2025-12-31T00:00:00,09153d935a7c9a4488bb,8cc2dfd62ac48cad,8cc2dfd62ac48cad,20260825_095716,ec9b2701bcc2bf149eb9db36c8e6db9589eeabd3,results/top10_with_sentiment_jepa_lam_1_mae_lam_2/local_long/NVDA/seed_42/last_model_comparison_20260825_095716.csv,results/top10_with_sentiment_jepa_lam_1_mae_lam_2/local_long/NVDA/seed_42/last_baseline_scores_after_observation_20260825_095716.csv,drift,True,False,duplicate deterministic baseline; reference strategy selected,config/experiments/top10_with_sentiment_jepa_lam_1_mae_lam_2.json;results/top10_with_sentiment_jepa_lam_1_mae_lam_2/local_long/NVDA/seed_42/preprocessing_config.json
NVDA,42,GRU,local_long,test,0.0025212184376895287,0.04122957565674657,0.4934210526315789,5,./logs/output_model/NVDA/lr_1e-05_ema_momentum_0.998_mask_ratio_0.7_ratio_patches_10_encoder_256_2_1_predictor_128_2_1_local_mae_long_jepa_ljepa_1.5_lmae_0.5_mae_1_gap_4_jepa_4_cfg_b0207e258d01_epoch_2000.pt,fixed_pretraining_epoch_2000,ema,True,0.001,0.01,1e-05,0.0005,window_return,raw,value,future target values in the configured normalized feature space,MSE and MAE over all saved rolling-step/horizon target values; project_within_trajectory_v1: sign of consecutive forecast-horizon differences equals sign of consecutive target differences; relative-return paths additionally include the known zero origin; cumulative/excess log-return targets compare the binary indicators (forecast > 0) and (target > 0) at each horizon,2025-04-01T00:00:00,2025-12-31T00:00:00,09153d935a7c9a4488bb,8cc2dfd62ac48cad,8cc2dfd62ac48cad,20260825_095716,ec9b2701bcc2bf149eb9db36c8e6db9589eeabd3,results/top10_with_sentiment_jepa_lam_1_mae_lam_2/local_long/NVDA/seed_42/last_model_comparison_20260825_095716.csv,results/top10_with_sentiment_jepa_lam_1_mae_lam_2/local_long/NVDA/seed_42/last_gru_scores_after_observation_20260825_095716.csv,GRU,True,False,alternate strategy-specific GRU; reference strategy selected,config/experiments/top10_with_sentiment_jepa_lam_1_mae_lam_2.json;results/top10_with_sentiment_jepa_lam_1_mae_lam_2/local_long/NVDA/seed_42/preprocessing_config.json
NVDA,42,Local-MAE/Long-JEPA,local_long,test,0.003770422453767574,0.04997375790568951,0.5197368421052632,5,./logs/output_model/NVDA/lr_1e-05_ema_momentum_0.998_mask_ratio_0.7_ratio_patches_10_encoder_256_2_1_predictor_128_2_1_local_mae_long_jepa_ljepa_1.5_lmae_0.5_mae_1_gap_4_jepa_4_cfg_b0207e258d01_epoch_2000.pt,fixed_pretraining_epoch_2000,ema,True,0.001,0.01,1e-05,0.0005,window_return,raw,value,future target values in the configured normalized feature space,MSE and MAE over all saved rolling-step/horizon target values; project_within_trajectory_v1: sign of consecutive forecast-horizon differences equals sign of consecutive target differences; relative-return paths additionally include the known zero origin; cumulative/excess log-return targets compare the binary indicators (forecast > 0) and (target > 0) at each horizon,2025-04-01T00:00:00,2025-12-31T00:00:00,09153d935a7c9a4488bb,8cc2dfd62ac48cad,8cc2dfd62ac48cad,20260825_095716,ec9b2701bcc2bf149eb9db36c8e6db9589eeabd3,results/top10_with_sentiment_jepa_lam_1_mae_lam_2/local_long/NVDA/seed_42/last_model_comparison_20260825_095716.csv,results/top10_with_sentiment_jepa_lam_1_mae_lam_2/local_long/NVDA/seed_42/last_scores_after_observation_20260825_095716.csv,TS-JEPA,True,True,,config/experiments/top10_with_sentiment_jepa_lam_1_mae_lam_2.json;results/top10_with_sentiment_jepa_lam_1_mae_lam_2/local_long/NVDA/seed_42/preprocessing_config.json
NVDA,42,Mean-context,local_long,test,0.0263182630197257,0.12523933760071246,0.0,5,./logs/output_model/NVDA/lr_1e-05_ema_momentum_0.998_mask_ratio_0.7_ratio_patches_10_encoder_256_2_1_predictor_128_2_1_local_mae_long_jepa_ljepa_1.5_lmae_0.5_mae_1_gap_4_jepa_4_cfg_b0207e258d01_epoch_2000.pt,fixed_pretraining_epoch_2000,ema,True,0.001,0.01,1e-05,0.0005,window_return,raw,value,future target values in the configured normalized feature space,MSE and MAE over all saved rolling-step/horizon target values; project_within_trajectory_v1: sign of consecutive forecast-horizon differences equals sign of consecutive target differences; relative-return paths additionally include the known zero origin; cumulative/excess log-return targets compare the binary indicators (forecast > 0) and (target > 0) at each horizon,2025-04-01T00:00:00,2025-12-31T00:00:00,09153d935a7c9a4488bb,8cc2dfd62ac48cad,8cc2dfd62ac48cad,20260825_095716,ec9b2701bcc2bf149eb9db36c8e6db9589eeabd3,results/top10_with_sentiment_jepa_lam_1_mae_lam_2/local_long/NVDA/seed_42/last_model_comparison_20260825_095716.csv,results/top10_with_sentiment_jepa_lam_1_mae_lam_2/local_long/NVDA/seed_42/last_baseline_scores_after_observation_20260825_095716.csv,mean_context,True,False,duplicate deterministic baseline; reference strategy selected,config/experiments/top10_with_sentiment_jepa_lam_1_mae_lam_2.json;results/top10_with_sentiment_jepa_lam_1_mae_lam_2/local_long/NVDA/seed_42/preprocessing_config.json
NVDA,46,Naive-last,local_long,test,0.0019788274472474546,0.03576570404203314,0.0,5,./logs/output_model/NVDA/lr_1e-05_ema_momentum_0.998_mask_ratio_0.7_ratio_patches_10_encoder_256_2_1_predictor_128_2_1_local_mae_long_jepa_ljepa_1.5_lmae_0.5_mae_1_gap_4_jepa_4_cfg_d8ef62cbe59c_epoch_2000.pt,fixed_pretraining_epoch_2000,ema,True,0.001,0.01,1e-05,0.0005,window_return,raw,value,future target values in the configured normalized feature space,MSE and MAE over all saved rolling-step/horizon target values; project_within_trajectory_v1: sign of consecutive forecast-horizon differences equals sign of consecutive target differences; relative-return paths additionally include the known zero origin; cumulative/excess log-return targets compare the binary indicators (forecast > 0) and (target > 0) at each horizon,2025-04-01T00:00:00,2025-12-31T00:00:00,09153d935a7c9a4488bb,8cc2dfd62ac48cad,8cc2dfd62ac48cad,20260825_100135,ec9b2701bcc2bf149eb9db36c8e6db9589eeabd3,results/top10_with_sentiment_jepa_lam_1_mae_lam_2/local_long/NVDA/seed_46/last_model_comparison_20260825_100135.csv,results/top10_with_sentiment_jepa_lam_1_mae_lam_2/local_long/NVDA/seed_46/last_baseline_scores_after_observation_20260825_100135.csv,naive_last,True,False,duplicate deterministic baseline; reference strategy selected,config/experiments/top10_with_sentiment_jepa_lam_1_mae_lam_2.json;results/top10_with_sentiment_jepa_lam_1_mae_lam_2/local_long/NVDA/seed_46/preprocessing_config.json
NVDA,46,Drift,local_long,test,0.002022954448626363,0.03561491650333139,0.5460526315789473,5,./logs/output_model/NVDA/lr_1e-05_ema_momentum_0.998_mask_ratio_0.7_ratio_patches_10_encoder_256_2_1_predictor_128_2_1_local_mae_long_jepa_ljepa_1.5_lmae_0.5_mae_1_gap_4_jepa_4_cfg_d8ef62cbe59c_epoch_2000.pt,fixed_pretraining_epoch_2000,ema,True,0.001,0.01,1e-05,0.0005,window_return,raw,value,future target values in the configured normalized feature space,MSE and MAE over all saved rolling-step/horizon target values; project_within_trajectory_v1: sign of consecutive forecast-horizon differences equals sign of consecutive target differences; relative-return paths additionally include the known zero origin; cumulative/excess log-return targets compare the binary indicators (forecast > 0) and (target > 0) at each horizon,2025-04-01T00:00:00,2025-12-31T00:00:00,09153d935a7c9a4488bb,8cc2dfd62ac48cad,8cc2dfd62ac48cad,20260825_100135,ec9b2701bcc2bf149eb9db36c8e6db9589eeabd3,results/top10_with_sentiment_jepa_lam_1_mae_lam_2/local_long/NVDA/seed_46/last_model_comparison_20260825_100135.csv,results/top10_with_sentiment_jepa_lam_1_mae_lam_2/local_long/NVDA/seed_46/last_baseline_scores_after_observation_20260825_100135.csv,drift,True,False,duplicate deterministic baseline; reference strategy selected,config/experiments/top10_with_sentiment_jepa_lam_1_mae_lam_2.json;results/top10_with_sentiment_jepa_lam_1_mae_lam_2/local_long/NVDA/seed_46/preprocessing_config.json
NVDA,46,Local-MAE/Long-JEPA,local_long,test,0.0025036143866261533,0.03926599272281716,0.5460526315789473,5,./logs/output_model/NVDA/lr_1e-05_ema_momentum_0.998_mask_ratio_0.7_ratio_patches_10_encoder_256_2_1_predictor_128_2_1_local_mae_long_jepa_ljepa_1.5_lmae_0.5_mae_1_gap_4_jepa_4_cfg_d8ef62cbe59c_epoch_2000.pt,fixed_pretraining_epoch_2000,ema,True,0.001,0.01,1e-05,0.0005,window_return,raw,value,future target values in the configured normalized feature space,MSE and MAE over all saved rolling-step/horizon target values; project_within_trajectory_v1: sign of consecutive forecast-horizon differences equals sign of consecutive target differences; relative-return paths additionally include the known zero origin; cumulative/excess log-return targets compare the binary indicators (forecast > 0) and (target > 0) at each horizon,2025-04-01T00:00:00,2025-12-31T00:00:00,09153d935a7c9a4488bb,8cc2dfd62ac48cad,8cc2dfd62ac48cad,20260825_100135,ec9b2701bcc2bf149eb9db36c8e6db9589eeabd3,results/top10_with_sentiment_jepa_lam_1_mae_lam_2/local_long/NVDA/seed_46/last_model_comparison_20260825_100135.csv,results/top10_with_sentiment_jepa_lam_1_mae_lam_2/local_long/NVDA/seed_46/last_scores_after_observation_20260825_100135.csv,TS-JEPA,True,True,,config/experiments/top10_with_sentiment_jepa_lam_1_mae_lam_2.json;results/top10_with_sentiment_jepa_lam_1_mae_lam_2/local_long/NVDA/seed_46/preprocessing_config.json
NVDA,46,GRU,local_long,test,0.004989928674228829,0.05382131433702613,0.5,5,./logs/output_model/NVDA/lr_1e-05_ema_momentum_0.998_mask_ratio_0.7_ratio_patches_10_encoder_256_2_1_predictor_128_2_1_local_mae_long_jepa_ljepa_1.5_lmae_0.5_mae_1_gap_4_jepa_4_cfg_d8ef62cbe59c_epoch_2000.pt,fixed_pretraining_epoch_2000,ema,True,0.001,0.01,1e-05,0.0005,window_return,raw,value,future target values in the configured normalized feature space,MSE and MAE over all saved rolling-step/horizon target values; project_within_trajectory_v1: sign of consecutive forecast-horizon differences equals sign of consecutive target differences; relative-return paths additionally include the known zero origin; cumulative/excess log-return targets compare the binary indicators (forecast > 0) and (target > 0) at each horizon,2025-04-01T00:00:00,2025-12-31T00:00:00,09153d935a7c9a4488bb,8cc2dfd62ac48cad,8cc2dfd62ac48cad,20260825_100135,ec9b2701bcc2bf149eb9db36c8e6db9589eeabd3,results/top10_with_sentiment_jepa_lam_1_mae_lam_2/local_long/NVDA/seed_46/last_model_comparison_20260825_100135.csv,results/top10_with_sentiment_jepa_lam_1_mae_lam_2/local_long/NVDA/seed_46/last_gru_scores_after_observation_20260825_100135.csv,GRU,True,False,alternate strategy-specific GRU; reference strategy selected,config/experiments/top10_with_sentiment_jepa_lam_1_mae_lam_2.json;results/top10_with_sentiment_jepa_lam_1_mae_lam_2/local_long/NVDA/seed_46/preprocessing_config.json
NVDA,46,Mean-context,local_long,test,0.0263182630197257,0.12523933760071246,0.0,5,./logs/output_model/NVDA/lr_1e-05_ema_momentum_0.998_mask_ratio_0.7_ratio_patches_10_encoder_256_2_1_predictor_128_2_1_local_mae_long_jepa_ljepa_1.5_lmae_0.5_mae_1_gap_4_jepa_4_cfg_d8ef62cbe59c_epoch_2000.pt,fixed_pretraining_epoch_2000,ema,True,0.001,0.01,1e-05,0.0005,window_return,raw,value,future target values in the configured normalized feature space,MSE and MAE over all saved rolling-step/horizon target values; project_within_trajectory_v1: sign of consecutive forecast-horizon differences equals sign of consecutive target differences; relative-return paths additionally include the known zero origin; cumulative/excess log-return targets compare the binary indicators (forecast > 0) and (target > 0) at each horizon,2025-04-01T00:00:00,2025-12-31T00:00:00,09153d935a7c9a4488bb,8cc2dfd62ac48cad,8cc2dfd62ac48cad,20260825_100135,ec9b2701bcc2bf149eb9db36c8e6db9589eeabd3,results/top10_with_sentiment_jepa_lam_1_mae_lam_2/local_long/NVDA/seed_46/last_model_comparison_20260825_100135.csv,results/top10_with_sentiment_jepa_lam_1_mae_lam_2/local_long/NVDA/seed_46/last_baseline_scores_after_observation_20260825_100135.csv,mean_context,True,False,duplicate deterministic baseline; reference strategy selected,config/experiments/top10_with_sentiment_jepa_lam_1_mae_lam_2.json;results/top10_with_sentiment_jepa_lam_1_mae_lam_2/local_long/NVDA/seed_46/preprocessing_config.json
NVDA,50,Naive-last,local_long,test,0.0019788274472474546,0.03576570404203314,0.0,5,./logs/output_model/NVDA/lr_1e-05_ema_momentum_0.998_mask_ratio_0.7_ratio_patches_10_encoder_256_2_1_predictor_128_2_1_local_mae_long_jepa_ljepa_1.5_lmae_0.5_mae_1_gap_4_jepa_4_cfg_096cafe93e9a_epoch_2000.pt,fixed_pretraining_epoch_2000,ema,True,0.001,0.01,1e-05,0.0005,window_return,raw,value,future target values in the configured normalized feature space,MSE and MAE over all saved rolling-step/horizon target values; project_within_trajectory_v1: sign of consecutive forecast-horizon differences equals sign of consecutive target differences; relative-return paths additionally include the known zero origin; cumulative/excess log-return targets compare the binary indicators (forecast > 0) and (target > 0) at each horizon,2025-04-01T00:00:00,2025-12-31T00:00:00,09153d935a7c9a4488bb,8cc2dfd62ac48cad,8cc2dfd62ac48cad,20260825_100558,ec9b2701bcc2bf149eb9db36c8e6db9589eeabd3,results/top10_with_sentiment_jepa_lam_1_mae_lam_2/local_long/NVDA/seed_50/last_model_comparison_20260825_100558.csv,results/top10_with_sentiment_jepa_lam_1_mae_lam_2/local_long/NVDA/seed_50/last_baseline_scores_after_observation_20260825_100558.csv,naive_last,True,False,duplicate deterministic baseline; reference strategy selected,config/experiments/top10_with_sentiment_jepa_lam_1_mae_lam_2.json;results/top10_with_sentiment_jepa_lam_1_mae_lam_2/local_long/NVDA/seed_50/preprocessing_config.json
NVDA,50,Drift,local_long,test,0.002022954448626363,0.03561491650333139,0.5460526315789473,5,./logs/output_model/NVDA/lr_1e-05_ema_momentum_0.998_mask_ratio_0.7_ratio_patches_10_encoder_256_2_1_predictor_128_2_1_local_mae_long_jepa_ljepa_1.5_lmae_0.5_mae_1_gap_4_jepa_4_cfg_096cafe93e9a_epoch_2000.pt,fixed_pretraining_epoch_2000,ema,True,0.001,0.01,1e-05,0.0005,window_return,raw,value,future target values in the configured normalized feature space,MSE and MAE over all saved rolling-step/horizon target values; project_within_trajectory_v1: sign of consecutive forecast-horizon differences equals sign of consecutive target differences; relative-return paths additionally include the known zero origin; cumulative/excess log-return targets compare the binary indicators (forecast > 0) and (target > 0) at each horizon,2025-04-01T00:00:00,2025-12-31T00:00:00,09153d935a7c9a4488bb,8cc2dfd62ac48cad,8cc2dfd62ac48cad,20260825_100558,ec9b2701bcc2bf149eb9db36c8e6db9589eeabd3,results/top10_with_sentiment_jepa_lam_1_mae_lam_2/local_long/NVDA/seed_50/last_model_comparison_20260825_100558.csv,results/top10_with_sentiment_jepa_lam_1_mae_lam_2/local_long/NVDA/seed_50/last_baseline_scores_after_observation_20260825_100558.csv,drift,True,False,duplicate deterministic baseline; reference strategy selected,config/experiments/top10_with_sentiment_jepa_lam_1_mae_lam_2.json;results/top10_with_sentiment_jepa_lam_1_mae_lam_2/local_long/NVDA/seed_50/preprocessing_config.json
NVDA,50,Local-MAE/Long-JEPA,local_long,test,0.002912413465006024,0.04388717839396314,0.4473684210526316,5,./logs/output_model/NVDA/lr_1e-05_ema_momentum_0.998_mask_ratio_0.7_ratio_patches_10_encoder_256_2_1_predictor_128_2_1_local_mae_long_jepa_ljepa_1.5_lmae_0.5_mae_1_gap_4_jepa_4_cfg_096cafe93e9a_epoch_2000.pt,fixed_pretraining_epoch_2000,ema,True,0.001,0.01,1e-05,0.0005,window_return,raw,value,future target values in the configured normalized feature space,MSE and MAE over all saved rolling-step/horizon target values; project_within_trajectory_v1: sign of consecutive forecast-horizon differences equals sign of consecutive target differences; relative-return paths additionally include the known zero origin; cumulative/excess log-return targets compare the binary indicators (forecast > 0) and (target > 0) at each horizon,2025-04-01T00:00:00,2025-12-31T00:00:00,09153d935a7c9a4488bb,8cc2dfd62ac48cad,8cc2dfd62ac48cad,20260825_100558,ec9b2701bcc2bf149eb9db36c8e6db9589eeabd3,results/top10_with_sentiment_jepa_lam_1_mae_lam_2/local_long/NVDA/seed_50/last_model_comparison_20260825_100558.csv,results/top10_with_sentiment_jepa_lam_1_mae_lam_2/local_long/NVDA/seed_50/last_scores_after_observation_20260825_100558.csv,TS-JEPA,True,True,,config/experiments/top10_with_sentiment_jepa_lam_1_mae_lam_2.json;results/top10_with_sentiment_jepa_lam_1_mae_lam_2/local_long/NVDA/seed_50/preprocessing_config.json
NVDA,50,GRU,local_long,test,0.0038216788506052093,0.050665402333987385,0.5197368421052632,5,./logs/output_model/NVDA/lr_1e-05_ema_momentum_0.998_mask_ratio_0.7_ratio_patches_10_encoder_256_2_1_predictor_128_2_1_local_mae_long_jepa_ljepa_1.5_lmae_0.5_mae_1_gap_4_jepa_4_cfg_096cafe93e9a_epoch_2000.pt,fixed_pretraining_epoch_2000,ema,True,0.001,0.01,1e-05,0.0005,window_return,raw,value,future target values in the configured normalized feature space,MSE and MAE over all saved rolling-step/horizon target values; project_within_trajectory_v1: sign of consecutive forecast-horizon differences equals sign of consecutive target differences; relative-return paths additionally include the known zero origin; cumulative/excess log-return targets compare the binary indicators (forecast > 0) and (target > 0) at each horizon,2025-04-01T00:00:00,2025-12-31T00:00:00,09153d935a7c9a4488bb,8cc2dfd62ac48cad,8cc2dfd62ac48cad,20260825_100558,ec9b2701bcc2bf149eb9db36c8e6db9589eeabd3,results/top10_with_sentiment_jepa_lam_1_mae_lam_2/local_long/NVDA/seed_50/last_model_comparison_20260825_100558.csv,results/top10_with_sentiment_jepa_lam_1_mae_lam_2/local_long/NVDA/seed_50/last_gru_scores_after_observation_20260825_100558.csv,GRU,True,False,alternate strategy-specific GRU; reference strategy selected,config/experiments/top10_with_sentiment_jepa_lam_1_mae_lam_2.json;results/top10_with_sentiment_jepa_lam_1_mae_lam_2/local_long/NVDA/seed_50/preprocessing_config.json
NVDA,50,Mean-context,local_long,test,0.0263182630197257,0.12523933760071246,0.0,5,./logs/output_model/NVDA/lr_1e-05_ema_momentum_0.998_mask_ratio_0.7_ratio_patches_10_encoder_256_2_1_predictor_128_2_1_local_mae_long_jepa_ljepa_1.5_lmae_0.5_mae_1_gap_4_jepa_4_cfg_096cafe93e9a_epoch_2000.pt,fixed_pretraining_epoch_2000,ema,True,0.001,0.01,1e-05,0.0005,window_return,raw,value,future target values in the configured normalized feature space,MSE and MAE over all saved rolling-step/horizon target values; project_within_trajectory_v1: sign of consecutive forecast-horizon differences equals sign of consecutive target differences; relative-return paths additionally include the known zero origin; cumulative/excess log-return targets compare the binary indicators (forecast > 0) and (target > 0) at each horizon,2025-04-01T00:00:00,2025-12-31T00:00:00,09153d935a7c9a4488bb,8cc2dfd62ac48cad,8cc2dfd62ac48cad,20260825_100558,ec9b2701bcc2bf149eb9db36c8e6db9589eeabd3,results/top10_with_sentiment_jepa_lam_1_mae_lam_2/local_long/NVDA/seed_50/last_model_comparison_20260825_100558.csv,results/top10_with_sentiment_jepa_lam_1_mae_lam_2/local_long/NVDA/seed_50/last_baseline_scores_after_observation_20260825_100558.csv,mean_context,True,False,duplicate deterministic baseline; reference strategy selected,config/experiments/top10_with_sentiment_jepa_lam_1_mae_lam_2.json;results/top10_with_sentiment_jepa_lam_1_mae_lam_2/local_long/NVDA/seed_50/preprocessing_config.json
AVGO,42,Naive-last,random,test,0.00301088671668516,0.03984621198553788,0.0,5,./logs/output_model/AVGO/lr_1e-05_ema_momentum_0.998_mask_ratio_0.7_ratio_patches_10_encoder_256_2_1_predictor_128_2_1_dual_jepa_mae_ljepa_1.5_lmae_0.5_cfg_ec20e6a7e5e6_epoch_2000.pt,fixed_pretraining_epoch_2000,ema,True,0.001,0.01,1e-05,0.0005,window_return,raw,value,future target values in the configured normalized feature space,MSE and MAE over all saved rolling-step/horizon target values; project_within_trajectory_v1: sign of consecutive forecast-horizon differences equals sign of consecutive target differences; relative-return paths additionally include the known zero origin; cumulative/excess log-return targets compare the binary indicators (forecast > 0) and (target > 0) at each horizon,2025-04-01T00:00:00,2025-12-31T00:00:00,0574650739836f4c963d,8cc2dfd62ac48cad,8cc2dfd62ac48cad,20260825_101018,ec9b2701bcc2bf149eb9db36c8e6db9589eeabd3,results/top10_with_sentiment_jepa_lam_1_mae_lam_2/random/AVGO/seed_42/last_model_comparison_20260825_101018.csv,results/top10_with_sentiment_jepa_lam_1_mae_lam_2/random/AVGO/seed_42/last_baseline_scores_after_observation_20260825_101018.csv,naive_last,True,True,,config/experiments/top10_with_sentiment_jepa_lam_1_mae_lam_2.json;results/top10_with_sentiment_jepa_lam_1_mae_lam_2/random/AVGO/seed_42/preprocessing_config.json
AVGO,42,Drift,random,test,0.003206176350828088,0.040613234099490865,0.5723684210526315,5,./logs/output_model/AVGO/lr_1e-05_ema_momentum_0.998_mask_ratio_0.7_ratio_patches_10_encoder_256_2_1_predictor_128_2_1_dual_jepa_mae_ljepa_1.5_lmae_0.5_cfg_ec20e6a7e5e6_epoch_2000.pt,fixed_pretraining_epoch_2000,ema,True,0.001,0.01,1e-05,0.0005,window_return,raw,value,future target values in the configured normalized feature space,MSE and MAE over all saved rolling-step/horizon target values; project_within_trajectory_v1: sign of consecutive forecast-horizon differences equals sign of consecutive target differences; relative-return paths additionally include the known zero origin; cumulative/excess log-return targets compare the binary indicators (forecast > 0) and (target > 0) at each horizon,2025-04-01T00:00:00,2025-12-31T00:00:00,0574650739836f4c963d,8cc2dfd62ac48cad,8cc2dfd62ac48cad,20260825_101018,ec9b2701bcc2bf149eb9db36c8e6db9589eeabd3,results/top10_with_sentiment_jepa_lam_1_mae_lam_2/random/AVGO/seed_42/last_model_comparison_20260825_101018.csv,results/top10_with_sentiment_jepa_lam_1_mae_lam_2/random/AVGO/seed_42/last_baseline_scores_after_observation_20260825_101018.csv,drift,True,True,,config/experiments/top10_with_sentiment_jepa_lam_1_mae_lam_2.json;results/top10_with_sentiment_jepa_lam_1_mae_lam_2/random/AVGO/seed_42/preprocessing_config.json
AVGO,42,GRU,random,test,0.003785284815658133,0.04912275838616647,0.47368421052631576,5,./logs/output_model/AVGO/lr_1e-05_ema_momentum_0.998_mask_ratio_0.7_ratio_patches_10_encoder_256_2_1_predictor_128_2_1_dual_jepa_mae_ljepa_1.5_lmae_0.5_cfg_ec20e6a7e5e6_epoch_2000.pt,fixed_pretraining_epoch_2000,ema,True,0.001,0.01,1e-05,0.0005,window_return,raw,value,future target values in the configured normalized feature space,MSE and MAE over all saved rolling-step/horizon target values; project_within_trajectory_v1: sign of consecutive forecast-horizon differences equals sign of consecutive target differences; relative-return paths additionally include the known zero origin; cumulative/excess log-return targets compare the binary indicators (forecast > 0) and (target > 0) at each horizon,2025-04-01T00:00:00,2025-12-31T00:00:00,0574650739836f4c963d,8cc2dfd62ac48cad,8cc2dfd62ac48cad,20260825_101018,ec9b2701bcc2bf149eb9db36c8e6db9589eeabd3,results/top10_with_sentiment_jepa_lam_1_mae_lam_2/random/AVGO/seed_42/last_model_comparison_20260825_101018.csv,results/top10_with_sentiment_jepa_lam_1_mae_lam_2/random/AVGO/seed_42/last_gru_scores_after_observation_20260825_101018.csv,GRU,True,True,,config/experiments/top10_with_sentiment_jepa_lam_1_mae_lam_2.json;results/top10_with_sentiment_jepa_lam_1_mae_lam_2/random/AVGO/seed_42/preprocessing_config.json
AVGO,42,Shared-target JEPA--MAE,random,test,0.0040234482460691275,0.04820342100666542,0.5723684210526315,5,./logs/output_model/AVGO/lr_1e-05_ema_momentum_0.998_mask_ratio_0.7_ratio_patches_10_encoder_256_2_1_predictor_128_2_1_dual_jepa_mae_ljepa_1.5_lmae_0.5_cfg_ec20e6a7e5e6_epoch_2000.pt,fixed_pretraining_epoch_2000,ema,True,0.001,0.01,1e-05,0.0005,window_return,raw,value,future target values in the configured normalized feature space,MSE and MAE over all saved rolling-step/horizon target values; project_within_trajectory_v1: sign of consecutive forecast-horizon differences equals sign of consecutive target differences; relative-return paths additionally include the known zero origin; cumulative/excess log-return targets compare the binary indicators (forecast > 0) and (target > 0) at each horizon,2025-04-01T00:00:00,2025-12-31T00:00:00,0574650739836f4c963d,8cc2dfd62ac48cad,8cc2dfd62ac48cad,20260825_101018,ec9b2701bcc2bf149eb9db36c8e6db9589eeabd3,results/top10_with_sentiment_jepa_lam_1_mae_lam_2/random/AVGO/seed_42/last_model_comparison_20260825_101018.csv,results/top10_with_sentiment_jepa_lam_1_mae_lam_2/random/AVGO/seed_42/last_scores_after_observation_20260825_101018.csv,TS-JEPA,True,True,,config/experiments/top10_with_sentiment_jepa_lam_1_mae_lam_2.json;results/top10_with_sentiment_jepa_lam_1_mae_lam_2/random/AVGO/seed_42/preprocessing_config.json
AVGO,42,Mean-context,random,test,0.03377415824343458,0.15762535544896597,0.0,5,./logs/output_model/AVGO/lr_1e-05_ema_momentum_0.998_mask_ratio_0.7_ratio_patches_10_encoder_256_2_1_predictor_128_2_1_dual_jepa_mae_ljepa_1.5_lmae_0.5_cfg_ec20e6a7e5e6_epoch_2000.pt,fixed_pretraining_epoch_2000,ema,True,0.001,0.01,1e-05,0.0005,window_return,raw,value,future target values in the configured normalized feature space,MSE and MAE over all saved rolling-step/horizon target values; project_within_trajectory_v1: sign of consecutive forecast-horizon differences equals sign of consecutive target differences; relative-return paths additionally include the known zero origin; cumulative/excess log-return targets compare the binary indicators (forecast > 0) and (target > 0) at each horizon,2025-04-01T00:00:00,2025-12-31T00:00:00,0574650739836f4c963d,8cc2dfd62ac48cad,8cc2dfd62ac48cad,20260825_101018,ec9b2701bcc2bf149eb9db36c8e6db9589eeabd3,results/top10_with_sentiment_jepa_lam_1_mae_lam_2/random/AVGO/seed_42/last_model_comparison_20260825_101018.csv,results/top10_with_sentiment_jepa_lam_1_mae_lam_2/random/AVGO/seed_42/last_baseline_scores_after_observation_20260825_101018.csv,mean_context,True,True,,config/experiments/top10_with_sentiment_jepa_lam_1_mae_lam_2.json;results/top10_with_sentiment_jepa_lam_1_mae_lam_2/random/AVGO/seed_42/preprocessing_config.json
AVGO,46,Naive-last,random,test,0.00301088671668516,0.03984621198553788,0.0,5,./logs/output_model/AVGO/lr_1e-05_ema_momentum_0.998_mask_ratio_0.7_ratio_patches_10_encoder_256_2_1_predictor_128_2_1_dual_jepa_mae_ljepa_1.5_lmae_0.5_cfg_fadbf08f1844_epoch_2000.pt,fixed_pretraining_epoch_2000,ema,True,0.001,0.01,1e-05,0.0005,window_return,raw,value,future target values in the configured normalized feature space,MSE and MAE over all saved rolling-step/horizon target values; project_within_trajectory_v1: sign of consecutive forecast-horizon differences equals sign of consecutive target differences; relative-return paths additionally include the known zero origin; cumulative/excess log-return targets compare the binary indicators (forecast > 0) and (target > 0) at each horizon,2025-04-01T00:00:00,2025-12-31T00:00:00,0574650739836f4c963d,8cc2dfd62ac48cad,8cc2dfd62ac48cad,20260825_101437,ec9b2701bcc2bf149eb9db36c8e6db9589eeabd3,results/top10_with_sentiment_jepa_lam_1_mae_lam_2/random/AVGO/seed_46/last_model_comparison_20260825_101437.csv,results/top10_with_sentiment_jepa_lam_1_mae_lam_2/random/AVGO/seed_46/last_baseline_scores_after_observation_20260825_101437.csv,naive_last,True,True,,config/experiments/top10_with_sentiment_jepa_lam_1_mae_lam_2.json;results/top10_with_sentiment_jepa_lam_1_mae_lam_2/random/AVGO/seed_46/preprocessing_config.json
AVGO,46,Drift,random,test,0.003206176350828088,0.040613234099490865,0.5723684210526315,5,./logs/output_model/AVGO/lr_1e-05_ema_momentum_0.998_mask_ratio_0.7_ratio_patches_10_encoder_256_2_1_predictor_128_2_1_dual_jepa_mae_ljepa_1.5_lmae_0.5_cfg_fadbf08f1844_epoch_2000.pt,fixed_pretraining_epoch_2000,ema,True,0.001,0.01,1e-05,0.0005,window_return,raw,value,future target values in the configured normalized feature space,MSE and MAE over all saved rolling-step/horizon target values; project_within_trajectory_v1: sign of consecutive forecast-horizon differences equals sign of consecutive target differences; relative-return paths additionally include the known zero origin; cumulative/excess log-return targets compare the binary indicators (forecast > 0) and (target > 0) at each horizon,2025-04-01T00:00:00,2025-12-31T00:00:00,0574650739836f4c963d,8cc2dfd62ac48cad,8cc2dfd62ac48cad,20260825_101437,ec9b2701bcc2bf149eb9db36c8e6db9589eeabd3,results/top10_with_sentiment_jepa_lam_1_mae_lam_2/random/AVGO/seed_46/last_model_comparison_20260825_101437.csv,results/top10_with_sentiment_jepa_lam_1_mae_lam_2/random/AVGO/seed_46/last_baseline_scores_after_observation_20260825_101437.csv,drift,True,True,,config/experiments/top10_with_sentiment_jepa_lam_1_mae_lam_2.json;results/top10_with_sentiment_jepa_lam_1_mae_lam_2/random/AVGO/seed_46/preprocessing_config.json
AVGO,46,GRU,random,test,0.0034868187883314934,0.045792493782937524,0.5,5,./logs/output_model/AVGO/lr_1e-05_ema_momentum_0.998_mask_ratio_0.7_ratio_patches_10_encoder_256_2_1_predictor_128_2_1_dual_jepa_mae_ljepa_1.5_lmae_0.5_cfg_fadbf08f1844_epoch_2000.pt,fixed_pretraining_epoch_2000,ema,True,0.001,0.01,1e-05,0.0005,window_return,raw,value,future target values in the configured normalized feature space,MSE and MAE over all saved rolling-step/horizon target values; project_within_trajectory_v1: sign of consecutive forecast-horizon differences equals sign of consecutive target differences; relative-return paths additionally include the known zero origin; cumulative/excess log-return targets compare the binary indicators (forecast > 0) and (target > 0) at each horizon,2025-04-01T00:00:00,2025-12-31T00:00:00,0574650739836f4c963d,8cc2dfd62ac48cad,8cc2dfd62ac48cad,20260825_101437,ec9b2701bcc2bf149eb9db36c8e6db9589eeabd3,results/top10_with_sentiment_jepa_lam_1_mae_lam_2/random/AVGO/seed_46/last_model_comparison_20260825_101437.csv,results/top10_with_sentiment_jepa_lam_1_mae_lam_2/random/AVGO/seed_46/last_gru_scores_after_observation_20260825_101437.csv,GRU,True,True,,config/experiments/top10_with_sentiment_jepa_lam_1_mae_lam_2.json;results/top10_with_sentiment_jepa_lam_1_mae_lam_2/random/AVGO/seed_46/preprocessing_config.json
AVGO,46,Shared-target JEPA--MAE,random,test,0.0067339408661492225,0.061713379817573646,0.48026315789473684,5,./logs/output_model/AVGO/lr_1e-05_ema_momentum_0.998_mask_ratio_0.7_ratio_patches_10_encoder_256_2_1_predictor_128_2_1_dual_jepa_mae_ljepa_1.5_lmae_0.5_cfg_fadbf08f1844_epoch_2000.pt,fixed_pretraining_epoch_2000,ema,True,0.001,0.01,1e-05,0.0005,window_return,raw,value,future target values in the configured normalized feature space,MSE and MAE over all saved rolling-step/horizon target values; project_within_trajectory_v1: sign of consecutive forecast-horizon differences equals sign of consecutive target differences; relative-return paths additionally include the known zero origin; cumulative/excess log-return targets compare the binary indicators (forecast > 0) and (target > 0) at each horizon,2025-04-01T00:00:00,2025-12-31T00:00:00,0574650739836f4c963d,8cc2dfd62ac48cad,8cc2dfd62ac48cad,20260825_101437,ec9b2701bcc2bf149eb9db36c8e6db9589eeabd3,results/top10_with_sentiment_jepa_lam_1_mae_lam_2/random/AVGO/seed_46/last_model_comparison_20260825_101437.csv,results/top10_with_sentiment_jepa_lam_1_mae_lam_2/random/AVGO/seed_46/last_scores_after_observation_20260825_101437.csv,TS-JEPA,True,True,,config/experiments/top10_with_sentiment_jepa_lam_1_mae_lam_2.json;results/top10_with_sentiment_jepa_lam_1_mae_lam_2/random/AVGO/seed_46/preprocessing_config.json
AVGO,46,Mean-context,random,test,0.03377415824343458,0.15762535544896597,0.0,5,./logs/output_model/AVGO/lr_1e-05_ema_momentum_0.998_mask_ratio_0.7_ratio_patches_10_encoder_256_2_1_predictor_128_2_1_dual_jepa_mae_ljepa_1.5_lmae_0.5_cfg_fadbf08f1844_epoch_2000.pt,fixed_pretraining_epoch_2000,ema,True,0.001,0.01,1e-05,0.0005,window_return,raw,value,future target values in the configured normalized feature space,MSE and MAE over all saved rolling-step/horizon target values; project_within_trajectory_v1: sign of consecutive forecast-horizon differences equals sign of consecutive target differences; relative-return paths additionally include the known zero origin; cumulative/excess log-return targets compare the binary indicators (forecast > 0) and (target > 0) at each horizon,2025-04-01T00:00:00,2025-12-31T00:00:00,0574650739836f4c963d,8cc2dfd62ac48cad,8cc2dfd62ac48cad,20260825_101437,ec9b2701bcc2bf149eb9db36c8e6db9589eeabd3,results/top10_with_sentiment_jepa_lam_1_mae_lam_2/random/AVGO/seed_46/last_model_comparison_20260825_101437.csv,results/top10_with_sentiment_jepa_lam_1_mae_lam_2/random/AVGO/seed_46/last_baseline_scores_after_observation_20260825_101437.csv,mean_context,True,True,,config/experiments/top10_with_sentiment_jepa_lam_1_mae_lam_2.json;results/top10_with_sentiment_jepa_lam_1_mae_lam_2/random/AVGO/seed_46/preprocessing_config.json
AVGO,50,Naive-last,random,test,0.00301088671668516,0.03984621198553788,0.0,5,./logs/output_model/AVGO/lr_1e-05_ema_momentum_0.998_mask_ratio_0.7_ratio_patches_10_encoder_256_2_1_predictor_128_2_1_dual_jepa_mae_ljepa_1.5_lmae_0.5_cfg_640cec9ef560_epoch_2000.pt,fixed_pretraining_epoch_2000,ema,True,0.001,0.01,1e-05,0.0005,window_return,raw,value,future target values in the configured normalized feature space,MSE and MAE over all saved rolling-step/horizon target values; project_within_trajectory_v1: sign of consecutive forecast-horizon differences equals sign of consecutive target differences; relative-return paths additionally include the known zero origin; cumulative/excess log-return targets compare the binary indicators (forecast > 0) and (target > 0) at each horizon,2025-04-01T00:00:00,2025-12-31T00:00:00,0574650739836f4c963d,8cc2dfd62ac48cad,8cc2dfd62ac48cad,20260825_101859,ec9b2701bcc2bf149eb9db36c8e6db9589eeabd3,results/top10_with_sentiment_jepa_lam_1_mae_lam_2/random/AVGO/seed_50/last_model_comparison_20260825_101859.csv,results/top10_with_sentiment_jepa_lam_1_mae_lam_2/random/AVGO/seed_50/last_baseline_scores_after_observation_20260825_101859.csv,naive_last,True,True,,config/experiments/top10_with_sentiment_jepa_lam_1_mae_lam_2.json;results/top10_with_sentiment_jepa_lam_1_mae_lam_2/random/AVGO/seed_50/preprocessing_config.json
AVGO,50,Drift,random,test,0.003206176350828088,0.040613234099490865,0.5723684210526315,5,./logs/output_model/AVGO/lr_1e-05_ema_momentum_0.998_mask_ratio_0.7_ratio_patches_10_encoder_256_2_1_predictor_128_2_1_dual_jepa_mae_ljepa_1.5_lmae_0.5_cfg_640cec9ef560_epoch_2000.pt,fixed_pretraining_epoch_2000,ema,True,0.001,0.01,1e-05,0.0005,window_return,raw,value,future target values in the configured normalized feature space,MSE and MAE over all saved rolling-step/horizon target values; project_within_trajectory_v1: sign of consecutive forecast-horizon differences equals sign of consecutive target differences; relative-return paths additionally include the known zero origin; cumulative/excess log-return targets compare the binary indicators (forecast > 0) and (target > 0) at each horizon,2025-04-01T00:00:00,2025-12-31T00:00:00,0574650739836f4c963d,8cc2dfd62ac48cad,8cc2dfd62ac48cad,20260825_101859,ec9b2701bcc2bf149eb9db36c8e6db9589eeabd3,results/top10_with_sentiment_jepa_lam_1_mae_lam_2/random/AVGO/seed_50/last_model_comparison_20260825_101859.csv,results/top10_with_sentiment_jepa_lam_1_mae_lam_2/random/AVGO/seed_50/last_baseline_scores_after_observation_20260825_101859.csv,drift,True,True,,config/experiments/top10_with_sentiment_jepa_lam_1_mae_lam_2.json;results/top10_with_sentiment_jepa_lam_1_mae_lam_2/random/AVGO/seed_50/preprocessing_config.json
AVGO,50,GRU,random,test,0.003536001098748217,0.046114807242625636,0.5592105263157895,5,./logs/output_model/AVGO/lr_1e-05_ema_momentum_0.998_mask_ratio_0.7_ratio_patches_10_encoder_256_2_1_predictor_128_2_1_dual_jepa_mae_ljepa_1.5_lmae_0.5_cfg_640cec9ef560_epoch_2000.pt,fixed_pretraining_epoch_2000,ema,True,0.001,0.01,1e-05,0.0005,window_return,raw,value,future target values in the configured normalized feature space,MSE and MAE over all saved rolling-step/horizon target values; project_within_trajectory_v1: sign of consecutive forecast-horizon differences equals sign of consecutive target differences; relative-return paths additionally include the known zero origin; cumulative/excess log-return targets compare the binary indicators (forecast > 0) and (target > 0) at each horizon,2025-04-01T00:00:00,2025-12-31T00:00:00,0574650739836f4c963d,8cc2dfd62ac48cad,8cc2dfd62ac48cad,20260825_101859,ec9b2701bcc2bf149eb9db36c8e6db9589eeabd3,results/top10_with_sentiment_jepa_lam_1_mae_lam_2/random/AVGO/seed_50/last_model_comparison_20260825_101859.csv,results/top10_with_sentiment_jepa_lam_1_mae_lam_2/random/AVGO/seed_50/last_gru_scores_after_observation_20260825_101859.csv,GRU,True,True,,config/experiments/top10_with_sentiment_jepa_lam_1_mae_lam_2.json;results/top10_with_sentiment_jepa_lam_1_mae_lam_2/random/AVGO/seed_50/preprocessing_config.json
AVGO,50,Shared-target JEPA--MAE,random,test,0.004189085159877615,0.049226170273399664,0.5592105263157895,5,./logs/output_model/AVGO/lr_1e-05_ema_momentum_0.998_mask_ratio_0.7_ratio_patches_10_encoder_256_2_1_predictor_128_2_1_dual_jepa_mae_ljepa_1.5_lmae_0.5_cfg_640cec9ef560_epoch_2000.pt,fixed_pretraining_epoch_2000,ema,True,0.001,0.01,1e-05,0.0005,window_return,raw,value,future target values in the configured normalized feature space,MSE and MAE over all saved rolling-step/horizon target values; project_within_trajectory_v1: sign of consecutive forecast-horizon differences equals sign of consecutive target differences; relative-return paths additionally include the known zero origin; cumulative/excess log-return targets compare the binary indicators (forecast > 0) and (target > 0) at each horizon,2025-04-01T00:00:00,2025-12-31T00:00:00,0574650739836f4c963d,8cc2dfd62ac48cad,8cc2dfd62ac48cad,20260825_101859,ec9b2701bcc2bf149eb9db36c8e6db9589eeabd3,results/top10_with_sentiment_jepa_lam_1_mae_lam_2/random/AVGO/seed_50/last_model_comparison_20260825_101859.csv,results/top10_with_sentiment_jepa_lam_1_mae_lam_2/random/AVGO/seed_50/last_scores_after_observation_20260825_101859.csv,TS-JEPA,True,True,,config/experiments/top10_with_sentiment_jepa_lam_1_mae_lam_2.json;results/top10_with_sentiment_jepa_lam_1_mae_lam_2/random/AVGO/seed_50/preprocessing_config.json
AVGO,50,Mean-context,random,test,0.03377415824343458,0.15762535544896597,0.0,5,./logs/output_model/AVGO/lr_1e-05_ema_momentum_0.998_mask_ratio_0.7_ratio_patches_10_encoder_256_2_1_predictor_128_2_1_dual_jepa_mae_ljepa_1.5_lmae_0.5_cfg_640cec9ef560_epoch_2000.pt,fixed_pretraining_epoch_2000,ema,True,0.001,0.01,1e-05,0.0005,window_return,raw,value,future target values in the configured normalized feature space,MSE and MAE over all saved rolling-step/horizon target values; project_within_trajectory_v1: sign of consecutive forecast-horizon differences equals sign of consecutive target differences; relative-return paths additionally include the known zero origin; cumulative/excess log-return targets compare the binary indicators (forecast > 0) and (target > 0) at each horizon,2025-04-01T00:00:00,2025-12-31T00:00:00,0574650739836f4c963d,8cc2dfd62ac48cad,8cc2dfd62ac48cad,20260825_101859,ec9b2701bcc2bf149eb9db36c8e6db9589eeabd3,results/top10_with_sentiment_jepa_lam_1_mae_lam_2/random/AVGO/seed_50/last_model_comparison_20260825_101859.csv,results/top10_with_sentiment_jepa_lam_1_mae_lam_2/random/AVGO/seed_50/last_baseline_scores_after_observation_20260825_101859.csv,mean_context,True,True,,config/experiments/top10_with_sentiment_jepa_lam_1_mae_lam_2.json;results/top10_with_sentiment_jepa_lam_1_mae_lam_2/random/AVGO/seed_50/preprocessing_config.json
COST,42,Naive-last,random,test,0.0004076389606742177,0.014902843613373599,0.006578947368421052,5,./logs/output_model/COST/lr_1e-05_ema_momentum_0.998_mask_ratio_0.7_ratio_patches_10_encoder_256_2_1_predictor_128_2_1_dual_jepa_mae_ljepa_1.5_lmae_0.5_cfg_6860ea965833_epoch_2000.pt,fixed_pretraining_epoch_2000,ema,True,0.001,0.01,1e-05,0.0005,window_return,raw,value,future target values in the configured normalized feature space,MSE and MAE over all saved rolling-step/horizon target values; project_within_trajectory_v1: sign of consecutive forecast-horizon differences equals sign of consecutive target differences; relative-return paths additionally include the known zero origin; cumulative/excess log-return targets compare the binary indicators (forecast > 0) and (target > 0) at each horizon,2025-04-01T00:00:00,2025-12-31T00:00:00,334d0ea0f0e53790e465,8cc2dfd62ac48cad,8cc2dfd62ac48cad,20260825_102318,ec9b2701bcc2bf149eb9db36c8e6db9589eeabd3,results/top10_with_sentiment_jepa_lam_1_mae_lam_2/random/COST/seed_42/last_model_comparison_20260825_102318.csv,results/top10_with_sentiment_jepa_lam_1_mae_lam_2/random/COST/seed_42/last_baseline_scores_after_observation_20260825_102318.csv,naive_last,True,True,,config/experiments/top10_with_sentiment_jepa_lam_1_mae_lam_2.json;results/top10_with_sentiment_jepa_lam_1_mae_lam_2/random/COST/seed_42/preprocessing_config.json
COST,42,Drift,random,test,0.00045113086603079433,0.015306078928130617,0.5,5,./logs/output_model/COST/lr_1e-05_ema_momentum_0.998_mask_ratio_0.7_ratio_patches_10_encoder_256_2_1_predictor_128_2_1_dual_jepa_mae_ljepa_1.5_lmae_0.5_cfg_6860ea965833_epoch_2000.pt,fixed_pretraining_epoch_2000,ema,True,0.001,0.01,1e-05,0.0005,window_return,raw,value,future target values in the configured normalized feature space,MSE and MAE over all saved rolling-step/horizon target values; project_within_trajectory_v1: sign of consecutive forecast-horizon differences equals sign of consecutive target differences; relative-return paths additionally include the known zero origin; cumulative/excess log-return targets compare the binary indicators (forecast > 0) and (target > 0) at each horizon,2025-04-01T00:00:00,2025-12-31T00:00:00,334d0ea0f0e53790e465,8cc2dfd62ac48cad,8cc2dfd62ac48cad,20260825_102318,ec9b2701bcc2bf149eb9db36c8e6db9589eeabd3,results/top10_with_sentiment_jepa_lam_1_mae_lam_2/random/COST/seed_42/last_model_comparison_20260825_102318.csv,results/top10_with_sentiment_jepa_lam_1_mae_lam_2/random/COST/seed_42/last_baseline_scores_after_observation_20260825_102318.csv,drift,True,True,,config/experiments/top10_with_sentiment_jepa_lam_1_mae_lam_2.json;results/top10_with_sentiment_jepa_lam_1_mae_lam_2/random/COST/seed_42/preprocessing_config.json
COST,42,Shared-target JEPA--MAE,random,test,0.0005269459505048866,0.018199681055940383,0.46710526315789475,5,./logs/output_model/COST/lr_1e-05_ema_momentum_0.998_mask_ratio_0.7_ratio_patches_10_encoder_256_2_1_predictor_128_2_1_dual_jepa_mae_ljepa_1.5_lmae_0.5_cfg_6860ea965833_epoch_2000.pt,fixed_pretraining_epoch_2000,ema,True,0.001,0.01,1e-05,0.0005,window_return,raw,value,future target values in the configured normalized feature space,MSE and MAE over all saved rolling-step/horizon target values; project_within_trajectory_v1: sign of consecutive forecast-horizon differences equals sign of consecutive target differences; relative-return paths additionally include the known zero origin; cumulative/excess log-return targets compare the binary indicators (forecast > 0) and (target > 0) at each horizon,2025-04-01T00:00:00,2025-12-31T00:00:00,334d0ea0f0e53790e465,8cc2dfd62ac48cad,8cc2dfd62ac48cad,20260825_102318,ec9b2701bcc2bf149eb9db36c8e6db9589eeabd3,results/top10_with_sentiment_jepa_lam_1_mae_lam_2/random/COST/seed_42/last_model_comparison_20260825_102318.csv,results/top10_with_sentiment_jepa_lam_1_mae_lam_2/random/COST/seed_42/last_scores_after_observation_20260825_102318.csv,TS-JEPA,True,True,,config/experiments/top10_with_sentiment_jepa_lam_1_mae_lam_2.json;results/top10_with_sentiment_jepa_lam_1_mae_lam_2/random/COST/seed_42/preprocessing_config.json
COST,42,GRU,random,test,0.0005618323167947308,0.01881156661792804,0.5197368421052632,5,./logs/output_model/COST/lr_1e-05_ema_momentum_0.998_mask_ratio_0.7_ratio_patches_10_encoder_256_2_1_predictor_128_2_1_dual_jepa_mae_ljepa_1.5_lmae_0.5_cfg_6860ea965833_epoch_2000.pt,fixed_pretraining_epoch_2000,ema,True,0.001,0.01,1e-05,0.0005,window_return,raw,value,future target values in the configured normalized feature space,MSE and MAE over all saved rolling-step/horizon target values; project_within_trajectory_v1: sign of consecutive forecast-horizon differences equals sign of consecutive target differences; relative-return paths additionally include the known zero origin; cumulative/excess log-return targets compare the binary indicators (forecast > 0) and (target > 0) at each horizon,2025-04-01T00:00:00,2025-12-31T00:00:00,334d0ea0f0e53790e465,8cc2dfd62ac48cad,8cc2dfd62ac48cad,20260825_102318,ec9b2701bcc2bf149eb9db36c8e6db9589eeabd3,results/top10_with_sentiment_jepa_lam_1_mae_lam_2/random/COST/seed_42/last_model_comparison_20260825_102318.csv,results/top10_with_sentiment_jepa_lam_1_mae_lam_2/random/COST/seed_42/last_gru_scores_after_observation_20260825_102318.csv,GRU,True,True,,config/experiments/top10_with_sentiment_jepa_lam_1_mae_lam_2.json;results/top10_with_sentiment_jepa_lam_1_mae_lam_2/random/COST/seed_42/preprocessing_config.json
COST,42,Mean-context,random,test,0.00121185380508482,0.028578074432995253,0.006578947368421052,5,./logs/output_model/COST/lr_1e-05_ema_momentum_0.998_mask_ratio_0.7_ratio_patches_10_encoder_256_2_1_predictor_128_2_1_dual_jepa_mae_ljepa_1.5_lmae_0.5_cfg_6860ea965833_epoch_2000.pt,fixed_pretraining_epoch_2000,ema,True,0.001,0.01,1e-05,0.0005,window_return,raw,value,future target values in the configured normalized feature space,MSE and MAE over all saved rolling-step/horizon target values; project_within_trajectory_v1: sign of consecutive forecast-horizon differences equals sign of consecutive target differences; relative-return paths additionally include the known zero origin; cumulative/excess log-return targets compare the binary indicators (forecast > 0) and (target > 0) at each horizon,2025-04-01T00:00:00,2025-12-31T00:00:00,334d0ea0f0e53790e465,8cc2dfd62ac48cad,8cc2dfd62ac48cad,20260825_102318,ec9b2701bcc2bf149eb9db36c8e6db9589eeabd3,results/top10_with_sentiment_jepa_lam_1_mae_lam_2/random/COST/seed_42/last_model_comparison_20260825_102318.csv,results/top10_with_sentiment_jepa_lam_1_mae_lam_2/random/COST/seed_42/last_baseline_scores_after_observation_20260825_102318.csv,mean_context,True,True,,config/experiments/top10_with_sentiment_jepa_lam_1_mae_lam_2.json;results/top10_with_sentiment_jepa_lam_1_mae_lam_2/random/COST/seed_42/preprocessing_config.json
COST,46,Naive-last,random,test,0.0004076389606742177,0.014902843613373599,0.006578947368421052,5,./logs/output_model/COST/lr_1e-05_ema_momentum_0.998_mask_ratio_0.7_ratio_patches_10_encoder_256_2_1_predictor_128_2_1_dual_jepa_mae_ljepa_1.5_lmae_0.5_cfg_1fcd178768a8_epoch_2000.pt,fixed_pretraining_epoch_2000,ema,True,0.001,0.01,1e-05,0.0005,window_return,raw,value,future target values in the configured normalized feature space,MSE and MAE over all saved rolling-step/horizon target values; project_within_trajectory_v1: sign of consecutive forecast-horizon differences equals sign of consecutive target differences; relative-return paths additionally include the known zero origin; cumulative/excess log-return targets compare the binary indicators (forecast > 0) and (target > 0) at each horizon,2025-04-01T00:00:00,2025-12-31T00:00:00,334d0ea0f0e53790e465,8cc2dfd62ac48cad,8cc2dfd62ac48cad,20260825_102738,ec9b2701bcc2bf149eb9db36c8e6db9589eeabd3,results/top10_with_sentiment_jepa_lam_1_mae_lam_2/random/COST/seed_46/last_model_comparison_20260825_102738.csv,results/top10_with_sentiment_jepa_lam_1_mae_lam_2/random/COST/seed_46/last_baseline_scores_after_observation_20260825_102738.csv,naive_last,True,True,,config/experiments/top10_with_sentiment_jepa_lam_1_mae_lam_2.json;results/top10_with_sentiment_jepa_lam_1_mae_lam_2/random/COST/seed_46/preprocessing_config.json
COST,46,Drift,random,test,0.00045113086603079433,0.015306078928130617,0.5,5,./logs/output_model/COST/lr_1e-05_ema_momentum_0.998_mask_ratio_0.7_ratio_patches_10_encoder_256_2_1_predictor_128_2_1_dual_jepa_mae_ljepa_1.5_lmae_0.5_cfg_1fcd178768a8_epoch_2000.pt,fixed_pretraining_epoch_2000,ema,True,0.001,0.01,1e-05,0.0005,window_return,raw,value,future target values in the configured normalized feature space,MSE and MAE over all saved rolling-step/horizon target values; project_within_trajectory_v1: sign of consecutive forecast-horizon differences equals sign of consecutive target differences; relative-return paths additionally include the known zero origin; cumulative/excess log-return targets compare the binary indicators (forecast > 0) and (target > 0) at each horizon,2025-04-01T00:00:00,2025-12-31T00:00:00,334d0ea0f0e53790e465,8cc2dfd62ac48cad,8cc2dfd62ac48cad,20260825_102738,ec9b2701bcc2bf149eb9db36c8e6db9589eeabd3,results/top10_with_sentiment_jepa_lam_1_mae_lam_2/random/COST/seed_46/last_model_comparison_20260825_102738.csv,results/top10_with_sentiment_jepa_lam_1_mae_lam_2/random/COST/seed_46/last_baseline_scores_after_observation_20260825_102738.csv,drift,True,True,,config/experiments/top10_with_sentiment_jepa_lam_1_mae_lam_2.json;results/top10_with_sentiment_jepa_lam_1_mae_lam_2/random/COST/seed_46/preprocessing_config.json
COST,46,Shared-target JEPA--MAE,random,test,0.00047858224420154106,0.016804779548271497,0.5131578947368421,5,./logs/output_model/COST/lr_1e-05_ema_momentum_0.998_mask_ratio_0.7_ratio_patches_10_encoder_256_2_1_predictor_128_2_1_dual_jepa_mae_ljepa_1.5_lmae_0.5_cfg_1fcd178768a8_epoch_2000.pt,fixed_pretraining_epoch_2000,ema,True,0.001,0.01,1e-05,0.0005,window_return,raw,value,future target values in the configured normalized feature space,MSE and MAE over all saved rolling-step/horizon target values; project_within_trajectory_v1: sign of consecutive forecast-horizon differences equals sign of consecutive target differences; relative-return paths additionally include the known zero origin; cumulative/excess log-return targets compare the binary indicators (forecast > 0) and (target > 0) at each horizon,2025-04-01T00:00:00,2025-12-31T00:00:00,334d0ea0f0e53790e465,8cc2dfd62ac48cad,8cc2dfd62ac48cad,20260825_102738,ec9b2701bcc2bf149eb9db36c8e6db9589eeabd3,results/top10_with_sentiment_jepa_lam_1_mae_lam_2/random/COST/seed_46/last_model_comparison_20260825_102738.csv,results/top10_with_sentiment_jepa_lam_1_mae_lam_2/random/COST/seed_46/last_scores_after_observation_20260825_102738.csv,TS-JEPA,True,True,,config/experiments/top10_with_sentiment_jepa_lam_1_mae_lam_2.json;results/top10_with_sentiment_jepa_lam_1_mae_lam_2/random/COST/seed_46/preprocessing_config.json
COST,46,GRU,random,test,0.000531287645837491,0.018550356046149595,0.5131578947368421,5,./logs/output_model/COST/lr_1e-05_ema_momentum_0.998_mask_ratio_0.7_ratio_patches_10_encoder_256_2_1_predictor_128_2_1_dual_jepa_mae_ljepa_1.5_lmae_0.5_cfg_1fcd178768a8_epoch_2000.pt,fixed_pretraining_epoch_2000,ema,True,0.001,0.01,1e-05,0.0005,window_return,raw,value,future target values in the configured normalized feature space,MSE and MAE over all saved rolling-step/horizon target values; project_within_trajectory_v1: sign of consecutive forecast-horizon differences equals sign of consecutive target differences; relative-return paths additionally include the known zero origin; cumulative/excess log-return targets compare the binary indicators (forecast > 0) and (target > 0) at each horizon,2025-04-01T00:00:00,2025-12-31T00:00:00,334d0ea0f0e53790e465,8cc2dfd62ac48cad,8cc2dfd62ac48cad,20260825_102738,ec9b2701bcc2bf149eb9db36c8e6db9589eeabd3,results/top10_with_sentiment_jepa_lam_1_mae_lam_2/random/COST/seed_46/last_model_comparison_20260825_102738.csv,results/top10_with_sentiment_jepa_lam_1_mae_lam_2/random/COST/seed_46/last_gru_scores_after_observation_20260825_102738.csv,GRU,True,True,,config/experiments/top10_with_sentiment_jepa_lam_1_mae_lam_2.json;results/top10_with_sentiment_jepa_lam_1_mae_lam_2/random/COST/seed_46/preprocessing_config.json
COST,46,Mean-context,random,test,0.00121185380508482,0.028578074432995253,0.006578947368421052,5,./logs/output_model/COST/lr_1e-05_ema_momentum_0.998_mask_ratio_0.7_ratio_patches_10_encoder_256_2_1_predictor_128_2_1_dual_jepa_mae_ljepa_1.5_lmae_0.5_cfg_1fcd178768a8_epoch_2000.pt,fixed_pretraining_epoch_2000,ema,True,0.001,0.01,1e-05,0.0005,window_return,raw,value,future target values in the configured normalized feature space,MSE and MAE over all saved rolling-step/horizon target values; project_within_trajectory_v1: sign of consecutive forecast-horizon differences equals sign of consecutive target differences; relative-return paths additionally include the known zero origin; cumulative/excess log-return targets compare the binary indicators (forecast > 0) and (target > 0) at each horizon,2025-04-01T00:00:00,2025-12-31T00:00:00,334d0ea0f0e53790e465,8cc2dfd62ac48cad,8cc2dfd62ac48cad,20260825_102738,ec9b2701bcc2bf149eb9db36c8e6db9589eeabd3,results/top10_with_sentiment_jepa_lam_1_mae_lam_2/random/COST/seed_46/last_model_comparison_20260825_102738.csv,results/top10_with_sentiment_jepa_lam_1_mae_lam_2/random/COST/seed_46/last_baseline_scores_after_observation_20260825_102738.csv,mean_context,True,True,,config/experiments/top10_with_sentiment_jepa_lam_1_mae_lam_2.json;results/top10_with_sentiment_jepa_lam_1_mae_lam_2/random/COST/seed_46/preprocessing_config.json
COST,50,Naive-last,random,test,0.0004076389606742177,0.014902843613373599,0.006578947368421052,5,./logs/output_model/COST/lr_1e-05_ema_momentum_0.998_mask_ratio_0.7_ratio_patches_10_encoder_256_2_1_predictor_128_2_1_dual_jepa_mae_ljepa_1.5_lmae_0.5_cfg_14aabd8474de_epoch_2000.pt,fixed_pretraining_epoch_2000,ema,True,0.001,0.01,1e-05,0.0005,window_return,raw,value,future target values in the configured normalized feature space,MSE and MAE over all saved rolling-step/horizon target values; project_within_trajectory_v1: sign of consecutive forecast-horizon differences equals sign of consecutive target differences; relative-return paths additionally include the known zero origin; cumulative/excess log-return targets compare the binary indicators (forecast > 0) and (target > 0) at each horizon,2025-04-01T00:00:00,2025-12-31T00:00:00,334d0ea0f0e53790e465,8cc2dfd62ac48cad,8cc2dfd62ac48cad,20260825_103158,ec9b2701bcc2bf149eb9db36c8e6db9589eeabd3,results/top10_with_sentiment_jepa_lam_1_mae_lam_2/random/COST/seed_50/last_model_comparison_20260825_103158.csv,results/top10_with_sentiment_jepa_lam_1_mae_lam_2/random/COST/seed_50/last_baseline_scores_after_observation_20260825_103158.csv,naive_last,True,True,,config/experiments/top10_with_sentiment_jepa_lam_1_mae_lam_2.json;results/top10_with_sentiment_jepa_lam_1_mae_lam_2/random/COST/seed_50/preprocessing_config.json
COST,50,Drift,random,test,0.00045113086603079433,0.015306078928130617,0.5,5,./logs/output_model/COST/lr_1e-05_ema_momentum_0.998_mask_ratio_0.7_ratio_patches_10_encoder_256_2_1_predictor_128_2_1_dual_jepa_mae_ljepa_1.5_lmae_0.5_cfg_14aabd8474de_epoch_2000.pt,fixed_pretraining_epoch_2000,ema,True,0.001,0.01,1e-05,0.0005,window_return,raw,value,future target values in the configured normalized feature space,MSE and MAE over all saved rolling-step/horizon target values; project_within_trajectory_v1: sign of consecutive forecast-horizon differences equals sign of consecutive target differences; relative-return paths additionally include the known zero origin; cumulative/excess log-return targets compare the binary indicators (forecast > 0) and (target > 0) at each horizon,2025-04-01T00:00:00,2025-12-31T00:00:00,334d0ea0f0e53790e465,8cc2dfd62ac48cad,8cc2dfd62ac48cad,20260825_103158,ec9b2701bcc2bf149eb9db36c8e6db9589eeabd3,results/top10_with_sentiment_jepa_lam_1_mae_lam_2/random/COST/seed_50/last_model_comparison_20260825_103158.csv,results/top10_with_sentiment_jepa_lam_1_mae_lam_2/random/COST/seed_50/last_baseline_scores_after_observation_20260825_103158.csv,drift,True,True,,config/experiments/top10_with_sentiment_jepa_lam_1_mae_lam_2.json;results/top10_with_sentiment_jepa_lam_1_mae_lam_2/random/COST/seed_50/preprocessing_config.json
COST,50,GRU,random,test,0.000512010562233531,0.018114303072032163,0.48026315789473684,5,./logs/output_model/COST/lr_1e-05_ema_momentum_0.998_mask_ratio_0.7_ratio_patches_10_encoder_256_2_1_predictor_128_2_1_dual_jepa_mae_ljepa_1.5_lmae_0.5_cfg_14aabd8474de_epoch_2000.pt,fixed_pretraining_epoch_2000,ema,True,0.001,0.01,1e-05,0.0005,window_return,raw,value,future target values in the configured normalized feature space,MSE and MAE over all saved rolling-step/horizon target values; project_within_trajectory_v1: sign of consecutive forecast-horizon differences equals sign of consecutive target differences; relative-return paths additionally include the known zero origin; cumulative/excess log-return targets compare the binary indicators (forecast > 0) and (target > 0) at each horizon,2025-04-01T00:00:00,2025-12-31T00:00:00,334d0ea0f0e53790e465,8cc2dfd62ac48cad,8cc2dfd62ac48cad,20260825_103158,ec9b2701bcc2bf149eb9db36c8e6db9589eeabd3,results/top10_with_sentiment_jepa_lam_1_mae_lam_2/random/COST/seed_50/last_model_comparison_20260825_103158.csv,results/top10_with_sentiment_jepa_lam_1_mae_lam_2/random/COST/seed_50/last_gru_scores_after_observation_20260825_103158.csv,GRU,True,True,,config/experiments/top10_with_sentiment_jepa_lam_1_mae_lam_2.json;results/top10_with_sentiment_jepa_lam_1_mae_lam_2/random/COST/seed_50/preprocessing_config.json
COST,50,Shared-target JEPA--MAE,random,test,0.0006060234286186377,0.01873366080077462,0.4868421052631579,5,./logs/output_model/COST/lr_1e-05_ema_momentum_0.998_mask_ratio_0.7_ratio_patches_10_encoder_256_2_1_predictor_128_2_1_dual_jepa_mae_ljepa_1.5_lmae_0.5_cfg_14aabd8474de_epoch_2000.pt,fixed_pretraining_epoch_2000,ema,True,0.001,0.01,1e-05,0.0005,window_return,raw,value,future target values in the configured normalized feature space,MSE and MAE over all saved rolling-step/horizon target values; project_within_trajectory_v1: sign of consecutive forecast-horizon differences equals sign of consecutive target differences; relative-return paths additionally include the known zero origin; cumulative/excess log-return targets compare the binary indicators (forecast > 0) and (target > 0) at each horizon,2025-04-01T00:00:00,2025-12-31T00:00:00,334d0ea0f0e53790e465,8cc2dfd62ac48cad,8cc2dfd62ac48cad,20260825_103158,ec9b2701bcc2bf149eb9db36c8e6db9589eeabd3,results/top10_with_sentiment_jepa_lam_1_mae_lam_2/random/COST/seed_50/last_model_comparison_20260825_103158.csv,results/top10_with_sentiment_jepa_lam_1_mae_lam_2/random/COST/seed_50/last_scores_after_observation_20260825_103158.csv,TS-JEPA,True,True,,config/experiments/top10_with_sentiment_jepa_lam_1_mae_lam_2.json;results/top10_with_sentiment_jepa_lam_1_mae_lam_2/random/COST/seed_50/preprocessing_config.json
COST,50,Mean-context,random,test,0.00121185380508482,0.028578074432995253,0.006578947368421052,5,./logs/output_model/COST/lr_1e-05_ema_momentum_0.998_mask_ratio_0.7_ratio_patches_10_encoder_256_2_1_predictor_128_2_1_dual_jepa_mae_ljepa_1.5_lmae_0.5_cfg_14aabd8474de_epoch_2000.pt,fixed_pretraining_epoch_2000,ema,True,0.001,0.01,1e-05,0.0005,window_return,raw,value,future target values in the configured normalized feature space,MSE and MAE over all saved rolling-step/horizon target values; project_within_trajectory_v1: sign of consecutive forecast-horizon differences equals sign of consecutive target differences; relative-return paths additionally include the known zero origin; cumulative/excess log-return targets compare the binary indicators (forecast > 0) and (target > 0) at each horizon,2025-04-01T00:00:00,2025-12-31T00:00:00,334d0ea0f0e53790e465,8cc2dfd62ac48cad,8cc2dfd62ac48cad,20260825_103158,ec9b2701bcc2bf149eb9db36c8e6db9589eeabd3,results/top10_with_sentiment_jepa_lam_1_mae_lam_2/random/COST/seed_50/last_model_comparison_20260825_103158.csv,results/top10_with_sentiment_jepa_lam_1_mae_lam_2/random/COST/seed_50/last_baseline_scores_after_observation_20260825_103158.csv,mean_context,True,True,,config/experiments/top10_with_sentiment_jepa_lam_1_mae_lam_2.json;results/top10_with_sentiment_jepa_lam_1_mae_lam_2/random/COST/seed_50/preprocessing_config.json
NVDA,42,Naive-last,random,test,0.0019788274472474546,0.03576570404203314,0.0,5,./logs/output_model/NVDA/lr_1e-05_ema_momentum_0.998_mask_ratio_0.7_ratio_patches_10_encoder_256_2_1_predictor_128_2_1_dual_jepa_mae_ljepa_1.5_lmae_0.5_cfg_19fbb3a9bdcf_epoch_2000.pt,fixed_pretraining_epoch_2000,ema,True,0.001,0.01,1e-05,0.0005,window_return,raw,value,future target values in the configured normalized feature space,MSE and MAE over all saved rolling-step/horizon target values; project_within_trajectory_v1: sign of consecutive forecast-horizon differences equals sign of consecutive target differences; relative-return paths additionally include the known zero origin; cumulative/excess log-return targets compare the binary indicators (forecast > 0) and (target > 0) at each horizon,2025-04-01T00:00:00,2025-12-31T00:00:00,09153d935a7c9a4488bb,8cc2dfd62ac48cad,8cc2dfd62ac48cad,20260825_095719,ec9b2701bcc2bf149eb9db36c8e6db9589eeabd3,results/top10_with_sentiment_jepa_lam_1_mae_lam_2/random/NVDA/seed_42/last_model_comparison_20260825_095719.csv,results/top10_with_sentiment_jepa_lam_1_mae_lam_2/random/NVDA/seed_42/last_baseline_scores_after_observation_20260825_095719.csv,naive_last,True,True,,config/experiments/top10_with_sentiment_jepa_lam_1_mae_lam_2.json;results/top10_with_sentiment_jepa_lam_1_mae_lam_2/random/NVDA/seed_42/preprocessing_config.json
NVDA,42,Drift,random,test,0.002022954448626363,0.03561491650333139,0.5460526315789473,5,./logs/output_model/NVDA/lr_1e-05_ema_momentum_0.998_mask_ratio_0.7_ratio_patches_10_encoder_256_2_1_predictor_128_2_1_dual_jepa_mae_ljepa_1.5_lmae_0.5_cfg_19fbb3a9bdcf_epoch_2000.pt,fixed_pretraining_epoch_2000,ema,True,0.001,0.01,1e-05,0.0005,window_return,raw,value,future target values in the configured normalized feature space,MSE and MAE over all saved rolling-step/horizon target values; project_within_trajectory_v1: sign of consecutive forecast-horizon differences equals sign of consecutive target differences; relative-return paths additionally include the known zero origin; cumulative/excess log-return targets compare the binary indicators (forecast > 0) and (target > 0) at each horizon,2025-04-01T00:00:00,2025-12-31T00:00:00,09153d935a7c9a4488bb,8cc2dfd62ac48cad,8cc2dfd62ac48cad,20260825_095719,ec9b2701bcc2bf149eb9db36c8e6db9589eeabd3,results/top10_with_sentiment_jepa_lam_1_mae_lam_2/random/NVDA/seed_42/last_model_comparison_20260825_095719.csv,results/top10_with_sentiment_jepa_lam_1_mae_lam_2/random/NVDA/seed_42/last_baseline_scores_after_observation_20260825_095719.csv,drift,True,True,,config/experiments/top10_with_sentiment_jepa_lam_1_mae_lam_2.json;results/top10_with_sentiment_jepa_lam_1_mae_lam_2/random/NVDA/seed_42/preprocessing_config.json
NVDA,42,GRU,random,test,0.0025212184376895287,0.04122957565674657,0.4934210526315789,5,./logs/output_model/NVDA/lr_1e-05_ema_momentum_0.998_mask_ratio_0.7_ratio_patches_10_encoder_256_2_1_predictor_128_2_1_dual_jepa_mae_ljepa_1.5_lmae_0.5_cfg_19fbb3a9bdcf_epoch_2000.pt,fixed_pretraining_epoch_2000,ema,True,0.001,0.01,1e-05,0.0005,window_return,raw,value,future target values in the configured normalized feature space,MSE and MAE over all saved rolling-step/horizon target values; project_within_trajectory_v1: sign of consecutive forecast-horizon differences equals sign of consecutive target differences; relative-return paths additionally include the known zero origin; cumulative/excess log-return targets compare the binary indicators (forecast > 0) and (target > 0) at each horizon,2025-04-01T00:00:00,2025-12-31T00:00:00,09153d935a7c9a4488bb,8cc2dfd62ac48cad,8cc2dfd62ac48cad,20260825_095719,ec9b2701bcc2bf149eb9db36c8e6db9589eeabd3,results/top10_with_sentiment_jepa_lam_1_mae_lam_2/random/NVDA/seed_42/last_model_comparison_20260825_095719.csv,results/top10_with_sentiment_jepa_lam_1_mae_lam_2/random/NVDA/seed_42/last_gru_scores_after_observation_20260825_095719.csv,GRU,True,True,,config/experiments/top10_with_sentiment_jepa_lam_1_mae_lam_2.json;results/top10_with_sentiment_jepa_lam_1_mae_lam_2/random/NVDA/seed_42/preprocessing_config.json
NVDA,42,Shared-target JEPA--MAE,random,test,0.0031662692096204007,0.045308710698430475,0.5460526315789473,5,./logs/output_model/NVDA/lr_1e-05_ema_momentum_0.998_mask_ratio_0.7_ratio_patches_10_encoder_256_2_1_predictor_128_2_1_dual_jepa_mae_ljepa_1.5_lmae_0.5_cfg_19fbb3a9bdcf_epoch_2000.pt,fixed_pretraining_epoch_2000,ema,True,0.001,0.01,1e-05,0.0005,window_return,raw,value,future target values in the configured normalized feature space,MSE and MAE over all saved rolling-step/horizon target values; project_within_trajectory_v1: sign of consecutive forecast-horizon differences equals sign of consecutive target differences; relative-return paths additionally include the known zero origin; cumulative/excess log-return targets compare the binary indicators (forecast > 0) and (target > 0) at each horizon,2025-04-01T00:00:00,2025-12-31T00:00:00,09153d935a7c9a4488bb,8cc2dfd62ac48cad,8cc2dfd62ac48cad,20260825_095719,ec9b2701bcc2bf149eb9db36c8e6db9589eeabd3,results/top10_with_sentiment_jepa_lam_1_mae_lam_2/random/NVDA/seed_42/last_model_comparison_20260825_095719.csv,results/top10_with_sentiment_jepa_lam_1_mae_lam_2/random/NVDA/seed_42/last_scores_after_observation_20260825_095719.csv,TS-JEPA,True,True,,config/experiments/top10_with_sentiment_jepa_lam_1_mae_lam_2.json;results/top10_with_sentiment_jepa_lam_1_mae_lam_2/random/NVDA/seed_42/preprocessing_config.json
NVDA,42,Mean-context,random,test,0.0263182630197257,0.12523933760071246,0.0,5,./logs/output_model/NVDA/lr_1e-05_ema_momentum_0.998_mask_ratio_0.7_ratio_patches_10_encoder_256_2_1_predictor_128_2_1_dual_jepa_mae_ljepa_1.5_lmae_0.5_cfg_19fbb3a9bdcf_epoch_2000.pt,fixed_pretraining_epoch_2000,ema,True,0.001,0.01,1e-05,0.0005,window_return,raw,value,future target values in the configured normalized feature space,MSE and MAE over all saved rolling-step/horizon target values; project_within_trajectory_v1: sign of consecutive forecast-horizon differences equals sign of consecutive target differences; relative-return paths additionally include the known zero origin; cumulative/excess log-return targets compare the binary indicators (forecast > 0) and (target > 0) at each horizon,2025-04-01T00:00:00,2025-12-31T00:00:00,09153d935a7c9a4488bb,8cc2dfd62ac48cad,8cc2dfd62ac48cad,20260825_095719,ec9b2701bcc2bf149eb9db36c8e6db9589eeabd3,results/top10_with_sentiment_jepa_lam_1_mae_lam_2/random/NVDA/seed_42/last_model_comparison_20260825_095719.csv,results/top10_with_sentiment_jepa_lam_1_mae_lam_2/random/NVDA/seed_42/last_baseline_scores_after_observation_20260825_095719.csv,mean_context,True,True,,config/experiments/top10_with_sentiment_jepa_lam_1_mae_lam_2.json;results/top10_with_sentiment_jepa_lam_1_mae_lam_2/random/NVDA/seed_42/preprocessing_config.json
NVDA,46,Naive-last,random,test,0.0019788274472474546,0.03576570404203314,0.0,5,./logs/output_model/NVDA/lr_1e-05_ema_momentum_0.998_mask_ratio_0.7_ratio_patches_10_encoder_256_2_1_predictor_128_2_1_dual_jepa_mae_ljepa_1.5_lmae_0.5_cfg_93dd160b4ddb_epoch_2000.pt,fixed_pretraining_epoch_2000,ema,True,0.001,0.01,1e-05,0.0005,window_return,raw,value,future target values in the configured normalized feature space,MSE and MAE over all saved rolling-step/horizon target values; project_within_trajectory_v1: sign of consecutive forecast-horizon differences equals sign of consecutive target differences; relative-return paths additionally include the known zero origin; cumulative/excess log-return targets compare the binary indicators (forecast > 0) and (target > 0) at each horizon,2025-04-01T00:00:00,2025-12-31T00:00:00,09153d935a7c9a4488bb,8cc2dfd62ac48cad,8cc2dfd62ac48cad,20260825_100140,ec9b2701bcc2bf149eb9db36c8e6db9589eeabd3,results/top10_with_sentiment_jepa_lam_1_mae_lam_2/random/NVDA/seed_46/last_model_comparison_20260825_100140.csv,results/top10_with_sentiment_jepa_lam_1_mae_lam_2/random/NVDA/seed_46/last_baseline_scores_after_observation_20260825_100140.csv,naive_last,True,True,,config/experiments/top10_with_sentiment_jepa_lam_1_mae_lam_2.json;results/top10_with_sentiment_jepa_lam_1_mae_lam_2/random/NVDA/seed_46/preprocessing_config.json
NVDA,46,Drift,random,test,0.002022954448626363,0.03561491650333139,0.5460526315789473,5,./logs/output_model/NVDA/lr_1e-05_ema_momentum_0.998_mask_ratio_0.7_ratio_patches_10_encoder_256_2_1_predictor_128_2_1_dual_jepa_mae_ljepa_1.5_lmae_0.5_cfg_93dd160b4ddb_epoch_2000.pt,fixed_pretraining_epoch_2000,ema,True,0.001,0.01,1e-05,0.0005,window_return,raw,value,future target values in the configured normalized feature space,MSE and MAE over all saved rolling-step/horizon target values; project_within_trajectory_v1: sign of consecutive forecast-horizon differences equals sign of consecutive target differences; relative-return paths additionally include the known zero origin; cumulative/excess log-return targets compare the binary indicators (forecast > 0) and (target > 0) at each horizon,2025-04-01T00:00:00,2025-12-31T00:00:00,09153d935a7c9a4488bb,8cc2dfd62ac48cad,8cc2dfd62ac48cad,20260825_100140,ec9b2701bcc2bf149eb9db36c8e6db9589eeabd3,results/top10_with_sentiment_jepa_lam_1_mae_lam_2/random/NVDA/seed_46/last_model_comparison_20260825_100140.csv,results/top10_with_sentiment_jepa_lam_1_mae_lam_2/random/NVDA/seed_46/last_baseline_scores_after_observation_20260825_100140.csv,drift,True,True,,config/experiments/top10_with_sentiment_jepa_lam_1_mae_lam_2.json;results/top10_with_sentiment_jepa_lam_1_mae_lam_2/random/NVDA/seed_46/preprocessing_config.json
NVDA,46,Shared-target JEPA--MAE,random,test,0.0026525637582008477,0.03992008389414926,0.45394736842105265,5,./logs/output_model/NVDA/lr_1e-05_ema_momentum_0.998_mask_ratio_0.7_ratio_patches_10_encoder_256_2_1_predictor_128_2_1_dual_jepa_mae_ljepa_1.5_lmae_0.5_cfg_93dd160b4ddb_epoch_2000.pt,fixed_pretraining_epoch_2000,ema,True,0.001,0.01,1e-05,0.0005,window_return,raw,value,future target values in the configured normalized feature space,MSE and MAE over all saved rolling-step/horizon target values; project_within_trajectory_v1: sign of consecutive forecast-horizon differences equals sign of consecutive target differences; relative-return paths additionally include the known zero origin; cumulative/excess log-return targets compare the binary indicators (forecast > 0) and (target > 0) at each horizon,2025-04-01T00:00:00,2025-12-31T00:00:00,09153d935a7c9a4488bb,8cc2dfd62ac48cad,8cc2dfd62ac48cad,20260825_100140,ec9b2701bcc2bf149eb9db36c8e6db9589eeabd3,results/top10_with_sentiment_jepa_lam_1_mae_lam_2/random/NVDA/seed_46/last_model_comparison_20260825_100140.csv,results/top10_with_sentiment_jepa_lam_1_mae_lam_2/random/NVDA/seed_46/last_scores_after_observation_20260825_100140.csv,TS-JEPA,True,True,,config/experiments/top10_with_sentiment_jepa_lam_1_mae_lam_2.json;results/top10_with_sentiment_jepa_lam_1_mae_lam_2/random/NVDA/seed_46/preprocessing_config.json
NVDA,46,GRU,random,test,0.004989928674228829,0.05382131433702613,0.5,5,./logs/output_model/NVDA/lr_1e-05_ema_momentum_0.998_mask_ratio_0.7_ratio_patches_10_encoder_256_2_1_predictor_128_2_1_dual_jepa_mae_ljepa_1.5_lmae_0.5_cfg_93dd160b4ddb_epoch_2000.pt,fixed_pretraining_epoch_2000,ema,True,0.001,0.01,1e-05,0.0005,window_return,raw,value,future target values in the configured normalized feature space,MSE and MAE over all saved rolling-step/horizon target values; project_within_trajectory_v1: sign of consecutive forecast-horizon differences equals sign of consecutive target differences; relative-return paths additionally include the known zero origin; cumulative/excess log-return targets compare the binary indicators (forecast > 0) and (target > 0) at each horizon,2025-04-01T00:00:00,2025-12-31T00:00:00,09153d935a7c9a4488bb,8cc2dfd62ac48cad,8cc2dfd62ac48cad,20260825_100140,ec9b2701bcc2bf149eb9db36c8e6db9589eeabd3,results/top10_with_sentiment_jepa_lam_1_mae_lam_2/random/NVDA/seed_46/last_model_comparison_20260825_100140.csv,results/top10_with_sentiment_jepa_lam_1_mae_lam_2/random/NVDA/seed_46/last_gru_scores_after_observation_20260825_100140.csv,GRU,True,True,,config/experiments/top10_with_sentiment_jepa_lam_1_mae_lam_2.json;results/top10_with_sentiment_jepa_lam_1_mae_lam_2/random/NVDA/seed_46/preprocessing_config.json
NVDA,46,Mean-context,random,test,0.0263182630197257,0.12523933760071246,0.0,5,./logs/output_model/NVDA/lr_1e-05_ema_momentum_0.998_mask_ratio_0.7_ratio_patches_10_encoder_256_2_1_predictor_128_2_1_dual_jepa_mae_ljepa_1.5_lmae_0.5_cfg_93dd160b4ddb_epoch_2000.pt,fixed_pretraining_epoch_2000,ema,True,0.001,0.01,1e-05,0.0005,window_return,raw,value,future target values in the configured normalized feature space,MSE and MAE over all saved rolling-step/horizon target values; project_within_trajectory_v1: sign of consecutive forecast-horizon differences equals sign of consecutive target differences; relative-return paths additionally include the known zero origin; cumulative/excess log-return targets compare the binary indicators (forecast > 0) and (target > 0) at each horizon,2025-04-01T00:00:00,2025-12-31T00:00:00,09153d935a7c9a4488bb,8cc2dfd62ac48cad,8cc2dfd62ac48cad,20260825_100140,ec9b2701bcc2bf149eb9db36c8e6db9589eeabd3,results/top10_with_sentiment_jepa_lam_1_mae_lam_2/random/NVDA/seed_46/last_model_comparison_20260825_100140.csv,results/top10_with_sentiment_jepa_lam_1_mae_lam_2/random/NVDA/seed_46/last_baseline_scores_after_observation_20260825_100140.csv,mean_context,True,True,,config/experiments/top10_with_sentiment_jepa_lam_1_mae_lam_2.json;results/top10_with_sentiment_jepa_lam_1_mae_lam_2/random/NVDA/seed_46/preprocessing_config.json
NVDA,50,Naive-last,random,test,0.0019788274472474546,0.03576570404203314,0.0,5,./logs/output_model/NVDA/lr_1e-05_ema_momentum_0.998_mask_ratio_0.7_ratio_patches_10_encoder_256_2_1_predictor_128_2_1_dual_jepa_mae_ljepa_1.5_lmae_0.5_cfg_7d90e4f666b6_epoch_2000.pt,fixed_pretraining_epoch_2000,ema,True,0.001,0.01,1e-05,0.0005,window_return,raw,value,future target values in the configured normalized feature space,MSE and MAE over all saved rolling-step/horizon target values; project_within_trajectory_v1: sign of consecutive forecast-horizon differences equals sign of consecutive target differences; relative-return paths additionally include the known zero origin; cumulative/excess log-return targets compare the binary indicators (forecast > 0) and (target > 0) at each horizon,2025-04-01T00:00:00,2025-12-31T00:00:00,09153d935a7c9a4488bb,8cc2dfd62ac48cad,8cc2dfd62ac48cad,20260825_100557,ec9b2701bcc2bf149eb9db36c8e6db9589eeabd3,results/top10_with_sentiment_jepa_lam_1_mae_lam_2/random/NVDA/seed_50/last_model_comparison_20260825_100557.csv,results/top10_with_sentiment_jepa_lam_1_mae_lam_2/random/NVDA/seed_50/last_baseline_scores_after_observation_20260825_100557.csv,naive_last,True,True,,config/experiments/top10_with_sentiment_jepa_lam_1_mae_lam_2.json;results/top10_with_sentiment_jepa_lam_1_mae_lam_2/random/NVDA/seed_50/preprocessing_config.json
NVDA,50,Drift,random,test,0.002022954448626363,0.03561491650333139,0.5460526315789473,5,./logs/output_model/NVDA/lr_1e-05_ema_momentum_0.998_mask_ratio_0.7_ratio_patches_10_encoder_256_2_1_predictor_128_2_1_dual_jepa_mae_ljepa_1.5_lmae_0.5_cfg_7d90e4f666b6_epoch_2000.pt,fixed_pretraining_epoch_2000,ema,True,0.001,0.01,1e-05,0.0005,window_return,raw,value,future target values in the configured normalized feature space,MSE and MAE over all saved rolling-step/horizon target values; project_within_trajectory_v1: sign of consecutive forecast-horizon differences equals sign of consecutive target differences; relative-return paths additionally include the known zero origin; cumulative/excess log-return targets compare the binary indicators (forecast > 0) and (target > 0) at each horizon,2025-04-01T00:00:00,2025-12-31T00:00:00,09153d935a7c9a4488bb,8cc2dfd62ac48cad,8cc2dfd62ac48cad,20260825_100557,ec9b2701bcc2bf149eb9db36c8e6db9589eeabd3,results/top10_with_sentiment_jepa_lam_1_mae_lam_2/random/NVDA/seed_50/last_model_comparison_20260825_100557.csv,results/top10_with_sentiment_jepa_lam_1_mae_lam_2/random/NVDA/seed_50/last_baseline_scores_after_observation_20260825_100557.csv,drift,True,True,,config/experiments/top10_with_sentiment_jepa_lam_1_mae_lam_2.json;results/top10_with_sentiment_jepa_lam_1_mae_lam_2/random/NVDA/seed_50/preprocessing_config.json
NVDA,50,Shared-target JEPA--MAE,random,test,0.002635850344861156,0.04168469064231766,0.5131578947368421,5,./logs/output_model/NVDA/lr_1e-05_ema_momentum_0.998_mask_ratio_0.7_ratio_patches_10_encoder_256_2_1_predictor_128_2_1_dual_jepa_mae_ljepa_1.5_lmae_0.5_cfg_7d90e4f666b6_epoch_2000.pt,fixed_pretraining_epoch_2000,ema,True,0.001,0.01,1e-05,0.0005,window_return,raw,value,future target values in the configured normalized feature space,MSE and MAE over all saved rolling-step/horizon target values; project_within_trajectory_v1: sign of consecutive forecast-horizon differences equals sign of consecutive target differences; relative-return paths additionally include the known zero origin; cumulative/excess log-return targets compare the binary indicators (forecast > 0) and (target > 0) at each horizon,2025-04-01T00:00:00,2025-12-31T00:00:00,09153d935a7c9a4488bb,8cc2dfd62ac48cad,8cc2dfd62ac48cad,20260825_100557,ec9b2701bcc2bf149eb9db36c8e6db9589eeabd3,results/top10_with_sentiment_jepa_lam_1_mae_lam_2/random/NVDA/seed_50/last_model_comparison_20260825_100557.csv,results/top10_with_sentiment_jepa_lam_1_mae_lam_2/random/NVDA/seed_50/last_scores_after_observation_20260825_100557.csv,TS-JEPA,True,True,,config/experiments/top10_with_sentiment_jepa_lam_1_mae_lam_2.json;results/top10_with_sentiment_jepa_lam_1_mae_lam_2/random/NVDA/seed_50/preprocessing_config.json
NVDA,50,GRU,random,test,0.0038216788506052093,0.050665402333987385,0.5197368421052632,5,./logs/output_model/NVDA/lr_1e-05_ema_momentum_0.998_mask_ratio_0.7_ratio_patches_10_encoder_256_2_1_predictor_128_2_1_dual_jepa_mae_ljepa_1.5_lmae_0.5_cfg_7d90e4f666b6_epoch_2000.pt,fixed_pretraining_epoch_2000,ema,True,0.001,0.01,1e-05,0.0005,window_return,raw,value,future target values in the configured normalized feature space,MSE and MAE over all saved rolling-step/horizon target values; project_within_trajectory_v1: sign of consecutive forecast-horizon differences equals sign of consecutive target differences; relative-return paths additionally include the known zero origin; cumulative/excess log-return targets compare the binary indicators (forecast > 0) and (target > 0) at each horizon,2025-04-01T00:00:00,2025-12-31T00:00:00,09153d935a7c9a4488bb,8cc2dfd62ac48cad,8cc2dfd62ac48cad,20260825_100557,ec9b2701bcc2bf149eb9db36c8e6db9589eeabd3,results/top10_with_sentiment_jepa_lam_1_mae_lam_2/random/NVDA/seed_50/last_model_comparison_20260825_100557.csv,results/top10_with_sentiment_jepa_lam_1_mae_lam_2/random/NVDA/seed_50/last_gru_scores_after_observation_20260825_100557.csv,GRU,True,True,,config/experiments/top10_with_sentiment_jepa_lam_1_mae_lam_2.json;results/top10_with_sentiment_jepa_lam_1_mae_lam_2/random/NVDA/seed_50/preprocessing_config.json
NVDA,50,Mean-context,random,test,0.0263182630197257,0.12523933760071246,0.0,5,./logs/output_model/NVDA/lr_1e-05_ema_momentum_0.998_mask_ratio_0.7_ratio_patches_10_encoder_256_2_1_predictor_128_2_1_dual_jepa_mae_ljepa_1.5_lmae_0.5_cfg_7d90e4f666b6_epoch_2000.pt,fixed_pretraining_epoch_2000,ema,True,0.001,0.01,1e-05,0.0005,window_return,raw,value,future target values in the configured normalized feature space,MSE and MAE over all saved rolling-step/horizon target values; project_within_trajectory_v1: sign of consecutive forecast-horizon differences equals sign of consecutive target differences; relative-return paths additionally include the known zero origin; cumulative/excess log-return targets compare the binary indicators (forecast > 0) and (target > 0) at each horizon,2025-04-01T00:00:00,2025-12-31T00:00:00,09153d935a7c9a4488bb,8cc2dfd62ac48cad,8cc2dfd62ac48cad,20260825_100557,ec9b2701bcc2bf149eb9db36c8e6db9589eeabd3,results/top10_with_sentiment_jepa_lam_1_mae_lam_2/random/NVDA/seed_50/last_model_comparison_20260825_100557.csv,results/top10_with_sentiment_jepa_lam_1_mae_lam_2/random/NVDA/seed_50/last_baseline_scores_after_observation_20260825_100557.csv,mean_context,True,True,,config/experiments/top10_with_sentiment_jepa_lam_1_mae_lam_2.json;results/top10_with_sentiment_jepa_lam_1_mae_lam_2/random/NVDA/seed_50/preprocessing_config.json
