model,forecast_target,rolling_step,horizon_step,target_index,predicted_value,true_value,error,absolute_error,squared_error
naive_last,relative_return,0,1,0,0.0,0.01633143424987793,-0.01633143424987793,0.01633143424987793,0.0002667157446580859
naive_last,relative_return,0,2,1,0.0,0.018822669982910156,-0.018822669982910156,0.018822669982910156,0.000354292905285547
naive_last,relative_return,0,3,2,0.0,-0.06071227788925171,0.06071227788925171,0.06071227788925171,0.003685980686501722
naive_last,relative_return,0,4,3,0.0,-0.12982100248336792,0.12982100248336792,0.12982100248336792,0.01685349268578662
naive_last,relative_return,0,5,4,0.0,-0.09909576177597046,0.09909576177597046,0.09909576177597046,0.009819970001959888
naive_last,relative_return,1,1,1,0.0,-0.01372385025024414,0.01372385025024414,0.01372385025024414,0.00018834406569112616
naive_last,relative_return,1,2,2,0.0,0.17093408107757568,-0.17093408107757568,0.17093408107757568,0.029218460073835217
naive_last,relative_return,1,3,3,0.0,0.1017000675201416,-0.1017000675201416,0.1017000675201416,0.01034290373360136
naive_last,relative_return,1,4,4,0.0,0.13611221313476562,-0.13611221313476562,0.13611221313476562,0.018526534564443864
naive_last,relative_return,1,5,5,0.0,0.1338590383529663,-0.1338590383529663,0.1338590383529663,0.017918242148780905
naive_last,relative_return,2,1,2,0.0,0.013458609580993652,-0.013458609580993652,0.013458609580993652,0.00018113417185361413
naive_last,relative_return,2,2,3,0.0,-0.056182801723480225,0.056182801723480225,0.056182801723480225,0.0031565072094998925
naive_last,relative_return,2,3,4,0.0,-0.08328068256378174,0.08328068256378174,0.08328068256378174,0.00693567208828938
naive_last,relative_return,2,4,5,0.0,-0.12464994192123413,0.12464994192123413,0.12464994192123413,0.015537608020967042
naive_last,relative_return,2,5,6,0.0,-0.10676544904708862,0.10676544904708862,0.10676544904708862,0.011398861110226477
naive_last,relative_return,3,1,3,0.0,0.03862881660461426,-0.03862881660461426,0.03862881660461426,0.0014921854722729222
naive_last,relative_return,3,2,4,0.0,0.07624638080596924,-0.07624638080596924,0.07624638080596924,0.005813510586008874
naive_last,relative_return,3,3,5,0.0,0.12256050109863281,-0.12256050109863281,0.12256050109863281,0.015021076429547975
naive_last,relative_return,3,4,6,0.0,0.09950459003448486,-0.09950459003448486,0.09950459003448486,0.009901163437930904
naive_last,relative_return,3,5,7,0.0,0.10243701934814453,-0.10243701934814453,0.10243701934814453,0.010493342932932137
naive_last,relative_return,4,1,4,0.0,-0.0009172558784484863,0.0009172558784484863,0.0009172558784484863,8.413583465483043e-07
naive_last,relative_return,4,2,5,0.0,0.023757100105285645,-0.023757100105285645,0.023757100105285645,0.0005643998054125632
naive_last,relative_return,4,3,6,0.0,0.05026602745056152,-0.05026602745056152,0.05026602745056152,0.0025266735156606046
naive_last,relative_return,4,4,7,0.0,0.044028639793395996,-0.044028639793395996,0.044028639793395996,0.0019385211220566134
naive_last,relative_return,4,5,8,0.0,0.041460275650024414,-0.041460275650024414,0.041460275650024414,0.0017189544569760074
naive_last,relative_return,5,1,5,0.0,0.031002283096313477,-0.031002283096313477,0.031002283096313477,0.0009611415571839643
naive_last,relative_return,5,2,6,0.0,0.03373265266418457,-0.03373265266418457,0.03373265266418457,0.0011378918557625184
naive_last,relative_return,5,3,7,0.0,0.02739119529724121,-0.02739119529724121,0.02739119529724121,0.000750277579811609
naive_last,relative_return,5,4,8,0.0,0.08331859111785889,-0.08331859111785889,0.08331859111785889,0.006941987625864954
naive_last,relative_return,5,5,9,0.0,0.14435434341430664,-0.14435434341430664,0.14435434341430664,0.020838176462575575
naive_last,relative_return,6,1,6,0.0,0.04163777828216553,-0.04163777828216553,0.04163777828216553,0.0017337045802747753
naive_last,relative_return,6,2,7,0.0,0.037712693214416504,-0.037712693214416504,0.037712693214416504,0.0014222472294846966
naive_last,relative_return,6,3,8,0.0,0.042099595069885254,-0.042099595069885254,0.042099595069885254,0.0017723759050483068
naive_last,relative_return,6,4,9,0.0,0.04340815544128418,-0.04340815544128418,0.04340815544128418,0.0018842679588146893
naive_last,relative_return,6,5,10,0.0,0.034249305725097656,-0.034249305725097656,0.034249305725097656,0.001173014942651207
naive_last,relative_return,7,1,7,0.0,-0.01919931173324585,0.01919931173324585,0.01919931173324585,0.00036861357103035175
naive_last,relative_return,7,2,8,0.0,-0.011534452438354492,0.011534452438354492,0.011534452438354492,0.0001330435930526619
naive_last,relative_return,7,3,9,0.0,-0.022994577884674072,0.022994577884674072,0.022994577884674072,0.0005287506120943419
naive_last,relative_return,7,4,10,0.0,0.008334517478942871,-0.008334517478942871,0.008334517478942871,6.946418160680423e-05
naive_last,relative_return,7,5,11,0.0,0.0031998157501220703,-0.0031998157501220703,0.0031998157501220703,1.0238820834729268e-05
naive_last,relative_return,8,1,8,0.0,0.03249025344848633,-0.03249025344848633,0.03249025344848633,0.0010556165691468777
naive_last,relative_return,8,2,9,0.0,0.002373814582824707,-0.002373814582824707,0.002373814582824707,5.634995673631238e-06
naive_last,relative_return,8,3,10,0.0,0.019063949584960938,-0.019063949584960938,0.019063949584960938,0.0003634341737779323
naive_last,relative_return,8,4,11,0.0,0.04754841327667236,-0.04754841327667236,0.04754841327667236,0.0022608516051292327
naive_last,relative_return,8,5,12,0.0,0.05274093151092529,-0.05274093151092529,0.05274093151092529,0.0027816058566401125
naive_last,relative_return,9,1,9,0.0,-0.013599157333374023,0.013599157333374023,0.013599157333374023,0.00018493708017786048
naive_last,relative_return,9,2,10,0.0,-0.0014092326164245605,0.0014092326164245605,0.0014092326164245605,1.9859365671948126e-06
naive_last,relative_return,9,3,11,0.0,0.005002856254577637,-0.005002856254577637,0.005002856254577637,2.502857070396658e-05
naive_last,relative_return,9,4,12,0.0,0.014374375343322754,-0.014374375343322754,0.014374375343322754,0.00020662266651072514
naive_last,relative_return,9,5,13,0.0,0.006412148475646973,-0.006412148475646973,0.006412148475646973,4.1115648073741795e-05
naive_last,relative_return,10,1,10,0.0,0.015192866325378418,-0.015192866325378418,0.015192866325378418,0.0002308231871808175
naive_last,relative_return,10,2,11,0.0,-0.00602114200592041,0.00602114200592041,0.00602114200592041,3.625415105545926e-05
naive_last,relative_return,10,3,12,0.0,0.013022422790527344,-0.013022422790527344,0.013022422790527344,0.00016958349533524597
naive_last,relative_return,10,4,13,0.0,0.00903165340423584,-0.00903165340423584,0.00903165340423584,8.157076321424483e-05
naive_last,relative_return,10,5,14,0.0,0.018553495407104492,-0.018553495407104492,0.018553495407104492,0.0003442321918214475
naive_last,relative_return,11,1,11,0.0,-0.011204242706298828,0.011204242706298828,0.011204242706298828,0.0001255350546216505
naive_last,relative_return,11,2,12,0.0,-0.009004652500152588,0.009004652500152588,0.009004652500152588,8.108376664850425e-05
naive_last,relative_return,11,3,13,0.0,0.016634583473205566,-0.016634583473205566,0.016634583473205566,0.00027670936732704376
naive_last,relative_return,11,4,14,0.0,0.060695648193359375,-0.060695648193359375,0.060695648193359375,0.003683961709612049
naive_last,relative_return,11,5,15,0.0,0.06557607650756836,-0.06557607650756836,0.06557607650756836,0.004300221810126459
naive_last,relative_return,12,1,12,0.0,0.017610549926757812,-0.017610549926757812,0.017610549926757812,0.0003101314687228296
naive_last,relative_return,12,2,13,0.0,0.01915884017944336,-0.01915884017944336,0.01915884017944336,0.00036706115702145325
naive_last,relative_return,12,3,14,0.0,-0.01109534502029419,0.01109534502029419,0.01109534502029419,0.00012310668111936707
naive_last,relative_return,12,4,15,0.0,0.014385223388671875,-0.014385223388671875,0.014385223388671875,0.00020693465194199234
naive_last,relative_return,12,5,16,0.0,0.02786731719970703,-0.02786731719970703,0.02786731719970703,0.0007765873679090873
naive_last,relative_return,13,1,13,0.0,-0.006903409957885742,0.006903409957885742,0.006903409957885742,4.7657069046636025e-05
naive_last,relative_return,13,2,14,0.0,0.004142165184020996,-0.004142165184020996,0.004142165184020996,1.7157532411715692e-05
naive_last,relative_return,13,3,15,0.0,0.02221667766571045,-0.02221667766571045,0.02221667766571045,0.0004935807665020775
naive_last,relative_return,13,4,16,0.0,0.029873251914978027,-0.029873251914978027,0.029873251914978027,0.0008924111799757384
naive_last,relative_return,13,5,17,0.0,0.035019516944885254,-0.035019516944885254,0.035019516944885254,0.0012263665670531054
naive_last,relative_return,14,1,14,0.0,-0.005153954029083252,0.005153954029083252,0.005153954029083252,2.6563242133903486e-05
naive_last,relative_return,14,2,15,0.0,0.035047292709350586,-0.035047292709350586,0.035047292709350586,0.0012283127262548987
naive_last,relative_return,14,3,16,0.0,0.03910982608795166,-0.03910982608795166,0.03910982608795166,0.0015295784966298243
naive_last,relative_return,14,4,17,0.0,0.048993468284606934,-0.048993468284606934,0.048993468284606934,0.0024003599345547855
naive_last,relative_return,14,5,18,0.0,0.04541599750518799,-0.04541599750518799,0.04541599750518799,0.0020626128293912416
naive_last,relative_return,15,1,15,0.0,-0.005974113941192627,0.005974113941192627,0.005974113941192627,3.56900373823521e-05
naive_last,relative_return,15,2,16,0.0,-0.031204700469970703,0.031204700469970703,0.031204700469970703,0.0009737333314205898
naive_last,relative_return,15,3,17,0.0,-0.00945425033569336,0.00945425033569336,0.00945425033569336,8.9382849409958e-05
naive_last,relative_return,15,4,18,0.0,0.0077141523361206055,-0.0077141523361206055,0.0077141523361206055,5.9508146264874995e-05
naive_last,relative_return,15,5,19,0.0,0.006322145462036133,-0.006322145462036133,0.006322145462036133,3.996952324314407e-05
naive_last,relative_return,16,1,16,0.0,0.01873195171356201,-0.01873195171356201,0.01873195171356201,0.0003508860149992188
naive_last,relative_return,16,2,17,0.0,0.011584997177124023,-0.011584997177124023,0.011584997177124023,0.0001342121595939716
naive_last,relative_return,16,3,18,0.0,0.03325653076171875,-0.03325653076171875,0.03325653076171875,0.0011059968383051455
naive_last,relative_return,16,4,19,0.0,0.025187253952026367,-0.025187253952026367,0.025187253952026367,0.0006343977616438679
naive_last,relative_return,16,5,20,0.0,0.0012680292129516602,-0.0012680292129516602,0.0012680292129516602,1.6078980848988067e-06
naive_last,relative_return,17,1,17,0.0,0.03615009784698486,-0.03615009784698486,0.03615009784698486,0.0013068295743465796
naive_last,relative_return,17,2,18,0.0,0.026134014129638672,-0.026134014129638672,0.026134014129638672,0.0006829866945281537
naive_last,relative_return,17,3,19,0.0,0.03281140327453613,-0.03281140327453613,0.03281140327453613,0.0010765881848442405
naive_last,relative_return,17,4,20,0.0,0.04058253765106201,-0.04058253765106201,0.04058253765106201,0.0016469423621998658
naive_last,relative_return,17,5,21,0.0,0.05169236660003662,-0.05169236660003662,0.05169236660003662,0.0026721007647125816
naive_last,relative_return,18,1,18,0.0,-0.0035030245780944824,0.0035030245780944824,0.0035030245780944824,1.2271181194734027e-05
naive_last,relative_return,18,2,19,0.0,0.0025178194046020508,-0.0025178194046020508,0.0025178194046020508,6.3394145541906255e-06
naive_last,relative_return,18,3,20,0.0,-0.006075561046600342,0.006075561046600342,0.006075561046600342,3.691244203096744e-05
naive_last,relative_return,18,4,21,0.0,-0.003721892833709717,0.003721892833709717,0.003721892833709717,1.3852486265619746e-05
naive_last,relative_return,18,5,22,0.0,-0.01231527328491211,0.01231527328491211,0.01231527328491211,0.0001516659560820699
naive_last,relative_return,19,1,19,0.0,0.008645057678222656,-0.008645057678222656,0.008645057678222656,7.47370222597965e-05
naive_last,relative_return,19,2,20,0.0,-0.02665555477142334,0.02665555477142334,0.02665555477142334,0.0007105186001723496
naive_last,relative_return,19,3,21,0.0,-0.02798563241958618,0.02798563241958618,0.02798563241958618,0.0007831956219241931
naive_last,relative_return,19,4,22,0.0,-0.03031313419342041,0.03031313419342041,0.03031313419342041,0.0009188861046283137
naive_last,relative_return,19,5,23,0.0,-0.013632535934448242,0.013632535934448242,0.013632535934448242,0.0001858460360040226
naive_last,relative_return,20,1,20,0.0,0.010225296020507812,-0.010225296020507812,0.010225296020507812,0.0001045566787070129
naive_last,relative_return,20,2,21,0.0,0.02123713493347168,-0.02123713493347168,0.02123713493347168,0.00045101590018248316
naive_last,relative_return,20,3,22,0.0,0.02028203010559082,-0.02028203010559082,0.02028203010559082,0.0004113607452040924
naive_last,relative_return,20,4,23,0.0,0.012247800827026367,-0.012247800827026367,0.012247800827026367,0.00015000862509850776
naive_last,relative_return,20,5,24,0.0,-0.02140575647354126,0.02140575647354126,0.02140575647354126,0.00045820641020455355
naive_last,relative_return,21,1,21,0.0,-0.01951998472213745,0.01951998472213745,0.01951998472213745,0.0003810298035524795
naive_last,relative_return,21,2,22,0.0,-0.02043861150741577,0.02043861150741577,0.02043861150741577,0.0004177368403510684
naive_last,relative_return,21,3,23,0.0,-0.014467716217041016,0.014467716217041016,0.014467716217041016,0.0002093148125368316
naive_last,relative_return,21,4,24,0.0,-0.04110682010650635,0.04110682010650635,0.04110682010650635,0.0016897706592686745
naive_last,relative_return,21,5,25,0.0,-0.033700764179229736,0.033700764179229736,0.033700764179229736,0.0011357415062640541
naive_last,relative_return,22,1,22,0.0,0.014556407928466797,-0.014556407928466797,0.014556407928466797,0.00021188901177993102
naive_last,relative_return,22,2,23,0.0,0.05359160900115967,-0.05359160900115967,0.05359160900115967,0.002872060555333178
naive_last,relative_return,22,3,24,0.0,0.05264091491699219,-0.05264091491699219,0.05264091491699219,0.0027710659232980106
naive_last,relative_return,22,4,25,0.0,0.05650293827056885,-0.05650293827056885,0.05650293827056885,0.0031925820332077137
naive_last,relative_return,22,5,26,0.0,0.05608701705932617,-0.05608701705932617,0.05608701705932617,0.003145753482613145
naive_last,relative_return,23,1,23,0.0,-0.01614624261856079,0.01614624261856079,0.01614624261856079,0.00026070115069742883
naive_last,relative_return,23,2,24,0.0,-0.041969120502471924,0.041969120502471924,0.041969120502471924,0.0017614070757510092
naive_last,relative_return,23,3,25,0.0,-0.008495032787322998,0.008495032787322998,0.008495032787322998,7.216558205769275e-05
naive_last,relative_return,23,4,26,0.0,-0.0060759782791137695,0.0060759782791137695,0.0060759782791137695,3.6917512048262324e-05
naive_last,relative_return,23,5,27,0.0,0.03296768665313721,-0.03296768665313721,0.03296768665313721,0.0010868683632594411
naive_last,relative_return,24,1,24,0.0,-0.028212010860443115,0.028212010860443115,0.028212010860443115,0.0007959175567897603
naive_last,relative_return,24,2,25,0.0,-0.03616362810134888,0.03616362810134888,0.03616362810134888,0.0013078079974526702
naive_last,relative_return,24,3,26,0.0,-0.03224223852157593,0.03224223852157593,0.03224223852157593,0.0010395619448821947
naive_last,relative_return,24,4,27,0.0,-0.029519081115722656,0.029519081115722656,0.029519081115722656,0.0008713761499166139
naive_last,relative_return,24,5,28,0.0,-0.00958549976348877,0.00958549976348877,0.00958549976348877,9.188180571584326e-05
naive_last,relative_return,25,1,25,0.0,0.02601039409637451,-0.02601039409637451,0.02601039409637451,0.000676540601048714
naive_last,relative_return,25,2,26,0.0,0.029639840126037598,-0.029639840126037598,0.029639840126037598,0.0008785201226970685
naive_last,relative_return,25,3,27,0.0,0.03871321678161621,-0.03871321678161621,0.03871321678161621,0.001498713153580411
naive_last,relative_return,25,4,28,0.0,0.03172934055328369,-0.03172934055328369,0.03172934055328369,0.001006751051946253
naive_last,relative_return,25,5,29,0.0,0.02029132843017578,-0.02029132843017578,0.02029132843017578,0.00041173800946125994
naive_last,relative_return,26,1,26,0.0,-0.002694845199584961,0.002694845199584961,0.002694845199584961,7.262190649726108e-06
naive_last,relative_return,26,2,27,0.0,0.01924121379852295,-0.01924121379852295,0.01924121379852295,0.00037022430844046994
naive_last,relative_return,26,3,28,0.0,0.03788948059082031,-0.03788948059082031,0.03788948059082031,0.0014356127394421492
naive_last,relative_return,26,4,29,0.0,-0.012827396392822266,0.012827396392822266,0.012827396392822266,0.00016454209821858967
naive_last,relative_return,26,5,30,0.0,0.014983415603637695,-0.014983415603637695,0.014983415603637695,0.00022450274315133356
naive_last,relative_return,27,1,27,0.0,-0.04402083158493042,0.04402083158493042,0.04402083158493042,0.0019378336134288077
naive_last,relative_return,27,2,28,0.0,-0.04508286714553833,0.04508286714553833,0.04508286714553833,0.0020324649100622594
naive_last,relative_return,27,3,29,0.0,-0.034568846225738525,0.034568846225738525,0.034568846225738525,0.0011950051293787567
naive_last,relative_return,27,4,30,0.0,-0.027081608772277832,0.027081608772277832,0.027081608772277832,0.0007334135336947156
naive_last,relative_return,27,5,31,0.0,-0.03016144037246704,0.03016144037246704,0.03016144037246704,0.0009097124853418848
naive_last,relative_return,28,1,28,0.0,-0.008103370666503906,0.008103370666503906,0.008103370666503906,6.566461615875596e-05
naive_last,relative_return,28,2,29,0.0,-0.012921571731567383,0.012921571731567383,0.012921571731567383,0.0001669670160140413
naive_last,relative_return,28,3,30,0.0,-0.0026280879974365234,0.0026280879974365234,0.0026280879974365234,6.906846522269916e-06
naive_last,relative_return,28,4,31,0.0,0.019820332527160645,-0.019820332527160645,0.019820332527160645,0.00039284558148722226
naive_last,relative_return,28,5,32,0.0,0.04845595359802246,-0.04845595359802246,0.04845595359802246,0.002347979439093706
naive_last,relative_return,29,1,29,0.0,0.04981982707977295,-0.04981982707977295,0.04981982707977295,0.002482015170258478
naive_last,relative_return,29,2,30,0.0,0.08120524883270264,-0.08120524883270264,0.08120524883270264,0.006594292437981153
naive_last,relative_return,29,3,31,0.0,0.059533119201660156,-0.059533119201660156,0.059533119201660156,0.003544192281879077
naive_last,relative_return,29,4,32,0.0,0.057444214820861816,-0.057444214820861816,0.057444214820861816,0.0032998378163853204
naive_last,relative_return,29,5,33,0.0,0.08036971092224121,-0.08036971092224121,0.08036971092224121,0.006459290433724618
naive_last,relative_return,30,1,30,0.0,-0.03958815336227417,0.03958815336227417,0.03958815336227417,0.0015672218866349397
naive_last,relative_return,30,2,31,0.0,-0.056409478187561035,0.056409478187561035,0.056409478187561035,0.003182029229392924
naive_last,relative_return,30,3,32,0.0,-0.09087395668029785,0.09087395668029785,0.09087395668029785,0.00825807600273265
naive_last,relative_return,30,4,33,0.0,-0.09053564071655273,0.09053564071655273,0.09053564071655273,0.008196702239956721
naive_last,relative_return,30,5,34,0.0,-0.037848055362701416,0.037848055362701416,0.037848055362701416,0.0014324752947381114
naive_last,relative_return,31,1,31,0.0,-0.02959054708480835,0.02959054708480835,0.02959054708480835,0.0008756004767782599
naive_last,relative_return,31,2,32,0.0,-0.026375293731689453,0.026375293731689453,0.026375293731689453,0.000695656119432897
naive_last,relative_return,31,3,33,0.0,-0.06124091148376465,0.06124091148376465,0.06124091148376465,0.003750449239362297
naive_last,relative_return,31,4,34,0.0,-0.04461193084716797,0.04461193084716797,0.04461193084716797,0.001990224373912497
naive_last,relative_return,31,5,35,0.0,-0.06254708766937256,0.06254708766937256,0.06254708766937256,0.003912138175920177
naive_last,relative_return,32,1,32,0.0,-0.02808147668838501,0.02808147668838501,0.02808147668838501,0.0007885693330003107
naive_last,relative_return,32,2,33,0.0,-0.00042873620986938477,0.00042873620986938477,0.00042873620986938477,1.8381473765316514e-07
naive_last,relative_return,32,3,34,0.0,-0.0319400429725647,0.0319400429725647,0.0319400429725647,0.0010201663450892795
naive_last,relative_return,32,4,35,0.0,-0.041371941566467285,0.041371941566467285,0.041371941566467285,0.0017116375489791835
naive_last,relative_return,32,5,36,0.0,-0.02170419692993164,0.02170419692993164,0.02170419692993164,0.00047107216437325405
naive_last,relative_return,33,1,33,0.0,-0.025910675525665283,0.025910675525665283,0.025910675525665283,0.0006713631061963099
naive_last,relative_return,33,2,34,0.0,-0.012544572353363037,0.012544572353363037,0.012544572353363037,0.00015736629552876025
naive_last,relative_return,33,3,35,0.0,-0.030402660369873047,0.030402660369873047,0.030402660369873047,0.0009243217575658491
naive_last,relative_return,33,4,36,0.0,-0.014407038688659668,0.014407038688659668,0.014407038688659668,0.00020756276377653649
naive_last,relative_return,33,5,37,0.0,-0.005970954895019531,0.005970954895019531,0.005970954895019531,3.56523023583577e-05
naive_last,relative_return,34,1,34,0.0,-0.010305345058441162,0.010305345058441162,0.010305345058441162,0.00010620013677353768
naive_last,relative_return,34,2,35,0.0,0.010580778121948242,-0.010580778121948242,0.010580778121948242,0.00011195286566589857
naive_last,relative_return,34,3,36,0.0,0.00523531436920166,-0.00523531436920166,0.00523531436920166,2.7408516544369377e-05
naive_last,relative_return,34,4,37,0.0,0.022539377212524414,-0.022539377212524414,0.022539377212524414,0.0005080235251284648
naive_last,relative_return,34,5,38,0.0,0.019343018531799316,-0.019343018531799316,0.019343018531799316,0.0003741523659215318
naive_last,relative_return,35,1,35,0.0,-0.0064334869384765625,0.0064334869384765625,0.0064334869384765625,4.138975418754853e-05
naive_last,relative_return,35,2,36,0.0,-0.02184140682220459,0.02184140682220459,0.02184140682220459,0.0004770470519730452
naive_last,relative_return,35,3,37,0.0,-0.053792476654052734,0.053792476654052734,0.053792476654052734,0.0028936305445768085
naive_last,relative_return,35,4,38,0.0,-0.04692655801773071,0.04692655801773071,0.04692655801773071,0.0022021018473914467
naive_last,relative_return,35,5,39,0.0,-0.03919553756713867,0.03919553756713867,0.03919553756713867,0.001536290165176979
naive_last,relative_return,36,1,36,0.0,-0.038149893283843994,0.038149893283843994,0.038149893283843994,0.001455414357568685
naive_last,relative_return,36,2,37,0.0,-0.02014404535293579,0.02014404535293579,0.02014404535293579,0.00040578256318113404
naive_last,relative_return,36,3,38,0.0,0.018399715423583984,-0.018399715423583984,0.018399715423583984,0.00033854952766887436
naive_last,relative_return,36,4,39,0.0,0.03359222412109375,-0.03359222412109375,0.03359222412109375,0.0011284375214017928
naive_last,relative_return,36,5,40,0.0,0.06465232372283936,-0.06465232372283936,0.06465232372283936,0.0041799229627628165
naive_last,relative_return,37,1,37,0.0,-0.003171086311340332,0.003171086311340332,0.003171086311340332,1.0055788393970033e-05
naive_last,relative_return,37,2,38,0.0,0.00697636604309082,-0.00697636604309082,0.00697636604309082,4.866968316719067e-05
naive_last,relative_return,37,3,39,0.0,-0.005232334136962891,0.005232334136962891,0.005232334136962891,2.7377320520827197e-05
naive_last,relative_return,37,4,40,0.0,-0.008826255798339844,0.008826255798339844,0.008826255798339844,7.790279141772771e-05
naive_last,relative_return,37,5,41,0.0,-0.014322757720947266,0.014322757720947266,0.014322757720947266,0.0002051413887329545
naive_last,relative_return,38,1,38,0.0,0.012600541114807129,-0.012600541114807129,0.012600541114807129,0.00015877363638594488
naive_last,relative_return,38,2,39,0.0,0.008686304092407227,-0.008686304092407227,0.008686304092407227,7.545187878577053e-05
naive_last,relative_return,38,3,40,0.0,0.003967881202697754,-0.003967881202697754,0.003967881202697754,1.5744081238722174e-05
naive_last,relative_return,38,4,41,0.0,0.013994693756103516,-0.013994693756103516,0.013994693756103516,0.00019585145332712273
naive_last,relative_return,38,5,42,0.0,-0.007828474044799805,0.007828474044799805,0.007828474044799805,6.128500587010421e-05
naive_last,relative_return,39,1,39,0.0,-0.000972747802734375,0.000972747802734375,0.000972747802734375,9.462382877245545e-07
naive_last,relative_return,39,2,40,0.0,-0.0005403757095336914,0.0005403757095336914,0.0005403757095336914,2.920059074540404e-07
naive_last,relative_return,39,3,41,0.0,0.004161238670349121,-0.004161238670349121,0.004161238670349121,1.731590727160892e-05
naive_last,relative_return,39,4,42,0.0,-0.010268032550811768,0.010268032550811768,0.010268032550811768,0.00010543249246453001
naive_last,relative_return,39,5,43,0.0,0.010862588882446289,-0.010862588882446289,0.010862588882446289,0.00011799583722904572
naive_last,relative_return,40,1,40,0.0,-0.0043839216232299805,0.0043839216232299805,0.0043839216232299805,1.9218768798623387e-05
naive_last,relative_return,40,2,41,0.0,-0.048008501529693604,0.048008501529693604,0.048008501529693604,0.002304816219126593
naive_last,relative_return,40,3,42,0.0,-0.01994115114212036,0.01994115114212036,0.01994115114212036,0.0003976495088728882
naive_last,relative_return,40,4,43,0.0,-0.011815071105957031,0.011815071105957031,0.011815071105957031,0.0001395959052388207
naive_last,relative_return,40,5,44,0.0,0.0033146142959594727,-0.0033146142959594727,0.0033146142959594727,1.098666793097891e-05
naive_last,relative_return,41,1,41,0.0,-0.00639420747756958,0.00639420747756958,0.00639420747756958,4.088588926620673e-05
naive_last,relative_return,41,2,42,0.0,0.004529237747192383,-0.004529237747192383,0.004529237747192383,2.051399457059233e-05
naive_last,relative_return,41,3,43,0.0,0.020514726638793945,-0.020514726638793945,0.020514726638793945,0.0004208540090644419
naive_last,relative_return,41,4,44,0.0,0.025789976119995117,-0.025789976119995117,0.025789976119995117,0.0006651228682699184
naive_last,relative_return,41,5,45,0.0,0.018436670303344727,-0.018436670303344727,0.018436670303344727,0.00033991081187423333
naive_last,relative_return,42,1,42,0.0,-0.02888089418411255,0.02888089418411255,0.02888089418411255,0.000834106048873906
naive_last,relative_return,42,2,43,0.0,-0.05645376443862915,0.05645376443862915,0.05645376443862915,0.0031870275192922293
naive_last,relative_return,42,3,44,0.0,-0.0886307954788208,0.0886307954788208,0.0886307954788208,0.007855417907208562
naive_last,relative_return,42,4,45,0.0,-0.10071676969528198,0.10071676969528198,0.10071676969528198,0.010143867697852471
naive_last,relative_return,42,5,46,0.0,-0.02992725372314453,0.02992725372314453,0.02992725372314453,0.0008956405154094682
naive_last,relative_return,43,1,43,0.0,0.024971604347229004,-0.024971604347229004,0.024971604347229004,0.0006235810236745465
naive_last,relative_return,43,2,44,0.0,0.016881465911865234,-0.016881465911865234,0.016881465911865234,0.0002849838913334679
naive_last,relative_return,43,3,45,0.0,0.025025606155395508,-0.025025606155395508,0.025025606155395508,0.0006262809634449695
naive_last,relative_return,43,4,46,0.0,0.00825202465057373,-0.00825202465057373,0.00825202465057373,6.80959108336765e-05
naive_last,relative_return,43,5,47,0.0,-0.014023005962371826,0.014023005962371826,0.014023005962371826,0.0001966446962207158
naive_last,relative_return,44,1,44,0.0,0.011815547943115234,-0.011815547943115234,0.011815547943115234,0.00013960717319605465
naive_last,relative_return,44,2,45,0.0,0.02828073501586914,-0.02828073501586914,0.02828073501586914,0.0007997999730378069
naive_last,relative_return,44,3,46,0.0,0.027843117713928223,-0.027843117713928223,0.027843117713928223,0.0007752392040316636
naive_last,relative_return,44,4,47,0.0,0.038345932960510254,-0.038345932960510254,0.038345932960510254,0.0014704105746119467
naive_last,relative_return,44,5,48,0.0,0.04780924320220947,-0.04780924320220947,0.04780924320220947,0.0022857237355680127
naive_last,relative_return,45,1,45,0.0,0.006786704063415527,-0.006786704063415527,0.006786704063415527,4.605935204438083e-05
naive_last,relative_return,45,2,46,0.0,0.020934462547302246,-0.020934462547302246,0.020934462547302246,0.00043825172214440045
naive_last,relative_return,45,3,47,0.0,-0.03476899862289429,0.03476899862289429,0.03476899862289429,0.0012088832652388248
naive_last,relative_return,45,4,48,0.0,-0.0749673843383789,0.0749673843383789,0.0749673843383789,0.005620108714538219
naive_last,relative_return,45,5,49,0.0,-0.04735058546066284,0.04735058546066284,0.04735058546066284,0.0022420779434675353
naive_last,relative_return,46,1,46,0.0,-0.013316512107849121,0.013316512107849121,0.013316512107849121,0.00017732949471849224
naive_last,relative_return,46,2,47,0.0,0.0030688047409057617,-0.0030688047409057617,0.0030688047409057617,9.41756253780568e-06
naive_last,relative_return,46,3,48,0.0,0.004712820053100586,-0.004712820053100586,0.004712820053100586,2.221067285290701e-05
naive_last,relative_return,46,4,49,0.0,-0.025536954402923584,0.025536954402923584,0.025536954402923584,0.0006521360401769982
naive_last,relative_return,46,5,50,0.0,0.0009316205978393555,-0.0009316205978393555,0.0009316205978393555,8.679169383185581e-07
naive_last,relative_return,47,1,47,0.0,0.011606931686401367,-0.011606931686401367,0.011606931686401367,0.00013472086317278809
naive_last,relative_return,47,2,48,0.0,0.018505334854125977,-0.018505334854125977,0.018505334854125977,0.0003424474180633297
naive_last,relative_return,47,3,49,0.0,0.002682805061340332,-0.002682805061340332,0.002682805061340332,7.197442997153303e-06
naive_last,relative_return,47,4,50,0.0,-0.013139843940734863,0.013139843940734863,0.013139843940734863,0.0001726554987868667
naive_last,relative_return,47,5,51,0.0,0.0031207799911499023,-0.0031207799911499023,0.0031207799911499023,9.739267753161585e-06
naive_last,relative_return,48,1,48,0.0,-0.007040739059448242,0.007040739059448242,0.007040739059448242,4.957200650324012e-05
naive_last,relative_return,48,2,49,0.0,-0.015391349792480469,0.015391349792480469,0.015391349792480469,0.00023689364843448857
naive_last,relative_return,48,3,50,0.0,-0.025433897972106934,0.025433897972106934,0.025433897972106934,0.0006468831660555452
naive_last,relative_return,48,4,51,0.0,-0.057417333126068115,0.057417333126068115,0.057417333126068115,0.003296750143309879
naive_last,relative_return,48,5,52,0.0,-0.041371047496795654,0.041371047496795654,0.041371047496795654,0.001711563570982122
naive_last,relative_return,49,1,49,0.0,-0.0025051236152648926,0.0025051236152648926,0.0025051236152648926,6.2756443277578455e-06
naive_last,relative_return,49,2,50,0.0,0.01730811595916748,-0.01730811595916748,0.01730811595916748,0.00029957087805598803
naive_last,relative_return,49,3,51,0.0,-0.025051236152648926,0.025051236152648926,0.025051236152648926,0.0006275644327757846
naive_last,relative_return,49,4,52,0.0,-0.04623091220855713,0.04623091220855713,0.04623091220855713,0.0021372972436353166
naive_last,relative_return,49,5,53,0.0,-0.05961054563522339,0.05961054563522339,0.05961054563522339,0.00355341715092905
naive_last,relative_return,50,1,50,0.0,0.05588173866271973,-0.05588173866271973,0.05588173866271973,0.0031227687159685047
naive_last,relative_return,50,2,51,0.0,0.06405520439147949,-0.06405520439147949,0.06405520439147949,0.004103069209634214
naive_last,relative_return,50,3,52,0.0,0.07398438453674316,-0.07398438453674316,0.07398438453674316,0.005473689155280681
naive_last,relative_return,50,4,53,0.0,0.07549798488616943,-0.07549798488616943,0.07549798488616943,0.005699945721872268
naive_last,relative_return,50,5,54,0.0,0.07828307151794434,-0.07828307151794434,0.07828307151794434,0.006128239286283588
naive_last,relative_return,51,1,51,0.0,0.022346973419189453,-0.022346973419189453,0.022346973419189453,0.00049938722099796
naive_last,relative_return,51,2,52,0.0,0.03262209892272949,-0.03262209892272949,0.03262209892272949,0.0010642013381243487
naive_last,relative_return,51,3,53,0.0,0.059124112129211426,-0.059124112129211426,0.059124112129211426,0.0034956606350675656
naive_last,relative_return,51,4,54,0.0,0.06294214725494385,-0.06294214725494385,0.06294214725494385,0.003961713901063035
naive_last,relative_return,51,5,55,0.0,0.10336887836456299,-0.10336887836456299,0.10336887836456299,0.010685125014347818
naive_last,relative_return,52,1,52,0.0,0.012009620666503906,-0.012009620666503906,0.012009620666503906,0.00014423098855331773
naive_last,relative_return,52,2,53,0.0,0.009363412857055664,-0.009363412857055664,0.009363412857055664,8.767350033167531e-05
naive_last,relative_return,52,3,54,0.0,0.02630913257598877,-0.02630913257598877,0.02630913257598877,0.0006921704569009535
naive_last,relative_return,52,4,55,0.0,0.028242826461791992,-0.028242826461791992,0.028242826461791992,0.000797657246550898
naive_last,relative_return,52,5,56,0.0,0.01714932918548584,-0.01714932918548584,0.01714932918548584,0.0002940994915121564
naive_last,relative_return,53,1,53,0.0,0.013107895851135254,-0.013107895851135254,0.013107895851135254,0.0001718169336442088
naive_last,relative_return,53,2,54,0.0,-0.0012007355690002441,0.0012007355690002441,0.0012007355690002441,1.44176590666234e-06
naive_last,relative_return,53,3,55,0.0,0.04197514057159424,-0.04197514057159424,0.04197514057159424,0.0017619124260050967
naive_last,relative_return,53,4,56,0.0,0.08370018005371094,-0.08370018005371094,0.08370018005371094,0.00700572014102363
naive_last,relative_return,53,5,57,0.0,0.0664898157119751,-0.0664898157119751,0.0664898157119751,0.0044208955934124106
naive_last,relative_return,54,1,54,0.0,-0.01838904619216919,0.01838904619216919,0.01838904619216919,0.00033815701985773217
naive_last,relative_return,54,2,55,0.0,-0.06379878520965576,0.06379878520965576,0.06379878520965576,0.004070284994227791
naive_last,relative_return,54,3,56,0.0,-0.06905287504196167,0.06905287504196167,0.06905287504196167,0.004768299551560773
naive_last,relative_return,54,4,57,0.0,-0.06891214847564697,0.06891214847564697,0.06891214847564697,0.004748884207529613
naive_last,relative_return,54,5,58,0.0,-0.07820051908493042,0.07820051908493042,0.07820051908493042,0.006115321185152567
naive_last,relative_return,55,1,55,0.0,0.057659029960632324,-0.057659029960632324,0.057659029960632324,0.003324563736001096
naive_last,relative_return,55,2,56,0.0,0.07633590698242188,-0.07633590698242188,0.07633590698242188,0.005827170694828965
naive_last,relative_return,55,3,57,0.0,0.09516537189483643,-0.09516537189483643,0.09516537189483643,0.009056448007882523
naive_last,relative_return,55,4,58,0.0,0.11674296855926514,-0.11674296855926514,0.11674296855926514,0.013628920708029568
naive_last,relative_return,55,5,59,0.0,0.12356233596801758,-0.12356233596801758,0.12356233596801758,0.01526765086987325
naive_last,relative_return,56,1,56,0.0,0.022873520851135254,-0.022873520851135254,0.022873520851135254,0.0005231979561273192
naive_last,relative_return,56,2,57,0.0,0.06775975227355957,-0.06775975227355957,0.06775975227355957,0.004591384028174161
naive_last,relative_return,56,3,58,0.0,0.020563483238220215,-0.020563483238220215,0.020563483238220215,0.00042285684288856373
naive_last,relative_return,56,4,59,0.0,0.006975293159484863,-0.006975293159484863,0.006975293159484863,4.8654714660756326e-05
naive_last,relative_return,56,5,60,0.0,-0.0007699728012084961,0.0007699728012084961,0.0007699728012084961,5.928581146008582e-07
naive_last,relative_return,57,1,57,0.0,0.012964010238647461,-0.012964010238647461,0.012964010238647461,0.0001680655614677562
naive_last,relative_return,57,2,58,0.0,-0.004986226558685303,0.004986226558685303,0.004986226558685303,2.4862455294538677e-05
naive_last,relative_return,57,3,59,0.0,-0.02393364906311035,0.02393364906311035,0.02393364906311035,0.000572819557476123
naive_last,relative_return,57,4,60,0.0,-0.02606409788131714,0.02606409788131714,0.02606409788131714,0.0006793371983668806
naive_last,relative_return,57,5,61,0.0,-0.0363084077835083,0.0363084077835083,0.0363084077835083,0.0013183004757735262
naive_last,relative_return,58,1,58,0.0,0.0077610015869140625,-0.0077610015869140625,0.0077610015869140625,6.0233145632082596e-05
naive_last,relative_return,58,2,59,0.0,-0.006867408752441406,0.006867408752441406,0.006867408752441406,4.716130297310883e-05
naive_last,relative_return,58,3,60,0.0,0.05531513690948486,-0.05531513690948486,0.05531513690948486,0.0030597643713150546
naive_last,relative_return,58,4,61,0.0,0.04807150363922119,-0.04807150363922119,0.04807150363922119,0.0023108694621356562
naive_last,relative_return,58,5,62,0.0,0.010112881660461426,-0.010112881660461426,0.010112881660461426,0.00010227037547849704
naive_last,relative_return,59,1,59,0.0,0.018207192420959473,-0.018207192420959473,0.018207192420959473,0.00033150185585384406
naive_last,relative_return,59,2,60,0.0,-0.04493594169616699,0.04493594169616699,0.04493594169616699,0.0020192388561213193
naive_last,relative_return,59,3,61,0.0,-0.02845168113708496,0.02845168113708496,0.02845168113708496,0.0008094981595263562
naive_last,relative_return,59,4,62,0.0,-0.030547142028808594,0.030547142028808594,0.030547142028808594,0.0009331278861282044
naive_last,relative_return,59,5,63,0.0,-0.06672877073287964,0.06672877073287964,0.06672877073287964,0.004452728843521214
naive_last,relative_return,60,1,60,0.0,0.02220332622528076,-0.02220332622528076,0.02220332622528076,0.0004929876954662404
naive_last,relative_return,60,2,61,0.0,0.023800015449523926,-0.023800015449523926,0.023800015449523926,0.0005664407353975776
naive_last,relative_return,60,3,62,0.0,0.06002390384674072,-0.06002390384674072,0.06002390384674072,0.0036028690330027757
naive_last,relative_return,60,4,63,0.0,0.03487682342529297,-0.03487682342529297,0.03487682342529297,0.0012163928122390644
naive_last,relative_return,60,5,64,0.0,0.021105647087097168,-0.021105647087097168,0.021105647087097168,0.00044544833896509317
naive_last,relative_return,61,1,61,0.0,0.029513835906982422,-0.029513835906982422,0.029513835906982422,0.0008710665099442849
naive_last,relative_return,61,2,62,0.0,0.019545555114746094,-0.019545555114746094,0.019545555114746094,0.0003820287247435772
naive_last,relative_return,61,3,63,0.0,-0.022526264190673828,0.022526264190673828,0.022526264190673828,0.000507432578388034
naive_last,relative_return,61,4,64,0.0,-0.027608096599578857,0.027608096599578857,0.027608096599578857,0.0007622069978516777
naive_last,relative_return,61,5,65,0.0,-0.043537676334381104,0.043537676334381104,0.043537676334381104,0.0018955292605973284
naive_last,relative_return,62,1,62,0.0,-0.0163993239402771,0.0163993239402771,0.0163993239402771,0.0002689378256981456
naive_last,relative_return,62,2,63,0.0,-0.0039337873458862305,0.0039337873458862305,0.0039337873458862305,1.5474682882654633e-05
naive_last,relative_return,62,3,64,0.0,0.022223353385925293,-0.022223353385925293,0.022223353385925293,0.0004938774357157172
naive_last,relative_return,62,4,65,0.0,0.009400248527526855,-0.009400248527526855,0.009400248527526855,8.836467237927081e-05
naive_last,relative_return,62,5,66,0.0,-0.004649043083190918,0.004649043083190918,0.004649043083190918,2.1613601589365317e-05
naive_last,relative_return,63,1,63,0.0,0.0036954879760742188,-0.0036954879760742188,0.0036954879760742188,1.3656631381309126e-05
naive_last,relative_return,63,2,64,0.0,0.010778546333312988,-0.010778546333312988,0.010778546333312988,0.00011617706105937486
naive_last,relative_return,63,3,65,0.0,0.04768252372741699,-0.04768252372741699,0.04768252372741699,0.0022736230690156845
naive_last,relative_return,63,4,66,0.0,0.04080474376678467,-0.04080474376678467,0.04080474376678467,0.0016650271138729522
naive_last,relative_return,63,5,67,0.0,0.08279013633728027,-0.08279013633728027,0.08279013633728027,0.0068542066747454555
naive_last,relative_return,64,1,64,0.0,-0.03521996736526489,0.03521996736526489,0.03521996736526489,0.001240446101210324
naive_last,relative_return,64,2,65,0.0,0.003981828689575195,-0.003981828689575195,0.003981828689575195,1.5854959713124117e-05
naive_last,relative_return,64,3,66,0.0,0.007299900054931641,-0.007299900054931641,0.007299900054931641,5.328854081199097e-05
naive_last,relative_return,64,4,67,0.0,-0.01687532663345337,0.01687532663345337,0.01687532663345337,0.0002847766489857406
naive_last,relative_return,64,5,68,0.0,-0.03863292932510376,0.03863292932510376,0.03863292932510376,0.001492503228238462
previous_patch,relative_return,0,1,0,-0.005930392071604729,0.01633143424987793,-0.02226182632148266,0.02226182632148266,0.0004955889111678581
previous_patch,relative_return,0,2,1,-0.06300967186689377,0.018822669982910156,-0.08183234184980392,0.08183234184980392,0.006696532172623171
previous_patch,relative_return,0,3,2,-0.08220083266496658,-0.06071227788925171,-0.021488554775714874,0.021488554775714874,0.00046175798634889853
previous_patch,relative_return,0,4,3,-0.09669721871614456,-0.12982100248336792,0.03312378376722336,0.03312378376722336,0.0010971850510577696
previous_patch,relative_return,0,5,4,-0.10732238739728928,-0.09909576177597046,-0.008226625621318817,0.008226625621318817,6.767736911333921e-05
previous_patch,relative_return,1,1,1,0.01633143052458763,-0.01372385025024414,0.030055280774831772,0.030055280774831772,0.0009033199024539723
previous_patch,relative_return,1,2,2,0.018822671845555305,0.17093408107757568,-0.15211141109466553,0.15211141109466553,0.023137881385210335
previous_patch,relative_return,1,3,3,-0.060712262988090515,0.1017000675201416,-0.16241233050823212,0.16241233050823212,0.026377765101115225
previous_patch,relative_return,1,4,4,-0.12982100248336792,0.13611221313476562,-0.26593321561813354,0.26593321561813354,0.07072047516900071
previous_patch,relative_return,1,5,5,-0.09909574687480927,0.1338590383529663,-0.23295478522777557,0.23295478522777557,0.054267931960519045
previous_patch,relative_return,2,1,2,-0.013723829761147499,0.013458609580993652,-0.02718243934214115,0.02718243934214115,0.0007388850085891831
previous_patch,relative_return,2,2,3,0.17093412578105927,-0.056182801723480225,0.2271169275045395,0.2271169275045395,0.051582098759102246
previous_patch,relative_return,2,3,4,0.10170017182826996,-0.08328068256378174,0.1849808543920517,0.1849808543920517,0.03421791649161343
previous_patch,relative_return,2,4,5,0.13611222803592682,-0.12464994192123413,0.26076215505599976,0.26076215505599976,0.06799690150944926
previous_patch,relative_return,2,5,6,0.1338590383529663,-0.10676544904708862,0.24062448740005493,0.24062448740005493,0.057900143936539195
previous_patch,relative_return,3,1,3,0.01345864124596119,0.03862881660461426,-0.02517017535865307,0.02517017535865307,0.0006335377275853461
previous_patch,relative_return,3,2,4,-0.056182827800512314,0.07624638080596924,-0.13242921233177185,0.13242921233177185,0.017537496278813514
previous_patch,relative_return,3,3,5,-0.08328064531087875,0.12256050109863281,-0.20584115386009216,0.20584115386009216,0.042370580622454135
previous_patch,relative_return,3,4,6,-0.12464993447065353,0.09950459003448486,-0.224154531955719,0.224154531955719,0.05024525419628745
previous_patch,relative_return,3,5,7,-0.10676538199186325,0.10243701934814453,-0.20920240879058838,0.20920240879058838,0.04376564784378445
previous_patch,relative_return,4,1,4,0.03862878307700157,-0.0009172558784484863,0.03954603895545006,0.03954603895545006,0.0015638891970659735
previous_patch,relative_return,4,2,5,0.07624631375074387,0.023757100105285645,0.05248921364545822,0.05248921364545822,0.0027551175491185576
previous_patch,relative_return,4,3,6,0.12256038933992386,0.05026602745056152,0.07229436188936234,0.07229436188936234,0.005226474760990085
previous_patch,relative_return,4,4,7,0.09950456768274307,0.044028639793395996,0.055475927889347076,0.055475927889347076,0.0030775785751840368
previous_patch,relative_return,4,5,8,0.10243698954582214,0.041460275650024414,0.06097671389579773,0.06097671389579773,0.003718159637529972
previous_patch,relative_return,5,1,5,-0.0009172373684123158,0.031002283096313477,-0.03191952034831047,0.03191952034831047,0.0010188557792662062
previous_patch,relative_return,5,2,6,0.023757169023156166,0.03373265266418457,-0.009975483641028404,0.009975483641028404,9.951027387242531e-05
previous_patch,relative_return,5,3,7,0.05026605352759361,0.02739119529724121,0.0228748582303524,0.0228748582303524,0.000523259139058721
previous_patch,relative_return,5,4,8,0.0440286286175251,0.08331859111785889,-0.039289962500333786,0.039289962500333786,0.0015437011532776351
previous_patch,relative_return,5,5,9,0.041460346430540085,0.14435434341430664,-0.10289399325847626,0.10289399325847626,0.010587173848675357
previous_patch,relative_return,6,1,6,0.03100222907960415,0.04163777828216553,-0.010635549202561378,0.010635549202561378,0.00011311490684010397
previous_patch,relative_return,6,2,7,0.03373259678483009,0.037712693214416504,-0.0039800964295864105,0.0039800964295864105,1.5841167588806493e-05
previous_patch,relative_return,6,3,8,0.027391230687499046,0.042099595069885254,-0.014708364382386208,0.014708364382386208,0.0002163359828050472
previous_patch,relative_return,6,4,9,0.08331865072250366,0.04340815544128418,0.03991049528121948,0.03991049528121948,0.0015928476335922426
previous_patch,relative_return,6,5,10,0.14435435831546783,0.034249305725097656,0.11010505259037018,0.11010505259037018,0.012123122605928183
previous_patch,relative_return,7,1,7,0.04163779318332672,-0.01919931173324585,0.06083710491657257,0.06083710491657257,0.0037011533346300585
previous_patch,relative_return,7,2,8,0.03771268203854561,-0.011534452438354492,0.0492471344769001,0.0492471344769001,0.0024252802541858826
previous_patch,relative_return,7,3,9,0.04209959879517555,-0.022994577884674072,0.06509417295455933,0.06509417295455933,0.004237251352638083
previous_patch,relative_return,7,4,10,0.04340810328722,0.008334517478942871,0.03507358580827713,0.03507358580827713,0.001230156421450579
previous_patch,relative_return,7,5,11,0.03424929454922676,0.0031998157501220703,0.03104947879910469,0.03104947879910469,0.0009640701336960517
previous_patch,relative_return,8,1,8,-0.019199304282665253,0.03249025344848633,-0.05168955773115158,0.05168955773115158,0.002671810378442052
previous_patch,relative_return,8,2,9,-0.011534517630934715,0.002373814582824707,-0.013908332213759422,0.013908332213759422,0.00019344170496829807
previous_patch,relative_return,8,3,10,-0.022994590923190117,0.019063949584960938,-0.042058542370796204,0.042058542370796204,0.0017689209863560595
previous_patch,relative_return,8,4,11,0.008334479294717312,0.04754841327667236,-0.03921393305063248,0.03921393305063248,0.0015377325452994861
previous_patch,relative_return,8,5,12,0.0031998069025576115,0.05274093151092529,-0.04954112321138382,0.04954112321138382,0.0024543228890455127
previous_patch,relative_return,9,1,9,0.03249020501971245,-0.013599157333374023,0.04608936235308647,0.04608936235308647,0.0021242293221141045
previous_patch,relative_return,9,2,10,0.0023737833835184574,-0.0014092326164245605,0.003783015999943018,0.003783015999943018,1.4311210055824872e-05
previous_patch,relative_return,9,3,11,0.019063936546444893,0.005002856254577637,0.014061080291867256,0.014061080291867256,0.00019771397897433776
previous_patch,relative_return,9,4,12,0.04754841327667236,0.014374375343322754,0.03317403793334961,0.03317403793334961,0.0011005167928033188
previous_patch,relative_return,9,5,13,0.0527409166097641,0.006412148475646973,0.046328768134117126,0.046328768134117126,0.0021463547568247865
previous_patch,relative_return,10,1,10,-0.013599211350083351,0.015192866325378418,-0.02879207767546177,0.02879207767546177,0.000828983736869824
previous_patch,relative_return,10,2,11,-0.0014092783676460385,-0.00602114200592041,0.0046118637546896935,0.0046118637546896935,2.1269287291820517e-05
previous_patch,relative_return,10,3,12,0.0050028543919324875,0.013022422790527344,-0.008019568398594856,0.008019568398594856,6.431347729974127e-05
previous_patch,relative_return,10,4,13,0.014374303631484509,0.00903165340423584,0.005342650227248669,0.005342650227248669,2.854391145072025e-05
previous_patch,relative_return,10,5,14,0.006412059534341097,0.018553495407104492,-0.012141436338424683,0.012141436338424683,0.00014741447636001936
previous_patch,relative_return,11,1,11,0.015192884020507336,-0.011204242706298828,0.02639712765812874,0.02639712765812874,0.0006968083485995452
previous_patch,relative_return,11,2,12,-0.006021150387823582,-0.009004652500152588,0.002983502112329006,0.002983502112329006,8.901284854271642e-06
previous_patch,relative_return,11,3,13,0.01302250288426876,0.016634583473205566,-0.0036120805889368057,0.0036120805889368057,1.3047126180974061e-05
previous_patch,relative_return,11,4,14,0.009031652472913265,0.060695648193359375,-0.051663994789123535,0.051663994789123535,0.002669168357570584
previous_patch,relative_return,11,5,15,0.018553515896201134,0.06557607650756836,-0.047022558748722076,0.047022558748722076,0.002211121031277019
previous_patch,relative_return,12,1,12,-0.011204276233911514,0.017610549926757812,-0.028814826160669327,0.028814826160669327,0.0008302942066695934
previous_patch,relative_return,12,2,13,-0.009004665538668633,0.01915884017944336,-0.028163505718111992,0.028163505718111992,0.0007931830543341269
previous_patch,relative_return,12,3,14,0.016634538769721985,-0.01109534502029419,0.027729883790016174,0.027729883790016174,0.0007689464550078018
previous_patch,relative_return,12,4,15,0.0606955885887146,0.014385223388671875,0.046310365200042725,0.046310365200042725,0.0021446499249613282
previous_patch,relative_return,12,5,16,0.06557609140872955,0.02786731719970703,0.03770877420902252,0.03770877420902252,0.0014219516523470421
previous_patch,relative_return,13,1,13,0.01761055365204811,-0.006903409957885742,0.024513963609933853,0.024513963609933853,0.0006009344118691612
previous_patch,relative_return,13,2,14,0.019158804789185524,0.004142165184020996,0.015016639605164528,0.015016639605164528,0.00022549946503139587
previous_patch,relative_return,13,3,15,-0.011095353402197361,0.02221667766571045,-0.033312030136585236,0.033312030136585236,0.001109691351820763
previous_patch,relative_return,13,4,16,0.01438518613576889,0.029873251914978027,-0.015488065779209137,0.015488065779209137,0.00023988018158110913
previous_patch,relative_return,13,5,17,0.027867315337061882,0.035019516944885254,-0.007152201607823372,0.007152201607823372,5.1153987838951226e-05
previous_patch,relative_return,14,1,14,-0.006903414614498615,-0.005153954029083252,-0.0017494605854153633,0.0017494605854153633,3.0606123399218657e-06
previous_patch,relative_return,14,2,15,0.004142061807215214,0.035047292709350586,-0.030905231833457947,0.030905231833457947,0.0009551333546797824
previous_patch,relative_return,14,3,16,0.02221664786338806,0.03910982608795166,-0.0168931782245636,0.0168931782245636,0.00028537947052686974
previous_patch,relative_return,14,4,17,0.029873264953494072,0.048993468284606934,-0.01912020333111286,0.01912020333111286,0.00036558217542309937
previous_patch,relative_return,14,5,18,0.035019468516111374,0.04541599750518799,-0.010396528989076614,0.010396528989076614,0.00010808781502071041
previous_patch,relative_return,15,1,15,-0.00515399593859911,-0.005974113941192627,0.0008201180025935173,0.0008201180025935173,6.725935381779805e-07
previous_patch,relative_return,15,2,16,0.035047274082899094,-0.031204700469970703,0.0662519782781601,0.0662519782781601,0.004389324625769797
previous_patch,relative_return,15,3,17,0.03910984843969345,-0.00945425033569336,0.04856409877538681,0.04856409877538681,0.0023584716898655267
previous_patch,relative_return,15,4,18,0.048993416130542755,0.0077141523361206055,0.04127926379442215,0.04127926379442215,0.0017039776194094913
previous_patch,relative_return,15,5,19,0.04541598632931709,0.006322145462036133,0.03909384086728096,0.03909384086728096,0.001528328393756287
previous_patch,relative_return,16,1,16,-0.005974156782031059,0.01873195171356201,-0.02470610849559307,0.02470610849559307,0.0006103917969960161
previous_patch,relative_return,16,2,17,-0.03120472840964794,0.011584997177124023,-0.042789727449417114,0.042789727449417114,0.0018309607751954005
previous_patch,relative_return,16,3,18,-0.009454256854951382,0.03325653076171875,-0.042710788547992706,0.042710788547992706,0.001824211458391345
previous_patch,relative_return,16,4,19,0.007714146748185158,0.025187253952026367,-0.01747310720384121,0.01747310720384121,0.00030530947535692757
previous_patch,relative_return,16,5,20,0.006322118919342756,0.0012680292129516602,0.005054089706391096,0.005054089706391096,2.5543822760248436e-05
previous_patch,relative_return,17,1,17,0.018731944262981415,0.03615009784698486,-0.01741815358400345,0.01741815358400345,0.0003033920742759322
previous_patch,relative_return,17,2,18,0.011584954336285591,0.026134014129638672,-0.01454905979335308,0.01454905979335308,0.0002116751408705632
previous_patch,relative_return,17,3,19,0.03325650095939636,0.03281140327453613,0.0004450976848602295,0.0004450976848602295,1.9811194906793617e-07
previous_patch,relative_return,17,4,20,0.025187261402606964,0.04058253765106201,-0.015395276248455048,0.015395276248455048,0.00023701453076624412
previous_patch,relative_return,17,5,21,0.001268023974262178,0.05169236660003662,-0.05042434111237526,0.05042434111237526,0.002542614176617178
previous_patch,relative_return,18,1,18,0.03615008294582367,-0.0035030245780944824,0.03965310752391815,0.03965310752391815,0.0015723689363034143
previous_patch,relative_return,18,2,19,0.026133911684155464,0.0025178194046020508,0.023616092279553413,0.023616092279553413,0.0005577198145563823
previous_patch,relative_return,18,3,20,0.032811399549245834,-0.006075561046600342,0.038886960595846176,0.038886960595846176,0.0015121957043828932
previous_patch,relative_return,18,4,21,0.04058254882693291,-0.003721892833709717,0.044304441660642624,0.044304441660642624,0.0019628835508612857
previous_patch,relative_return,18,5,22,0.05169231817126274,-0.01231527328491211,0.06400759518146515,0.06400759518146515,0.0040969722409143206
previous_patch,relative_return,19,1,19,-0.0035030036233365536,0.008645057678222656,-0.012148061767220497,0.012148061767220497,0.0001475754047002044
previous_patch,relative_return,19,2,20,0.002517854794859886,-0.02665555477142334,0.029173409566283226,0.029173409566283226,0.0008510878257221056
previous_patch,relative_return,19,3,21,-0.006075557321310043,-0.02798563241958618,0.02191007509827614,0.02191007509827614,0.00048005139081210013
previous_patch,relative_return,19,4,22,-0.003721912857145071,-0.03031313419342041,0.026591220870614052,0.026591220870614052,0.0007070930273897803
previous_patch,relative_return,19,5,23,-0.012315268628299236,-0.013632535934448242,0.0013172673061490059,0.0013172673061490059,1.7351931558490588e-06
previous_patch,relative_return,20,1,20,0.008645066060125828,0.010225296020507812,-0.0015802299603819847,0.0015802299603819847,2.497126727688849e-06
previous_patch,relative_return,20,2,21,-0.02665555290877819,0.02123713493347168,-0.04789268970489502,0.04789268970489502,0.0022937097271693574
previous_patch,relative_return,20,3,22,-0.02798561565577984,0.02028203010559082,-0.04826764762401581,0.04826764762401581,0.002329765807156159
previous_patch,relative_return,20,4,23,-0.03031311184167862,0.012247800827026367,-0.04256091266870499,0.04256091266870499,0.0018114312871931326
previous_patch,relative_return,20,5,24,-0.0136325154453516,-0.02140575647354126,0.007773241028189659,0.007773241028189659,6.042327608233103e-05
previous_patch,relative_return,21,1,21,0.01022522896528244,-0.01951998472213745,0.02974521368741989,0.02974521368741989,0.0008847777373102717
previous_patch,relative_return,21,2,22,0.021237090229988098,-0.02043861150741577,0.04167570173740387,0.04167570173740387,0.001736864115305048
previous_patch,relative_return,21,3,23,0.020282018929719925,-0.014467716217041016,0.03474973514676094,0.03474973514676094,0.0012075440927700326
previous_patch,relative_return,21,4,24,0.012247839942574501,-0.04110682010650635,0.0533546581864357,0.0533546581864357,0.00284671955019139
previous_patch,relative_return,21,5,25,-0.021405762061476707,-0.033700764179229736,0.012295002117753029,0.012295002117753029,0.00015116707707555146
previous_patch,relative_return,22,1,22,-0.019520027562975883,0.014556407928466797,-0.03407643735408783,0.03407643735408783,0.0011612035827470724
previous_patch,relative_return,22,2,23,-0.02043861709535122,0.05359160900115967,-0.07403022795915604,0.07403022795915604,0.005480474651684608
previous_patch,relative_return,22,3,24,-0.014467733912169933,0.05264091491699219,-0.0671086460351944,0.0671086460351944,0.004503570372677013
previous_patch,relative_return,22,4,25,-0.041106849908828735,0.05650293827056885,-0.09760978817939758,0.09760978817939758,0.009527670748426864
previous_patch,relative_return,22,5,26,-0.03370077162981033,0.05608701705932617,-0.0897877886891365,0.0897877886891365,0.00806184699768503
previous_patch,relative_return,23,1,23,0.01455643679946661,-0.01614624261856079,0.030702680349349976,0.030702680349349976,0.0009426545806343611
previous_patch,relative_return,23,2,24,0.05359162017703056,-0.041969120502471924,0.09556074440479279,0.09556074440479279,0.009131855871198136
previous_patch,relative_return,23,3,25,0.052640996873378754,-0.008495032787322998,0.06113602966070175,0.06113602966070175,0.0037376141226742043
previous_patch,relative_return,23,4,26,0.05650293454527855,-0.0060759782791137695,0.06257891654968262,0.06257891654968262,0.003916120796532141
previous_patch,relative_return,23,5,27,0.05608699470758438,0.03296768665313721,0.023119308054447174,0.023119308054447174,0.000534502404916426
previous_patch,relative_return,24,1,24,-0.01614621840417385,-0.028212010860443115,0.012065792456269264,0.012065792456269264,0.00014558334759776428
previous_patch,relative_return,24,2,25,-0.04196907579898834,-0.03616362810134888,-0.005805447697639465,0.005805447697639465,3.370322297002737e-05
previous_patch,relative_return,24,3,26,-0.008495038375258446,-0.03224223852157593,0.023747200146317482,0.023747200146317482,0.000563929514789261
previous_patch,relative_return,24,4,27,-0.006075966637581587,-0.029519081115722656,0.023443114012479782,0.023443114012479782,0.0005495795946021259
previous_patch,relative_return,24,5,28,0.03296763077378273,-0.00958549976348877,0.0425531305372715,0.0425531305372715,0.0018107689185220682
previous_patch,relative_return,25,1,25,-0.028211986646056175,0.02601039409637451,-0.054222382605075836,0.054222382605075836,0.0029400667753712306
previous_patch,relative_return,25,2,26,-0.03616359457373619,0.029639840126037598,-0.06580343842506409,0.06580343842506409,0.004330092508561201
previous_patch,relative_return,25,3,27,-0.03224219009280205,0.03871321678161621,-0.07095541059970856,0.07095541059970856,0.0050346702933732335
previous_patch,relative_return,25,4,28,-0.02951904572546482,0.03172934055328369,-0.06124838441610336,0.06124838441610336,0.0037513645935827733
previous_patch,relative_return,25,5,29,-0.009585459716618061,0.02029132843017578,-0.029876787215471268,0.029876787215471268,0.0008926224143185474
previous_patch,relative_return,26,1,26,0.026010416448116302,-0.002694845199584961,0.028705261647701263,0.028705261647701263,0.000823992046262989
previous_patch,relative_return,26,2,27,0.02963976003229618,0.01924121379852295,0.010398546233773232,0.010398546233773232,0.00010812976377591946
previous_patch,relative_return,26,3,28,0.03871314600110054,0.03788948059082031,0.0008236654102802277,0.0008236654102802277,6.784247080920958e-07
previous_patch,relative_return,26,4,29,0.03172934800386429,-0.012827396392822266,0.044556744396686554,0.044556744396686554,0.0019853034712316586
previous_patch,relative_return,26,5,30,0.020291373133659363,0.014983415603637695,0.0053079575300216675,0.0053079575300216675,2.817441314051372e-05
previous_patch,relative_return,27,1,27,-0.002694873372092843,-0.04402083158493042,0.04132595658302307,0.04132595658302307,0.001707834687501908
previous_patch,relative_return,27,2,28,0.019241144880652428,-0.04508286714553833,0.06432401388883591,0.06432401388883591,0.004137578762771155
previous_patch,relative_return,27,3,29,0.03788942098617554,-0.034568846225738525,0.07245826721191406,0.07245826721191406,0.0052502004873531405
previous_patch,relative_return,27,4,30,-0.012827355414628983,-0.027081608772277832,0.01425425335764885,0.01425425335764885,0.0002031837387840435
previous_patch,relative_return,27,5,31,0.014983332715928555,-0.03016144037246704,0.04514477401971817,0.04514477401971817,0.0020380506212914207
previous_patch,relative_return,28,1,28,-0.04402083158493042,-0.008103370666503906,-0.035917460918426514,0.035917460918426514,0.001290063998826696
previous_patch,relative_return,28,2,29,-0.04508282244205475,-0.012921571731567383,-0.032161250710487366,0.032161250710487366,0.001034346047262824
previous_patch,relative_return,28,3,30,-0.034568868577480316,-0.0026280879974365234,-0.03194078058004379,0.03194078058004379,0.0010202134640625027
previous_patch,relative_return,28,4,31,-0.027081578969955444,0.019820332527160645,-0.04690191149711609,0.04690191149711609,0.0021997893020833104
previous_patch,relative_return,28,5,32,-0.03016142174601555,0.04845595359802246,-0.07861737906932831,0.07861737906932831,0.006180692291730461
previous_patch,relative_return,29,1,29,-0.008103384636342525,0.04981982707977295,-0.05792321264743805,0.05792321264743805,0.003355098563400327
previous_patch,relative_return,29,2,30,-0.012921596877276897,0.08120524883270264,-0.09412684291601181,0.09412684291601181,0.008859862557335563
previous_patch,relative_return,29,3,31,-0.0026281157042831182,0.059533119201660156,-0.06216123327612877,0.06216123327612877,0.0038640189224092986
previous_patch,relative_return,29,4,32,0.019820358604192734,0.057444214820861816,-0.03762385621666908,0.03762385621666908,0.0014155545566125888
previous_patch,relative_return,29,5,33,0.04845593124628067,0.08036971092224121,-0.03191377967596054,0.03191377967596054,0.001018489333205752
previous_patch,relative_return,30,1,30,0.04981983080506325,-0.03958815336227417,0.08940798044204712,0.08940798044204712,0.00799378696672548
previous_patch,relative_return,30,2,31,0.08120524138212204,-0.056409478187561035,0.13761472702026367,0.13761472702026367,0.01893781309286169
previous_patch,relative_return,30,3,32,0.059533100575208664,-0.09087395668029785,0.15040706098079681,0.15040706098079681,0.02262228399288113
previous_patch,relative_return,30,4,33,0.05744427815079689,-0.09053564071655273,0.14797991514205933,0.14797991514205933,0.02189805528545108
previous_patch,relative_return,30,5,34,0.08036980032920837,-0.037848055362701416,0.11821785569190979,0.11821785569190979,0.013975461404393208
previous_patch,relative_return,31,1,31,-0.03958819434046745,-0.02959054708480835,-0.009997647255659103,0.009997647255659103,9.9952950648588e-05
previous_patch,relative_return,31,2,32,-0.056409530341625214,-0.026375293731689453,-0.03003423660993576,0.03003423660993576,0.0009020553687416055
previous_patch,relative_return,31,3,33,-0.09087395668029785,-0.06124091148376465,-0.029633045196533203,0.029633045196533203,0.0008781173676197795
previous_patch,relative_return,31,4,34,-0.09053566306829453,-0.04461193084716797,-0.045923732221126556,0.045923732221126556,0.0021089891811177375
previous_patch,relative_return,31,5,35,-0.037848085165023804,-0.06254708766937256,0.024699002504348755,0.024699002504348755,0.0006100407247098261
previous_patch,relative_return,32,1,32,-0.029590491205453873,-0.02808147668838501,-0.001509014517068863,0.001509014517068863,2.2771248127245736e-06
previous_patch,relative_return,32,2,33,-0.02637522481381893,-0.00042873620986938477,-0.025946488603949547,0.025946488603949547,0.0006732202708748837
previous_patch,relative_return,32,3,34,-0.06124088540673256,-0.0319400429725647,-0.029300842434167862,0.029300842434167862,0.000858539367351932
previous_patch,relative_return,32,4,35,-0.04461187124252319,-0.041371941566467285,-0.003239929676055908,0.003239929676055908,1.0497144305787742e-05
previous_patch,relative_return,32,5,36,-0.06254707276821136,-0.02170419692993164,-0.040842875838279724,0.040842875838279724,0.0016681405067411337
previous_patch,relative_return,33,1,33,-0.028081486001610756,-0.025910675525665283,-0.0021708104759454727,0.0021708104759454727,4.71241812247461e-06
previous_patch,relative_return,33,2,34,-0.00042872369522228837,-0.012544572353363037,0.012115848250687122,0.012115848250687122,0.0001467937788336782
previous_patch,relative_return,33,3,35,-0.031939998269081116,-0.030402660369873047,-0.0015373378992080688,0.0015373378992080688,2.3634078163414785e-06
previous_patch,relative_return,33,4,36,-0.041371919214725494,-0.014407038688659668,-0.026964880526065826,0.026964880526065826,0.000727104781785004
previous_patch,relative_return,33,5,37,-0.021704185754060745,-0.005970954895019531,-0.015733230859041214,0.015733230859041214,0.00024753455326388674
previous_patch,relative_return,34,1,34,-0.02591067925095558,-0.010305345058441162,-0.01560533419251442,0.01560533419251442,0.00024352645526005967
previous_patch,relative_return,34,2,35,-0.012544533237814903,0.010580778121948242,-0.023125311359763145,0.023125311359763145,0.0005347800254859904
previous_patch,relative_return,34,3,36,-0.030402634292840958,0.00523531436920166,-0.03563794866204262,0.03563794866204262,0.0012700633848383852
previous_patch,relative_return,34,4,37,-0.014407019130885601,0.022539377212524414,-0.03694639727473259,0.03694639727473259,0.0013650362715823677
previous_patch,relative_return,34,5,38,-0.005970947910100222,0.019343018531799316,-0.02531396597623825,0.02531396597623825,0.0006407968734461478
previous_patch,relative_return,35,1,35,-0.010305345058441162,-0.0064334869384765625,-0.0038718581199645996,0.0038718581199645996,1.4991285301135804e-05
previous_patch,relative_return,35,2,36,0.010580822825431824,-0.02184140682220459,0.032422229647636414,0.032422229647636414,0.0010512009753240736
previous_patch,relative_return,35,3,37,0.0052353390492498875,-0.053792476654052734,0.059027817100286484,0.059027817100286484,0.0034842831916248734
previous_patch,relative_return,35,4,38,0.022539379075169563,-0.04692655801773071,0.06946593523025513,0.06946593523025513,0.004825516157414
previous_patch,relative_return,35,5,39,0.019343102350831032,-0.03919553756713867,0.058538638055324554,0.058538638055324554,0.003426772145372292
previous_patch,relative_return,36,1,36,-0.006433498114347458,-0.038149893283843994,0.031716395169496536,0.031716395169496536,0.0010059297225476632
previous_patch,relative_return,36,2,37,-0.021841419860720634,-0.02014404535293579,-0.0016973745077848434,0.0016973745077848434,2.8810802196778396e-06
previous_patch,relative_return,36,3,38,-0.05379251763224602,0.018399715423583984,-0.0721922367811203,0.0721922367811203,0.005211719051461339
previous_patch,relative_return,36,4,39,-0.046926576644182205,0.03359222412109375,-0.08051879703998566,0.08051879703998566,0.006483276676766403
previous_patch,relative_return,36,5,40,-0.03919557109475136,0.06465232372283936,-0.10384789109230042,0.10384789109230042,0.010784384484318288
previous_patch,relative_return,37,1,37,-0.03814989700913429,-0.003171086311340332,-0.03497881069779396,0.03497881069779396,0.0012235171978321052
previous_patch,relative_return,37,2,38,-0.02014402113854885,0.00697636604309082,-0.02712038718163967,0.02712038718163967,0.0007355154008820454
previous_patch,relative_return,37,3,39,0.018399788066744804,-0.005232334136962891,0.023632122203707695,0.023632122203707695,0.0005584771998509742
previous_patch,relative_return,37,4,40,0.033592212945222855,-0.008826255798339844,0.0424184687435627,0.0424184687435627,0.0017993264905486056
previous_patch,relative_return,37,5,41,0.06465230137109756,-0.014322757720947266,0.07897505909204483,0.07897505909204483,0.006237059958591973
previous_patch,relative_return,38,1,38,-0.0031711007468402386,0.012600541114807129,-0.015771642327308655,0.015771642327308655,0.00024874470170055396
previous_patch,relative_return,38,2,39,0.006976333912461996,0.008686304092407227,-0.0017099701799452305,0.0017099701799452305,2.923998016301924e-06
previous_patch,relative_return,38,3,40,-0.005232277791947126,0.003967881202697754,-0.009200159460306168,0.009200159460306168,8.464293409506107e-05
previous_patch,relative_return,38,4,41,-0.008826243691146374,0.013994693756103516,-0.022820938378572464,0.022820938378572464,0.0005207952284786016
previous_patch,relative_return,38,5,42,-0.014322715811431408,-0.007828474044799805,-0.006494241766631603,0.006494241766631603,4.217517612346237e-05
previous_patch,relative_return,39,1,39,0.012600517831742764,-0.000972747802734375,0.013573265634477139,0.013573265634477139,0.00018423353998407808
previous_patch,relative_return,39,2,40,0.008686295710504055,-0.0005403757095336914,0.009226671420037746,0.009226671420037746,8.513146549334136e-05
previous_patch,relative_return,39,3,41,0.003967806696891785,0.004161238670349121,-0.00019343197345733643,0.00019343197345733643,3.7415928355599704e-08
previous_patch,relative_return,39,4,42,0.013994603417813778,-0.010268032550811768,0.02426263689994812,0.02426263689994812,0.0005886755493387241
previous_patch,relative_return,39,5,43,-0.007828500121831894,0.010862588882446289,-0.018691089004278183,0.018691089004278183,0.0003493568081658488
previous_patch,relative_return,40,1,40,-0.0009726907592266798,-0.0043839216232299805,0.0034112308640033007,0.0034112308640033007,1.1636496007528705e-05
previous_patch,relative_return,40,2,41,-0.0005403526592999697,-0.048008501529693604,0.0474681481719017,0.0474681481719017,0.002253225090869615
previous_patch,relative_return,40,3,42,0.004161303397268057,-0.01994115114212036,0.024102455005049706,0.024102455005049706,0.0005809283372704456
previous_patch,relative_return,40,4,43,-0.01026798877865076,-0.011815071105957031,0.0015470823273062706,0.0015470823273062706,2.3934637274633866e-06
previous_patch,relative_return,40,5,44,0.010862572118639946,0.0033146142959594727,0.007547957822680473,0.007547957822680473,5.697166729296335e-05
previous_patch,relative_return,41,1,41,-0.004383887629956007,-0.00639420747756958,0.002010319847613573,0.002010319847613573,4.04138588970906e-06
previous_patch,relative_return,41,2,42,-0.048008501529693604,0.004529237747192383,-0.052537739276885986,0.052537739276885986,0.0027602140483260484
previous_patch,relative_return,41,3,43,-0.019941145554184914,0.020514726638793945,-0.04045587033033371,0.04045587033033371,0.0016366774441847753
previous_patch,relative_return,41,4,44,-0.011815047822892666,0.025789976119995117,-0.03760502487421036,0.03760502487421036,0.0014141378957899797
previous_patch,relative_return,41,5,45,0.0033146291971206665,0.018436670303344727,-0.01512204110622406,0.01512204110622406,0.0002286761272183302
previous_patch,relative_return,42,1,42,-0.006394189782440662,-0.02888089418411255,0.02248670533299446,0.02248670533299446,0.0005056519167329215
previous_patch,relative_return,42,2,43,0.004529266152530909,-0.05645376443862915,0.06098303198814392,0.06098303198814392,0.0037189301904669847
previous_patch,relative_return,42,3,44,0.0205147136002779,-0.0886307954788208,0.10914550721645355,0.10914550721645355,0.011912741745536914
previous_patch,relative_return,42,4,45,0.025789927691221237,-0.10071676969528198,0.12650670111179352,0.12650670111179352,0.01600394542618866
previous_patch,relative_return,42,5,46,0.018436621874570847,-0.02992725372314453,0.04836387559771538,0.04836387559771538,0.002339064462831289
previous_patch,relative_return,43,1,43,-0.02888086438179016,0.024971604347229004,-0.053852468729019165,0.053852468729019165,0.002900088388209987
previous_patch,relative_return,43,2,44,-0.056453753262758255,0.016881465911865234,-0.07333521544933319,0.07333521544933319,0.0053780538250001175
previous_patch,relative_return,43,3,45,-0.08863077312707901,0.025025606155395508,-0.11365637928247452,0.11365637928247452,0.012917772551601703
previous_patch,relative_return,43,4,46,-0.10071674734354019,0.00825202465057373,-0.10896877199411392,0.10896877199411392,0.011874193269905187
previous_patch,relative_return,43,5,47,-0.029927242547273636,-0.014023005962371826,-0.01590423658490181,0.01590423658490181,0.0002529447413485292
previous_patch,relative_return,44,1,44,0.024971557781100273,0.011815547943115234,0.013156009837985039,0.013156009837985039,0.00017308059485715913
previous_patch,relative_return,44,2,45,0.016881436109542847,0.02828073501586914,-0.011399298906326294,0.011399298906326294,0.00012994401555577184
previous_patch,relative_return,44,3,46,0.025025568902492523,0.027843117713928223,-0.0028175488114356995,0.0028175488114356995,7.938581304822723e-06
previous_patch,relative_return,44,4,47,0.008251930586993694,0.038345932960510254,-0.030094001442193985,0.030094001442193985,0.0009056489228027736
previous_patch,relative_return,44,5,48,-0.014023032039403915,0.04780924320220947,-0.06183227524161339,0.06183227524161339,0.003823230261554636
previous_patch,relative_return,45,1,45,0.011815579608082771,0.006786704063415527,0.005028875544667244,0.005028875544667244,2.528958924375227e-05
previous_patch,relative_return,45,2,46,0.028280723839998245,0.020934462547302246,0.007346261292695999,0.007346261292695999,5.396755498056349e-05
previous_patch,relative_return,45,3,47,0.027843110263347626,-0.03476899862289429,0.06261210888624191,0.06261210888624191,0.0039202761791826135
previous_patch,relative_return,45,4,48,0.038345854729413986,-0.0749673843383789,0.11331324279308319,0.11331324279308319,0.01283989099228422
previous_patch,relative_return,45,5,49,0.04780920594930649,-0.04735058546066284,0.09515979140996933,0.09515979140996933,0.009055385901188873
previous_patch,relative_return,46,1,46,0.006786766927689314,-0.013316512107849121,0.020103279501199722,0.020103279501199722,0.00040414184670335696
previous_patch,relative_return,46,2,47,0.020934514701366425,0.0030688047409057617,0.017865709960460663,0.017865709960460663,0.00031918359239130334
previous_patch,relative_return,46,3,48,-0.0347689613699913,0.004712820053100586,-0.03948178142309189,0.03948178142309189,0.0015588110643408037
previous_patch,relative_return,46,4,49,-0.07496736198663712,-0.025536954402923584,-0.04943040758371353,0.04943040758371353,0.002443365193892044
previous_patch,relative_return,46,5,50,-0.04735058173537254,0.0009316205978393555,-0.0482822023332119,0.0482822023332119,0.0023311710621452125
previous_patch,relative_return,47,1,47,-0.013316452503204346,0.011606931686401367,-0.024923384189605713,0.024923384189605713,0.000621175079462688
previous_patch,relative_return,47,2,48,0.0030688236001878977,0.018505334854125977,-0.015436511486768723,0.015436511486768723,0.00023828588688114272
previous_patch,relative_return,47,3,49,0.004712850321084261,0.002682805061340332,0.002030045259743929,0.002030045259743929,4.121083756608796e-06
previous_patch,relative_return,47,4,50,-0.025536982342600822,-0.013139843940734863,-0.01239713840186596,0.01239713840186596,0.00015368904055501967
previous_patch,relative_return,47,5,51,0.0009316284558735788,0.0031207799911499023,-0.0021891514770686626,0.0021891514770686626,4.792384189551907e-06
previous_patch,relative_return,48,1,48,0.01160696055740118,-0.007040739059448242,0.018647700548171997,0.018647700548171997,0.0003477367357342942
previous_patch,relative_return,48,2,49,0.018505344167351723,-0.015391349792480469,0.03389669209718704,0.03389669209718704,0.0011489857351315025
previous_patch,relative_return,48,3,50,0.002682742662727833,-0.025433897972106934,0.028116639703512192,0.028116639703512192,0.0007905454282171182
previous_patch,relative_return,48,4,51,-0.013139859773218632,-0.057417333126068115,0.04427747428417206,0.04427747428417206,0.001960494728985518
previous_patch,relative_return,48,5,52,0.003120737848803401,-0.041371047496795654,0.044491786509752274,0.044491786509752274,0.0019795190668293744
previous_patch,relative_return,49,1,49,-0.007040780037641525,-0.0025051236152648926,-0.004535656422376633,0.004535656422376633,2.0572179181846395e-05
previous_patch,relative_return,49,2,50,-0.015391345135867596,0.01730811595916748,-0.03269946202635765,0.03269946202635765,0.001069254816813206
previous_patch,relative_return,49,3,51,-0.025433896109461784,-0.025051236152648926,-0.0003826599568128586,0.0003826599568128586,1.464286425480188e-07
previous_patch,relative_return,49,4,52,-0.05741734057664871,-0.04623091220855713,-0.011186428368091583,0.011186428368091583,0.00012513617963444412
previous_patch,relative_return,49,5,53,-0.04137101769447327,-0.05961054563522339,0.018239527940750122,0.018239527940750122,0.0003326803795014044
previous_patch,relative_return,50,1,50,-0.002505148760974407,0.05588173866271973,-0.05838688835501671,0.05838688835501671,0.0034090287317811857
previous_patch,relative_return,50,2,51,0.01730809547007084,0.06405520439147949,-0.0467471107840538,0.0467471107840538,0.0021852923666565993
previous_patch,relative_return,50,3,52,-0.02505125105381012,0.07398438453674316,-0.09903563559055328,0.09903563559055328,0.009808057116824864
previous_patch,relative_return,50,4,53,-0.046230923384428024,0.07549798488616943,-0.12172891199588776,0.12172891199588776,0.014817928015702586
previous_patch,relative_return,50,5,54,-0.059610605239868164,0.07828307151794434,-0.1378936767578125,0.1378936767578125,0.01901466608978808
previous_patch,relative_return,51,1,51,0.05588177964091301,0.022346973419189453,0.033534806221723557,0.033534806221723557,0.001124583228328549
previous_patch,relative_return,51,2,52,0.06405526399612427,0.03262209892272949,0.031433165073394775,0.031433165073394775,0.0009880438665312852
previous_patch,relative_return,51,3,53,0.07398437708616257,0.059124112129211426,0.014860264956951141,0.014860264956951141,0.0002208274745907901
previous_patch,relative_return,51,4,54,0.07549799233675003,0.06294214725494385,0.012555845081806183,0.012555845081806183,0.0001576492457183165
previous_patch,relative_return,51,5,55,0.07828307151794434,0.10336887836456299,-0.025085806846618652,0.025085806846618652,0.0006292977051458593
previous_patch,relative_return,52,1,52,0.022346965968608856,0.012009620666503906,0.01033734530210495,0.01033734530210495,0.00010686070789495128
previous_patch,relative_return,52,2,53,0.03262210637331009,0.009363412857055664,0.023258693516254425,0.023258693516254425,0.0005409668240830556
previous_patch,relative_return,52,3,54,0.05912407860159874,0.02630913257598877,0.03281494602560997,0.03281494602560997,0.0010768206826636956
previous_patch,relative_return,52,4,55,0.06294206529855728,0.028242826461791992,0.03469923883676529,0.03469923883676529,0.0012040371758508805
previous_patch,relative_return,52,5,56,0.10336876660585403,0.01714932918548584,0.0862194374203682,0.0862194374203682,0.007433791389084787
previous_patch,relative_return,53,1,53,0.012009570375084877,0.013107895851135254,-0.001098325476050377,0.001098325476050377,1.206318851341287e-06
previous_patch,relative_return,53,2,54,0.00936353113502264,-0.0012007355690002441,0.010564266704022884,0.010564266704022884,0.00011160373099372654
previous_patch,relative_return,53,3,55,0.026309089735150337,0.04197514057159424,-0.0156660508364439,0.0156660508364439,0.00024542514881004465
previous_patch,relative_return,53,4,56,0.028242843225598335,0.08370018005371094,-0.05545733869075775,0.05545733869075775,0.0030755164146614167
previous_patch,relative_return,53,5,57,0.017149293795228004,0.0664898157119751,-0.04934052377939224,0.04934052377939224,0.0024344872868247713
previous_patch,relative_return,54,1,54,0.013107852078974247,-0.01838904619216919,0.03149689733982086,0.03149689733982086,0.0009920545420352145
previous_patch,relative_return,54,2,55,-0.0012006661854684353,-0.06379878520965576,0.06259811669588089,0.06259811669588089,0.003918524213871122
previous_patch,relative_return,54,3,56,0.04197518900036812,-0.06905287504196167,0.11102806031703949,0.11102806031703949,0.012327230177764159
previous_patch,relative_return,54,4,57,0.0837002843618393,-0.06891214847564697,0.15261243283748627,0.15261243283748627,0.023290554656576257
previous_patch,relative_return,54,5,58,0.06648994237184525,-0.07820051908493042,0.14469045400619507,0.14469045400619507,0.02093532748051885
previous_patch,relative_return,55,1,55,-0.01838909089565277,0.057659029960632324,-0.0760481208562851,0.0760481208562851,0.005783316685772144
previous_patch,relative_return,55,2,56,-0.06379881501197815,0.07633590698242188,-0.14013472199440002,0.14013472199440002,0.019637740308447782
previous_patch,relative_return,55,3,57,-0.06905292719602585,0.09516537189483643,-0.16421830654144287,0.16421830654144287,0.0269676522033393
previous_patch,relative_return,55,4,58,-0.06891218572854996,0.11674296855926514,-0.1856551468372345,0.1856551468372345,0.0344678335471551
previous_patch,relative_return,55,5,59,-0.07820054143667221,0.12356233596801758,-0.20176288485527039,0.20176288485527039,0.040708261705121096
previous_patch,relative_return,56,1,56,0.05765901878476143,0.022873520851135254,0.034785497933626175,0.034785497933626175,0.0012100308664903109
previous_patch,relative_return,56,2,57,0.0763358622789383,0.06775975227355957,0.008576110005378723,0.008576110005378723,7.354966282435704e-05
previous_patch,relative_return,56,3,58,0.09516537934541702,0.020563483238220215,0.07460189610719681,0.07460189610719681,0.005565442902788986
previous_patch,relative_return,56,4,59,0.11674299836158752,0.006975293159484863,0.10976770520210266,0.10976770520210266,0.012048949105335716
previous_patch,relative_return,56,5,60,0.12356233596801758,-0.0007699728012084961,0.12433230876922607,0.12433230876922607,0.015458523003886171
previous_patch,relative_return,57,1,57,0.022873515263199806,0.012964010238647461,0.009909505024552345,0.009909505024552345,9.819828983162818e-05
previous_patch,relative_return,57,2,58,0.06775976717472076,-0.004986226558685303,0.07274599373340607,0.07274599373340607,0.005291979604260755
previous_patch,relative_return,57,3,59,0.02056352235376835,-0.02393364906311035,0.04449716955423355,0.04449716955423355,0.0019799980983382093
previous_patch,relative_return,57,4,60,0.006975338328629732,-0.02606409788131714,0.033039435744285583,0.033039435744285583,0.0010916043143007759
previous_patch,relative_return,57,5,61,-0.0007699664565734565,-0.0363084077835083,0.0355384424328804,0.0355384424328804,0.0012629808905551543
previous_patch,relative_return,58,1,58,0.012964087538421154,0.0077610015869140625,0.0052030859515070915,0.0052030859515070915,2.7072103418770456e-05
previous_patch,relative_return,58,2,59,-0.004986223764717579,-0.006867408752441406,0.0018811849877238274,0.0018811849877238274,3.5388569580374965e-06
previous_patch,relative_return,58,3,60,-0.023933591321110725,0.05531513690948486,-0.07924872636795044,0.07924872636795044,0.006280360630942283
previous_patch,relative_return,58,4,61,-0.0260640736669302,0.04807150363922119,-0.07413557916879654,0.07413557916879654,0.005496084098692899
previous_patch,relative_return,58,5,62,-0.0363084115087986,0.010112881660461426,-0.046421293169260025,0.046421293169260025,0.0021549364595063875
previous_patch,relative_return,59,1,59,0.007761080749332905,0.018207192420959473,-0.010446111671626568,0.010446111671626568,0.00010912124905609281
previous_patch,relative_return,59,2,60,-0.006867379415780306,-0.04493594169616699,0.038068562746047974,0.038068562746047974,0.0014492154695497916
previous_patch,relative_return,59,3,61,0.055315181612968445,-0.02845168113708496,0.0837668627500534,0.0837668627500534,0.007016887294986285
previous_patch,relative_return,59,4,62,0.04807155951857567,-0.030547142028808594,0.07861870527267456,0.07861870527267456,0.006180900818751667
previous_patch,relative_return,59,5,63,0.010112849995493889,-0.06672877073287964,0.07684162259101868,0.07684162259101868,0.005904634962420552
previous_patch,relative_return,60,1,60,0.018207261338829994,0.02220332622528076,-0.0039960648864507675,0.0039960648864507675,1.5968534576724785e-05
previous_patch,relative_return,60,2,61,-0.0449359267950058,0.023800015449523926,-0.06873594224452972,0.06873594224452972,0.004724629756243326
previous_patch,relative_return,60,3,62,-0.02845163829624653,0.06002390384674072,-0.0884755402803421,0.0884755402803421,0.007827921227898438
previous_patch,relative_return,60,4,63,-0.030547088012099266,0.03487682342529297,-0.06542391330003738,0.06542391330003738,0.0042802884314908085
previous_patch,relative_return,60,5,64,-0.06672874093055725,0.021105647087097168,-0.08783438801765442,0.08783438801765442,0.007714879718435874
previous_patch,relative_return,61,1,61,0.022203322499990463,0.029513835906982422,-0.007310513406991959,0.007310513406991959,5.3443606273809174e-05
previous_patch,relative_return,61,2,62,0.023800071328878403,0.019545555114746094,0.004254516214132309,0.004254516214132309,1.8100908216314715e-05
previous_patch,relative_return,61,3,63,0.06002394109964371,-0.022526264190673828,0.08255020529031754,0.08255020529031754,0.006814536393473569
previous_patch,relative_return,61,4,64,0.034876748919487,-0.027608096599578857,0.06248484551906586,0.06248484551906586,0.0039043559195415245
previous_patch,relative_return,61,5,65,0.02110561728477478,-0.043537676334381104,0.06464329361915588,0.06464329361915588,0.0041787554099324
previous_patch,relative_return,62,1,62,0.029513875022530556,-0.0163993239402771,0.045913197100162506,0.045913197100162506,0.0021080216679583708
previous_patch,relative_return,62,2,63,0.019545629620552063,-0.0039337873458862305,0.023479416966438293,0.023479416966438293,0.0005512830210838704
previous_patch,relative_return,62,3,64,-0.022526215761899948,0.022223353385925293,-0.04474956914782524,0.04474956914782524,0.0020025239389159927
previous_patch,relative_return,62,4,65,-0.027608001604676247,0.009400248527526855,-0.03700824826955795,0.03700824826955795,0.0013696104399812392
previous_patch,relative_return,62,5,66,-0.04353762045502663,-0.004649043083190918,-0.03888857737183571,0.03888857737183571,0.0015123214500052523
previous_patch,relative_return,63,1,63,-0.01639934442937374,0.0036954879760742188,-0.02009483240544796,0.02009483240544796,0.00040380228940304144
previous_patch,relative_return,63,2,64,-0.003933880943804979,0.010778546333312988,-0.01471242681145668,0.01471242681145668,0.00021645550268246938
previous_patch,relative_return,63,3,65,0.022223319858312607,0.04768252372741699,-0.025459203869104385,0.025459203869104385,0.0006481710616486197
previous_patch,relative_return,63,4,66,0.00940015260130167,0.04080474376678467,-0.03140459209680557,0.03140459209680557,0.000986248404766743
previous_patch,relative_return,63,5,67,-0.004649074282497168,0.08279013633728027,-0.08743920922279358,0.08743920922279358,0.00764561530950747
previous_patch,relative_return,64,1,64,0.003695575287565589,-0.03521996736526489,0.038915541023015976,0.038915541023015976,0.0015144193331140393
previous_patch,relative_return,64,2,65,0.010778539814054966,0.003981828689575195,0.006796711124479771,0.006796711124479771,4.619528210962707e-05
previous_patch,relative_return,64,3,66,0.04768257215619087,0.007299900054931641,0.04038267210125923,0.04038267210125923,0.0016307602060378207
previous_patch,relative_return,64,4,67,0.04080478474497795,-0.01687532663345337,0.05768011137843132,0.05768011137843132,0.0033269952486282423
previous_patch,relative_return,64,5,68,0.08279016613960266,-0.03863292932510376,0.12142309546470642,0.12142309546470642,0.014743568112231209
mean_context,relative_return,0,1,0,-0.0032174517400562763,0.01633143424987793,-0.01954888552427292,0.01954888552427292,0.00038215892524112727
mean_context,relative_return,0,2,1,-0.006424551364034414,0.018822669982910156,-0.025247221812605858,0.025247221812605858,0.000637422209254921
mean_context,relative_return,0,3,2,-0.0096213323995471,-0.06071227788925171,0.051090944558382034,0.051090944558382034,0.002610284615867667
mean_context,relative_return,0,4,3,-0.01280782837420702,-0.12982100248336792,0.11701317131519318,0.11701317131519318,0.013692082261238747
mean_context,relative_return,0,5,4,-0.015984071418642998,-0.09909576177597046,0.08311168849468231,0.08311168849468231,0.006907552764437108
mean_context,relative_return,1,1,1,-0.004642189014703035,-0.01372385025024414,0.009081661701202393,0.009081661701202393,8.247657925508634e-05
mean_context,relative_return,1,2,2,-0.009262828156352043,0.17093408107757568,-0.18019691109657288,0.18019691109657288,0.03247092676874619
mean_context,relative_return,1,3,3,-0.01386201661080122,0.1017000675201416,-0.1155620813369751,0.1155620813369751,0.013354594642933648
mean_context,relative_return,1,4,4,-0.01843985542654991,0.13611221313476562,-0.15455207228660583,0.15455207228660583,0.023886343048084235
mean_context,relative_return,1,5,5,-0.022996442392468452,0.1338590383529663,-0.1568554788827896,0.1568554788827896,0.024603641255549258
mean_context,relative_return,2,1,2,-0.002456041518598795,0.013458609580993652,-0.01591465063393116,0.01591465063393116,0.00025327610480008547
mean_context,relative_return,2,2,3,-0.004906051326543093,-0.056182801723480225,0.05127675086259842,0.05127675086259842,0.0026293051790249877
mean_context,relative_return,2,3,4,-0.007350043393671513,-0.08328068256378174,0.0759306401014328,0.0759306401014328,0.005765462106213315
mean_context,relative_return,2,4,5,-0.009788032621145248,-0.12464994192123413,0.11486190557479858,0.11486190557479858,0.013193257352273946
mean_context,relative_return,2,5,6,-0.012220034375786781,-0.10676544904708862,0.09454541653394699,0.09454541653394699,0.008938835787577537
mean_context,relative_return,3,1,3,-0.002044559922069311,0.03862881660461426,-0.04067337512969971,0.04067337512969971,0.0016543234444412747
mean_context,relative_return,3,2,4,-0.004084939602762461,0.07624638080596924,-0.08033131808042526,0.08033131808042526,0.006453120664538459
mean_context,relative_return,3,3,5,-0.00612114742398262,0.12256050109863281,-0.12868164479732513,0.12868164479732513,0.016558965707744955
mean_context,relative_return,3,4,6,-0.008153191767632961,0.09950459003448486,-0.1076577827334404,0.1076577827334404,0.011590198183080658
mean_context,relative_return,3,5,7,-0.010181082412600517,0.10243701934814453,-0.1126181036233902,0.1126181036233902,0.012682837263728652
mean_context,relative_return,4,1,4,-0.00019330419308971614,-0.0009172558784484863,0.000723951670806855,0.000723951670806855,5.241060216640369e-07
mean_context,relative_return,4,2,5,-0.0003865710168611258,0.023757100105285645,-0.024143671616911888,0.024143671616911888,0.0005829168791452767
mean_context,relative_return,4,3,6,-0.0005798004567623138,0.05026602745056152,-0.05084582790732384,0.05084582790732384,0.0025852982155811915
mean_context,relative_return,4,4,7,-0.0007729926146566868,0.044028639793395996,-0.044801633805036545,0.044801633805036545,0.0020071863916005933
mean_context,relative_return,4,5,8,-0.0009661473450250924,0.041460275650024414,-0.042426422238349915,0.042426422238349915,0.0018000013039467522
mean_context,relative_return,5,1,5,-0.0018281113589182496,0.031002283096313477,-0.03283039480447769,0.03283039480447769,0.0010778348230178758
mean_context,relative_return,5,2,6,-0.0036528806667774916,0.03373265266418457,-0.03738553449511528,0.03738553449511528,0.0013976781894854545
mean_context,relative_return,5,3,7,-0.005474314093589783,0.02739119529724121,-0.032865509390830994,0.032865509390830994,0.0010801417075188002
mean_context,relative_return,5,4,8,-0.00729241780936718,0.08331859111785889,-0.09061101078987122,0.09061101078987122,0.008210355276362158
mean_context,relative_return,5,5,9,-0.009107197634875774,0.14435434341430664,-0.1534615457057953,0.1534615457057953,0.023550446010411896
mean_context,relative_return,6,1,6,-0.00022407437791116536,0.04163777828216553,-0.04186185449361801,0.04186185449361801,0.0017524148616448465
mean_context,relative_return,6,2,7,-0.00044809855171479285,0.037712693214416504,-0.038160793483257294,0.038160793483257294,0.0014562461592718123
mean_context,relative_return,6,3,8,-0.0006720725214108825,0.042099595069885254,-0.04277166724205017,0.04277166724205017,0.0018294155186646677
mean_context,relative_return,6,4,9,-0.0008959963452070951,0.04340815544128418,-0.044304151087999344,0.044304151087999344,0.0019628578036282734
mean_context,relative_return,6,5,10,-0.0011198699939996004,0.034249305725097656,-0.03536917641758919,0.03536917641758919,0.0012509786404585471
mean_context,relative_return,7,1,7,0.001960691064596176,-0.01919931173324585,0.021160002797842026,0.021160002797842026,0.00044774571840468236
mean_context,relative_return,7,2,8,0.003925226628780365,-0.011534452438354492,0.015459679067134857,0.015459679067134857,0.0002390016768588077
mean_context,relative_return,7,3,9,0.005893613677471876,-0.022994577884674072,0.028888192027807236,0.028888192027807236,0.0008345276386354655
mean_context,relative_return,7,4,10,0.007865860126912594,0.008334517478942871,-0.00046865735203027725,0.00046865735203027725,2.1963971361203122e-07
mean_context,relative_return,7,5,11,0.009841973893344402,0.0031998157501220703,0.006642158143222332,0.006642158143222332,4.411826479957474e-05
mean_context,relative_return,8,1,8,0.0033567880745977163,0.03249025344848633,-0.029133465141057968,0.029133465141057968,0.0008487587911252398
mean_context,relative_return,8,2,9,0.006724844221025705,0.002373814582824707,0.004351029638200998,0.004351029638200998,1.893145891250351e-05
mean_context,relative_return,8,3,10,0.010104206390678883,0.019063949584960938,-0.008959743194282055,0.008959743194282055,8.02769981074836e-05
mean_context,relative_return,8,4,11,0.013494911603629589,0.04754841327667236,-0.0340535007417202,0.0340535007417202,0.0011596409127663382
mean_context,relative_return,8,5,12,0.01689699850976467,0.05274093151092529,-0.03584393113851547,0.03584393113851547,0.001284787399462639
mean_context,relative_return,9,1,9,0.0052859182469546795,-0.013599157333374023,0.01888507604598999,0.01888507604598999,0.0003566460972628249
mean_context,relative_return,9,2,10,0.010599777102470398,-0.0014092326164245605,0.012009009718894958,0.012009009718894958,0.00014421631442851357
mean_context,relative_return,9,3,11,0.015941724181175232,0.005002856254577637,0.010938867926597595,0.010938867926597595,0.00011965883151554557
mean_context,relative_return,9,4,12,0.021311908960342407,0.014374375343322754,0.006937533617019653,0.006937533617019653,4.8129372687277794e-05
mean_context,relative_return,9,5,13,0.026710480451583862,0.006412148475646973,0.02029833197593689,0.02029833197593689,0.000412022281005342
mean_context,relative_return,10,1,10,0.004320808686316013,0.015192866325378418,-0.010872057639062405,0.010872057639062405,0.00011820163730709519
mean_context,relative_return,10,2,11,0.008660286664962769,-0.00602114200592041,0.014681428670883179,0.014681428670883179,0.00021554434781823062
mean_context,relative_return,10,3,12,0.013018514961004257,0.013022422790527344,-3.907829523086548e-06,3.907829523086548e-06,1.5271131581506836e-11
mean_context,relative_return,10,4,13,0.01739557459950447,0.00903165340423584,0.008363921195268631,0.008363921195268631,6.995517776066384e-05
mean_context,relative_return,10,5,14,0.021791545674204826,0.018553495407104492,0.003238050267100334,0.003238050267100334,1.0484969532268545e-05
mean_context,relative_return,11,1,11,0.003874433459714055,-0.011204242706298828,0.01507867593318224,0.01507867593318224,0.00022736646789792928
mean_context,relative_return,11,2,12,0.00776387844234705,-0.009004652500152588,0.016768530011177063,0.016768530011177063,0.00028118359873574583
mean_context,relative_return,11,3,13,0.011668392457067966,0.016634583473205566,-0.0049661910161376,0.0049661910161376,2.4663053208765807e-05
mean_context,relative_return,11,4,14,0.015588034875690937,0.060695648193359375,-0.04510761424899101,0.04510761424899101,0.002034696863235777
mean_context,relative_return,11,5,15,0.019522862508893013,0.06557607650756836,-0.046053215861320496,0.046053215861320496,0.0021208986911693817
mean_context,relative_return,12,1,12,0.006483944598585367,0.017610549926757812,-0.011126605793833733,0.011126605793833733,0.0001238013564913744
mean_context,relative_return,12,2,13,0.013009930960834026,0.01915884017944336,-0.006148909218609333,0.006148909218609333,3.780908457869884e-05
mean_context,relative_return,12,3,14,0.019578231498599052,-0.01109534502029419,0.030673576518893242,0.030673576518893242,0.0009408682964603989
mean_context,relative_return,12,4,15,0.02618911862373352,0.014385223388671875,0.011803895235061646,0.011803895235061646,0.00013933194272031102
mean_context,relative_return,12,5,16,0.03284287452697754,0.02786731719970703,0.004975557327270508,0.004975557327270508,2.475617071695524e-05
mean_context,relative_return,13,1,13,0.009129853919148445,-0.006903409957885742,0.016033263877034187,0.016033263877034187,0.00025706555055060934
mean_context,relative_return,13,2,14,0.018343063071370125,0.004142165184020996,0.014200897887349129,0.014200897887349129,0.00020166550080691695
mean_context,relative_return,13,3,15,0.027640387415885925,0.02221667766571045,0.005423709750175476,0.005423709750175476,2.9416627454148525e-05
mean_context,relative_return,13,4,16,0.03702259436249733,0.029873251914978027,0.007149342447519302,0.007149342447519302,5.111309743190129e-05
mean_context,relative_return,13,5,17,0.04649045690894127,0.035019516944885254,0.011470939964056015,0.011470939964056015,0.0001315824636589774
mean_context,relative_return,14,1,14,0.006822987925261259,-0.005153954029083252,0.011976942420005798,0.011976942420005798,0.00014344714973213435
mean_context,relative_return,14,2,15,0.013692528940737247,0.035047292709350586,-0.021354764699935913,0.021354764699935913,0.00045602597538962897
mean_context,relative_return,14,3,16,0.020608941093087196,0.03910982608795166,-0.018500884994864464,0.018500884994864464,0.00034228274559320107
mean_context,relative_return,14,4,17,0.027572544291615486,0.048993468284606934,-0.021420923992991447,0.021420923992991447,0.00045885598471351666
mean_context,relative_return,14,5,18,0.03458365797996521,0.04541599750518799,-0.010832339525222778,0.010832339525222778,0.00011733957958970365
mean_context,relative_return,15,1,15,0.009005644358694553,-0.005974113941192627,0.01497975829988718,0.01497975829988718,0.00022439315872303887
mean_context,relative_return,15,2,16,0.018092390149831772,-0.031204700469970703,0.049297090619802475,0.049297090619802475,0.002430203143577017
mean_context,relative_return,15,3,17,0.02726096846163273,-0.00945425033569336,0.03671521693468094,0.03671521693468094,0.001348007154560682
mean_context,relative_return,15,4,18,0.036512117832899094,0.0077141523361206055,0.028797965496778488,0.028797965496778488,0.0008293228167536443
mean_context,relative_return,15,5,19,0.04584657400846481,0.006322145462036133,0.03952442854642868,0.03952442854642868,0.0015621804519217464
mean_context,relative_return,16,1,16,0.008100271224975586,0.01873195171356201,-0.010631680488586426,0.010631680488586426,0.0001130326300113893
mean_context,relative_return,16,2,17,0.01626615598797798,0.011584997177124023,0.004681158810853958,0.004681158810853958,2.1913247812435643e-05
mean_context,relative_return,16,3,18,0.024498187005519867,0.03325653076171875,-0.008758343756198883,0.008758343756198883,7.670858535174796e-05
mean_context,relative_return,16,4,19,0.03279690071940422,0.025187253952026367,0.007609646767377853,0.007609646767377853,5.7906723924264214e-05
mean_context,relative_return,16,5,20,0.04116283357143402,0.0012680292129516602,0.03989480435848236,0.03989480435848236,0.0015915954148015832
mean_context,relative_return,17,1,17,0.0068935672752559185,0.03615009784698486,-0.029256530106067657,0.029256530106067657,0.0008559445538472432
mean_context,relative_return,17,2,18,0.013834656216204166,0.026134014129638672,-0.012299357913434505,0.012299357913434505,0.000151274205082764
mean_context,relative_return,17,3,19,0.02082359418272972,0.03281140327453613,-0.011987809091806412,0.011987809091806412,0.00014370756682159647
mean_context,relative_return,17,4,20,0.02786070853471756,0.04058253765106201,-0.012721829116344452,0.012721829116344452,0.00016184493606546946
mean_context,relative_return,17,5,21,0.03494633734226227,0.05169236660003662,-0.016746029257774353,0.016746029257774353,0.00028042949590223465
mean_context,relative_return,18,1,18,0.005236993543803692,-0.0035030245780944824,0.008740018121898174,0.008740018121898174,7.638791677110849e-05
mean_context,relative_return,18,2,19,0.010501413606107235,0.0025178194046020508,0.007983594201505184,0.007983594201505184,6.37377763743072e-05
mean_context,relative_return,18,3,20,0.01579340361058712,-0.006075561046600342,0.021868964657187462,0.021868964657187462,0.0004782516151773143
mean_context,relative_return,18,4,21,0.021113106980919838,-0.003721892833709717,0.024834999814629555,0.024834999814629555,0.00061677721579265
mean_context,relative_return,18,5,22,0.026460669934749603,-0.01231527328491211,0.03877594321966171,0.03877594321966171,0.0015035737725744291
mean_context,relative_return,19,1,19,0.00547380605712533,0.008645057678222656,-0.0031712516210973263,0.0031712516210973263,1.005683684431242e-05
mean_context,relative_return,19,2,20,0.010977574624121189,-0.02665555477142334,0.037633128464221954,0.037633128464221954,0.0014162523580046327
mean_context,relative_return,19,3,21,0.016511470079421997,-0.02798563241958618,0.04449710249900818,0.04449710249900818,0.00197999213080724
mean_context,relative_return,19,4,22,0.022075656801462173,-0.03031313419342041,0.052388790994882584,0.052388790994882584,0.0027445854219054905
mean_context,relative_return,19,5,23,0.027670301496982574,-0.013632535934448242,0.04130283743143082,0.04130283743143082,0.0017059243798872026
mean_context,relative_return,20,1,20,0.004311138764023781,0.010225296020507812,-0.005914157256484032,0.005914157256484032,3.497725605442273e-05
mean_context,relative_return,20,2,21,0.008640863932669163,0.02123713493347168,-0.012596271000802517,0.012596271000802517,0.00015866604312565844
mean_context,relative_return,20,3,22,0.012989254668354988,0.02028203010559082,-0.007292775437235832,0.007292775437235832,5.3184573577950284e-05
mean_context,relative_return,20,4,23,0.01735639199614525,0.012247800827026367,0.005108591169118881,0.005108591169118881,2.6097703733199418e-05
mean_context,relative_return,20,5,24,0.021742356941103935,-0.02140575647354126,0.043148115277290344,0.043148115277290344,0.0018617598519823364
mean_context,relative_return,21,1,21,0.003841281868517399,-0.01951998472213745,0.023361265659332275,0.023361265659332275,0.0005457487332058975
mean_context,relative_return,21,2,22,0.007697319146245718,-0.02043861150741577,0.028135931119322777,0.028135931119322777,0.0007916306199512758
mean_context,relative_return,21,3,23,0.011568168178200722,-0.014467716217041016,0.026035884395241737,0.026035884395241737,0.0006778672762423922
mean_context,relative_return,21,4,24,0.015453886240720749,-0.04110682010650635,0.0565607063472271,0.0565607063472271,0.0031991135024972556
mean_context,relative_return,21,5,25,0.019354531541466713,-0.033700764179229736,0.0530552938580513,0.0530552938580513,0.002814864206364176
mean_context,relative_return,22,1,22,0.002669832669198513,0.014556407928466797,-0.011886575259268284,0.011886575259268284,0.00014129067139424887
mean_context,relative_return,22,2,23,0.005346793681383133,0.05359160900115967,-0.048244815319776535,0.048244815319776535,0.0023275622052393447
mean_context,relative_return,22,3,24,0.008030901663005352,0.05264091491699219,-0.04461001232266426,0.04461001232266426,0.001990053199428257
mean_context,relative_return,22,4,25,0.010722175240516663,0.05650293827056885,-0.045780763030052185,0.045780763030052185,0.002095878263613793
mean_context,relative_return,22,5,26,0.013420634903013706,0.05608701705932617,-0.04266638308763504,0.04266638308763504,0.0018204202457808294
mean_context,relative_return,23,1,23,0.0037350724451243877,-0.01614624261856079,0.019881315529346466,0.019881315529346466,0.00039526670717743295
mean_context,relative_return,23,2,24,0.007484095636755228,-0.041969120502471924,0.049453217536211014,0.049453217536211014,0.0024456207246838085
mean_context,relative_return,23,3,25,0.0112471217289567,-0.008495032787322998,0.019742153584957123,0.019742153584957123,0.0003897526281720354
mean_context,relative_return,23,4,26,0.01502420287579298,-0.0060759782791137695,0.021100182086229324,0.021100182086229324,0.0004452176840720329
mean_context,relative_return,23,5,27,0.01881539076566696,0.03296768665313721,-0.014152295887470245,0.014152295887470245,0.00020028747888650722
mean_context,relative_return,24,1,24,0.0027286498807370663,-0.028212010860443115,0.03094066120684147,0.03094066120684147,0.0009573245159165446
mean_context,relative_return,24,2,25,0.005464745219796896,-0.03616362810134888,0.04162837192416191,0.04162837192416191,0.0017329213490563516
mean_context,relative_return,24,3,26,0.00820830650627613,-0.03224223852157593,0.04045054316520691,0.04045054316520691,0.0016362464423602674
mean_context,relative_return,24,4,27,0.010959354229271412,-0.029519081115722656,0.040478434413671494,0.040478434413671494,0.0016385036525819047
mean_context,relative_return,24,5,28,0.01371790748089552,-0.00958549976348877,0.023303408175706863,0.023303408175706863,0.0005430488326036015
mean_context,relative_return,25,1,25,0.0025089529808610678,0.02601039409637451,-0.0235014408826828,0.0235014408826828,0.0005523177235622345
mean_context,relative_return,25,2,26,0.0050242007710039616,0.029639840126037598,-0.024615639820694923,0.024615639820694923,0.0006059297237821816
mean_context,relative_return,25,3,27,0.0075457594357430935,0.03871321678161621,-0.03116745688021183,0.03116745688021183,0.0009714103683798637
mean_context,relative_return,25,4,28,0.010073644109070301,0.03172934055328369,-0.021655697375535965,0.021655697375535965,0.0004689692288207953
mean_context,relative_return,25,5,29,0.012607871554791927,0.02029132843017578,-0.007683456875383854,0.007683456875383854,5.9035509555883416e-05
mean_context,relative_return,26,1,26,0.002239373279735446,-0.002694845199584961,0.004934218712151051,0.004934218712151051,2.4346514299341572e-05
mean_context,relative_return,26,2,27,0.004483761265873909,0.01924121379852295,-0.01475745253264904,0.01475745253264904,0.00021778240525338957
mean_context,relative_return,26,3,28,0.006733175367116928,0.03788948059082031,-0.031156305223703384,0.031156305223703384,0.0009707153551925668
mean_context,relative_return,26,4,29,0.008987626060843468,-0.012827396392822266,0.021815022453665733,0.021815022453665733,0.0004758952046539401
mean_context,relative_return,26,5,30,0.011247126385569572,0.014983415603637695,-0.003736289218068123,0.003736289218068123,1.3959857121052105e-05
mean_context,relative_return,27,1,27,0.0017722849734127522,-0.04402083158493042,0.045793116092681885,0.045793116092681885,0.0020970094814778406
mean_context,relative_return,27,2,28,0.003547710832208395,-0.04508286714553833,0.04863057658076286,0.04863057658076286,0.0023649329785774414
mean_context,relative_return,27,3,29,0.0053262836299836636,-0.034568846225738525,0.03989512845873833,0.03989512845873833,0.0015916212747392328
mean_context,relative_return,27,4,30,0.007108008023351431,-0.027081608772277832,0.0341896153986454,0.0341896153986454,0.0011689298011072907
mean_context,relative_return,27,5,31,0.008892890065908432,-0.03016144037246704,0.03905433043837547,0.03905433043837547,0.001525240725989821
mean_context,relative_return,28,1,28,0.000733585562556982,-0.008103370666503906,0.008836956694722176,0.008836956694722176,7.809180362439508e-05
mean_context,relative_return,28,2,29,0.00146770931314677,-0.012921571731567383,0.014389281161129475,0.014389281161129475,0.0002070514123340356
mean_context,relative_return,28,3,30,0.0022023716010153294,-0.0026280879974365234,0.004830459598451853,0.004830459598451853,2.3333339932275635e-05
mean_context,relative_return,28,4,31,0.0029375727754086256,0.019820332527160645,-0.01688276045024395,0.01688276045024395,0.0002850276004203213
mean_context,relative_return,28,5,32,0.003673313418403268,0.04845595359802246,-0.04478263854980469,0.04478263854980469,0.002005484715482453
mean_context,relative_return,29,1,29,0.0012189613189548254,0.04981982707977295,-0.04860086739063263,0.04860086739063263,0.002362044311121858
mean_context,relative_return,29,2,30,0.00243940856307745,0.08120524883270264,-0.07876583933830261,0.07876583933830261,0.006204057446667299
mean_context,relative_return,29,3,31,0.0036613433621823788,0.059533119201660156,-0.05587177723646164,0.05587177723646164,0.003121655491560793
mean_context,relative_return,29,4,32,0.004884767811745405,0.057444214820861816,-0.052559446543455124,0.052559446543455124,0.0027624954209543168
mean_context,relative_return,29,5,33,0.006109683308750391,0.08036971092224121,-0.07426002621650696,0.07426002621650696,0.005514551493676301
mean_context,relative_return,30,1,30,0.0023688189685344696,-0.03958815336227417,0.04195697233080864,0.04195697233080864,0.0017603875271682418
mean_context,relative_return,30,2,31,0.004743249621242285,-0.056409478187561035,0.06115272641181946,0.06115272641181946,0.003739655947598841
mean_context,relative_return,30,3,32,0.007123304530978203,-0.09087395668029785,0.0979972630739212,0.0979972630739212,0.00960346356997932
mean_context,relative_return,30,4,33,0.009508997201919556,-0.09053564071655273,0.10004463791847229,0.10004463791847229,0.010008929576238224
mean_context,relative_return,30,5,34,0.011900341138243675,-0.037848055362701416,0.04974839836359024,0.04974839836359024,0.002474903139742468
mean_context,relative_return,31,1,31,0.001772533287294209,-0.02959054708480835,0.03136308118700981,0.03136308118700981,0.0009836428615429688
mean_context,relative_return,31,2,32,0.0035482083912938833,-0.026375293731689453,0.02992350235581398,0.02992350235581398,0.0008954159932384048
mean_context,relative_return,31,3,33,0.0053270310163497925,-0.06124091148376465,0.06656794250011444,0.06656794250011444,0.0044312909686985424
mean_context,relative_return,31,4,34,0.007109006401151419,-0.04461193084716797,0.051720935851335526,0.051720935851335526,0.0026750552053379645
mean_context,relative_return,31,5,35,0.00889414083212614,-0.06254708766937256,0.07144122570753098,0.07144122570753098,0.005103848730594385
mean_context,relative_return,32,1,32,0.0008943226421251893,-0.02808147668838501,0.028975799679756165,0.028975799679756165,0.0008395969670813574
mean_context,relative_return,32,2,33,0.0017894450575113297,-0.00042873620986938477,0.0022181812673807144,0.0022181812673807144,4.9203281349587125e-06
mean_context,relative_return,32,3,34,0.002685368061065674,-0.0319400429725647,0.03462541103363037,0.03462541103363037,0.0011989190892478518
mean_context,relative_return,32,4,35,0.003582092234864831,-0.041371941566467285,0.04495403543114662,0.04495403543114662,0.002020865301544786
mean_context,relative_return,32,5,36,0.004479618277400732,-0.02170419692993164,0.02618381567299366,0.02618381567299366,0.0006855922031973084
mean_context,relative_return,33,1,33,0.0014077902305871248,-0.025910675525665283,0.02731846645474434,0.02731846645474434,0.0007462986094389917
mean_context,relative_return,33,2,34,0.002817562548443675,-0.012544572353363037,0.015362135134637356,0.015362135134637356,0.0002359951958948595
mean_context,relative_return,33,3,35,0.004229319281876087,-0.030402660369873047,0.03463197872042656,0.03463197872042656,0.001199373950092078
mean_context,relative_return,33,4,36,0.005643063690513372,-0.014407038688659668,0.020050102844834328,0.020050102844834328,0.0004020066240884336
mean_context,relative_return,33,5,37,0.007058797869831324,-0.005970954895019531,0.013029752299189568,0.013029752299189568,0.00016977444497823582
mean_context,relative_return,34,1,34,0.0013124373508617282,-0.010305345058441162,0.011617782525718212,0.011617782525718212,0.00013497287081488344
mean_context,relative_return,34,2,35,0.0026265971828252077,0.010580778121948242,-0.007954181171953678,0.007954181171953678,6.326899811626239e-05
mean_context,relative_return,34,3,36,0.003942481707781553,0.00523531436920166,-0.0012928326614201069,0.0012928326614201069,1.6714162904345967e-06
mean_context,relative_return,34,4,37,0.005260093603283167,0.022539377212524414,-0.017279284074902534,0.017279284074902534,0.00029857365814118034
mean_context,relative_return,34,5,38,0.006579434499144554,0.019343018531799316,-0.012763584032654762,0.012763584032654762,0.0001629090773586396
mean_context,relative_return,35,1,35,0.001225914224050939,-0.0064334869384765625,0.007659401278942823,0.007659401278942823,5.866642795187096e-05
mean_context,relative_return,35,2,36,0.002453331369906664,-0.02184140682220459,0.024294737726449966,0.024294737726449966,0.0005902342811969913
mean_context,relative_return,35,3,37,0.003682253183797002,-0.053792476654052734,0.05747472867369652,0.05747472867369652,0.0033033444361150327
mean_context,relative_return,35,4,38,0.004912681877613068,-0.04692655801773071,0.05183923989534378,0.05183923989534378,0.0026873067929270023
mean_context,relative_return,35,5,39,0.0061446186155080795,-0.03919553756713867,0.0453401580452919,0.0453401580452919,0.002055729931572048
mean_context,relative_return,36,1,36,0.0001845295773819089,-0.038149893283843994,0.03833442181348801,0.03833442181348801,0.001469527895774425
mean_context,relative_return,36,2,37,0.00036909320624545217,-0.02014404535293579,0.02051313780248165,0.02051313780248165,0.00042078882250360175
mean_context,relative_return,36,3,38,0.0005536908865906298,0.018399715423583984,-0.01784602366387844,0.01784602366387844,0.0003184805606117093
mean_context,relative_return,36,4,39,0.0007383226184174418,0.03359222412109375,-0.032853901386260986,0.032853901386260986,0.0010793788362981616
mean_context,relative_return,36,5,40,0.0009229884599335492,0.06465232372283936,-0.06372933834791183,0.06372933834791183,0.004061428566262626
mean_context,relative_return,37,1,37,0.0005171503871679306,-0.003171086311340332,0.0036882366985082626,0.0036882366985082626,1.3603089944223129e-05
mean_context,relative_return,37,2,38,0.0010345682967454195,0.00697636604309082,-0.0059417979791760445,0.0059417979791760445,3.5304963225340526e-05
mean_context,relative_return,37,3,39,0.0015522537287324667,-0.005232334136962891,0.006784588098526001,0.006784588098526001,4.603063566666066e-05
mean_context,relative_return,37,4,40,0.002070206915959716,-0.008826255798339844,0.010896462947130203,0.010896462947130203,0.00011873290475818143
mean_context,relative_return,37,5,41,0.002588427858427167,-0.014322757720947266,0.016911186277866364,0.016911186277866364,0.0002859882213246956
mean_context,relative_return,38,1,38,0.0004134447663091123,0.012600541114807129,-0.012187096290290356,0.012187096290290356,0.00014852531598880895
mean_context,relative_return,38,2,39,0.0008270604885183275,0.008686304092407227,-0.007859244011342525,0.007859244011342525,6.176771642982335e-05
mean_context,relative_return,38,3,40,0.0012408471666276455,0.003967881202697754,-0.0027270340360701084,0.0027270340360701084,7.436714633884825e-06
mean_context,relative_return,38,4,41,0.00165480503346771,0.013994693756103516,-0.012339889071881771,0.012339889071881771,0.00015227286230634716
mean_context,relative_return,38,5,42,0.00206893403083086,-0.007828474044799805,0.009897408075630665,0.009897408075630665,9.79586866155591e-05
mean_context,relative_return,39,1,39,0.0007006472442299128,-0.000972747802734375,0.0016733950469642878,0.0016733950469642878,2.800250983204611e-06
mean_context,relative_return,39,2,40,0.0014017854118719697,-0.0005403757095336914,0.001942161121405661,0.001942161121405661,3.771989821499695e-06
mean_context,relative_return,39,3,41,0.0021034148521721363,0.004161238670349121,-0.002057823818176985,0.002057823818176985,4.234638866656504e-06
mean_context,relative_return,39,4,42,0.0028055356815457344,-0.010268032550811768,0.013073568232357502,0.013073568232357502,0.00017091818632610726
mean_context,relative_return,39,5,43,0.003508148714900017,0.010862588882446289,-0.007354440167546272,0.007354440167546272,5.408779017801804e-05
mean_context,relative_return,40,1,40,0.0007813029224053025,-0.0043839216232299805,0.005165224429219961,0.005165224429219961,2.6679543404210674e-05
mean_context,relative_return,40,2,41,0.0015632163267582655,-0.048008501529693604,0.04957171902060509,0.04957171902060509,0.00245735532665782
mean_context,relative_return,40,3,42,0.0023457405623048544,-0.01994115114212036,0.02228689193725586,0.02228689193725586,0.0004967055522229202
mean_context,relative_return,40,4,43,0.0031288762111216784,-0.011815071105957031,0.014943947084248066,0.014943947084248066,0.00022332155445680627
mean_context,relative_return,40,5,44,0.003912623506039381,0.0033146142959594727,0.0005980092100799084,0.0005980092100799084,3.57615015340396e-07
mean_context,relative_return,41,1,41,-0.0009321368997916579,-0.00639420747756958,0.0054620704613626,0.0054620704613626,2.983421372488985e-05
mean_context,relative_return,41,2,42,-0.0018634049920365214,0.004529237747192383,-0.006392642855644226,0.006392642855644226,4.0865882679819165e-05
mean_context,relative_return,41,3,43,-0.0027938049752265215,0.020514726638793945,-0.023308532312512398,0.023308532312512398,0.0005432876785634345
mean_context,relative_return,41,4,44,-0.003723337547853589,0.025789976119995117,-0.029513314366340637,0.029513314366340637,0.0008710357248864486
mean_context,relative_return,41,5,45,-0.004652003757655621,0.018436670303344727,-0.023088674992322922,0.023088674992322922,0.0005330869129011179
mean_context,relative_return,42,1,42,-0.00044838045141659677,-0.02888089418411255,0.028432514518499374,0.028432514518499374,0.0008084078818446777
mean_context,relative_return,42,2,43,-0.0008965598535723984,-0.05645376443862915,0.05555720627307892,0.05555720627307892,0.0030866031688694395
mean_context,relative_return,42,3,44,-0.0013445382937788963,-0.0886307954788208,0.08728625625371933,0.08728625625371933,0.007618890530789957
mean_context,relative_return,42,4,45,-0.0017923158593475819,-0.10071676969528198,0.09892445057630539,0.09892445057630539,0.009786046921823888
mean_context,relative_return,42,5,46,-0.0022398927249014378,-0.02992725372314453,0.02768736146390438,0.02768736146390438,0.0007665899848328973
mean_context,relative_return,43,1,43,-0.00045845331624150276,0.024971604347229004,-0.02543005719780922,0.02543005719780922,0.0006466878090838485
mean_context,relative_return,43,2,44,-0.000916696444619447,0.016881465911865234,-0.01779816299676895,0.01779816299676895,0.00031677460605955554
mean_context,relative_return,43,3,45,-0.0013747294433414936,0.025025606155395508,-0.026400335133075714,0.026400335133075714,0.0006969776951387119
mean_context,relative_return,43,4,46,-0.0018325526034459472,0.00825202465057373,-0.010084576904773712,0.010084576904773712,0.00010169869134829534
mean_context,relative_return,43,5,47,-0.002290165750309825,-0.014023005962371826,0.011732839979231358,0.011732839979231358,0.00013765953397824968
mean_context,relative_return,44,1,44,0.0003596466558519751,0.011815547943115234,-0.011455900967121124,0.011455900967121124,0.0001312376669684867
mean_context,relative_return,44,2,45,0.0007194226491264999,0.02828073501586914,-0.027561312541365623,0.027561312541365623,0.000759625949002838
mean_context,relative_return,44,3,46,0.0010793280089274049,0.027843117713928223,-0.026763789355754852,0.026763789355754852,0.0007163004206792167
mean_context,relative_return,44,4,47,0.0014393628807738423,0.038345932960510254,-0.03690657019615173,0.03690657019615173,0.0013620949236434754
mean_context,relative_return,44,5,48,0.0017995272064581513,0.04780924320220947,-0.046009715646505356,0.046009715646505356,0.0021168939338722798
mean_context,relative_return,45,1,45,0.0014648211654275656,0.006786704063415527,-0.005321882665157318,0.005321882665157318,2.832243510170196e-05
mean_context,relative_return,45,2,46,0.002931788098067045,0.020934462547302246,-0.018002673983573914,0.018002673983573914,0.00032409627055884904
mean_context,relative_return,45,3,47,0.004400903824716806,-0.03476899862289429,0.039169903844594955,0.039169903844594955,0.0015342813671948147
mean_context,relative_return,45,4,48,0.005872171372175217,-0.0749673843383789,0.08083955943584442,0.08083955943584442,0.006535034369781423
mean_context,relative_return,45,5,49,0.0073455944657325745,-0.04735058546066284,0.054696179926395416,0.054696179926395416,0.002991672098540621
mean_context,relative_return,46,1,46,0.0005173376412130892,-0.013316512107849121,0.01383384969085455,0.01383384969085455,0.0001913753972691565
mean_context,relative_return,46,2,47,0.0010349429212510586,0.0030688047409057617,-0.002033861819654703,0.002033861819654703,4.13659390144914e-06
mean_context,relative_return,46,3,48,0.0015528160147368908,0.004712820053100586,-0.003160004038363695,0.003160004038363695,9.985625522474862e-06
mean_context,relative_return,46,4,49,0.0020709570962935686,-0.025536954402923584,0.027607912197709084,0.027607912197709084,0.000762196815916414
mean_context,relative_return,46,5,50,0.002589366165921092,0.0009316205978393555,0.0016577455680817366,0.0016577455680817366,2.7481203684946395e-06
mean_context,relative_return,47,1,47,0.00015317734505515546,0.011606931686401367,-0.011453754268586636,0.011453754268586636,0.00013118848684516658
mean_context,relative_return,47,2,48,0.00030637814779765904,0.018505334854125977,-0.018198955804109573,0.018198955804109573,0.00033120199235993353
mean_context,relative_return,47,3,49,0.000459602422779426,0.002682805061340332,-0.0022232027258723974,0.0022232027258723974,4.942630360326458e-06
mean_context,relative_return,47,4,50,0.0006128501845523715,-0.013139843940734863,0.013752694241702557,0.013752694241702557,0.00018913659890575866
mean_context,relative_return,47,5,51,0.0007661213749088347,0.0031207799911499023,-0.0023546586744487286,0.0023546586744487286,5.5444174731566435e-06
mean_context,relative_return,48,1,48,0.0014166028704494238,-0.007040739059448242,0.00845734216272831,0.00845734216272831,7.152663645746196e-05
mean_context,relative_return,48,2,49,0.0028352125082165003,-0.015391349792480469,0.018226562067866325,0.018226562067866325,0.0003322075648137836
mean_context,relative_return,48,3,50,0.004255831707268953,-0.025433897972106934,0.0296897292137146,0.0296897292137146,0.0008814800207836981
mean_context,relative_return,48,4,51,0.005678463261574507,-0.057417333126068115,0.06309579312801361,0.06309579312801361,0.00398107911045309
mean_context,relative_return,48,5,52,0.007103110663592815,-0.041371047496795654,0.048474159091711044,0.048474159091711044,0.0023497440996485125
mean_context,relative_return,49,1,49,-0.0009782810229808092,-0.0025051236152648926,0.0015268425922840834,0.0015268425922840834,2.3312483016127796e-06
mean_context,relative_return,49,2,50,-0.001955605112016201,0.01730811595916748,-0.019263722002506256,0.019263722002506256,0.00037109098538984364
mean_context,relative_return,49,3,51,-0.0029319729655981064,-0.025051236152648926,0.02211926318705082,0.02211926318705082,0.0004892618039380216
mean_context,relative_return,49,4,52,-0.003907385747879744,-0.04623091220855713,0.0423235259950161,0.0423235259950161,0.0017912808526508034
mean_context,relative_return,49,5,53,-0.004881844390183687,-0.05961054563522339,0.05472870171070099,0.05472870171070099,0.0029952307909388853
mean_context,relative_return,50,1,50,-0.0020211762748658657,0.05588173866271973,-0.05790291354060173,0.05790291354060173,0.003352747396490399
mean_context,relative_return,50,2,51,-0.004038267303258181,0.06405520439147949,-0.06809347122907639,0.06809347122907639,0.0046367208240250535
mean_context,relative_return,50,3,52,-0.006051281932741404,0.07398438453674316,-0.08003566414117813,0.08003566414117813,0.006405707534519467
mean_context,relative_return,50,4,53,-0.008060227148234844,0.07549798488616943,-0.08355820924043655,0.08355820924043655,0.006981974331468577
mean_context,relative_return,50,5,54,-0.010065112262964249,0.07828307151794434,-0.08834818005561829,0.08834818005561829,0.007805400919139949
mean_context,relative_return,51,1,51,-0.0003600949712563306,0.022346973419189453,-0.022707069292664528,0.022707069292664528,0.0005156109958618683
mean_context,relative_return,51,2,52,-0.0007200603140518069,0.03262209892272949,-0.033342160284519196,0.033342160284519196,0.0011116996524385692
mean_context,relative_return,51,3,53,-0.0010798959992825985,0.059124112129211426,-0.06020400673151016,0.06020400673151016,0.003624522426527721
mean_context,relative_return,51,4,54,-0.0014396021142601967,0.06294214725494385,-0.06438174843788147,0.06438174843788147,0.004145009531918653
mean_context,relative_return,51,5,55,-0.0017991786589846015,0.10336887836456299,-0.10516805946826935,0.10516805946826935,0.011060320732321438
mean_context,relative_return,52,1,52,0.0011986605823040009,0.012009620666503906,-0.010810960084199905,0.010810960084199905,0.00011687685794216363
mean_context,relative_return,52,2,53,0.0023987579625099897,0.009363412857055664,-0.006964654661715031,0.006964654661715031,4.850641455694891e-05
mean_context,relative_return,52,3,54,0.0036002937704324722,0.02630913257598877,-0.022708838805556297,0.022708838805556297,0.0005156913598967396
mean_context,relative_return,52,4,55,0.004803269635885954,0.028242826461791992,-0.02343955636024475,0.02343955636024475,0.0005494128023650902
mean_context,relative_return,52,5,56,0.006007687654346228,0.01714932918548584,-0.011141641065478325,0.011141641065478325,0.00012413616563195298
mean_context,relative_return,53,1,53,0.001442808541469276,0.013107895851135254,-0.011665087193250656,0.011665087193250656,0.00013607425922614047
mean_context,relative_return,53,2,54,0.002887698821723461,-0.0012007355690002441,0.004088434390723705,0.004088434390723705,1.6715295767252315e-05
mean_context,relative_return,53,3,55,0.004334673751145601,0.04197514057159424,-0.037640467286109924,0.037640467286109924,0.0014168047775167114
mean_context,relative_return,53,4,56,0.005783736705780029,0.08370018005371094,-0.07791644334793091,0.07791644334793091,0.006070972143991327
mean_context,relative_return,53,5,57,0.007234890013933182,0.0664898157119751,-0.059254925698041916,0.059254925698041916,0.0035111462194804682
mean_context,relative_return,54,1,54,0.0026351537089794874,-0.01838904619216919,0.021024199202656746,0.021024199202656746,0.00044201695211299255
mean_context,relative_return,54,2,55,0.005277251359075308,-0.06379878520965576,0.0690760388970375,0.0690760388970375,0.0047714991497050385
mean_context,relative_return,54,3,56,0.00792631134390831,-0.06905287504196167,0.07697919011116028,0.07697919011116028,0.005925795710170156
mean_context,relative_return,54,4,57,0.010582352057099342,-0.06891214847564697,0.07949449867010117,0.07949449867010117,0.006319375318810716
mean_context,relative_return,54,5,58,0.01324539165943861,-0.07820051908493042,0.0914459079504013,0.0914459079504013,0.008362354080873269
mean_context,relative_return,55,1,55,0.0008043216075748205,0.057659029960632324,-0.05685470998287201,0.05685470998287201,0.003232458047236486
mean_context,relative_return,55,2,56,0.0016092901350930333,0.07633590698242188,-0.07472661882638931,0.07472661882638931,0.005584067561224482
mean_context,relative_return,55,3,57,0.0024149061646312475,0.09516537189483643,-0.09275046736001968,0.09275046736001968,0.008602649195502077
mean_context,relative_return,55,4,58,0.0032211700454354286,0.11674296855926514,-0.11352179944515228,0.11352179944515228,0.012887198949265377
mean_context,relative_return,55,5,59,0.004028082359582186,0.12356233596801758,-0.11953425407409668,0.11953425407409668,0.014288437897050699
mean_context,relative_return,56,1,56,0.0032644253224134445,0.022873520851135254,-0.01960909552872181,0.01960909552872181,0.00038451662745453766
mean_context,relative_return,56,2,57,0.006539507303386927,0.06775975227355957,-0.06122024357318878,0.06122024357318878,0.0037479182231605623
mean_context,relative_return,56,3,58,0.00982527993619442,0.020563483238220215,-0.010738203302025795,0.010738203302025795,0.00011530901015563769
mean_context,relative_return,56,4,59,0.013121779076755047,0.006975293159484863,0.0061464859172701836,0.0061464859172701836,3.777928913120069e-05
mean_context,relative_return,56,5,60,0.01642904058098793,-0.0007699728012084961,0.017199013382196426,0.017199013382196426,0.00029580606132097176
mean_context,relative_return,57,1,57,0.0025793849490582943,0.012964010238647461,-0.01038462482392788,0.01038462482392788,0.00010784043273373914
mean_context,relative_return,57,2,58,0.005165423266589642,-0.004986226558685303,0.010151649825274944,0.010151649825274944,0.00010305599417500481
mean_context,relative_return,57,3,59,0.007758131716400385,-0.02393364906311035,0.0316917821764946,0.0316917821764946,0.0010043690575223807
mean_context,relative_return,57,4,60,0.010357527993619442,-0.02606409788131714,0.036421626806259155,0.036421626806259155,0.0013265348992144155
mean_context,relative_return,57,5,61,0.012963629327714443,-0.0363084077835083,0.04927203804254532,0.04927203804254532,0.002427733732866033
mean_context,relative_return,58,1,58,0.0030728899873793125,0.0077610015869140625,-0.00468811159953475,0.00468811159953475,2.1978390369692272e-05
mean_context,relative_return,58,2,59,0.006155222654342651,-0.006867408752441406,0.013022631406784058,0.013022631406784058,0.00016958892875695852
mean_context,relative_return,58,3,60,0.009247027337551117,0.05531513690948486,-0.046068109571933746,0.046068109571933746,0.0021222707195316937
mean_context,relative_return,58,4,61,0.012348332442343235,0.04807150363922119,-0.03572317212820053,0.03572317212820053,0.0012761450269010433
mean_context,relative_return,58,5,62,0.015459166839718819,0.010112881660461426,0.005346285179257393,0.005346285179257393,2.8582765217947254e-05
mean_context,relative_return,59,1,59,0.002833390375599265,0.018207192420959473,-0.015373801812529564,0.015373801812529564,0.0002363537821709373
mean_context,relative_return,59,2,60,0.005674808751791716,-0.04493594169616699,0.050610750913619995,0.050610750913619995,0.002561448108040487
mean_context,relative_return,59,3,61,0.008524278178811073,-0.02845168113708496,0.036975957453250885,0.036975957453250885,0.0013672214295846197
mean_context,relative_return,59,4,62,0.01138182170689106,-0.030547142028808594,0.041928961873054504,0.041928961873054504,0.0017580378437520583
mean_context,relative_return,59,5,63,0.014247461222112179,-0.06672877073287964,0.08097623288631439,0.08097623288631439,0.0065571502924586245
mean_context,relative_return,60,1,60,0.0019695658702403307,0.02220332622528076,-0.0202337596565485,0.0202337596565485,0.0004094050298389697
mean_context,relative_return,60,2,61,0.003943010699003935,0.023800015449523926,-0.019857004284858704,0.019857004284858704,0.0003943006191688969
mean_context,relative_return,60,3,62,0.00592034263536334,0.06002390384674072,-0.054103560745716095,0.054103560745716095,0.0029271952853653915
mean_context,relative_return,60,4,63,0.0079015688970685,0.03487682342529297,-0.026975255459547043,0.026975255459547043,0.0007276644071078225
mean_context,relative_return,60,5,64,0.009886697866022587,0.021105647087097168,-0.011218949221074581,0.011218949221074581,0.00012586482162504995
mean_context,relative_return,61,1,61,0.002970001893118024,0.029513835906982422,-0.026543833315372467,0.026543833315372467,0.0007045750870742773
mean_context,relative_return,61,2,62,0.005948824808001518,0.019545555114746094,-0.013596730306744576,0.013596730306744576,0.00018487107503434644
mean_context,relative_return,61,3,63,0.008936494588851929,-0.022526264190673828,0.03146275877952576,0.03146275877952576,0.000989905190018625
mean_context,relative_return,61,4,64,0.011933038011193275,-0.027608096599578857,0.039541132748126984,0.039541132748126984,0.0015635011790050002
mean_context,relative_return,61,5,65,0.014938481152057648,-0.043537676334381104,0.05847615748643875,0.05847615748643875,0.003419460994378787
mean_context,relative_return,62,1,62,0.002268837532028556,-0.0163993239402771,0.0186681617051363,0.0186681617051363,0.0003485002614491174
mean_context,relative_return,62,2,63,0.0045428224839270115,-0.0039337873458862305,0.008476609364151955,0.008476609364151955,7.18529063124286e-05
mean_context,relative_return,62,3,64,0.0068219671957194805,0.022223353385925293,-0.015401385724544525,0.015401385724544525,0.0002372026822362039
mean_context,relative_return,62,4,65,0.009106282144784927,0.009400248527526855,-0.0002939663827419281,0.0002939663827419281,8.641623418237376e-08
mean_context,relative_return,62,5,66,0.011395780369639397,-0.004649043083190918,0.016044823452830315,0.016044823452830315,0.0002574363596324937
mean_context,relative_return,63,1,63,0.0014663543552160263,0.0036954879760742188,-0.0022291336208581924,0.0022291336208581924,4.969036699640356e-06
mean_context,relative_return,63,2,64,0.002934858901426196,0.010778546333312988,-0.007843687199056149,0.007843687199056149,6.152342887663729e-05
mean_context,relative_return,63,3,65,0.004405517131090164,0.04768252372741699,-0.04327700659632683,0.04327700659632683,0.0018728992999385158
mean_context,relative_return,63,4,66,0.005878331605345011,0.04080474376678467,-0.034926410764455795,0.034926410764455795,0.0012198541688874937
mean_context,relative_return,63,5,67,0.007353305350989103,0.08279013633728027,-0.07543683052062988,0.07543683052062988,0.005690715398998236
mean_context,relative_return,64,1,64,0.0013252529315650463,-0.03521996736526489,0.036545220762491226,0.036545220762491226,0.0013355531605792198
mean_context,relative_return,64,2,65,0.0026522621046751738,0.003981828689575195,-0.0013295665849000216,0.0013295665849000216,1.7677473036827062e-06
mean_context,relative_return,64,3,66,0.0039810300804674625,0.007299900054931641,-0.003318869974464178,0.003318869974464178,1.1014897907399854e-05
mean_context,relative_return,64,4,67,0.005311558488756418,-0.01687532663345337,0.0221868846565485,0.0221868846565485,0.0004922578507629873
mean_context,relative_return,64,5,68,0.006643850822001696,-0.03863292932510376,0.04527677968144417,0.04527677968144417,0.0020499867783220355
drift,relative_return,0,1,0,-0.004680642858147621,0.01633143424987793,-0.02101207710802555,0.02101207710802555,0.0004415073843936114
drift,relative_return,0,2,1,-0.009361285716295242,0.018822669982910156,-0.0281839556992054,0.0281839556992054,0.0007943353588547725
drift,relative_return,0,3,2,-0.014041929505765438,-0.06071227788925171,0.046670347452163696,0.046670347452163696,0.0021781213313056824
drift,relative_return,0,4,3,-0.018722571432590485,-0.12982100248336792,0.11109843105077744,0.11109843105077744,0.012342861381944348
drift,relative_return,0,5,4,-0.023403216153383255,-0.09909576177597046,0.0756925493478775,0.0756925493478775,0.005729362026780871
drift,relative_return,1,1,1,-0.00664322217926383,-0.01372385025024414,0.0070806280709803104,0.0070806280709803104,5.013529387955435e-05
drift,relative_return,1,2,2,-0.01328644435852766,0.17093408107757568,-0.18422052264213562,0.18422052264213562,0.0339372009625416
drift,relative_return,1,3,3,-0.019929666072130203,0.1017000675201416,-0.1216297298669815,0.1216297298669815,0.014793791187514893
drift,relative_return,1,4,4,-0.02657288871705532,0.13611221313476562,-0.1626850962638855,0.1626850962638855,0.02646644054638969
drift,relative_return,1,5,5,-0.03321611136198044,0.1338590383529663,-0.16707515716552734,0.16707515716552734,0.027914108141885663
drift,relative_return,2,1,2,-0.004133568610996008,0.013458609580993652,-0.017592178657650948,0.017592178657650948,0.0003094847499227095
drift,relative_return,2,2,3,-0.008267137221992016,-0.056182801723480225,0.047915663570165634,0.047915663570165634,0.002295910815369298
drift,relative_return,2,3,4,-0.012400705367326736,-0.08328068256378174,0.0708799809217453,0.0708799809217453,0.005023971695466978
drift,relative_return,2,4,5,-0.01653427444398403,-0.12464994192123413,0.10811566561460495,0.10811566561460495,0.011688997151289071
drift,relative_return,2,5,6,-0.020667843520641327,-0.10676544904708862,0.0860976055264473,0.0860976055264473,0.007412797677387728
drift,relative_return,3,1,3,-0.003347325138747692,0.03862881660461426,-0.041976142674684525,0.041976142674684525,0.0017619965538454713
drift,relative_return,3,2,4,-0.006694650277495384,0.07624638080596924,-0.08294103294610977,0.08294103294610977,0.006879214946167667
drift,relative_return,3,3,5,-0.010041975416243076,0.12256050109863281,-0.1326024830341339,0.1326024830341339,0.017583418506817772
drift,relative_return,3,4,6,-0.013389300554990768,0.09950459003448486,-0.11289389431476593,0.11289389431476593,0.01274503137355354
drift,relative_return,3,5,7,-0.016736624762415886,0.10243701934814453,-0.11917364597320557,0.11917364597320557,0.014202357894546935
drift,relative_return,4,1,4,-0.001187779475003481,-0.0009172558784484863,-0.0002705235965549946,0.0002705235965549946,7.318301629304948e-08
drift,relative_return,4,2,5,-0.002375558950006962,0.023757100105285645,-0.026132658123970032,0.026132658123970032,0.0006829158206242969
drift,relative_return,4,3,6,-0.0035633384250104427,0.05026602745056152,-0.053829364478588104,0.053829364478588104,0.0028976004801686828
drift,relative_return,4,4,7,-0.004751117900013924,0.044028639793395996,-0.04877975583076477,0.04877975583076477,0.0023794645789090296
drift,relative_return,4,5,8,-0.0059388973750174046,0.041460275650024414,-0.04739917442202568,0.04739917442202568,0.0022466817358896135
drift,relative_return,5,1,5,-0.002990061417222023,0.031002283096313477,-0.03399234265089035,0.03399234265089035,0.0011554793588955392
drift,relative_return,5,2,6,-0.005980122834444046,0.03373265266418457,-0.039712775498628616,0.039712775498628616,0.0015771045378044773
drift,relative_return,5,3,7,-0.008970184251666069,0.02739119529724121,-0.03636138141155243,0.03636138141155243,0.0013221500581563905
drift,relative_return,5,4,8,-0.011960245668888092,0.08331859111785889,-0.09527883678674698,0.09527883678674698,0.00907805673943557
drift,relative_return,5,5,9,-0.014950307086110115,0.14435434341430664,-0.1593046486377716,0.1593046486377716,0.025377971077603867
drift,relative_return,6,1,6,-0.0012353449128568172,0.04163777828216553,-0.04287312179803848,0.04287312179803848,0.0018381045727094425
drift,relative_return,6,2,7,-0.0024706898257136345,0.037712693214416504,-0.04018338397145271,0.04018338397145271,0.0016147043473972028
drift,relative_return,6,3,8,-0.0037060347385704517,0.042099595069885254,-0.04580562934279442,0.04580562934279442,0.002098155679489469
drift,relative_return,6,4,9,-0.004941379651427269,0.04340815544128418,-0.0483495369553566,0.0483495369553566,0.0023376777237973934
drift,relative_return,6,5,10,-0.006176724564284086,0.034249305725097656,-0.04042603075504303,0.04042603075504303,0.001634263962607685
drift,relative_return,7,1,7,0.000977497547864914,-0.01919931173324585,0.020176809281110764,0.020176809281110764,0.00040710363276631745
drift,relative_return,7,2,8,0.001954995095729828,-0.011534452438354492,0.01348944753408432,0.01348944753408432,0.00018196519477481354
drift,relative_return,7,3,9,0.0029324928764253855,-0.022994577884674072,0.025927070528268814,0.025927070528268814,0.0006722129861778253
drift,relative_return,7,4,10,0.003909990191459656,0.008334517478942871,-0.004424527287483215,0.004424527287483215,1.957644171768358e-05
drift,relative_return,7,5,11,0.004887488204985857,0.0031998157501220703,0.0016876724548637867,0.0016876724548637867,2.84823831490596e-06
drift,relative_return,8,1,8,0.002366167725995183,0.03249025344848633,-0.030124085023999214,0.030124085023999214,0.0009074604985331337
drift,relative_return,8,2,9,0.004732335451990366,0.002373814582824707,0.002358520869165659,0.002358520869165659,5.562620690289935e-06
drift,relative_return,8,3,10,0.007098503410816193,0.019063949584960938,-0.011965446174144745,0.011965446174144745,0.0001431719021463551
drift,relative_return,8,4,11,0.009464670903980732,0.04754841327667236,-0.038083743304014206,0.038083743304014206,0.0014503715040460469
drift,relative_return,8,5,12,0.011830839328467846,0.05274093151092529,-0.04091009125113487,0.04091009125113487,0.001673635566176182
drift,relative_return,9,1,9,0.0039602164179086685,-0.013599157333374023,0.017559373751282692,0.017559373751282692,0.0003083316065372356
drift,relative_return,9,2,10,0.007920432835817337,-0.0014092326164245605,0.009329665452241898,0.009329665452241898,8.704265745075601e-05
drift,relative_return,9,3,11,0.011880649253726006,0.005002856254577637,0.006877792999148369,0.006877792999148369,4.7304036539134314e-05
drift,relative_return,9,4,12,0.015840865671634674,0.014374375343322754,0.0014664903283119202,0.0014664903283119202,2.1505938830324034e-06
drift,relative_return,9,5,13,0.019801082089543343,0.006412148475646973,0.01338893361389637,0.01338893361389637,0.0001792635433173241
drift,relative_return,10,1,10,0.003251465503126383,0.015192866325378418,-0.011941401287913322,0.011941401287913322,0.00014259706471897796
drift,relative_return,10,2,11,0.006502931006252766,-0.00602114200592041,0.012524073012173176,0.012524073012173176,0.00015685240481424449
drift,relative_return,10,3,12,0.009754396975040436,0.013022422790527344,-0.003268025815486908,0.003268025815486908,1.067999273068887e-05
drift,relative_return,10,4,13,0.013005862012505531,0.00903165340423584,0.0039742086082696915,0.0039742086082696915,1.5794334062044918e-05
drift,relative_return,10,5,14,0.016257327049970627,0.018553495407104492,-0.0022961683571338654,0.0022961683571338654,5.272389124302834e-06
drift,relative_return,11,1,11,0.002888159826397896,-0.011204242706298828,0.014092402532696724,0.014092402532696724,0.00019859580914355704
drift,relative_return,11,2,12,0.005776319652795792,-0.009004652500152588,0.01478097215294838,0.01478097215294838,0.00021847713778623545
drift,relative_return,11,3,13,0.008664479479193687,0.016634583473205566,-0.007970103994011879,0.007970103994011879,6.35225576753641e-05
drift,relative_return,11,4,14,0.011552639305591583,0.060695648193359375,-0.04914300888776779,0.04914300888776779,0.002415035322543224
drift,relative_return,11,5,15,0.014440799131989479,0.06557607650756836,-0.05113527923822403,0.05113527923822403,0.0026148167827711455
drift,relative_return,12,1,12,0.004905874375253916,0.017610549926757812,-0.012704676017165184,0.012704676017165184,0.0001614087927011322
drift,relative_return,12,2,13,0.009811748750507832,0.01915884017944336,-0.009347091428935528,0.009347091428935528,8.736811818088001e-05
drift,relative_return,12,3,14,0.01471762266010046,-0.01109534502029419,0.025812968611717224,0.025812968611717224,0.0006663093485494986
drift,relative_return,12,4,15,0.019623497501015663,0.014385223388671875,0.005238274112343788,0.005238274112343788,2.74395156760511e-05
drift,relative_return,12,5,16,0.02452937141060829,0.02786731719970703,-0.0033379457890987396,0.0033379457890987396,1.1141882090962008e-05
drift,relative_return,13,1,13,0.006705626379698515,-0.006903409957885742,0.013609036803245544,0.013609036803245544,0.0001852058827120917
drift,relative_return,13,2,14,0.01341125275939703,0.004142165184020996,0.009269087575376034,0.009269087575376034,8.591598447999036e-05
drift,relative_return,13,3,15,0.020116878673434258,0.02221667766571045,-0.0020997989922761917,0.0020997989922761917,4.40915580796411e-06
drift,relative_return,13,4,16,0.02682250551879406,0.029873251914978027,-0.0030507463961839676,0.0030507463961839676,9.307053573829466e-06
drift,relative_return,13,5,17,0.03352813050150871,0.035019516944885254,-0.0014913864433765411,0.0014913864433765411,2.224233523487329e-06
drift,relative_return,14,1,14,0.005418138112872839,-0.005153954029083252,0.010572092607617378,0.010572092607617378,0.00011176914210403802
drift,relative_return,14,2,15,0.010836276225745678,0.035047292709350586,-0.024211015552282333,0.024211015552282333,0.000586173274072857
drift,relative_return,14,3,16,0.01625441387295723,0.03910982608795166,-0.02285541221499443,0.02285541221499443,0.0005223698675173166
drift,relative_return,14,4,17,0.021672552451491356,0.048993468284606934,-0.027320915833115578,0.027320915833115578,0.0007464324419601855
drift,relative_return,14,5,18,0.027090689167380333,0.04541599750518799,-0.018325308337807655,0.018325308337807655,0.00033581692567572277
drift,relative_return,15,1,15,0.006852015387266874,-0.005974113941192627,0.012826129794120789,0.012826129794120789,0.00016450960549563298
drift,relative_return,15,2,16,0.013704030774533749,-0.031204700469970703,0.044908732175827026,0.044908732175827026,0.0020167942256401616
drift,relative_return,15,3,17,0.020556045696139336,-0.00945425033569336,0.030010296031832695,0.030010296031832695,0.0009006178679182332
drift,relative_return,15,4,18,0.027408061549067497,0.0077141523361206055,0.019693909212946892,0.019693909212946892,0.00038785006008779446
drift,relative_return,15,5,19,0.03426007553935051,0.006322145462036133,0.027937930077314377,0.027937930077314377,0.0007805279370049073
drift,relative_return,16,1,16,0.0063087972812354565,0.01873195171356201,-0.012423153966665268,0.012423153966665268,0.00015433475447947098
drift,relative_return,16,2,17,0.012617594562470913,0.011584997177124023,0.0010325973853468895,0.0010325973853468895,1.0662573602252326e-06
drift,relative_return,16,3,18,0.018926391378045082,0.03325653076171875,-0.014330139383673668,0.014330139383673668,0.00020535289475551513
drift,relative_return,16,4,19,0.025235189124941826,0.025187253952026367,4.793517291545868e-05,4.793517291545868e-05,2.2977808024349233e-09
drift,relative_return,16,5,20,0.03154398500919342,0.0012680292129516602,0.03027595579624176,0.03027595579624176,0.000916633499375985
drift,relative_return,17,1,17,0.005528086330741644,0.03615009784698486,-0.030622011050581932,0.030622011050581932,0.000937707560781962
drift,relative_return,17,2,18,0.011056172661483288,0.026134014129638672,-0.015077841468155384,0.015077841468155384,0.0002273413033388261
drift,relative_return,17,3,19,0.016584258526563644,0.03281140327453613,-0.01622714474797249,0.01622714474797249,0.0002633202266716511
drift,relative_return,17,4,20,0.022112345322966576,0.04058253765106201,-0.018470192328095436,0.018470192328095436,0.0003411480046368355
drift,relative_return,17,5,21,0.027640430256724358,0.05169236660003662,-0.024051936343312263,0.024051936343312263,0.0005784956418627453
drift,relative_return,18,1,18,0.004393606446683407,-0.0035030245780944824,0.00789663102477789,0.00789663102477789,6.23567815414847e-05
drift,relative_return,18,2,19,0.008787212893366814,0.0025178194046020508,0.006269393488764763,0.006269393488764763,3.9305294716966005e-05
drift,relative_return,18,3,20,0.01318081934005022,-0.006075561046600342,0.019256379455327988,0.019256379455327988,0.0003708081497275778
drift,relative_return,18,4,21,0.017574425786733627,-0.003721892833709717,0.021296318620443344,0.021296318620443344,0.0004535331867834419
drift,relative_return,18,5,22,0.02196803130209446,-0.01231527328491211,0.03428330272436142,0.03428330272436142,0.0011753448456902071
drift,relative_return,19,1,19,0.004569554701447487,0.008645057678222656,-0.004075502976775169,0.004075502976775169,1.6609724513703267e-05
drift,relative_return,19,2,20,0.009139109402894974,-0.02665555477142334,0.035794664174318314,0.035794664174318314,0.001281257983352227
drift,relative_return,19,3,21,0.01370866410434246,-0.02798563241958618,0.04169429838657379,0.04169429838657379,0.0017384145179486499
drift,relative_return,19,4,22,0.018278218805789948,-0.03031313419342041,0.04859135299921036,0.04859135299921036,0.0023611195862938694
drift,relative_return,19,5,23,0.022847773507237434,-0.013632535934448242,0.03648030757904053,0.03648030757904053,0.0013308128410614017
drift,relative_return,20,1,20,0.003694742452353239,0.010225296020507812,-0.0065305535681545734,0.0065305535681545734,4.264812990653643e-05
drift,relative_return,20,2,21,0.007389484904706478,0.02123713493347168,-0.013847650028765202,0.013847650028765202,0.0001917574113191609
drift,relative_return,20,3,22,0.01108422689139843,0.02028203010559082,-0.00919780321419239,0.00919780321419239,8.459958396700787e-05
drift,relative_return,20,4,23,0.014778969809412956,0.012247800827026367,0.002531168982386589,0.002531168982386589,6.406816417395961e-06
drift,relative_return,20,5,24,0.018473712727427483,-0.02140575647354126,0.03987947106361389,0.03987947106361389,0.0015903722123136177
drift,relative_return,21,1,21,0.003326968988403678,-0.01951998472213745,0.022846953943371773,0.022846953943371773,0.000521983304490551
drift,relative_return,21,2,22,0.006653937976807356,-0.02043861150741577,0.027092549949884415,0.027092549949884415,0.000734006262786982
drift,relative_return,21,3,23,0.00998090673238039,-0.014467716217041016,0.02444862201809883,0.02444862201809883,0.000597735118583867
drift,relative_return,21,4,24,0.013307875953614712,-0.04110682010650635,0.054414696991443634,0.054414696991443634,0.002960959248670625
drift,relative_return,21,5,25,0.016634846106171608,-0.033700764179229736,0.050335608422756195,0.050335608422756195,0.0025336734752890444
drift,relative_return,22,1,22,0.002347363159060478,0.014556407928466797,-0.012209044769406319,0.012209044769406319,0.0001490607741813678
drift,relative_return,22,2,23,0.004694726318120956,0.05359160900115967,-0.04889688268303871,0.04889688268303871,0.002390905136118851
drift,relative_return,22,3,24,0.007042089477181435,0.05264091491699219,-0.0455988273024559,0.0455988273024559,0.002079253051359198
drift,relative_return,22,4,25,0.009389452636241913,0.05650293827056885,-0.047113485634326935,0.047113485634326935,0.0022196805286159305
drift,relative_return,22,5,26,0.011736815795302391,0.05608701705932617,-0.04435019940137863,0.04435019940137863,0.0019669401869420455
drift,relative_return,23,1,23,0.0032324963249266148,-0.01614624261856079,0.01937873847782612,0.01937873847782612,0.00037553550499197855
drift,relative_return,23,2,24,0.0064649926498532295,-0.041969120502471924,0.04843411222100258,0.04843411222100258,0.0023458632266366714
drift,relative_return,23,3,25,0.009697489440441132,-0.008495032787322998,0.01819252222776413,0.01819252222776413,0.00033096786500769193
drift,relative_return,23,4,26,0.012929985299706459,-0.0060759782791137695,0.01900596357882023,0.01900596357882023,0.00036122665155944103
drift,relative_return,23,5,27,0.016162483021616936,0.03296768665313721,-0.01680520363152027,0.01680520363152027,0.0002824148690968621
drift,relative_return,24,1,24,0.0023871525190770626,-0.028212010860443115,0.030599163845181465,0.030599163845181465,0.0009363088280242605
drift,relative_return,24,2,25,0.004774305038154125,-0.03616362810134888,0.04093793407082558,0.04093793407082558,0.0016759144459872616
drift,relative_return,24,3,26,0.007161457557231188,-0.03224223852157593,0.03940369561314583,0.03940369561314583,0.0015526512279734478
drift,relative_return,24,4,27,0.00954861007630825,-0.029519081115722656,0.039067693054676056,0.039067693054676056,0.0015262846406143837
drift,relative_return,24,5,28,0.011935762129724026,-0.00958549976348877,0.02152126282453537,0.02152126282453537,0.0004631647535627281
drift,relative_return,25,1,25,0.002200546907261014,0.02601039409637451,-0.023809846490621567,0.023809846490621567,0.0005669087899069641
drift,relative_return,25,2,26,0.004401093814522028,0.029639840126037598,-0.025238746777176857,0.025238746777176857,0.0006369943388824552
drift,relative_return,25,3,27,0.006601640488952398,0.03871321678161621,-0.032111577689647675,0.032111577689647675,0.0010311534217182783
drift,relative_return,25,4,28,0.008802187629044056,0.03172934055328369,-0.02292715385556221,0.02292715385556221,0.0005256543839166211
drift,relative_return,25,5,29,0.011002734303474426,0.02029132843017578,-0.009288594126701355,0.009288594126701355,8.627798085059091e-05
drift,relative_return,26,1,26,0.0019612922333180904,-0.002694845199584961,0.004656137432903051,0.004656137432903051,2.1679615794081017e-05
drift,relative_return,26,2,27,0.003922584466636181,0.01924121379852295,-0.015318629331886768,0.015318629331886768,0.00023466040460774166
drift,relative_return,26,3,28,0.005883876699954271,0.03788948059082031,-0.03200560435652733,0.03200560435652733,0.0010243587102265611
drift,relative_return,26,4,29,0.007845168933272362,-0.012827396392822266,0.020672565326094627,0.020672565326094627,0.00042735495716164987
drift,relative_return,26,5,30,0.009806460700929165,0.014983415603637695,-0.00517695490270853,0.00517695490270853,2.680086206467789e-05
drift,relative_return,27,1,27,0.001524631748907268,-0.04402083158493042,0.045545462518930435,0.045545462518930435,0.002074389156063297
drift,relative_return,27,2,28,0.003049263497814536,-0.04508286714553833,0.04813212901353836,0.04813212901353836,0.0023167018433759012
drift,relative_return,27,3,29,0.004573895130306482,-0.034568846225738525,0.03914274275302887,0.03914274275302887,0.001532154310229794
drift,relative_return,27,4,30,0.006098526995629072,-0.027081608772277832,0.03318013623356819,0.03318013623356819,0.0011009214404781448
drift,relative_return,27,5,31,0.007623158395290375,-0.03016144037246704,0.037784598767757416,0.037784598767757416,0.0014276759040404152
drift,relative_return,28,1,28,0.0005465978756546974,-0.008103370666503906,0.008649968542158604,0.008649968542158604,7.482195578033344e-05
drift,relative_return,28,2,29,0.0010931957513093948,-0.012921571731567383,0.014014767482876778,0.014014767482876778,0.0001964137075991003
drift,relative_return,28,3,30,0.0016397936269640923,-0.0026280879974365234,0.004267881624400616,0.004267881624400616,1.8214813559896438e-05
drift,relative_return,28,4,31,0.0021863915026187897,0.019820332527160645,-0.017633941024541855,0.017633941024541855,0.00031095587605702024
drift,relative_return,28,5,32,0.002732989378273487,0.04845595359802246,-0.04572296515107155,0.04572296515107155,0.0020905895422061033
drift,relative_return,29,1,29,0.0010170020395889878,0.04981982707977295,-0.048802826553583145,0.048802826553583145,0.00238171587961912
drift,relative_return,29,2,30,0.0020340040791779757,0.08120524883270264,-0.07917124778032303,0.07917124778032303,0.006268086475093304
drift,relative_return,29,3,31,0.0030510060023516417,0.059533119201660156,-0.056482113897800446,0.056482113897800446,0.0031902291903641022
drift,relative_return,29,4,32,0.004068008158355951,0.057444214820861816,-0.053376205265522,0.053376205265522,0.002849019288547139
drift,relative_return,29,5,33,0.005085010081529617,0.08036971092224121,-0.07528470456600189,0.07528470456600189,0.005667786741590186
drift,relative_return,30,1,30,0.0020334403961896896,-0.03958815336227417,0.04162159562110901,0.04162159562110901,0.0017323572220471206
drift,relative_return,30,2,31,0.004066880792379379,-0.056409478187561035,0.060476358979940414,0.060476358979940414,0.0036573899954706196
drift,relative_return,30,3,32,0.006100320722907782,-0.09087395668029785,0.09697427600622177,0.09697427600622177,0.00940401020693088
drift,relative_return,30,4,33,0.008133761584758759,-0.09053564071655273,0.09866940230131149,0.09866940230131149,0.009735650950498054
drift,relative_return,30,5,34,0.010167201980948448,-0.037848055362701416,0.04801525920629501,0.04801525920629501,0.002305465116647698
drift,relative_return,31,1,31,0.0014509597094729543,-0.02959054708480835,0.031041506677865982,0.031041506677865982,0.0009635751368319984
drift,relative_return,31,2,32,0.0029019194189459085,-0.026375293731689453,0.029277212917804718,0.029277212917804718,0.0008571551962344715
drift,relative_return,31,3,33,0.004352879244834185,-0.06124091148376465,0.06559379398822784,0.06559379398822784,0.004302545809770075
drift,relative_return,31,4,34,0.005803838837891817,-0.04461193084716797,0.0504157692193985,0.0504157692193985,0.002541749785983649
drift,relative_return,31,5,35,0.0072547984309494495,-0.06254708766937256,0.06980188935995102,0.06980188935995102,0.004872303758218843
drift,relative_return,32,1,32,0.0006167460232973099,-0.02808147668838501,0.02869822271168232,0.02869822271168232,0.0008235879868093189
drift,relative_return,32,2,33,0.0012334920465946198,-0.00042873620986938477,0.0016622282564640045,0.0016622282564640045,2.7630027765873644e-06
drift,relative_return,32,3,34,0.0018502379534766078,-0.0319400429725647,0.03379027917981148,0.03379027917981148,0.001141782967049601
drift,relative_return,32,4,35,0.0024669840931892395,-0.041371941566467285,0.043838925659656525,0.043838925659656525,0.0019218514029928913
drift,relative_return,32,5,36,0.0030837301164865494,-0.02170419692993164,0.02478792704641819,0.02478792704641819,0.0006144413272585504
drift,relative_return,33,1,33,0.0010928049450740218,-0.025910675525665283,0.02700348012149334,0.02700348012149334,0.0007291879386718859
drift,relative_return,33,2,34,0.0021856098901480436,-0.012544572353363037,0.014730182476341724,0.014730182476341724,0.00021697827578632482
drift,relative_return,33,3,35,0.0032784149516373873,-0.030402660369873047,0.033681076020002365,0.033681076020002365,0.0011344148818651784
drift,relative_return,33,4,36,0.004371219780296087,-0.014407038688659668,0.018778258934617043,0.018778258934617043,0.0003526230086155248
drift,relative_return,33,5,37,0.005464024841785431,-0.005970954895019531,0.011434979736804962,0.011434979736804962,0.00013075876158114008
drift,relative_return,34,1,34,0.0009994276333600283,-0.010305345058441162,0.011304772458970547,0.011304772458970547,0.00012779788034909898
drift,relative_return,34,2,35,0.0019988552667200565,0.010580778121948242,-0.008581923320889473,0.008581923320889473,7.36494078856266e-05
drift,relative_return,34,3,36,0.002998282900080085,0.00523531436920166,-0.0022370314691215754,0.0022370314691215754,5.004309793840234e-06
drift,relative_return,34,4,37,0.003997710533440113,0.022539377212524414,-0.018541667610406876,0.018541667610406876,0.0003437934377748114
drift,relative_return,34,5,38,0.004997138399630785,0.019343018531799316,-0.014345880597829819,0.014345880597829819,0.00020580429012719004
drift,relative_return,35,1,35,0.0009245653636753559,-0.0064334869384765625,0.007358052302151918,0.007358052302151918,5.4140933681203146e-05
drift,relative_return,35,2,36,0.0018491307273507118,-0.02184140682220459,0.023690536618232727,0.023690536618232727,0.0005612415252598257
drift,relative_return,35,3,37,0.0027736960910260677,-0.053792476654052734,0.05656617134809494,0.05656617134809494,0.003199731740982037
drift,relative_return,35,4,38,0.0036982614547014236,-0.04692655801773071,0.05062481760978699,0.05062481760978699,0.0025628721580241987
drift,relative_return,35,5,39,0.0046228268183767796,-0.03919553756713867,0.04381836578249931,0.04381836578249931,0.0019200491798489067
drift,relative_return,36,1,36,-6.771217886125669e-05,-0.038149893283843994,0.03808218240737915,0.03808218240737915,0.001450252616908898
drift,relative_return,36,2,37,-0.00013542435772251338,-0.02014404535293579,0.020008621737360954,0.020008621737360954,0.0004003449438287933
drift,relative_return,36,3,38,-0.00020313654385972768,0.018399715423583984,-0.018602851778268814,0.018602851778268814,0.0003460660942842392
drift,relative_return,36,4,39,-0.00027084871544502676,0.03359222412109375,-0.03386307135224342,0.03386307135224342,0.0011467076014071292
drift,relative_return,36,5,40,-0.00033856090158224106,0.06465232372283936,-0.06499088555574417,0.06499088555574417,0.004223815205319836
drift,relative_return,37,1,37,0.00023559162218589336,-0.003171086311340332,0.0034066778607666492,0.0034066778607666492,1.1605454047037634e-05
drift,relative_return,37,2,38,0.0004711832443717867,0.00697636604309082,-0.006505182944238186,0.006505182944238186,4.231740513800739e-05
drift,relative_return,37,3,39,0.0007067748811095953,-0.005232334136962891,0.00593910925090313,0.00593910925090313,3.527301869416313e-05
drift,relative_return,37,4,40,0.0009423664887435734,-0.008826255798339844,0.009768621996045113,0.009768621996045113,9.54259757016164e-05
drift,relative_return,37,5,41,0.0011779580963775516,-0.014322757720947266,0.015500715933740139,0.015500715933740139,0.00024027219445850543
drift,relative_return,38,1,38,0.0001326864439761266,0.012600541114807129,-0.012467854656279087,0.012467854656279087,0.0001554473997301001
drift,relative_return,38,2,39,0.0002653728879522532,0.008686304092407227,-0.008420931175351143,0.008420931175351143,7.091208186000078e-05
drift,relative_return,38,3,40,0.0003980593173764646,0.003967881202697754,-0.0035698218271136284,0.0035698218271136284,1.2743627877336884e-05
drift,relative_return,38,4,41,0.0005307457759045064,0.013994693756103516,-0.013463947921991348,0.013463947921991348,0.00018127789364609515
drift,relative_return,38,5,42,0.0006634321762248874,-0.007828474044799805,0.008491906337440014,0.008491906337440014,7.211247324385387e-05
drift,relative_return,39,1,39,0.000458901165984571,-0.000972747802734375,0.001431648968718946,0.001431648968718946,2.0496187696340216e-06
drift,relative_return,39,2,40,0.000917802331969142,-0.0005403757095336914,0.0014581780415028334,0.0014581780415028334,2.126283200721039e-06
drift,relative_return,39,3,41,0.001376703497953713,0.004161238670349121,-0.00278453528881073,0.00278453528881073,7.753636774632255e-06
drift,relative_return,39,4,42,0.001835604663938284,-0.010268032550811768,0.012103637680411339,0.012103637680411339,0.00014649804509867317
drift,relative_return,39,5,43,0.002294505713507533,0.010862588882446289,-0.008568082936108112,0.008568082936108112,7.341204520002701e-05
drift,relative_return,40,1,40,0.0005337100592441857,-0.0043839216232299805,0.004917631857097149,0.004917631857097149,2.4183103081936753e-05
drift,relative_return,40,2,41,0.0010674201184883714,-0.048008501529693604,0.04907592013478279,0.04907592013478279,0.002408445937075579
drift,relative_return,40,3,42,0.0016011301195248961,-0.01994115114212036,0.021542280912399292,0.021542280912399292,0.00046406986690872287
drift,relative_return,40,4,43,0.0021348402369767427,-0.011815071105957031,0.01394991111010313,0.01394991111010313,0.00019460001997977875
drift,relative_return,40,5,44,0.0026685502380132675,0.0033146142959594727,-0.0006460640579462051,0.0006460640579462051,4.173987669699175e-07
drift,relative_return,41,1,41,-0.001206589164212346,-0.00639420747756958,0.005187618546187878,0.005187618546187878,2.691138618075243e-05
drift,relative_return,41,2,42,-0.002413178328424692,0.004529237747192383,-0.006942416075617075,0.006942416075617075,4.819714096698639e-05
drift,relative_return,41,3,43,-0.0036197674926370382,0.020514726638793945,-0.024134494364261627,0.024134494364261627,0.0005824738182185762
drift,relative_return,41,4,44,-0.004826356656849384,0.025789976119995117,-0.030616331845521927,0.030616331845521927,0.0009373597756751201
drift,relative_return,41,5,45,-0.006032945588231087,0.018436670303344727,-0.024469615891575813,0.024469615891575813,0.0005987621018812596
drift,relative_return,42,1,42,-0.0006704107508994639,-0.02888089418411255,0.028210483491420746,0.028210483491420746,0.0007958313788197224
drift,relative_return,42,2,43,-0.0013408215017989278,-0.05645376443862915,0.055112943053245544,0.055112943053245544,0.0030374364919902863
drift,relative_return,42,3,44,-0.0020112323109060526,-0.0886307954788208,0.08661956340074539,0.08661956340074539,0.007502948763735751
drift,relative_return,42,4,45,-0.0026816430035978556,-0.10071676969528198,0.09803512692451477,0.09803512692451477,0.009610886111105721
drift,relative_return,42,5,46,-0.0033520536962896585,-0.02992725372314453,0.026575200259685516,0.026575200259685516,0.0007062412688423891
drift,relative_return,43,1,43,-0.0007084620883688331,0.024971604347229004,-0.025680067017674446,0.025680067017674446,0.0006594658420322509
drift,relative_return,43,2,44,-0.0014169241767376661,0.016881465911865234,-0.01829838939011097,0.01829838939011097,0.0003348310542721257
drift,relative_return,43,3,45,-0.0021253861486911774,0.025025606155395508,-0.027150992304086685,0.027150992304086685,0.0007371763830965744
drift,relative_return,43,4,46,-0.0028338483534753323,0.00825202465057373,-0.01108587346971035,0.01108587346971035,0.0001228965905864278
drift,relative_return,43,5,47,-0.0035423103254288435,-0.014023005962371826,0.010480695404112339,0.010480695404112339,0.0001098449761537815
drift,relative_return,44,1,44,0.00013443623902276158,0.011815547943115234,-0.01168111152946949,0.01168111152946949,0.00013644836656390505
drift,relative_return,44,2,45,0.00026887247804552317,0.02828073501586914,-0.028011862188577652,0.028011862188577652,0.0007846644232718664
drift,relative_return,44,3,46,0.00040330871706828475,0.027843117713928223,-0.02743980847299099,0.02743980847299099,0.0007529430890344281
drift,relative_return,44,4,47,0.0005377449560910463,0.038345932960510254,-0.03780818730592728,0.03780818730592728,0.0014294590273600805
drift,relative_return,44,5,48,0.0006721811951138079,0.04780924320220947,-0.0471370629966259,0.0471370629966259,0.0022219027079478787
drift,relative_return,45,1,45,0.0012148877140134573,0.006786704063415527,-0.005571816116571426,0.005571816116571426,3.104513483688509e-05
drift,relative_return,45,2,46,0.0024297754280269146,0.020934462547302246,-0.018504686653614044,0.018504686653614044,0.00034242342814844173
drift,relative_return,45,3,47,0.003644663142040372,-0.03476899862289429,0.03841366246342659,0.03841366246342659,0.001475609463854069
drift,relative_return,45,4,48,0.004859550856053829,-0.0749673843383789,0.07982693612575531,0.07982693612575531,0.006372339731225418
drift,relative_return,45,5,49,0.006074438337236643,-0.04735058546066284,0.05342502519488335,0.05342502519488335,0.0028542333170739204
drift,relative_return,46,1,46,0.00026842954684980214,-0.013316512107849121,0.013584941625595093,0.013584941625595093,0.00018455063897082624
drift,relative_return,46,2,47,0.0005368590936996043,0.0030688047409057617,-0.0025319457054138184,0.0025319457054138184,6.410749055163478e-06
drift,relative_return,46,3,48,0.000805288611445576,0.004712820053100586,-0.003907531499862671,0.003907531499862671,1.5268802422419014e-05
drift,relative_return,46,4,49,0.0010737181873992085,-0.025536954402923584,0.02661067247390747,0.02661067247390747,0.0007081278895135767
drift,relative_return,46,5,50,0.0013421477051451802,0.0009316205978393555,0.00041052710730582476,0.00041052710730582476,1.6853250583288815e-07
drift,relative_return,47,1,47,-0.00010485940583748743,0.011606931686401367,-0.011711791157722473,0.011711791157722473,0.0001371660521221063
drift,relative_return,47,2,48,-0.00020971881167497486,0.018505334854125977,-0.01871505379676819,0.01871505379676819,0.0003502532386159274
drift,relative_return,47,3,49,-0.0003145782102365047,0.002682805061340332,-0.0029973832424730062,0.0029973832424730062,8.984306302257993e-06
drift,relative_return,47,4,50,-0.0004194376233499497,-0.013139843940734863,0.01272040605545044,0.01272040605545044,0.0001618087302155402
drift,relative_return,47,5,51,-0.0005242970655672252,0.0031207799911499023,-0.0036450771149247885,0.0036450771149247885,1.328658717374842e-05
drift,relative_return,48,1,48,0.0011359874624758959,-0.007040739059448242,0.008176726289093494,0.008176726289093494,6.685885280675267e-05
drift,relative_return,48,2,49,0.0022719749249517918,-0.015391349792480469,0.017663324251770973,0.017663324251770973,0.0003119930236232006
drift,relative_return,48,3,50,0.0034079623874276876,-0.025433897972106934,0.028841860592365265,0.028841860592365265,0.0008318529224294324
drift,relative_return,48,4,51,0.0045439498499035835,-0.057417333126068115,0.061961282044649124,0.061961282044649124,0.003839200472616558
drift,relative_return,48,5,52,0.005679937079548836,-0.041371047496795654,0.04705098271369934,0.04705098271369934,0.002213794974324834
drift,relative_return,49,1,49,-0.0012515969574451447,-0.0025051236152648926,0.001253526657819748,0.001253526657819748,1.5713290818647474e-06
drift,relative_return,49,2,50,-0.0025031939148902893,0.01730811595916748,-0.01981130987405777,0.01981130987405777,0.0003924879989259389
drift,relative_return,49,3,51,-0.003754790872335434,-0.025051236152648926,0.021296445280313492,0.021296445280313492,0.0004535385815773868
drift,relative_return,49,4,52,-0.005006387829780579,-0.04623091220855713,0.04122452437877655,0.04122452437877655,0.0016994614102563421
drift,relative_return,49,5,53,-0.006257984787225723,-0.05961054563522339,0.053352560847997665,0.053352560847997665,0.0028464957490392934
drift,relative_return,50,1,50,-0.0024299572687596083,0.05588173866271973,-0.05831169709563255,0.05831169709563255,0.003400254018172802
drift,relative_return,50,2,51,-0.0048599145375192165,0.06405520439147949,-0.06891512125730515,0.06891512125730515,0.0047492939379090715
drift,relative_return,50,3,52,-0.007289871573448181,0.07398438453674316,-0.08127425611019135,0.08127425611019135,0.006605504706264975
drift,relative_return,50,4,53,-0.009719829075038433,0.07549798488616943,-0.08521781116724014,0.08521781116724014,0.007262075340135399
drift,relative_return,50,5,54,-0.01214978564530611,0.07828307151794434,-0.09043285995721817,0.09043285995721817,0.008178102160041834
drift,relative_return,51,1,51,-0.0006433246890082955,0.022346973419189453,-0.02299029752612114,0.02299029752612114,0.0005285537803395718
drift,relative_return,51,2,52,-0.001286649378016591,0.03262209892272949,-0.033908747136592865,0.033908747136592865,0.0011498031323733948
drift,relative_return,51,3,53,-0.0019299740670248866,0.059124112129211426,-0.061054084450006485,0.061054084450006485,0.0037276012280285237
drift,relative_return,51,4,54,-0.002573298756033182,0.06294214725494385,-0.0655154436826706,0.0655154436826706,0.004292273360937182
drift,relative_return,51,5,55,-0.003216623328626156,0.10336887836456299,-0.10658550262451172,0.10658550262451172,0.011360469369719794
drift,relative_return,52,1,52,0.0008866582647897303,0.012009620666503906,-0.011122962459921837,0.011122962459921837,0.00012372029388483044
drift,relative_return,52,2,53,0.0017733165295794606,0.009363412857055664,-0.007590096443891525,0.007590096443891525,5.760956402757478e-05
drift,relative_return,52,3,54,0.002659974852576852,0.02630913257598877,-0.02364915795624256,0.02364915795624256,0.0005592826720393108
drift,relative_return,52,4,55,0.0035466330591589212,0.028242826461791992,-0.024696193635463715,0.024696193635463715,0.0006099019800803185
drift,relative_return,52,5,56,0.004433291498571634,0.01714932918548584,-0.012716038152575493,0.012716038152575493,0.00016169762629775555
drift,relative_return,53,1,53,0.0011371223954483867,0.013107895851135254,-0.011970773339271545,0.011970773339271545,0.00014329941434021443
drift,relative_return,53,2,54,0.0022742447908967733,-0.0012007355690002441,0.0034749803598970175,0.0034749803598970175,1.2075488501670005e-05
drift,relative_return,53,3,55,0.003411367069929838,0.04197514057159424,-0.03856377303600311,0.03856377303600311,0.0014871645907723607
drift,relative_return,53,4,56,0.004548489581793547,0.08370018005371094,-0.0791516900062561,0.0791516900062561,0.006264990030846462
drift,relative_return,53,5,57,0.005685612093657255,0.0664898157119751,-0.060804203152656555,0.060804203152656555,0.0036971511210295294
drift,relative_return,54,1,54,0.0021912965457886457,-0.01838904619216919,0.020580342039465904,0.020580342039465904,0.0004235504784614076
drift,relative_return,54,2,55,0.0043825930915772915,-0.06379878520965576,0.06818138062953949,0.06818138062953949,0.004648700664550143
drift,relative_return,54,3,56,0.006573889404535294,-0.06905287504196167,0.07562676072120667,0.07562676072120667,0.005719406937182647
drift,relative_return,54,4,57,0.008765186183154583,-0.06891214847564697,0.07767733186483383,0.07767733186483383,0.006033767885639529
drift,relative_return,54,5,58,0.010956482961773872,-0.07820051908493042,0.08915700018405914,0.08915700018405914,0.007948970681820322
drift,relative_return,55,1,55,0.0005572097143158317,0.057659029960632324,-0.05710181966423988,0.05710181966423988,0.0032606178089673726
drift,relative_return,55,2,56,0.0011144194286316633,0.07633590698242188,-0.075221486389637,0.075221486389637,0.0056582720146663434
drift,relative_return,55,3,57,0.001671629142947495,0.09516537189483643,-0.0934937447309494,0.0934937447309494,0.008741080303815929
drift,relative_return,55,4,58,0.0022288388572633266,0.11674296855926514,-0.11451412737369537,0.11451412737369537,0.013113485368158928
drift,relative_return,55,5,59,0.0027860484551638365,0.12356233596801758,-0.12077628821134567,0.12077628821134567,0.014586911794110036
drift,relative_return,56,1,56,0.0027491122018545866,0.022873520851135254,-0.0201244093477726,0.0201244093477726,0.00040499185159671713
drift,relative_return,56,2,57,0.005498224403709173,0.06775975227355957,-0.06226152926683426,0.06226152926683426,0.003876498026644859
drift,relative_return,56,3,58,0.008247336372733116,0.020563483238220215,-0.012316146865487099,0.012316146865487099,0.00015168747361224769
drift,relative_return,56,4,59,0.010996448807418346,0.006975293159484863,0.004021155647933483,0.004021155647933483,1.616969274490735e-05
drift,relative_return,56,5,60,0.013745561242103577,-0.0007699728012084961,0.014515534043312073,0.014515534043312073,0.00021070072856255173
drift,relative_return,57,1,57,0.0021327610593289137,0.012964010238647461,-0.010831248946487904,0.010831248946487904,0.00011731595374079532
drift,relative_return,57,2,58,0.004265522118657827,-0.004986226558685303,0.009251749143004417,0.009251749143004417,8.559486220508297e-05
drift,relative_return,57,3,59,0.006398283410817385,-0.02393364906311035,0.03033193200826645,0.03033193200826645,0.0009200260993540987
drift,relative_return,57,4,60,0.008531044237315655,-0.02606409788131714,0.03459514304995537,0.03459514304995537,0.0011968239226468752
drift,relative_return,57,5,61,0.010663805529475212,-0.0363084077835083,0.04697221517562866,0.04697221517562866,0.0022063889985055596
drift,relative_return,58,1,58,0.002594989724457264,0.0077610015869140625,-0.0051660118624567986,0.0051660118624567986,2.668767856304436e-05
drift,relative_return,58,2,59,0.005189979448914528,-0.006867408752441406,0.012057388201355934,0.012057388201355934,0.0001453806102381973
drift,relative_return,58,3,60,0.007784969173371792,0.05531513690948486,-0.0475301668047905,0.0475301668047905,0.0022591167564912085
drift,relative_return,58,4,61,0.010379958897829056,0.04807150363922119,-0.037691544741392136,0.037691544741392136,0.0014206525449923652
drift,relative_return,58,5,62,0.01297494862228632,0.010112881660461426,0.002862066961824894,0.002862066961824894,8.191427293969579e-06
drift,relative_return,59,1,59,0.002366171684116125,0.018207192420959473,-0.01584102027118206,0.01584102027118206,0.00025093792323200095
drift,relative_return,59,2,60,0.00473234336823225,-0.04493594169616699,0.04966828599572182,0.04966828599572182,0.002466938633752816
drift,relative_return,59,3,61,0.007098515052348375,-0.02845168113708496,0.03555019572377205,0.03555019572377205,0.0012638164159985005
drift,relative_return,59,4,62,0.0094646867364645,-0.030547142028808594,0.04001183062791824,0.04001183062791824,0.0016009465901972164
drift,relative_return,59,5,63,0.011830857954919338,-0.06672877073287964,0.07855962961912155,0.07855962961912155,0.00617161540589356
drift,relative_return,60,1,60,0.0015636662719771266,0.02220332622528076,-0.020639659836888313,0.020639659836888313,0.0004259955581824605
drift,relative_return,60,2,61,0.003127332543954253,0.023800015449523926,-0.02067268267273903,0.02067268267273903,0.0004273598088877645
drift,relative_return,60,3,62,0.004690998699516058,0.06002390384674072,-0.05533290654420853,0.05533290654420853,0.003061730546630115
drift,relative_return,60,4,63,0.006254665087908506,0.03487682342529297,-0.028622157871723175,0.028622157871723175,0.0008192279212338449
drift,relative_return,60,5,64,0.007818331010639668,0.021105647087097168,-0.0132873160764575,0.0132873160764575,0.00017655276851568594
drift,relative_return,61,1,61,0.0024390537291765213,0.029513835906982422,-0.0270747821778059,0.0270747821778059,0.000733043829975636
drift,relative_return,61,2,62,0.004878107458353043,0.019545555114746094,-0.014667447656393051,0.014667447656393051,0.00021513402075303
drift,relative_return,61,3,63,0.007317161653190851,-0.022526264190673828,0.029843425378203392,0.029843425378203392,0.0008906300383043943
drift,relative_return,61,4,64,0.009756214916706085,-0.027608096599578857,0.03736431151628494,0.03736431151628494,0.0013960917750859836
drift,relative_return,61,5,65,0.012195269577205181,-0.043537676334381104,0.05573294684290886,0.05573294684290886,0.0031061613637945046
drift,relative_return,62,1,62,0.0018478352576494217,-0.0163993239402771,0.01824715919792652,0.01824715919792652,0.00033295881879447445
drift,relative_return,62,2,63,0.0036956705152988434,-0.0039337873458862305,0.007629457861185074,0.007629457861185074,5.820862725559872e-05
drift,relative_return,62,3,64,0.005543505772948265,0.022223353385925293,-0.016679847612977028,0.016679847612977028,0.00027821731639213546
drift,relative_return,62,4,65,0.007391341030597687,0.009400248527526855,-0.0020089074969291687,0.0020089074969291687,4.035709331218218e-06
drift,relative_return,62,5,66,0.009239176288247108,-0.004649043083190918,0.013888219371438026,0.013888219371438026,0.00019288263730918645
drift,relative_return,63,1,63,0.0011091805063188076,0.0036954879760742188,-0.002586307469755411,0.002586307469755411,6.688986328112637e-06
drift,relative_return,63,2,64,0.002218361012637615,0.010778546333312988,-0.008560185320675373,0.008560185320675373,7.327677272430614e-05
drift,relative_return,63,3,65,0.003327541518956423,0.04768252372741699,-0.04435498267412186,0.04435498267412186,0.00196736448802165
drift,relative_return,63,4,66,0.00443672202527523,0.04080474376678467,-0.03636801987886429,0.03636801987886429,0.001322632869909468
drift,relative_return,63,5,67,0.005545902531594038,0.08279013633728027,-0.07724423706531525,0.07724423706531525,0.005966672159802622
drift,relative_return,64,1,64,0.0009713481413200498,-0.03521996736526489,0.036191314458847046,0.036191314458847046,0.0013098112422591512
drift,relative_return,64,2,65,0.0019426962826400995,0.003981828689575195,-0.002039132406935096,0.002039132406935096,4.158060973012917e-06
drift,relative_return,64,3,66,0.002914044540375471,0.007299900054931641,-0.0043858555145561695,0.0043858555145561695,1.9235728594562762e-05
drift,relative_return,64,4,67,0.003885392565280199,-0.01687532663345337,0.02076071873307228,0.02076071873307228,0.00043100744231373833
drift,relative_return,64,5,68,0.004856741055846214,-0.03863292932510376,0.04348967224359512,0.04348967224359512,0.001891351591855328
