stock,seed,method,strategy,rolling_step,horizon,target_index,target_date,predicted_value,true_value,source_file
NVDA,42,Naive-last,random,0,1,60,2025-04-01T00:00:00,0.0,0.0163314342498779,results/normalization_pilot_train_zscore/random/NVDA/seed_42/last_baseline_scores_after_observation_20260827_074522.csv
NVDA,42,Naive-last,random,0,2,61,2025-04-02T00:00:00,0.0,0.0188226699829101,results/normalization_pilot_train_zscore/random/NVDA/seed_42/last_baseline_scores_after_observation_20260827_074522.csv
NVDA,42,Naive-last,random,0,3,62,2025-04-03T00:00:00,0.0,-0.0607122778892517,results/normalization_pilot_train_zscore/random/NVDA/seed_42/last_baseline_scores_after_observation_20260827_074522.csv
NVDA,42,Naive-last,random,0,4,63,2025-04-04T00:00:00,0.0,-0.1298210024833679,results/normalization_pilot_train_zscore/random/NVDA/seed_42/last_baseline_scores_after_observation_20260827_074522.csv
NVDA,42,Naive-last,random,0,5,64,2025-04-07T00:00:00,0.0,-0.0990957617759704,results/normalization_pilot_train_zscore/random/NVDA/seed_42/last_baseline_scores_after_observation_20260827_074522.csv
NVDA,42,Naive-last,random,1,1,65,2025-04-08T00:00:00,0.0,-0.0137238502502441,results/normalization_pilot_train_zscore/random/NVDA/seed_42/last_baseline_scores_after_observation_20260827_074522.csv
NVDA,42,Naive-last,random,1,2,66,2025-04-09T00:00:00,0.0,0.1709340810775756,results/normalization_pilot_train_zscore/random/NVDA/seed_42/last_baseline_scores_after_observation_20260827_074522.csv
NVDA,42,Naive-last,random,1,3,67,2025-04-10T00:00:00,0.0,0.1017000675201416,results/normalization_pilot_train_zscore/random/NVDA/seed_42/last_baseline_scores_after_observation_20260827_074522.csv
NVDA,42,Naive-last,random,1,4,68,2025-04-11T00:00:00,0.0,0.1361122131347656,results/normalization_pilot_train_zscore/random/NVDA/seed_42/last_baseline_scores_after_observation_20260827_074522.csv
NVDA,42,Naive-last,random,1,5,69,2025-04-14T00:00:00,0.0,0.1338590383529663,results/normalization_pilot_train_zscore/random/NVDA/seed_42/last_baseline_scores_after_observation_20260827_074522.csv
NVDA,42,Naive-last,random,2,1,70,2025-04-15T00:00:00,0.0,0.0134586095809936,results/normalization_pilot_train_zscore/random/NVDA/seed_42/last_baseline_scores_after_observation_20260827_074522.csv
NVDA,42,Naive-last,random,2,2,71,2025-04-16T00:00:00,0.0,-0.0561828017234802,results/normalization_pilot_train_zscore/random/NVDA/seed_42/last_baseline_scores_after_observation_20260827_074522.csv
NVDA,42,Naive-last,random,2,3,72,2025-04-17T00:00:00,0.0,-0.0832806825637817,results/normalization_pilot_train_zscore/random/NVDA/seed_42/last_baseline_scores_after_observation_20260827_074522.csv
NVDA,42,Naive-last,random,2,4,73,2025-04-21T00:00:00,0.0,-0.1246499419212341,results/normalization_pilot_train_zscore/random/NVDA/seed_42/last_baseline_scores_after_observation_20260827_074522.csv
NVDA,42,Naive-last,random,2,5,74,2025-04-22T00:00:00,0.0,-0.1067654490470886,results/normalization_pilot_train_zscore/random/NVDA/seed_42/last_baseline_scores_after_observation_20260827_074522.csv
NVDA,42,Naive-last,random,3,1,75,2025-04-23T00:00:00,0.0,0.0386288166046142,results/normalization_pilot_train_zscore/random/NVDA/seed_42/last_baseline_scores_after_observation_20260827_074522.csv
NVDA,42,Naive-last,random,3,2,76,2025-04-24T00:00:00,0.0,0.0762463808059692,results/normalization_pilot_train_zscore/random/NVDA/seed_42/last_baseline_scores_after_observation_20260827_074522.csv
NVDA,42,Naive-last,random,3,3,77,2025-04-25T00:00:00,0.0,0.1225605010986328,results/normalization_pilot_train_zscore/random/NVDA/seed_42/last_baseline_scores_after_observation_20260827_074522.csv
NVDA,42,Naive-last,random,3,4,78,2025-04-28T00:00:00,0.0,0.0995045900344848,results/normalization_pilot_train_zscore/random/NVDA/seed_42/last_baseline_scores_after_observation_20260827_074522.csv
NVDA,42,Naive-last,random,3,5,79,2025-04-29T00:00:00,0.0,0.1024370193481445,results/normalization_pilot_train_zscore/random/NVDA/seed_42/last_baseline_scores_after_observation_20260827_074522.csv
NVDA,42,Naive-last,random,4,1,80,2025-04-30T00:00:00,0.0,-0.0009172558784484,results/normalization_pilot_train_zscore/random/NVDA/seed_42/last_baseline_scores_after_observation_20260827_074522.csv
NVDA,42,Naive-last,random,4,2,81,2025-05-01T00:00:00,0.0,0.0237571001052856,results/normalization_pilot_train_zscore/random/NVDA/seed_42/last_baseline_scores_after_observation_20260827_074522.csv
NVDA,42,Naive-last,random,4,3,82,2025-05-02T00:00:00,0.0,0.0502660274505615,results/normalization_pilot_train_zscore/random/NVDA/seed_42/last_baseline_scores_after_observation_20260827_074522.csv
NVDA,42,Naive-last,random,4,4,83,2025-05-05T00:00:00,0.0,0.0440286397933959,results/normalization_pilot_train_zscore/random/NVDA/seed_42/last_baseline_scores_after_observation_20260827_074522.csv
NVDA,42,Naive-last,random,4,5,84,2025-05-06T00:00:00,0.0,0.0414602756500244,results/normalization_pilot_train_zscore/random/NVDA/seed_42/last_baseline_scores_after_observation_20260827_074522.csv
NVDA,42,Naive-last,random,5,1,85,2025-05-07T00:00:00,0.0,0.0310022830963134,results/normalization_pilot_train_zscore/random/NVDA/seed_42/last_baseline_scores_after_observation_20260827_074522.csv
NVDA,42,Naive-last,random,5,2,86,2025-05-08T00:00:00,0.0,0.0337326526641845,results/normalization_pilot_train_zscore/random/NVDA/seed_42/last_baseline_scores_after_observation_20260827_074522.csv
NVDA,42,Naive-last,random,5,3,87,2025-05-09T00:00:00,0.0,0.0273911952972412,results/normalization_pilot_train_zscore/random/NVDA/seed_42/last_baseline_scores_after_observation_20260827_074522.csv
NVDA,42,Naive-last,random,5,4,88,2025-05-12T00:00:00,0.0,0.0833185911178588,results/normalization_pilot_train_zscore/random/NVDA/seed_42/last_baseline_scores_after_observation_20260827_074522.csv
NVDA,42,Naive-last,random,5,5,89,2025-05-13T00:00:00,0.0,0.1443543434143066,results/normalization_pilot_train_zscore/random/NVDA/seed_42/last_baseline_scores_after_observation_20260827_074522.csv
NVDA,42,Naive-last,random,6,1,90,2025-05-14T00:00:00,0.0,0.0416377782821655,results/normalization_pilot_train_zscore/random/NVDA/seed_42/last_baseline_scores_after_observation_20260827_074522.csv
NVDA,42,Naive-last,random,6,2,91,2025-05-15T00:00:00,0.0,0.0377126932144165,results/normalization_pilot_train_zscore/random/NVDA/seed_42/last_baseline_scores_after_observation_20260827_074522.csv
NVDA,42,Naive-last,random,6,3,92,2025-05-16T00:00:00,0.0,0.0420995950698852,results/normalization_pilot_train_zscore/random/NVDA/seed_42/last_baseline_scores_after_observation_20260827_074522.csv
NVDA,42,Naive-last,random,6,4,93,2025-05-19T00:00:00,0.0,0.0434081554412841,results/normalization_pilot_train_zscore/random/NVDA/seed_42/last_baseline_scores_after_observation_20260827_074522.csv
NVDA,42,Naive-last,random,6,5,94,2025-05-20T00:00:00,0.0,0.0342493057250976,results/normalization_pilot_train_zscore/random/NVDA/seed_42/last_baseline_scores_after_observation_20260827_074522.csv
NVDA,42,Naive-last,random,7,1,95,2025-05-21T00:00:00,0.0,-0.0191993117332458,results/normalization_pilot_train_zscore/random/NVDA/seed_42/last_baseline_scores_after_observation_20260827_074522.csv
NVDA,42,Naive-last,random,7,2,96,2025-05-22T00:00:00,0.0,-0.0115344524383544,results/normalization_pilot_train_zscore/random/NVDA/seed_42/last_baseline_scores_after_observation_20260827_074522.csv
NVDA,42,Naive-last,random,7,3,97,2025-05-23T00:00:00,0.0,-0.022994577884674,results/normalization_pilot_train_zscore/random/NVDA/seed_42/last_baseline_scores_after_observation_20260827_074522.csv
NVDA,42,Naive-last,random,7,4,98,2025-05-27T00:00:00,0.0,0.0083345174789428,results/normalization_pilot_train_zscore/random/NVDA/seed_42/last_baseline_scores_after_observation_20260827_074522.csv
NVDA,42,Naive-last,random,7,5,99,2025-05-28T00:00:00,0.0,0.003199815750122,results/normalization_pilot_train_zscore/random/NVDA/seed_42/last_baseline_scores_after_observation_20260827_074522.csv
NVDA,42,Naive-last,random,8,1,100,2025-05-29T00:00:00,0.0,0.0324902534484863,results/normalization_pilot_train_zscore/random/NVDA/seed_42/last_baseline_scores_after_observation_20260827_074522.csv
NVDA,42,Naive-last,random,8,2,101,2025-05-30T00:00:00,0.0,0.0023738145828247,results/normalization_pilot_train_zscore/random/NVDA/seed_42/last_baseline_scores_after_observation_20260827_074522.csv
NVDA,42,Naive-last,random,8,3,102,2025-06-02T00:00:00,0.0,0.0190639495849609,results/normalization_pilot_train_zscore/random/NVDA/seed_42/last_baseline_scores_after_observation_20260827_074522.csv
NVDA,42,Naive-last,random,8,4,103,2025-06-03T00:00:00,0.0,0.0475484132766723,results/normalization_pilot_train_zscore/random/NVDA/seed_42/last_baseline_scores_after_observation_20260827_074522.csv
NVDA,42,Naive-last,random,8,5,104,2025-06-04T00:00:00,0.0,0.0527409315109252,results/normalization_pilot_train_zscore/random/NVDA/seed_42/last_baseline_scores_after_observation_20260827_074522.csv
NVDA,42,Naive-last,random,9,1,105,2025-06-05T00:00:00,0.0,-0.013599157333374,results/normalization_pilot_train_zscore/random/NVDA/seed_42/last_baseline_scores_after_observation_20260827_074522.csv
NVDA,42,Naive-last,random,9,2,106,2025-06-06T00:00:00,0.0,-0.0014092326164245,results/normalization_pilot_train_zscore/random/NVDA/seed_42/last_baseline_scores_after_observation_20260827_074522.csv
NVDA,42,Naive-last,random,9,3,107,2025-06-09T00:00:00,0.0,0.0050028562545776,results/normalization_pilot_train_zscore/random/NVDA/seed_42/last_baseline_scores_after_observation_20260827_074522.csv
NVDA,42,Naive-last,random,9,4,108,2025-06-10T00:00:00,0.0,0.0143743753433227,results/normalization_pilot_train_zscore/random/NVDA/seed_42/last_baseline_scores_after_observation_20260827_074522.csv
NVDA,42,Naive-last,random,9,5,109,2025-06-11T00:00:00,0.0,0.0064121484756469,results/normalization_pilot_train_zscore/random/NVDA/seed_42/last_baseline_scores_after_observation_20260827_074522.csv
NVDA,42,Naive-last,random,10,1,110,2025-06-12T00:00:00,0.0,0.0151928663253784,results/normalization_pilot_train_zscore/random/NVDA/seed_42/last_baseline_scores_after_observation_20260827_074522.csv
NVDA,42,Naive-last,random,10,2,111,2025-06-13T00:00:00,0.0,-0.0060211420059204,results/normalization_pilot_train_zscore/random/NVDA/seed_42/last_baseline_scores_after_observation_20260827_074522.csv
NVDA,42,Naive-last,random,10,3,112,2025-06-16T00:00:00,0.0,0.0130224227905273,results/normalization_pilot_train_zscore/random/NVDA/seed_42/last_baseline_scores_after_observation_20260827_074522.csv
NVDA,42,Naive-last,random,10,4,113,2025-06-17T00:00:00,0.0,0.0090316534042358,results/normalization_pilot_train_zscore/random/NVDA/seed_42/last_baseline_scores_after_observation_20260827_074522.csv
NVDA,42,Naive-last,random,10,5,114,2025-06-18T00:00:00,0.0,0.0185534954071044,results/normalization_pilot_train_zscore/random/NVDA/seed_42/last_baseline_scores_after_observation_20260827_074522.csv
NVDA,42,Naive-last,random,11,1,115,2025-06-20T00:00:00,0.0,-0.0112042427062988,results/normalization_pilot_train_zscore/random/NVDA/seed_42/last_baseline_scores_after_observation_20260827_074522.csv
NVDA,42,Naive-last,random,11,2,116,2025-06-23T00:00:00,0.0,-0.0090046525001525,results/normalization_pilot_train_zscore/random/NVDA/seed_42/last_baseline_scores_after_observation_20260827_074522.csv
NVDA,42,Naive-last,random,11,3,117,2025-06-24T00:00:00,0.0,0.0166345834732055,results/normalization_pilot_train_zscore/random/NVDA/seed_42/last_baseline_scores_after_observation_20260827_074522.csv
NVDA,42,Naive-last,random,11,4,118,2025-06-25T00:00:00,0.0,0.0606956481933593,results/normalization_pilot_train_zscore/random/NVDA/seed_42/last_baseline_scores_after_observation_20260827_074522.csv
NVDA,42,Naive-last,random,11,5,119,2025-06-26T00:00:00,0.0,0.0655760765075683,results/normalization_pilot_train_zscore/random/NVDA/seed_42/last_baseline_scores_after_observation_20260827_074522.csv
NVDA,42,Naive-last,random,12,1,120,2025-06-27T00:00:00,0.0,0.0176105499267578,results/normalization_pilot_train_zscore/random/NVDA/seed_42/last_baseline_scores_after_observation_20260827_074522.csv
NVDA,42,Naive-last,random,12,2,121,2025-06-30T00:00:00,0.0,0.0191588401794433,results/normalization_pilot_train_zscore/random/NVDA/seed_42/last_baseline_scores_after_observation_20260827_074522.csv
NVDA,42,Naive-last,random,12,3,122,2025-07-01T00:00:00,0.0,-0.0110953450202941,results/normalization_pilot_train_zscore/random/NVDA/seed_42/last_baseline_scores_after_observation_20260827_074522.csv
NVDA,42,Naive-last,random,12,4,123,2025-07-02T00:00:00,0.0,0.0143852233886718,results/normalization_pilot_train_zscore/random/NVDA/seed_42/last_baseline_scores_after_observation_20260827_074522.csv
NVDA,42,Naive-last,random,12,5,124,2025-07-03T00:00:00,0.0,0.027867317199707,results/normalization_pilot_train_zscore/random/NVDA/seed_42/last_baseline_scores_after_observation_20260827_074522.csv
NVDA,42,Naive-last,random,13,1,125,2025-07-07T00:00:00,0.0,-0.0069034099578857,results/normalization_pilot_train_zscore/random/NVDA/seed_42/last_baseline_scores_after_observation_20260827_074522.csv
NVDA,42,Naive-last,random,13,2,126,2025-07-08T00:00:00,0.0,0.0041421651840209,results/normalization_pilot_train_zscore/random/NVDA/seed_42/last_baseline_scores_after_observation_20260827_074522.csv
NVDA,42,Naive-last,random,13,3,127,2025-07-09T00:00:00,0.0,0.0222166776657104,results/normalization_pilot_train_zscore/random/NVDA/seed_42/last_baseline_scores_after_observation_20260827_074522.csv
NVDA,42,Naive-last,random,13,4,128,2025-07-10T00:00:00,0.0,0.029873251914978,results/normalization_pilot_train_zscore/random/NVDA/seed_42/last_baseline_scores_after_observation_20260827_074522.csv
NVDA,42,Naive-last,random,13,5,129,2025-07-11T00:00:00,0.0,0.0350195169448852,results/normalization_pilot_train_zscore/random/NVDA/seed_42/last_baseline_scores_after_observation_20260827_074522.csv
NVDA,42,Naive-last,random,14,1,130,2025-07-14T00:00:00,0.0,-0.0051539540290832,results/normalization_pilot_train_zscore/random/NVDA/seed_42/last_baseline_scores_after_observation_20260827_074522.csv
NVDA,42,Naive-last,random,14,2,131,2025-07-15T00:00:00,0.0,0.0350472927093505,results/normalization_pilot_train_zscore/random/NVDA/seed_42/last_baseline_scores_after_observation_20260827_074522.csv
NVDA,42,Naive-last,random,14,3,132,2025-07-16T00:00:00,0.0,0.0391098260879516,results/normalization_pilot_train_zscore/random/NVDA/seed_42/last_baseline_scores_after_observation_20260827_074522.csv
NVDA,42,Naive-last,random,14,4,133,2025-07-17T00:00:00,0.0,0.0489934682846069,results/normalization_pilot_train_zscore/random/NVDA/seed_42/last_baseline_scores_after_observation_20260827_074522.csv
NVDA,42,Naive-last,random,14,5,134,2025-07-18T00:00:00,0.0,0.0454159975051879,results/normalization_pilot_train_zscore/random/NVDA/seed_42/last_baseline_scores_after_observation_20260827_074522.csv
NVDA,42,Naive-last,random,15,1,135,2025-07-21T00:00:00,0.0,-0.0059741139411926,results/normalization_pilot_train_zscore/random/NVDA/seed_42/last_baseline_scores_after_observation_20260827_074522.csv
NVDA,42,Naive-last,random,15,2,136,2025-07-22T00:00:00,0.0,-0.0312047004699707,results/normalization_pilot_train_zscore/random/NVDA/seed_42/last_baseline_scores_after_observation_20260827_074522.csv
NVDA,42,Naive-last,random,15,3,137,2025-07-23T00:00:00,0.0,-0.0094542503356933,results/normalization_pilot_train_zscore/random/NVDA/seed_42/last_baseline_scores_after_observation_20260827_074522.csv
NVDA,42,Naive-last,random,15,4,138,2025-07-24T00:00:00,0.0,0.0077141523361206,results/normalization_pilot_train_zscore/random/NVDA/seed_42/last_baseline_scores_after_observation_20260827_074522.csv
NVDA,42,Naive-last,random,15,5,139,2025-07-25T00:00:00,0.0,0.0063221454620361,results/normalization_pilot_train_zscore/random/NVDA/seed_42/last_baseline_scores_after_observation_20260827_074522.csv
NVDA,42,Naive-last,random,16,1,140,2025-07-28T00:00:00,0.0,0.018731951713562,results/normalization_pilot_train_zscore/random/NVDA/seed_42/last_baseline_scores_after_observation_20260827_074522.csv
NVDA,42,Naive-last,random,16,2,141,2025-07-29T00:00:00,0.0,0.011584997177124,results/normalization_pilot_train_zscore/random/NVDA/seed_42/last_baseline_scores_after_observation_20260827_074522.csv
NVDA,42,Naive-last,random,16,3,142,2025-07-30T00:00:00,0.0,0.0332565307617187,results/normalization_pilot_train_zscore/random/NVDA/seed_42/last_baseline_scores_after_observation_20260827_074522.csv
NVDA,42,Naive-last,random,16,4,143,2025-07-31T00:00:00,0.0,0.0251872539520263,results/normalization_pilot_train_zscore/random/NVDA/seed_42/last_baseline_scores_after_observation_20260827_074522.csv
NVDA,42,Naive-last,random,16,5,144,2025-08-01T00:00:00,0.0,0.0012680292129516,results/normalization_pilot_train_zscore/random/NVDA/seed_42/last_baseline_scores_after_observation_20260827_074522.csv
NVDA,42,Naive-last,random,17,1,145,2025-08-04T00:00:00,0.0,0.0361500978469848,results/normalization_pilot_train_zscore/random/NVDA/seed_42/last_baseline_scores_after_observation_20260827_074522.csv
NVDA,42,Naive-last,random,17,2,146,2025-08-05T00:00:00,0.0,0.0261340141296386,results/normalization_pilot_train_zscore/random/NVDA/seed_42/last_baseline_scores_after_observation_20260827_074522.csv
NVDA,42,Naive-last,random,17,3,147,2025-08-06T00:00:00,0.0,0.0328114032745361,results/normalization_pilot_train_zscore/random/NVDA/seed_42/last_baseline_scores_after_observation_20260827_074522.csv
NVDA,42,Naive-last,random,17,4,148,2025-08-07T00:00:00,0.0,0.040582537651062,results/normalization_pilot_train_zscore/random/NVDA/seed_42/last_baseline_scores_after_observation_20260827_074522.csv
NVDA,42,Naive-last,random,17,5,149,2025-08-08T00:00:00,0.0,0.0516923666000366,results/normalization_pilot_train_zscore/random/NVDA/seed_42/last_baseline_scores_after_observation_20260827_074522.csv
NVDA,42,Naive-last,random,18,1,150,2025-08-11T00:00:00,0.0,-0.0035030245780944,results/normalization_pilot_train_zscore/random/NVDA/seed_42/last_baseline_scores_after_observation_20260827_074522.csv
NVDA,42,Naive-last,random,18,2,151,2025-08-12T00:00:00,0.0,0.002517819404602,results/normalization_pilot_train_zscore/random/NVDA/seed_42/last_baseline_scores_after_observation_20260827_074522.csv
NVDA,42,Naive-last,random,18,3,152,2025-08-13T00:00:00,0.0,-0.0060755610466003,results/normalization_pilot_train_zscore/random/NVDA/seed_42/last_baseline_scores_after_observation_20260827_074522.csv
NVDA,42,Naive-last,random,18,4,153,2025-08-14T00:00:00,0.0,-0.0037218928337097,results/normalization_pilot_train_zscore/random/NVDA/seed_42/last_baseline_scores_after_observation_20260827_074522.csv
NVDA,42,Naive-last,random,18,5,154,2025-08-15T00:00:00,0.0,-0.0123152732849121,results/normalization_pilot_train_zscore/random/NVDA/seed_42/last_baseline_scores_after_observation_20260827_074522.csv
NVDA,42,Naive-last,random,19,1,155,2025-08-18T00:00:00,0.0,0.0086450576782226,results/normalization_pilot_train_zscore/random/NVDA/seed_42/last_baseline_scores_after_observation_20260827_074522.csv
NVDA,42,Naive-last,random,19,2,156,2025-08-19T00:00:00,0.0,-0.0266555547714233,results/normalization_pilot_train_zscore/random/NVDA/seed_42/last_baseline_scores_after_observation_20260827_074522.csv
NVDA,42,Naive-last,random,19,3,157,2025-08-20T00:00:00,0.0,-0.0279856324195861,results/normalization_pilot_train_zscore/random/NVDA/seed_42/last_baseline_scores_after_observation_20260827_074522.csv
NVDA,42,Naive-last,random,19,4,158,2025-08-21T00:00:00,0.0,-0.0303131341934204,results/normalization_pilot_train_zscore/random/NVDA/seed_42/last_baseline_scores_after_observation_20260827_074522.csv
NVDA,42,Naive-last,random,19,5,159,2025-08-22T00:00:00,0.0,-0.0136325359344482,results/normalization_pilot_train_zscore/random/NVDA/seed_42/last_baseline_scores_after_observation_20260827_074522.csv
NVDA,42,Naive-last,random,20,1,160,2025-08-25T00:00:00,0.0,0.0102252960205078,results/normalization_pilot_train_zscore/random/NVDA/seed_42/last_baseline_scores_after_observation_20260827_074522.csv
NVDA,42,Naive-last,random,20,2,161,2025-08-26T00:00:00,0.0,0.0212371349334716,results/normalization_pilot_train_zscore/random/NVDA/seed_42/last_baseline_scores_after_observation_20260827_074522.csv
NVDA,42,Naive-last,random,20,3,162,2025-08-27T00:00:00,0.0,0.0202820301055908,results/normalization_pilot_train_zscore/random/NVDA/seed_42/last_baseline_scores_after_observation_20260827_074522.csv
NVDA,42,Naive-last,random,20,4,163,2025-08-28T00:00:00,0.0,0.0122478008270263,results/normalization_pilot_train_zscore/random/NVDA/seed_42/last_baseline_scores_after_observation_20260827_074522.csv
NVDA,42,Naive-last,random,20,5,164,2025-08-29T00:00:00,0.0,-0.0214057564735412,results/normalization_pilot_train_zscore/random/NVDA/seed_42/last_baseline_scores_after_observation_20260827_074522.csv
NVDA,42,Naive-last,random,21,1,165,2025-09-02T00:00:00,0.0,-0.0195199847221374,results/normalization_pilot_train_zscore/random/NVDA/seed_42/last_baseline_scores_after_observation_20260827_074522.csv
NVDA,42,Naive-last,random,21,2,166,2025-09-03T00:00:00,0.0,-0.0204386115074157,results/normalization_pilot_train_zscore/random/NVDA/seed_42/last_baseline_scores_after_observation_20260827_074522.csv
NVDA,42,Naive-last,random,21,3,167,2025-09-04T00:00:00,0.0,-0.014467716217041,results/normalization_pilot_train_zscore/random/NVDA/seed_42/last_baseline_scores_after_observation_20260827_074522.csv
NVDA,42,Naive-last,random,21,4,168,2025-09-05T00:00:00,0.0,-0.0411068201065063,results/normalization_pilot_train_zscore/random/NVDA/seed_42/last_baseline_scores_after_observation_20260827_074522.csv
NVDA,42,Naive-last,random,21,5,169,2025-09-08T00:00:00,0.0,-0.0337007641792297,results/normalization_pilot_train_zscore/random/NVDA/seed_42/last_baseline_scores_after_observation_20260827_074522.csv
NVDA,42,Naive-last,random,22,1,170,2025-09-09T00:00:00,0.0,0.0145564079284667,results/normalization_pilot_train_zscore/random/NVDA/seed_42/last_baseline_scores_after_observation_20260827_074522.csv
NVDA,42,Naive-last,random,22,2,171,2025-09-10T00:00:00,0.0,0.0535916090011596,results/normalization_pilot_train_zscore/random/NVDA/seed_42/last_baseline_scores_after_observation_20260827_074522.csv
NVDA,42,Naive-last,random,22,3,172,2025-09-11T00:00:00,0.0,0.0526409149169921,results/normalization_pilot_train_zscore/random/NVDA/seed_42/last_baseline_scores_after_observation_20260827_074522.csv
NVDA,42,Naive-last,random,22,4,173,2025-09-12T00:00:00,0.0,0.0565029382705688,results/normalization_pilot_train_zscore/random/NVDA/seed_42/last_baseline_scores_after_observation_20260827_074522.csv
NVDA,42,Naive-last,random,22,5,174,2025-09-15T00:00:00,0.0,0.0560870170593261,results/normalization_pilot_train_zscore/random/NVDA/seed_42/last_baseline_scores_after_observation_20260827_074522.csv
NVDA,42,Naive-last,random,23,1,175,2025-09-16T00:00:00,0.0,-0.0161462426185607,results/normalization_pilot_train_zscore/random/NVDA/seed_42/last_baseline_scores_after_observation_20260827_074522.csv
NVDA,42,Naive-last,random,23,2,176,2025-09-17T00:00:00,0.0,-0.0419691205024719,results/normalization_pilot_train_zscore/random/NVDA/seed_42/last_baseline_scores_after_observation_20260827_074522.csv
NVDA,42,Naive-last,random,23,3,177,2025-09-18T00:00:00,0.0,-0.0084950327873229,results/normalization_pilot_train_zscore/random/NVDA/seed_42/last_baseline_scores_after_observation_20260827_074522.csv
NVDA,42,Naive-last,random,23,4,178,2025-09-19T00:00:00,0.0,-0.0060759782791137,results/normalization_pilot_train_zscore/random/NVDA/seed_42/last_baseline_scores_after_observation_20260827_074522.csv
NVDA,42,Naive-last,random,23,5,179,2025-09-22T00:00:00,0.0,0.0329676866531372,results/normalization_pilot_train_zscore/random/NVDA/seed_42/last_baseline_scores_after_observation_20260827_074522.csv
NVDA,42,Naive-last,random,24,1,180,2025-09-23T00:00:00,0.0,-0.0282120108604431,results/normalization_pilot_train_zscore/random/NVDA/seed_42/last_baseline_scores_after_observation_20260827_074522.csv
NVDA,42,Naive-last,random,24,2,181,2025-09-24T00:00:00,0.0,-0.0361636281013488,results/normalization_pilot_train_zscore/random/NVDA/seed_42/last_baseline_scores_after_observation_20260827_074522.csv
NVDA,42,Naive-last,random,24,3,182,2025-09-25T00:00:00,0.0,-0.0322422385215759,results/normalization_pilot_train_zscore/random/NVDA/seed_42/last_baseline_scores_after_observation_20260827_074522.csv
NVDA,42,Naive-last,random,24,4,183,2025-09-26T00:00:00,0.0,-0.0295190811157226,results/normalization_pilot_train_zscore/random/NVDA/seed_42/last_baseline_scores_after_observation_20260827_074522.csv
NVDA,42,Naive-last,random,24,5,184,2025-09-29T00:00:00,0.0,-0.0095854997634887,results/normalization_pilot_train_zscore/random/NVDA/seed_42/last_baseline_scores_after_observation_20260827_074522.csv
NVDA,42,Naive-last,random,25,1,185,2025-09-30T00:00:00,0.0,0.0260103940963745,results/normalization_pilot_train_zscore/random/NVDA/seed_42/last_baseline_scores_after_observation_20260827_074522.csv
NVDA,42,Naive-last,random,25,2,186,2025-10-01T00:00:00,0.0,0.0296398401260375,results/normalization_pilot_train_zscore/random/NVDA/seed_42/last_baseline_scores_after_observation_20260827_074522.csv
NVDA,42,Naive-last,random,25,3,187,2025-10-02T00:00:00,0.0,0.0387132167816162,results/normalization_pilot_train_zscore/random/NVDA/seed_42/last_baseline_scores_after_observation_20260827_074522.csv
NVDA,42,Naive-last,random,25,4,188,2025-10-03T00:00:00,0.0,0.0317293405532836,results/normalization_pilot_train_zscore/random/NVDA/seed_42/last_baseline_scores_after_observation_20260827_074522.csv
NVDA,42,Naive-last,random,25,5,189,2025-10-06T00:00:00,0.0,0.0202913284301757,results/normalization_pilot_train_zscore/random/NVDA/seed_42/last_baseline_scores_after_observation_20260827_074522.csv
NVDA,42,Naive-last,random,26,1,190,2025-10-07T00:00:00,0.0,-0.0026948451995849,results/normalization_pilot_train_zscore/random/NVDA/seed_42/last_baseline_scores_after_observation_20260827_074522.csv
NVDA,42,Naive-last,random,26,2,191,2025-10-08T00:00:00,0.0,0.0192412137985229,results/normalization_pilot_train_zscore/random/NVDA/seed_42/last_baseline_scores_after_observation_20260827_074522.csv
NVDA,42,Naive-last,random,26,3,192,2025-10-09T00:00:00,0.0,0.0378894805908203,results/normalization_pilot_train_zscore/random/NVDA/seed_42/last_baseline_scores_after_observation_20260827_074522.csv
NVDA,42,Naive-last,random,26,4,193,2025-10-10T00:00:00,0.0,-0.0128273963928222,results/normalization_pilot_train_zscore/random/NVDA/seed_42/last_baseline_scores_after_observation_20260827_074522.csv
NVDA,42,Naive-last,random,26,5,194,2025-10-13T00:00:00,0.0,0.0149834156036376,results/normalization_pilot_train_zscore/random/NVDA/seed_42/last_baseline_scores_after_observation_20260827_074522.csv
NVDA,42,Naive-last,random,27,1,195,2025-10-14T00:00:00,0.0,-0.0440208315849304,results/normalization_pilot_train_zscore/random/NVDA/seed_42/last_baseline_scores_after_observation_20260827_074522.csv
NVDA,42,Naive-last,random,27,2,196,2025-10-15T00:00:00,0.0,-0.0450828671455383,results/normalization_pilot_train_zscore/random/NVDA/seed_42/last_baseline_scores_after_observation_20260827_074522.csv
NVDA,42,Naive-last,random,27,3,197,2025-10-16T00:00:00,0.0,-0.0345688462257385,results/normalization_pilot_train_zscore/random/NVDA/seed_42/last_baseline_scores_after_observation_20260827_074522.csv
NVDA,42,Naive-last,random,27,4,198,2025-10-17T00:00:00,0.0,-0.0270816087722778,results/normalization_pilot_train_zscore/random/NVDA/seed_42/last_baseline_scores_after_observation_20260827_074522.csv
NVDA,42,Naive-last,random,27,5,199,2025-10-20T00:00:00,0.0,-0.030161440372467,results/normalization_pilot_train_zscore/random/NVDA/seed_42/last_baseline_scores_after_observation_20260827_074522.csv
NVDA,42,Naive-last,random,28,1,200,2025-10-21T00:00:00,0.0,-0.0081033706665039,results/normalization_pilot_train_zscore/random/NVDA/seed_42/last_baseline_scores_after_observation_20260827_074522.csv
NVDA,42,Naive-last,random,28,2,201,2025-10-22T00:00:00,0.0,-0.0129215717315673,results/normalization_pilot_train_zscore/random/NVDA/seed_42/last_baseline_scores_after_observation_20260827_074522.csv
NVDA,42,Naive-last,random,28,3,202,2025-10-23T00:00:00,0.0,-0.0026280879974365,results/normalization_pilot_train_zscore/random/NVDA/seed_42/last_baseline_scores_after_observation_20260827_074522.csv
NVDA,42,Naive-last,random,28,4,203,2025-10-24T00:00:00,0.0,0.0198203325271606,results/normalization_pilot_train_zscore/random/NVDA/seed_42/last_baseline_scores_after_observation_20260827_074522.csv
NVDA,42,Naive-last,random,28,5,204,2025-10-27T00:00:00,0.0,0.0484559535980224,results/normalization_pilot_train_zscore/random/NVDA/seed_42/last_baseline_scores_after_observation_20260827_074522.csv
NVDA,42,Naive-last,random,29,1,205,2025-10-28T00:00:00,0.0,0.0498198270797729,results/normalization_pilot_train_zscore/random/NVDA/seed_42/last_baseline_scores_after_observation_20260827_074522.csv
NVDA,42,Naive-last,random,29,2,206,2025-10-29T00:00:00,0.0,0.0812052488327026,results/normalization_pilot_train_zscore/random/NVDA/seed_42/last_baseline_scores_after_observation_20260827_074522.csv
NVDA,42,Naive-last,random,29,3,207,2025-10-30T00:00:00,0.0,0.0595331192016601,results/normalization_pilot_train_zscore/random/NVDA/seed_42/last_baseline_scores_after_observation_20260827_074522.csv
NVDA,42,Naive-last,random,29,4,208,2025-10-31T00:00:00,0.0,0.0574442148208618,results/normalization_pilot_train_zscore/random/NVDA/seed_42/last_baseline_scores_after_observation_20260827_074522.csv
NVDA,42,Naive-last,random,29,5,209,2025-11-03T00:00:00,0.0,0.0803697109222412,results/normalization_pilot_train_zscore/random/NVDA/seed_42/last_baseline_scores_after_observation_20260827_074522.csv
NVDA,42,Naive-last,random,30,1,210,2025-11-04T00:00:00,0.0,-0.0395881533622741,results/normalization_pilot_train_zscore/random/NVDA/seed_42/last_baseline_scores_after_observation_20260827_074522.csv
NVDA,42,Naive-last,random,30,2,211,2025-11-05T00:00:00,0.0,-0.056409478187561,results/normalization_pilot_train_zscore/random/NVDA/seed_42/last_baseline_scores_after_observation_20260827_074522.csv
NVDA,42,Naive-last,random,30,3,212,2025-11-06T00:00:00,0.0,-0.0908739566802978,results/normalization_pilot_train_zscore/random/NVDA/seed_42/last_baseline_scores_after_observation_20260827_074522.csv
NVDA,42,Naive-last,random,30,4,213,2025-11-07T00:00:00,0.0,-0.0905356407165527,results/normalization_pilot_train_zscore/random/NVDA/seed_42/last_baseline_scores_after_observation_20260827_074522.csv
NVDA,42,Naive-last,random,30,5,214,2025-11-10T00:00:00,0.0,-0.0378480553627014,results/normalization_pilot_train_zscore/random/NVDA/seed_42/last_baseline_scores_after_observation_20260827_074522.csv
NVDA,42,Naive-last,random,31,1,215,2025-11-11T00:00:00,0.0,-0.0295905470848083,results/normalization_pilot_train_zscore/random/NVDA/seed_42/last_baseline_scores_after_observation_20260827_074522.csv
NVDA,42,Naive-last,random,31,2,216,2025-11-12T00:00:00,0.0,-0.0263752937316894,results/normalization_pilot_train_zscore/random/NVDA/seed_42/last_baseline_scores_after_observation_20260827_074522.csv
NVDA,42,Naive-last,random,31,3,217,2025-11-13T00:00:00,0.0,-0.0612409114837646,results/normalization_pilot_train_zscore/random/NVDA/seed_42/last_baseline_scores_after_observation_20260827_074522.csv
NVDA,42,Naive-last,random,31,4,218,2025-11-14T00:00:00,0.0,-0.0446119308471679,results/normalization_pilot_train_zscore/random/NVDA/seed_42/last_baseline_scores_after_observation_20260827_074522.csv
NVDA,42,Naive-last,random,31,5,219,2025-11-17T00:00:00,0.0,-0.0625470876693725,results/normalization_pilot_train_zscore/random/NVDA/seed_42/last_baseline_scores_after_observation_20260827_074522.csv
NVDA,42,Naive-last,random,32,1,220,2025-11-18T00:00:00,0.0,-0.028081476688385,results/normalization_pilot_train_zscore/random/NVDA/seed_42/last_baseline_scores_after_observation_20260827_074522.csv
NVDA,42,Naive-last,random,32,2,221,2025-11-19T00:00:00,0.0,-0.0004287362098693,results/normalization_pilot_train_zscore/random/NVDA/seed_42/last_baseline_scores_after_observation_20260827_074522.csv
NVDA,42,Naive-last,random,32,3,222,2025-11-20T00:00:00,0.0,-0.0319400429725647,results/normalization_pilot_train_zscore/random/NVDA/seed_42/last_baseline_scores_after_observation_20260827_074522.csv
NVDA,42,Naive-last,random,32,4,223,2025-11-21T00:00:00,0.0,-0.0413719415664672,results/normalization_pilot_train_zscore/random/NVDA/seed_42/last_baseline_scores_after_observation_20260827_074522.csv
NVDA,42,Naive-last,random,32,5,224,2025-11-24T00:00:00,0.0,-0.0217041969299316,results/normalization_pilot_train_zscore/random/NVDA/seed_42/last_baseline_scores_after_observation_20260827_074522.csv
NVDA,42,Naive-last,random,33,1,225,2025-11-25T00:00:00,0.0,-0.0259106755256652,results/normalization_pilot_train_zscore/random/NVDA/seed_42/last_baseline_scores_after_observation_20260827_074522.csv
NVDA,42,Naive-last,random,33,2,226,2025-11-26T00:00:00,0.0,-0.012544572353363,results/normalization_pilot_train_zscore/random/NVDA/seed_42/last_baseline_scores_after_observation_20260827_074522.csv
NVDA,42,Naive-last,random,33,3,227,2025-11-28T00:00:00,0.0,-0.030402660369873,results/normalization_pilot_train_zscore/random/NVDA/seed_42/last_baseline_scores_after_observation_20260827_074522.csv
NVDA,42,Naive-last,random,33,4,228,2025-12-01T00:00:00,0.0,-0.0144070386886596,results/normalization_pilot_train_zscore/random/NVDA/seed_42/last_baseline_scores_after_observation_20260827_074522.csv
NVDA,42,Naive-last,random,33,5,229,2025-12-02T00:00:00,0.0,-0.0059709548950195,results/normalization_pilot_train_zscore/random/NVDA/seed_42/last_baseline_scores_after_observation_20260827_074522.csv
NVDA,42,Naive-last,random,34,1,230,2025-12-03T00:00:00,0.0,-0.0103053450584411,results/normalization_pilot_train_zscore/random/NVDA/seed_42/last_baseline_scores_after_observation_20260827_074522.csv
NVDA,42,Naive-last,random,34,2,231,2025-12-04T00:00:00,0.0,0.0105807781219482,results/normalization_pilot_train_zscore/random/NVDA/seed_42/last_baseline_scores_after_observation_20260827_074522.csv
NVDA,42,Naive-last,random,34,3,232,2025-12-05T00:00:00,0.0,0.0052353143692016,results/normalization_pilot_train_zscore/random/NVDA/seed_42/last_baseline_scores_after_observation_20260827_074522.csv
NVDA,42,Naive-last,random,34,4,233,2025-12-08T00:00:00,0.0,0.0225393772125244,results/normalization_pilot_train_zscore/random/NVDA/seed_42/last_baseline_scores_after_observation_20260827_074522.csv
NVDA,42,Naive-last,random,34,5,234,2025-12-09T00:00:00,0.0,0.0193430185317993,results/normalization_pilot_train_zscore/random/NVDA/seed_42/last_baseline_scores_after_observation_20260827_074522.csv
NVDA,42,Naive-last,random,35,1,235,2025-12-10T00:00:00,0.0,-0.0064334869384765,results/normalization_pilot_train_zscore/random/NVDA/seed_42/last_baseline_scores_after_observation_20260827_074522.csv
NVDA,42,Naive-last,random,35,2,236,2025-12-11T00:00:00,0.0,-0.0218414068222045,results/normalization_pilot_train_zscore/random/NVDA/seed_42/last_baseline_scores_after_observation_20260827_074522.csv
NVDA,42,Naive-last,random,35,3,237,2025-12-12T00:00:00,0.0,-0.0537924766540527,results/normalization_pilot_train_zscore/random/NVDA/seed_42/last_baseline_scores_after_observation_20260827_074522.csv
NVDA,42,Naive-last,random,35,4,238,2025-12-15T00:00:00,0.0,-0.0469265580177307,results/normalization_pilot_train_zscore/random/NVDA/seed_42/last_baseline_scores_after_observation_20260827_074522.csv
NVDA,42,Naive-last,random,35,5,239,2025-12-16T00:00:00,0.0,-0.0391955375671386,results/normalization_pilot_train_zscore/random/NVDA/seed_42/last_baseline_scores_after_observation_20260827_074522.csv
NVDA,42,Naive-last,random,36,1,240,2025-12-17T00:00:00,0.0,-0.0381498932838439,results/normalization_pilot_train_zscore/random/NVDA/seed_42/last_baseline_scores_after_observation_20260827_074522.csv
NVDA,42,Naive-last,random,36,2,241,2025-12-18T00:00:00,0.0,-0.0201440453529357,results/normalization_pilot_train_zscore/random/NVDA/seed_42/last_baseline_scores_after_observation_20260827_074522.csv
NVDA,42,Naive-last,random,36,3,242,2025-12-19T00:00:00,0.0,0.0183997154235839,results/normalization_pilot_train_zscore/random/NVDA/seed_42/last_baseline_scores_after_observation_20260827_074522.csv
NVDA,42,Naive-last,random,36,4,243,2025-12-22T00:00:00,0.0,0.0335922241210937,results/normalization_pilot_train_zscore/random/NVDA/seed_42/last_baseline_scores_after_observation_20260827_074522.csv
NVDA,42,Naive-last,random,36,5,244,2025-12-23T00:00:00,0.0,0.0646523237228393,results/normalization_pilot_train_zscore/random/NVDA/seed_42/last_baseline_scores_after_observation_20260827_074522.csv
NVDA,42,Naive-last,random,37,1,245,2025-12-24T00:00:00,0.0,-0.0031710863113403,results/normalization_pilot_train_zscore/random/NVDA/seed_42/last_baseline_scores_after_observation_20260827_074522.csv
NVDA,42,Naive-last,random,37,2,246,2025-12-26T00:00:00,0.0,0.0069763660430908,results/normalization_pilot_train_zscore/random/NVDA/seed_42/last_baseline_scores_after_observation_20260827_074522.csv
NVDA,42,Naive-last,random,37,3,247,2025-12-29T00:00:00,0.0,-0.0052323341369628,results/normalization_pilot_train_zscore/random/NVDA/seed_42/last_baseline_scores_after_observation_20260827_074522.csv
NVDA,42,Naive-last,random,37,4,248,2025-12-30T00:00:00,0.0,-0.0088262557983398,results/normalization_pilot_train_zscore/random/NVDA/seed_42/last_baseline_scores_after_observation_20260827_074522.csv
NVDA,42,Naive-last,random,37,5,249,2025-12-31T00:00:00,0.0,-0.0143227577209472,results/normalization_pilot_train_zscore/random/NVDA/seed_42/last_baseline_scores_after_observation_20260827_074522.csv
NVDA,42,Mean-context,random,0,1,60,2025-04-01T00:00:00,-0.0032174517400562,0.0163314342498779,results/normalization_pilot_train_zscore/random/NVDA/seed_42/last_baseline_scores_after_observation_20260827_074522.csv
NVDA,42,Mean-context,random,0,2,61,2025-04-02T00:00:00,-0.0064245513640344,0.0188226699829101,results/normalization_pilot_train_zscore/random/NVDA/seed_42/last_baseline_scores_after_observation_20260827_074522.csv
NVDA,42,Mean-context,random,0,3,62,2025-04-03T00:00:00,-0.0096213323995471,-0.0607122778892517,results/normalization_pilot_train_zscore/random/NVDA/seed_42/last_baseline_scores_after_observation_20260827_074522.csv
NVDA,42,Mean-context,random,0,4,63,2025-04-04T00:00:00,-0.012807828374207,-0.1298210024833679,results/normalization_pilot_train_zscore/random/NVDA/seed_42/last_baseline_scores_after_observation_20260827_074522.csv
NVDA,42,Mean-context,random,0,5,64,2025-04-07T00:00:00,-0.0159840714186429,-0.0990957617759704,results/normalization_pilot_train_zscore/random/NVDA/seed_42/last_baseline_scores_after_observation_20260827_074522.csv
NVDA,42,Mean-context,random,1,1,65,2025-04-08T00:00:00,-0.004642189014703,-0.0137238502502441,results/normalization_pilot_train_zscore/random/NVDA/seed_42/last_baseline_scores_after_observation_20260827_074522.csv
NVDA,42,Mean-context,random,1,2,66,2025-04-09T00:00:00,-0.009262828156352,0.1709340810775756,results/normalization_pilot_train_zscore/random/NVDA/seed_42/last_baseline_scores_after_observation_20260827_074522.csv
NVDA,42,Mean-context,random,1,3,67,2025-04-10T00:00:00,-0.0138620166108012,0.1017000675201416,results/normalization_pilot_train_zscore/random/NVDA/seed_42/last_baseline_scores_after_observation_20260827_074522.csv
NVDA,42,Mean-context,random,1,4,68,2025-04-11T00:00:00,-0.0184398554265499,0.1361122131347656,results/normalization_pilot_train_zscore/random/NVDA/seed_42/last_baseline_scores_after_observation_20260827_074522.csv
NVDA,42,Mean-context,random,1,5,69,2025-04-14T00:00:00,-0.0229964423924684,0.1338590383529663,results/normalization_pilot_train_zscore/random/NVDA/seed_42/last_baseline_scores_after_observation_20260827_074522.csv
NVDA,42,Mean-context,random,2,1,70,2025-04-15T00:00:00,-0.0024560415185987,0.0134586095809936,results/normalization_pilot_train_zscore/random/NVDA/seed_42/last_baseline_scores_after_observation_20260827_074522.csv
NVDA,42,Mean-context,random,2,2,71,2025-04-16T00:00:00,-0.004906051326543,-0.0561828017234802,results/normalization_pilot_train_zscore/random/NVDA/seed_42/last_baseline_scores_after_observation_20260827_074522.csv
NVDA,42,Mean-context,random,2,3,72,2025-04-17T00:00:00,-0.0073500433936715,-0.0832806825637817,results/normalization_pilot_train_zscore/random/NVDA/seed_42/last_baseline_scores_after_observation_20260827_074522.csv
NVDA,42,Mean-context,random,2,4,73,2025-04-21T00:00:00,-0.0097880326211452,-0.1246499419212341,results/normalization_pilot_train_zscore/random/NVDA/seed_42/last_baseline_scores_after_observation_20260827_074522.csv
NVDA,42,Mean-context,random,2,5,74,2025-04-22T00:00:00,-0.0122200343757867,-0.1067654490470886,results/normalization_pilot_train_zscore/random/NVDA/seed_42/last_baseline_scores_after_observation_20260827_074522.csv
NVDA,42,Mean-context,random,3,1,75,2025-04-23T00:00:00,-0.0020445599220693,0.0386288166046142,results/normalization_pilot_train_zscore/random/NVDA/seed_42/last_baseline_scores_after_observation_20260827_074522.csv
NVDA,42,Mean-context,random,3,2,76,2025-04-24T00:00:00,-0.0040849396027624,0.0762463808059692,results/normalization_pilot_train_zscore/random/NVDA/seed_42/last_baseline_scores_after_observation_20260827_074522.csv
NVDA,42,Mean-context,random,3,3,77,2025-04-25T00:00:00,-0.0061211474239826,0.1225605010986328,results/normalization_pilot_train_zscore/random/NVDA/seed_42/last_baseline_scores_after_observation_20260827_074522.csv
NVDA,42,Mean-context,random,3,4,78,2025-04-28T00:00:00,-0.0081531917676329,0.0995045900344848,results/normalization_pilot_train_zscore/random/NVDA/seed_42/last_baseline_scores_after_observation_20260827_074522.csv
NVDA,42,Mean-context,random,3,5,79,2025-04-29T00:00:00,-0.0101810824126005,0.1024370193481445,results/normalization_pilot_train_zscore/random/NVDA/seed_42/last_baseline_scores_after_observation_20260827_074522.csv
NVDA,42,Mean-context,random,4,1,80,2025-04-30T00:00:00,-0.0001933041930897,-0.0009172558784484,results/normalization_pilot_train_zscore/random/NVDA/seed_42/last_baseline_scores_after_observation_20260827_074522.csv
NVDA,42,Mean-context,random,4,2,81,2025-05-01T00:00:00,-0.0003865710168611,0.0237571001052856,results/normalization_pilot_train_zscore/random/NVDA/seed_42/last_baseline_scores_after_observation_20260827_074522.csv
NVDA,42,Mean-context,random,4,3,82,2025-05-02T00:00:00,-0.0005798004567623,0.0502660274505615,results/normalization_pilot_train_zscore/random/NVDA/seed_42/last_baseline_scores_after_observation_20260827_074522.csv
NVDA,42,Mean-context,random,4,4,83,2025-05-05T00:00:00,-0.0007729926146566,0.0440286397933959,results/normalization_pilot_train_zscore/random/NVDA/seed_42/last_baseline_scores_after_observation_20260827_074522.csv
NVDA,42,Mean-context,random,4,5,84,2025-05-06T00:00:00,-0.000966147345025,0.0414602756500244,results/normalization_pilot_train_zscore/random/NVDA/seed_42/last_baseline_scores_after_observation_20260827_074522.csv
NVDA,42,Mean-context,random,5,1,85,2025-05-07T00:00:00,-0.0018281113589182,0.0310022830963134,results/normalization_pilot_train_zscore/random/NVDA/seed_42/last_baseline_scores_after_observation_20260827_074522.csv
NVDA,42,Mean-context,random,5,2,86,2025-05-08T00:00:00,-0.0036528806667774,0.0337326526641845,results/normalization_pilot_train_zscore/random/NVDA/seed_42/last_baseline_scores_after_observation_20260827_074522.csv
NVDA,42,Mean-context,random,5,3,87,2025-05-09T00:00:00,-0.0054743140935897,0.0273911952972412,results/normalization_pilot_train_zscore/random/NVDA/seed_42/last_baseline_scores_after_observation_20260827_074522.csv
NVDA,42,Mean-context,random,5,4,88,2025-05-12T00:00:00,-0.0072924178093671,0.0833185911178588,results/normalization_pilot_train_zscore/random/NVDA/seed_42/last_baseline_scores_after_observation_20260827_074522.csv
NVDA,42,Mean-context,random,5,5,89,2025-05-13T00:00:00,-0.0091071976348757,0.1443543434143066,results/normalization_pilot_train_zscore/random/NVDA/seed_42/last_baseline_scores_after_observation_20260827_074522.csv
NVDA,42,Mean-context,random,6,1,90,2025-05-14T00:00:00,-0.0002240743779111,0.0416377782821655,results/normalization_pilot_train_zscore/random/NVDA/seed_42/last_baseline_scores_after_observation_20260827_074522.csv
NVDA,42,Mean-context,random,6,2,91,2025-05-15T00:00:00,-0.0004480985517147,0.0377126932144165,results/normalization_pilot_train_zscore/random/NVDA/seed_42/last_baseline_scores_after_observation_20260827_074522.csv
NVDA,42,Mean-context,random,6,3,92,2025-05-16T00:00:00,-0.0006720725214108,0.0420995950698852,results/normalization_pilot_train_zscore/random/NVDA/seed_42/last_baseline_scores_after_observation_20260827_074522.csv
NVDA,42,Mean-context,random,6,4,93,2025-05-19T00:00:00,-0.000895996345207,0.0434081554412841,results/normalization_pilot_train_zscore/random/NVDA/seed_42/last_baseline_scores_after_observation_20260827_074522.csv
NVDA,42,Mean-context,random,6,5,94,2025-05-20T00:00:00,-0.0011198699939996,0.0342493057250976,results/normalization_pilot_train_zscore/random/NVDA/seed_42/last_baseline_scores_after_observation_20260827_074522.csv
NVDA,42,Mean-context,random,7,1,95,2025-05-21T00:00:00,0.0019606910645961,-0.0191993117332458,results/normalization_pilot_train_zscore/random/NVDA/seed_42/last_baseline_scores_after_observation_20260827_074522.csv
NVDA,42,Mean-context,random,7,2,96,2025-05-22T00:00:00,0.0039252266287803,-0.0115344524383544,results/normalization_pilot_train_zscore/random/NVDA/seed_42/last_baseline_scores_after_observation_20260827_074522.csv
NVDA,42,Mean-context,random,7,3,97,2025-05-23T00:00:00,0.0058936136774718,-0.022994577884674,results/normalization_pilot_train_zscore/random/NVDA/seed_42/last_baseline_scores_after_observation_20260827_074522.csv
NVDA,42,Mean-context,random,7,4,98,2025-05-27T00:00:00,0.0078658601269125,0.0083345174789428,results/normalization_pilot_train_zscore/random/NVDA/seed_42/last_baseline_scores_after_observation_20260827_074522.csv
NVDA,42,Mean-context,random,7,5,99,2025-05-28T00:00:00,0.0098419738933444,0.003199815750122,results/normalization_pilot_train_zscore/random/NVDA/seed_42/last_baseline_scores_after_observation_20260827_074522.csv
NVDA,42,Mean-context,random,8,1,100,2025-05-29T00:00:00,0.0033567880745977,0.0324902534484863,results/normalization_pilot_train_zscore/random/NVDA/seed_42/last_baseline_scores_after_observation_20260827_074522.csv
NVDA,42,Mean-context,random,8,2,101,2025-05-30T00:00:00,0.0067248442210257,0.0023738145828247,results/normalization_pilot_train_zscore/random/NVDA/seed_42/last_baseline_scores_after_observation_20260827_074522.csv
NVDA,42,Mean-context,random,8,3,102,2025-06-02T00:00:00,0.0101042063906788,0.0190639495849609,results/normalization_pilot_train_zscore/random/NVDA/seed_42/last_baseline_scores_after_observation_20260827_074522.csv
NVDA,42,Mean-context,random,8,4,103,2025-06-03T00:00:00,0.0134949116036295,0.0475484132766723,results/normalization_pilot_train_zscore/random/NVDA/seed_42/last_baseline_scores_after_observation_20260827_074522.csv
NVDA,42,Mean-context,random,8,5,104,2025-06-04T00:00:00,0.0168969985097646,0.0527409315109252,results/normalization_pilot_train_zscore/random/NVDA/seed_42/last_baseline_scores_after_observation_20260827_074522.csv
NVDA,42,Mean-context,random,9,1,105,2025-06-05T00:00:00,0.0052859182469546,-0.013599157333374,results/normalization_pilot_train_zscore/random/NVDA/seed_42/last_baseline_scores_after_observation_20260827_074522.csv
NVDA,42,Mean-context,random,9,2,106,2025-06-06T00:00:00,0.0105997771024703,-0.0014092326164245,results/normalization_pilot_train_zscore/random/NVDA/seed_42/last_baseline_scores_after_observation_20260827_074522.csv
NVDA,42,Mean-context,random,9,3,107,2025-06-09T00:00:00,0.0159417241811752,0.0050028562545776,results/normalization_pilot_train_zscore/random/NVDA/seed_42/last_baseline_scores_after_observation_20260827_074522.csv
NVDA,42,Mean-context,random,9,4,108,2025-06-10T00:00:00,0.0213119089603424,0.0143743753433227,results/normalization_pilot_train_zscore/random/NVDA/seed_42/last_baseline_scores_after_observation_20260827_074522.csv
NVDA,42,Mean-context,random,9,5,109,2025-06-11T00:00:00,0.0267104804515838,0.0064121484756469,results/normalization_pilot_train_zscore/random/NVDA/seed_42/last_baseline_scores_after_observation_20260827_074522.csv
NVDA,42,Mean-context,random,10,1,110,2025-06-12T00:00:00,0.004320808686316,0.0151928663253784,results/normalization_pilot_train_zscore/random/NVDA/seed_42/last_baseline_scores_after_observation_20260827_074522.csv
NVDA,42,Mean-context,random,10,2,111,2025-06-13T00:00:00,0.0086602866649627,-0.0060211420059204,results/normalization_pilot_train_zscore/random/NVDA/seed_42/last_baseline_scores_after_observation_20260827_074522.csv
NVDA,42,Mean-context,random,10,3,112,2025-06-16T00:00:00,0.0130185149610042,0.0130224227905273,results/normalization_pilot_train_zscore/random/NVDA/seed_42/last_baseline_scores_after_observation_20260827_074522.csv
NVDA,42,Mean-context,random,10,4,113,2025-06-17T00:00:00,0.0173955745995044,0.0090316534042358,results/normalization_pilot_train_zscore/random/NVDA/seed_42/last_baseline_scores_after_observation_20260827_074522.csv
NVDA,42,Mean-context,random,10,5,114,2025-06-18T00:00:00,0.0217915456742048,0.0185534954071044,results/normalization_pilot_train_zscore/random/NVDA/seed_42/last_baseline_scores_after_observation_20260827_074522.csv
NVDA,42,Mean-context,random,11,1,115,2025-06-20T00:00:00,0.003874433459714,-0.0112042427062988,results/normalization_pilot_train_zscore/random/NVDA/seed_42/last_baseline_scores_after_observation_20260827_074522.csv
NVDA,42,Mean-context,random,11,2,116,2025-06-23T00:00:00,0.007763878442347,-0.0090046525001525,results/normalization_pilot_train_zscore/random/NVDA/seed_42/last_baseline_scores_after_observation_20260827_074522.csv
NVDA,42,Mean-context,random,11,3,117,2025-06-24T00:00:00,0.0116683924570679,0.0166345834732055,results/normalization_pilot_train_zscore/random/NVDA/seed_42/last_baseline_scores_after_observation_20260827_074522.csv
NVDA,42,Mean-context,random,11,4,118,2025-06-25T00:00:00,0.0155880348756909,0.0606956481933593,results/normalization_pilot_train_zscore/random/NVDA/seed_42/last_baseline_scores_after_observation_20260827_074522.csv
NVDA,42,Mean-context,random,11,5,119,2025-06-26T00:00:00,0.019522862508893,0.0655760765075683,results/normalization_pilot_train_zscore/random/NVDA/seed_42/last_baseline_scores_after_observation_20260827_074522.csv
NVDA,42,Mean-context,random,12,1,120,2025-06-27T00:00:00,0.0064839445985853,0.0176105499267578,results/normalization_pilot_train_zscore/random/NVDA/seed_42/last_baseline_scores_after_observation_20260827_074522.csv
NVDA,42,Mean-context,random,12,2,121,2025-06-30T00:00:00,0.013009930960834,0.0191588401794433,results/normalization_pilot_train_zscore/random/NVDA/seed_42/last_baseline_scores_after_observation_20260827_074522.csv
NVDA,42,Mean-context,random,12,3,122,2025-07-01T00:00:00,0.019578231498599,-0.0110953450202941,results/normalization_pilot_train_zscore/random/NVDA/seed_42/last_baseline_scores_after_observation_20260827_074522.csv
NVDA,42,Mean-context,random,12,4,123,2025-07-02T00:00:00,0.0261891186237335,0.0143852233886718,results/normalization_pilot_train_zscore/random/NVDA/seed_42/last_baseline_scores_after_observation_20260827_074522.csv
NVDA,42,Mean-context,random,12,5,124,2025-07-03T00:00:00,0.0328428745269775,0.027867317199707,results/normalization_pilot_train_zscore/random/NVDA/seed_42/last_baseline_scores_after_observation_20260827_074522.csv
NVDA,42,Mean-context,random,13,1,125,2025-07-07T00:00:00,0.0091298539191484,-0.0069034099578857,results/normalization_pilot_train_zscore/random/NVDA/seed_42/last_baseline_scores_after_observation_20260827_074522.csv
NVDA,42,Mean-context,random,13,2,126,2025-07-08T00:00:00,0.0183430630713701,0.0041421651840209,results/normalization_pilot_train_zscore/random/NVDA/seed_42/last_baseline_scores_after_observation_20260827_074522.csv
NVDA,42,Mean-context,random,13,3,127,2025-07-09T00:00:00,0.0276403874158859,0.0222166776657104,results/normalization_pilot_train_zscore/random/NVDA/seed_42/last_baseline_scores_after_observation_20260827_074522.csv
NVDA,42,Mean-context,random,13,4,128,2025-07-10T00:00:00,0.0370225943624973,0.029873251914978,results/normalization_pilot_train_zscore/random/NVDA/seed_42/last_baseline_scores_after_observation_20260827_074522.csv
NVDA,42,Mean-context,random,13,5,129,2025-07-11T00:00:00,0.0464904569089412,0.0350195169448852,results/normalization_pilot_train_zscore/random/NVDA/seed_42/last_baseline_scores_after_observation_20260827_074522.csv
NVDA,42,Mean-context,random,14,1,130,2025-07-14T00:00:00,0.0068229879252612,-0.0051539540290832,results/normalization_pilot_train_zscore/random/NVDA/seed_42/last_baseline_scores_after_observation_20260827_074522.csv
NVDA,42,Mean-context,random,14,2,131,2025-07-15T00:00:00,0.0136925289407372,0.0350472927093505,results/normalization_pilot_train_zscore/random/NVDA/seed_42/last_baseline_scores_after_observation_20260827_074522.csv
NVDA,42,Mean-context,random,14,3,132,2025-07-16T00:00:00,0.0206089410930871,0.0391098260879516,results/normalization_pilot_train_zscore/random/NVDA/seed_42/last_baseline_scores_after_observation_20260827_074522.csv
NVDA,42,Mean-context,random,14,4,133,2025-07-17T00:00:00,0.0275725442916154,0.0489934682846069,results/normalization_pilot_train_zscore/random/NVDA/seed_42/last_baseline_scores_after_observation_20260827_074522.csv
NVDA,42,Mean-context,random,14,5,134,2025-07-18T00:00:00,0.0345836579799652,0.0454159975051879,results/normalization_pilot_train_zscore/random/NVDA/seed_42/last_baseline_scores_after_observation_20260827_074522.csv
NVDA,42,Mean-context,random,15,1,135,2025-07-21T00:00:00,0.0090056443586945,-0.0059741139411926,results/normalization_pilot_train_zscore/random/NVDA/seed_42/last_baseline_scores_after_observation_20260827_074522.csv
NVDA,42,Mean-context,random,15,2,136,2025-07-22T00:00:00,0.0180923901498317,-0.0312047004699707,results/normalization_pilot_train_zscore/random/NVDA/seed_42/last_baseline_scores_after_observation_20260827_074522.csv
NVDA,42,Mean-context,random,15,3,137,2025-07-23T00:00:00,0.0272609684616327,-0.0094542503356933,results/normalization_pilot_train_zscore/random/NVDA/seed_42/last_baseline_scores_after_observation_20260827_074522.csv
NVDA,42,Mean-context,random,15,4,138,2025-07-24T00:00:00,0.036512117832899,0.0077141523361206,results/normalization_pilot_train_zscore/random/NVDA/seed_42/last_baseline_scores_after_observation_20260827_074522.csv
NVDA,42,Mean-context,random,15,5,139,2025-07-25T00:00:00,0.0458465740084648,0.0063221454620361,results/normalization_pilot_train_zscore/random/NVDA/seed_42/last_baseline_scores_after_observation_20260827_074522.csv
NVDA,42,Mean-context,random,16,1,140,2025-07-28T00:00:00,0.0081002712249755,0.018731951713562,results/normalization_pilot_train_zscore/random/NVDA/seed_42/last_baseline_scores_after_observation_20260827_074522.csv
NVDA,42,Mean-context,random,16,2,141,2025-07-29T00:00:00,0.0162661559879779,0.011584997177124,results/normalization_pilot_train_zscore/random/NVDA/seed_42/last_baseline_scores_after_observation_20260827_074522.csv
NVDA,42,Mean-context,random,16,3,142,2025-07-30T00:00:00,0.0244981870055198,0.0332565307617187,results/normalization_pilot_train_zscore/random/NVDA/seed_42/last_baseline_scores_after_observation_20260827_074522.csv
NVDA,42,Mean-context,random,16,4,143,2025-07-31T00:00:00,0.0327969007194042,0.0251872539520263,results/normalization_pilot_train_zscore/random/NVDA/seed_42/last_baseline_scores_after_observation_20260827_074522.csv
NVDA,42,Mean-context,random,16,5,144,2025-08-01T00:00:00,0.041162833571434,0.0012680292129516,results/normalization_pilot_train_zscore/random/NVDA/seed_42/last_baseline_scores_after_observation_20260827_074522.csv
NVDA,42,Mean-context,random,17,1,145,2025-08-04T00:00:00,0.0068935672752559,0.0361500978469848,results/normalization_pilot_train_zscore/random/NVDA/seed_42/last_baseline_scores_after_observation_20260827_074522.csv
NVDA,42,Mean-context,random,17,2,146,2025-08-05T00:00:00,0.0138346562162041,0.0261340141296386,results/normalization_pilot_train_zscore/random/NVDA/seed_42/last_baseline_scores_after_observation_20260827_074522.csv
NVDA,42,Mean-context,random,17,3,147,2025-08-06T00:00:00,0.0208235941827297,0.0328114032745361,results/normalization_pilot_train_zscore/random/NVDA/seed_42/last_baseline_scores_after_observation_20260827_074522.csv
NVDA,42,Mean-context,random,17,4,148,2025-08-07T00:00:00,0.0278607085347175,0.040582537651062,results/normalization_pilot_train_zscore/random/NVDA/seed_42/last_baseline_scores_after_observation_20260827_074522.csv
NVDA,42,Mean-context,random,17,5,149,2025-08-08T00:00:00,0.0349463373422622,0.0516923666000366,results/normalization_pilot_train_zscore/random/NVDA/seed_42/last_baseline_scores_after_observation_20260827_074522.csv
NVDA,42,Mean-context,random,18,1,150,2025-08-11T00:00:00,0.0052369935438036,-0.0035030245780944,results/normalization_pilot_train_zscore/random/NVDA/seed_42/last_baseline_scores_after_observation_20260827_074522.csv
NVDA,42,Mean-context,random,18,2,151,2025-08-12T00:00:00,0.0105014136061072,0.002517819404602,results/normalization_pilot_train_zscore/random/NVDA/seed_42/last_baseline_scores_after_observation_20260827_074522.csv
NVDA,42,Mean-context,random,18,3,152,2025-08-13T00:00:00,0.0157934036105871,-0.0060755610466003,results/normalization_pilot_train_zscore/random/NVDA/seed_42/last_baseline_scores_after_observation_20260827_074522.csv
NVDA,42,Mean-context,random,18,4,153,2025-08-14T00:00:00,0.0211131069809198,-0.0037218928337097,results/normalization_pilot_train_zscore/random/NVDA/seed_42/last_baseline_scores_after_observation_20260827_074522.csv
NVDA,42,Mean-context,random,18,5,154,2025-08-15T00:00:00,0.0264606699347496,-0.0123152732849121,results/normalization_pilot_train_zscore/random/NVDA/seed_42/last_baseline_scores_after_observation_20260827_074522.csv
NVDA,42,Mean-context,random,19,1,155,2025-08-18T00:00:00,0.0054738060571253,0.0086450576782226,results/normalization_pilot_train_zscore/random/NVDA/seed_42/last_baseline_scores_after_observation_20260827_074522.csv
NVDA,42,Mean-context,random,19,2,156,2025-08-19T00:00:00,0.0109775746241211,-0.0266555547714233,results/normalization_pilot_train_zscore/random/NVDA/seed_42/last_baseline_scores_after_observation_20260827_074522.csv
NVDA,42,Mean-context,random,19,3,157,2025-08-20T00:00:00,0.0165114700794219,-0.0279856324195861,results/normalization_pilot_train_zscore/random/NVDA/seed_42/last_baseline_scores_after_observation_20260827_074522.csv
NVDA,42,Mean-context,random,19,4,158,2025-08-21T00:00:00,0.0220756568014621,-0.0303131341934204,results/normalization_pilot_train_zscore/random/NVDA/seed_42/last_baseline_scores_after_observation_20260827_074522.csv
NVDA,42,Mean-context,random,19,5,159,2025-08-22T00:00:00,0.0276703014969825,-0.0136325359344482,results/normalization_pilot_train_zscore/random/NVDA/seed_42/last_baseline_scores_after_observation_20260827_074522.csv
NVDA,42,Mean-context,random,20,1,160,2025-08-25T00:00:00,0.0043111387640237,0.0102252960205078,results/normalization_pilot_train_zscore/random/NVDA/seed_42/last_baseline_scores_after_observation_20260827_074522.csv
NVDA,42,Mean-context,random,20,2,161,2025-08-26T00:00:00,0.0086408639326691,0.0212371349334716,results/normalization_pilot_train_zscore/random/NVDA/seed_42/last_baseline_scores_after_observation_20260827_074522.csv
NVDA,42,Mean-context,random,20,3,162,2025-08-27T00:00:00,0.0129892546683549,0.0202820301055908,results/normalization_pilot_train_zscore/random/NVDA/seed_42/last_baseline_scores_after_observation_20260827_074522.csv
NVDA,42,Mean-context,random,20,4,163,2025-08-28T00:00:00,0.0173563919961452,0.0122478008270263,results/normalization_pilot_train_zscore/random/NVDA/seed_42/last_baseline_scores_after_observation_20260827_074522.csv
NVDA,42,Mean-context,random,20,5,164,2025-08-29T00:00:00,0.0217423569411039,-0.0214057564735412,results/normalization_pilot_train_zscore/random/NVDA/seed_42/last_baseline_scores_after_observation_20260827_074522.csv
NVDA,42,Mean-context,random,21,1,165,2025-09-02T00:00:00,0.0038412818685173,-0.0195199847221374,results/normalization_pilot_train_zscore/random/NVDA/seed_42/last_baseline_scores_after_observation_20260827_074522.csv
NVDA,42,Mean-context,random,21,2,166,2025-09-03T00:00:00,0.0076973191462457,-0.0204386115074157,results/normalization_pilot_train_zscore/random/NVDA/seed_42/last_baseline_scores_after_observation_20260827_074522.csv
NVDA,42,Mean-context,random,21,3,167,2025-09-04T00:00:00,0.0115681681782007,-0.014467716217041,results/normalization_pilot_train_zscore/random/NVDA/seed_42/last_baseline_scores_after_observation_20260827_074522.csv
NVDA,42,Mean-context,random,21,4,168,2025-09-05T00:00:00,0.0154538862407207,-0.0411068201065063,results/normalization_pilot_train_zscore/random/NVDA/seed_42/last_baseline_scores_after_observation_20260827_074522.csv
NVDA,42,Mean-context,random,21,5,169,2025-09-08T00:00:00,0.0193545315414667,-0.0337007641792297,results/normalization_pilot_train_zscore/random/NVDA/seed_42/last_baseline_scores_after_observation_20260827_074522.csv
NVDA,42,Mean-context,random,22,1,170,2025-09-09T00:00:00,0.0026698326691985,0.0145564079284667,results/normalization_pilot_train_zscore/random/NVDA/seed_42/last_baseline_scores_after_observation_20260827_074522.csv
NVDA,42,Mean-context,random,22,2,171,2025-09-10T00:00:00,0.0053467936813831,0.0535916090011596,results/normalization_pilot_train_zscore/random/NVDA/seed_42/last_baseline_scores_after_observation_20260827_074522.csv
NVDA,42,Mean-context,random,22,3,172,2025-09-11T00:00:00,0.0080309016630053,0.0526409149169921,results/normalization_pilot_train_zscore/random/NVDA/seed_42/last_baseline_scores_after_observation_20260827_074522.csv
NVDA,42,Mean-context,random,22,4,173,2025-09-12T00:00:00,0.0107221752405166,0.0565029382705688,results/normalization_pilot_train_zscore/random/NVDA/seed_42/last_baseline_scores_after_observation_20260827_074522.csv
NVDA,42,Mean-context,random,22,5,174,2025-09-15T00:00:00,0.0134206349030137,0.0560870170593261,results/normalization_pilot_train_zscore/random/NVDA/seed_42/last_baseline_scores_after_observation_20260827_074522.csv
NVDA,42,Mean-context,random,23,1,175,2025-09-16T00:00:00,0.0037350724451243,-0.0161462426185607,results/normalization_pilot_train_zscore/random/NVDA/seed_42/last_baseline_scores_after_observation_20260827_074522.csv
NVDA,42,Mean-context,random,23,2,176,2025-09-17T00:00:00,0.0074840956367552,-0.0419691205024719,results/normalization_pilot_train_zscore/random/NVDA/seed_42/last_baseline_scores_after_observation_20260827_074522.csv
NVDA,42,Mean-context,random,23,3,177,2025-09-18T00:00:00,0.0112471217289567,-0.0084950327873229,results/normalization_pilot_train_zscore/random/NVDA/seed_42/last_baseline_scores_after_observation_20260827_074522.csv
NVDA,42,Mean-context,random,23,4,178,2025-09-19T00:00:00,0.0150242028757929,-0.0060759782791137,results/normalization_pilot_train_zscore/random/NVDA/seed_42/last_baseline_scores_after_observation_20260827_074522.csv
NVDA,42,Mean-context,random,23,5,179,2025-09-22T00:00:00,0.0188153907656669,0.0329676866531372,results/normalization_pilot_train_zscore/random/NVDA/seed_42/last_baseline_scores_after_observation_20260827_074522.csv
NVDA,42,Mean-context,random,24,1,180,2025-09-23T00:00:00,0.002728649880737,-0.0282120108604431,results/normalization_pilot_train_zscore/random/NVDA/seed_42/last_baseline_scores_after_observation_20260827_074522.csv
NVDA,42,Mean-context,random,24,2,181,2025-09-24T00:00:00,0.0054647452197968,-0.0361636281013488,results/normalization_pilot_train_zscore/random/NVDA/seed_42/last_baseline_scores_after_observation_20260827_074522.csv
NVDA,42,Mean-context,random,24,3,182,2025-09-25T00:00:00,0.0082083065062761,-0.0322422385215759,results/normalization_pilot_train_zscore/random/NVDA/seed_42/last_baseline_scores_after_observation_20260827_074522.csv
NVDA,42,Mean-context,random,24,4,183,2025-09-26T00:00:00,0.0109593542292714,-0.0295190811157226,results/normalization_pilot_train_zscore/random/NVDA/seed_42/last_baseline_scores_after_observation_20260827_074522.csv
NVDA,42,Mean-context,random,24,5,184,2025-09-29T00:00:00,0.0137179074808955,-0.0095854997634887,results/normalization_pilot_train_zscore/random/NVDA/seed_42/last_baseline_scores_after_observation_20260827_074522.csv
NVDA,42,Mean-context,random,25,1,185,2025-09-30T00:00:00,0.002508952980861,0.0260103940963745,results/normalization_pilot_train_zscore/random/NVDA/seed_42/last_baseline_scores_after_observation_20260827_074522.csv
NVDA,42,Mean-context,random,25,2,186,2025-10-01T00:00:00,0.0050242007710039,0.0296398401260375,results/normalization_pilot_train_zscore/random/NVDA/seed_42/last_baseline_scores_after_observation_20260827_074522.csv
NVDA,42,Mean-context,random,25,3,187,2025-10-02T00:00:00,0.007545759435743,0.0387132167816162,results/normalization_pilot_train_zscore/random/NVDA/seed_42/last_baseline_scores_after_observation_20260827_074522.csv
NVDA,42,Mean-context,random,25,4,188,2025-10-03T00:00:00,0.0100736441090703,0.0317293405532836,results/normalization_pilot_train_zscore/random/NVDA/seed_42/last_baseline_scores_after_observation_20260827_074522.csv
NVDA,42,Mean-context,random,25,5,189,2025-10-06T00:00:00,0.0126078715547919,0.0202913284301757,results/normalization_pilot_train_zscore/random/NVDA/seed_42/last_baseline_scores_after_observation_20260827_074522.csv
NVDA,42,Mean-context,random,26,1,190,2025-10-07T00:00:00,0.0022393732797354,-0.0026948451995849,results/normalization_pilot_train_zscore/random/NVDA/seed_42/last_baseline_scores_after_observation_20260827_074522.csv
NVDA,42,Mean-context,random,26,2,191,2025-10-08T00:00:00,0.0044837612658739,0.0192412137985229,results/normalization_pilot_train_zscore/random/NVDA/seed_42/last_baseline_scores_after_observation_20260827_074522.csv
NVDA,42,Mean-context,random,26,3,192,2025-10-09T00:00:00,0.0067331753671169,0.0378894805908203,results/normalization_pilot_train_zscore/random/NVDA/seed_42/last_baseline_scores_after_observation_20260827_074522.csv
NVDA,42,Mean-context,random,26,4,193,2025-10-10T00:00:00,0.0089876260608434,-0.0128273963928222,results/normalization_pilot_train_zscore/random/NVDA/seed_42/last_baseline_scores_after_observation_20260827_074522.csv
NVDA,42,Mean-context,random,26,5,194,2025-10-13T00:00:00,0.0112471263855695,0.0149834156036376,results/normalization_pilot_train_zscore/random/NVDA/seed_42/last_baseline_scores_after_observation_20260827_074522.csv
NVDA,42,Mean-context,random,27,1,195,2025-10-14T00:00:00,0.0017722849734127,-0.0440208315849304,results/normalization_pilot_train_zscore/random/NVDA/seed_42/last_baseline_scores_after_observation_20260827_074522.csv
NVDA,42,Mean-context,random,27,2,196,2025-10-15T00:00:00,0.0035477108322083,-0.0450828671455383,results/normalization_pilot_train_zscore/random/NVDA/seed_42/last_baseline_scores_after_observation_20260827_074522.csv
NVDA,42,Mean-context,random,27,3,197,2025-10-16T00:00:00,0.0053262836299836,-0.0345688462257385,results/normalization_pilot_train_zscore/random/NVDA/seed_42/last_baseline_scores_after_observation_20260827_074522.csv
NVDA,42,Mean-context,random,27,4,198,2025-10-17T00:00:00,0.0071080080233514,-0.0270816087722778,results/normalization_pilot_train_zscore/random/NVDA/seed_42/last_baseline_scores_after_observation_20260827_074522.csv
NVDA,42,Mean-context,random,27,5,199,2025-10-20T00:00:00,0.0088928900659084,-0.030161440372467,results/normalization_pilot_train_zscore/random/NVDA/seed_42/last_baseline_scores_after_observation_20260827_074522.csv
NVDA,42,Mean-context,random,28,1,200,2025-10-21T00:00:00,0.0007335855625569,-0.0081033706665039,results/normalization_pilot_train_zscore/random/NVDA/seed_42/last_baseline_scores_after_observation_20260827_074522.csv
NVDA,42,Mean-context,random,28,2,201,2025-10-22T00:00:00,0.0014677093131467,-0.0129215717315673,results/normalization_pilot_train_zscore/random/NVDA/seed_42/last_baseline_scores_after_observation_20260827_074522.csv
NVDA,42,Mean-context,random,28,3,202,2025-10-23T00:00:00,0.0022023716010153,-0.0026280879974365,results/normalization_pilot_train_zscore/random/NVDA/seed_42/last_baseline_scores_after_observation_20260827_074522.csv
NVDA,42,Mean-context,random,28,4,203,2025-10-24T00:00:00,0.0029375727754086,0.0198203325271606,results/normalization_pilot_train_zscore/random/NVDA/seed_42/last_baseline_scores_after_observation_20260827_074522.csv
NVDA,42,Mean-context,random,28,5,204,2025-10-27T00:00:00,0.0036733134184032,0.0484559535980224,results/normalization_pilot_train_zscore/random/NVDA/seed_42/last_baseline_scores_after_observation_20260827_074522.csv
NVDA,42,Mean-context,random,29,1,205,2025-10-28T00:00:00,0.0012189613189548,0.0498198270797729,results/normalization_pilot_train_zscore/random/NVDA/seed_42/last_baseline_scores_after_observation_20260827_074522.csv
NVDA,42,Mean-context,random,29,2,206,2025-10-29T00:00:00,0.0024394085630774,0.0812052488327026,results/normalization_pilot_train_zscore/random/NVDA/seed_42/last_baseline_scores_after_observation_20260827_074522.csv
NVDA,42,Mean-context,random,29,3,207,2025-10-30T00:00:00,0.0036613433621823,0.0595331192016601,results/normalization_pilot_train_zscore/random/NVDA/seed_42/last_baseline_scores_after_observation_20260827_074522.csv
NVDA,42,Mean-context,random,29,4,208,2025-10-31T00:00:00,0.0048847678117454,0.0574442148208618,results/normalization_pilot_train_zscore/random/NVDA/seed_42/last_baseline_scores_after_observation_20260827_074522.csv
NVDA,42,Mean-context,random,29,5,209,2025-11-03T00:00:00,0.0061096833087503,0.0803697109222412,results/normalization_pilot_train_zscore/random/NVDA/seed_42/last_baseline_scores_after_observation_20260827_074522.csv
NVDA,42,Mean-context,random,30,1,210,2025-11-04T00:00:00,0.0023688189685344,-0.0395881533622741,results/normalization_pilot_train_zscore/random/NVDA/seed_42/last_baseline_scores_after_observation_20260827_074522.csv
NVDA,42,Mean-context,random,30,2,211,2025-11-05T00:00:00,0.0047432496212422,-0.056409478187561,results/normalization_pilot_train_zscore/random/NVDA/seed_42/last_baseline_scores_after_observation_20260827_074522.csv
NVDA,42,Mean-context,random,30,3,212,2025-11-06T00:00:00,0.0071233045309782,-0.0908739566802978,results/normalization_pilot_train_zscore/random/NVDA/seed_42/last_baseline_scores_after_observation_20260827_074522.csv
NVDA,42,Mean-context,random,30,4,213,2025-11-07T00:00:00,0.0095089972019195,-0.0905356407165527,results/normalization_pilot_train_zscore/random/NVDA/seed_42/last_baseline_scores_after_observation_20260827_074522.csv
NVDA,42,Mean-context,random,30,5,214,2025-11-10T00:00:00,0.0119003411382436,-0.0378480553627014,results/normalization_pilot_train_zscore/random/NVDA/seed_42/last_baseline_scores_after_observation_20260827_074522.csv
NVDA,42,Mean-context,random,31,1,215,2025-11-11T00:00:00,0.0017725332872942,-0.0295905470848083,results/normalization_pilot_train_zscore/random/NVDA/seed_42/last_baseline_scores_after_observation_20260827_074522.csv
NVDA,42,Mean-context,random,31,2,216,2025-11-12T00:00:00,0.0035482083912938,-0.0263752937316894,results/normalization_pilot_train_zscore/random/NVDA/seed_42/last_baseline_scores_after_observation_20260827_074522.csv
NVDA,42,Mean-context,random,31,3,217,2025-11-13T00:00:00,0.0053270310163497,-0.0612409114837646,results/normalization_pilot_train_zscore/random/NVDA/seed_42/last_baseline_scores_after_observation_20260827_074522.csv
NVDA,42,Mean-context,random,31,4,218,2025-11-14T00:00:00,0.0071090064011514,-0.0446119308471679,results/normalization_pilot_train_zscore/random/NVDA/seed_42/last_baseline_scores_after_observation_20260827_074522.csv
NVDA,42,Mean-context,random,31,5,219,2025-11-17T00:00:00,0.0088941408321261,-0.0625470876693725,results/normalization_pilot_train_zscore/random/NVDA/seed_42/last_baseline_scores_after_observation_20260827_074522.csv
NVDA,42,Mean-context,random,32,1,220,2025-11-18T00:00:00,0.0008943226421251,-0.028081476688385,results/normalization_pilot_train_zscore/random/NVDA/seed_42/last_baseline_scores_after_observation_20260827_074522.csv
NVDA,42,Mean-context,random,32,2,221,2025-11-19T00:00:00,0.0017894450575113,-0.0004287362098693,results/normalization_pilot_train_zscore/random/NVDA/seed_42/last_baseline_scores_after_observation_20260827_074522.csv
NVDA,42,Mean-context,random,32,3,222,2025-11-20T00:00:00,0.0026853680610656,-0.0319400429725647,results/normalization_pilot_train_zscore/random/NVDA/seed_42/last_baseline_scores_after_observation_20260827_074522.csv
NVDA,42,Mean-context,random,32,4,223,2025-11-21T00:00:00,0.0035820922348648,-0.0413719415664672,results/normalization_pilot_train_zscore/random/NVDA/seed_42/last_baseline_scores_after_observation_20260827_074522.csv
NVDA,42,Mean-context,random,32,5,224,2025-11-24T00:00:00,0.0044796182774007,-0.0217041969299316,results/normalization_pilot_train_zscore/random/NVDA/seed_42/last_baseline_scores_after_observation_20260827_074522.csv
NVDA,42,Mean-context,random,33,1,225,2025-11-25T00:00:00,0.0014077902305871,-0.0259106755256652,results/normalization_pilot_train_zscore/random/NVDA/seed_42/last_baseline_scores_after_observation_20260827_074522.csv
NVDA,42,Mean-context,random,33,2,226,2025-11-26T00:00:00,0.0028175625484436,-0.012544572353363,results/normalization_pilot_train_zscore/random/NVDA/seed_42/last_baseline_scores_after_observation_20260827_074522.csv
NVDA,42,Mean-context,random,33,3,227,2025-11-28T00:00:00,0.004229319281876,-0.030402660369873,results/normalization_pilot_train_zscore/random/NVDA/seed_42/last_baseline_scores_after_observation_20260827_074522.csv
NVDA,42,Mean-context,random,33,4,228,2025-12-01T00:00:00,0.0056430636905133,-0.0144070386886596,results/normalization_pilot_train_zscore/random/NVDA/seed_42/last_baseline_scores_after_observation_20260827_074522.csv
NVDA,42,Mean-context,random,33,5,229,2025-12-02T00:00:00,0.0070587978698313,-0.0059709548950195,results/normalization_pilot_train_zscore/random/NVDA/seed_42/last_baseline_scores_after_observation_20260827_074522.csv
NVDA,42,Mean-context,random,34,1,230,2025-12-03T00:00:00,0.0013124373508617,-0.0103053450584411,results/normalization_pilot_train_zscore/random/NVDA/seed_42/last_baseline_scores_after_observation_20260827_074522.csv
NVDA,42,Mean-context,random,34,2,231,2025-12-04T00:00:00,0.0026265971828252,0.0105807781219482,results/normalization_pilot_train_zscore/random/NVDA/seed_42/last_baseline_scores_after_observation_20260827_074522.csv
NVDA,42,Mean-context,random,34,3,232,2025-12-05T00:00:00,0.0039424817077815,0.0052353143692016,results/normalization_pilot_train_zscore/random/NVDA/seed_42/last_baseline_scores_after_observation_20260827_074522.csv
NVDA,42,Mean-context,random,34,4,233,2025-12-08T00:00:00,0.0052600936032831,0.0225393772125244,results/normalization_pilot_train_zscore/random/NVDA/seed_42/last_baseline_scores_after_observation_20260827_074522.csv
NVDA,42,Mean-context,random,34,5,234,2025-12-09T00:00:00,0.0065794344991445,0.0193430185317993,results/normalization_pilot_train_zscore/random/NVDA/seed_42/last_baseline_scores_after_observation_20260827_074522.csv
NVDA,42,Mean-context,random,35,1,235,2025-12-10T00:00:00,0.0012259142240509,-0.0064334869384765,results/normalization_pilot_train_zscore/random/NVDA/seed_42/last_baseline_scores_after_observation_20260827_074522.csv
NVDA,42,Mean-context,random,35,2,236,2025-12-11T00:00:00,0.0024533313699066,-0.0218414068222045,results/normalization_pilot_train_zscore/random/NVDA/seed_42/last_baseline_scores_after_observation_20260827_074522.csv
NVDA,42,Mean-context,random,35,3,237,2025-12-12T00:00:00,0.003682253183797,-0.0537924766540527,results/normalization_pilot_train_zscore/random/NVDA/seed_42/last_baseline_scores_after_observation_20260827_074522.csv
NVDA,42,Mean-context,random,35,4,238,2025-12-15T00:00:00,0.004912681877613,-0.0469265580177307,results/normalization_pilot_train_zscore/random/NVDA/seed_42/last_baseline_scores_after_observation_20260827_074522.csv
NVDA,42,Mean-context,random,35,5,239,2025-12-16T00:00:00,0.006144618615508,-0.0391955375671386,results/normalization_pilot_train_zscore/random/NVDA/seed_42/last_baseline_scores_after_observation_20260827_074522.csv
NVDA,42,Mean-context,random,36,1,240,2025-12-17T00:00:00,0.0001845295773819,-0.0381498932838439,results/normalization_pilot_train_zscore/random/NVDA/seed_42/last_baseline_scores_after_observation_20260827_074522.csv
NVDA,42,Mean-context,random,36,2,241,2025-12-18T00:00:00,0.0003690932062454,-0.0201440453529357,results/normalization_pilot_train_zscore/random/NVDA/seed_42/last_baseline_scores_after_observation_20260827_074522.csv
NVDA,42,Mean-context,random,36,3,242,2025-12-19T00:00:00,0.0005536908865906,0.0183997154235839,results/normalization_pilot_train_zscore/random/NVDA/seed_42/last_baseline_scores_after_observation_20260827_074522.csv
NVDA,42,Mean-context,random,36,4,243,2025-12-22T00:00:00,0.0007383226184174,0.0335922241210937,results/normalization_pilot_train_zscore/random/NVDA/seed_42/last_baseline_scores_after_observation_20260827_074522.csv
NVDA,42,Mean-context,random,36,5,244,2025-12-23T00:00:00,0.0009229884599335,0.0646523237228393,results/normalization_pilot_train_zscore/random/NVDA/seed_42/last_baseline_scores_after_observation_20260827_074522.csv
NVDA,42,Mean-context,random,37,1,245,2025-12-24T00:00:00,0.0005171503871679,-0.0031710863113403,results/normalization_pilot_train_zscore/random/NVDA/seed_42/last_baseline_scores_after_observation_20260827_074522.csv
NVDA,42,Mean-context,random,37,2,246,2025-12-26T00:00:00,0.0010345682967454,0.0069763660430908,results/normalization_pilot_train_zscore/random/NVDA/seed_42/last_baseline_scores_after_observation_20260827_074522.csv
NVDA,42,Mean-context,random,37,3,247,2025-12-29T00:00:00,0.0015522537287324,-0.0052323341369628,results/normalization_pilot_train_zscore/random/NVDA/seed_42/last_baseline_scores_after_observation_20260827_074522.csv
NVDA,42,Mean-context,random,37,4,248,2025-12-30T00:00:00,0.0020702069159597,-0.0088262557983398,results/normalization_pilot_train_zscore/random/NVDA/seed_42/last_baseline_scores_after_observation_20260827_074522.csv
NVDA,42,Mean-context,random,37,5,249,2025-12-31T00:00:00,0.0025884278584271,-0.0143227577209472,results/normalization_pilot_train_zscore/random/NVDA/seed_42/last_baseline_scores_after_observation_20260827_074522.csv
NVDA,42,Drift,random,0,1,60,2025-04-01T00:00:00,-0.0046806428581476,0.0163314342498779,results/normalization_pilot_train_zscore/random/NVDA/seed_42/last_baseline_scores_after_observation_20260827_074522.csv
NVDA,42,Drift,random,0,2,61,2025-04-02T00:00:00,-0.0093612857162952,0.0188226699829101,results/normalization_pilot_train_zscore/random/NVDA/seed_42/last_baseline_scores_after_observation_20260827_074522.csv
NVDA,42,Drift,random,0,3,62,2025-04-03T00:00:00,-0.0140419295057654,-0.0607122778892517,results/normalization_pilot_train_zscore/random/NVDA/seed_42/last_baseline_scores_after_observation_20260827_074522.csv
NVDA,42,Drift,random,0,4,63,2025-04-04T00:00:00,-0.0187225714325904,-0.1298210024833679,results/normalization_pilot_train_zscore/random/NVDA/seed_42/last_baseline_scores_after_observation_20260827_074522.csv
NVDA,42,Drift,random,0,5,64,2025-04-07T00:00:00,-0.0234032161533832,-0.0990957617759704,results/normalization_pilot_train_zscore/random/NVDA/seed_42/last_baseline_scores_after_observation_20260827_074522.csv
NVDA,42,Drift,random,1,1,65,2025-04-08T00:00:00,-0.0066432221792638,-0.0137238502502441,results/normalization_pilot_train_zscore/random/NVDA/seed_42/last_baseline_scores_after_observation_20260827_074522.csv
NVDA,42,Drift,random,1,2,66,2025-04-09T00:00:00,-0.0132864443585276,0.1709340810775756,results/normalization_pilot_train_zscore/random/NVDA/seed_42/last_baseline_scores_after_observation_20260827_074522.csv
NVDA,42,Drift,random,1,3,67,2025-04-10T00:00:00,-0.0199296660721302,0.1017000675201416,results/normalization_pilot_train_zscore/random/NVDA/seed_42/last_baseline_scores_after_observation_20260827_074522.csv
NVDA,42,Drift,random,1,4,68,2025-04-11T00:00:00,-0.0265728887170553,0.1361122131347656,results/normalization_pilot_train_zscore/random/NVDA/seed_42/last_baseline_scores_after_observation_20260827_074522.csv
NVDA,42,Drift,random,1,5,69,2025-04-14T00:00:00,-0.0332161113619804,0.1338590383529663,results/normalization_pilot_train_zscore/random/NVDA/seed_42/last_baseline_scores_after_observation_20260827_074522.csv
NVDA,42,Drift,random,2,1,70,2025-04-15T00:00:00,-0.004133568610996,0.0134586095809936,results/normalization_pilot_train_zscore/random/NVDA/seed_42/last_baseline_scores_after_observation_20260827_074522.csv
NVDA,42,Drift,random,2,2,71,2025-04-16T00:00:00,-0.008267137221992,-0.0561828017234802,results/normalization_pilot_train_zscore/random/NVDA/seed_42/last_baseline_scores_after_observation_20260827_074522.csv
NVDA,42,Drift,random,2,3,72,2025-04-17T00:00:00,-0.0124007053673267,-0.0832806825637817,results/normalization_pilot_train_zscore/random/NVDA/seed_42/last_baseline_scores_after_observation_20260827_074522.csv
NVDA,42,Drift,random,2,4,73,2025-04-21T00:00:00,-0.016534274443984,-0.1246499419212341,results/normalization_pilot_train_zscore/random/NVDA/seed_42/last_baseline_scores_after_observation_20260827_074522.csv
NVDA,42,Drift,random,2,5,74,2025-04-22T00:00:00,-0.0206678435206413,-0.1067654490470886,results/normalization_pilot_train_zscore/random/NVDA/seed_42/last_baseline_scores_after_observation_20260827_074522.csv
NVDA,42,Drift,random,3,1,75,2025-04-23T00:00:00,-0.0033473251387476,0.0386288166046142,results/normalization_pilot_train_zscore/random/NVDA/seed_42/last_baseline_scores_after_observation_20260827_074522.csv
NVDA,42,Drift,random,3,2,76,2025-04-24T00:00:00,-0.0066946502774953,0.0762463808059692,results/normalization_pilot_train_zscore/random/NVDA/seed_42/last_baseline_scores_after_observation_20260827_074522.csv
NVDA,42,Drift,random,3,3,77,2025-04-25T00:00:00,-0.010041975416243,0.1225605010986328,results/normalization_pilot_train_zscore/random/NVDA/seed_42/last_baseline_scores_after_observation_20260827_074522.csv
NVDA,42,Drift,random,3,4,78,2025-04-28T00:00:00,-0.0133893005549907,0.0995045900344848,results/normalization_pilot_train_zscore/random/NVDA/seed_42/last_baseline_scores_after_observation_20260827_074522.csv
NVDA,42,Drift,random,3,5,79,2025-04-29T00:00:00,-0.0167366247624158,0.1024370193481445,results/normalization_pilot_train_zscore/random/NVDA/seed_42/last_baseline_scores_after_observation_20260827_074522.csv
NVDA,42,Drift,random,4,1,80,2025-04-30T00:00:00,-0.0011877794750034,-0.0009172558784484,results/normalization_pilot_train_zscore/random/NVDA/seed_42/last_baseline_scores_after_observation_20260827_074522.csv
NVDA,42,Drift,random,4,2,81,2025-05-01T00:00:00,-0.0023755589500069,0.0237571001052856,results/normalization_pilot_train_zscore/random/NVDA/seed_42/last_baseline_scores_after_observation_20260827_074522.csv
NVDA,42,Drift,random,4,3,82,2025-05-02T00:00:00,-0.0035633384250104,0.0502660274505615,results/normalization_pilot_train_zscore/random/NVDA/seed_42/last_baseline_scores_after_observation_20260827_074522.csv
NVDA,42,Drift,random,4,4,83,2025-05-05T00:00:00,-0.0047511179000139,0.0440286397933959,results/normalization_pilot_train_zscore/random/NVDA/seed_42/last_baseline_scores_after_observation_20260827_074522.csv
NVDA,42,Drift,random,4,5,84,2025-05-06T00:00:00,-0.0059388973750174,0.0414602756500244,results/normalization_pilot_train_zscore/random/NVDA/seed_42/last_baseline_scores_after_observation_20260827_074522.csv
NVDA,42,Drift,random,5,1,85,2025-05-07T00:00:00,-0.002990061417222,0.0310022830963134,results/normalization_pilot_train_zscore/random/NVDA/seed_42/last_baseline_scores_after_observation_20260827_074522.csv
NVDA,42,Drift,random,5,2,86,2025-05-08T00:00:00,-0.005980122834444,0.0337326526641845,results/normalization_pilot_train_zscore/random/NVDA/seed_42/last_baseline_scores_after_observation_20260827_074522.csv
NVDA,42,Drift,random,5,3,87,2025-05-09T00:00:00,-0.008970184251666,0.0273911952972412,results/normalization_pilot_train_zscore/random/NVDA/seed_42/last_baseline_scores_after_observation_20260827_074522.csv
NVDA,42,Drift,random,5,4,88,2025-05-12T00:00:00,-0.011960245668888,0.0833185911178588,results/normalization_pilot_train_zscore/random/NVDA/seed_42/last_baseline_scores_after_observation_20260827_074522.csv
NVDA,42,Drift,random,5,5,89,2025-05-13T00:00:00,-0.0149503070861101,0.1443543434143066,results/normalization_pilot_train_zscore/random/NVDA/seed_42/last_baseline_scores_after_observation_20260827_074522.csv
NVDA,42,Drift,random,6,1,90,2025-05-14T00:00:00,-0.0012353449128568,0.0416377782821655,results/normalization_pilot_train_zscore/random/NVDA/seed_42/last_baseline_scores_after_observation_20260827_074522.csv
NVDA,42,Drift,random,6,2,91,2025-05-15T00:00:00,-0.0024706898257136,0.0377126932144165,results/normalization_pilot_train_zscore/random/NVDA/seed_42/last_baseline_scores_after_observation_20260827_074522.csv
NVDA,42,Drift,random,6,3,92,2025-05-16T00:00:00,-0.0037060347385704,0.0420995950698852,results/normalization_pilot_train_zscore/random/NVDA/seed_42/last_baseline_scores_after_observation_20260827_074522.csv
NVDA,42,Drift,random,6,4,93,2025-05-19T00:00:00,-0.0049413796514272,0.0434081554412841,results/normalization_pilot_train_zscore/random/NVDA/seed_42/last_baseline_scores_after_observation_20260827_074522.csv
NVDA,42,Drift,random,6,5,94,2025-05-20T00:00:00,-0.006176724564284,0.0342493057250976,results/normalization_pilot_train_zscore/random/NVDA/seed_42/last_baseline_scores_after_observation_20260827_074522.csv
NVDA,42,Drift,random,7,1,95,2025-05-21T00:00:00,0.0009774975478649,-0.0191993117332458,results/normalization_pilot_train_zscore/random/NVDA/seed_42/last_baseline_scores_after_observation_20260827_074522.csv
NVDA,42,Drift,random,7,2,96,2025-05-22T00:00:00,0.0019549950957298,-0.0115344524383544,results/normalization_pilot_train_zscore/random/NVDA/seed_42/last_baseline_scores_after_observation_20260827_074522.csv
NVDA,42,Drift,random,7,3,97,2025-05-23T00:00:00,0.0029324928764253,-0.022994577884674,results/normalization_pilot_train_zscore/random/NVDA/seed_42/last_baseline_scores_after_observation_20260827_074522.csv
NVDA,42,Drift,random,7,4,98,2025-05-27T00:00:00,0.0039099901914596,0.0083345174789428,results/normalization_pilot_train_zscore/random/NVDA/seed_42/last_baseline_scores_after_observation_20260827_074522.csv
NVDA,42,Drift,random,7,5,99,2025-05-28T00:00:00,0.0048874882049858,0.003199815750122,results/normalization_pilot_train_zscore/random/NVDA/seed_42/last_baseline_scores_after_observation_20260827_074522.csv
NVDA,42,Drift,random,8,1,100,2025-05-29T00:00:00,0.0023661677259951,0.0324902534484863,results/normalization_pilot_train_zscore/random/NVDA/seed_42/last_baseline_scores_after_observation_20260827_074522.csv
NVDA,42,Drift,random,8,2,101,2025-05-30T00:00:00,0.0047323354519903,0.0023738145828247,results/normalization_pilot_train_zscore/random/NVDA/seed_42/last_baseline_scores_after_observation_20260827_074522.csv
NVDA,42,Drift,random,8,3,102,2025-06-02T00:00:00,0.0070985034108161,0.0190639495849609,results/normalization_pilot_train_zscore/random/NVDA/seed_42/last_baseline_scores_after_observation_20260827_074522.csv
NVDA,42,Drift,random,8,4,103,2025-06-03T00:00:00,0.0094646709039807,0.0475484132766723,results/normalization_pilot_train_zscore/random/NVDA/seed_42/last_baseline_scores_after_observation_20260827_074522.csv
NVDA,42,Drift,random,8,5,104,2025-06-04T00:00:00,0.0118308393284678,0.0527409315109252,results/normalization_pilot_train_zscore/random/NVDA/seed_42/last_baseline_scores_after_observation_20260827_074522.csv
NVDA,42,Drift,random,9,1,105,2025-06-05T00:00:00,0.0039602164179086,-0.013599157333374,results/normalization_pilot_train_zscore/random/NVDA/seed_42/last_baseline_scores_after_observation_20260827_074522.csv
NVDA,42,Drift,random,9,2,106,2025-06-06T00:00:00,0.0079204328358173,-0.0014092326164245,results/normalization_pilot_train_zscore/random/NVDA/seed_42/last_baseline_scores_after_observation_20260827_074522.csv
NVDA,42,Drift,random,9,3,107,2025-06-09T00:00:00,0.011880649253726,0.0050028562545776,results/normalization_pilot_train_zscore/random/NVDA/seed_42/last_baseline_scores_after_observation_20260827_074522.csv
NVDA,42,Drift,random,9,4,108,2025-06-10T00:00:00,0.0158408656716346,0.0143743753433227,results/normalization_pilot_train_zscore/random/NVDA/seed_42/last_baseline_scores_after_observation_20260827_074522.csv
NVDA,42,Drift,random,9,5,109,2025-06-11T00:00:00,0.0198010820895433,0.0064121484756469,results/normalization_pilot_train_zscore/random/NVDA/seed_42/last_baseline_scores_after_observation_20260827_074522.csv
NVDA,42,Drift,random,10,1,110,2025-06-12T00:00:00,0.0032514655031263,0.0151928663253784,results/normalization_pilot_train_zscore/random/NVDA/seed_42/last_baseline_scores_after_observation_20260827_074522.csv
NVDA,42,Drift,random,10,2,111,2025-06-13T00:00:00,0.0065029310062527,-0.0060211420059204,results/normalization_pilot_train_zscore/random/NVDA/seed_42/last_baseline_scores_after_observation_20260827_074522.csv
NVDA,42,Drift,random,10,3,112,2025-06-16T00:00:00,0.0097543969750404,0.0130224227905273,results/normalization_pilot_train_zscore/random/NVDA/seed_42/last_baseline_scores_after_observation_20260827_074522.csv
NVDA,42,Drift,random,10,4,113,2025-06-17T00:00:00,0.0130058620125055,0.0090316534042358,results/normalization_pilot_train_zscore/random/NVDA/seed_42/last_baseline_scores_after_observation_20260827_074522.csv
NVDA,42,Drift,random,10,5,114,2025-06-18T00:00:00,0.0162573270499706,0.0185534954071044,results/normalization_pilot_train_zscore/random/NVDA/seed_42/last_baseline_scores_after_observation_20260827_074522.csv
NVDA,42,Drift,random,11,1,115,2025-06-20T00:00:00,0.0028881598263978,-0.0112042427062988,results/normalization_pilot_train_zscore/random/NVDA/seed_42/last_baseline_scores_after_observation_20260827_074522.csv
NVDA,42,Drift,random,11,2,116,2025-06-23T00:00:00,0.0057763196527957,-0.0090046525001525,results/normalization_pilot_train_zscore/random/NVDA/seed_42/last_baseline_scores_after_observation_20260827_074522.csv
NVDA,42,Drift,random,11,3,117,2025-06-24T00:00:00,0.0086644794791936,0.0166345834732055,results/normalization_pilot_train_zscore/random/NVDA/seed_42/last_baseline_scores_after_observation_20260827_074522.csv
NVDA,42,Drift,random,11,4,118,2025-06-25T00:00:00,0.0115526393055915,0.0606956481933593,results/normalization_pilot_train_zscore/random/NVDA/seed_42/last_baseline_scores_after_observation_20260827_074522.csv
NVDA,42,Drift,random,11,5,119,2025-06-26T00:00:00,0.0144407991319894,0.0655760765075683,results/normalization_pilot_train_zscore/random/NVDA/seed_42/last_baseline_scores_after_observation_20260827_074522.csv
NVDA,42,Drift,random,12,1,120,2025-06-27T00:00:00,0.0049058743752539,0.0176105499267578,results/normalization_pilot_train_zscore/random/NVDA/seed_42/last_baseline_scores_after_observation_20260827_074522.csv
NVDA,42,Drift,random,12,2,121,2025-06-30T00:00:00,0.0098117487505078,0.0191588401794433,results/normalization_pilot_train_zscore/random/NVDA/seed_42/last_baseline_scores_after_observation_20260827_074522.csv
NVDA,42,Drift,random,12,3,122,2025-07-01T00:00:00,0.0147176226601004,-0.0110953450202941,results/normalization_pilot_train_zscore/random/NVDA/seed_42/last_baseline_scores_after_observation_20260827_074522.csv
NVDA,42,Drift,random,12,4,123,2025-07-02T00:00:00,0.0196234975010156,0.0143852233886718,results/normalization_pilot_train_zscore/random/NVDA/seed_42/last_baseline_scores_after_observation_20260827_074522.csv
NVDA,42,Drift,random,12,5,124,2025-07-03T00:00:00,0.0245293714106082,0.027867317199707,results/normalization_pilot_train_zscore/random/NVDA/seed_42/last_baseline_scores_after_observation_20260827_074522.csv
NVDA,42,Drift,random,13,1,125,2025-07-07T00:00:00,0.0067056263796985,-0.0069034099578857,results/normalization_pilot_train_zscore/random/NVDA/seed_42/last_baseline_scores_after_observation_20260827_074522.csv
NVDA,42,Drift,random,13,2,126,2025-07-08T00:00:00,0.013411252759397,0.0041421651840209,results/normalization_pilot_train_zscore/random/NVDA/seed_42/last_baseline_scores_after_observation_20260827_074522.csv
NVDA,42,Drift,random,13,3,127,2025-07-09T00:00:00,0.0201168786734342,0.0222166776657104,results/normalization_pilot_train_zscore/random/NVDA/seed_42/last_baseline_scores_after_observation_20260827_074522.csv
NVDA,42,Drift,random,13,4,128,2025-07-10T00:00:00,0.026822505518794,0.029873251914978,results/normalization_pilot_train_zscore/random/NVDA/seed_42/last_baseline_scores_after_observation_20260827_074522.csv
NVDA,42,Drift,random,13,5,129,2025-07-11T00:00:00,0.0335281305015087,0.0350195169448852,results/normalization_pilot_train_zscore/random/NVDA/seed_42/last_baseline_scores_after_observation_20260827_074522.csv
NVDA,42,Drift,random,14,1,130,2025-07-14T00:00:00,0.0054181381128728,-0.0051539540290832,results/normalization_pilot_train_zscore/random/NVDA/seed_42/last_baseline_scores_after_observation_20260827_074522.csv
NVDA,42,Drift,random,14,2,131,2025-07-15T00:00:00,0.0108362762257456,0.0350472927093505,results/normalization_pilot_train_zscore/random/NVDA/seed_42/last_baseline_scores_after_observation_20260827_074522.csv
NVDA,42,Drift,random,14,3,132,2025-07-16T00:00:00,0.0162544138729572,0.0391098260879516,results/normalization_pilot_train_zscore/random/NVDA/seed_42/last_baseline_scores_after_observation_20260827_074522.csv
NVDA,42,Drift,random,14,4,133,2025-07-17T00:00:00,0.0216725524514913,0.0489934682846069,results/normalization_pilot_train_zscore/random/NVDA/seed_42/last_baseline_scores_after_observation_20260827_074522.csv
NVDA,42,Drift,random,14,5,134,2025-07-18T00:00:00,0.0270906891673803,0.0454159975051879,results/normalization_pilot_train_zscore/random/NVDA/seed_42/last_baseline_scores_after_observation_20260827_074522.csv
NVDA,42,Drift,random,15,1,135,2025-07-21T00:00:00,0.0068520153872668,-0.0059741139411926,results/normalization_pilot_train_zscore/random/NVDA/seed_42/last_baseline_scores_after_observation_20260827_074522.csv
NVDA,42,Drift,random,15,2,136,2025-07-22T00:00:00,0.0137040307745337,-0.0312047004699707,results/normalization_pilot_train_zscore/random/NVDA/seed_42/last_baseline_scores_after_observation_20260827_074522.csv
NVDA,42,Drift,random,15,3,137,2025-07-23T00:00:00,0.0205560456961393,-0.0094542503356933,results/normalization_pilot_train_zscore/random/NVDA/seed_42/last_baseline_scores_after_observation_20260827_074522.csv
NVDA,42,Drift,random,15,4,138,2025-07-24T00:00:00,0.0274080615490674,0.0077141523361206,results/normalization_pilot_train_zscore/random/NVDA/seed_42/last_baseline_scores_after_observation_20260827_074522.csv
NVDA,42,Drift,random,15,5,139,2025-07-25T00:00:00,0.0342600755393505,0.0063221454620361,results/normalization_pilot_train_zscore/random/NVDA/seed_42/last_baseline_scores_after_observation_20260827_074522.csv
NVDA,42,Drift,random,16,1,140,2025-07-28T00:00:00,0.0063087972812354,0.018731951713562,results/normalization_pilot_train_zscore/random/NVDA/seed_42/last_baseline_scores_after_observation_20260827_074522.csv
NVDA,42,Drift,random,16,2,141,2025-07-29T00:00:00,0.0126175945624709,0.011584997177124,results/normalization_pilot_train_zscore/random/NVDA/seed_42/last_baseline_scores_after_observation_20260827_074522.csv
NVDA,42,Drift,random,16,3,142,2025-07-30T00:00:00,0.018926391378045,0.0332565307617187,results/normalization_pilot_train_zscore/random/NVDA/seed_42/last_baseline_scores_after_observation_20260827_074522.csv
NVDA,42,Drift,random,16,4,143,2025-07-31T00:00:00,0.0252351891249418,0.0251872539520263,results/normalization_pilot_train_zscore/random/NVDA/seed_42/last_baseline_scores_after_observation_20260827_074522.csv
NVDA,42,Drift,random,16,5,144,2025-08-01T00:00:00,0.0315439850091934,0.0012680292129516,results/normalization_pilot_train_zscore/random/NVDA/seed_42/last_baseline_scores_after_observation_20260827_074522.csv
NVDA,42,Drift,random,17,1,145,2025-08-04T00:00:00,0.0055280863307416,0.0361500978469848,results/normalization_pilot_train_zscore/random/NVDA/seed_42/last_baseline_scores_after_observation_20260827_074522.csv
NVDA,42,Drift,random,17,2,146,2025-08-05T00:00:00,0.0110561726614832,0.0261340141296386,results/normalization_pilot_train_zscore/random/NVDA/seed_42/last_baseline_scores_after_observation_20260827_074522.csv
NVDA,42,Drift,random,17,3,147,2025-08-06T00:00:00,0.0165842585265636,0.0328114032745361,results/normalization_pilot_train_zscore/random/NVDA/seed_42/last_baseline_scores_after_observation_20260827_074522.csv
NVDA,42,Drift,random,17,4,148,2025-08-07T00:00:00,0.0221123453229665,0.040582537651062,results/normalization_pilot_train_zscore/random/NVDA/seed_42/last_baseline_scores_after_observation_20260827_074522.csv
NVDA,42,Drift,random,17,5,149,2025-08-08T00:00:00,0.0276404302567243,0.0516923666000366,results/normalization_pilot_train_zscore/random/NVDA/seed_42/last_baseline_scores_after_observation_20260827_074522.csv
NVDA,42,Drift,random,18,1,150,2025-08-11T00:00:00,0.0043936064466834,-0.0035030245780944,results/normalization_pilot_train_zscore/random/NVDA/seed_42/last_baseline_scores_after_observation_20260827_074522.csv
NVDA,42,Drift,random,18,2,151,2025-08-12T00:00:00,0.0087872128933668,0.002517819404602,results/normalization_pilot_train_zscore/random/NVDA/seed_42/last_baseline_scores_after_observation_20260827_074522.csv
NVDA,42,Drift,random,18,3,152,2025-08-13T00:00:00,0.0131808193400502,-0.0060755610466003,results/normalization_pilot_train_zscore/random/NVDA/seed_42/last_baseline_scores_after_observation_20260827_074522.csv
NVDA,42,Drift,random,18,4,153,2025-08-14T00:00:00,0.0175744257867336,-0.0037218928337097,results/normalization_pilot_train_zscore/random/NVDA/seed_42/last_baseline_scores_after_observation_20260827_074522.csv
NVDA,42,Drift,random,18,5,154,2025-08-15T00:00:00,0.0219680313020944,-0.0123152732849121,results/normalization_pilot_train_zscore/random/NVDA/seed_42/last_baseline_scores_after_observation_20260827_074522.csv
NVDA,42,Drift,random,19,1,155,2025-08-18T00:00:00,0.0045695547014474,0.0086450576782226,results/normalization_pilot_train_zscore/random/NVDA/seed_42/last_baseline_scores_after_observation_20260827_074522.csv
NVDA,42,Drift,random,19,2,156,2025-08-19T00:00:00,0.0091391094028949,-0.0266555547714233,results/normalization_pilot_train_zscore/random/NVDA/seed_42/last_baseline_scores_after_observation_20260827_074522.csv
NVDA,42,Drift,random,19,3,157,2025-08-20T00:00:00,0.0137086641043424,-0.0279856324195861,results/normalization_pilot_train_zscore/random/NVDA/seed_42/last_baseline_scores_after_observation_20260827_074522.csv
NVDA,42,Drift,random,19,4,158,2025-08-21T00:00:00,0.0182782188057899,-0.0303131341934204,results/normalization_pilot_train_zscore/random/NVDA/seed_42/last_baseline_scores_after_observation_20260827_074522.csv
NVDA,42,Drift,random,19,5,159,2025-08-22T00:00:00,0.0228477735072374,-0.0136325359344482,results/normalization_pilot_train_zscore/random/NVDA/seed_42/last_baseline_scores_after_observation_20260827_074522.csv
NVDA,42,Drift,random,20,1,160,2025-08-25T00:00:00,0.0036947424523532,0.0102252960205078,results/normalization_pilot_train_zscore/random/NVDA/seed_42/last_baseline_scores_after_observation_20260827_074522.csv
NVDA,42,Drift,random,20,2,161,2025-08-26T00:00:00,0.0073894849047064,0.0212371349334716,results/normalization_pilot_train_zscore/random/NVDA/seed_42/last_baseline_scores_after_observation_20260827_074522.csv
NVDA,42,Drift,random,20,3,162,2025-08-27T00:00:00,0.0110842268913984,0.0202820301055908,results/normalization_pilot_train_zscore/random/NVDA/seed_42/last_baseline_scores_after_observation_20260827_074522.csv
NVDA,42,Drift,random,20,4,163,2025-08-28T00:00:00,0.0147789698094129,0.0122478008270263,results/normalization_pilot_train_zscore/random/NVDA/seed_42/last_baseline_scores_after_observation_20260827_074522.csv
NVDA,42,Drift,random,20,5,164,2025-08-29T00:00:00,0.0184737127274274,-0.0214057564735412,results/normalization_pilot_train_zscore/random/NVDA/seed_42/last_baseline_scores_after_observation_20260827_074522.csv
NVDA,42,Drift,random,21,1,165,2025-09-02T00:00:00,0.0033269689884036,-0.0195199847221374,results/normalization_pilot_train_zscore/random/NVDA/seed_42/last_baseline_scores_after_observation_20260827_074522.csv
NVDA,42,Drift,random,21,2,166,2025-09-03T00:00:00,0.0066539379768073,-0.0204386115074157,results/normalization_pilot_train_zscore/random/NVDA/seed_42/last_baseline_scores_after_observation_20260827_074522.csv
NVDA,42,Drift,random,21,3,167,2025-09-04T00:00:00,0.0099809067323803,-0.014467716217041,results/normalization_pilot_train_zscore/random/NVDA/seed_42/last_baseline_scores_after_observation_20260827_074522.csv
NVDA,42,Drift,random,21,4,168,2025-09-05T00:00:00,0.0133078759536147,-0.0411068201065063,results/normalization_pilot_train_zscore/random/NVDA/seed_42/last_baseline_scores_after_observation_20260827_074522.csv
NVDA,42,Drift,random,21,5,169,2025-09-08T00:00:00,0.0166348461061716,-0.0337007641792297,results/normalization_pilot_train_zscore/random/NVDA/seed_42/last_baseline_scores_after_observation_20260827_074522.csv
NVDA,42,Drift,random,22,1,170,2025-09-09T00:00:00,0.0023473631590604,0.0145564079284667,results/normalization_pilot_train_zscore/random/NVDA/seed_42/last_baseline_scores_after_observation_20260827_074522.csv
NVDA,42,Drift,random,22,2,171,2025-09-10T00:00:00,0.0046947263181209,0.0535916090011596,results/normalization_pilot_train_zscore/random/NVDA/seed_42/last_baseline_scores_after_observation_20260827_074522.csv
NVDA,42,Drift,random,22,3,172,2025-09-11T00:00:00,0.0070420894771814,0.0526409149169921,results/normalization_pilot_train_zscore/random/NVDA/seed_42/last_baseline_scores_after_observation_20260827_074522.csv
NVDA,42,Drift,random,22,4,173,2025-09-12T00:00:00,0.0093894526362419,0.0565029382705688,results/normalization_pilot_train_zscore/random/NVDA/seed_42/last_baseline_scores_after_observation_20260827_074522.csv
NVDA,42,Drift,random,22,5,174,2025-09-15T00:00:00,0.0117368157953023,0.0560870170593261,results/normalization_pilot_train_zscore/random/NVDA/seed_42/last_baseline_scores_after_observation_20260827_074522.csv
NVDA,42,Drift,random,23,1,175,2025-09-16T00:00:00,0.0032324963249266,-0.0161462426185607,results/normalization_pilot_train_zscore/random/NVDA/seed_42/last_baseline_scores_after_observation_20260827_074522.csv
NVDA,42,Drift,random,23,2,176,2025-09-17T00:00:00,0.0064649926498532,-0.0419691205024719,results/normalization_pilot_train_zscore/random/NVDA/seed_42/last_baseline_scores_after_observation_20260827_074522.csv
NVDA,42,Drift,random,23,3,177,2025-09-18T00:00:00,0.0096974894404411,-0.0084950327873229,results/normalization_pilot_train_zscore/random/NVDA/seed_42/last_baseline_scores_after_observation_20260827_074522.csv
NVDA,42,Drift,random,23,4,178,2025-09-19T00:00:00,0.0129299852997064,-0.0060759782791137,results/normalization_pilot_train_zscore/random/NVDA/seed_42/last_baseline_scores_after_observation_20260827_074522.csv
NVDA,42,Drift,random,23,5,179,2025-09-22T00:00:00,0.0161624830216169,0.0329676866531372,results/normalization_pilot_train_zscore/random/NVDA/seed_42/last_baseline_scores_after_observation_20260827_074522.csv
NVDA,42,Drift,random,24,1,180,2025-09-23T00:00:00,0.002387152519077,-0.0282120108604431,results/normalization_pilot_train_zscore/random/NVDA/seed_42/last_baseline_scores_after_observation_20260827_074522.csv
NVDA,42,Drift,random,24,2,181,2025-09-24T00:00:00,0.0047743050381541,-0.0361636281013488,results/normalization_pilot_train_zscore/random/NVDA/seed_42/last_baseline_scores_after_observation_20260827_074522.csv
NVDA,42,Drift,random,24,3,182,2025-09-25T00:00:00,0.0071614575572311,-0.0322422385215759,results/normalization_pilot_train_zscore/random/NVDA/seed_42/last_baseline_scores_after_observation_20260827_074522.csv
NVDA,42,Drift,random,24,4,183,2025-09-26T00:00:00,0.0095486100763082,-0.0295190811157226,results/normalization_pilot_train_zscore/random/NVDA/seed_42/last_baseline_scores_after_observation_20260827_074522.csv
NVDA,42,Drift,random,24,5,184,2025-09-29T00:00:00,0.011935762129724,-0.0095854997634887,results/normalization_pilot_train_zscore/random/NVDA/seed_42/last_baseline_scores_after_observation_20260827_074522.csv
NVDA,42,Drift,random,25,1,185,2025-09-30T00:00:00,0.002200546907261,0.0260103940963745,results/normalization_pilot_train_zscore/random/NVDA/seed_42/last_baseline_scores_after_observation_20260827_074522.csv
NVDA,42,Drift,random,25,2,186,2025-10-01T00:00:00,0.004401093814522,0.0296398401260375,results/normalization_pilot_train_zscore/random/NVDA/seed_42/last_baseline_scores_after_observation_20260827_074522.csv
NVDA,42,Drift,random,25,3,187,2025-10-02T00:00:00,0.0066016404889523,0.0387132167816162,results/normalization_pilot_train_zscore/random/NVDA/seed_42/last_baseline_scores_after_observation_20260827_074522.csv
NVDA,42,Drift,random,25,4,188,2025-10-03T00:00:00,0.008802187629044,0.0317293405532836,results/normalization_pilot_train_zscore/random/NVDA/seed_42/last_baseline_scores_after_observation_20260827_074522.csv
NVDA,42,Drift,random,25,5,189,2025-10-06T00:00:00,0.0110027343034744,0.0202913284301757,results/normalization_pilot_train_zscore/random/NVDA/seed_42/last_baseline_scores_after_observation_20260827_074522.csv
NVDA,42,Drift,random,26,1,190,2025-10-07T00:00:00,0.001961292233318,-0.0026948451995849,results/normalization_pilot_train_zscore/random/NVDA/seed_42/last_baseline_scores_after_observation_20260827_074522.csv
NVDA,42,Drift,random,26,2,191,2025-10-08T00:00:00,0.0039225844666361,0.0192412137985229,results/normalization_pilot_train_zscore/random/NVDA/seed_42/last_baseline_scores_after_observation_20260827_074522.csv
NVDA,42,Drift,random,26,3,192,2025-10-09T00:00:00,0.0058838766999542,0.0378894805908203,results/normalization_pilot_train_zscore/random/NVDA/seed_42/last_baseline_scores_after_observation_20260827_074522.csv
NVDA,42,Drift,random,26,4,193,2025-10-10T00:00:00,0.0078451689332723,-0.0128273963928222,results/normalization_pilot_train_zscore/random/NVDA/seed_42/last_baseline_scores_after_observation_20260827_074522.csv
NVDA,42,Drift,random,26,5,194,2025-10-13T00:00:00,0.0098064607009291,0.0149834156036376,results/normalization_pilot_train_zscore/random/NVDA/seed_42/last_baseline_scores_after_observation_20260827_074522.csv
NVDA,42,Drift,random,27,1,195,2025-10-14T00:00:00,0.0015246317489072,-0.0440208315849304,results/normalization_pilot_train_zscore/random/NVDA/seed_42/last_baseline_scores_after_observation_20260827_074522.csv
NVDA,42,Drift,random,27,2,196,2025-10-15T00:00:00,0.0030492634978145,-0.0450828671455383,results/normalization_pilot_train_zscore/random/NVDA/seed_42/last_baseline_scores_after_observation_20260827_074522.csv
NVDA,42,Drift,random,27,3,197,2025-10-16T00:00:00,0.0045738951303064,-0.0345688462257385,results/normalization_pilot_train_zscore/random/NVDA/seed_42/last_baseline_scores_after_observation_20260827_074522.csv
NVDA,42,Drift,random,27,4,198,2025-10-17T00:00:00,0.006098526995629,-0.0270816087722778,results/normalization_pilot_train_zscore/random/NVDA/seed_42/last_baseline_scores_after_observation_20260827_074522.csv
NVDA,42,Drift,random,27,5,199,2025-10-20T00:00:00,0.0076231583952903,-0.030161440372467,results/normalization_pilot_train_zscore/random/NVDA/seed_42/last_baseline_scores_after_observation_20260827_074522.csv
NVDA,42,Drift,random,28,1,200,2025-10-21T00:00:00,0.0005465978756546,-0.0081033706665039,results/normalization_pilot_train_zscore/random/NVDA/seed_42/last_baseline_scores_after_observation_20260827_074522.csv
NVDA,42,Drift,random,28,2,201,2025-10-22T00:00:00,0.0010931957513093,-0.0129215717315673,results/normalization_pilot_train_zscore/random/NVDA/seed_42/last_baseline_scores_after_observation_20260827_074522.csv
NVDA,42,Drift,random,28,3,202,2025-10-23T00:00:00,0.001639793626964,-0.0026280879974365,results/normalization_pilot_train_zscore/random/NVDA/seed_42/last_baseline_scores_after_observation_20260827_074522.csv
NVDA,42,Drift,random,28,4,203,2025-10-24T00:00:00,0.0021863915026187,0.0198203325271606,results/normalization_pilot_train_zscore/random/NVDA/seed_42/last_baseline_scores_after_observation_20260827_074522.csv
NVDA,42,Drift,random,28,5,204,2025-10-27T00:00:00,0.0027329893782734,0.0484559535980224,results/normalization_pilot_train_zscore/random/NVDA/seed_42/last_baseline_scores_after_observation_20260827_074522.csv
NVDA,42,Drift,random,29,1,205,2025-10-28T00:00:00,0.0010170020395889,0.0498198270797729,results/normalization_pilot_train_zscore/random/NVDA/seed_42/last_baseline_scores_after_observation_20260827_074522.csv
NVDA,42,Drift,random,29,2,206,2025-10-29T00:00:00,0.0020340040791779,0.0812052488327026,results/normalization_pilot_train_zscore/random/NVDA/seed_42/last_baseline_scores_after_observation_20260827_074522.csv
NVDA,42,Drift,random,29,3,207,2025-10-30T00:00:00,0.0030510060023516,0.0595331192016601,results/normalization_pilot_train_zscore/random/NVDA/seed_42/last_baseline_scores_after_observation_20260827_074522.csv
NVDA,42,Drift,random,29,4,208,2025-10-31T00:00:00,0.0040680081583559,0.0574442148208618,results/normalization_pilot_train_zscore/random/NVDA/seed_42/last_baseline_scores_after_observation_20260827_074522.csv
NVDA,42,Drift,random,29,5,209,2025-11-03T00:00:00,0.0050850100815296,0.0803697109222412,results/normalization_pilot_train_zscore/random/NVDA/seed_42/last_baseline_scores_after_observation_20260827_074522.csv
NVDA,42,Drift,random,30,1,210,2025-11-04T00:00:00,0.0020334403961896,-0.0395881533622741,results/normalization_pilot_train_zscore/random/NVDA/seed_42/last_baseline_scores_after_observation_20260827_074522.csv
NVDA,42,Drift,random,30,2,211,2025-11-05T00:00:00,0.0040668807923793,-0.056409478187561,results/normalization_pilot_train_zscore/random/NVDA/seed_42/last_baseline_scores_after_observation_20260827_074522.csv
NVDA,42,Drift,random,30,3,212,2025-11-06T00:00:00,0.0061003207229077,-0.0908739566802978,results/normalization_pilot_train_zscore/random/NVDA/seed_42/last_baseline_scores_after_observation_20260827_074522.csv
NVDA,42,Drift,random,30,4,213,2025-11-07T00:00:00,0.0081337615847587,-0.0905356407165527,results/normalization_pilot_train_zscore/random/NVDA/seed_42/last_baseline_scores_after_observation_20260827_074522.csv
NVDA,42,Drift,random,30,5,214,2025-11-10T00:00:00,0.0101672019809484,-0.0378480553627014,results/normalization_pilot_train_zscore/random/NVDA/seed_42/last_baseline_scores_after_observation_20260827_074522.csv
NVDA,42,Drift,random,31,1,215,2025-11-11T00:00:00,0.0014509597094729,-0.0295905470848083,results/normalization_pilot_train_zscore/random/NVDA/seed_42/last_baseline_scores_after_observation_20260827_074522.csv
NVDA,42,Drift,random,31,2,216,2025-11-12T00:00:00,0.0029019194189459,-0.0263752937316894,results/normalization_pilot_train_zscore/random/NVDA/seed_42/last_baseline_scores_after_observation_20260827_074522.csv
NVDA,42,Drift,random,31,3,217,2025-11-13T00:00:00,0.0043528792448341,-0.0612409114837646,results/normalization_pilot_train_zscore/random/NVDA/seed_42/last_baseline_scores_after_observation_20260827_074522.csv
NVDA,42,Drift,random,31,4,218,2025-11-14T00:00:00,0.0058038388378918,-0.0446119308471679,results/normalization_pilot_train_zscore/random/NVDA/seed_42/last_baseline_scores_after_observation_20260827_074522.csv
NVDA,42,Drift,random,31,5,219,2025-11-17T00:00:00,0.0072547984309494,-0.0625470876693725,results/normalization_pilot_train_zscore/random/NVDA/seed_42/last_baseline_scores_after_observation_20260827_074522.csv
NVDA,42,Drift,random,32,1,220,2025-11-18T00:00:00,0.0006167460232973,-0.028081476688385,results/normalization_pilot_train_zscore/random/NVDA/seed_42/last_baseline_scores_after_observation_20260827_074522.csv
NVDA,42,Drift,random,32,2,221,2025-11-19T00:00:00,0.0012334920465946,-0.0004287362098693,results/normalization_pilot_train_zscore/random/NVDA/seed_42/last_baseline_scores_after_observation_20260827_074522.csv
NVDA,42,Drift,random,32,3,222,2025-11-20T00:00:00,0.0018502379534766,-0.0319400429725647,results/normalization_pilot_train_zscore/random/NVDA/seed_42/last_baseline_scores_after_observation_20260827_074522.csv
NVDA,42,Drift,random,32,4,223,2025-11-21T00:00:00,0.0024669840931892,-0.0413719415664672,results/normalization_pilot_train_zscore/random/NVDA/seed_42/last_baseline_scores_after_observation_20260827_074522.csv
NVDA,42,Drift,random,32,5,224,2025-11-24T00:00:00,0.0030837301164865,-0.0217041969299316,results/normalization_pilot_train_zscore/random/NVDA/seed_42/last_baseline_scores_after_observation_20260827_074522.csv
NVDA,42,Drift,random,33,1,225,2025-11-25T00:00:00,0.001092804945074,-0.0259106755256652,results/normalization_pilot_train_zscore/random/NVDA/seed_42/last_baseline_scores_after_observation_20260827_074522.csv
NVDA,42,Drift,random,33,2,226,2025-11-26T00:00:00,0.002185609890148,-0.012544572353363,results/normalization_pilot_train_zscore/random/NVDA/seed_42/last_baseline_scores_after_observation_20260827_074522.csv
NVDA,42,Drift,random,33,3,227,2025-11-28T00:00:00,0.0032784149516373,-0.030402660369873,results/normalization_pilot_train_zscore/random/NVDA/seed_42/last_baseline_scores_after_observation_20260827_074522.csv
NVDA,42,Drift,random,33,4,228,2025-12-01T00:00:00,0.004371219780296,-0.0144070386886596,results/normalization_pilot_train_zscore/random/NVDA/seed_42/last_baseline_scores_after_observation_20260827_074522.csv
NVDA,42,Drift,random,33,5,229,2025-12-02T00:00:00,0.0054640248417854,-0.0059709548950195,results/normalization_pilot_train_zscore/random/NVDA/seed_42/last_baseline_scores_after_observation_20260827_074522.csv
NVDA,42,Drift,random,34,1,230,2025-12-03T00:00:00,0.00099942763336,-0.0103053450584411,results/normalization_pilot_train_zscore/random/NVDA/seed_42/last_baseline_scores_after_observation_20260827_074522.csv
NVDA,42,Drift,random,34,2,231,2025-12-04T00:00:00,0.00199885526672,0.0105807781219482,results/normalization_pilot_train_zscore/random/NVDA/seed_42/last_baseline_scores_after_observation_20260827_074522.csv
NVDA,42,Drift,random,34,3,232,2025-12-05T00:00:00,0.00299828290008,0.0052353143692016,results/normalization_pilot_train_zscore/random/NVDA/seed_42/last_baseline_scores_after_observation_20260827_074522.csv
NVDA,42,Drift,random,34,4,233,2025-12-08T00:00:00,0.0039977105334401,0.0225393772125244,results/normalization_pilot_train_zscore/random/NVDA/seed_42/last_baseline_scores_after_observation_20260827_074522.csv
NVDA,42,Drift,random,34,5,234,2025-12-09T00:00:00,0.0049971383996307,0.0193430185317993,results/normalization_pilot_train_zscore/random/NVDA/seed_42/last_baseline_scores_after_observation_20260827_074522.csv
NVDA,42,Drift,random,35,1,235,2025-12-10T00:00:00,0.0009245653636753,-0.0064334869384765,results/normalization_pilot_train_zscore/random/NVDA/seed_42/last_baseline_scores_after_observation_20260827_074522.csv
NVDA,42,Drift,random,35,2,236,2025-12-11T00:00:00,0.0018491307273507,-0.0218414068222045,results/normalization_pilot_train_zscore/random/NVDA/seed_42/last_baseline_scores_after_observation_20260827_074522.csv
NVDA,42,Drift,random,35,3,237,2025-12-12T00:00:00,0.002773696091026,-0.0537924766540527,results/normalization_pilot_train_zscore/random/NVDA/seed_42/last_baseline_scores_after_observation_20260827_074522.csv
NVDA,42,Drift,random,35,4,238,2025-12-15T00:00:00,0.0036982614547014,-0.0469265580177307,results/normalization_pilot_train_zscore/random/NVDA/seed_42/last_baseline_scores_after_observation_20260827_074522.csv
NVDA,42,Drift,random,35,5,239,2025-12-16T00:00:00,0.0046228268183767,-0.0391955375671386,results/normalization_pilot_train_zscore/random/NVDA/seed_42/last_baseline_scores_after_observation_20260827_074522.csv
NVDA,42,Drift,random,36,1,240,2025-12-17T00:00:00,-6.771217886125669e-05,-0.0381498932838439,results/normalization_pilot_train_zscore/random/NVDA/seed_42/last_baseline_scores_after_observation_20260827_074522.csv
NVDA,42,Drift,random,36,2,241,2025-12-18T00:00:00,-0.0001354243577225,-0.0201440453529357,results/normalization_pilot_train_zscore/random/NVDA/seed_42/last_baseline_scores_after_observation_20260827_074522.csv
NVDA,42,Drift,random,36,3,242,2025-12-19T00:00:00,-0.0002031365438597,0.0183997154235839,results/normalization_pilot_train_zscore/random/NVDA/seed_42/last_baseline_scores_after_observation_20260827_074522.csv
NVDA,42,Drift,random,36,4,243,2025-12-22T00:00:00,-0.000270848715445,0.0335922241210937,results/normalization_pilot_train_zscore/random/NVDA/seed_42/last_baseline_scores_after_observation_20260827_074522.csv
NVDA,42,Drift,random,36,5,244,2025-12-23T00:00:00,-0.0003385609015822,0.0646523237228393,results/normalization_pilot_train_zscore/random/NVDA/seed_42/last_baseline_scores_after_observation_20260827_074522.csv
NVDA,42,Drift,random,37,1,245,2025-12-24T00:00:00,0.0002355916221858,-0.0031710863113403,results/normalization_pilot_train_zscore/random/NVDA/seed_42/last_baseline_scores_after_observation_20260827_074522.csv
NVDA,42,Drift,random,37,2,246,2025-12-26T00:00:00,0.0004711832443717,0.0069763660430908,results/normalization_pilot_train_zscore/random/NVDA/seed_42/last_baseline_scores_after_observation_20260827_074522.csv
NVDA,42,Drift,random,37,3,247,2025-12-29T00:00:00,0.0007067748811095,-0.0052323341369628,results/normalization_pilot_train_zscore/random/NVDA/seed_42/last_baseline_scores_after_observation_20260827_074522.csv
NVDA,42,Drift,random,37,4,248,2025-12-30T00:00:00,0.0009423664887435,-0.0088262557983398,results/normalization_pilot_train_zscore/random/NVDA/seed_42/last_baseline_scores_after_observation_20260827_074522.csv
NVDA,42,Drift,random,37,5,249,2025-12-31T00:00:00,0.0011779580963775,-0.0143227577209472,results/normalization_pilot_train_zscore/random/NVDA/seed_42/last_baseline_scores_after_observation_20260827_074522.csv
NVDA,42,Shared-target JEPA--MAE,random,0,1,60,2025-04-01T00:00:00,-0.0453771501779556,0.0163314342498779,results/normalization_pilot_train_zscore/random/NVDA/seed_42/last_scores_after_observation_20260827_074522.csv
NVDA,42,Shared-target JEPA--MAE,random,0,2,61,2025-04-02T00:00:00,0.0727385357022285,0.0188226699829101,results/normalization_pilot_train_zscore/random/NVDA/seed_42/last_scores_after_observation_20260827_074522.csv
NVDA,42,Shared-target JEPA--MAE,random,0,3,62,2025-04-03T00:00:00,0.0429705046117305,-0.0607122778892517,results/normalization_pilot_train_zscore/random/NVDA/seed_42/last_scores_after_observation_20260827_074522.csv
NVDA,42,Shared-target JEPA--MAE,random,0,4,63,2025-04-04T00:00:00,-0.0364887043833732,-0.1298210024833679,results/normalization_pilot_train_zscore/random/NVDA/seed_42/last_scores_after_observation_20260827_074522.csv
NVDA,42,Shared-target JEPA--MAE,random,0,5,64,2025-04-07T00:00:00,0.0109791681170463,-0.0990957617759704,results/normalization_pilot_train_zscore/random/NVDA/seed_42/last_scores_after_observation_20260827_074522.csv
NVDA,42,Shared-target JEPA--MAE,random,1,1,65,2025-04-08T00:00:00,-0.0289071351289749,-0.0137238502502441,results/normalization_pilot_train_zscore/random/NVDA/seed_42/last_scores_after_observation_20260827_074522.csv
NVDA,42,Shared-target JEPA--MAE,random,1,2,66,2025-04-09T00:00:00,0.0786804109811782,0.1709340810775756,results/normalization_pilot_train_zscore/random/NVDA/seed_42/last_scores_after_observation_20260827_074522.csv
NVDA,42,Shared-target JEPA--MAE,random,1,3,67,2025-04-10T00:00:00,0.0425432436168193,0.1017000675201416,results/normalization_pilot_train_zscore/random/NVDA/seed_42/last_scores_after_observation_20260827_074522.csv
NVDA,42,Shared-target JEPA--MAE,random,1,4,68,2025-04-11T00:00:00,-0.0422791764140129,0.1361122131347656,results/normalization_pilot_train_zscore/random/NVDA/seed_42/last_scores_after_observation_20260827_074522.csv
NVDA,42,Shared-target JEPA--MAE,random,1,5,69,2025-04-14T00:00:00,0.0325532183051109,0.1338590383529663,results/normalization_pilot_train_zscore/random/NVDA/seed_42/last_scores_after_observation_20260827_074522.csv
NVDA,42,Shared-target JEPA--MAE,random,2,1,70,2025-04-15T00:00:00,-0.0118042817339301,0.0134586095809936,results/normalization_pilot_train_zscore/random/NVDA/seed_42/last_scores_after_observation_20260827_074522.csv
NVDA,42,Shared-target JEPA--MAE,random,2,2,71,2025-04-16T00:00:00,0.0327981933951377,-0.0561828017234802,results/normalization_pilot_train_zscore/random/NVDA/seed_42/last_scores_after_observation_20260827_074522.csv
NVDA,42,Shared-target JEPA--MAE,random,2,3,72,2025-04-17T00:00:00,0.0572757124900817,-0.0832806825637817,results/normalization_pilot_train_zscore/random/NVDA/seed_42/last_scores_after_observation_20260827_074522.csv
NVDA,42,Shared-target JEPA--MAE,random,2,4,73,2025-04-21T00:00:00,0.0486926659941673,-0.1246499419212341,results/normalization_pilot_train_zscore/random/NVDA/seed_42/last_scores_after_observation_20260827_074522.csv
NVDA,42,Shared-target JEPA--MAE,random,2,5,74,2025-04-22T00:00:00,0.0710800290107727,-0.1067654490470886,results/normalization_pilot_train_zscore/random/NVDA/seed_42/last_scores_after_observation_20260827_074522.csv
NVDA,42,Shared-target JEPA--MAE,random,3,1,75,2025-04-23T00:00:00,-0.0409893244504928,0.0386288166046142,results/normalization_pilot_train_zscore/random/NVDA/seed_42/last_scores_after_observation_20260827_074522.csv
NVDA,42,Shared-target JEPA--MAE,random,3,2,76,2025-04-24T00:00:00,0.0946443825960159,0.0762463808059692,results/normalization_pilot_train_zscore/random/NVDA/seed_42/last_scores_after_observation_20260827_074522.csv
NVDA,42,Shared-target JEPA--MAE,random,3,3,77,2025-04-25T00:00:00,0.0139638371765613,0.1225605010986328,results/normalization_pilot_train_zscore/random/NVDA/seed_42/last_scores_after_observation_20260827_074522.csv
NVDA,42,Shared-target JEPA--MAE,random,3,4,78,2025-04-28T00:00:00,-0.0233574397861957,0.0995045900344848,results/normalization_pilot_train_zscore/random/NVDA/seed_42/last_scores_after_observation_20260827_074522.csv
NVDA,42,Shared-target JEPA--MAE,random,3,5,79,2025-04-29T00:00:00,0.0185621567070484,0.1024370193481445,results/normalization_pilot_train_zscore/random/NVDA/seed_42/last_scores_after_observation_20260827_074522.csv
NVDA,42,Shared-target JEPA--MAE,random,4,1,80,2025-04-30T00:00:00,-0.0397837609052658,-0.0009172558784484,results/normalization_pilot_train_zscore/random/NVDA/seed_42/last_scores_after_observation_20260827_074522.csv
NVDA,42,Shared-target JEPA--MAE,random,4,2,81,2025-05-01T00:00:00,0.0385721698403358,0.0237571001052856,results/normalization_pilot_train_zscore/random/NVDA/seed_42/last_scores_after_observation_20260827_074522.csv
NVDA,42,Shared-target JEPA--MAE,random,4,3,82,2025-05-02T00:00:00,0.0542216077446937,0.0502660274505615,results/normalization_pilot_train_zscore/random/NVDA/seed_42/last_scores_after_observation_20260827_074522.csv
NVDA,42,Shared-target JEPA--MAE,random,4,4,83,2025-05-05T00:00:00,0.0495082288980484,0.0440286397933959,results/normalization_pilot_train_zscore/random/NVDA/seed_42/last_scores_after_observation_20260827_074522.csv
NVDA,42,Shared-target JEPA--MAE,random,4,5,84,2025-05-06T00:00:00,0.0723182559013366,0.0414602756500244,results/normalization_pilot_train_zscore/random/NVDA/seed_42/last_scores_after_observation_20260827_074522.csv
NVDA,42,Shared-target JEPA--MAE,random,5,1,85,2025-05-07T00:00:00,-0.0255170427262783,0.0310022830963134,results/normalization_pilot_train_zscore/random/NVDA/seed_42/last_scores_after_observation_20260827_074522.csv
NVDA,42,Shared-target JEPA--MAE,random,5,2,86,2025-05-08T00:00:00,0.0517428442835807,0.0337326526641845,results/normalization_pilot_train_zscore/random/NVDA/seed_42/last_scores_after_observation_20260827_074522.csv
NVDA,42,Shared-target JEPA--MAE,random,5,3,87,2025-05-09T00:00:00,0.0425361841917037,0.0273911952972412,results/normalization_pilot_train_zscore/random/NVDA/seed_42/last_scores_after_observation_20260827_074522.csv
NVDA,42,Shared-target JEPA--MAE,random,5,4,88,2025-05-12T00:00:00,0.0679222494363784,0.0833185911178588,results/normalization_pilot_train_zscore/random/NVDA/seed_42/last_scores_after_observation_20260827_074522.csv
NVDA,42,Shared-target JEPA--MAE,random,5,5,89,2025-05-13T00:00:00,0.0663476958870887,0.1443543434143066,results/normalization_pilot_train_zscore/random/NVDA/seed_42/last_scores_after_observation_20260827_074522.csv
NVDA,42,Shared-target JEPA--MAE,random,6,1,90,2025-05-14T00:00:00,-0.026789229363203,0.0416377782821655,results/normalization_pilot_train_zscore/random/NVDA/seed_42/last_scores_after_observation_20260827_074522.csv
NVDA,42,Shared-target JEPA--MAE,random,6,2,91,2025-05-15T00:00:00,0.0300849508494138,0.0377126932144165,results/normalization_pilot_train_zscore/random/NVDA/seed_42/last_scores_after_observation_20260827_074522.csv
NVDA,42,Shared-target JEPA--MAE,random,6,3,92,2025-05-16T00:00:00,0.0439750589430332,0.0420995950698852,results/normalization_pilot_train_zscore/random/NVDA/seed_42/last_scores_after_observation_20260827_074522.csv
NVDA,42,Shared-target JEPA--MAE,random,6,4,93,2025-05-19T00:00:00,0.03779037296772,0.0434081554412841,results/normalization_pilot_train_zscore/random/NVDA/seed_42/last_scores_after_observation_20260827_074522.csv
NVDA,42,Shared-target JEPA--MAE,random,6,5,94,2025-05-20T00:00:00,0.0338706001639366,0.0342493057250976,results/normalization_pilot_train_zscore/random/NVDA/seed_42/last_scores_after_observation_20260827_074522.csv
NVDA,42,Shared-target JEPA--MAE,random,7,1,95,2025-05-21T00:00:00,0.0331144668161869,-0.0191993117332458,results/normalization_pilot_train_zscore/random/NVDA/seed_42/last_scores_after_observation_20260827_074522.csv
NVDA,42,Shared-target JEPA--MAE,random,7,2,96,2025-05-22T00:00:00,0.0286753829568624,-0.0115344524383544,results/normalization_pilot_train_zscore/random/NVDA/seed_42/last_scores_after_observation_20260827_074522.csv
NVDA,42,Shared-target JEPA--MAE,random,7,3,97,2025-05-23T00:00:00,0.0260549560189247,-0.022994577884674,results/normalization_pilot_train_zscore/random/NVDA/seed_42/last_scores_after_observation_20260827_074522.csv
NVDA,42,Shared-target JEPA--MAE,random,7,4,98,2025-05-27T00:00:00,0.0768648758530616,0.0083345174789428,results/normalization_pilot_train_zscore/random/NVDA/seed_42/last_scores_after_observation_20260827_074522.csv
NVDA,42,Shared-target JEPA--MAE,random,7,5,99,2025-05-28T00:00:00,0.0514882579445838,0.003199815750122,results/normalization_pilot_train_zscore/random/NVDA/seed_42/last_scores_after_observation_20260827_074522.csv
NVDA,42,Shared-target JEPA--MAE,random,8,1,100,2025-05-29T00:00:00,0.0049247150309383,0.0324902534484863,results/normalization_pilot_train_zscore/random/NVDA/seed_42/last_scores_after_observation_20260827_074522.csv
NVDA,42,Shared-target JEPA--MAE,random,8,2,101,2025-05-30T00:00:00,0.0268580075353384,0.0023738145828247,results/normalization_pilot_train_zscore/random/NVDA/seed_42/last_scores_after_observation_20260827_074522.csv
NVDA,42,Shared-target JEPA--MAE,random,8,3,102,2025-06-02T00:00:00,0.0341319516301155,0.0190639495849609,results/normalization_pilot_train_zscore/random/NVDA/seed_42/last_scores_after_observation_20260827_074522.csv
NVDA,42,Shared-target JEPA--MAE,random,8,4,103,2025-06-03T00:00:00,0.0155090950429439,0.0475484132766723,results/normalization_pilot_train_zscore/random/NVDA/seed_42/last_scores_after_observation_20260827_074522.csv
NVDA,42,Shared-target JEPA--MAE,random,8,5,104,2025-06-04T00:00:00,0.0165994577109813,0.0527409315109252,results/normalization_pilot_train_zscore/random/NVDA/seed_42/last_scores_after_observation_20260827_074522.csv
NVDA,42,Shared-target JEPA--MAE,random,9,1,105,2025-06-05T00:00:00,0.0459301508963108,-0.013599157333374,results/normalization_pilot_train_zscore/random/NVDA/seed_42/last_scores_after_observation_20260827_074522.csv
NVDA,42,Shared-target JEPA--MAE,random,9,2,106,2025-06-06T00:00:00,0.0230104066431522,-0.0014092326164245,results/normalization_pilot_train_zscore/random/NVDA/seed_42/last_scores_after_observation_20260827_074522.csv
NVDA,42,Shared-target JEPA--MAE,random,9,3,107,2025-06-09T00:00:00,0.0287674367427825,0.0050028562545776,results/normalization_pilot_train_zscore/random/NVDA/seed_42/last_scores_after_observation_20260827_074522.csv
NVDA,42,Shared-target JEPA--MAE,random,9,4,108,2025-06-10T00:00:00,0.0210760422050952,0.0143743753433227,results/normalization_pilot_train_zscore/random/NVDA/seed_42/last_scores_after_observation_20260827_074522.csv
NVDA,42,Shared-target JEPA--MAE,random,9,5,109,2025-06-11T00:00:00,-0.0059214625507593,0.0064121484756469,results/normalization_pilot_train_zscore/random/NVDA/seed_42/last_scores_after_observation_20260827_074522.csv
NVDA,42,Shared-target JEPA--MAE,random,10,1,110,2025-06-12T00:00:00,0.0356916412711143,0.0151928663253784,results/normalization_pilot_train_zscore/random/NVDA/seed_42/last_scores_after_observation_20260827_074522.csv
NVDA,42,Shared-target JEPA--MAE,random,10,2,111,2025-06-13T00:00:00,0.0222829915583133,-0.0060211420059204,results/normalization_pilot_train_zscore/random/NVDA/seed_42/last_scores_after_observation_20260827_074522.csv
NVDA,42,Shared-target JEPA--MAE,random,10,3,112,2025-06-16T00:00:00,0.0281230509281158,0.0130224227905273,results/normalization_pilot_train_zscore/random/NVDA/seed_42/last_scores_after_observation_20260827_074522.csv
NVDA,42,Shared-target JEPA--MAE,random,10,4,113,2025-06-17T00:00:00,0.0394553206861019,0.0090316534042358,results/normalization_pilot_train_zscore/random/NVDA/seed_42/last_scores_after_observation_20260827_074522.csv
NVDA,42,Shared-target JEPA--MAE,random,10,5,114,2025-06-18T00:00:00,0.0238035134971141,0.0185534954071044,results/normalization_pilot_train_zscore/random/NVDA/seed_42/last_scores_after_observation_20260827_074522.csv
NVDA,42,Shared-target JEPA--MAE,random,11,1,115,2025-06-20T00:00:00,0.0232372414320707,-0.0112042427062988,results/normalization_pilot_train_zscore/random/NVDA/seed_42/last_scores_after_observation_20260827_074522.csv
NVDA,42,Shared-target JEPA--MAE,random,11,2,116,2025-06-23T00:00:00,0.0323982238769531,-0.0090046525001525,results/normalization_pilot_train_zscore/random/NVDA/seed_42/last_scores_after_observation_20260827_074522.csv
NVDA,42,Shared-target JEPA--MAE,random,11,3,117,2025-06-24T00:00:00,0.0268525425344705,0.0166345834732055,results/normalization_pilot_train_zscore/random/NVDA/seed_42/last_scores_after_observation_20260827_074522.csv
NVDA,42,Shared-target JEPA--MAE,random,11,4,118,2025-06-25T00:00:00,0.0289930403232574,0.0606956481933593,results/normalization_pilot_train_zscore/random/NVDA/seed_42/last_scores_after_observation_20260827_074522.csv
NVDA,42,Shared-target JEPA--MAE,random,11,5,119,2025-06-26T00:00:00,-0.0029638409614562,0.0655760765075683,results/normalization_pilot_train_zscore/random/NVDA/seed_42/last_scores_after_observation_20260827_074522.csv
NVDA,42,Shared-target JEPA--MAE,random,12,1,120,2025-06-27T00:00:00,0.0205964762717485,0.0176105499267578,results/normalization_pilot_train_zscore/random/NVDA/seed_42/last_scores_after_observation_20260827_074522.csv
NVDA,42,Shared-target JEPA--MAE,random,12,2,121,2025-06-30T00:00:00,0.0183753110468387,0.0191588401794433,results/normalization_pilot_train_zscore/random/NVDA/seed_42/last_scores_after_observation_20260827_074522.csv
NVDA,42,Shared-target JEPA--MAE,random,12,3,122,2025-07-01T00:00:00,0.0426949225366115,-0.0110953450202941,results/normalization_pilot_train_zscore/random/NVDA/seed_42/last_scores_after_observation_20260827_074522.csv
NVDA,42,Shared-target JEPA--MAE,random,12,4,123,2025-07-02T00:00:00,0.0227258391678333,0.0143852233886718,results/normalization_pilot_train_zscore/random/NVDA/seed_42/last_scores_after_observation_20260827_074522.csv
NVDA,42,Shared-target JEPA--MAE,random,12,5,124,2025-07-03T00:00:00,0.018973346799612,0.027867317199707,results/normalization_pilot_train_zscore/random/NVDA/seed_42/last_scores_after_observation_20260827_074522.csv
NVDA,42,Shared-target JEPA--MAE,random,13,1,125,2025-07-07T00:00:00,0.0591888651251792,-0.0069034099578857,results/normalization_pilot_train_zscore/random/NVDA/seed_42/last_scores_after_observation_20260827_074522.csv
NVDA,42,Shared-target JEPA--MAE,random,13,2,126,2025-07-08T00:00:00,0.0308906212449073,0.0041421651840209,results/normalization_pilot_train_zscore/random/NVDA/seed_42/last_scores_after_observation_20260827_074522.csv
NVDA,42,Shared-target JEPA--MAE,random,13,3,127,2025-07-09T00:00:00,0.0153638143092393,0.0222166776657104,results/normalization_pilot_train_zscore/random/NVDA/seed_42/last_scores_after_observation_20260827_074522.csv
NVDA,42,Shared-target JEPA--MAE,random,13,4,128,2025-07-10T00:00:00,0.0330893732607364,0.029873251914978,results/normalization_pilot_train_zscore/random/NVDA/seed_42/last_scores_after_observation_20260827_074522.csv
NVDA,42,Shared-target JEPA--MAE,random,13,5,129,2025-07-11T00:00:00,0.0138458162546157,0.0350195169448852,results/normalization_pilot_train_zscore/random/NVDA/seed_42/last_scores_after_observation_20260827_074522.csv
NVDA,42,Shared-target JEPA--MAE,random,14,1,130,2025-07-14T00:00:00,0.025578549131751,-0.0051539540290832,results/normalization_pilot_train_zscore/random/NVDA/seed_42/last_scores_after_observation_20260827_074522.csv
NVDA,42,Shared-target JEPA--MAE,random,14,2,131,2025-07-15T00:00:00,0.0419186726212501,0.0350472927093505,results/normalization_pilot_train_zscore/random/NVDA/seed_42/last_scores_after_observation_20260827_074522.csv
NVDA,42,Shared-target JEPA--MAE,random,14,3,132,2025-07-16T00:00:00,0.0513892732560634,0.0391098260879516,results/normalization_pilot_train_zscore/random/NVDA/seed_42/last_scores_after_observation_20260827_074522.csv
NVDA,42,Shared-target JEPA--MAE,random,14,4,133,2025-07-17T00:00:00,0.0418134629726409,0.0489934682846069,results/normalization_pilot_train_zscore/random/NVDA/seed_42/last_scores_after_observation_20260827_074522.csv
NVDA,42,Shared-target JEPA--MAE,random,14,5,134,2025-07-18T00:00:00,0.0196410231292247,0.0454159975051879,results/normalization_pilot_train_zscore/random/NVDA/seed_42/last_scores_after_observation_20260827_074522.csv
NVDA,42,Shared-target JEPA--MAE,random,15,1,135,2025-07-21T00:00:00,0.0447468012571334,-0.0059741139411926,results/normalization_pilot_train_zscore/random/NVDA/seed_42/last_scores_after_observation_20260827_074522.csv
NVDA,42,Shared-target JEPA--MAE,random,15,2,136,2025-07-22T00:00:00,0.0413406714797019,-0.0312047004699707,results/normalization_pilot_train_zscore/random/NVDA/seed_42/last_scores_after_observation_20260827_074522.csv
NVDA,42,Shared-target JEPA--MAE,random,15,3,137,2025-07-23T00:00:00,0.04762914031744,-0.0094542503356933,results/normalization_pilot_train_zscore/random/NVDA/seed_42/last_scores_after_observation_20260827_074522.csv
NVDA,42,Shared-target JEPA--MAE,random,15,4,138,2025-07-24T00:00:00,0.0499199330806732,0.0077141523361206,results/normalization_pilot_train_zscore/random/NVDA/seed_42/last_scores_after_observation_20260827_074522.csv
NVDA,42,Shared-target JEPA--MAE,random,15,5,139,2025-07-25T00:00:00,0.0108776316046714,0.0063221454620361,results/normalization_pilot_train_zscore/random/NVDA/seed_42/last_scores_after_observation_20260827_074522.csv
NVDA,42,Shared-target JEPA--MAE,random,16,1,140,2025-07-28T00:00:00,0.0382111445069313,0.018731951713562,results/normalization_pilot_train_zscore/random/NVDA/seed_42/last_scores_after_observation_20260827_074522.csv
NVDA,42,Shared-target JEPA--MAE,random,16,2,141,2025-07-29T00:00:00,0.0527394115924835,0.011584997177124,results/normalization_pilot_train_zscore/random/NVDA/seed_42/last_scores_after_observation_20260827_074522.csv
NVDA,42,Shared-target JEPA--MAE,random,16,3,142,2025-07-30T00:00:00,0.0435332506895065,0.0332565307617187,results/normalization_pilot_train_zscore/random/NVDA/seed_42/last_scores_after_observation_20260827_074522.csv
NVDA,42,Shared-target JEPA--MAE,random,16,4,143,2025-07-31T00:00:00,0.0176121443510055,0.0251872539520263,results/normalization_pilot_train_zscore/random/NVDA/seed_42/last_scores_after_observation_20260827_074522.csv
NVDA,42,Shared-target JEPA--MAE,random,16,5,144,2025-08-01T00:00:00,-0.0095240622758865,0.0012680292129516,results/normalization_pilot_train_zscore/random/NVDA/seed_42/last_scores_after_observation_20260827_074522.csv
NVDA,42,Shared-target JEPA--MAE,random,17,1,145,2025-08-04T00:00:00,0.0504109747707843,0.0361500978469848,results/normalization_pilot_train_zscore/random/NVDA/seed_42/last_scores_after_observation_20260827_074522.csv
NVDA,42,Shared-target JEPA--MAE,random,17,2,146,2025-08-05T00:00:00,0.0537701398134231,0.0261340141296386,results/normalization_pilot_train_zscore/random/NVDA/seed_42/last_scores_after_observation_20260827_074522.csv
NVDA,42,Shared-target JEPA--MAE,random,17,3,147,2025-08-06T00:00:00,0.0634631142020225,0.0328114032745361,results/normalization_pilot_train_zscore/random/NVDA/seed_42/last_scores_after_observation_20260827_074522.csv
NVDA,42,Shared-target JEPA--MAE,random,17,4,148,2025-08-07T00:00:00,0.0185233056545257,0.040582537651062,results/normalization_pilot_train_zscore/random/NVDA/seed_42/last_scores_after_observation_20260827_074522.csv
NVDA,42,Shared-target JEPA--MAE,random,17,5,149,2025-08-08T00:00:00,0.0150249488651752,0.0516923666000366,results/normalization_pilot_train_zscore/random/NVDA/seed_42/last_scores_after_observation_20260827_074522.csv
NVDA,42,Shared-target JEPA--MAE,random,18,1,150,2025-08-11T00:00:00,0.0558159798383712,-0.0035030245780944,results/normalization_pilot_train_zscore/random/NVDA/seed_42/last_scores_after_observation_20260827_074522.csv
NVDA,42,Shared-target JEPA--MAE,random,18,2,151,2025-08-12T00:00:00,0.0563783124089241,0.002517819404602,results/normalization_pilot_train_zscore/random/NVDA/seed_42/last_scores_after_observation_20260827_074522.csv
NVDA,42,Shared-target JEPA--MAE,random,18,3,152,2025-08-13T00:00:00,0.0487969666719436,-0.0060755610466003,results/normalization_pilot_train_zscore/random/NVDA/seed_42/last_scores_after_observation_20260827_074522.csv
NVDA,42,Shared-target JEPA--MAE,random,18,4,153,2025-08-14T00:00:00,0.0201495438814163,-0.0037218928337097,results/normalization_pilot_train_zscore/random/NVDA/seed_42/last_scores_after_observation_20260827_074522.csv
NVDA,42,Shared-target JEPA--MAE,random,18,5,154,2025-08-15T00:00:00,-0.0003132671117782,-0.0123152732849121,results/normalization_pilot_train_zscore/random/NVDA/seed_42/last_scores_after_observation_20260827_074522.csv
NVDA,42,Shared-target JEPA--MAE,random,19,1,155,2025-08-18T00:00:00,0.061469443142414,0.0086450576782226,results/normalization_pilot_train_zscore/random/NVDA/seed_42/last_scores_after_observation_20260827_074522.csv
NVDA,42,Shared-target JEPA--MAE,random,19,2,156,2025-08-19T00:00:00,0.0593340098857879,-0.0266555547714233,results/normalization_pilot_train_zscore/random/NVDA/seed_42/last_scores_after_observation_20260827_074522.csv
NVDA,42,Shared-target JEPA--MAE,random,19,3,157,2025-08-20T00:00:00,0.0555255189538002,-0.0279856324195861,results/normalization_pilot_train_zscore/random/NVDA/seed_42/last_scores_after_observation_20260827_074522.csv
NVDA,42,Shared-target JEPA--MAE,random,19,4,158,2025-08-21T00:00:00,0.0185991153120994,-0.0303131341934204,results/normalization_pilot_train_zscore/random/NVDA/seed_42/last_scores_after_observation_20260827_074522.csv
NVDA,42,Shared-target JEPA--MAE,random,19,5,159,2025-08-22T00:00:00,0.0148978605866432,-0.0136325359344482,results/normalization_pilot_train_zscore/random/NVDA/seed_42/last_scores_after_observation_20260827_074522.csv
NVDA,42,Shared-target JEPA--MAE,random,20,1,160,2025-08-25T00:00:00,0.0441340878605842,0.0102252960205078,results/normalization_pilot_train_zscore/random/NVDA/seed_42/last_scores_after_observation_20260827_074522.csv
NVDA,42,Shared-target JEPA--MAE,random,20,2,161,2025-08-26T00:00:00,0.0725197941064834,0.0212371349334716,results/normalization_pilot_train_zscore/random/NVDA/seed_42/last_scores_after_observation_20260827_074522.csv
NVDA,42,Shared-target JEPA--MAE,random,20,3,162,2025-08-27T00:00:00,0.0523458868265152,0.0202820301055908,results/normalization_pilot_train_zscore/random/NVDA/seed_42/last_scores_after_observation_20260827_074522.csv
NVDA,42,Shared-target JEPA--MAE,random,20,4,163,2025-08-28T00:00:00,-0.0099187195301055,0.0122478008270263,results/normalization_pilot_train_zscore/random/NVDA/seed_42/last_scores_after_observation_20260827_074522.csv
NVDA,42,Shared-target JEPA--MAE,random,20,5,164,2025-08-29T00:00:00,-0.0108686834573745,-0.0214057564735412,results/normalization_pilot_train_zscore/random/NVDA/seed_42/last_scores_after_observation_20260827_074522.csv
NVDA,42,Shared-target JEPA--MAE,random,21,1,165,2025-09-02T00:00:00,0.0441637374460697,-0.0195199847221374,results/normalization_pilot_train_zscore/random/NVDA/seed_42/last_scores_after_observation_20260827_074522.csv
NVDA,42,Shared-target JEPA--MAE,random,21,2,166,2025-09-03T00:00:00,0.0603815019130706,-0.0204386115074157,results/normalization_pilot_train_zscore/random/NVDA/seed_42/last_scores_after_observation_20260827_074522.csv
NVDA,42,Shared-target JEPA--MAE,random,21,3,167,2025-09-04T00:00:00,0.0785795450210571,-0.014467716217041,results/normalization_pilot_train_zscore/random/NVDA/seed_42/last_scores_after_observation_20260827_074522.csv
NVDA,42,Shared-target JEPA--MAE,random,21,4,168,2025-09-05T00:00:00,-0.000403169542551,-0.0411068201065063,results/normalization_pilot_train_zscore/random/NVDA/seed_42/last_scores_after_observation_20260827_074522.csv
NVDA,42,Shared-target JEPA--MAE,random,21,5,169,2025-09-08T00:00:00,0.0285620540380477,-0.0337007641792297,results/normalization_pilot_train_zscore/random/NVDA/seed_42/last_scores_after_observation_20260827_074522.csv
NVDA,42,Shared-target JEPA--MAE,random,22,1,170,2025-09-09T00:00:00,0.0364449992775917,0.0145564079284667,results/normalization_pilot_train_zscore/random/NVDA/seed_42/last_scores_after_observation_20260827_074522.csv
NVDA,42,Shared-target JEPA--MAE,random,22,2,171,2025-09-10T00:00:00,0.0771614909172058,0.0535916090011596,results/normalization_pilot_train_zscore/random/NVDA/seed_42/last_scores_after_observation_20260827_074522.csv
NVDA,42,Shared-target JEPA--MAE,random,22,3,172,2025-09-11T00:00:00,0.0788773149251937,0.0526409149169921,results/normalization_pilot_train_zscore/random/NVDA/seed_42/last_scores_after_observation_20260827_074522.csv
NVDA,42,Shared-target JEPA--MAE,random,22,4,173,2025-09-12T00:00:00,-0.0159358009696006,0.0565029382705688,results/normalization_pilot_train_zscore/random/NVDA/seed_42/last_scores_after_observation_20260827_074522.csv
NVDA,42,Shared-target JEPA--MAE,random,22,5,174,2025-09-15T00:00:00,0.0095757991075515,0.0560870170593261,results/normalization_pilot_train_zscore/random/NVDA/seed_42/last_scores_after_observation_20260827_074522.csv
NVDA,42,Shared-target JEPA--MAE,random,23,1,175,2025-09-16T00:00:00,0.0430105067789554,-0.0161462426185607,results/normalization_pilot_train_zscore/random/NVDA/seed_42/last_scores_after_observation_20260827_074522.csv
NVDA,42,Shared-target JEPA--MAE,random,23,2,176,2025-09-17T00:00:00,0.0694501399993896,-0.0419691205024719,results/normalization_pilot_train_zscore/random/NVDA/seed_42/last_scores_after_observation_20260827_074522.csv
NVDA,42,Shared-target JEPA--MAE,random,23,3,177,2025-09-18T00:00:00,0.0840595662593841,-0.0084950327873229,results/normalization_pilot_train_zscore/random/NVDA/seed_42/last_scores_after_observation_20260827_074522.csv
NVDA,42,Shared-target JEPA--MAE,random,23,4,178,2025-09-19T00:00:00,0.0258317366242408,-0.0060759782791137,results/normalization_pilot_train_zscore/random/NVDA/seed_42/last_scores_after_observation_20260827_074522.csv
NVDA,42,Shared-target JEPA--MAE,random,23,5,179,2025-09-22T00:00:00,0.0304833725094795,0.0329676866531372,results/normalization_pilot_train_zscore/random/NVDA/seed_42/last_scores_after_observation_20260827_074522.csv
NVDA,42,Shared-target JEPA--MAE,random,24,1,180,2025-09-23T00:00:00,0.0034453012049198,-0.0282120108604431,results/normalization_pilot_train_zscore/random/NVDA/seed_42/last_scores_after_observation_20260827_074522.csv
NVDA,42,Shared-target JEPA--MAE,random,24,2,181,2025-09-24T00:00:00,0.0925501883029937,-0.0361636281013488,results/normalization_pilot_train_zscore/random/NVDA/seed_42/last_scores_after_observation_20260827_074522.csv
NVDA,42,Shared-target JEPA--MAE,random,24,3,182,2025-09-25T00:00:00,0.0915253534913063,-0.0322422385215759,results/normalization_pilot_train_zscore/random/NVDA/seed_42/last_scores_after_observation_20260827_074522.csv
NVDA,42,Shared-target JEPA--MAE,random,24,4,183,2025-09-26T00:00:00,0.0069657787680625,-0.0295190811157226,results/normalization_pilot_train_zscore/random/NVDA/seed_42/last_scores_after_observation_20260827_074522.csv
NVDA,42,Shared-target JEPA--MAE,random,24,5,184,2025-09-29T00:00:00,0.0155378580093383,-0.0095854997634887,results/normalization_pilot_train_zscore/random/NVDA/seed_42/last_scores_after_observation_20260827_074522.csv
NVDA,42,Shared-target JEPA--MAE,random,25,1,185,2025-09-30T00:00:00,0.0389587730169296,0.0260103940963745,results/normalization_pilot_train_zscore/random/NVDA/seed_42/last_scores_after_observation_20260827_074522.csv
NVDA,42,Shared-target JEPA--MAE,random,25,2,186,2025-10-01T00:00:00,0.0839573666453361,0.0296398401260375,results/normalization_pilot_train_zscore/random/NVDA/seed_42/last_scores_after_observation_20260827_074522.csv
NVDA,42,Shared-target JEPA--MAE,random,25,3,187,2025-10-02T00:00:00,0.0789259150624275,0.0387132167816162,results/normalization_pilot_train_zscore/random/NVDA/seed_42/last_scores_after_observation_20260827_074522.csv
NVDA,42,Shared-target JEPA--MAE,random,25,4,188,2025-10-03T00:00:00,0.0118909403681755,0.0317293405532836,results/normalization_pilot_train_zscore/random/NVDA/seed_42/last_scores_after_observation_20260827_074522.csv
NVDA,42,Shared-target JEPA--MAE,random,25,5,189,2025-10-06T00:00:00,0.0329886749386787,0.0202913284301757,results/normalization_pilot_train_zscore/random/NVDA/seed_42/last_scores_after_observation_20260827_074522.csv
NVDA,42,Shared-target JEPA--MAE,random,26,1,190,2025-10-07T00:00:00,0.0570284202694892,-0.0026948451995849,results/normalization_pilot_train_zscore/random/NVDA/seed_42/last_scores_after_observation_20260827_074522.csv
NVDA,42,Shared-target JEPA--MAE,random,26,2,191,2025-10-08T00:00:00,0.0819734185934066,0.0192412137985229,results/normalization_pilot_train_zscore/random/NVDA/seed_42/last_scores_after_observation_20260827_074522.csv
NVDA,42,Shared-target JEPA--MAE,random,26,3,192,2025-10-09T00:00:00,0.0858726426959037,0.0378894805908203,results/normalization_pilot_train_zscore/random/NVDA/seed_42/last_scores_after_observation_20260827_074522.csv
NVDA,42,Shared-target JEPA--MAE,random,26,4,193,2025-10-10T00:00:00,0.0289117917418479,-0.0128273963928222,results/normalization_pilot_train_zscore/random/NVDA/seed_42/last_scores_after_observation_20260827_074522.csv
NVDA,42,Shared-target JEPA--MAE,random,26,5,194,2025-10-13T00:00:00,0.0374130681157112,0.0149834156036376,results/normalization_pilot_train_zscore/random/NVDA/seed_42/last_scores_after_observation_20260827_074522.csv
NVDA,42,Shared-target JEPA--MAE,random,27,1,195,2025-10-14T00:00:00,0.0402553416788578,-0.0440208315849304,results/normalization_pilot_train_zscore/random/NVDA/seed_42/last_scores_after_observation_20260827_074522.csv
NVDA,42,Shared-target JEPA--MAE,random,27,2,196,2025-10-15T00:00:00,0.085383728146553,-0.0450828671455383,results/normalization_pilot_train_zscore/random/NVDA/seed_42/last_scores_after_observation_20260827_074522.csv
NVDA,42,Shared-target JEPA--MAE,random,27,3,197,2025-10-16T00:00:00,0.0766545087099075,-0.0345688462257385,results/normalization_pilot_train_zscore/random/NVDA/seed_42/last_scores_after_observation_20260827_074522.csv
NVDA,42,Shared-target JEPA--MAE,random,27,4,198,2025-10-17T00:00:00,0.0274069234728813,-0.0270816087722778,results/normalization_pilot_train_zscore/random/NVDA/seed_42/last_scores_after_observation_20260827_074522.csv
NVDA,42,Shared-target JEPA--MAE,random,27,5,199,2025-10-20T00:00:00,0.0220276266336441,-0.030161440372467,results/normalization_pilot_train_zscore/random/NVDA/seed_42/last_scores_after_observation_20260827_074522.csv
NVDA,42,Shared-target JEPA--MAE,random,28,1,200,2025-10-21T00:00:00,0.0451281741261482,-0.0081033706665039,results/normalization_pilot_train_zscore/random/NVDA/seed_42/last_scores_after_observation_20260827_074522.csv
NVDA,42,Shared-target JEPA--MAE,random,28,2,201,2025-10-22T00:00:00,0.0718373730778694,-0.0129215717315673,results/normalization_pilot_train_zscore/random/NVDA/seed_42/last_scores_after_observation_20260827_074522.csv
NVDA,42,Shared-target JEPA--MAE,random,28,3,202,2025-10-23T00:00:00,0.0711085051298141,-0.0026280879974365,results/normalization_pilot_train_zscore/random/NVDA/seed_42/last_scores_after_observation_20260827_074522.csv
NVDA,42,Shared-target JEPA--MAE,random,28,4,203,2025-10-24T00:00:00,-0.0115408301353454,0.0198203325271606,results/normalization_pilot_train_zscore/random/NVDA/seed_42/last_scores_after_observation_20260827_074522.csv
NVDA,42,Shared-target JEPA--MAE,random,28,5,204,2025-10-27T00:00:00,0.0016368851065635,0.0484559535980224,results/normalization_pilot_train_zscore/random/NVDA/seed_42/last_scores_after_observation_20260827_074522.csv
NVDA,42,Shared-target JEPA--MAE,random,29,1,205,2025-10-28T00:00:00,0.0356740243732929,0.0498198270797729,results/normalization_pilot_train_zscore/random/NVDA/seed_42/last_scores_after_observation_20260827_074522.csv
NVDA,42,Shared-target JEPA--MAE,random,29,2,206,2025-10-29T00:00:00,0.0785430371761322,0.0812052488327026,results/normalization_pilot_train_zscore/random/NVDA/seed_42/last_scores_after_observation_20260827_074522.csv
NVDA,42,Shared-target JEPA--MAE,random,29,3,207,2025-10-30T00:00:00,0.077745571732521,0.0595331192016601,results/normalization_pilot_train_zscore/random/NVDA/seed_42/last_scores_after_observation_20260827_074522.csv
NVDA,42,Shared-target JEPA--MAE,random,29,4,208,2025-10-31T00:00:00,0.0040131360292434,0.0574442148208618,results/normalization_pilot_train_zscore/random/NVDA/seed_42/last_scores_after_observation_20260827_074522.csv
NVDA,42,Shared-target JEPA--MAE,random,29,5,209,2025-11-03T00:00:00,0.0101607963442802,0.0803697109222412,results/normalization_pilot_train_zscore/random/NVDA/seed_42/last_scores_after_observation_20260827_074522.csv
NVDA,42,Shared-target JEPA--MAE,random,30,1,210,2025-11-04T00:00:00,0.083527460694313,-0.0395881533622741,results/normalization_pilot_train_zscore/random/NVDA/seed_42/last_scores_after_observation_20260827_074522.csv
NVDA,42,Shared-target JEPA--MAE,random,30,2,211,2025-11-05T00:00:00,0.0762015581130981,-0.056409478187561,results/normalization_pilot_train_zscore/random/NVDA/seed_42/last_scores_after_observation_20260827_074522.csv
NVDA,42,Shared-target JEPA--MAE,random,30,3,212,2025-11-06T00:00:00,0.0702525898814201,-0.0908739566802978,results/normalization_pilot_train_zscore/random/NVDA/seed_42/last_scores_after_observation_20260827_074522.csv
NVDA,42,Shared-target JEPA--MAE,random,30,4,213,2025-11-07T00:00:00,0.0514753684401512,-0.0905356407165527,results/normalization_pilot_train_zscore/random/NVDA/seed_42/last_scores_after_observation_20260827_074522.csv
NVDA,42,Shared-target JEPA--MAE,random,30,5,214,2025-11-10T00:00:00,0.0280564352869987,-0.0378480553627014,results/normalization_pilot_train_zscore/random/NVDA/seed_42/last_scores_after_observation_20260827_074522.csv
NVDA,42,Shared-target JEPA--MAE,random,31,1,215,2025-11-11T00:00:00,0.0494598783552646,-0.0295905470848083,results/normalization_pilot_train_zscore/random/NVDA/seed_42/last_scores_after_observation_20260827_074522.csv
NVDA,42,Shared-target JEPA--MAE,random,31,2,216,2025-11-12T00:00:00,0.0832456648349762,-0.0263752937316894,results/normalization_pilot_train_zscore/random/NVDA/seed_42/last_scores_after_observation_20260827_074522.csv
NVDA,42,Shared-target JEPA--MAE,random,31,3,217,2025-11-13T00:00:00,0.0483950525522232,-0.0612409114837646,results/normalization_pilot_train_zscore/random/NVDA/seed_42/last_scores_after_observation_20260827_074522.csv
NVDA,42,Shared-target JEPA--MAE,random,31,4,218,2025-11-14T00:00:00,-0.0191625356674194,-0.0446119308471679,results/normalization_pilot_train_zscore/random/NVDA/seed_42/last_scores_after_observation_20260827_074522.csv
NVDA,42,Shared-target JEPA--MAE,random,31,5,219,2025-11-17T00:00:00,-0.0178555883467197,-0.0625470876693725,results/normalization_pilot_train_zscore/random/NVDA/seed_42/last_scores_after_observation_20260827_074522.csv
NVDA,42,Shared-target JEPA--MAE,random,32,1,220,2025-11-18T00:00:00,0.0620291903614997,-0.028081476688385,results/normalization_pilot_train_zscore/random/NVDA/seed_42/last_scores_after_observation_20260827_074522.csv
NVDA,42,Shared-target JEPA--MAE,random,32,2,221,2025-11-19T00:00:00,0.0635608434677124,-0.0004287362098693,results/normalization_pilot_train_zscore/random/NVDA/seed_42/last_scores_after_observation_20260827_074522.csv
NVDA,42,Shared-target JEPA--MAE,random,32,3,222,2025-11-20T00:00:00,0.0631447210907936,-0.0319400429725647,results/normalization_pilot_train_zscore/random/NVDA/seed_42/last_scores_after_observation_20260827_074522.csv
NVDA,42,Shared-target JEPA--MAE,random,32,4,223,2025-11-21T00:00:00,-0.0293940305709838,-0.0413719415664672,results/normalization_pilot_train_zscore/random/NVDA/seed_42/last_scores_after_observation_20260827_074522.csv
NVDA,42,Shared-target JEPA--MAE,random,32,5,224,2025-11-24T00:00:00,0.0100947506725788,-0.0217041969299316,results/normalization_pilot_train_zscore/random/NVDA/seed_42/last_scores_after_observation_20260827_074522.csv
NVDA,42,Shared-target JEPA--MAE,random,33,1,225,2025-11-25T00:00:00,0.0358752347528934,-0.0259106755256652,results/normalization_pilot_train_zscore/random/NVDA/seed_42/last_scores_after_observation_20260827_074522.csv
NVDA,42,Shared-target JEPA--MAE,random,33,2,226,2025-11-26T00:00:00,0.0770669057965278,-0.012544572353363,results/normalization_pilot_train_zscore/random/NVDA/seed_42/last_scores_after_observation_20260827_074522.csv
NVDA,42,Shared-target JEPA--MAE,random,33,3,227,2025-11-28T00:00:00,0.0707099884748458,-0.030402660369873,results/normalization_pilot_train_zscore/random/NVDA/seed_42/last_scores_after_observation_20260827_074522.csv
NVDA,42,Shared-target JEPA--MAE,random,33,4,228,2025-12-01T00:00:00,-0.0236212313175201,-0.0144070386886596,results/normalization_pilot_train_zscore/random/NVDA/seed_42/last_scores_after_observation_20260827_074522.csv
NVDA,42,Shared-target JEPA--MAE,random,33,5,229,2025-12-02T00:00:00,0.0057064853608608,-0.0059709548950195,results/normalization_pilot_train_zscore/random/NVDA/seed_42/last_scores_after_observation_20260827_074522.csv
NVDA,42,Shared-target JEPA--MAE,random,34,1,230,2025-12-03T00:00:00,0.0471675731241703,-0.0103053450584411,results/normalization_pilot_train_zscore/random/NVDA/seed_42/last_scores_after_observation_20260827_074522.csv
NVDA,42,Shared-target JEPA--MAE,random,34,2,231,2025-12-04T00:00:00,0.0782288536429405,0.0105807781219482,results/normalization_pilot_train_zscore/random/NVDA/seed_42/last_scores_after_observation_20260827_074522.csv
NVDA,42,Shared-target JEPA--MAE,random,34,3,232,2025-12-05T00:00:00,0.0902844443917274,0.0052353143692016,results/normalization_pilot_train_zscore/random/NVDA/seed_42/last_scores_after_observation_20260827_074522.csv
NVDA,42,Shared-target JEPA--MAE,random,34,4,233,2025-12-08T00:00:00,-0.0148420184850692,0.0225393772125244,results/normalization_pilot_train_zscore/random/NVDA/seed_42/last_scores_after_observation_20260827_074522.csv
NVDA,42,Shared-target JEPA--MAE,random,34,5,234,2025-12-09T00:00:00,0.0278377123177051,0.0193430185317993,results/normalization_pilot_train_zscore/random/NVDA/seed_42/last_scores_after_observation_20260827_074522.csv
NVDA,42,Shared-target JEPA--MAE,random,35,1,235,2025-12-10T00:00:00,0.0297629944980144,-0.0064334869384765,results/normalization_pilot_train_zscore/random/NVDA/seed_42/last_scores_after_observation_20260827_074522.csv
NVDA,42,Shared-target JEPA--MAE,random,35,2,236,2025-12-11T00:00:00,0.0805751532316207,-0.0218414068222045,results/normalization_pilot_train_zscore/random/NVDA/seed_42/last_scores_after_observation_20260827_074522.csv
NVDA,42,Shared-target JEPA--MAE,random,35,3,237,2025-12-12T00:00:00,0.0867782533168792,-0.0537924766540527,results/normalization_pilot_train_zscore/random/NVDA/seed_42/last_scores_after_observation_20260827_074522.csv
NVDA,42,Shared-target JEPA--MAE,random,35,4,238,2025-12-15T00:00:00,0.006098061800003,-0.0469265580177307,results/normalization_pilot_train_zscore/random/NVDA/seed_42/last_scores_after_observation_20260827_074522.csv
NVDA,42,Shared-target JEPA--MAE,random,35,5,239,2025-12-16T00:00:00,0.0386587902903556,-0.0391955375671386,results/normalization_pilot_train_zscore/random/NVDA/seed_42/last_scores_after_observation_20260827_074522.csv
NVDA,42,Shared-target JEPA--MAE,random,36,1,240,2025-12-17T00:00:00,0.0344460718333721,-0.0381498932838439,results/normalization_pilot_train_zscore/random/NVDA/seed_42/last_scores_after_observation_20260827_074522.csv
NVDA,42,Shared-target JEPA--MAE,random,36,2,241,2025-12-18T00:00:00,0.0931424498558044,-0.0201440453529357,results/normalization_pilot_train_zscore/random/NVDA/seed_42/last_scores_after_observation_20260827_074522.csv
NVDA,42,Shared-target JEPA--MAE,random,36,3,242,2025-12-19T00:00:00,0.0672154948115348,0.0183997154235839,results/normalization_pilot_train_zscore/random/NVDA/seed_42/last_scores_after_observation_20260827_074522.csv
NVDA,42,Shared-target JEPA--MAE,random,36,4,243,2025-12-22T00:00:00,-0.0173630192875862,0.0335922241210937,results/normalization_pilot_train_zscore/random/NVDA/seed_42/last_scores_after_observation_20260827_074522.csv
NVDA,42,Shared-target JEPA--MAE,random,36,5,244,2025-12-23T00:00:00,0.0200896933674812,0.0646523237228393,results/normalization_pilot_train_zscore/random/NVDA/seed_42/last_scores_after_observation_20260827_074522.csv
NVDA,42,Shared-target JEPA--MAE,random,37,1,245,2025-12-24T00:00:00,0.0204904153943061,-0.0031710863113403,results/normalization_pilot_train_zscore/random/NVDA/seed_42/last_scores_after_observation_20260827_074522.csv
NVDA,42,Shared-target JEPA--MAE,random,37,2,246,2025-12-26T00:00:00,0.0858038142323494,0.0069763660430908,results/normalization_pilot_train_zscore/random/NVDA/seed_42/last_scores_after_observation_20260827_074522.csv
NVDA,42,Shared-target JEPA--MAE,random,37,3,247,2025-12-29T00:00:00,0.0919274166226387,-0.0052323341369628,results/normalization_pilot_train_zscore/random/NVDA/seed_42/last_scores_after_observation_20260827_074522.csv
NVDA,42,Shared-target JEPA--MAE,random,37,4,248,2025-12-30T00:00:00,0.0274930074810981,-0.0088262557983398,results/normalization_pilot_train_zscore/random/NVDA/seed_42/last_scores_after_observation_20260827_074522.csv
NVDA,42,Shared-target JEPA--MAE,random,37,5,249,2025-12-31T00:00:00,0.0403081141412258,-0.0143227577209472,results/normalization_pilot_train_zscore/random/NVDA/seed_42/last_scores_after_observation_20260827_074522.csv
NVDA,42,GRU,random,0,1,60,2025-04-01T00:00:00,-0.0231496468186378,0.0163314342498779,results/normalization_pilot_train_zscore/random/NVDA/seed_42/last_gru_scores_after_observation_20260827_074522.csv
NVDA,42,GRU,random,0,2,61,2025-04-02T00:00:00,-0.0004668682813644,0.0188226699829101,results/normalization_pilot_train_zscore/random/NVDA/seed_42/last_gru_scores_after_observation_20260827_074522.csv
NVDA,42,GRU,random,0,3,62,2025-04-03T00:00:00,-0.0049967467784881,-0.0607122778892517,results/normalization_pilot_train_zscore/random/NVDA/seed_42/last_gru_scores_after_observation_20260827_074522.csv
NVDA,42,GRU,random,0,4,63,2025-04-04T00:00:00,-0.0142383649945259,-0.1298210024833679,results/normalization_pilot_train_zscore/random/NVDA/seed_42/last_gru_scores_after_observation_20260827_074522.csv
NVDA,42,GRU,random,0,5,64,2025-04-07T00:00:00,-0.0166837908327579,-0.0990957617759704,results/normalization_pilot_train_zscore/random/NVDA/seed_42/last_gru_scores_after_observation_20260827_074522.csv
NVDA,42,GRU,random,1,1,65,2025-04-08T00:00:00,-0.0132328197360038,-0.0137238502502441,results/normalization_pilot_train_zscore/random/NVDA/seed_42/last_gru_scores_after_observation_20260827_074522.csv
NVDA,42,GRU,random,1,2,66,2025-04-09T00:00:00,0.0270509272813797,0.1709340810775756,results/normalization_pilot_train_zscore/random/NVDA/seed_42/last_gru_scores_after_observation_20260827_074522.csv
NVDA,42,GRU,random,1,3,67,2025-04-10T00:00:00,0.0085636004805564,0.1017000675201416,results/normalization_pilot_train_zscore/random/NVDA/seed_42/last_gru_scores_after_observation_20260827_074522.csv
NVDA,42,GRU,random,1,4,68,2025-04-11T00:00:00,0.007175289094448,0.1361122131347656,results/normalization_pilot_train_zscore/random/NVDA/seed_42/last_gru_scores_after_observation_20260827_074522.csv
NVDA,42,GRU,random,1,5,69,2025-04-14T00:00:00,0.005767598748207,0.1338590383529663,results/normalization_pilot_train_zscore/random/NVDA/seed_42/last_gru_scores_after_observation_20260827_074522.csv
NVDA,42,GRU,random,2,1,70,2025-04-15T00:00:00,0.0234981663525104,0.0134586095809936,results/normalization_pilot_train_zscore/random/NVDA/seed_42/last_gru_scores_after_observation_20260827_074522.csv
NVDA,42,GRU,random,2,2,71,2025-04-16T00:00:00,0.0187116339802742,-0.0561828017234802,results/normalization_pilot_train_zscore/random/NVDA/seed_42/last_gru_scores_after_observation_20260827_074522.csv
NVDA,42,GRU,random,2,3,72,2025-04-17T00:00:00,0.0203400626778602,-0.0832806825637817,results/normalization_pilot_train_zscore/random/NVDA/seed_42/last_gru_scores_after_observation_20260827_074522.csv
NVDA,42,GRU,random,2,4,73,2025-04-21T00:00:00,0.0225706920027732,-0.1246499419212341,results/normalization_pilot_train_zscore/random/NVDA/seed_42/last_gru_scores_after_observation_20260827_074522.csv
NVDA,42,GRU,random,2,5,74,2025-04-22T00:00:00,0.0116196498274803,-0.1067654490470886,results/normalization_pilot_train_zscore/random/NVDA/seed_42/last_gru_scores_after_observation_20260827_074522.csv
NVDA,42,GRU,random,3,1,75,2025-04-23T00:00:00,-0.0085087940096855,0.0386288166046142,results/normalization_pilot_train_zscore/random/NVDA/seed_42/last_gru_scores_after_observation_20260827_074522.csv
NVDA,42,GRU,random,3,2,76,2025-04-24T00:00:00,-0.0006624870002269,0.0762463808059692,results/normalization_pilot_train_zscore/random/NVDA/seed_42/last_gru_scores_after_observation_20260827_074522.csv
NVDA,42,GRU,random,3,3,77,2025-04-25T00:00:00,-0.0011430755257606,0.1225605010986328,results/normalization_pilot_train_zscore/random/NVDA/seed_42/last_gru_scores_after_observation_20260827_074522.csv
NVDA,42,GRU,random,3,4,78,2025-04-28T00:00:00,-0.0053562894463539,0.0995045900344848,results/normalization_pilot_train_zscore/random/NVDA/seed_42/last_gru_scores_after_observation_20260827_074522.csv
NVDA,42,GRU,random,3,5,79,2025-04-29T00:00:00,0.0063843820244073,0.1024370193481445,results/normalization_pilot_train_zscore/random/NVDA/seed_42/last_gru_scores_after_observation_20260827_074522.csv
NVDA,42,GRU,random,4,1,80,2025-04-30T00:00:00,-0.014223463833332,-0.0009172558784484,results/normalization_pilot_train_zscore/random/NVDA/seed_42/last_gru_scores_after_observation_20260827_074522.csv
NVDA,42,GRU,random,4,2,81,2025-05-01T00:00:00,0.0037757903337478,0.0237571001052856,results/normalization_pilot_train_zscore/random/NVDA/seed_42/last_gru_scores_after_observation_20260827_074522.csv
NVDA,42,GRU,random,4,3,82,2025-05-02T00:00:00,0.0011796653270721,0.0502660274505615,results/normalization_pilot_train_zscore/random/NVDA/seed_42/last_gru_scores_after_observation_20260827_074522.csv
NVDA,42,GRU,random,4,4,83,2025-05-05T00:00:00,0.0022297352552413,0.0440286397933959,results/normalization_pilot_train_zscore/random/NVDA/seed_42/last_gru_scores_after_observation_20260827_074522.csv
NVDA,42,GRU,random,4,5,84,2025-05-06T00:00:00,0.0216263830661773,0.0414602756500244,results/normalization_pilot_train_zscore/random/NVDA/seed_42/last_gru_scores_after_observation_20260827_074522.csv
NVDA,42,GRU,random,5,1,85,2025-05-07T00:00:00,-0.0095354206860065,0.0310022830963134,results/normalization_pilot_train_zscore/random/NVDA/seed_42/last_gru_scores_after_observation_20260827_074522.csv
NVDA,42,GRU,random,5,2,86,2025-05-08T00:00:00,-0.0018617734313011,0.0337326526641845,results/normalization_pilot_train_zscore/random/NVDA/seed_42/last_gru_scores_after_observation_20260827_074522.csv
NVDA,42,GRU,random,5,3,87,2025-05-09T00:00:00,0.004441499710083,0.0273911952972412,results/normalization_pilot_train_zscore/random/NVDA/seed_42/last_gru_scores_after_observation_20260827_074522.csv
NVDA,42,GRU,random,5,4,88,2025-05-12T00:00:00,0.0044205337762832,0.0833185911178588,results/normalization_pilot_train_zscore/random/NVDA/seed_42/last_gru_scores_after_observation_20260827_074522.csv
NVDA,42,GRU,random,5,5,89,2025-05-13T00:00:00,0.0102945137768983,0.1443543434143066,results/normalization_pilot_train_zscore/random/NVDA/seed_42/last_gru_scores_after_observation_20260827_074522.csv
NVDA,42,GRU,random,6,1,90,2025-05-14T00:00:00,-0.0198947712779045,0.0416377782821655,results/normalization_pilot_train_zscore/random/NVDA/seed_42/last_gru_scores_after_observation_20260827_074522.csv
NVDA,42,GRU,random,6,2,91,2025-05-15T00:00:00,0.0176862776279449,0.0377126932144165,results/normalization_pilot_train_zscore/random/NVDA/seed_42/last_gru_scores_after_observation_20260827_074522.csv
NVDA,42,GRU,random,6,3,92,2025-05-16T00:00:00,0.0146796032786369,0.0420995950698852,results/normalization_pilot_train_zscore/random/NVDA/seed_42/last_gru_scores_after_observation_20260827_074522.csv
NVDA,42,GRU,random,6,4,93,2025-05-19T00:00:00,0.011291392147541,0.0434081554412841,results/normalization_pilot_train_zscore/random/NVDA/seed_42/last_gru_scores_after_observation_20260827_074522.csv
NVDA,42,GRU,random,6,5,94,2025-05-20T00:00:00,0.0167935341596603,0.0342493057250976,results/normalization_pilot_train_zscore/random/NVDA/seed_42/last_gru_scores_after_observation_20260827_074522.csv
NVDA,42,GRU,random,7,1,95,2025-05-21T00:00:00,0.0159318149089813,-0.0191993117332458,results/normalization_pilot_train_zscore/random/NVDA/seed_42/last_gru_scores_after_observation_20260827_074522.csv
NVDA,42,GRU,random,7,2,96,2025-05-22T00:00:00,0.0131196863949298,-0.0115344524383544,results/normalization_pilot_train_zscore/random/NVDA/seed_42/last_gru_scores_after_observation_20260827_074522.csv
NVDA,42,GRU,random,7,3,97,2025-05-23T00:00:00,0.0304270386695861,-0.022994577884674,results/normalization_pilot_train_zscore/random/NVDA/seed_42/last_gru_scores_after_observation_20260827_074522.csv
NVDA,42,GRU,random,7,4,98,2025-05-27T00:00:00,0.0464117750525474,0.0083345174789428,results/normalization_pilot_train_zscore/random/NVDA/seed_42/last_gru_scores_after_observation_20260827_074522.csv
NVDA,42,GRU,random,7,5,99,2025-05-28T00:00:00,0.0241849310696125,0.003199815750122,results/normalization_pilot_train_zscore/random/NVDA/seed_42/last_gru_scores_after_observation_20260827_074522.csv
NVDA,42,GRU,random,8,1,100,2025-05-29T00:00:00,-0.0082357600331306,0.0324902534484863,results/normalization_pilot_train_zscore/random/NVDA/seed_42/last_gru_scores_after_observation_20260827_074522.csv
NVDA,42,GRU,random,8,2,101,2025-05-30T00:00:00,0.0128233321011066,0.0023738145828247,results/normalization_pilot_train_zscore/random/NVDA/seed_42/last_gru_scores_after_observation_20260827_074522.csv
NVDA,42,GRU,random,8,3,102,2025-06-02T00:00:00,0.0192417651414871,0.0190639495849609,results/normalization_pilot_train_zscore/random/NVDA/seed_42/last_gru_scores_after_observation_20260827_074522.csv
NVDA,42,GRU,random,8,4,103,2025-06-03T00:00:00,0.0139958187937736,0.0475484132766723,results/normalization_pilot_train_zscore/random/NVDA/seed_42/last_gru_scores_after_observation_20260827_074522.csv
NVDA,42,GRU,random,8,5,104,2025-06-04T00:00:00,0.0032119620591402,0.0527409315109252,results/normalization_pilot_train_zscore/random/NVDA/seed_42/last_gru_scores_after_observation_20260827_074522.csv
NVDA,42,GRU,random,9,1,105,2025-06-05T00:00:00,0.0154761373996734,-0.013599157333374,results/normalization_pilot_train_zscore/random/NVDA/seed_42/last_gru_scores_after_observation_20260827_074522.csv
NVDA,42,GRU,random,9,2,106,2025-06-06T00:00:00,0.0103416629135608,-0.0014092326164245,results/normalization_pilot_train_zscore/random/NVDA/seed_42/last_gru_scores_after_observation_20260827_074522.csv
NVDA,42,GRU,random,9,3,107,2025-06-09T00:00:00,0.0256372541189193,0.0050028562545776,results/normalization_pilot_train_zscore/random/NVDA/seed_42/last_gru_scores_after_observation_20260827_074522.csv
NVDA,42,GRU,random,9,4,108,2025-06-10T00:00:00,0.0382215902209281,0.0143743753433227,results/normalization_pilot_train_zscore/random/NVDA/seed_42/last_gru_scores_after_observation_20260827_074522.csv
NVDA,42,GRU,random,9,5,109,2025-06-11T00:00:00,0.0148363783955574,0.0064121484756469,results/normalization_pilot_train_zscore/random/NVDA/seed_42/last_gru_scores_after_observation_20260827_074522.csv
NVDA,42,GRU,random,10,1,110,2025-06-12T00:00:00,-0.0125993229448795,0.0151928663253784,results/normalization_pilot_train_zscore/random/NVDA/seed_42/last_gru_scores_after_observation_20260827_074522.csv
NVDA,42,GRU,random,10,2,111,2025-06-13T00:00:00,0.0015608556568622,-0.0060211420059204,results/normalization_pilot_train_zscore/random/NVDA/seed_42/last_gru_scores_after_observation_20260827_074522.csv
NVDA,42,GRU,random,10,3,112,2025-06-16T00:00:00,0.0014104545116424,0.0130224227905273,results/normalization_pilot_train_zscore/random/NVDA/seed_42/last_gru_scores_after_observation_20260827_074522.csv
NVDA,42,GRU,random,10,4,113,2025-06-17T00:00:00,0.0024086609482765,0.0090316534042358,results/normalization_pilot_train_zscore/random/NVDA/seed_42/last_gru_scores_after_observation_20260827_074522.csv
NVDA,42,GRU,random,10,5,114,2025-06-18T00:00:00,0.0026772748678922,0.0185534954071044,results/normalization_pilot_train_zscore/random/NVDA/seed_42/last_gru_scores_after_observation_20260827_074522.csv
NVDA,42,GRU,random,11,1,115,2025-06-20T00:00:00,-0.0123684182763099,-0.0112042427062988,results/normalization_pilot_train_zscore/random/NVDA/seed_42/last_gru_scores_after_observation_20260827_074522.csv
NVDA,42,GRU,random,11,2,116,2025-06-23T00:00:00,0.0012318789958953,-0.0090046525001525,results/normalization_pilot_train_zscore/random/NVDA/seed_42/last_gru_scores_after_observation_20260827_074522.csv
NVDA,42,GRU,random,11,3,117,2025-06-24T00:00:00,0.0015603452920913,0.0166345834732055,results/normalization_pilot_train_zscore/random/NVDA/seed_42/last_gru_scores_after_observation_20260827_074522.csv
NVDA,42,GRU,random,11,4,118,2025-06-25T00:00:00,0.0004388466477394,0.0606956481933593,results/normalization_pilot_train_zscore/random/NVDA/seed_42/last_gru_scores_after_observation_20260827_074522.csv
NVDA,42,GRU,random,11,5,119,2025-06-26T00:00:00,0.0032261274755001,0.0655760765075683,results/normalization_pilot_train_zscore/random/NVDA/seed_42/last_gru_scores_after_observation_20260827_074522.csv
NVDA,42,GRU,random,12,1,120,2025-06-27T00:00:00,-0.0105435699224472,0.0176105499267578,results/normalization_pilot_train_zscore/random/NVDA/seed_42/last_gru_scores_after_observation_20260827_074522.csv
NVDA,42,GRU,random,12,2,121,2025-06-30T00:00:00,0.0244521684944629,0.0191588401794433,results/normalization_pilot_train_zscore/random/NVDA/seed_42/last_gru_scores_after_observation_20260827_074522.csv
NVDA,42,GRU,random,12,3,122,2025-07-01T00:00:00,0.0096686258912086,-0.0110953450202941,results/normalization_pilot_train_zscore/random/NVDA/seed_42/last_gru_scores_after_observation_20260827_074522.csv
NVDA,42,GRU,random,12,4,123,2025-07-02T00:00:00,0.0179854705929756,0.0143852233886718,results/normalization_pilot_train_zscore/random/NVDA/seed_42/last_gru_scores_after_observation_20260827_074522.csv
NVDA,42,GRU,random,12,5,124,2025-07-03T00:00:00,0.0339483842253685,0.027867317199707,results/normalization_pilot_train_zscore/random/NVDA/seed_42/last_gru_scores_after_observation_20260827_074522.csv
NVDA,42,GRU,random,13,1,125,2025-07-07T00:00:00,0.0035962760448455,-0.0069034099578857,results/normalization_pilot_train_zscore/random/NVDA/seed_42/last_gru_scores_after_observation_20260827_074522.csv
NVDA,42,GRU,random,13,2,126,2025-07-08T00:00:00,0.013087909668684,0.0041421651840209,results/normalization_pilot_train_zscore/random/NVDA/seed_42/last_gru_scores_after_observation_20260827_074522.csv
NVDA,42,GRU,random,13,3,127,2025-07-09T00:00:00,0.0110692530870437,0.0222166776657104,results/normalization_pilot_train_zscore/random/NVDA/seed_42/last_gru_scores_after_observation_20260827_074522.csv
NVDA,42,GRU,random,13,4,128,2025-07-10T00:00:00,0.0220802873373031,0.029873251914978,results/normalization_pilot_train_zscore/random/NVDA/seed_42/last_gru_scores_after_observation_20260827_074522.csv
NVDA,42,GRU,random,13,5,129,2025-07-11T00:00:00,0.017813816666603,0.0350195169448852,results/normalization_pilot_train_zscore/random/NVDA/seed_42/last_gru_scores_after_observation_20260827_074522.csv
NVDA,42,GRU,random,14,1,130,2025-07-14T00:00:00,-0.007760651409626,-0.0051539540290832,results/normalization_pilot_train_zscore/random/NVDA/seed_42/last_gru_scores_after_observation_20260827_074522.csv
NVDA,42,GRU,random,14,2,131,2025-07-15T00:00:00,0.0030468814074993,0.0350472927093505,results/normalization_pilot_train_zscore/random/NVDA/seed_42/last_gru_scores_after_observation_20260827_074522.csv
NVDA,42,GRU,random,14,3,132,2025-07-16T00:00:00,-0.0070636942982673,0.0391098260879516,results/normalization_pilot_train_zscore/random/NVDA/seed_42/last_gru_scores_after_observation_20260827_074522.csv
NVDA,42,GRU,random,14,4,133,2025-07-17T00:00:00,-7.156282663345337e-05,0.0489934682846069,results/normalization_pilot_train_zscore/random/NVDA/seed_42/last_gru_scores_after_observation_20260827_074522.csv
NVDA,42,GRU,random,14,5,134,2025-07-18T00:00:00,0.0017623491585254,0.0454159975051879,results/normalization_pilot_train_zscore/random/NVDA/seed_42/last_gru_scores_after_observation_20260827_074522.csv
NVDA,42,GRU,random,15,1,135,2025-07-21T00:00:00,-0.0024543404579162,-0.0059741139411926,results/normalization_pilot_train_zscore/random/NVDA/seed_42/last_gru_scores_after_observation_20260827_074522.csv
NVDA,42,GRU,random,15,2,136,2025-07-22T00:00:00,0.0062696263194084,-0.0312047004699707,results/normalization_pilot_train_zscore/random/NVDA/seed_42/last_gru_scores_after_observation_20260827_074522.csv
NVDA,42,GRU,random,15,3,137,2025-07-23T00:00:00,-0.0044520497322082,-0.0094542503356933,results/normalization_pilot_train_zscore/random/NVDA/seed_42/last_gru_scores_after_observation_20260827_074522.csv
NVDA,42,GRU,random,15,4,138,2025-07-24T00:00:00,0.0055843666195869,0.0077141523361206,results/normalization_pilot_train_zscore/random/NVDA/seed_42/last_gru_scores_after_observation_20260827_074522.csv
NVDA,42,GRU,random,15,5,139,2025-07-25T00:00:00,0.0067223440855741,0.0063221454620361,results/normalization_pilot_train_zscore/random/NVDA/seed_42/last_gru_scores_after_observation_20260827_074522.csv
NVDA,42,GRU,random,16,1,140,2025-07-28T00:00:00,-0.0043011866509914,0.018731951713562,results/normalization_pilot_train_zscore/random/NVDA/seed_42/last_gru_scores_after_observation_20260827_074522.csv
NVDA,42,GRU,random,16,2,141,2025-07-29T00:00:00,-0.008390262722969,0.011584997177124,results/normalization_pilot_train_zscore/random/NVDA/seed_42/last_gru_scores_after_observation_20260827_074522.csv
NVDA,42,GRU,random,16,3,142,2025-07-30T00:00:00,-0.0169017761945724,0.0332565307617187,results/normalization_pilot_train_zscore/random/NVDA/seed_42/last_gru_scores_after_observation_20260827_074522.csv
NVDA,42,GRU,random,16,4,143,2025-07-31T00:00:00,-0.0090004801750183,0.0251872539520263,results/normalization_pilot_train_zscore/random/NVDA/seed_42/last_gru_scores_after_observation_20260827_074522.csv
NVDA,42,GRU,random,16,5,144,2025-08-01T00:00:00,-0.0071769692003726,0.0012680292129516,results/normalization_pilot_train_zscore/random/NVDA/seed_42/last_gru_scores_after_observation_20260827_074522.csv
NVDA,42,GRU,random,17,1,145,2025-08-04T00:00:00,-0.0102939009666442,0.0361500978469848,results/normalization_pilot_train_zscore/random/NVDA/seed_42/last_gru_scores_after_observation_20260827_074522.csv
NVDA,42,GRU,random,17,2,146,2025-08-05T00:00:00,-0.0134017914533615,0.0261340141296386,results/normalization_pilot_train_zscore/random/NVDA/seed_42/last_gru_scores_after_observation_20260827_074522.csv
NVDA,42,GRU,random,17,3,147,2025-08-06T00:00:00,-0.0278952568769454,0.0328114032745361,results/normalization_pilot_train_zscore/random/NVDA/seed_42/last_gru_scores_after_observation_20260827_074522.csv
NVDA,42,GRU,random,17,4,148,2025-08-07T00:00:00,-0.0222096368670463,0.040582537651062,results/normalization_pilot_train_zscore/random/NVDA/seed_42/last_gru_scores_after_observation_20260827_074522.csv
NVDA,42,GRU,random,17,5,149,2025-08-08T00:00:00,-0.020182404667139,0.0516923666000366,results/normalization_pilot_train_zscore/random/NVDA/seed_42/last_gru_scores_after_observation_20260827_074522.csv
NVDA,42,GRU,random,18,1,150,2025-08-11T00:00:00,-0.0078662671148777,-0.0035030245780944,results/normalization_pilot_train_zscore/random/NVDA/seed_42/last_gru_scores_after_observation_20260827_074522.csv
NVDA,42,GRU,random,18,2,151,2025-08-12T00:00:00,-0.0198605880141258,0.002517819404602,results/normalization_pilot_train_zscore/random/NVDA/seed_42/last_gru_scores_after_observation_20260827_074522.csv
NVDA,42,GRU,random,18,3,152,2025-08-13T00:00:00,-0.0321690440177917,-0.0060755610466003,results/normalization_pilot_train_zscore/random/NVDA/seed_42/last_gru_scores_after_observation_20260827_074522.csv
NVDA,42,GRU,random,18,4,153,2025-08-14T00:00:00,-0.0257760547101497,-0.0037218928337097,results/normalization_pilot_train_zscore/random/NVDA/seed_42/last_gru_scores_after_observation_20260827_074522.csv
NVDA,42,GRU,random,18,5,154,2025-08-15T00:00:00,-0.0245880335569381,-0.0123152732849121,results/normalization_pilot_train_zscore/random/NVDA/seed_42/last_gru_scores_after_observation_20260827_074522.csv
NVDA,42,GRU,random,19,1,155,2025-08-18T00:00:00,-0.0104374065995216,0.0086450576782226,results/normalization_pilot_train_zscore/random/NVDA/seed_42/last_gru_scores_after_observation_20260827_074522.csv
NVDA,42,GRU,random,19,2,156,2025-08-19T00:00:00,-0.0345765799283981,-0.0266555547714233,results/normalization_pilot_train_zscore/random/NVDA/seed_42/last_gru_scores_after_observation_20260827_074522.csv
NVDA,42,GRU,random,19,3,157,2025-08-20T00:00:00,-0.0451608635485172,-0.0279856324195861,results/normalization_pilot_train_zscore/random/NVDA/seed_42/last_gru_scores_after_observation_20260827_074522.csv
NVDA,42,GRU,random,19,4,158,2025-08-21T00:00:00,-0.0438344627618789,-0.0303131341934204,results/normalization_pilot_train_zscore/random/NVDA/seed_42/last_gru_scores_after_observation_20260827_074522.csv
NVDA,42,GRU,random,19,5,159,2025-08-22T00:00:00,-0.0436112396419048,-0.0136325359344482,results/normalization_pilot_train_zscore/random/NVDA/seed_42/last_gru_scores_after_observation_20260827_074522.csv
NVDA,42,GRU,random,20,1,160,2025-08-25T00:00:00,-0.0157673582434654,0.0102252960205078,results/normalization_pilot_train_zscore/random/NVDA/seed_42/last_gru_scores_after_observation_20260827_074522.csv
NVDA,42,GRU,random,20,2,161,2025-08-26T00:00:00,-0.0456966236233711,0.0212371349334716,results/normalization_pilot_train_zscore/random/NVDA/seed_42/last_gru_scores_after_observation_20260827_074522.csv
NVDA,42,GRU,random,20,3,162,2025-08-27T00:00:00,-0.0536941438913345,0.0202820301055908,results/normalization_pilot_train_zscore/random/NVDA/seed_42/last_gru_scores_after_observation_20260827_074522.csv
NVDA,42,GRU,random,20,4,163,2025-08-28T00:00:00,-0.0590007230639457,0.0122478008270263,results/normalization_pilot_train_zscore/random/NVDA/seed_42/last_gru_scores_after_observation_20260827_074522.csv
NVDA,42,GRU,random,20,5,164,2025-08-29T00:00:00,-0.0531837791204452,-0.0214057564735412,results/normalization_pilot_train_zscore/random/NVDA/seed_42/last_gru_scores_after_observation_20260827_074522.csv
NVDA,42,GRU,random,21,1,165,2025-09-02T00:00:00,-0.019395925104618,-0.0195199847221374,results/normalization_pilot_train_zscore/random/NVDA/seed_42/last_gru_scores_after_observation_20260827_074522.csv
NVDA,42,GRU,random,21,2,166,2025-09-03T00:00:00,-0.0464098155498504,-0.0204386115074157,results/normalization_pilot_train_zscore/random/NVDA/seed_42/last_gru_scores_after_observation_20260827_074522.csv
NVDA,42,GRU,random,21,3,167,2025-09-04T00:00:00,-0.060045201331377,-0.014467716217041,results/normalization_pilot_train_zscore/random/NVDA/seed_42/last_gru_scores_after_observation_20260827_074522.csv
NVDA,42,GRU,random,21,4,168,2025-09-05T00:00:00,-0.0620339885354042,-0.0411068201065063,results/normalization_pilot_train_zscore/random/NVDA/seed_42/last_gru_scores_after_observation_20260827_074522.csv
NVDA,42,GRU,random,21,5,169,2025-09-08T00:00:00,-0.0571974217891693,-0.0337007641792297,results/normalization_pilot_train_zscore/random/NVDA/seed_42/last_gru_scores_after_observation_20260827_074522.csv
NVDA,42,GRU,random,22,1,170,2025-09-09T00:00:00,-0.0177839770913124,0.0145564079284667,results/normalization_pilot_train_zscore/random/NVDA/seed_42/last_gru_scores_after_observation_20260827_074522.csv
NVDA,42,GRU,random,22,2,171,2025-09-10T00:00:00,-0.0512020364403724,0.0535916090011596,results/normalization_pilot_train_zscore/random/NVDA/seed_42/last_gru_scores_after_observation_20260827_074522.csv
NVDA,42,GRU,random,22,3,172,2025-09-11T00:00:00,-0.0625211894512176,0.0526409149169921,results/normalization_pilot_train_zscore/random/NVDA/seed_42/last_gru_scores_after_observation_20260827_074522.csv
NVDA,42,GRU,random,22,4,173,2025-09-12T00:00:00,-0.0656362026929855,0.0565029382705688,results/normalization_pilot_train_zscore/random/NVDA/seed_42/last_gru_scores_after_observation_20260827_074522.csv
NVDA,42,GRU,random,22,5,174,2025-09-15T00:00:00,-0.0567834675312042,0.0560870170593261,results/normalization_pilot_train_zscore/random/NVDA/seed_42/last_gru_scores_after_observation_20260827_074522.csv
NVDA,42,GRU,random,23,1,175,2025-09-16T00:00:00,-0.0154750272631645,-0.0161462426185607,results/normalization_pilot_train_zscore/random/NVDA/seed_42/last_gru_scores_after_observation_20260827_074522.csv
NVDA,42,GRU,random,23,2,176,2025-09-17T00:00:00,-0.0575603917241096,-0.0419691205024719,results/normalization_pilot_train_zscore/random/NVDA/seed_42/last_gru_scores_after_observation_20260827_074522.csv
NVDA,42,GRU,random,23,3,177,2025-09-18T00:00:00,-0.0737824961543083,-0.0084950327873229,results/normalization_pilot_train_zscore/random/NVDA/seed_42/last_gru_scores_after_observation_20260827_074522.csv
NVDA,42,GRU,random,23,4,178,2025-09-19T00:00:00,-0.075521782040596,-0.0060759782791137,results/normalization_pilot_train_zscore/random/NVDA/seed_42/last_gru_scores_after_observation_20260827_074522.csv
NVDA,42,GRU,random,23,5,179,2025-09-22T00:00:00,-0.0651164129376411,0.0329676866531372,results/normalization_pilot_train_zscore/random/NVDA/seed_42/last_gru_scores_after_observation_20260827_074522.csv
NVDA,42,GRU,random,24,1,180,2025-09-23T00:00:00,-0.0219745486974716,-0.0282120108604431,results/normalization_pilot_train_zscore/random/NVDA/seed_42/last_gru_scores_after_observation_20260827_074522.csv
NVDA,42,GRU,random,24,2,181,2025-09-24T00:00:00,-0.0724765583872795,-0.0361636281013488,results/normalization_pilot_train_zscore/random/NVDA/seed_42/last_gru_scores_after_observation_20260827_074522.csv
NVDA,42,GRU,random,24,3,182,2025-09-25T00:00:00,-0.0895955637097358,-0.0322422385215759,results/normalization_pilot_train_zscore/random/NVDA/seed_42/last_gru_scores_after_observation_20260827_074522.csv
NVDA,42,GRU,random,24,4,183,2025-09-26T00:00:00,-0.0928666517138481,-0.0295190811157226,results/normalization_pilot_train_zscore/random/NVDA/seed_42/last_gru_scores_after_observation_20260827_074522.csv
NVDA,42,GRU,random,24,5,184,2025-09-29T00:00:00,-0.0862338840961456,-0.0095854997634887,results/normalization_pilot_train_zscore/random/NVDA/seed_42/last_gru_scores_after_observation_20260827_074522.csv
NVDA,42,GRU,random,25,1,185,2025-09-30T00:00:00,-0.0188532695174217,0.0260103940963745,results/normalization_pilot_train_zscore/random/NVDA/seed_42/last_gru_scores_after_observation_20260827_074522.csv
NVDA,42,GRU,random,25,2,186,2025-10-01T00:00:00,-0.0669328793883323,0.0296398401260375,results/normalization_pilot_train_zscore/random/NVDA/seed_42/last_gru_scores_after_observation_20260827_074522.csv
NVDA,42,GRU,random,25,3,187,2025-10-02T00:00:00,-0.0878439545631408,0.0387132167816162,results/normalization_pilot_train_zscore/random/NVDA/seed_42/last_gru_scores_after_observation_20260827_074522.csv
NVDA,42,GRU,random,25,4,188,2025-10-03T00:00:00,-0.0896193012595176,0.0317293405532836,results/normalization_pilot_train_zscore/random/NVDA/seed_42/last_gru_scores_after_observation_20260827_074522.csv
NVDA,42,GRU,random,25,5,189,2025-10-06T00:00:00,-0.0786836594343185,0.0202913284301757,results/normalization_pilot_train_zscore/random/NVDA/seed_42/last_gru_scores_after_observation_20260827_074522.csv
NVDA,42,GRU,random,26,1,190,2025-10-07T00:00:00,-0.0159704089164733,-0.0026948451995849,results/normalization_pilot_train_zscore/random/NVDA/seed_42/last_gru_scores_after_observation_20260827_074522.csv
NVDA,42,GRU,random,26,2,191,2025-10-08T00:00:00,-0.0597236901521682,0.0192412137985229,results/normalization_pilot_train_zscore/random/NVDA/seed_42/last_gru_scores_after_observation_20260827_074522.csv
NVDA,42,GRU,random,26,3,192,2025-10-09T00:00:00,-0.0873237550258636,0.0378894805908203,results/normalization_pilot_train_zscore/random/NVDA/seed_42/last_gru_scores_after_observation_20260827_074522.csv
NVDA,42,GRU,random,26,4,193,2025-10-10T00:00:00,-0.0833580270409584,-0.0128273963928222,results/normalization_pilot_train_zscore/random/NVDA/seed_42/last_gru_scores_after_observation_20260827_074522.csv
NVDA,42,GRU,random,26,5,194,2025-10-13T00:00:00,-0.0746926516294479,0.0149834156036376,results/normalization_pilot_train_zscore/random/NVDA/seed_42/last_gru_scores_after_observation_20260827_074522.csv
NVDA,42,GRU,random,27,1,195,2025-10-14T00:00:00,-0.0172941088676452,-0.0440208315849304,results/normalization_pilot_train_zscore/random/NVDA/seed_42/last_gru_scores_after_observation_20260827_074522.csv
NVDA,42,GRU,random,27,2,196,2025-10-15T00:00:00,-0.0563347041606903,-0.0450828671455383,results/normalization_pilot_train_zscore/random/NVDA/seed_42/last_gru_scores_after_observation_20260827_074522.csv
NVDA,42,GRU,random,27,3,197,2025-10-16T00:00:00,-0.0900599956512451,-0.0345688462257385,results/normalization_pilot_train_zscore/random/NVDA/seed_42/last_gru_scores_after_observation_20260827_074522.csv
NVDA,42,GRU,random,27,4,198,2025-10-17T00:00:00,-0.0795083940029144,-0.0270816087722778,results/normalization_pilot_train_zscore/random/NVDA/seed_42/last_gru_scores_after_observation_20260827_074522.csv
NVDA,42,GRU,random,27,5,199,2025-10-20T00:00:00,-0.0721675977110862,-0.030161440372467,results/normalization_pilot_train_zscore/random/NVDA/seed_42/last_gru_scores_after_observation_20260827_074522.csv
NVDA,42,GRU,random,28,1,200,2025-10-21T00:00:00,-0.0191399753093719,-0.0081033706665039,results/normalization_pilot_train_zscore/random/NVDA/seed_42/last_gru_scores_after_observation_20260827_074522.csv
NVDA,42,GRU,random,28,2,201,2025-10-22T00:00:00,-0.0552955493330955,-0.0129215717315673,results/normalization_pilot_train_zscore/random/NVDA/seed_42/last_gru_scores_after_observation_20260827_074522.csv
NVDA,42,GRU,random,28,3,202,2025-10-23T00:00:00,-0.0853775292634964,-0.0026280879974365,results/normalization_pilot_train_zscore/random/NVDA/seed_42/last_gru_scores_after_observation_20260827_074522.csv
NVDA,42,GRU,random,28,4,203,2025-10-24T00:00:00,-0.0822387039661407,0.0198203325271606,results/normalization_pilot_train_zscore/random/NVDA/seed_42/last_gru_scores_after_observation_20260827_074522.csv
NVDA,42,GRU,random,28,5,204,2025-10-27T00:00:00,-0.067762553691864,0.0484559535980224,results/normalization_pilot_train_zscore/random/NVDA/seed_42/last_gru_scores_after_observation_20260827_074522.csv
NVDA,42,GRU,random,29,1,205,2025-10-28T00:00:00,-0.0170877650380134,0.0498198270797729,results/normalization_pilot_train_zscore/random/NVDA/seed_42/last_gru_scores_after_observation_20260827_074522.csv
NVDA,42,GRU,random,29,2,206,2025-10-29T00:00:00,-0.0692990943789482,0.0812052488327026,results/normalization_pilot_train_zscore/random/NVDA/seed_42/last_gru_scores_after_observation_20260827_074522.csv
NVDA,42,GRU,random,29,3,207,2025-10-30T00:00:00,-0.1032861769199371,0.0595331192016601,results/normalization_pilot_train_zscore/random/NVDA/seed_42/last_gru_scores_after_observation_20260827_074522.csv
NVDA,42,GRU,random,29,4,208,2025-10-31T00:00:00,-0.0946571081876754,0.0574442148208618,results/normalization_pilot_train_zscore/random/NVDA/seed_42/last_gru_scores_after_observation_20260827_074522.csv
NVDA,42,GRU,random,29,5,209,2025-11-03T00:00:00,-0.0841592103242874,0.0803697109222412,results/normalization_pilot_train_zscore/random/NVDA/seed_42/last_gru_scores_after_observation_20260827_074522.csv
NVDA,42,GRU,random,30,1,210,2025-11-04T00:00:00,-0.0165775045752525,-0.0395881533622741,results/normalization_pilot_train_zscore/random/NVDA/seed_42/last_gru_scores_after_observation_20260827_074522.csv
NVDA,42,GRU,random,30,2,211,2025-11-05T00:00:00,-0.0537903308868408,-0.056409478187561,results/normalization_pilot_train_zscore/random/NVDA/seed_42/last_gru_scores_after_observation_20260827_074522.csv
NVDA,42,GRU,random,30,3,212,2025-11-06T00:00:00,-0.0922707095742225,-0.0908739566802978,results/normalization_pilot_train_zscore/random/NVDA/seed_42/last_gru_scores_after_observation_20260827_074522.csv
NVDA,42,GRU,random,30,4,213,2025-11-07T00:00:00,-0.0881528407335281,-0.0905356407165527,results/normalization_pilot_train_zscore/random/NVDA/seed_42/last_gru_scores_after_observation_20260827_074522.csv
NVDA,42,GRU,random,30,5,214,2025-11-10T00:00:00,-0.0764045417308807,-0.0378480553627014,results/normalization_pilot_train_zscore/random/NVDA/seed_42/last_gru_scores_after_observation_20260827_074522.csv
NVDA,42,GRU,random,31,1,215,2025-11-11T00:00:00,-0.0184781551361084,-0.0295905470848083,results/normalization_pilot_train_zscore/random/NVDA/seed_42/last_gru_scores_after_observation_20260827_074522.csv
NVDA,42,GRU,random,31,2,216,2025-11-12T00:00:00,-0.0573520436882972,-0.0263752937316894,results/normalization_pilot_train_zscore/random/NVDA/seed_42/last_gru_scores_after_observation_20260827_074522.csv
NVDA,42,GRU,random,31,3,217,2025-11-13T00:00:00,-0.0915006250143051,-0.0612409114837646,results/normalization_pilot_train_zscore/random/NVDA/seed_42/last_gru_scores_after_observation_20260827_074522.csv
NVDA,42,GRU,random,31,4,218,2025-11-14T00:00:00,-0.0905448719859123,-0.0446119308471679,results/normalization_pilot_train_zscore/random/NVDA/seed_42/last_gru_scores_after_observation_20260827_074522.csv
NVDA,42,GRU,random,31,5,219,2025-11-17T00:00:00,-0.0791175812482833,-0.0625470876693725,results/normalization_pilot_train_zscore/random/NVDA/seed_42/last_gru_scores_after_observation_20260827_074522.csv
NVDA,42,GRU,random,32,1,220,2025-11-18T00:00:00,-0.0194718241691589,-0.028081476688385,results/normalization_pilot_train_zscore/random/NVDA/seed_42/last_gru_scores_after_observation_20260827_074522.csv
NVDA,42,GRU,random,32,2,221,2025-11-19T00:00:00,-0.0603927746415138,-0.0004287362098693,results/normalization_pilot_train_zscore/random/NVDA/seed_42/last_gru_scores_after_observation_20260827_074522.csv
NVDA,42,GRU,random,32,3,222,2025-11-20T00:00:00,-0.0921858325600624,-0.0319400429725647,results/normalization_pilot_train_zscore/random/NVDA/seed_42/last_gru_scores_after_observation_20260827_074522.csv
NVDA,42,GRU,random,32,4,223,2025-11-21T00:00:00,-0.0925032645463943,-0.0413719415664672,results/normalization_pilot_train_zscore/random/NVDA/seed_42/last_gru_scores_after_observation_20260827_074522.csv
NVDA,42,GRU,random,32,5,224,2025-11-24T00:00:00,-0.0783784911036491,-0.0217041969299316,results/normalization_pilot_train_zscore/random/NVDA/seed_42/last_gru_scores_after_observation_20260827_074522.csv
NVDA,42,GRU,random,33,1,225,2025-11-25T00:00:00,-0.0233341827988624,-0.0259106755256652,results/normalization_pilot_train_zscore/random/NVDA/seed_42/last_gru_scores_after_observation_20260827_074522.csv
NVDA,42,GRU,random,33,2,226,2025-11-26T00:00:00,-0.0660772249102592,-0.012544572353363,results/normalization_pilot_train_zscore/random/NVDA/seed_42/last_gru_scores_after_observation_20260827_074522.csv
NVDA,42,GRU,random,33,3,227,2025-11-28T00:00:00,-0.0925896614789962,-0.030402660369873,results/normalization_pilot_train_zscore/random/NVDA/seed_42/last_gru_scores_after_observation_20260827_074522.csv
NVDA,42,GRU,random,33,4,228,2025-12-01T00:00:00,-0.1010110527276992,-0.0144070386886596,results/normalization_pilot_train_zscore/random/NVDA/seed_42/last_gru_scores_after_observation_20260827_074522.csv
NVDA,42,GRU,random,33,5,229,2025-12-02T00:00:00,-0.0860421583056449,-0.0059709548950195,results/normalization_pilot_train_zscore/random/NVDA/seed_42/last_gru_scores_after_observation_20260827_074522.csv
NVDA,42,GRU,random,34,1,230,2025-12-03T00:00:00,-0.0184506252408027,-0.0103053450584411,results/normalization_pilot_train_zscore/random/NVDA/seed_42/last_gru_scores_after_observation_20260827_074522.csv
NVDA,42,GRU,random,34,2,231,2025-12-04T00:00:00,-0.0682955086231231,0.0105807781219482,results/normalization_pilot_train_zscore/random/NVDA/seed_42/last_gru_scores_after_observation_20260827_074522.csv
NVDA,42,GRU,random,34,3,232,2025-12-05T00:00:00,-0.0989131703972816,0.0052353143692016,results/normalization_pilot_train_zscore/random/NVDA/seed_42/last_gru_scores_after_observation_20260827_074522.csv
NVDA,42,GRU,random,34,4,233,2025-12-08T00:00:00,-0.1023552119731903,0.0225393772125244,results/normalization_pilot_train_zscore/random/NVDA/seed_42/last_gru_scores_after_observation_20260827_074522.csv
NVDA,42,GRU,random,34,5,234,2025-12-09T00:00:00,-0.0847713202238082,0.0193430185317993,results/normalization_pilot_train_zscore/random/NVDA/seed_42/last_gru_scores_after_observation_20260827_074522.csv
NVDA,42,GRU,random,35,1,235,2025-12-10T00:00:00,-0.0169282928109169,-0.0064334869384765,results/normalization_pilot_train_zscore/random/NVDA/seed_42/last_gru_scores_after_observation_20260827_074522.csv
NVDA,42,GRU,random,35,2,236,2025-12-11T00:00:00,-0.0657037422060966,-0.0218414068222045,results/normalization_pilot_train_zscore/random/NVDA/seed_42/last_gru_scores_after_observation_20260827_074522.csv
NVDA,42,GRU,random,35,3,237,2025-12-12T00:00:00,-0.1023823469877243,-0.0537924766540527,results/normalization_pilot_train_zscore/random/NVDA/seed_42/last_gru_scores_after_observation_20260827_074522.csv
NVDA,42,GRU,random,35,4,238,2025-12-15T00:00:00,-0.0967518985271453,-0.0469265580177307,results/normalization_pilot_train_zscore/random/NVDA/seed_42/last_gru_scores_after_observation_20260827_074522.csv
NVDA,42,GRU,random,35,5,239,2025-12-16T00:00:00,-0.0828641951084137,-0.0391955375671386,results/normalization_pilot_train_zscore/random/NVDA/seed_42/last_gru_scores_after_observation_20260827_074522.csv
NVDA,42,GRU,random,36,1,240,2025-12-17T00:00:00,-0.0203786343336105,-0.0381498932838439,results/normalization_pilot_train_zscore/random/NVDA/seed_42/last_gru_scores_after_observation_20260827_074522.csv
NVDA,42,GRU,random,36,2,241,2025-12-18T00:00:00,-0.0713297352194786,-0.0201440453529357,results/normalization_pilot_train_zscore/random/NVDA/seed_42/last_gru_scores_after_observation_20260827_074522.csv
NVDA,42,GRU,random,36,3,242,2025-12-19T00:00:00,-0.1034153848886489,0.0183997154235839,results/normalization_pilot_train_zscore/random/NVDA/seed_42/last_gru_scores_after_observation_20260827_074522.csv
NVDA,42,GRU,random,36,4,243,2025-12-22T00:00:00,-0.1025059148669242,0.0335922241210937,results/normalization_pilot_train_zscore/random/NVDA/seed_42/last_gru_scores_after_observation_20260827_074522.csv
NVDA,42,GRU,random,36,5,244,2025-12-23T00:00:00,-0.0862518697977066,0.0646523237228393,results/normalization_pilot_train_zscore/random/NVDA/seed_42/last_gru_scores_after_observation_20260827_074522.csv
NVDA,42,GRU,random,37,1,245,2025-12-24T00:00:00,-0.0222523957490921,-0.0031710863113403,results/normalization_pilot_train_zscore/random/NVDA/seed_42/last_gru_scores_after_observation_20260827_074522.csv
NVDA,42,GRU,random,37,2,246,2025-12-26T00:00:00,-0.0763808116316795,0.0069763660430908,results/normalization_pilot_train_zscore/random/NVDA/seed_42/last_gru_scores_after_observation_20260827_074522.csv
NVDA,42,GRU,random,37,3,247,2025-12-29T00:00:00,-0.1102884784340858,-0.0052323341369628,results/normalization_pilot_train_zscore/random/NVDA/seed_42/last_gru_scores_after_observation_20260827_074522.csv
NVDA,42,GRU,random,37,4,248,2025-12-30T00:00:00,-0.1123395934700965,-0.0088262557983398,results/normalization_pilot_train_zscore/random/NVDA/seed_42/last_gru_scores_after_observation_20260827_074522.csv
NVDA,42,GRU,random,37,5,249,2025-12-31T00:00:00,-0.0924588367342948,-0.0143227577209472,results/normalization_pilot_train_zscore/random/NVDA/seed_42/last_gru_scores_after_observation_20260827_074522.csv
NVDA,44,Naive-last,random,0,1,60,2025-04-01T00:00:00,0.0,0.0163314342498779,results/normalization_pilot_train_zscore/random/NVDA/seed_44/last_baseline_scores_after_observation_20260827_074537.csv
NVDA,44,Naive-last,random,0,2,61,2025-04-02T00:00:00,0.0,0.0188226699829101,results/normalization_pilot_train_zscore/random/NVDA/seed_44/last_baseline_scores_after_observation_20260827_074537.csv
NVDA,44,Naive-last,random,0,3,62,2025-04-03T00:00:00,0.0,-0.0607122778892517,results/normalization_pilot_train_zscore/random/NVDA/seed_44/last_baseline_scores_after_observation_20260827_074537.csv
NVDA,44,Naive-last,random,0,4,63,2025-04-04T00:00:00,0.0,-0.1298210024833679,results/normalization_pilot_train_zscore/random/NVDA/seed_44/last_baseline_scores_after_observation_20260827_074537.csv
NVDA,44,Naive-last,random,0,5,64,2025-04-07T00:00:00,0.0,-0.0990957617759704,results/normalization_pilot_train_zscore/random/NVDA/seed_44/last_baseline_scores_after_observation_20260827_074537.csv
NVDA,44,Naive-last,random,1,1,65,2025-04-08T00:00:00,0.0,-0.0137238502502441,results/normalization_pilot_train_zscore/random/NVDA/seed_44/last_baseline_scores_after_observation_20260827_074537.csv
NVDA,44,Naive-last,random,1,2,66,2025-04-09T00:00:00,0.0,0.1709340810775756,results/normalization_pilot_train_zscore/random/NVDA/seed_44/last_baseline_scores_after_observation_20260827_074537.csv
NVDA,44,Naive-last,random,1,3,67,2025-04-10T00:00:00,0.0,0.1017000675201416,results/normalization_pilot_train_zscore/random/NVDA/seed_44/last_baseline_scores_after_observation_20260827_074537.csv
NVDA,44,Naive-last,random,1,4,68,2025-04-11T00:00:00,0.0,0.1361122131347656,results/normalization_pilot_train_zscore/random/NVDA/seed_44/last_baseline_scores_after_observation_20260827_074537.csv
NVDA,44,Naive-last,random,1,5,69,2025-04-14T00:00:00,0.0,0.1338590383529663,results/normalization_pilot_train_zscore/random/NVDA/seed_44/last_baseline_scores_after_observation_20260827_074537.csv
NVDA,44,Naive-last,random,2,1,70,2025-04-15T00:00:00,0.0,0.0134586095809936,results/normalization_pilot_train_zscore/random/NVDA/seed_44/last_baseline_scores_after_observation_20260827_074537.csv
NVDA,44,Naive-last,random,2,2,71,2025-04-16T00:00:00,0.0,-0.0561828017234802,results/normalization_pilot_train_zscore/random/NVDA/seed_44/last_baseline_scores_after_observation_20260827_074537.csv
NVDA,44,Naive-last,random,2,3,72,2025-04-17T00:00:00,0.0,-0.0832806825637817,results/normalization_pilot_train_zscore/random/NVDA/seed_44/last_baseline_scores_after_observation_20260827_074537.csv
NVDA,44,Naive-last,random,2,4,73,2025-04-21T00:00:00,0.0,-0.1246499419212341,results/normalization_pilot_train_zscore/random/NVDA/seed_44/last_baseline_scores_after_observation_20260827_074537.csv
NVDA,44,Naive-last,random,2,5,74,2025-04-22T00:00:00,0.0,-0.1067654490470886,results/normalization_pilot_train_zscore/random/NVDA/seed_44/last_baseline_scores_after_observation_20260827_074537.csv
NVDA,44,Naive-last,random,3,1,75,2025-04-23T00:00:00,0.0,0.0386288166046142,results/normalization_pilot_train_zscore/random/NVDA/seed_44/last_baseline_scores_after_observation_20260827_074537.csv
NVDA,44,Naive-last,random,3,2,76,2025-04-24T00:00:00,0.0,0.0762463808059692,results/normalization_pilot_train_zscore/random/NVDA/seed_44/last_baseline_scores_after_observation_20260827_074537.csv
NVDA,44,Naive-last,random,3,3,77,2025-04-25T00:00:00,0.0,0.1225605010986328,results/normalization_pilot_train_zscore/random/NVDA/seed_44/last_baseline_scores_after_observation_20260827_074537.csv
NVDA,44,Naive-last,random,3,4,78,2025-04-28T00:00:00,0.0,0.0995045900344848,results/normalization_pilot_train_zscore/random/NVDA/seed_44/last_baseline_scores_after_observation_20260827_074537.csv
NVDA,44,Naive-last,random,3,5,79,2025-04-29T00:00:00,0.0,0.1024370193481445,results/normalization_pilot_train_zscore/random/NVDA/seed_44/last_baseline_scores_after_observation_20260827_074537.csv
NVDA,44,Naive-last,random,4,1,80,2025-04-30T00:00:00,0.0,-0.0009172558784484,results/normalization_pilot_train_zscore/random/NVDA/seed_44/last_baseline_scores_after_observation_20260827_074537.csv
NVDA,44,Naive-last,random,4,2,81,2025-05-01T00:00:00,0.0,0.0237571001052856,results/normalization_pilot_train_zscore/random/NVDA/seed_44/last_baseline_scores_after_observation_20260827_074537.csv
NVDA,44,Naive-last,random,4,3,82,2025-05-02T00:00:00,0.0,0.0502660274505615,results/normalization_pilot_train_zscore/random/NVDA/seed_44/last_baseline_scores_after_observation_20260827_074537.csv
NVDA,44,Naive-last,random,4,4,83,2025-05-05T00:00:00,0.0,0.0440286397933959,results/normalization_pilot_train_zscore/random/NVDA/seed_44/last_baseline_scores_after_observation_20260827_074537.csv
NVDA,44,Naive-last,random,4,5,84,2025-05-06T00:00:00,0.0,0.0414602756500244,results/normalization_pilot_train_zscore/random/NVDA/seed_44/last_baseline_scores_after_observation_20260827_074537.csv
NVDA,44,Naive-last,random,5,1,85,2025-05-07T00:00:00,0.0,0.0310022830963134,results/normalization_pilot_train_zscore/random/NVDA/seed_44/last_baseline_scores_after_observation_20260827_074537.csv
NVDA,44,Naive-last,random,5,2,86,2025-05-08T00:00:00,0.0,0.0337326526641845,results/normalization_pilot_train_zscore/random/NVDA/seed_44/last_baseline_scores_after_observation_20260827_074537.csv
NVDA,44,Naive-last,random,5,3,87,2025-05-09T00:00:00,0.0,0.0273911952972412,results/normalization_pilot_train_zscore/random/NVDA/seed_44/last_baseline_scores_after_observation_20260827_074537.csv
NVDA,44,Naive-last,random,5,4,88,2025-05-12T00:00:00,0.0,0.0833185911178588,results/normalization_pilot_train_zscore/random/NVDA/seed_44/last_baseline_scores_after_observation_20260827_074537.csv
NVDA,44,Naive-last,random,5,5,89,2025-05-13T00:00:00,0.0,0.1443543434143066,results/normalization_pilot_train_zscore/random/NVDA/seed_44/last_baseline_scores_after_observation_20260827_074537.csv
NVDA,44,Naive-last,random,6,1,90,2025-05-14T00:00:00,0.0,0.0416377782821655,results/normalization_pilot_train_zscore/random/NVDA/seed_44/last_baseline_scores_after_observation_20260827_074537.csv
NVDA,44,Naive-last,random,6,2,91,2025-05-15T00:00:00,0.0,0.0377126932144165,results/normalization_pilot_train_zscore/random/NVDA/seed_44/last_baseline_scores_after_observation_20260827_074537.csv
NVDA,44,Naive-last,random,6,3,92,2025-05-16T00:00:00,0.0,0.0420995950698852,results/normalization_pilot_train_zscore/random/NVDA/seed_44/last_baseline_scores_after_observation_20260827_074537.csv
NVDA,44,Naive-last,random,6,4,93,2025-05-19T00:00:00,0.0,0.0434081554412841,results/normalization_pilot_train_zscore/random/NVDA/seed_44/last_baseline_scores_after_observation_20260827_074537.csv
NVDA,44,Naive-last,random,6,5,94,2025-05-20T00:00:00,0.0,0.0342493057250976,results/normalization_pilot_train_zscore/random/NVDA/seed_44/last_baseline_scores_after_observation_20260827_074537.csv
NVDA,44,Naive-last,random,7,1,95,2025-05-21T00:00:00,0.0,-0.0191993117332458,results/normalization_pilot_train_zscore/random/NVDA/seed_44/last_baseline_scores_after_observation_20260827_074537.csv
NVDA,44,Naive-last,random,7,2,96,2025-05-22T00:00:00,0.0,-0.0115344524383544,results/normalization_pilot_train_zscore/random/NVDA/seed_44/last_baseline_scores_after_observation_20260827_074537.csv
NVDA,44,Naive-last,random,7,3,97,2025-05-23T00:00:00,0.0,-0.022994577884674,results/normalization_pilot_train_zscore/random/NVDA/seed_44/last_baseline_scores_after_observation_20260827_074537.csv
NVDA,44,Naive-last,random,7,4,98,2025-05-27T00:00:00,0.0,0.0083345174789428,results/normalization_pilot_train_zscore/random/NVDA/seed_44/last_baseline_scores_after_observation_20260827_074537.csv
NVDA,44,Naive-last,random,7,5,99,2025-05-28T00:00:00,0.0,0.003199815750122,results/normalization_pilot_train_zscore/random/NVDA/seed_44/last_baseline_scores_after_observation_20260827_074537.csv
NVDA,44,Naive-last,random,8,1,100,2025-05-29T00:00:00,0.0,0.0324902534484863,results/normalization_pilot_train_zscore/random/NVDA/seed_44/last_baseline_scores_after_observation_20260827_074537.csv
NVDA,44,Naive-last,random,8,2,101,2025-05-30T00:00:00,0.0,0.0023738145828247,results/normalization_pilot_train_zscore/random/NVDA/seed_44/last_baseline_scores_after_observation_20260827_074537.csv
NVDA,44,Naive-last,random,8,3,102,2025-06-02T00:00:00,0.0,0.0190639495849609,results/normalization_pilot_train_zscore/random/NVDA/seed_44/last_baseline_scores_after_observation_20260827_074537.csv
NVDA,44,Naive-last,random,8,4,103,2025-06-03T00:00:00,0.0,0.0475484132766723,results/normalization_pilot_train_zscore/random/NVDA/seed_44/last_baseline_scores_after_observation_20260827_074537.csv
NVDA,44,Naive-last,random,8,5,104,2025-06-04T00:00:00,0.0,0.0527409315109252,results/normalization_pilot_train_zscore/random/NVDA/seed_44/last_baseline_scores_after_observation_20260827_074537.csv
NVDA,44,Naive-last,random,9,1,105,2025-06-05T00:00:00,0.0,-0.013599157333374,results/normalization_pilot_train_zscore/random/NVDA/seed_44/last_baseline_scores_after_observation_20260827_074537.csv
NVDA,44,Naive-last,random,9,2,106,2025-06-06T00:00:00,0.0,-0.0014092326164245,results/normalization_pilot_train_zscore/random/NVDA/seed_44/last_baseline_scores_after_observation_20260827_074537.csv
NVDA,44,Naive-last,random,9,3,107,2025-06-09T00:00:00,0.0,0.0050028562545776,results/normalization_pilot_train_zscore/random/NVDA/seed_44/last_baseline_scores_after_observation_20260827_074537.csv
NVDA,44,Naive-last,random,9,4,108,2025-06-10T00:00:00,0.0,0.0143743753433227,results/normalization_pilot_train_zscore/random/NVDA/seed_44/last_baseline_scores_after_observation_20260827_074537.csv
NVDA,44,Naive-last,random,9,5,109,2025-06-11T00:00:00,0.0,0.0064121484756469,results/normalization_pilot_train_zscore/random/NVDA/seed_44/last_baseline_scores_after_observation_20260827_074537.csv
NVDA,44,Naive-last,random,10,1,110,2025-06-12T00:00:00,0.0,0.0151928663253784,results/normalization_pilot_train_zscore/random/NVDA/seed_44/last_baseline_scores_after_observation_20260827_074537.csv
NVDA,44,Naive-last,random,10,2,111,2025-06-13T00:00:00,0.0,-0.0060211420059204,results/normalization_pilot_train_zscore/random/NVDA/seed_44/last_baseline_scores_after_observation_20260827_074537.csv
NVDA,44,Naive-last,random,10,3,112,2025-06-16T00:00:00,0.0,0.0130224227905273,results/normalization_pilot_train_zscore/random/NVDA/seed_44/last_baseline_scores_after_observation_20260827_074537.csv
NVDA,44,Naive-last,random,10,4,113,2025-06-17T00:00:00,0.0,0.0090316534042358,results/normalization_pilot_train_zscore/random/NVDA/seed_44/last_baseline_scores_after_observation_20260827_074537.csv
NVDA,44,Naive-last,random,10,5,114,2025-06-18T00:00:00,0.0,0.0185534954071044,results/normalization_pilot_train_zscore/random/NVDA/seed_44/last_baseline_scores_after_observation_20260827_074537.csv
NVDA,44,Naive-last,random,11,1,115,2025-06-20T00:00:00,0.0,-0.0112042427062988,results/normalization_pilot_train_zscore/random/NVDA/seed_44/last_baseline_scores_after_observation_20260827_074537.csv
NVDA,44,Naive-last,random,11,2,116,2025-06-23T00:00:00,0.0,-0.0090046525001525,results/normalization_pilot_train_zscore/random/NVDA/seed_44/last_baseline_scores_after_observation_20260827_074537.csv
NVDA,44,Naive-last,random,11,3,117,2025-06-24T00:00:00,0.0,0.0166345834732055,results/normalization_pilot_train_zscore/random/NVDA/seed_44/last_baseline_scores_after_observation_20260827_074537.csv
NVDA,44,Naive-last,random,11,4,118,2025-06-25T00:00:00,0.0,0.0606956481933593,results/normalization_pilot_train_zscore/random/NVDA/seed_44/last_baseline_scores_after_observation_20260827_074537.csv
NVDA,44,Naive-last,random,11,5,119,2025-06-26T00:00:00,0.0,0.0655760765075683,results/normalization_pilot_train_zscore/random/NVDA/seed_44/last_baseline_scores_after_observation_20260827_074537.csv
NVDA,44,Naive-last,random,12,1,120,2025-06-27T00:00:00,0.0,0.0176105499267578,results/normalization_pilot_train_zscore/random/NVDA/seed_44/last_baseline_scores_after_observation_20260827_074537.csv
NVDA,44,Naive-last,random,12,2,121,2025-06-30T00:00:00,0.0,0.0191588401794433,results/normalization_pilot_train_zscore/random/NVDA/seed_44/last_baseline_scores_after_observation_20260827_074537.csv
NVDA,44,Naive-last,random,12,3,122,2025-07-01T00:00:00,0.0,-0.0110953450202941,results/normalization_pilot_train_zscore/random/NVDA/seed_44/last_baseline_scores_after_observation_20260827_074537.csv
NVDA,44,Naive-last,random,12,4,123,2025-07-02T00:00:00,0.0,0.0143852233886718,results/normalization_pilot_train_zscore/random/NVDA/seed_44/last_baseline_scores_after_observation_20260827_074537.csv
NVDA,44,Naive-last,random,12,5,124,2025-07-03T00:00:00,0.0,0.027867317199707,results/normalization_pilot_train_zscore/random/NVDA/seed_44/last_baseline_scores_after_observation_20260827_074537.csv
NVDA,44,Naive-last,random,13,1,125,2025-07-07T00:00:00,0.0,-0.0069034099578857,results/normalization_pilot_train_zscore/random/NVDA/seed_44/last_baseline_scores_after_observation_20260827_074537.csv
NVDA,44,Naive-last,random,13,2,126,2025-07-08T00:00:00,0.0,0.0041421651840209,results/normalization_pilot_train_zscore/random/NVDA/seed_44/last_baseline_scores_after_observation_20260827_074537.csv
NVDA,44,Naive-last,random,13,3,127,2025-07-09T00:00:00,0.0,0.0222166776657104,results/normalization_pilot_train_zscore/random/NVDA/seed_44/last_baseline_scores_after_observation_20260827_074537.csv
NVDA,44,Naive-last,random,13,4,128,2025-07-10T00:00:00,0.0,0.029873251914978,results/normalization_pilot_train_zscore/random/NVDA/seed_44/last_baseline_scores_after_observation_20260827_074537.csv
NVDA,44,Naive-last,random,13,5,129,2025-07-11T00:00:00,0.0,0.0350195169448852,results/normalization_pilot_train_zscore/random/NVDA/seed_44/last_baseline_scores_after_observation_20260827_074537.csv
NVDA,44,Naive-last,random,14,1,130,2025-07-14T00:00:00,0.0,-0.0051539540290832,results/normalization_pilot_train_zscore/random/NVDA/seed_44/last_baseline_scores_after_observation_20260827_074537.csv
NVDA,44,Naive-last,random,14,2,131,2025-07-15T00:00:00,0.0,0.0350472927093505,results/normalization_pilot_train_zscore/random/NVDA/seed_44/last_baseline_scores_after_observation_20260827_074537.csv
NVDA,44,Naive-last,random,14,3,132,2025-07-16T00:00:00,0.0,0.0391098260879516,results/normalization_pilot_train_zscore/random/NVDA/seed_44/last_baseline_scores_after_observation_20260827_074537.csv
NVDA,44,Naive-last,random,14,4,133,2025-07-17T00:00:00,0.0,0.0489934682846069,results/normalization_pilot_train_zscore/random/NVDA/seed_44/last_baseline_scores_after_observation_20260827_074537.csv
NVDA,44,Naive-last,random,14,5,134,2025-07-18T00:00:00,0.0,0.0454159975051879,results/normalization_pilot_train_zscore/random/NVDA/seed_44/last_baseline_scores_after_observation_20260827_074537.csv
NVDA,44,Naive-last,random,15,1,135,2025-07-21T00:00:00,0.0,-0.0059741139411926,results/normalization_pilot_train_zscore/random/NVDA/seed_44/last_baseline_scores_after_observation_20260827_074537.csv
NVDA,44,Naive-last,random,15,2,136,2025-07-22T00:00:00,0.0,-0.0312047004699707,results/normalization_pilot_train_zscore/random/NVDA/seed_44/last_baseline_scores_after_observation_20260827_074537.csv
NVDA,44,Naive-last,random,15,3,137,2025-07-23T00:00:00,0.0,-0.0094542503356933,results/normalization_pilot_train_zscore/random/NVDA/seed_44/last_baseline_scores_after_observation_20260827_074537.csv
NVDA,44,Naive-last,random,15,4,138,2025-07-24T00:00:00,0.0,0.0077141523361206,results/normalization_pilot_train_zscore/random/NVDA/seed_44/last_baseline_scores_after_observation_20260827_074537.csv
NVDA,44,Naive-last,random,15,5,139,2025-07-25T00:00:00,0.0,0.0063221454620361,results/normalization_pilot_train_zscore/random/NVDA/seed_44/last_baseline_scores_after_observation_20260827_074537.csv
NVDA,44,Naive-last,random,16,1,140,2025-07-28T00:00:00,0.0,0.018731951713562,results/normalization_pilot_train_zscore/random/NVDA/seed_44/last_baseline_scores_after_observation_20260827_074537.csv
NVDA,44,Naive-last,random,16,2,141,2025-07-29T00:00:00,0.0,0.011584997177124,results/normalization_pilot_train_zscore/random/NVDA/seed_44/last_baseline_scores_after_observation_20260827_074537.csv
NVDA,44,Naive-last,random,16,3,142,2025-07-30T00:00:00,0.0,0.0332565307617187,results/normalization_pilot_train_zscore/random/NVDA/seed_44/last_baseline_scores_after_observation_20260827_074537.csv
NVDA,44,Naive-last,random,16,4,143,2025-07-31T00:00:00,0.0,0.0251872539520263,results/normalization_pilot_train_zscore/random/NVDA/seed_44/last_baseline_scores_after_observation_20260827_074537.csv
NVDA,44,Naive-last,random,16,5,144,2025-08-01T00:00:00,0.0,0.0012680292129516,results/normalization_pilot_train_zscore/random/NVDA/seed_44/last_baseline_scores_after_observation_20260827_074537.csv
NVDA,44,Naive-last,random,17,1,145,2025-08-04T00:00:00,0.0,0.0361500978469848,results/normalization_pilot_train_zscore/random/NVDA/seed_44/last_baseline_scores_after_observation_20260827_074537.csv
NVDA,44,Naive-last,random,17,2,146,2025-08-05T00:00:00,0.0,0.0261340141296386,results/normalization_pilot_train_zscore/random/NVDA/seed_44/last_baseline_scores_after_observation_20260827_074537.csv
NVDA,44,Naive-last,random,17,3,147,2025-08-06T00:00:00,0.0,0.0328114032745361,results/normalization_pilot_train_zscore/random/NVDA/seed_44/last_baseline_scores_after_observation_20260827_074537.csv
NVDA,44,Naive-last,random,17,4,148,2025-08-07T00:00:00,0.0,0.040582537651062,results/normalization_pilot_train_zscore/random/NVDA/seed_44/last_baseline_scores_after_observation_20260827_074537.csv
NVDA,44,Naive-last,random,17,5,149,2025-08-08T00:00:00,0.0,0.0516923666000366,results/normalization_pilot_train_zscore/random/NVDA/seed_44/last_baseline_scores_after_observation_20260827_074537.csv
NVDA,44,Naive-last,random,18,1,150,2025-08-11T00:00:00,0.0,-0.0035030245780944,results/normalization_pilot_train_zscore/random/NVDA/seed_44/last_baseline_scores_after_observation_20260827_074537.csv
NVDA,44,Naive-last,random,18,2,151,2025-08-12T00:00:00,0.0,0.002517819404602,results/normalization_pilot_train_zscore/random/NVDA/seed_44/last_baseline_scores_after_observation_20260827_074537.csv
NVDA,44,Naive-last,random,18,3,152,2025-08-13T00:00:00,0.0,-0.0060755610466003,results/normalization_pilot_train_zscore/random/NVDA/seed_44/last_baseline_scores_after_observation_20260827_074537.csv
NVDA,44,Naive-last,random,18,4,153,2025-08-14T00:00:00,0.0,-0.0037218928337097,results/normalization_pilot_train_zscore/random/NVDA/seed_44/last_baseline_scores_after_observation_20260827_074537.csv
NVDA,44,Naive-last,random,18,5,154,2025-08-15T00:00:00,0.0,-0.0123152732849121,results/normalization_pilot_train_zscore/random/NVDA/seed_44/last_baseline_scores_after_observation_20260827_074537.csv
NVDA,44,Naive-last,random,19,1,155,2025-08-18T00:00:00,0.0,0.0086450576782226,results/normalization_pilot_train_zscore/random/NVDA/seed_44/last_baseline_scores_after_observation_20260827_074537.csv
NVDA,44,Naive-last,random,19,2,156,2025-08-19T00:00:00,0.0,-0.0266555547714233,results/normalization_pilot_train_zscore/random/NVDA/seed_44/last_baseline_scores_after_observation_20260827_074537.csv
NVDA,44,Naive-last,random,19,3,157,2025-08-20T00:00:00,0.0,-0.0279856324195861,results/normalization_pilot_train_zscore/random/NVDA/seed_44/last_baseline_scores_after_observation_20260827_074537.csv
NVDA,44,Naive-last,random,19,4,158,2025-08-21T00:00:00,0.0,-0.0303131341934204,results/normalization_pilot_train_zscore/random/NVDA/seed_44/last_baseline_scores_after_observation_20260827_074537.csv
NVDA,44,Naive-last,random,19,5,159,2025-08-22T00:00:00,0.0,-0.0136325359344482,results/normalization_pilot_train_zscore/random/NVDA/seed_44/last_baseline_scores_after_observation_20260827_074537.csv
NVDA,44,Naive-last,random,20,1,160,2025-08-25T00:00:00,0.0,0.0102252960205078,results/normalization_pilot_train_zscore/random/NVDA/seed_44/last_baseline_scores_after_observation_20260827_074537.csv
NVDA,44,Naive-last,random,20,2,161,2025-08-26T00:00:00,0.0,0.0212371349334716,results/normalization_pilot_train_zscore/random/NVDA/seed_44/last_baseline_scores_after_observation_20260827_074537.csv
NVDA,44,Naive-last,random,20,3,162,2025-08-27T00:00:00,0.0,0.0202820301055908,results/normalization_pilot_train_zscore/random/NVDA/seed_44/last_baseline_scores_after_observation_20260827_074537.csv
NVDA,44,Naive-last,random,20,4,163,2025-08-28T00:00:00,0.0,0.0122478008270263,results/normalization_pilot_train_zscore/random/NVDA/seed_44/last_baseline_scores_after_observation_20260827_074537.csv
NVDA,44,Naive-last,random,20,5,164,2025-08-29T00:00:00,0.0,-0.0214057564735412,results/normalization_pilot_train_zscore/random/NVDA/seed_44/last_baseline_scores_after_observation_20260827_074537.csv
NVDA,44,Naive-last,random,21,1,165,2025-09-02T00:00:00,0.0,-0.0195199847221374,results/normalization_pilot_train_zscore/random/NVDA/seed_44/last_baseline_scores_after_observation_20260827_074537.csv
NVDA,44,Naive-last,random,21,2,166,2025-09-03T00:00:00,0.0,-0.0204386115074157,results/normalization_pilot_train_zscore/random/NVDA/seed_44/last_baseline_scores_after_observation_20260827_074537.csv
NVDA,44,Naive-last,random,21,3,167,2025-09-04T00:00:00,0.0,-0.014467716217041,results/normalization_pilot_train_zscore/random/NVDA/seed_44/last_baseline_scores_after_observation_20260827_074537.csv
NVDA,44,Naive-last,random,21,4,168,2025-09-05T00:00:00,0.0,-0.0411068201065063,results/normalization_pilot_train_zscore/random/NVDA/seed_44/last_baseline_scores_after_observation_20260827_074537.csv
NVDA,44,Naive-last,random,21,5,169,2025-09-08T00:00:00,0.0,-0.0337007641792297,results/normalization_pilot_train_zscore/random/NVDA/seed_44/last_baseline_scores_after_observation_20260827_074537.csv
NVDA,44,Naive-last,random,22,1,170,2025-09-09T00:00:00,0.0,0.0145564079284667,results/normalization_pilot_train_zscore/random/NVDA/seed_44/last_baseline_scores_after_observation_20260827_074537.csv
NVDA,44,Naive-last,random,22,2,171,2025-09-10T00:00:00,0.0,0.0535916090011596,results/normalization_pilot_train_zscore/random/NVDA/seed_44/last_baseline_scores_after_observation_20260827_074537.csv
NVDA,44,Naive-last,random,22,3,172,2025-09-11T00:00:00,0.0,0.0526409149169921,results/normalization_pilot_train_zscore/random/NVDA/seed_44/last_baseline_scores_after_observation_20260827_074537.csv
NVDA,44,Naive-last,random,22,4,173,2025-09-12T00:00:00,0.0,0.0565029382705688,results/normalization_pilot_train_zscore/random/NVDA/seed_44/last_baseline_scores_after_observation_20260827_074537.csv
NVDA,44,Naive-last,random,22,5,174,2025-09-15T00:00:00,0.0,0.0560870170593261,results/normalization_pilot_train_zscore/random/NVDA/seed_44/last_baseline_scores_after_observation_20260827_074537.csv
NVDA,44,Naive-last,random,23,1,175,2025-09-16T00:00:00,0.0,-0.0161462426185607,results/normalization_pilot_train_zscore/random/NVDA/seed_44/last_baseline_scores_after_observation_20260827_074537.csv
NVDA,44,Naive-last,random,23,2,176,2025-09-17T00:00:00,0.0,-0.0419691205024719,results/normalization_pilot_train_zscore/random/NVDA/seed_44/last_baseline_scores_after_observation_20260827_074537.csv
NVDA,44,Naive-last,random,23,3,177,2025-09-18T00:00:00,0.0,-0.0084950327873229,results/normalization_pilot_train_zscore/random/NVDA/seed_44/last_baseline_scores_after_observation_20260827_074537.csv
NVDA,44,Naive-last,random,23,4,178,2025-09-19T00:00:00,0.0,-0.0060759782791137,results/normalization_pilot_train_zscore/random/NVDA/seed_44/last_baseline_scores_after_observation_20260827_074537.csv
NVDA,44,Naive-last,random,23,5,179,2025-09-22T00:00:00,0.0,0.0329676866531372,results/normalization_pilot_train_zscore/random/NVDA/seed_44/last_baseline_scores_after_observation_20260827_074537.csv
NVDA,44,Naive-last,random,24,1,180,2025-09-23T00:00:00,0.0,-0.0282120108604431,results/normalization_pilot_train_zscore/random/NVDA/seed_44/last_baseline_scores_after_observation_20260827_074537.csv
NVDA,44,Naive-last,random,24,2,181,2025-09-24T00:00:00,0.0,-0.0361636281013488,results/normalization_pilot_train_zscore/random/NVDA/seed_44/last_baseline_scores_after_observation_20260827_074537.csv
NVDA,44,Naive-last,random,24,3,182,2025-09-25T00:00:00,0.0,-0.0322422385215759,results/normalization_pilot_train_zscore/random/NVDA/seed_44/last_baseline_scores_after_observation_20260827_074537.csv
NVDA,44,Naive-last,random,24,4,183,2025-09-26T00:00:00,0.0,-0.0295190811157226,results/normalization_pilot_train_zscore/random/NVDA/seed_44/last_baseline_scores_after_observation_20260827_074537.csv
NVDA,44,Naive-last,random,24,5,184,2025-09-29T00:00:00,0.0,-0.0095854997634887,results/normalization_pilot_train_zscore/random/NVDA/seed_44/last_baseline_scores_after_observation_20260827_074537.csv
NVDA,44,Naive-last,random,25,1,185,2025-09-30T00:00:00,0.0,0.0260103940963745,results/normalization_pilot_train_zscore/random/NVDA/seed_44/last_baseline_scores_after_observation_20260827_074537.csv
NVDA,44,Naive-last,random,25,2,186,2025-10-01T00:00:00,0.0,0.0296398401260375,results/normalization_pilot_train_zscore/random/NVDA/seed_44/last_baseline_scores_after_observation_20260827_074537.csv
NVDA,44,Naive-last,random,25,3,187,2025-10-02T00:00:00,0.0,0.0387132167816162,results/normalization_pilot_train_zscore/random/NVDA/seed_44/last_baseline_scores_after_observation_20260827_074537.csv
NVDA,44,Naive-last,random,25,4,188,2025-10-03T00:00:00,0.0,0.0317293405532836,results/normalization_pilot_train_zscore/random/NVDA/seed_44/last_baseline_scores_after_observation_20260827_074537.csv
NVDA,44,Naive-last,random,25,5,189,2025-10-06T00:00:00,0.0,0.0202913284301757,results/normalization_pilot_train_zscore/random/NVDA/seed_44/last_baseline_scores_after_observation_20260827_074537.csv
NVDA,44,Naive-last,random,26,1,190,2025-10-07T00:00:00,0.0,-0.0026948451995849,results/normalization_pilot_train_zscore/random/NVDA/seed_44/last_baseline_scores_after_observation_20260827_074537.csv
NVDA,44,Naive-last,random,26,2,191,2025-10-08T00:00:00,0.0,0.0192412137985229,results/normalization_pilot_train_zscore/random/NVDA/seed_44/last_baseline_scores_after_observation_20260827_074537.csv
NVDA,44,Naive-last,random,26,3,192,2025-10-09T00:00:00,0.0,0.0378894805908203,results/normalization_pilot_train_zscore/random/NVDA/seed_44/last_baseline_scores_after_observation_20260827_074537.csv
NVDA,44,Naive-last,random,26,4,193,2025-10-10T00:00:00,0.0,-0.0128273963928222,results/normalization_pilot_train_zscore/random/NVDA/seed_44/last_baseline_scores_after_observation_20260827_074537.csv
NVDA,44,Naive-last,random,26,5,194,2025-10-13T00:00:00,0.0,0.0149834156036376,results/normalization_pilot_train_zscore/random/NVDA/seed_44/last_baseline_scores_after_observation_20260827_074537.csv
NVDA,44,Naive-last,random,27,1,195,2025-10-14T00:00:00,0.0,-0.0440208315849304,results/normalization_pilot_train_zscore/random/NVDA/seed_44/last_baseline_scores_after_observation_20260827_074537.csv
NVDA,44,Naive-last,random,27,2,196,2025-10-15T00:00:00,0.0,-0.0450828671455383,results/normalization_pilot_train_zscore/random/NVDA/seed_44/last_baseline_scores_after_observation_20260827_074537.csv
NVDA,44,Naive-last,random,27,3,197,2025-10-16T00:00:00,0.0,-0.0345688462257385,results/normalization_pilot_train_zscore/random/NVDA/seed_44/last_baseline_scores_after_observation_20260827_074537.csv
NVDA,44,Naive-last,random,27,4,198,2025-10-17T00:00:00,0.0,-0.0270816087722778,results/normalization_pilot_train_zscore/random/NVDA/seed_44/last_baseline_scores_after_observation_20260827_074537.csv
NVDA,44,Naive-last,random,27,5,199,2025-10-20T00:00:00,0.0,-0.030161440372467,results/normalization_pilot_train_zscore/random/NVDA/seed_44/last_baseline_scores_after_observation_20260827_074537.csv
NVDA,44,Naive-last,random,28,1,200,2025-10-21T00:00:00,0.0,-0.0081033706665039,results/normalization_pilot_train_zscore/random/NVDA/seed_44/last_baseline_scores_after_observation_20260827_074537.csv
NVDA,44,Naive-last,random,28,2,201,2025-10-22T00:00:00,0.0,-0.0129215717315673,results/normalization_pilot_train_zscore/random/NVDA/seed_44/last_baseline_scores_after_observation_20260827_074537.csv
NVDA,44,Naive-last,random,28,3,202,2025-10-23T00:00:00,0.0,-0.0026280879974365,results/normalization_pilot_train_zscore/random/NVDA/seed_44/last_baseline_scores_after_observation_20260827_074537.csv
NVDA,44,Naive-last,random,28,4,203,2025-10-24T00:00:00,0.0,0.0198203325271606,results/normalization_pilot_train_zscore/random/NVDA/seed_44/last_baseline_scores_after_observation_20260827_074537.csv
NVDA,44,Naive-last,random,28,5,204,2025-10-27T00:00:00,0.0,0.0484559535980224,results/normalization_pilot_train_zscore/random/NVDA/seed_44/last_baseline_scores_after_observation_20260827_074537.csv
NVDA,44,Naive-last,random,29,1,205,2025-10-28T00:00:00,0.0,0.0498198270797729,results/normalization_pilot_train_zscore/random/NVDA/seed_44/last_baseline_scores_after_observation_20260827_074537.csv
NVDA,44,Naive-last,random,29,2,206,2025-10-29T00:00:00,0.0,0.0812052488327026,results/normalization_pilot_train_zscore/random/NVDA/seed_44/last_baseline_scores_after_observation_20260827_074537.csv
NVDA,44,Naive-last,random,29,3,207,2025-10-30T00:00:00,0.0,0.0595331192016601,results/normalization_pilot_train_zscore/random/NVDA/seed_44/last_baseline_scores_after_observation_20260827_074537.csv
NVDA,44,Naive-last,random,29,4,208,2025-10-31T00:00:00,0.0,0.0574442148208618,results/normalization_pilot_train_zscore/random/NVDA/seed_44/last_baseline_scores_after_observation_20260827_074537.csv
NVDA,44,Naive-last,random,29,5,209,2025-11-03T00:00:00,0.0,0.0803697109222412,results/normalization_pilot_train_zscore/random/NVDA/seed_44/last_baseline_scores_after_observation_20260827_074537.csv
NVDA,44,Naive-last,random,30,1,210,2025-11-04T00:00:00,0.0,-0.0395881533622741,results/normalization_pilot_train_zscore/random/NVDA/seed_44/last_baseline_scores_after_observation_20260827_074537.csv
NVDA,44,Naive-last,random,30,2,211,2025-11-05T00:00:00,0.0,-0.056409478187561,results/normalization_pilot_train_zscore/random/NVDA/seed_44/last_baseline_scores_after_observation_20260827_074537.csv
NVDA,44,Naive-last,random,30,3,212,2025-11-06T00:00:00,0.0,-0.0908739566802978,results/normalization_pilot_train_zscore/random/NVDA/seed_44/last_baseline_scores_after_observation_20260827_074537.csv
NVDA,44,Naive-last,random,30,4,213,2025-11-07T00:00:00,0.0,-0.0905356407165527,results/normalization_pilot_train_zscore/random/NVDA/seed_44/last_baseline_scores_after_observation_20260827_074537.csv
NVDA,44,Naive-last,random,30,5,214,2025-11-10T00:00:00,0.0,-0.0378480553627014,results/normalization_pilot_train_zscore/random/NVDA/seed_44/last_baseline_scores_after_observation_20260827_074537.csv
NVDA,44,Naive-last,random,31,1,215,2025-11-11T00:00:00,0.0,-0.0295905470848083,results/normalization_pilot_train_zscore/random/NVDA/seed_44/last_baseline_scores_after_observation_20260827_074537.csv
NVDA,44,Naive-last,random,31,2,216,2025-11-12T00:00:00,0.0,-0.0263752937316894,results/normalization_pilot_train_zscore/random/NVDA/seed_44/last_baseline_scores_after_observation_20260827_074537.csv
NVDA,44,Naive-last,random,31,3,217,2025-11-13T00:00:00,0.0,-0.0612409114837646,results/normalization_pilot_train_zscore/random/NVDA/seed_44/last_baseline_scores_after_observation_20260827_074537.csv
NVDA,44,Naive-last,random,31,4,218,2025-11-14T00:00:00,0.0,-0.0446119308471679,results/normalization_pilot_train_zscore/random/NVDA/seed_44/last_baseline_scores_after_observation_20260827_074537.csv
NVDA,44,Naive-last,random,31,5,219,2025-11-17T00:00:00,0.0,-0.0625470876693725,results/normalization_pilot_train_zscore/random/NVDA/seed_44/last_baseline_scores_after_observation_20260827_074537.csv
NVDA,44,Naive-last,random,32,1,220,2025-11-18T00:00:00,0.0,-0.028081476688385,results/normalization_pilot_train_zscore/random/NVDA/seed_44/last_baseline_scores_after_observation_20260827_074537.csv
NVDA,44,Naive-last,random,32,2,221,2025-11-19T00:00:00,0.0,-0.0004287362098693,results/normalization_pilot_train_zscore/random/NVDA/seed_44/last_baseline_scores_after_observation_20260827_074537.csv
NVDA,44,Naive-last,random,32,3,222,2025-11-20T00:00:00,0.0,-0.0319400429725647,results/normalization_pilot_train_zscore/random/NVDA/seed_44/last_baseline_scores_after_observation_20260827_074537.csv
NVDA,44,Naive-last,random,32,4,223,2025-11-21T00:00:00,0.0,-0.0413719415664672,results/normalization_pilot_train_zscore/random/NVDA/seed_44/last_baseline_scores_after_observation_20260827_074537.csv
NVDA,44,Naive-last,random,32,5,224,2025-11-24T00:00:00,0.0,-0.0217041969299316,results/normalization_pilot_train_zscore/random/NVDA/seed_44/last_baseline_scores_after_observation_20260827_074537.csv
NVDA,44,Naive-last,random,33,1,225,2025-11-25T00:00:00,0.0,-0.0259106755256652,results/normalization_pilot_train_zscore/random/NVDA/seed_44/last_baseline_scores_after_observation_20260827_074537.csv
NVDA,44,Naive-last,random,33,2,226,2025-11-26T00:00:00,0.0,-0.012544572353363,results/normalization_pilot_train_zscore/random/NVDA/seed_44/last_baseline_scores_after_observation_20260827_074537.csv
NVDA,44,Naive-last,random,33,3,227,2025-11-28T00:00:00,0.0,-0.030402660369873,results/normalization_pilot_train_zscore/random/NVDA/seed_44/last_baseline_scores_after_observation_20260827_074537.csv
NVDA,44,Naive-last,random,33,4,228,2025-12-01T00:00:00,0.0,-0.0144070386886596,results/normalization_pilot_train_zscore/random/NVDA/seed_44/last_baseline_scores_after_observation_20260827_074537.csv
NVDA,44,Naive-last,random,33,5,229,2025-12-02T00:00:00,0.0,-0.0059709548950195,results/normalization_pilot_train_zscore/random/NVDA/seed_44/last_baseline_scores_after_observation_20260827_074537.csv
NVDA,44,Naive-last,random,34,1,230,2025-12-03T00:00:00,0.0,-0.0103053450584411,results/normalization_pilot_train_zscore/random/NVDA/seed_44/last_baseline_scores_after_observation_20260827_074537.csv
NVDA,44,Naive-last,random,34,2,231,2025-12-04T00:00:00,0.0,0.0105807781219482,results/normalization_pilot_train_zscore/random/NVDA/seed_44/last_baseline_scores_after_observation_20260827_074537.csv
NVDA,44,Naive-last,random,34,3,232,2025-12-05T00:00:00,0.0,0.0052353143692016,results/normalization_pilot_train_zscore/random/NVDA/seed_44/last_baseline_scores_after_observation_20260827_074537.csv
NVDA,44,Naive-last,random,34,4,233,2025-12-08T00:00:00,0.0,0.0225393772125244,results/normalization_pilot_train_zscore/random/NVDA/seed_44/last_baseline_scores_after_observation_20260827_074537.csv
NVDA,44,Naive-last,random,34,5,234,2025-12-09T00:00:00,0.0,0.0193430185317993,results/normalization_pilot_train_zscore/random/NVDA/seed_44/last_baseline_scores_after_observation_20260827_074537.csv
NVDA,44,Naive-last,random,35,1,235,2025-12-10T00:00:00,0.0,-0.0064334869384765,results/normalization_pilot_train_zscore/random/NVDA/seed_44/last_baseline_scores_after_observation_20260827_074537.csv
NVDA,44,Naive-last,random,35,2,236,2025-12-11T00:00:00,0.0,-0.0218414068222045,results/normalization_pilot_train_zscore/random/NVDA/seed_44/last_baseline_scores_after_observation_20260827_074537.csv
NVDA,44,Naive-last,random,35,3,237,2025-12-12T00:00:00,0.0,-0.0537924766540527,results/normalization_pilot_train_zscore/random/NVDA/seed_44/last_baseline_scores_after_observation_20260827_074537.csv
NVDA,44,Naive-last,random,35,4,238,2025-12-15T00:00:00,0.0,-0.0469265580177307,results/normalization_pilot_train_zscore/random/NVDA/seed_44/last_baseline_scores_after_observation_20260827_074537.csv
NVDA,44,Naive-last,random,35,5,239,2025-12-16T00:00:00,0.0,-0.0391955375671386,results/normalization_pilot_train_zscore/random/NVDA/seed_44/last_baseline_scores_after_observation_20260827_074537.csv
NVDA,44,Naive-last,random,36,1,240,2025-12-17T00:00:00,0.0,-0.0381498932838439,results/normalization_pilot_train_zscore/random/NVDA/seed_44/last_baseline_scores_after_observation_20260827_074537.csv
NVDA,44,Naive-last,random,36,2,241,2025-12-18T00:00:00,0.0,-0.0201440453529357,results/normalization_pilot_train_zscore/random/NVDA/seed_44/last_baseline_scores_after_observation_20260827_074537.csv
NVDA,44,Naive-last,random,36,3,242,2025-12-19T00:00:00,0.0,0.0183997154235839,results/normalization_pilot_train_zscore/random/NVDA/seed_44/last_baseline_scores_after_observation_20260827_074537.csv
NVDA,44,Naive-last,random,36,4,243,2025-12-22T00:00:00,0.0,0.0335922241210937,results/normalization_pilot_train_zscore/random/NVDA/seed_44/last_baseline_scores_after_observation_20260827_074537.csv
NVDA,44,Naive-last,random,36,5,244,2025-12-23T00:00:00,0.0,0.0646523237228393,results/normalization_pilot_train_zscore/random/NVDA/seed_44/last_baseline_scores_after_observation_20260827_074537.csv
NVDA,44,Naive-last,random,37,1,245,2025-12-24T00:00:00,0.0,-0.0031710863113403,results/normalization_pilot_train_zscore/random/NVDA/seed_44/last_baseline_scores_after_observation_20260827_074537.csv
NVDA,44,Naive-last,random,37,2,246,2025-12-26T00:00:00,0.0,0.0069763660430908,results/normalization_pilot_train_zscore/random/NVDA/seed_44/last_baseline_scores_after_observation_20260827_074537.csv
NVDA,44,Naive-last,random,37,3,247,2025-12-29T00:00:00,0.0,-0.0052323341369628,results/normalization_pilot_train_zscore/random/NVDA/seed_44/last_baseline_scores_after_observation_20260827_074537.csv
NVDA,44,Naive-last,random,37,4,248,2025-12-30T00:00:00,0.0,-0.0088262557983398,results/normalization_pilot_train_zscore/random/NVDA/seed_44/last_baseline_scores_after_observation_20260827_074537.csv
NVDA,44,Naive-last,random,37,5,249,2025-12-31T00:00:00,0.0,-0.0143227577209472,results/normalization_pilot_train_zscore/random/NVDA/seed_44/last_baseline_scores_after_observation_20260827_074537.csv
NVDA,44,Mean-context,random,0,1,60,2025-04-01T00:00:00,-0.0032174517400562,0.0163314342498779,results/normalization_pilot_train_zscore/random/NVDA/seed_44/last_baseline_scores_after_observation_20260827_074537.csv
NVDA,44,Mean-context,random,0,2,61,2025-04-02T00:00:00,-0.0064245513640344,0.0188226699829101,results/normalization_pilot_train_zscore/random/NVDA/seed_44/last_baseline_scores_after_observation_20260827_074537.csv
NVDA,44,Mean-context,random,0,3,62,2025-04-03T00:00:00,-0.0096213323995471,-0.0607122778892517,results/normalization_pilot_train_zscore/random/NVDA/seed_44/last_baseline_scores_after_observation_20260827_074537.csv
NVDA,44,Mean-context,random,0,4,63,2025-04-04T00:00:00,-0.012807828374207,-0.1298210024833679,results/normalization_pilot_train_zscore/random/NVDA/seed_44/last_baseline_scores_after_observation_20260827_074537.csv
NVDA,44,Mean-context,random,0,5,64,2025-04-07T00:00:00,-0.0159840714186429,-0.0990957617759704,results/normalization_pilot_train_zscore/random/NVDA/seed_44/last_baseline_scores_after_observation_20260827_074537.csv
NVDA,44,Mean-context,random,1,1,65,2025-04-08T00:00:00,-0.004642189014703,-0.0137238502502441,results/normalization_pilot_train_zscore/random/NVDA/seed_44/last_baseline_scores_after_observation_20260827_074537.csv
NVDA,44,Mean-context,random,1,2,66,2025-04-09T00:00:00,-0.009262828156352,0.1709340810775756,results/normalization_pilot_train_zscore/random/NVDA/seed_44/last_baseline_scores_after_observation_20260827_074537.csv
NVDA,44,Mean-context,random,1,3,67,2025-04-10T00:00:00,-0.0138620166108012,0.1017000675201416,results/normalization_pilot_train_zscore/random/NVDA/seed_44/last_baseline_scores_after_observation_20260827_074537.csv
NVDA,44,Mean-context,random,1,4,68,2025-04-11T00:00:00,-0.0184398554265499,0.1361122131347656,results/normalization_pilot_train_zscore/random/NVDA/seed_44/last_baseline_scores_after_observation_20260827_074537.csv
NVDA,44,Mean-context,random,1,5,69,2025-04-14T00:00:00,-0.0229964423924684,0.1338590383529663,results/normalization_pilot_train_zscore/random/NVDA/seed_44/last_baseline_scores_after_observation_20260827_074537.csv
NVDA,44,Mean-context,random,2,1,70,2025-04-15T00:00:00,-0.0024560415185987,0.0134586095809936,results/normalization_pilot_train_zscore/random/NVDA/seed_44/last_baseline_scores_after_observation_20260827_074537.csv
NVDA,44,Mean-context,random,2,2,71,2025-04-16T00:00:00,-0.004906051326543,-0.0561828017234802,results/normalization_pilot_train_zscore/random/NVDA/seed_44/last_baseline_scores_after_observation_20260827_074537.csv
NVDA,44,Mean-context,random,2,3,72,2025-04-17T00:00:00,-0.0073500433936715,-0.0832806825637817,results/normalization_pilot_train_zscore/random/NVDA/seed_44/last_baseline_scores_after_observation_20260827_074537.csv
NVDA,44,Mean-context,random,2,4,73,2025-04-21T00:00:00,-0.0097880326211452,-0.1246499419212341,results/normalization_pilot_train_zscore/random/NVDA/seed_44/last_baseline_scores_after_observation_20260827_074537.csv
NVDA,44,Mean-context,random,2,5,74,2025-04-22T00:00:00,-0.0122200343757867,-0.1067654490470886,results/normalization_pilot_train_zscore/random/NVDA/seed_44/last_baseline_scores_after_observation_20260827_074537.csv
NVDA,44,Mean-context,random,3,1,75,2025-04-23T00:00:00,-0.0020445599220693,0.0386288166046142,results/normalization_pilot_train_zscore/random/NVDA/seed_44/last_baseline_scores_after_observation_20260827_074537.csv
NVDA,44,Mean-context,random,3,2,76,2025-04-24T00:00:00,-0.0040849396027624,0.0762463808059692,results/normalization_pilot_train_zscore/random/NVDA/seed_44/last_baseline_scores_after_observation_20260827_074537.csv
NVDA,44,Mean-context,random,3,3,77,2025-04-25T00:00:00,-0.0061211474239826,0.1225605010986328,results/normalization_pilot_train_zscore/random/NVDA/seed_44/last_baseline_scores_after_observation_20260827_074537.csv
NVDA,44,Mean-context,random,3,4,78,2025-04-28T00:00:00,-0.0081531917676329,0.0995045900344848,results/normalization_pilot_train_zscore/random/NVDA/seed_44/last_baseline_scores_after_observation_20260827_074537.csv
NVDA,44,Mean-context,random,3,5,79,2025-04-29T00:00:00,-0.0101810824126005,0.1024370193481445,results/normalization_pilot_train_zscore/random/NVDA/seed_44/last_baseline_scores_after_observation_20260827_074537.csv
NVDA,44,Mean-context,random,4,1,80,2025-04-30T00:00:00,-0.0001933041930897,-0.0009172558784484,results/normalization_pilot_train_zscore/random/NVDA/seed_44/last_baseline_scores_after_observation_20260827_074537.csv
NVDA,44,Mean-context,random,4,2,81,2025-05-01T00:00:00,-0.0003865710168611,0.0237571001052856,results/normalization_pilot_train_zscore/random/NVDA/seed_44/last_baseline_scores_after_observation_20260827_074537.csv
NVDA,44,Mean-context,random,4,3,82,2025-05-02T00:00:00,-0.0005798004567623,0.0502660274505615,results/normalization_pilot_train_zscore/random/NVDA/seed_44/last_baseline_scores_after_observation_20260827_074537.csv
NVDA,44,Mean-context,random,4,4,83,2025-05-05T00:00:00,-0.0007729926146566,0.0440286397933959,results/normalization_pilot_train_zscore/random/NVDA/seed_44/last_baseline_scores_after_observation_20260827_074537.csv
NVDA,44,Mean-context,random,4,5,84,2025-05-06T00:00:00,-0.000966147345025,0.0414602756500244,results/normalization_pilot_train_zscore/random/NVDA/seed_44/last_baseline_scores_after_observation_20260827_074537.csv
NVDA,44,Mean-context,random,5,1,85,2025-05-07T00:00:00,-0.0018281113589182,0.0310022830963134,results/normalization_pilot_train_zscore/random/NVDA/seed_44/last_baseline_scores_after_observation_20260827_074537.csv
NVDA,44,Mean-context,random,5,2,86,2025-05-08T00:00:00,-0.0036528806667774,0.0337326526641845,results/normalization_pilot_train_zscore/random/NVDA/seed_44/last_baseline_scores_after_observation_20260827_074537.csv
NVDA,44,Mean-context,random,5,3,87,2025-05-09T00:00:00,-0.0054743140935897,0.0273911952972412,results/normalization_pilot_train_zscore/random/NVDA/seed_44/last_baseline_scores_after_observation_20260827_074537.csv
NVDA,44,Mean-context,random,5,4,88,2025-05-12T00:00:00,-0.0072924178093671,0.0833185911178588,results/normalization_pilot_train_zscore/random/NVDA/seed_44/last_baseline_scores_after_observation_20260827_074537.csv
NVDA,44,Mean-context,random,5,5,89,2025-05-13T00:00:00,-0.0091071976348757,0.1443543434143066,results/normalization_pilot_train_zscore/random/NVDA/seed_44/last_baseline_scores_after_observation_20260827_074537.csv
NVDA,44,Mean-context,random,6,1,90,2025-05-14T00:00:00,-0.0002240743779111,0.0416377782821655,results/normalization_pilot_train_zscore/random/NVDA/seed_44/last_baseline_scores_after_observation_20260827_074537.csv
NVDA,44,Mean-context,random,6,2,91,2025-05-15T00:00:00,-0.0004480985517147,0.0377126932144165,results/normalization_pilot_train_zscore/random/NVDA/seed_44/last_baseline_scores_after_observation_20260827_074537.csv
NVDA,44,Mean-context,random,6,3,92,2025-05-16T00:00:00,-0.0006720725214108,0.0420995950698852,results/normalization_pilot_train_zscore/random/NVDA/seed_44/last_baseline_scores_after_observation_20260827_074537.csv
NVDA,44,Mean-context,random,6,4,93,2025-05-19T00:00:00,-0.000895996345207,0.0434081554412841,results/normalization_pilot_train_zscore/random/NVDA/seed_44/last_baseline_scores_after_observation_20260827_074537.csv
NVDA,44,Mean-context,random,6,5,94,2025-05-20T00:00:00,-0.0011198699939996,0.0342493057250976,results/normalization_pilot_train_zscore/random/NVDA/seed_44/last_baseline_scores_after_observation_20260827_074537.csv
NVDA,44,Mean-context,random,7,1,95,2025-05-21T00:00:00,0.0019606910645961,-0.0191993117332458,results/normalization_pilot_train_zscore/random/NVDA/seed_44/last_baseline_scores_after_observation_20260827_074537.csv
NVDA,44,Mean-context,random,7,2,96,2025-05-22T00:00:00,0.0039252266287803,-0.0115344524383544,results/normalization_pilot_train_zscore/random/NVDA/seed_44/last_baseline_scores_after_observation_20260827_074537.csv
NVDA,44,Mean-context,random,7,3,97,2025-05-23T00:00:00,0.0058936136774718,-0.022994577884674,results/normalization_pilot_train_zscore/random/NVDA/seed_44/last_baseline_scores_after_observation_20260827_074537.csv
NVDA,44,Mean-context,random,7,4,98,2025-05-27T00:00:00,0.0078658601269125,0.0083345174789428,results/normalization_pilot_train_zscore/random/NVDA/seed_44/last_baseline_scores_after_observation_20260827_074537.csv
NVDA,44,Mean-context,random,7,5,99,2025-05-28T00:00:00,0.0098419738933444,0.003199815750122,results/normalization_pilot_train_zscore/random/NVDA/seed_44/last_baseline_scores_after_observation_20260827_074537.csv
NVDA,44,Mean-context,random,8,1,100,2025-05-29T00:00:00,0.0033567880745977,0.0324902534484863,results/normalization_pilot_train_zscore/random/NVDA/seed_44/last_baseline_scores_after_observation_20260827_074537.csv
NVDA,44,Mean-context,random,8,2,101,2025-05-30T00:00:00,0.0067248442210257,0.0023738145828247,results/normalization_pilot_train_zscore/random/NVDA/seed_44/last_baseline_scores_after_observation_20260827_074537.csv
NVDA,44,Mean-context,random,8,3,102,2025-06-02T00:00:00,0.0101042063906788,0.0190639495849609,results/normalization_pilot_train_zscore/random/NVDA/seed_44/last_baseline_scores_after_observation_20260827_074537.csv
NVDA,44,Mean-context,random,8,4,103,2025-06-03T00:00:00,0.0134949116036295,0.0475484132766723,results/normalization_pilot_train_zscore/random/NVDA/seed_44/last_baseline_scores_after_observation_20260827_074537.csv
NVDA,44,Mean-context,random,8,5,104,2025-06-04T00:00:00,0.0168969985097646,0.0527409315109252,results/normalization_pilot_train_zscore/random/NVDA/seed_44/last_baseline_scores_after_observation_20260827_074537.csv
NVDA,44,Mean-context,random,9,1,105,2025-06-05T00:00:00,0.0052859182469546,-0.013599157333374,results/normalization_pilot_train_zscore/random/NVDA/seed_44/last_baseline_scores_after_observation_20260827_074537.csv
NVDA,44,Mean-context,random,9,2,106,2025-06-06T00:00:00,0.0105997771024703,-0.0014092326164245,results/normalization_pilot_train_zscore/random/NVDA/seed_44/last_baseline_scores_after_observation_20260827_074537.csv
NVDA,44,Mean-context,random,9,3,107,2025-06-09T00:00:00,0.0159417241811752,0.0050028562545776,results/normalization_pilot_train_zscore/random/NVDA/seed_44/last_baseline_scores_after_observation_20260827_074537.csv
NVDA,44,Mean-context,random,9,4,108,2025-06-10T00:00:00,0.0213119089603424,0.0143743753433227,results/normalization_pilot_train_zscore/random/NVDA/seed_44/last_baseline_scores_after_observation_20260827_074537.csv
NVDA,44,Mean-context,random,9,5,109,2025-06-11T00:00:00,0.0267104804515838,0.0064121484756469,results/normalization_pilot_train_zscore/random/NVDA/seed_44/last_baseline_scores_after_observation_20260827_074537.csv
NVDA,44,Mean-context,random,10,1,110,2025-06-12T00:00:00,0.004320808686316,0.0151928663253784,results/normalization_pilot_train_zscore/random/NVDA/seed_44/last_baseline_scores_after_observation_20260827_074537.csv
NVDA,44,Mean-context,random,10,2,111,2025-06-13T00:00:00,0.0086602866649627,-0.0060211420059204,results/normalization_pilot_train_zscore/random/NVDA/seed_44/last_baseline_scores_after_observation_20260827_074537.csv
NVDA,44,Mean-context,random,10,3,112,2025-06-16T00:00:00,0.0130185149610042,0.0130224227905273,results/normalization_pilot_train_zscore/random/NVDA/seed_44/last_baseline_scores_after_observation_20260827_074537.csv
NVDA,44,Mean-context,random,10,4,113,2025-06-17T00:00:00,0.0173955745995044,0.0090316534042358,results/normalization_pilot_train_zscore/random/NVDA/seed_44/last_baseline_scores_after_observation_20260827_074537.csv
NVDA,44,Mean-context,random,10,5,114,2025-06-18T00:00:00,0.0217915456742048,0.0185534954071044,results/normalization_pilot_train_zscore/random/NVDA/seed_44/last_baseline_scores_after_observation_20260827_074537.csv
NVDA,44,Mean-context,random,11,1,115,2025-06-20T00:00:00,0.003874433459714,-0.0112042427062988,results/normalization_pilot_train_zscore/random/NVDA/seed_44/last_baseline_scores_after_observation_20260827_074537.csv
NVDA,44,Mean-context,random,11,2,116,2025-06-23T00:00:00,0.007763878442347,-0.0090046525001525,results/normalization_pilot_train_zscore/random/NVDA/seed_44/last_baseline_scores_after_observation_20260827_074537.csv
NVDA,44,Mean-context,random,11,3,117,2025-06-24T00:00:00,0.0116683924570679,0.0166345834732055,results/normalization_pilot_train_zscore/random/NVDA/seed_44/last_baseline_scores_after_observation_20260827_074537.csv
NVDA,44,Mean-context,random,11,4,118,2025-06-25T00:00:00,0.0155880348756909,0.0606956481933593,results/normalization_pilot_train_zscore/random/NVDA/seed_44/last_baseline_scores_after_observation_20260827_074537.csv
NVDA,44,Mean-context,random,11,5,119,2025-06-26T00:00:00,0.019522862508893,0.0655760765075683,results/normalization_pilot_train_zscore/random/NVDA/seed_44/last_baseline_scores_after_observation_20260827_074537.csv
NVDA,44,Mean-context,random,12,1,120,2025-06-27T00:00:00,0.0064839445985853,0.0176105499267578,results/normalization_pilot_train_zscore/random/NVDA/seed_44/last_baseline_scores_after_observation_20260827_074537.csv
NVDA,44,Mean-context,random,12,2,121,2025-06-30T00:00:00,0.013009930960834,0.0191588401794433,results/normalization_pilot_train_zscore/random/NVDA/seed_44/last_baseline_scores_after_observation_20260827_074537.csv
NVDA,44,Mean-context,random,12,3,122,2025-07-01T00:00:00,0.019578231498599,-0.0110953450202941,results/normalization_pilot_train_zscore/random/NVDA/seed_44/last_baseline_scores_after_observation_20260827_074537.csv
NVDA,44,Mean-context,random,12,4,123,2025-07-02T00:00:00,0.0261891186237335,0.0143852233886718,results/normalization_pilot_train_zscore/random/NVDA/seed_44/last_baseline_scores_after_observation_20260827_074537.csv
NVDA,44,Mean-context,random,12,5,124,2025-07-03T00:00:00,0.0328428745269775,0.027867317199707,results/normalization_pilot_train_zscore/random/NVDA/seed_44/last_baseline_scores_after_observation_20260827_074537.csv
NVDA,44,Mean-context,random,13,1,125,2025-07-07T00:00:00,0.0091298539191484,-0.0069034099578857,results/normalization_pilot_train_zscore/random/NVDA/seed_44/last_baseline_scores_after_observation_20260827_074537.csv
NVDA,44,Mean-context,random,13,2,126,2025-07-08T00:00:00,0.0183430630713701,0.0041421651840209,results/normalization_pilot_train_zscore/random/NVDA/seed_44/last_baseline_scores_after_observation_20260827_074537.csv
NVDA,44,Mean-context,random,13,3,127,2025-07-09T00:00:00,0.0276403874158859,0.0222166776657104,results/normalization_pilot_train_zscore/random/NVDA/seed_44/last_baseline_scores_after_observation_20260827_074537.csv
NVDA,44,Mean-context,random,13,4,128,2025-07-10T00:00:00,0.0370225943624973,0.029873251914978,results/normalization_pilot_train_zscore/random/NVDA/seed_44/last_baseline_scores_after_observation_20260827_074537.csv
NVDA,44,Mean-context,random,13,5,129,2025-07-11T00:00:00,0.0464904569089412,0.0350195169448852,results/normalization_pilot_train_zscore/random/NVDA/seed_44/last_baseline_scores_after_observation_20260827_074537.csv
NVDA,44,Mean-context,random,14,1,130,2025-07-14T00:00:00,0.0068229879252612,-0.0051539540290832,results/normalization_pilot_train_zscore/random/NVDA/seed_44/last_baseline_scores_after_observation_20260827_074537.csv
NVDA,44,Mean-context,random,14,2,131,2025-07-15T00:00:00,0.0136925289407372,0.0350472927093505,results/normalization_pilot_train_zscore/random/NVDA/seed_44/last_baseline_scores_after_observation_20260827_074537.csv
NVDA,44,Mean-context,random,14,3,132,2025-07-16T00:00:00,0.0206089410930871,0.0391098260879516,results/normalization_pilot_train_zscore/random/NVDA/seed_44/last_baseline_scores_after_observation_20260827_074537.csv
NVDA,44,Mean-context,random,14,4,133,2025-07-17T00:00:00,0.0275725442916154,0.0489934682846069,results/normalization_pilot_train_zscore/random/NVDA/seed_44/last_baseline_scores_after_observation_20260827_074537.csv
NVDA,44,Mean-context,random,14,5,134,2025-07-18T00:00:00,0.0345836579799652,0.0454159975051879,results/normalization_pilot_train_zscore/random/NVDA/seed_44/last_baseline_scores_after_observation_20260827_074537.csv
NVDA,44,Mean-context,random,15,1,135,2025-07-21T00:00:00,0.0090056443586945,-0.0059741139411926,results/normalization_pilot_train_zscore/random/NVDA/seed_44/last_baseline_scores_after_observation_20260827_074537.csv
NVDA,44,Mean-context,random,15,2,136,2025-07-22T00:00:00,0.0180923901498317,-0.0312047004699707,results/normalization_pilot_train_zscore/random/NVDA/seed_44/last_baseline_scores_after_observation_20260827_074537.csv
NVDA,44,Mean-context,random,15,3,137,2025-07-23T00:00:00,0.0272609684616327,-0.0094542503356933,results/normalization_pilot_train_zscore/random/NVDA/seed_44/last_baseline_scores_after_observation_20260827_074537.csv
NVDA,44,Mean-context,random,15,4,138,2025-07-24T00:00:00,0.036512117832899,0.0077141523361206,results/normalization_pilot_train_zscore/random/NVDA/seed_44/last_baseline_scores_after_observation_20260827_074537.csv
NVDA,44,Mean-context,random,15,5,139,2025-07-25T00:00:00,0.0458465740084648,0.0063221454620361,results/normalization_pilot_train_zscore/random/NVDA/seed_44/last_baseline_scores_after_observation_20260827_074537.csv
NVDA,44,Mean-context,random,16,1,140,2025-07-28T00:00:00,0.0081002712249755,0.018731951713562,results/normalization_pilot_train_zscore/random/NVDA/seed_44/last_baseline_scores_after_observation_20260827_074537.csv
NVDA,44,Mean-context,random,16,2,141,2025-07-29T00:00:00,0.0162661559879779,0.011584997177124,results/normalization_pilot_train_zscore/random/NVDA/seed_44/last_baseline_scores_after_observation_20260827_074537.csv
NVDA,44,Mean-context,random,16,3,142,2025-07-30T00:00:00,0.0244981870055198,0.0332565307617187,results/normalization_pilot_train_zscore/random/NVDA/seed_44/last_baseline_scores_after_observation_20260827_074537.csv
NVDA,44,Mean-context,random,16,4,143,2025-07-31T00:00:00,0.0327969007194042,0.0251872539520263,results/normalization_pilot_train_zscore/random/NVDA/seed_44/last_baseline_scores_after_observation_20260827_074537.csv
NVDA,44,Mean-context,random,16,5,144,2025-08-01T00:00:00,0.041162833571434,0.0012680292129516,results/normalization_pilot_train_zscore/random/NVDA/seed_44/last_baseline_scores_after_observation_20260827_074537.csv
NVDA,44,Mean-context,random,17,1,145,2025-08-04T00:00:00,0.0068935672752559,0.0361500978469848,results/normalization_pilot_train_zscore/random/NVDA/seed_44/last_baseline_scores_after_observation_20260827_074537.csv
NVDA,44,Mean-context,random,17,2,146,2025-08-05T00:00:00,0.0138346562162041,0.0261340141296386,results/normalization_pilot_train_zscore/random/NVDA/seed_44/last_baseline_scores_after_observation_20260827_074537.csv
NVDA,44,Mean-context,random,17,3,147,2025-08-06T00:00:00,0.0208235941827297,0.0328114032745361,results/normalization_pilot_train_zscore/random/NVDA/seed_44/last_baseline_scores_after_observation_20260827_074537.csv
NVDA,44,Mean-context,random,17,4,148,2025-08-07T00:00:00,0.0278607085347175,0.040582537651062,results/normalization_pilot_train_zscore/random/NVDA/seed_44/last_baseline_scores_after_observation_20260827_074537.csv
NVDA,44,Mean-context,random,17,5,149,2025-08-08T00:00:00,0.0349463373422622,0.0516923666000366,results/normalization_pilot_train_zscore/random/NVDA/seed_44/last_baseline_scores_after_observation_20260827_074537.csv
NVDA,44,Mean-context,random,18,1,150,2025-08-11T00:00:00,0.0052369935438036,-0.0035030245780944,results/normalization_pilot_train_zscore/random/NVDA/seed_44/last_baseline_scores_after_observation_20260827_074537.csv
NVDA,44,Mean-context,random,18,2,151,2025-08-12T00:00:00,0.0105014136061072,0.002517819404602,results/normalization_pilot_train_zscore/random/NVDA/seed_44/last_baseline_scores_after_observation_20260827_074537.csv
NVDA,44,Mean-context,random,18,3,152,2025-08-13T00:00:00,0.0157934036105871,-0.0060755610466003,results/normalization_pilot_train_zscore/random/NVDA/seed_44/last_baseline_scores_after_observation_20260827_074537.csv
NVDA,44,Mean-context,random,18,4,153,2025-08-14T00:00:00,0.0211131069809198,-0.0037218928337097,results/normalization_pilot_train_zscore/random/NVDA/seed_44/last_baseline_scores_after_observation_20260827_074537.csv
NVDA,44,Mean-context,random,18,5,154,2025-08-15T00:00:00,0.0264606699347496,-0.0123152732849121,results/normalization_pilot_train_zscore/random/NVDA/seed_44/last_baseline_scores_after_observation_20260827_074537.csv
NVDA,44,Mean-context,random,19,1,155,2025-08-18T00:00:00,0.0054738060571253,0.0086450576782226,results/normalization_pilot_train_zscore/random/NVDA/seed_44/last_baseline_scores_after_observation_20260827_074537.csv
NVDA,44,Mean-context,random,19,2,156,2025-08-19T00:00:00,0.0109775746241211,-0.0266555547714233,results/normalization_pilot_train_zscore/random/NVDA/seed_44/last_baseline_scores_after_observation_20260827_074537.csv
NVDA,44,Mean-context,random,19,3,157,2025-08-20T00:00:00,0.0165114700794219,-0.0279856324195861,results/normalization_pilot_train_zscore/random/NVDA/seed_44/last_baseline_scores_after_observation_20260827_074537.csv
NVDA,44,Mean-context,random,19,4,158,2025-08-21T00:00:00,0.0220756568014621,-0.0303131341934204,results/normalization_pilot_train_zscore/random/NVDA/seed_44/last_baseline_scores_after_observation_20260827_074537.csv
NVDA,44,Mean-context,random,19,5,159,2025-08-22T00:00:00,0.0276703014969825,-0.0136325359344482,results/normalization_pilot_train_zscore/random/NVDA/seed_44/last_baseline_scores_after_observation_20260827_074537.csv
NVDA,44,Mean-context,random,20,1,160,2025-08-25T00:00:00,0.0043111387640237,0.0102252960205078,results/normalization_pilot_train_zscore/random/NVDA/seed_44/last_baseline_scores_after_observation_20260827_074537.csv
NVDA,44,Mean-context,random,20,2,161,2025-08-26T00:00:00,0.0086408639326691,0.0212371349334716,results/normalization_pilot_train_zscore/random/NVDA/seed_44/last_baseline_scores_after_observation_20260827_074537.csv
NVDA,44,Mean-context,random,20,3,162,2025-08-27T00:00:00,0.0129892546683549,0.0202820301055908,results/normalization_pilot_train_zscore/random/NVDA/seed_44/last_baseline_scores_after_observation_20260827_074537.csv
NVDA,44,Mean-context,random,20,4,163,2025-08-28T00:00:00,0.0173563919961452,0.0122478008270263,results/normalization_pilot_train_zscore/random/NVDA/seed_44/last_baseline_scores_after_observation_20260827_074537.csv
NVDA,44,Mean-context,random,20,5,164,2025-08-29T00:00:00,0.0217423569411039,-0.0214057564735412,results/normalization_pilot_train_zscore/random/NVDA/seed_44/last_baseline_scores_after_observation_20260827_074537.csv
NVDA,44,Mean-context,random,21,1,165,2025-09-02T00:00:00,0.0038412818685173,-0.0195199847221374,results/normalization_pilot_train_zscore/random/NVDA/seed_44/last_baseline_scores_after_observation_20260827_074537.csv
NVDA,44,Mean-context,random,21,2,166,2025-09-03T00:00:00,0.0076973191462457,-0.0204386115074157,results/normalization_pilot_train_zscore/random/NVDA/seed_44/last_baseline_scores_after_observation_20260827_074537.csv
NVDA,44,Mean-context,random,21,3,167,2025-09-04T00:00:00,0.0115681681782007,-0.014467716217041,results/normalization_pilot_train_zscore/random/NVDA/seed_44/last_baseline_scores_after_observation_20260827_074537.csv
NVDA,44,Mean-context,random,21,4,168,2025-09-05T00:00:00,0.0154538862407207,-0.0411068201065063,results/normalization_pilot_train_zscore/random/NVDA/seed_44/last_baseline_scores_after_observation_20260827_074537.csv
NVDA,44,Mean-context,random,21,5,169,2025-09-08T00:00:00,0.0193545315414667,-0.0337007641792297,results/normalization_pilot_train_zscore/random/NVDA/seed_44/last_baseline_scores_after_observation_20260827_074537.csv
NVDA,44,Mean-context,random,22,1,170,2025-09-09T00:00:00,0.0026698326691985,0.0145564079284667,results/normalization_pilot_train_zscore/random/NVDA/seed_44/last_baseline_scores_after_observation_20260827_074537.csv
NVDA,44,Mean-context,random,22,2,171,2025-09-10T00:00:00,0.0053467936813831,0.0535916090011596,results/normalization_pilot_train_zscore/random/NVDA/seed_44/last_baseline_scores_after_observation_20260827_074537.csv
NVDA,44,Mean-context,random,22,3,172,2025-09-11T00:00:00,0.0080309016630053,0.0526409149169921,results/normalization_pilot_train_zscore/random/NVDA/seed_44/last_baseline_scores_after_observation_20260827_074537.csv
NVDA,44,Mean-context,random,22,4,173,2025-09-12T00:00:00,0.0107221752405166,0.0565029382705688,results/normalization_pilot_train_zscore/random/NVDA/seed_44/last_baseline_scores_after_observation_20260827_074537.csv
NVDA,44,Mean-context,random,22,5,174,2025-09-15T00:00:00,0.0134206349030137,0.0560870170593261,results/normalization_pilot_train_zscore/random/NVDA/seed_44/last_baseline_scores_after_observation_20260827_074537.csv
NVDA,44,Mean-context,random,23,1,175,2025-09-16T00:00:00,0.0037350724451243,-0.0161462426185607,results/normalization_pilot_train_zscore/random/NVDA/seed_44/last_baseline_scores_after_observation_20260827_074537.csv
NVDA,44,Mean-context,random,23,2,176,2025-09-17T00:00:00,0.0074840956367552,-0.0419691205024719,results/normalization_pilot_train_zscore/random/NVDA/seed_44/last_baseline_scores_after_observation_20260827_074537.csv
NVDA,44,Mean-context,random,23,3,177,2025-09-18T00:00:00,0.0112471217289567,-0.0084950327873229,results/normalization_pilot_train_zscore/random/NVDA/seed_44/last_baseline_scores_after_observation_20260827_074537.csv
NVDA,44,Mean-context,random,23,4,178,2025-09-19T00:00:00,0.0150242028757929,-0.0060759782791137,results/normalization_pilot_train_zscore/random/NVDA/seed_44/last_baseline_scores_after_observation_20260827_074537.csv
NVDA,44,Mean-context,random,23,5,179,2025-09-22T00:00:00,0.0188153907656669,0.0329676866531372,results/normalization_pilot_train_zscore/random/NVDA/seed_44/last_baseline_scores_after_observation_20260827_074537.csv
NVDA,44,Mean-context,random,24,1,180,2025-09-23T00:00:00,0.002728649880737,-0.0282120108604431,results/normalization_pilot_train_zscore/random/NVDA/seed_44/last_baseline_scores_after_observation_20260827_074537.csv
NVDA,44,Mean-context,random,24,2,181,2025-09-24T00:00:00,0.0054647452197968,-0.0361636281013488,results/normalization_pilot_train_zscore/random/NVDA/seed_44/last_baseline_scores_after_observation_20260827_074537.csv
NVDA,44,Mean-context,random,24,3,182,2025-09-25T00:00:00,0.0082083065062761,-0.0322422385215759,results/normalization_pilot_train_zscore/random/NVDA/seed_44/last_baseline_scores_after_observation_20260827_074537.csv
NVDA,44,Mean-context,random,24,4,183,2025-09-26T00:00:00,0.0109593542292714,-0.0295190811157226,results/normalization_pilot_train_zscore/random/NVDA/seed_44/last_baseline_scores_after_observation_20260827_074537.csv
NVDA,44,Mean-context,random,24,5,184,2025-09-29T00:00:00,0.0137179074808955,-0.0095854997634887,results/normalization_pilot_train_zscore/random/NVDA/seed_44/last_baseline_scores_after_observation_20260827_074537.csv
NVDA,44,Mean-context,random,25,1,185,2025-09-30T00:00:00,0.002508952980861,0.0260103940963745,results/normalization_pilot_train_zscore/random/NVDA/seed_44/last_baseline_scores_after_observation_20260827_074537.csv
NVDA,44,Mean-context,random,25,2,186,2025-10-01T00:00:00,0.0050242007710039,0.0296398401260375,results/normalization_pilot_train_zscore/random/NVDA/seed_44/last_baseline_scores_after_observation_20260827_074537.csv
NVDA,44,Mean-context,random,25,3,187,2025-10-02T00:00:00,0.007545759435743,0.0387132167816162,results/normalization_pilot_train_zscore/random/NVDA/seed_44/last_baseline_scores_after_observation_20260827_074537.csv
NVDA,44,Mean-context,random,25,4,188,2025-10-03T00:00:00,0.0100736441090703,0.0317293405532836,results/normalization_pilot_train_zscore/random/NVDA/seed_44/last_baseline_scores_after_observation_20260827_074537.csv
NVDA,44,Mean-context,random,25,5,189,2025-10-06T00:00:00,0.0126078715547919,0.0202913284301757,results/normalization_pilot_train_zscore/random/NVDA/seed_44/last_baseline_scores_after_observation_20260827_074537.csv
NVDA,44,Mean-context,random,26,1,190,2025-10-07T00:00:00,0.0022393732797354,-0.0026948451995849,results/normalization_pilot_train_zscore/random/NVDA/seed_44/last_baseline_scores_after_observation_20260827_074537.csv
NVDA,44,Mean-context,random,26,2,191,2025-10-08T00:00:00,0.0044837612658739,0.0192412137985229,results/normalization_pilot_train_zscore/random/NVDA/seed_44/last_baseline_scores_after_observation_20260827_074537.csv
NVDA,44,Mean-context,random,26,3,192,2025-10-09T00:00:00,0.0067331753671169,0.0378894805908203,results/normalization_pilot_train_zscore/random/NVDA/seed_44/last_baseline_scores_after_observation_20260827_074537.csv
NVDA,44,Mean-context,random,26,4,193,2025-10-10T00:00:00,0.0089876260608434,-0.0128273963928222,results/normalization_pilot_train_zscore/random/NVDA/seed_44/last_baseline_scores_after_observation_20260827_074537.csv
NVDA,44,Mean-context,random,26,5,194,2025-10-13T00:00:00,0.0112471263855695,0.0149834156036376,results/normalization_pilot_train_zscore/random/NVDA/seed_44/last_baseline_scores_after_observation_20260827_074537.csv
NVDA,44,Mean-context,random,27,1,195,2025-10-14T00:00:00,0.0017722849734127,-0.0440208315849304,results/normalization_pilot_train_zscore/random/NVDA/seed_44/last_baseline_scores_after_observation_20260827_074537.csv
NVDA,44,Mean-context,random,27,2,196,2025-10-15T00:00:00,0.0035477108322083,-0.0450828671455383,results/normalization_pilot_train_zscore/random/NVDA/seed_44/last_baseline_scores_after_observation_20260827_074537.csv
NVDA,44,Mean-context,random,27,3,197,2025-10-16T00:00:00,0.0053262836299836,-0.0345688462257385,results/normalization_pilot_train_zscore/random/NVDA/seed_44/last_baseline_scores_after_observation_20260827_074537.csv
NVDA,44,Mean-context,random,27,4,198,2025-10-17T00:00:00,0.0071080080233514,-0.0270816087722778,results/normalization_pilot_train_zscore/random/NVDA/seed_44/last_baseline_scores_after_observation_20260827_074537.csv
NVDA,44,Mean-context,random,27,5,199,2025-10-20T00:00:00,0.0088928900659084,-0.030161440372467,results/normalization_pilot_train_zscore/random/NVDA/seed_44/last_baseline_scores_after_observation_20260827_074537.csv
NVDA,44,Mean-context,random,28,1,200,2025-10-21T00:00:00,0.0007335855625569,-0.0081033706665039,results/normalization_pilot_train_zscore/random/NVDA/seed_44/last_baseline_scores_after_observation_20260827_074537.csv
NVDA,44,Mean-context,random,28,2,201,2025-10-22T00:00:00,0.0014677093131467,-0.0129215717315673,results/normalization_pilot_train_zscore/random/NVDA/seed_44/last_baseline_scores_after_observation_20260827_074537.csv
NVDA,44,Mean-context,random,28,3,202,2025-10-23T00:00:00,0.0022023716010153,-0.0026280879974365,results/normalization_pilot_train_zscore/random/NVDA/seed_44/last_baseline_scores_after_observation_20260827_074537.csv
NVDA,44,Mean-context,random,28,4,203,2025-10-24T00:00:00,0.0029375727754086,0.0198203325271606,results/normalization_pilot_train_zscore/random/NVDA/seed_44/last_baseline_scores_after_observation_20260827_074537.csv
NVDA,44,Mean-context,random,28,5,204,2025-10-27T00:00:00,0.0036733134184032,0.0484559535980224,results/normalization_pilot_train_zscore/random/NVDA/seed_44/last_baseline_scores_after_observation_20260827_074537.csv
NVDA,44,Mean-context,random,29,1,205,2025-10-28T00:00:00,0.0012189613189548,0.0498198270797729,results/normalization_pilot_train_zscore/random/NVDA/seed_44/last_baseline_scores_after_observation_20260827_074537.csv
NVDA,44,Mean-context,random,29,2,206,2025-10-29T00:00:00,0.0024394085630774,0.0812052488327026,results/normalization_pilot_train_zscore/random/NVDA/seed_44/last_baseline_scores_after_observation_20260827_074537.csv
NVDA,44,Mean-context,random,29,3,207,2025-10-30T00:00:00,0.0036613433621823,0.0595331192016601,results/normalization_pilot_train_zscore/random/NVDA/seed_44/last_baseline_scores_after_observation_20260827_074537.csv
NVDA,44,Mean-context,random,29,4,208,2025-10-31T00:00:00,0.0048847678117454,0.0574442148208618,results/normalization_pilot_train_zscore/random/NVDA/seed_44/last_baseline_scores_after_observation_20260827_074537.csv
NVDA,44,Mean-context,random,29,5,209,2025-11-03T00:00:00,0.0061096833087503,0.0803697109222412,results/normalization_pilot_train_zscore/random/NVDA/seed_44/last_baseline_scores_after_observation_20260827_074537.csv
NVDA,44,Mean-context,random,30,1,210,2025-11-04T00:00:00,0.0023688189685344,-0.0395881533622741,results/normalization_pilot_train_zscore/random/NVDA/seed_44/last_baseline_scores_after_observation_20260827_074537.csv
NVDA,44,Mean-context,random,30,2,211,2025-11-05T00:00:00,0.0047432496212422,-0.056409478187561,results/normalization_pilot_train_zscore/random/NVDA/seed_44/last_baseline_scores_after_observation_20260827_074537.csv
NVDA,44,Mean-context,random,30,3,212,2025-11-06T00:00:00,0.0071233045309782,-0.0908739566802978,results/normalization_pilot_train_zscore/random/NVDA/seed_44/last_baseline_scores_after_observation_20260827_074537.csv
NVDA,44,Mean-context,random,30,4,213,2025-11-07T00:00:00,0.0095089972019195,-0.0905356407165527,results/normalization_pilot_train_zscore/random/NVDA/seed_44/last_baseline_scores_after_observation_20260827_074537.csv
NVDA,44,Mean-context,random,30,5,214,2025-11-10T00:00:00,0.0119003411382436,-0.0378480553627014,results/normalization_pilot_train_zscore/random/NVDA/seed_44/last_baseline_scores_after_observation_20260827_074537.csv
NVDA,44,Mean-context,random,31,1,215,2025-11-11T00:00:00,0.0017725332872942,-0.0295905470848083,results/normalization_pilot_train_zscore/random/NVDA/seed_44/last_baseline_scores_after_observation_20260827_074537.csv
NVDA,44,Mean-context,random,31,2,216,2025-11-12T00:00:00,0.0035482083912938,-0.0263752937316894,results/normalization_pilot_train_zscore/random/NVDA/seed_44/last_baseline_scores_after_observation_20260827_074537.csv
NVDA,44,Mean-context,random,31,3,217,2025-11-13T00:00:00,0.0053270310163497,-0.0612409114837646,results/normalization_pilot_train_zscore/random/NVDA/seed_44/last_baseline_scores_after_observation_20260827_074537.csv
NVDA,44,Mean-context,random,31,4,218,2025-11-14T00:00:00,0.0071090064011514,-0.0446119308471679,results/normalization_pilot_train_zscore/random/NVDA/seed_44/last_baseline_scores_after_observation_20260827_074537.csv
NVDA,44,Mean-context,random,31,5,219,2025-11-17T00:00:00,0.0088941408321261,-0.0625470876693725,results/normalization_pilot_train_zscore/random/NVDA/seed_44/last_baseline_scores_after_observation_20260827_074537.csv
NVDA,44,Mean-context,random,32,1,220,2025-11-18T00:00:00,0.0008943226421251,-0.028081476688385,results/normalization_pilot_train_zscore/random/NVDA/seed_44/last_baseline_scores_after_observation_20260827_074537.csv
NVDA,44,Mean-context,random,32,2,221,2025-11-19T00:00:00,0.0017894450575113,-0.0004287362098693,results/normalization_pilot_train_zscore/random/NVDA/seed_44/last_baseline_scores_after_observation_20260827_074537.csv
NVDA,44,Mean-context,random,32,3,222,2025-11-20T00:00:00,0.0026853680610656,-0.0319400429725647,results/normalization_pilot_train_zscore/random/NVDA/seed_44/last_baseline_scores_after_observation_20260827_074537.csv
NVDA,44,Mean-context,random,32,4,223,2025-11-21T00:00:00,0.0035820922348648,-0.0413719415664672,results/normalization_pilot_train_zscore/random/NVDA/seed_44/last_baseline_scores_after_observation_20260827_074537.csv
NVDA,44,Mean-context,random,32,5,224,2025-11-24T00:00:00,0.0044796182774007,-0.0217041969299316,results/normalization_pilot_train_zscore/random/NVDA/seed_44/last_baseline_scores_after_observation_20260827_074537.csv
NVDA,44,Mean-context,random,33,1,225,2025-11-25T00:00:00,0.0014077902305871,-0.0259106755256652,results/normalization_pilot_train_zscore/random/NVDA/seed_44/last_baseline_scores_after_observation_20260827_074537.csv
NVDA,44,Mean-context,random,33,2,226,2025-11-26T00:00:00,0.0028175625484436,-0.012544572353363,results/normalization_pilot_train_zscore/random/NVDA/seed_44/last_baseline_scores_after_observation_20260827_074537.csv
NVDA,44,Mean-context,random,33,3,227,2025-11-28T00:00:00,0.004229319281876,-0.030402660369873,results/normalization_pilot_train_zscore/random/NVDA/seed_44/last_baseline_scores_after_observation_20260827_074537.csv
NVDA,44,Mean-context,random,33,4,228,2025-12-01T00:00:00,0.0056430636905133,-0.0144070386886596,results/normalization_pilot_train_zscore/random/NVDA/seed_44/last_baseline_scores_after_observation_20260827_074537.csv
NVDA,44,Mean-context,random,33,5,229,2025-12-02T00:00:00,0.0070587978698313,-0.0059709548950195,results/normalization_pilot_train_zscore/random/NVDA/seed_44/last_baseline_scores_after_observation_20260827_074537.csv
NVDA,44,Mean-context,random,34,1,230,2025-12-03T00:00:00,0.0013124373508617,-0.0103053450584411,results/normalization_pilot_train_zscore/random/NVDA/seed_44/last_baseline_scores_after_observation_20260827_074537.csv
NVDA,44,Mean-context,random,34,2,231,2025-12-04T00:00:00,0.0026265971828252,0.0105807781219482,results/normalization_pilot_train_zscore/random/NVDA/seed_44/last_baseline_scores_after_observation_20260827_074537.csv
NVDA,44,Mean-context,random,34,3,232,2025-12-05T00:00:00,0.0039424817077815,0.0052353143692016,results/normalization_pilot_train_zscore/random/NVDA/seed_44/last_baseline_scores_after_observation_20260827_074537.csv
NVDA,44,Mean-context,random,34,4,233,2025-12-08T00:00:00,0.0052600936032831,0.0225393772125244,results/normalization_pilot_train_zscore/random/NVDA/seed_44/last_baseline_scores_after_observation_20260827_074537.csv
NVDA,44,Mean-context,random,34,5,234,2025-12-09T00:00:00,0.0065794344991445,0.0193430185317993,results/normalization_pilot_train_zscore/random/NVDA/seed_44/last_baseline_scores_after_observation_20260827_074537.csv
NVDA,44,Mean-context,random,35,1,235,2025-12-10T00:00:00,0.0012259142240509,-0.0064334869384765,results/normalization_pilot_train_zscore/random/NVDA/seed_44/last_baseline_scores_after_observation_20260827_074537.csv
NVDA,44,Mean-context,random,35,2,236,2025-12-11T00:00:00,0.0024533313699066,-0.0218414068222045,results/normalization_pilot_train_zscore/random/NVDA/seed_44/last_baseline_scores_after_observation_20260827_074537.csv
NVDA,44,Mean-context,random,35,3,237,2025-12-12T00:00:00,0.003682253183797,-0.0537924766540527,results/normalization_pilot_train_zscore/random/NVDA/seed_44/last_baseline_scores_after_observation_20260827_074537.csv
NVDA,44,Mean-context,random,35,4,238,2025-12-15T00:00:00,0.004912681877613,-0.0469265580177307,results/normalization_pilot_train_zscore/random/NVDA/seed_44/last_baseline_scores_after_observation_20260827_074537.csv
NVDA,44,Mean-context,random,35,5,239,2025-12-16T00:00:00,0.006144618615508,-0.0391955375671386,results/normalization_pilot_train_zscore/random/NVDA/seed_44/last_baseline_scores_after_observation_20260827_074537.csv
NVDA,44,Mean-context,random,36,1,240,2025-12-17T00:00:00,0.0001845295773819,-0.0381498932838439,results/normalization_pilot_train_zscore/random/NVDA/seed_44/last_baseline_scores_after_observation_20260827_074537.csv
NVDA,44,Mean-context,random,36,2,241,2025-12-18T00:00:00,0.0003690932062454,-0.0201440453529357,results/normalization_pilot_train_zscore/random/NVDA/seed_44/last_baseline_scores_after_observation_20260827_074537.csv
NVDA,44,Mean-context,random,36,3,242,2025-12-19T00:00:00,0.0005536908865906,0.0183997154235839,results/normalization_pilot_train_zscore/random/NVDA/seed_44/last_baseline_scores_after_observation_20260827_074537.csv
NVDA,44,Mean-context,random,36,4,243,2025-12-22T00:00:00,0.0007383226184174,0.0335922241210937,results/normalization_pilot_train_zscore/random/NVDA/seed_44/last_baseline_scores_after_observation_20260827_074537.csv
NVDA,44,Mean-context,random,36,5,244,2025-12-23T00:00:00,0.0009229884599335,0.0646523237228393,results/normalization_pilot_train_zscore/random/NVDA/seed_44/last_baseline_scores_after_observation_20260827_074537.csv
NVDA,44,Mean-context,random,37,1,245,2025-12-24T00:00:00,0.0005171503871679,-0.0031710863113403,results/normalization_pilot_train_zscore/random/NVDA/seed_44/last_baseline_scores_after_observation_20260827_074537.csv
NVDA,44,Mean-context,random,37,2,246,2025-12-26T00:00:00,0.0010345682967454,0.0069763660430908,results/normalization_pilot_train_zscore/random/NVDA/seed_44/last_baseline_scores_after_observation_20260827_074537.csv
NVDA,44,Mean-context,random,37,3,247,2025-12-29T00:00:00,0.0015522537287324,-0.0052323341369628,results/normalization_pilot_train_zscore/random/NVDA/seed_44/last_baseline_scores_after_observation_20260827_074537.csv
NVDA,44,Mean-context,random,37,4,248,2025-12-30T00:00:00,0.0020702069159597,-0.0088262557983398,results/normalization_pilot_train_zscore/random/NVDA/seed_44/last_baseline_scores_after_observation_20260827_074537.csv
NVDA,44,Mean-context,random,37,5,249,2025-12-31T00:00:00,0.0025884278584271,-0.0143227577209472,results/normalization_pilot_train_zscore/random/NVDA/seed_44/last_baseline_scores_after_observation_20260827_074537.csv
NVDA,44,Drift,random,0,1,60,2025-04-01T00:00:00,-0.0046806428581476,0.0163314342498779,results/normalization_pilot_train_zscore/random/NVDA/seed_44/last_baseline_scores_after_observation_20260827_074537.csv
NVDA,44,Drift,random,0,2,61,2025-04-02T00:00:00,-0.0093612857162952,0.0188226699829101,results/normalization_pilot_train_zscore/random/NVDA/seed_44/last_baseline_scores_after_observation_20260827_074537.csv
NVDA,44,Drift,random,0,3,62,2025-04-03T00:00:00,-0.0140419295057654,-0.0607122778892517,results/normalization_pilot_train_zscore/random/NVDA/seed_44/last_baseline_scores_after_observation_20260827_074537.csv
NVDA,44,Drift,random,0,4,63,2025-04-04T00:00:00,-0.0187225714325904,-0.1298210024833679,results/normalization_pilot_train_zscore/random/NVDA/seed_44/last_baseline_scores_after_observation_20260827_074537.csv
NVDA,44,Drift,random,0,5,64,2025-04-07T00:00:00,-0.0234032161533832,-0.0990957617759704,results/normalization_pilot_train_zscore/random/NVDA/seed_44/last_baseline_scores_after_observation_20260827_074537.csv
NVDA,44,Drift,random,1,1,65,2025-04-08T00:00:00,-0.0066432221792638,-0.0137238502502441,results/normalization_pilot_train_zscore/random/NVDA/seed_44/last_baseline_scores_after_observation_20260827_074537.csv
NVDA,44,Drift,random,1,2,66,2025-04-09T00:00:00,-0.0132864443585276,0.1709340810775756,results/normalization_pilot_train_zscore/random/NVDA/seed_44/last_baseline_scores_after_observation_20260827_074537.csv
NVDA,44,Drift,random,1,3,67,2025-04-10T00:00:00,-0.0199296660721302,0.1017000675201416,results/normalization_pilot_train_zscore/random/NVDA/seed_44/last_baseline_scores_after_observation_20260827_074537.csv
NVDA,44,Drift,random,1,4,68,2025-04-11T00:00:00,-0.0265728887170553,0.1361122131347656,results/normalization_pilot_train_zscore/random/NVDA/seed_44/last_baseline_scores_after_observation_20260827_074537.csv
NVDA,44,Drift,random,1,5,69,2025-04-14T00:00:00,-0.0332161113619804,0.1338590383529663,results/normalization_pilot_train_zscore/random/NVDA/seed_44/last_baseline_scores_after_observation_20260827_074537.csv
NVDA,44,Drift,random,2,1,70,2025-04-15T00:00:00,-0.004133568610996,0.0134586095809936,results/normalization_pilot_train_zscore/random/NVDA/seed_44/last_baseline_scores_after_observation_20260827_074537.csv
NVDA,44,Drift,random,2,2,71,2025-04-16T00:00:00,-0.008267137221992,-0.0561828017234802,results/normalization_pilot_train_zscore/random/NVDA/seed_44/last_baseline_scores_after_observation_20260827_074537.csv
NVDA,44,Drift,random,2,3,72,2025-04-17T00:00:00,-0.0124007053673267,-0.0832806825637817,results/normalization_pilot_train_zscore/random/NVDA/seed_44/last_baseline_scores_after_observation_20260827_074537.csv
NVDA,44,Drift,random,2,4,73,2025-04-21T00:00:00,-0.016534274443984,-0.1246499419212341,results/normalization_pilot_train_zscore/random/NVDA/seed_44/last_baseline_scores_after_observation_20260827_074537.csv
NVDA,44,Drift,random,2,5,74,2025-04-22T00:00:00,-0.0206678435206413,-0.1067654490470886,results/normalization_pilot_train_zscore/random/NVDA/seed_44/last_baseline_scores_after_observation_20260827_074537.csv
NVDA,44,Drift,random,3,1,75,2025-04-23T00:00:00,-0.0033473251387476,0.0386288166046142,results/normalization_pilot_train_zscore/random/NVDA/seed_44/last_baseline_scores_after_observation_20260827_074537.csv
NVDA,44,Drift,random,3,2,76,2025-04-24T00:00:00,-0.0066946502774953,0.0762463808059692,results/normalization_pilot_train_zscore/random/NVDA/seed_44/last_baseline_scores_after_observation_20260827_074537.csv
NVDA,44,Drift,random,3,3,77,2025-04-25T00:00:00,-0.010041975416243,0.1225605010986328,results/normalization_pilot_train_zscore/random/NVDA/seed_44/last_baseline_scores_after_observation_20260827_074537.csv
NVDA,44,Drift,random,3,4,78,2025-04-28T00:00:00,-0.0133893005549907,0.0995045900344848,results/normalization_pilot_train_zscore/random/NVDA/seed_44/last_baseline_scores_after_observation_20260827_074537.csv
NVDA,44,Drift,random,3,5,79,2025-04-29T00:00:00,-0.0167366247624158,0.1024370193481445,results/normalization_pilot_train_zscore/random/NVDA/seed_44/last_baseline_scores_after_observation_20260827_074537.csv
NVDA,44,Drift,random,4,1,80,2025-04-30T00:00:00,-0.0011877794750034,-0.0009172558784484,results/normalization_pilot_train_zscore/random/NVDA/seed_44/last_baseline_scores_after_observation_20260827_074537.csv
NVDA,44,Drift,random,4,2,81,2025-05-01T00:00:00,-0.0023755589500069,0.0237571001052856,results/normalization_pilot_train_zscore/random/NVDA/seed_44/last_baseline_scores_after_observation_20260827_074537.csv
NVDA,44,Drift,random,4,3,82,2025-05-02T00:00:00,-0.0035633384250104,0.0502660274505615,results/normalization_pilot_train_zscore/random/NVDA/seed_44/last_baseline_scores_after_observation_20260827_074537.csv
NVDA,44,Drift,random,4,4,83,2025-05-05T00:00:00,-0.0047511179000139,0.0440286397933959,results/normalization_pilot_train_zscore/random/NVDA/seed_44/last_baseline_scores_after_observation_20260827_074537.csv
NVDA,44,Drift,random,4,5,84,2025-05-06T00:00:00,-0.0059388973750174,0.0414602756500244,results/normalization_pilot_train_zscore/random/NVDA/seed_44/last_baseline_scores_after_observation_20260827_074537.csv
NVDA,44,Drift,random,5,1,85,2025-05-07T00:00:00,-0.002990061417222,0.0310022830963134,results/normalization_pilot_train_zscore/random/NVDA/seed_44/last_baseline_scores_after_observation_20260827_074537.csv
NVDA,44,Drift,random,5,2,86,2025-05-08T00:00:00,-0.005980122834444,0.0337326526641845,results/normalization_pilot_train_zscore/random/NVDA/seed_44/last_baseline_scores_after_observation_20260827_074537.csv
NVDA,44,Drift,random,5,3,87,2025-05-09T00:00:00,-0.008970184251666,0.0273911952972412,results/normalization_pilot_train_zscore/random/NVDA/seed_44/last_baseline_scores_after_observation_20260827_074537.csv
NVDA,44,Drift,random,5,4,88,2025-05-12T00:00:00,-0.011960245668888,0.0833185911178588,results/normalization_pilot_train_zscore/random/NVDA/seed_44/last_baseline_scores_after_observation_20260827_074537.csv
NVDA,44,Drift,random,5,5,89,2025-05-13T00:00:00,-0.0149503070861101,0.1443543434143066,results/normalization_pilot_train_zscore/random/NVDA/seed_44/last_baseline_scores_after_observation_20260827_074537.csv
NVDA,44,Drift,random,6,1,90,2025-05-14T00:00:00,-0.0012353449128568,0.0416377782821655,results/normalization_pilot_train_zscore/random/NVDA/seed_44/last_baseline_scores_after_observation_20260827_074537.csv
NVDA,44,Drift,random,6,2,91,2025-05-15T00:00:00,-0.0024706898257136,0.0377126932144165,results/normalization_pilot_train_zscore/random/NVDA/seed_44/last_baseline_scores_after_observation_20260827_074537.csv
NVDA,44,Drift,random,6,3,92,2025-05-16T00:00:00,-0.0037060347385704,0.0420995950698852,results/normalization_pilot_train_zscore/random/NVDA/seed_44/last_baseline_scores_after_observation_20260827_074537.csv
NVDA,44,Drift,random,6,4,93,2025-05-19T00:00:00,-0.0049413796514272,0.0434081554412841,results/normalization_pilot_train_zscore/random/NVDA/seed_44/last_baseline_scores_after_observation_20260827_074537.csv
NVDA,44,Drift,random,6,5,94,2025-05-20T00:00:00,-0.006176724564284,0.0342493057250976,results/normalization_pilot_train_zscore/random/NVDA/seed_44/last_baseline_scores_after_observation_20260827_074537.csv
NVDA,44,Drift,random,7,1,95,2025-05-21T00:00:00,0.0009774975478649,-0.0191993117332458,results/normalization_pilot_train_zscore/random/NVDA/seed_44/last_baseline_scores_after_observation_20260827_074537.csv
NVDA,44,Drift,random,7,2,96,2025-05-22T00:00:00,0.0019549950957298,-0.0115344524383544,results/normalization_pilot_train_zscore/random/NVDA/seed_44/last_baseline_scores_after_observation_20260827_074537.csv
NVDA,44,Drift,random,7,3,97,2025-05-23T00:00:00,0.0029324928764253,-0.022994577884674,results/normalization_pilot_train_zscore/random/NVDA/seed_44/last_baseline_scores_after_observation_20260827_074537.csv
NVDA,44,Drift,random,7,4,98,2025-05-27T00:00:00,0.0039099901914596,0.0083345174789428,results/normalization_pilot_train_zscore/random/NVDA/seed_44/last_baseline_scores_after_observation_20260827_074537.csv
NVDA,44,Drift,random,7,5,99,2025-05-28T00:00:00,0.0048874882049858,0.003199815750122,results/normalization_pilot_train_zscore/random/NVDA/seed_44/last_baseline_scores_after_observation_20260827_074537.csv
NVDA,44,Drift,random,8,1,100,2025-05-29T00:00:00,0.0023661677259951,0.0324902534484863,results/normalization_pilot_train_zscore/random/NVDA/seed_44/last_baseline_scores_after_observation_20260827_074537.csv
NVDA,44,Drift,random,8,2,101,2025-05-30T00:00:00,0.0047323354519903,0.0023738145828247,results/normalization_pilot_train_zscore/random/NVDA/seed_44/last_baseline_scores_after_observation_20260827_074537.csv
NVDA,44,Drift,random,8,3,102,2025-06-02T00:00:00,0.0070985034108161,0.0190639495849609,results/normalization_pilot_train_zscore/random/NVDA/seed_44/last_baseline_scores_after_observation_20260827_074537.csv
NVDA,44,Drift,random,8,4,103,2025-06-03T00:00:00,0.0094646709039807,0.0475484132766723,results/normalization_pilot_train_zscore/random/NVDA/seed_44/last_baseline_scores_after_observation_20260827_074537.csv
NVDA,44,Drift,random,8,5,104,2025-06-04T00:00:00,0.0118308393284678,0.0527409315109252,results/normalization_pilot_train_zscore/random/NVDA/seed_44/last_baseline_scores_after_observation_20260827_074537.csv
NVDA,44,Drift,random,9,1,105,2025-06-05T00:00:00,0.0039602164179086,-0.013599157333374,results/normalization_pilot_train_zscore/random/NVDA/seed_44/last_baseline_scores_after_observation_20260827_074537.csv
NVDA,44,Drift,random,9,2,106,2025-06-06T00:00:00,0.0079204328358173,-0.0014092326164245,results/normalization_pilot_train_zscore/random/NVDA/seed_44/last_baseline_scores_after_observation_20260827_074537.csv
NVDA,44,Drift,random,9,3,107,2025-06-09T00:00:00,0.011880649253726,0.0050028562545776,results/normalization_pilot_train_zscore/random/NVDA/seed_44/last_baseline_scores_after_observation_20260827_074537.csv
NVDA,44,Drift,random,9,4,108,2025-06-10T00:00:00,0.0158408656716346,0.0143743753433227,results/normalization_pilot_train_zscore/random/NVDA/seed_44/last_baseline_scores_after_observation_20260827_074537.csv
NVDA,44,Drift,random,9,5,109,2025-06-11T00:00:00,0.0198010820895433,0.0064121484756469,results/normalization_pilot_train_zscore/random/NVDA/seed_44/last_baseline_scores_after_observation_20260827_074537.csv
NVDA,44,Drift,random,10,1,110,2025-06-12T00:00:00,0.0032514655031263,0.0151928663253784,results/normalization_pilot_train_zscore/random/NVDA/seed_44/last_baseline_scores_after_observation_20260827_074537.csv
NVDA,44,Drift,random,10,2,111,2025-06-13T00:00:00,0.0065029310062527,-0.0060211420059204,results/normalization_pilot_train_zscore/random/NVDA/seed_44/last_baseline_scores_after_observation_20260827_074537.csv
NVDA,44,Drift,random,10,3,112,2025-06-16T00:00:00,0.0097543969750404,0.0130224227905273,results/normalization_pilot_train_zscore/random/NVDA/seed_44/last_baseline_scores_after_observation_20260827_074537.csv
NVDA,44,Drift,random,10,4,113,2025-06-17T00:00:00,0.0130058620125055,0.0090316534042358,results/normalization_pilot_train_zscore/random/NVDA/seed_44/last_baseline_scores_after_observation_20260827_074537.csv
NVDA,44,Drift,random,10,5,114,2025-06-18T00:00:00,0.0162573270499706,0.0185534954071044,results/normalization_pilot_train_zscore/random/NVDA/seed_44/last_baseline_scores_after_observation_20260827_074537.csv
NVDA,44,Drift,random,11,1,115,2025-06-20T00:00:00,0.0028881598263978,-0.0112042427062988,results/normalization_pilot_train_zscore/random/NVDA/seed_44/last_baseline_scores_after_observation_20260827_074537.csv
NVDA,44,Drift,random,11,2,116,2025-06-23T00:00:00,0.0057763196527957,-0.0090046525001525,results/normalization_pilot_train_zscore/random/NVDA/seed_44/last_baseline_scores_after_observation_20260827_074537.csv
NVDA,44,Drift,random,11,3,117,2025-06-24T00:00:00,0.0086644794791936,0.0166345834732055,results/normalization_pilot_train_zscore/random/NVDA/seed_44/last_baseline_scores_after_observation_20260827_074537.csv
NVDA,44,Drift,random,11,4,118,2025-06-25T00:00:00,0.0115526393055915,0.0606956481933593,results/normalization_pilot_train_zscore/random/NVDA/seed_44/last_baseline_scores_after_observation_20260827_074537.csv
NVDA,44,Drift,random,11,5,119,2025-06-26T00:00:00,0.0144407991319894,0.0655760765075683,results/normalization_pilot_train_zscore/random/NVDA/seed_44/last_baseline_scores_after_observation_20260827_074537.csv
NVDA,44,Drift,random,12,1,120,2025-06-27T00:00:00,0.0049058743752539,0.0176105499267578,results/normalization_pilot_train_zscore/random/NVDA/seed_44/last_baseline_scores_after_observation_20260827_074537.csv
NVDA,44,Drift,random,12,2,121,2025-06-30T00:00:00,0.0098117487505078,0.0191588401794433,results/normalization_pilot_train_zscore/random/NVDA/seed_44/last_baseline_scores_after_observation_20260827_074537.csv
NVDA,44,Drift,random,12,3,122,2025-07-01T00:00:00,0.0147176226601004,-0.0110953450202941,results/normalization_pilot_train_zscore/random/NVDA/seed_44/last_baseline_scores_after_observation_20260827_074537.csv
NVDA,44,Drift,random,12,4,123,2025-07-02T00:00:00,0.0196234975010156,0.0143852233886718,results/normalization_pilot_train_zscore/random/NVDA/seed_44/last_baseline_scores_after_observation_20260827_074537.csv
NVDA,44,Drift,random,12,5,124,2025-07-03T00:00:00,0.0245293714106082,0.027867317199707,results/normalization_pilot_train_zscore/random/NVDA/seed_44/last_baseline_scores_after_observation_20260827_074537.csv
NVDA,44,Drift,random,13,1,125,2025-07-07T00:00:00,0.0067056263796985,-0.0069034099578857,results/normalization_pilot_train_zscore/random/NVDA/seed_44/last_baseline_scores_after_observation_20260827_074537.csv
NVDA,44,Drift,random,13,2,126,2025-07-08T00:00:00,0.013411252759397,0.0041421651840209,results/normalization_pilot_train_zscore/random/NVDA/seed_44/last_baseline_scores_after_observation_20260827_074537.csv
NVDA,44,Drift,random,13,3,127,2025-07-09T00:00:00,0.0201168786734342,0.0222166776657104,results/normalization_pilot_train_zscore/random/NVDA/seed_44/last_baseline_scores_after_observation_20260827_074537.csv
NVDA,44,Drift,random,13,4,128,2025-07-10T00:00:00,0.026822505518794,0.029873251914978,results/normalization_pilot_train_zscore/random/NVDA/seed_44/last_baseline_scores_after_observation_20260827_074537.csv
NVDA,44,Drift,random,13,5,129,2025-07-11T00:00:00,0.0335281305015087,0.0350195169448852,results/normalization_pilot_train_zscore/random/NVDA/seed_44/last_baseline_scores_after_observation_20260827_074537.csv
NVDA,44,Drift,random,14,1,130,2025-07-14T00:00:00,0.0054181381128728,-0.0051539540290832,results/normalization_pilot_train_zscore/random/NVDA/seed_44/last_baseline_scores_after_observation_20260827_074537.csv
NVDA,44,Drift,random,14,2,131,2025-07-15T00:00:00,0.0108362762257456,0.0350472927093505,results/normalization_pilot_train_zscore/random/NVDA/seed_44/last_baseline_scores_after_observation_20260827_074537.csv
NVDA,44,Drift,random,14,3,132,2025-07-16T00:00:00,0.0162544138729572,0.0391098260879516,results/normalization_pilot_train_zscore/random/NVDA/seed_44/last_baseline_scores_after_observation_20260827_074537.csv
NVDA,44,Drift,random,14,4,133,2025-07-17T00:00:00,0.0216725524514913,0.0489934682846069,results/normalization_pilot_train_zscore/random/NVDA/seed_44/last_baseline_scores_after_observation_20260827_074537.csv
NVDA,44,Drift,random,14,5,134,2025-07-18T00:00:00,0.0270906891673803,0.0454159975051879,results/normalization_pilot_train_zscore/random/NVDA/seed_44/last_baseline_scores_after_observation_20260827_074537.csv
NVDA,44,Drift,random,15,1,135,2025-07-21T00:00:00,0.0068520153872668,-0.0059741139411926,results/normalization_pilot_train_zscore/random/NVDA/seed_44/last_baseline_scores_after_observation_20260827_074537.csv
NVDA,44,Drift,random,15,2,136,2025-07-22T00:00:00,0.0137040307745337,-0.0312047004699707,results/normalization_pilot_train_zscore/random/NVDA/seed_44/last_baseline_scores_after_observation_20260827_074537.csv
NVDA,44,Drift,random,15,3,137,2025-07-23T00:00:00,0.0205560456961393,-0.0094542503356933,results/normalization_pilot_train_zscore/random/NVDA/seed_44/last_baseline_scores_after_observation_20260827_074537.csv
NVDA,44,Drift,random,15,4,138,2025-07-24T00:00:00,0.0274080615490674,0.0077141523361206,results/normalization_pilot_train_zscore/random/NVDA/seed_44/last_baseline_scores_after_observation_20260827_074537.csv
NVDA,44,Drift,random,15,5,139,2025-07-25T00:00:00,0.0342600755393505,0.0063221454620361,results/normalization_pilot_train_zscore/random/NVDA/seed_44/last_baseline_scores_after_observation_20260827_074537.csv
NVDA,44,Drift,random,16,1,140,2025-07-28T00:00:00,0.0063087972812354,0.018731951713562,results/normalization_pilot_train_zscore/random/NVDA/seed_44/last_baseline_scores_after_observation_20260827_074537.csv
NVDA,44,Drift,random,16,2,141,2025-07-29T00:00:00,0.0126175945624709,0.011584997177124,results/normalization_pilot_train_zscore/random/NVDA/seed_44/last_baseline_scores_after_observation_20260827_074537.csv
NVDA,44,Drift,random,16,3,142,2025-07-30T00:00:00,0.018926391378045,0.0332565307617187,results/normalization_pilot_train_zscore/random/NVDA/seed_44/last_baseline_scores_after_observation_20260827_074537.csv
NVDA,44,Drift,random,16,4,143,2025-07-31T00:00:00,0.0252351891249418,0.0251872539520263,results/normalization_pilot_train_zscore/random/NVDA/seed_44/last_baseline_scores_after_observation_20260827_074537.csv
NVDA,44,Drift,random,16,5,144,2025-08-01T00:00:00,0.0315439850091934,0.0012680292129516,results/normalization_pilot_train_zscore/random/NVDA/seed_44/last_baseline_scores_after_observation_20260827_074537.csv
NVDA,44,Drift,random,17,1,145,2025-08-04T00:00:00,0.0055280863307416,0.0361500978469848,results/normalization_pilot_train_zscore/random/NVDA/seed_44/last_baseline_scores_after_observation_20260827_074537.csv
NVDA,44,Drift,random,17,2,146,2025-08-05T00:00:00,0.0110561726614832,0.0261340141296386,results/normalization_pilot_train_zscore/random/NVDA/seed_44/last_baseline_scores_after_observation_20260827_074537.csv
NVDA,44,Drift,random,17,3,147,2025-08-06T00:00:00,0.0165842585265636,0.0328114032745361,results/normalization_pilot_train_zscore/random/NVDA/seed_44/last_baseline_scores_after_observation_20260827_074537.csv
NVDA,44,Drift,random,17,4,148,2025-08-07T00:00:00,0.0221123453229665,0.040582537651062,results/normalization_pilot_train_zscore/random/NVDA/seed_44/last_baseline_scores_after_observation_20260827_074537.csv
NVDA,44,Drift,random,17,5,149,2025-08-08T00:00:00,0.0276404302567243,0.0516923666000366,results/normalization_pilot_train_zscore/random/NVDA/seed_44/last_baseline_scores_after_observation_20260827_074537.csv
NVDA,44,Drift,random,18,1,150,2025-08-11T00:00:00,0.0043936064466834,-0.0035030245780944,results/normalization_pilot_train_zscore/random/NVDA/seed_44/last_baseline_scores_after_observation_20260827_074537.csv
NVDA,44,Drift,random,18,2,151,2025-08-12T00:00:00,0.0087872128933668,0.002517819404602,results/normalization_pilot_train_zscore/random/NVDA/seed_44/last_baseline_scores_after_observation_20260827_074537.csv
NVDA,44,Drift,random,18,3,152,2025-08-13T00:00:00,0.0131808193400502,-0.0060755610466003,results/normalization_pilot_train_zscore/random/NVDA/seed_44/last_baseline_scores_after_observation_20260827_074537.csv
NVDA,44,Drift,random,18,4,153,2025-08-14T00:00:00,0.0175744257867336,-0.0037218928337097,results/normalization_pilot_train_zscore/random/NVDA/seed_44/last_baseline_scores_after_observation_20260827_074537.csv
NVDA,44,Drift,random,18,5,154,2025-08-15T00:00:00,0.0219680313020944,-0.0123152732849121,results/normalization_pilot_train_zscore/random/NVDA/seed_44/last_baseline_scores_after_observation_20260827_074537.csv
NVDA,44,Drift,random,19,1,155,2025-08-18T00:00:00,0.0045695547014474,0.0086450576782226,results/normalization_pilot_train_zscore/random/NVDA/seed_44/last_baseline_scores_after_observation_20260827_074537.csv
NVDA,44,Drift,random,19,2,156,2025-08-19T00:00:00,0.0091391094028949,-0.0266555547714233,results/normalization_pilot_train_zscore/random/NVDA/seed_44/last_baseline_scores_after_observation_20260827_074537.csv
NVDA,44,Drift,random,19,3,157,2025-08-20T00:00:00,0.0137086641043424,-0.0279856324195861,results/normalization_pilot_train_zscore/random/NVDA/seed_44/last_baseline_scores_after_observation_20260827_074537.csv
NVDA,44,Drift,random,19,4,158,2025-08-21T00:00:00,0.0182782188057899,-0.0303131341934204,results/normalization_pilot_train_zscore/random/NVDA/seed_44/last_baseline_scores_after_observation_20260827_074537.csv
NVDA,44,Drift,random,19,5,159,2025-08-22T00:00:00,0.0228477735072374,-0.0136325359344482,results/normalization_pilot_train_zscore/random/NVDA/seed_44/last_baseline_scores_after_observation_20260827_074537.csv
NVDA,44,Drift,random,20,1,160,2025-08-25T00:00:00,0.0036947424523532,0.0102252960205078,results/normalization_pilot_train_zscore/random/NVDA/seed_44/last_baseline_scores_after_observation_20260827_074537.csv
NVDA,44,Drift,random,20,2,161,2025-08-26T00:00:00,0.0073894849047064,0.0212371349334716,results/normalization_pilot_train_zscore/random/NVDA/seed_44/last_baseline_scores_after_observation_20260827_074537.csv
NVDA,44,Drift,random,20,3,162,2025-08-27T00:00:00,0.0110842268913984,0.0202820301055908,results/normalization_pilot_train_zscore/random/NVDA/seed_44/last_baseline_scores_after_observation_20260827_074537.csv
NVDA,44,Drift,random,20,4,163,2025-08-28T00:00:00,0.0147789698094129,0.0122478008270263,results/normalization_pilot_train_zscore/random/NVDA/seed_44/last_baseline_scores_after_observation_20260827_074537.csv
NVDA,44,Drift,random,20,5,164,2025-08-29T00:00:00,0.0184737127274274,-0.0214057564735412,results/normalization_pilot_train_zscore/random/NVDA/seed_44/last_baseline_scores_after_observation_20260827_074537.csv
NVDA,44,Drift,random,21,1,165,2025-09-02T00:00:00,0.0033269689884036,-0.0195199847221374,results/normalization_pilot_train_zscore/random/NVDA/seed_44/last_baseline_scores_after_observation_20260827_074537.csv
NVDA,44,Drift,random,21,2,166,2025-09-03T00:00:00,0.0066539379768073,-0.0204386115074157,results/normalization_pilot_train_zscore/random/NVDA/seed_44/last_baseline_scores_after_observation_20260827_074537.csv
NVDA,44,Drift,random,21,3,167,2025-09-04T00:00:00,0.0099809067323803,-0.014467716217041,results/normalization_pilot_train_zscore/random/NVDA/seed_44/last_baseline_scores_after_observation_20260827_074537.csv
NVDA,44,Drift,random,21,4,168,2025-09-05T00:00:00,0.0133078759536147,-0.0411068201065063,results/normalization_pilot_train_zscore/random/NVDA/seed_44/last_baseline_scores_after_observation_20260827_074537.csv
NVDA,44,Drift,random,21,5,169,2025-09-08T00:00:00,0.0166348461061716,-0.0337007641792297,results/normalization_pilot_train_zscore/random/NVDA/seed_44/last_baseline_scores_after_observation_20260827_074537.csv
NVDA,44,Drift,random,22,1,170,2025-09-09T00:00:00,0.0023473631590604,0.0145564079284667,results/normalization_pilot_train_zscore/random/NVDA/seed_44/last_baseline_scores_after_observation_20260827_074537.csv
NVDA,44,Drift,random,22,2,171,2025-09-10T00:00:00,0.0046947263181209,0.0535916090011596,results/normalization_pilot_train_zscore/random/NVDA/seed_44/last_baseline_scores_after_observation_20260827_074537.csv
NVDA,44,Drift,random,22,3,172,2025-09-11T00:00:00,0.0070420894771814,0.0526409149169921,results/normalization_pilot_train_zscore/random/NVDA/seed_44/last_baseline_scores_after_observation_20260827_074537.csv
NVDA,44,Drift,random,22,4,173,2025-09-12T00:00:00,0.0093894526362419,0.0565029382705688,results/normalization_pilot_train_zscore/random/NVDA/seed_44/last_baseline_scores_after_observation_20260827_074537.csv
NVDA,44,Drift,random,22,5,174,2025-09-15T00:00:00,0.0117368157953023,0.0560870170593261,results/normalization_pilot_train_zscore/random/NVDA/seed_44/last_baseline_scores_after_observation_20260827_074537.csv
NVDA,44,Drift,random,23,1,175,2025-09-16T00:00:00,0.0032324963249266,-0.0161462426185607,results/normalization_pilot_train_zscore/random/NVDA/seed_44/last_baseline_scores_after_observation_20260827_074537.csv
NVDA,44,Drift,random,23,2,176,2025-09-17T00:00:00,0.0064649926498532,-0.0419691205024719,results/normalization_pilot_train_zscore/random/NVDA/seed_44/last_baseline_scores_after_observation_20260827_074537.csv
NVDA,44,Drift,random,23,3,177,2025-09-18T00:00:00,0.0096974894404411,-0.0084950327873229,results/normalization_pilot_train_zscore/random/NVDA/seed_44/last_baseline_scores_after_observation_20260827_074537.csv
NVDA,44,Drift,random,23,4,178,2025-09-19T00:00:00,0.0129299852997064,-0.0060759782791137,results/normalization_pilot_train_zscore/random/NVDA/seed_44/last_baseline_scores_after_observation_20260827_074537.csv
NVDA,44,Drift,random,23,5,179,2025-09-22T00:00:00,0.0161624830216169,0.0329676866531372,results/normalization_pilot_train_zscore/random/NVDA/seed_44/last_baseline_scores_after_observation_20260827_074537.csv
NVDA,44,Drift,random,24,1,180,2025-09-23T00:00:00,0.002387152519077,-0.0282120108604431,results/normalization_pilot_train_zscore/random/NVDA/seed_44/last_baseline_scores_after_observation_20260827_074537.csv
NVDA,44,Drift,random,24,2,181,2025-09-24T00:00:00,0.0047743050381541,-0.0361636281013488,results/normalization_pilot_train_zscore/random/NVDA/seed_44/last_baseline_scores_after_observation_20260827_074537.csv
NVDA,44,Drift,random,24,3,182,2025-09-25T00:00:00,0.0071614575572311,-0.0322422385215759,results/normalization_pilot_train_zscore/random/NVDA/seed_44/last_baseline_scores_after_observation_20260827_074537.csv
NVDA,44,Drift,random,24,4,183,2025-09-26T00:00:00,0.0095486100763082,-0.0295190811157226,results/normalization_pilot_train_zscore/random/NVDA/seed_44/last_baseline_scores_after_observation_20260827_074537.csv
NVDA,44,Drift,random,24,5,184,2025-09-29T00:00:00,0.011935762129724,-0.0095854997634887,results/normalization_pilot_train_zscore/random/NVDA/seed_44/last_baseline_scores_after_observation_20260827_074537.csv
NVDA,44,Drift,random,25,1,185,2025-09-30T00:00:00,0.002200546907261,0.0260103940963745,results/normalization_pilot_train_zscore/random/NVDA/seed_44/last_baseline_scores_after_observation_20260827_074537.csv
NVDA,44,Drift,random,25,2,186,2025-10-01T00:00:00,0.004401093814522,0.0296398401260375,results/normalization_pilot_train_zscore/random/NVDA/seed_44/last_baseline_scores_after_observation_20260827_074537.csv
NVDA,44,Drift,random,25,3,187,2025-10-02T00:00:00,0.0066016404889523,0.0387132167816162,results/normalization_pilot_train_zscore/random/NVDA/seed_44/last_baseline_scores_after_observation_20260827_074537.csv
NVDA,44,Drift,random,25,4,188,2025-10-03T00:00:00,0.008802187629044,0.0317293405532836,results/normalization_pilot_train_zscore/random/NVDA/seed_44/last_baseline_scores_after_observation_20260827_074537.csv
NVDA,44,Drift,random,25,5,189,2025-10-06T00:00:00,0.0110027343034744,0.0202913284301757,results/normalization_pilot_train_zscore/random/NVDA/seed_44/last_baseline_scores_after_observation_20260827_074537.csv
NVDA,44,Drift,random,26,1,190,2025-10-07T00:00:00,0.001961292233318,-0.0026948451995849,results/normalization_pilot_train_zscore/random/NVDA/seed_44/last_baseline_scores_after_observation_20260827_074537.csv
NVDA,44,Drift,random,26,2,191,2025-10-08T00:00:00,0.0039225844666361,0.0192412137985229,results/normalization_pilot_train_zscore/random/NVDA/seed_44/last_baseline_scores_after_observation_20260827_074537.csv
NVDA,44,Drift,random,26,3,192,2025-10-09T00:00:00,0.0058838766999542,0.0378894805908203,results/normalization_pilot_train_zscore/random/NVDA/seed_44/last_baseline_scores_after_observation_20260827_074537.csv
NVDA,44,Drift,random,26,4,193,2025-10-10T00:00:00,0.0078451689332723,-0.0128273963928222,results/normalization_pilot_train_zscore/random/NVDA/seed_44/last_baseline_scores_after_observation_20260827_074537.csv
NVDA,44,Drift,random,26,5,194,2025-10-13T00:00:00,0.0098064607009291,0.0149834156036376,results/normalization_pilot_train_zscore/random/NVDA/seed_44/last_baseline_scores_after_observation_20260827_074537.csv
NVDA,44,Drift,random,27,1,195,2025-10-14T00:00:00,0.0015246317489072,-0.0440208315849304,results/normalization_pilot_train_zscore/random/NVDA/seed_44/last_baseline_scores_after_observation_20260827_074537.csv
NVDA,44,Drift,random,27,2,196,2025-10-15T00:00:00,0.0030492634978145,-0.0450828671455383,results/normalization_pilot_train_zscore/random/NVDA/seed_44/last_baseline_scores_after_observation_20260827_074537.csv
NVDA,44,Drift,random,27,3,197,2025-10-16T00:00:00,0.0045738951303064,-0.0345688462257385,results/normalization_pilot_train_zscore/random/NVDA/seed_44/last_baseline_scores_after_observation_20260827_074537.csv
NVDA,44,Drift,random,27,4,198,2025-10-17T00:00:00,0.006098526995629,-0.0270816087722778,results/normalization_pilot_train_zscore/random/NVDA/seed_44/last_baseline_scores_after_observation_20260827_074537.csv
NVDA,44,Drift,random,27,5,199,2025-10-20T00:00:00,0.0076231583952903,-0.030161440372467,results/normalization_pilot_train_zscore/random/NVDA/seed_44/last_baseline_scores_after_observation_20260827_074537.csv
NVDA,44,Drift,random,28,1,200,2025-10-21T00:00:00,0.0005465978756546,-0.0081033706665039,results/normalization_pilot_train_zscore/random/NVDA/seed_44/last_baseline_scores_after_observation_20260827_074537.csv
NVDA,44,Drift,random,28,2,201,2025-10-22T00:00:00,0.0010931957513093,-0.0129215717315673,results/normalization_pilot_train_zscore/random/NVDA/seed_44/last_baseline_scores_after_observation_20260827_074537.csv
NVDA,44,Drift,random,28,3,202,2025-10-23T00:00:00,0.001639793626964,-0.0026280879974365,results/normalization_pilot_train_zscore/random/NVDA/seed_44/last_baseline_scores_after_observation_20260827_074537.csv
NVDA,44,Drift,random,28,4,203,2025-10-24T00:00:00,0.0021863915026187,0.0198203325271606,results/normalization_pilot_train_zscore/random/NVDA/seed_44/last_baseline_scores_after_observation_20260827_074537.csv
NVDA,44,Drift,random,28,5,204,2025-10-27T00:00:00,0.0027329893782734,0.0484559535980224,results/normalization_pilot_train_zscore/random/NVDA/seed_44/last_baseline_scores_after_observation_20260827_074537.csv
NVDA,44,Drift,random,29,1,205,2025-10-28T00:00:00,0.0010170020395889,0.0498198270797729,results/normalization_pilot_train_zscore/random/NVDA/seed_44/last_baseline_scores_after_observation_20260827_074537.csv
NVDA,44,Drift,random,29,2,206,2025-10-29T00:00:00,0.0020340040791779,0.0812052488327026,results/normalization_pilot_train_zscore/random/NVDA/seed_44/last_baseline_scores_after_observation_20260827_074537.csv
NVDA,44,Drift,random,29,3,207,2025-10-30T00:00:00,0.0030510060023516,0.0595331192016601,results/normalization_pilot_train_zscore/random/NVDA/seed_44/last_baseline_scores_after_observation_20260827_074537.csv
NVDA,44,Drift,random,29,4,208,2025-10-31T00:00:00,0.0040680081583559,0.0574442148208618,results/normalization_pilot_train_zscore/random/NVDA/seed_44/last_baseline_scores_after_observation_20260827_074537.csv
NVDA,44,Drift,random,29,5,209,2025-11-03T00:00:00,0.0050850100815296,0.0803697109222412,results/normalization_pilot_train_zscore/random/NVDA/seed_44/last_baseline_scores_after_observation_20260827_074537.csv
NVDA,44,Drift,random,30,1,210,2025-11-04T00:00:00,0.0020334403961896,-0.0395881533622741,results/normalization_pilot_train_zscore/random/NVDA/seed_44/last_baseline_scores_after_observation_20260827_074537.csv
NVDA,44,Drift,random,30,2,211,2025-11-05T00:00:00,0.0040668807923793,-0.056409478187561,results/normalization_pilot_train_zscore/random/NVDA/seed_44/last_baseline_scores_after_observation_20260827_074537.csv
NVDA,44,Drift,random,30,3,212,2025-11-06T00:00:00,0.0061003207229077,-0.0908739566802978,results/normalization_pilot_train_zscore/random/NVDA/seed_44/last_baseline_scores_after_observation_20260827_074537.csv
NVDA,44,Drift,random,30,4,213,2025-11-07T00:00:00,0.0081337615847587,-0.0905356407165527,results/normalization_pilot_train_zscore/random/NVDA/seed_44/last_baseline_scores_after_observation_20260827_074537.csv
NVDA,44,Drift,random,30,5,214,2025-11-10T00:00:00,0.0101672019809484,-0.0378480553627014,results/normalization_pilot_train_zscore/random/NVDA/seed_44/last_baseline_scores_after_observation_20260827_074537.csv
NVDA,44,Drift,random,31,1,215,2025-11-11T00:00:00,0.0014509597094729,-0.0295905470848083,results/normalization_pilot_train_zscore/random/NVDA/seed_44/last_baseline_scores_after_observation_20260827_074537.csv
NVDA,44,Drift,random,31,2,216,2025-11-12T00:00:00,0.0029019194189459,-0.0263752937316894,results/normalization_pilot_train_zscore/random/NVDA/seed_44/last_baseline_scores_after_observation_20260827_074537.csv
NVDA,44,Drift,random,31,3,217,2025-11-13T00:00:00,0.0043528792448341,-0.0612409114837646,results/normalization_pilot_train_zscore/random/NVDA/seed_44/last_baseline_scores_after_observation_20260827_074537.csv
NVDA,44,Drift,random,31,4,218,2025-11-14T00:00:00,0.0058038388378918,-0.0446119308471679,results/normalization_pilot_train_zscore/random/NVDA/seed_44/last_baseline_scores_after_observation_20260827_074537.csv
NVDA,44,Drift,random,31,5,219,2025-11-17T00:00:00,0.0072547984309494,-0.0625470876693725,results/normalization_pilot_train_zscore/random/NVDA/seed_44/last_baseline_scores_after_observation_20260827_074537.csv
NVDA,44,Drift,random,32,1,220,2025-11-18T00:00:00,0.0006167460232973,-0.028081476688385,results/normalization_pilot_train_zscore/random/NVDA/seed_44/last_baseline_scores_after_observation_20260827_074537.csv
NVDA,44,Drift,random,32,2,221,2025-11-19T00:00:00,0.0012334920465946,-0.0004287362098693,results/normalization_pilot_train_zscore/random/NVDA/seed_44/last_baseline_scores_after_observation_20260827_074537.csv
NVDA,44,Drift,random,32,3,222,2025-11-20T00:00:00,0.0018502379534766,-0.0319400429725647,results/normalization_pilot_train_zscore/random/NVDA/seed_44/last_baseline_scores_after_observation_20260827_074537.csv
NVDA,44,Drift,random,32,4,223,2025-11-21T00:00:00,0.0024669840931892,-0.0413719415664672,results/normalization_pilot_train_zscore/random/NVDA/seed_44/last_baseline_scores_after_observation_20260827_074537.csv
NVDA,44,Drift,random,32,5,224,2025-11-24T00:00:00,0.0030837301164865,-0.0217041969299316,results/normalization_pilot_train_zscore/random/NVDA/seed_44/last_baseline_scores_after_observation_20260827_074537.csv
NVDA,44,Drift,random,33,1,225,2025-11-25T00:00:00,0.001092804945074,-0.0259106755256652,results/normalization_pilot_train_zscore/random/NVDA/seed_44/last_baseline_scores_after_observation_20260827_074537.csv
NVDA,44,Drift,random,33,2,226,2025-11-26T00:00:00,0.002185609890148,-0.012544572353363,results/normalization_pilot_train_zscore/random/NVDA/seed_44/last_baseline_scores_after_observation_20260827_074537.csv
NVDA,44,Drift,random,33,3,227,2025-11-28T00:00:00,0.0032784149516373,-0.030402660369873,results/normalization_pilot_train_zscore/random/NVDA/seed_44/last_baseline_scores_after_observation_20260827_074537.csv
NVDA,44,Drift,random,33,4,228,2025-12-01T00:00:00,0.004371219780296,-0.0144070386886596,results/normalization_pilot_train_zscore/random/NVDA/seed_44/last_baseline_scores_after_observation_20260827_074537.csv
NVDA,44,Drift,random,33,5,229,2025-12-02T00:00:00,0.0054640248417854,-0.0059709548950195,results/normalization_pilot_train_zscore/random/NVDA/seed_44/last_baseline_scores_after_observation_20260827_074537.csv
NVDA,44,Drift,random,34,1,230,2025-12-03T00:00:00,0.00099942763336,-0.0103053450584411,results/normalization_pilot_train_zscore/random/NVDA/seed_44/last_baseline_scores_after_observation_20260827_074537.csv
NVDA,44,Drift,random,34,2,231,2025-12-04T00:00:00,0.00199885526672,0.0105807781219482,results/normalization_pilot_train_zscore/random/NVDA/seed_44/last_baseline_scores_after_observation_20260827_074537.csv
NVDA,44,Drift,random,34,3,232,2025-12-05T00:00:00,0.00299828290008,0.0052353143692016,results/normalization_pilot_train_zscore/random/NVDA/seed_44/last_baseline_scores_after_observation_20260827_074537.csv
NVDA,44,Drift,random,34,4,233,2025-12-08T00:00:00,0.0039977105334401,0.0225393772125244,results/normalization_pilot_train_zscore/random/NVDA/seed_44/last_baseline_scores_after_observation_20260827_074537.csv
NVDA,44,Drift,random,34,5,234,2025-12-09T00:00:00,0.0049971383996307,0.0193430185317993,results/normalization_pilot_train_zscore/random/NVDA/seed_44/last_baseline_scores_after_observation_20260827_074537.csv
NVDA,44,Drift,random,35,1,235,2025-12-10T00:00:00,0.0009245653636753,-0.0064334869384765,results/normalization_pilot_train_zscore/random/NVDA/seed_44/last_baseline_scores_after_observation_20260827_074537.csv
NVDA,44,Drift,random,35,2,236,2025-12-11T00:00:00,0.0018491307273507,-0.0218414068222045,results/normalization_pilot_train_zscore/random/NVDA/seed_44/last_baseline_scores_after_observation_20260827_074537.csv
NVDA,44,Drift,random,35,3,237,2025-12-12T00:00:00,0.002773696091026,-0.0537924766540527,results/normalization_pilot_train_zscore/random/NVDA/seed_44/last_baseline_scores_after_observation_20260827_074537.csv
NVDA,44,Drift,random,35,4,238,2025-12-15T00:00:00,0.0036982614547014,-0.0469265580177307,results/normalization_pilot_train_zscore/random/NVDA/seed_44/last_baseline_scores_after_observation_20260827_074537.csv
NVDA,44,Drift,random,35,5,239,2025-12-16T00:00:00,0.0046228268183767,-0.0391955375671386,results/normalization_pilot_train_zscore/random/NVDA/seed_44/last_baseline_scores_after_observation_20260827_074537.csv
NVDA,44,Drift,random,36,1,240,2025-12-17T00:00:00,-6.771217886125669e-05,-0.0381498932838439,results/normalization_pilot_train_zscore/random/NVDA/seed_44/last_baseline_scores_after_observation_20260827_074537.csv
NVDA,44,Drift,random,36,2,241,2025-12-18T00:00:00,-0.0001354243577225,-0.0201440453529357,results/normalization_pilot_train_zscore/random/NVDA/seed_44/last_baseline_scores_after_observation_20260827_074537.csv
NVDA,44,Drift,random,36,3,242,2025-12-19T00:00:00,-0.0002031365438597,0.0183997154235839,results/normalization_pilot_train_zscore/random/NVDA/seed_44/last_baseline_scores_after_observation_20260827_074537.csv
NVDA,44,Drift,random,36,4,243,2025-12-22T00:00:00,-0.000270848715445,0.0335922241210937,results/normalization_pilot_train_zscore/random/NVDA/seed_44/last_baseline_scores_after_observation_20260827_074537.csv
NVDA,44,Drift,random,36,5,244,2025-12-23T00:00:00,-0.0003385609015822,0.0646523237228393,results/normalization_pilot_train_zscore/random/NVDA/seed_44/last_baseline_scores_after_observation_20260827_074537.csv
NVDA,44,Drift,random,37,1,245,2025-12-24T00:00:00,0.0002355916221858,-0.0031710863113403,results/normalization_pilot_train_zscore/random/NVDA/seed_44/last_baseline_scores_after_observation_20260827_074537.csv
NVDA,44,Drift,random,37,2,246,2025-12-26T00:00:00,0.0004711832443717,0.0069763660430908,results/normalization_pilot_train_zscore/random/NVDA/seed_44/last_baseline_scores_after_observation_20260827_074537.csv
NVDA,44,Drift,random,37,3,247,2025-12-29T00:00:00,0.0007067748811095,-0.0052323341369628,results/normalization_pilot_train_zscore/random/NVDA/seed_44/last_baseline_scores_after_observation_20260827_074537.csv
NVDA,44,Drift,random,37,4,248,2025-12-30T00:00:00,0.0009423664887435,-0.0088262557983398,results/normalization_pilot_train_zscore/random/NVDA/seed_44/last_baseline_scores_after_observation_20260827_074537.csv
NVDA,44,Drift,random,37,5,249,2025-12-31T00:00:00,0.0011779580963775,-0.0143227577209472,results/normalization_pilot_train_zscore/random/NVDA/seed_44/last_baseline_scores_after_observation_20260827_074537.csv
NVDA,44,GRU,random,0,1,60,2025-04-01T00:00:00,-0.0179512798786163,0.0163314342498779,results/normalization_pilot_train_zscore/random/NVDA/seed_44/last_gru_scores_after_observation_20260827_074537.csv
NVDA,44,GRU,random,0,2,61,2025-04-02T00:00:00,-0.006724452599883,0.0188226699829101,results/normalization_pilot_train_zscore/random/NVDA/seed_44/last_gru_scores_after_observation_20260827_074537.csv
NVDA,44,GRU,random,0,3,62,2025-04-03T00:00:00,-0.0077084377408027,-0.0607122778892517,results/normalization_pilot_train_zscore/random/NVDA/seed_44/last_gru_scores_after_observation_20260827_074537.csv
NVDA,44,GRU,random,0,4,63,2025-04-04T00:00:00,-0.0048050135374069,-0.1298210024833679,results/normalization_pilot_train_zscore/random/NVDA/seed_44/last_gru_scores_after_observation_20260827_074537.csv
NVDA,44,GRU,random,0,5,64,2025-04-07T00:00:00,0.0044243596494197,-0.0990957617759704,results/normalization_pilot_train_zscore/random/NVDA/seed_44/last_gru_scores_after_observation_20260827_074537.csv
NVDA,44,GRU,random,1,1,65,2025-04-08T00:00:00,-0.0025926679372787,-0.0137238502502441,results/normalization_pilot_train_zscore/random/NVDA/seed_44/last_gru_scores_after_observation_20260827_074537.csv
NVDA,44,GRU,random,1,2,66,2025-04-09T00:00:00,-0.0023809541016817,0.1709340810775756,results/normalization_pilot_train_zscore/random/NVDA/seed_44/last_gru_scores_after_observation_20260827_074537.csv
NVDA,44,GRU,random,1,3,67,2025-04-10T00:00:00,-0.0011300668120384,0.1017000675201416,results/normalization_pilot_train_zscore/random/NVDA/seed_44/last_gru_scores_after_observation_20260827_074537.csv
NVDA,44,GRU,random,1,4,68,2025-04-11T00:00:00,0.0102511495351791,0.1361122131347656,results/normalization_pilot_train_zscore/random/NVDA/seed_44/last_gru_scores_after_observation_20260827_074537.csv
NVDA,44,GRU,random,1,5,69,2025-04-14T00:00:00,0.0106553249061107,0.1338590383529663,results/normalization_pilot_train_zscore/random/NVDA/seed_44/last_gru_scores_after_observation_20260827_074537.csv
NVDA,44,GRU,random,2,1,70,2025-04-15T00:00:00,-0.0129269659519195,0.0134586095809936,results/normalization_pilot_train_zscore/random/NVDA/seed_44/last_gru_scores_after_observation_20260827_074537.csv
NVDA,44,GRU,random,2,2,71,2025-04-16T00:00:00,-0.0064657013863325,-0.0561828017234802,results/normalization_pilot_train_zscore/random/NVDA/seed_44/last_gru_scores_after_observation_20260827_074537.csv
NVDA,44,GRU,random,2,3,72,2025-04-17T00:00:00,-0.0063462778925895,-0.0832806825637817,results/normalization_pilot_train_zscore/random/NVDA/seed_44/last_gru_scores_after_observation_20260827_074537.csv
NVDA,44,GRU,random,2,4,73,2025-04-21T00:00:00,-0.0054055452346801,-0.1246499419212341,results/normalization_pilot_train_zscore/random/NVDA/seed_44/last_gru_scores_after_observation_20260827_074537.csv
NVDA,44,GRU,random,2,5,74,2025-04-22T00:00:00,0.0063795857131481,-0.1067654490470886,results/normalization_pilot_train_zscore/random/NVDA/seed_44/last_gru_scores_after_observation_20260827_074537.csv
NVDA,44,GRU,random,3,1,75,2025-04-23T00:00:00,-0.018149085342884,0.0386288166046142,results/normalization_pilot_train_zscore/random/NVDA/seed_44/last_gru_scores_after_observation_20260827_074537.csv
NVDA,44,GRU,random,3,2,76,2025-04-24T00:00:00,-0.0107155721634626,0.0762463808059692,results/normalization_pilot_train_zscore/random/NVDA/seed_44/last_gru_scores_after_observation_20260827_074537.csv
NVDA,44,GRU,random,3,3,77,2025-04-25T00:00:00,-0.0108240768313407,0.1225605010986328,results/normalization_pilot_train_zscore/random/NVDA/seed_44/last_gru_scores_after_observation_20260827_074537.csv
NVDA,44,GRU,random,3,4,78,2025-04-28T00:00:00,-0.0112299397587776,0.0995045900344848,results/normalization_pilot_train_zscore/random/NVDA/seed_44/last_gru_scores_after_observation_20260827_074537.csv
NVDA,44,GRU,random,3,5,79,2025-04-29T00:00:00,-0.0015530213713645,0.1024370193481445,results/normalization_pilot_train_zscore/random/NVDA/seed_44/last_gru_scores_after_observation_20260827_074537.csv
NVDA,44,GRU,random,4,1,80,2025-04-30T00:00:00,-0.0238525122404098,-0.0009172558784484,results/normalization_pilot_train_zscore/random/NVDA/seed_44/last_gru_scores_after_observation_20260827_074537.csv
NVDA,44,GRU,random,4,2,81,2025-05-01T00:00:00,-0.0125095900148153,0.0237571001052856,results/normalization_pilot_train_zscore/random/NVDA/seed_44/last_gru_scores_after_observation_20260827_074537.csv
NVDA,44,GRU,random,4,3,82,2025-05-02T00:00:00,-0.0125805810093879,0.0502660274505615,results/normalization_pilot_train_zscore/random/NVDA/seed_44/last_gru_scores_after_observation_20260827_074537.csv
NVDA,44,GRU,random,4,4,83,2025-05-05T00:00:00,-0.0127656608819961,0.0440286397933959,results/normalization_pilot_train_zscore/random/NVDA/seed_44/last_gru_scores_after_observation_20260827_074537.csv
NVDA,44,GRU,random,4,5,84,2025-05-06T00:00:00,0.0032854862511157,0.0414602756500244,results/normalization_pilot_train_zscore/random/NVDA/seed_44/last_gru_scores_after_observation_20260827_074537.csv
NVDA,44,GRU,random,5,1,85,2025-05-07T00:00:00,-0.026457130908966,0.0310022830963134,results/normalization_pilot_train_zscore/random/NVDA/seed_44/last_gru_scores_after_observation_20260827_074537.csv
NVDA,44,GRU,random,5,2,86,2025-05-08T00:00:00,-0.0102800969034433,0.0337326526641845,results/normalization_pilot_train_zscore/random/NVDA/seed_44/last_gru_scores_after_observation_20260827_074537.csv
NVDA,44,GRU,random,5,3,87,2025-05-09T00:00:00,-0.0121041610836982,0.0273911952972412,results/normalization_pilot_train_zscore/random/NVDA/seed_44/last_gru_scores_after_observation_20260827_074537.csv
NVDA,44,GRU,random,5,4,88,2025-05-12T00:00:00,-0.0096586942672729,0.0833185911178588,results/normalization_pilot_train_zscore/random/NVDA/seed_44/last_gru_scores_after_observation_20260827_074537.csv
NVDA,44,GRU,random,5,5,89,2025-05-13T00:00:00,0.0062547177076339,0.1443543434143066,results/normalization_pilot_train_zscore/random/NVDA/seed_44/last_gru_scores_after_observation_20260827_074537.csv
NVDA,44,GRU,random,6,1,90,2025-05-14T00:00:00,-0.0111528038978576,0.0416377782821655,results/normalization_pilot_train_zscore/random/NVDA/seed_44/last_gru_scores_after_observation_20260827_074537.csv
NVDA,44,GRU,random,6,2,91,2025-05-15T00:00:00,0.0026771444827318,0.0377126932144165,results/normalization_pilot_train_zscore/random/NVDA/seed_44/last_gru_scores_after_observation_20260827_074537.csv
NVDA,44,GRU,random,6,3,92,2025-05-16T00:00:00,-0.0016829445958137,0.0420995950698852,results/normalization_pilot_train_zscore/random/NVDA/seed_44/last_gru_scores_after_observation_20260827_074537.csv
NVDA,44,GRU,random,6,4,93,2025-05-19T00:00:00,0.0141691863536834,0.0434081554412841,results/normalization_pilot_train_zscore/random/NVDA/seed_44/last_gru_scores_after_observation_20260827_074537.csv
NVDA,44,GRU,random,6,5,94,2025-05-20T00:00:00,0.019363559782505,0.0342493057250976,results/normalization_pilot_train_zscore/random/NVDA/seed_44/last_gru_scores_after_observation_20260827_074537.csv
NVDA,44,GRU,random,7,1,95,2025-05-21T00:00:00,-0.0179542452096939,-0.0191993117332458,results/normalization_pilot_train_zscore/random/NVDA/seed_44/last_gru_scores_after_observation_20260827_074537.csv
NVDA,44,GRU,random,7,2,96,2025-05-22T00:00:00,0.0076417569071054,-0.0115344524383544,results/normalization_pilot_train_zscore/random/NVDA/seed_44/last_gru_scores_after_observation_20260827_074537.csv
NVDA,44,GRU,random,7,3,97,2025-05-23T00:00:00,0.0025257244706153,-0.022994577884674,results/normalization_pilot_train_zscore/random/NVDA/seed_44/last_gru_scores_after_observation_20260827_074537.csv
NVDA,44,GRU,random,7,4,98,2025-05-27T00:00:00,0.0089224949479103,0.0083345174789428,results/normalization_pilot_train_zscore/random/NVDA/seed_44/last_gru_scores_after_observation_20260827_074537.csv
NVDA,44,GRU,random,7,5,99,2025-05-28T00:00:00,0.0207767784595489,0.003199815750122,results/normalization_pilot_train_zscore/random/NVDA/seed_44/last_gru_scores_after_observation_20260827_074537.csv
NVDA,44,GRU,random,8,1,100,2025-05-29T00:00:00,-0.0115222781896591,0.0324902534484863,results/normalization_pilot_train_zscore/random/NVDA/seed_44/last_gru_scores_after_observation_20260827_074537.csv
NVDA,44,GRU,random,8,2,101,2025-05-30T00:00:00,0.0109465476125478,0.0023738145828247,results/normalization_pilot_train_zscore/random/NVDA/seed_44/last_gru_scores_after_observation_20260827_074537.csv
NVDA,44,GRU,random,8,3,102,2025-06-02T00:00:00,0.0047037303447723,0.0190639495849609,results/normalization_pilot_train_zscore/random/NVDA/seed_44/last_gru_scores_after_observation_20260827_074537.csv
NVDA,44,GRU,random,8,4,103,2025-06-03T00:00:00,0.0140819251537323,0.0475484132766723,results/normalization_pilot_train_zscore/random/NVDA/seed_44/last_gru_scores_after_observation_20260827_074537.csv
NVDA,44,GRU,random,8,5,104,2025-06-04T00:00:00,0.0212190449237823,0.0527409315109252,results/normalization_pilot_train_zscore/random/NVDA/seed_44/last_gru_scores_after_observation_20260827_074537.csv
NVDA,44,GRU,random,9,1,105,2025-06-05T00:00:00,-0.0169878602027893,-0.013599157333374,results/normalization_pilot_train_zscore/random/NVDA/seed_44/last_gru_scores_after_observation_20260827_074537.csv
NVDA,44,GRU,random,9,2,106,2025-06-06T00:00:00,0.0103367622941732,-0.0014092326164245,results/normalization_pilot_train_zscore/random/NVDA/seed_44/last_gru_scores_after_observation_20260827_074537.csv
NVDA,44,GRU,random,9,3,107,2025-06-09T00:00:00,0.0055979266762733,0.0050028562545776,results/normalization_pilot_train_zscore/random/NVDA/seed_44/last_gru_scores_after_observation_20260827_074537.csv
NVDA,44,GRU,random,9,4,108,2025-06-10T00:00:00,0.0063929930329322,0.0143743753433227,results/normalization_pilot_train_zscore/random/NVDA/seed_44/last_gru_scores_after_observation_20260827_074537.csv
NVDA,44,GRU,random,9,5,109,2025-06-11T00:00:00,0.0195990614593029,0.0064121484756469,results/normalization_pilot_train_zscore/random/NVDA/seed_44/last_gru_scores_after_observation_20260827_074537.csv
NVDA,44,GRU,random,10,1,110,2025-06-12T00:00:00,-0.0205987989902496,0.0151928663253784,results/normalization_pilot_train_zscore/random/NVDA/seed_44/last_gru_scores_after_observation_20260827_074537.csv
NVDA,44,GRU,random,10,2,111,2025-06-13T00:00:00,0.0108944345265626,-0.0060211420059204,results/normalization_pilot_train_zscore/random/NVDA/seed_44/last_gru_scores_after_observation_20260827_074537.csv
NVDA,44,GRU,random,10,3,112,2025-06-16T00:00:00,0.0034642070531845,0.0130224227905273,results/normalization_pilot_train_zscore/random/NVDA/seed_44/last_gru_scores_after_observation_20260827_074537.csv
NVDA,44,GRU,random,10,4,113,2025-06-17T00:00:00,0.002914547920227,0.0090316534042358,results/normalization_pilot_train_zscore/random/NVDA/seed_44/last_gru_scores_after_observation_20260827_074537.csv
NVDA,44,GRU,random,10,5,114,2025-06-18T00:00:00,0.0148842521011829,0.0185534954071044,results/normalization_pilot_train_zscore/random/NVDA/seed_44/last_gru_scores_after_observation_20260827_074537.csv
NVDA,44,GRU,random,11,1,115,2025-06-20T00:00:00,-0.0212155133485794,-0.0112042427062988,results/normalization_pilot_train_zscore/random/NVDA/seed_44/last_gru_scores_after_observation_20260827_074537.csv
NVDA,44,GRU,random,11,2,116,2025-06-23T00:00:00,0.0115830916911363,-0.0090046525001525,results/normalization_pilot_train_zscore/random/NVDA/seed_44/last_gru_scores_after_observation_20260827_074537.csv
NVDA,44,GRU,random,11,3,117,2025-06-24T00:00:00,0.001798577606678,0.0166345834732055,results/normalization_pilot_train_zscore/random/NVDA/seed_44/last_gru_scores_after_observation_20260827_074537.csv
NVDA,44,GRU,random,11,4,118,2025-06-25T00:00:00,0.0036661773920059,0.0606956481933593,results/normalization_pilot_train_zscore/random/NVDA/seed_44/last_gru_scores_after_observation_20260827_074537.csv
NVDA,44,GRU,random,11,5,119,2025-06-26T00:00:00,0.0136696621775627,0.0655760765075683,results/normalization_pilot_train_zscore/random/NVDA/seed_44/last_gru_scores_after_observation_20260827_074537.csv
NVDA,44,GRU,random,12,1,120,2025-06-27T00:00:00,-0.0119794011116027,0.0176105499267578,results/normalization_pilot_train_zscore/random/NVDA/seed_44/last_gru_scores_after_observation_20260827_074537.csv
NVDA,44,GRU,random,12,2,121,2025-06-30T00:00:00,0.017728803679347,0.0191588401794433,results/normalization_pilot_train_zscore/random/NVDA/seed_44/last_gru_scores_after_observation_20260827_074537.csv
NVDA,44,GRU,random,12,3,122,2025-07-01T00:00:00,0.0064636394381523,-0.0110953450202941,results/normalization_pilot_train_zscore/random/NVDA/seed_44/last_gru_scores_after_observation_20260827_074537.csv
NVDA,44,GRU,random,12,4,123,2025-07-02T00:00:00,0.0153485387563705,0.0143852233886718,results/normalization_pilot_train_zscore/random/NVDA/seed_44/last_gru_scores_after_observation_20260827_074537.csv
NVDA,44,GRU,random,12,5,124,2025-07-03T00:00:00,0.0207803472876548,0.027867317199707,results/normalization_pilot_train_zscore/random/NVDA/seed_44/last_gru_scores_after_observation_20260827_074537.csv
NVDA,44,GRU,random,13,1,125,2025-07-07T00:00:00,-0.0194847881793975,-0.0069034099578857,results/normalization_pilot_train_zscore/random/NVDA/seed_44/last_gru_scores_after_observation_20260827_074537.csv
NVDA,44,GRU,random,13,2,126,2025-07-08T00:00:00,0.017690984532237,0.0041421651840209,results/normalization_pilot_train_zscore/random/NVDA/seed_44/last_gru_scores_after_observation_20260827_074537.csv
NVDA,44,GRU,random,13,3,127,2025-07-09T00:00:00,0.0062509104609489,0.0222166776657104,results/normalization_pilot_train_zscore/random/NVDA/seed_44/last_gru_scores_after_observation_20260827_074537.csv
NVDA,44,GRU,random,13,4,128,2025-07-10T00:00:00,0.0057522431015968,0.029873251914978,results/normalization_pilot_train_zscore/random/NVDA/seed_44/last_gru_scores_after_observation_20260827_074537.csv
NVDA,44,GRU,random,13,5,129,2025-07-11T00:00:00,0.0180922076106071,0.0350195169448852,results/normalization_pilot_train_zscore/random/NVDA/seed_44/last_gru_scores_after_observation_20260827_074537.csv
NVDA,44,GRU,random,14,1,130,2025-07-14T00:00:00,-0.0167168974876403,-0.0051539540290832,results/normalization_pilot_train_zscore/random/NVDA/seed_44/last_gru_scores_after_observation_20260827_074537.csv
NVDA,44,GRU,random,14,2,131,2025-07-15T00:00:00,0.0213923547416925,0.0350472927093505,results/normalization_pilot_train_zscore/random/NVDA/seed_44/last_gru_scores_after_observation_20260827_074537.csv
NVDA,44,GRU,random,14,3,132,2025-07-16T00:00:00,0.007048912346363,0.0391098260879516,results/normalization_pilot_train_zscore/random/NVDA/seed_44/last_gru_scores_after_observation_20260827_074537.csv
NVDA,44,GRU,random,14,4,133,2025-07-17T00:00:00,0.0093738287687301,0.0489934682846069,results/normalization_pilot_train_zscore/random/NVDA/seed_44/last_gru_scores_after_observation_20260827_074537.csv
NVDA,44,GRU,random,14,5,134,2025-07-18T00:00:00,0.0196144022047519,0.0454159975051879,results/normalization_pilot_train_zscore/random/NVDA/seed_44/last_gru_scores_after_observation_20260827_074537.csv
NVDA,44,GRU,random,15,1,135,2025-07-21T00:00:00,-0.0195902734994888,-0.0059741139411926,results/normalization_pilot_train_zscore/random/NVDA/seed_44/last_gru_scores_after_observation_20260827_074537.csv
NVDA,44,GRU,random,15,2,136,2025-07-22T00:00:00,0.0237209443002939,-0.0312047004699707,results/normalization_pilot_train_zscore/random/NVDA/seed_44/last_gru_scores_after_observation_20260827_074537.csv
NVDA,44,GRU,random,15,3,137,2025-07-23T00:00:00,0.0083910971879959,-0.0094542503356933,results/normalization_pilot_train_zscore/random/NVDA/seed_44/last_gru_scores_after_observation_20260827_074537.csv
NVDA,44,GRU,random,15,4,138,2025-07-24T00:00:00,0.0060962736606597,0.0077141523361206,results/normalization_pilot_train_zscore/random/NVDA/seed_44/last_gru_scores_after_observation_20260827_074537.csv
NVDA,44,GRU,random,15,5,139,2025-07-25T00:00:00,0.0210878849029541,0.0063221454620361,results/normalization_pilot_train_zscore/random/NVDA/seed_44/last_gru_scores_after_observation_20260827_074537.csv
NVDA,44,GRU,random,16,1,140,2025-07-28T00:00:00,-0.0250288844108581,0.018731951713562,results/normalization_pilot_train_zscore/random/NVDA/seed_44/last_gru_scores_after_observation_20260827_074537.csv
NVDA,44,GRU,random,16,2,141,2025-07-29T00:00:00,0.0218865368515253,0.011584997177124,results/normalization_pilot_train_zscore/random/NVDA/seed_44/last_gru_scores_after_observation_20260827_074537.csv
NVDA,44,GRU,random,16,3,142,2025-07-30T00:00:00,0.0052907392382621,0.0332565307617187,results/normalization_pilot_train_zscore/random/NVDA/seed_44/last_gru_scores_after_observation_20260827_074537.csv
NVDA,44,GRU,random,16,4,143,2025-07-31T00:00:00,-0.0017314627766609,0.0251872539520263,results/normalization_pilot_train_zscore/random/NVDA/seed_44/last_gru_scores_after_observation_20260827_074537.csv
NVDA,44,GRU,random,16,5,144,2025-08-01T00:00:00,0.0169722437858581,0.0012680292129516,results/normalization_pilot_train_zscore/random/NVDA/seed_44/last_gru_scores_after_observation_20260827_074537.csv
NVDA,44,GRU,random,17,1,145,2025-08-04T00:00:00,-0.0135373473167419,0.0361500978469848,results/normalization_pilot_train_zscore/random/NVDA/seed_44/last_gru_scores_after_observation_20260827_074537.csv
NVDA,44,GRU,random,17,2,146,2025-08-05T00:00:00,0.0292583871632814,0.0261340141296386,results/normalization_pilot_train_zscore/random/NVDA/seed_44/last_gru_scores_after_observation_20260827_074537.csv
NVDA,44,GRU,random,17,3,147,2025-08-06T00:00:00,0.0093621388077735,0.0328114032745361,results/normalization_pilot_train_zscore/random/NVDA/seed_44/last_gru_scores_after_observation_20260827_074537.csv
NVDA,44,GRU,random,17,4,148,2025-08-07T00:00:00,0.0120627433061599,0.040582537651062,results/normalization_pilot_train_zscore/random/NVDA/seed_44/last_gru_scores_after_observation_20260827_074537.csv
NVDA,44,GRU,random,17,5,149,2025-08-08T00:00:00,0.0234354808926582,0.0516923666000366,results/normalization_pilot_train_zscore/random/NVDA/seed_44/last_gru_scores_after_observation_20260827_074537.csv
NVDA,44,GRU,random,18,1,150,2025-08-11T00:00:00,-0.0241042375564575,-0.0035030245780944,results/normalization_pilot_train_zscore/random/NVDA/seed_44/last_gru_scores_after_observation_20260827_074537.csv
NVDA,44,GRU,random,18,2,151,2025-08-12T00:00:00,0.0250064302235841,0.002517819404602,results/normalization_pilot_train_zscore/random/NVDA/seed_44/last_gru_scores_after_observation_20260827_074537.csv
NVDA,44,GRU,random,18,3,152,2025-08-13T00:00:00,0.0070085078477859,-0.0060755610466003,results/normalization_pilot_train_zscore/random/NVDA/seed_44/last_gru_scores_after_observation_20260827_074537.csv
NVDA,44,GRU,random,18,4,153,2025-08-14T00:00:00,-0.0028483867645263,-0.0037218928337097,results/normalization_pilot_train_zscore/random/NVDA/seed_44/last_gru_scores_after_observation_20260827_074537.csv
NVDA,44,GRU,random,18,5,154,2025-08-15T00:00:00,0.0192453153431415,-0.0123152732849121,results/normalization_pilot_train_zscore/random/NVDA/seed_44/last_gru_scores_after_observation_20260827_074537.csv
NVDA,44,GRU,random,19,1,155,2025-08-18T00:00:00,-0.0218567252159118,0.0086450576782226,results/normalization_pilot_train_zscore/random/NVDA/seed_44/last_gru_scores_after_observation_20260827_074537.csv
NVDA,44,GRU,random,19,2,156,2025-08-19T00:00:00,0.0271337796002626,-0.0266555547714233,results/normalization_pilot_train_zscore/random/NVDA/seed_44/last_gru_scores_after_observation_20260827_074537.csv
NVDA,44,GRU,random,19,3,157,2025-08-20T00:00:00,0.0066438242793083,-0.0279856324195861,results/normalization_pilot_train_zscore/random/NVDA/seed_44/last_gru_scores_after_observation_20260827_074537.csv
NVDA,44,GRU,random,19,4,158,2025-08-21T00:00:00,-0.0004904493689537,-0.0303131341934204,results/normalization_pilot_train_zscore/random/NVDA/seed_44/last_gru_scores_after_observation_20260827_074537.csv
NVDA,44,GRU,random,19,5,159,2025-08-22T00:00:00,0.0186198614537715,-0.0136325359344482,results/normalization_pilot_train_zscore/random/NVDA/seed_44/last_gru_scores_after_observation_20260827_074537.csv
NVDA,44,GRU,random,20,1,160,2025-08-25T00:00:00,-0.020723670721054,0.0102252960205078,results/normalization_pilot_train_zscore/random/NVDA/seed_44/last_gru_scores_after_observation_20260827_074537.csv
NVDA,44,GRU,random,20,2,161,2025-08-26T00:00:00,0.0244706813246011,0.0212371349334716,results/normalization_pilot_train_zscore/random/NVDA/seed_44/last_gru_scores_after_observation_20260827_074537.csv
NVDA,44,GRU,random,20,3,162,2025-08-27T00:00:00,0.0041407719254493,0.0202820301055908,results/normalization_pilot_train_zscore/random/NVDA/seed_44/last_gru_scores_after_observation_20260827_074537.csv
NVDA,44,GRU,random,20,4,163,2025-08-28T00:00:00,-0.0014059022068977,0.0122478008270263,results/normalization_pilot_train_zscore/random/NVDA/seed_44/last_gru_scores_after_observation_20260827_074537.csv
NVDA,44,GRU,random,20,5,164,2025-08-29T00:00:00,0.0165288373827934,-0.0214057564735412,results/normalization_pilot_train_zscore/random/NVDA/seed_44/last_gru_scores_after_observation_20260827_074537.csv
NVDA,44,GRU,random,21,1,165,2025-09-02T00:00:00,-0.0101750195026397,-0.0195199847221374,results/normalization_pilot_train_zscore/random/NVDA/seed_44/last_gru_scores_after_observation_20260827_074537.csv
NVDA,44,GRU,random,21,2,166,2025-09-03T00:00:00,0.0287452433258295,-0.0204386115074157,results/normalization_pilot_train_zscore/random/NVDA/seed_44/last_gru_scores_after_observation_20260827_074537.csv
NVDA,44,GRU,random,21,3,167,2025-09-04T00:00:00,0.0074697956442832,-0.014467716217041,results/normalization_pilot_train_zscore/random/NVDA/seed_44/last_gru_scores_after_observation_20260827_074537.csv
NVDA,44,GRU,random,21,4,168,2025-09-05T00:00:00,0.0094267129898071,-0.0411068201065063,results/normalization_pilot_train_zscore/random/NVDA/seed_44/last_gru_scores_after_observation_20260827_074537.csv
NVDA,44,GRU,random,21,5,169,2025-09-08T00:00:00,0.0210117623209953,-0.0337007641792297,results/normalization_pilot_train_zscore/random/NVDA/seed_44/last_gru_scores_after_observation_20260827_074537.csv
NVDA,44,GRU,random,22,1,170,2025-09-09T00:00:00,-0.0227613002061843,0.0145564079284667,results/normalization_pilot_train_zscore/random/NVDA/seed_44/last_gru_scores_after_observation_20260827_074537.csv
NVDA,44,GRU,random,22,2,171,2025-09-10T00:00:00,0.0179138649255037,0.0535916090011596,results/normalization_pilot_train_zscore/random/NVDA/seed_44/last_gru_scores_after_observation_20260827_074537.csv
NVDA,44,GRU,random,22,3,172,2025-09-11T00:00:00,0.0005366876721382,0.0526409149169921,results/normalization_pilot_train_zscore/random/NVDA/seed_44/last_gru_scores_after_observation_20260827_074537.csv
NVDA,44,GRU,random,22,4,173,2025-09-12T00:00:00,-0.0093384906649589,0.0565029382705688,results/normalization_pilot_train_zscore/random/NVDA/seed_44/last_gru_scores_after_observation_20260827_074537.csv
NVDA,44,GRU,random,22,5,174,2025-09-15T00:00:00,0.0095053724944591,0.0560870170593261,results/normalization_pilot_train_zscore/random/NVDA/seed_44/last_gru_scores_after_observation_20260827_074537.csv
NVDA,44,GRU,random,23,1,175,2025-09-16T00:00:00,-0.0263545960187912,-0.0161462426185607,results/normalization_pilot_train_zscore/random/NVDA/seed_44/last_gru_scores_after_observation_20260827_074537.csv
NVDA,44,GRU,random,23,2,176,2025-09-17T00:00:00,0.0165422391146421,-0.0419691205024719,results/normalization_pilot_train_zscore/random/NVDA/seed_44/last_gru_scores_after_observation_20260827_074537.csv
NVDA,44,GRU,random,23,3,177,2025-09-18T00:00:00,0.0012912526726722,-0.0084950327873229,results/normalization_pilot_train_zscore/random/NVDA/seed_44/last_gru_scores_after_observation_20260827_074537.csv
NVDA,44,GRU,random,23,4,178,2025-09-19T00:00:00,-0.0128955096006393,-0.0060759782791137,results/normalization_pilot_train_zscore/random/NVDA/seed_44/last_gru_scores_after_observation_20260827_074537.csv
NVDA,44,GRU,random,23,5,179,2025-09-22T00:00:00,0.0102073401212692,0.0329676866531372,results/normalization_pilot_train_zscore/random/NVDA/seed_44/last_gru_scores_after_observation_20260827_074537.csv
NVDA,44,GRU,random,24,1,180,2025-09-23T00:00:00,-0.0113925486803054,-0.0282120108604431,results/normalization_pilot_train_zscore/random/NVDA/seed_44/last_gru_scores_after_observation_20260827_074537.csv
NVDA,44,GRU,random,24,2,181,2025-09-24T00:00:00,0.0224845577031373,-0.0361636281013488,results/normalization_pilot_train_zscore/random/NVDA/seed_44/last_gru_scores_after_observation_20260827_074537.csv
NVDA,44,GRU,random,24,3,182,2025-09-25T00:00:00,0.0056629180908203,-0.0322422385215759,results/normalization_pilot_train_zscore/random/NVDA/seed_44/last_gru_scores_after_observation_20260827_074537.csv
NVDA,44,GRU,random,24,4,183,2025-09-26T00:00:00,0.0030610114336013,-0.0295190811157226,results/normalization_pilot_train_zscore/random/NVDA/seed_44/last_gru_scores_after_observation_20260827_074537.csv
NVDA,44,GRU,random,24,5,184,2025-09-29T00:00:00,0.0197523236274719,-0.0095854997634887,results/normalization_pilot_train_zscore/random/NVDA/seed_44/last_gru_scores_after_observation_20260827_074537.csv
NVDA,44,GRU,random,25,1,185,2025-09-30T00:00:00,-0.0215785354375839,0.0260103940963745,results/normalization_pilot_train_zscore/random/NVDA/seed_44/last_gru_scores_after_observation_20260827_074537.csv
NVDA,44,GRU,random,25,2,186,2025-10-01T00:00:00,0.0192475412040948,0.0296398401260375,results/normalization_pilot_train_zscore/random/NVDA/seed_44/last_gru_scores_after_observation_20260827_074537.csv
NVDA,44,GRU,random,25,3,187,2025-10-02T00:00:00,0.0041812881827354,0.0387132167816162,results/normalization_pilot_train_zscore/random/NVDA/seed_44/last_gru_scores_after_observation_20260827_074537.csv
NVDA,44,GRU,random,25,4,188,2025-10-03T00:00:00,-0.0090153589844703,0.0317293405532836,results/normalization_pilot_train_zscore/random/NVDA/seed_44/last_gru_scores_after_observation_20260827_074537.csv
NVDA,44,GRU,random,25,5,189,2025-10-06T00:00:00,0.0167781561613082,0.0202913284301757,results/normalization_pilot_train_zscore/random/NVDA/seed_44/last_gru_scores_after_observation_20260827_074537.csv
NVDA,44,GRU,random,26,1,190,2025-10-07T00:00:00,-0.0249170511960983,-0.0026948451995849,results/normalization_pilot_train_zscore/random/NVDA/seed_44/last_gru_scores_after_observation_20260827_074537.csv
NVDA,44,GRU,random,26,2,191,2025-10-08T00:00:00,0.0217648241668939,0.0192412137985229,results/normalization_pilot_train_zscore/random/NVDA/seed_44/last_gru_scores_after_observation_20260827_074537.csv
NVDA,44,GRU,random,26,3,192,2025-10-09T00:00:00,0.006404772400856,0.0378894805908203,results/normalization_pilot_train_zscore/random/NVDA/seed_44/last_gru_scores_after_observation_20260827_074537.csv
NVDA,44,GRU,random,26,4,193,2025-10-10T00:00:00,-0.0120128914713859,-0.0128273963928222,results/normalization_pilot_train_zscore/random/NVDA/seed_44/last_gru_scores_after_observation_20260827_074537.csv
NVDA,44,GRU,random,26,5,194,2025-10-13T00:00:00,0.0191116258502006,0.0149834156036376,results/normalization_pilot_train_zscore/random/NVDA/seed_44/last_gru_scores_after_observation_20260827_074537.csv
NVDA,44,GRU,random,27,1,195,2025-10-14T00:00:00,-0.0193737298250198,-0.0440208315849304,results/normalization_pilot_train_zscore/random/NVDA/seed_44/last_gru_scores_after_observation_20260827_074537.csv
NVDA,44,GRU,random,27,2,196,2025-10-15T00:00:00,0.0249604899436235,-0.0450828671455383,results/normalization_pilot_train_zscore/random/NVDA/seed_44/last_gru_scores_after_observation_20260827_074537.csv
NVDA,44,GRU,random,27,3,197,2025-10-16T00:00:00,0.0075897648930549,-0.0345688462257385,results/normalization_pilot_train_zscore/random/NVDA/seed_44/last_gru_scores_after_observation_20260827_074537.csv
NVDA,44,GRU,random,27,4,198,2025-10-17T00:00:00,-0.0056803449988365,-0.0270816087722778,results/normalization_pilot_train_zscore/random/NVDA/seed_44/last_gru_scores_after_observation_20260827_074537.csv
NVDA,44,GRU,random,27,5,199,2025-10-20T00:00:00,0.0231876894831657,-0.030161440372467,results/normalization_pilot_train_zscore/random/NVDA/seed_44/last_gru_scores_after_observation_20260827_074537.csv
NVDA,44,GRU,random,28,1,200,2025-10-21T00:00:00,-0.026874765753746,-0.0081033706665039,results/normalization_pilot_train_zscore/random/NVDA/seed_44/last_gru_scores_after_observation_20260827_074537.csv
NVDA,44,GRU,random,28,2,201,2025-10-22T00:00:00,0.0196280423551797,-0.0129215717315673,results/normalization_pilot_train_zscore/random/NVDA/seed_44/last_gru_scores_after_observation_20260827_074537.csv
NVDA,44,GRU,random,28,3,202,2025-10-23T00:00:00,0.0037567988038063,-0.0026280879974365,results/normalization_pilot_train_zscore/random/NVDA/seed_44/last_gru_scores_after_observation_20260827_074537.csv
NVDA,44,GRU,random,28,4,203,2025-10-24T00:00:00,-0.0150567218661308,0.0198203325271606,results/normalization_pilot_train_zscore/random/NVDA/seed_44/last_gru_scores_after_observation_20260827_074537.csv
NVDA,44,GRU,random,28,5,204,2025-10-27T00:00:00,0.0175539143383502,0.0484559535980224,results/normalization_pilot_train_zscore/random/NVDA/seed_44/last_gru_scores_after_observation_20260827_074537.csv
NVDA,44,GRU,random,29,1,205,2025-10-28T00:00:00,-0.0276839286088943,0.0498198270797729,results/normalization_pilot_train_zscore/random/NVDA/seed_44/last_gru_scores_after_observation_20260827_074537.csv
NVDA,44,GRU,random,29,2,206,2025-10-29T00:00:00,0.0185495559126138,0.0812052488327026,results/normalization_pilot_train_zscore/random/NVDA/seed_44/last_gru_scores_after_observation_20260827_074537.csv
NVDA,44,GRU,random,29,3,207,2025-10-30T00:00:00,0.0031556189060211,0.0595331192016601,results/normalization_pilot_train_zscore/random/NVDA/seed_44/last_gru_scores_after_observation_20260827_074537.csv
NVDA,44,GRU,random,29,4,208,2025-10-31T00:00:00,-0.0144039094448089,0.0574442148208618,results/normalization_pilot_train_zscore/random/NVDA/seed_44/last_gru_scores_after_observation_20260827_074537.csv
NVDA,44,GRU,random,29,5,209,2025-11-03T00:00:00,0.0163663849234581,0.0803697109222412,results/normalization_pilot_train_zscore/random/NVDA/seed_44/last_gru_scores_after_observation_20260827_074537.csv
NVDA,44,GRU,random,30,1,210,2025-11-04T00:00:00,-0.0152893811464309,-0.0395881533622741,results/normalization_pilot_train_zscore/random/NVDA/seed_44/last_gru_scores_after_observation_20260827_074537.csv
NVDA,44,GRU,random,30,2,211,2025-11-05T00:00:00,0.031453363597393,-0.056409478187561,results/normalization_pilot_train_zscore/random/NVDA/seed_44/last_gru_scores_after_observation_20260827_074537.csv
NVDA,44,GRU,random,30,3,212,2025-11-06T00:00:00,0.0148609802126884,-0.0908739566802978,results/normalization_pilot_train_zscore/random/NVDA/seed_44/last_gru_scores_after_observation_20260827_074537.csv
NVDA,44,GRU,random,30,4,213,2025-11-07T00:00:00,-0.000892236828804,-0.0905356407165527,results/normalization_pilot_train_zscore/random/NVDA/seed_44/last_gru_scores_after_observation_20260827_074537.csv
NVDA,44,GRU,random,30,5,214,2025-11-10T00:00:00,0.0327334478497505,-0.0378480553627014,results/normalization_pilot_train_zscore/random/NVDA/seed_44/last_gru_scores_after_observation_20260827_074537.csv
NVDA,44,GRU,random,31,1,215,2025-11-11T00:00:00,-0.0162674486637115,-0.0295905470848083,results/normalization_pilot_train_zscore/random/NVDA/seed_44/last_gru_scores_after_observation_20260827_074537.csv
NVDA,44,GRU,random,31,2,216,2025-11-12T00:00:00,0.029075788334012,-0.0263752937316894,results/normalization_pilot_train_zscore/random/NVDA/seed_44/last_gru_scores_after_observation_20260827_074537.csv
NVDA,44,GRU,random,31,3,217,2025-11-13T00:00:00,0.0109726563096046,-0.0612409114837646,results/normalization_pilot_train_zscore/random/NVDA/seed_44/last_gru_scores_after_observation_20260827_074537.csv
NVDA,44,GRU,random,31,4,218,2025-11-14T00:00:00,-0.0043432712554931,-0.0446119308471679,results/normalization_pilot_train_zscore/random/NVDA/seed_44/last_gru_scores_after_observation_20260827_074537.csv
NVDA,44,GRU,random,31,5,219,2025-11-17T00:00:00,0.0293195433914661,-0.0625470876693725,results/normalization_pilot_train_zscore/random/NVDA/seed_44/last_gru_scores_after_observation_20260827_074537.csv
NVDA,44,GRU,random,32,1,220,2025-11-18T00:00:00,-0.0237239301204681,-0.028081476688385,results/normalization_pilot_train_zscore/random/NVDA/seed_44/last_gru_scores_after_observation_20260827_074537.csv
NVDA,44,GRU,random,32,2,221,2025-11-19T00:00:00,0.0252757389098405,-0.0004287362098693,results/normalization_pilot_train_zscore/random/NVDA/seed_44/last_gru_scores_after_observation_20260827_074537.csv
NVDA,44,GRU,random,32,3,222,2025-11-20T00:00:00,0.0064515396952629,-0.0319400429725647,results/normalization_pilot_train_zscore/random/NVDA/seed_44/last_gru_scores_after_observation_20260827_074537.csv
NVDA,44,GRU,random,32,4,223,2025-11-21T00:00:00,-0.0117165222764015,-0.0413719415664672,results/normalization_pilot_train_zscore/random/NVDA/seed_44/last_gru_scores_after_observation_20260827_074537.csv
NVDA,44,GRU,random,32,5,224,2025-11-24T00:00:00,0.0197058096528053,-0.0217041969299316,results/normalization_pilot_train_zscore/random/NVDA/seed_44/last_gru_scores_after_observation_20260827_074537.csv
NVDA,44,GRU,random,33,1,225,2025-11-25T00:00:00,-0.0111917406320571,-0.0259106755256652,results/normalization_pilot_train_zscore/random/NVDA/seed_44/last_gru_scores_after_observation_20260827_074537.csv
NVDA,44,GRU,random,33,2,226,2025-11-26T00:00:00,0.024539528414607,-0.012544572353363,results/normalization_pilot_train_zscore/random/NVDA/seed_44/last_gru_scores_after_observation_20260827_074537.csv
NVDA,44,GRU,random,33,3,227,2025-11-28T00:00:00,0.0060805007815361,-0.030402660369873,results/normalization_pilot_train_zscore/random/NVDA/seed_44/last_gru_scores_after_observation_20260827_074537.csv
NVDA,44,GRU,random,33,4,228,2025-12-01T00:00:00,-0.0006259232759475,-0.0144070386886596,results/normalization_pilot_train_zscore/random/NVDA/seed_44/last_gru_scores_after_observation_20260827_074537.csv
NVDA,44,GRU,random,33,5,229,2025-12-02T00:00:00,0.0200780667364597,-0.0059709548950195,results/normalization_pilot_train_zscore/random/NVDA/seed_44/last_gru_scores_after_observation_20260827_074537.csv
NVDA,44,GRU,random,34,1,230,2025-12-03T00:00:00,-0.0256333798170089,-0.0103053450584411,results/normalization_pilot_train_zscore/random/NVDA/seed_44/last_gru_scores_after_observation_20260827_074537.csv
NVDA,44,GRU,random,34,2,231,2025-12-04T00:00:00,0.0159389097243547,0.0105807781219482,results/normalization_pilot_train_zscore/random/NVDA/seed_44/last_gru_scores_after_observation_20260827_074537.csv
NVDA,44,GRU,random,34,3,232,2025-12-05T00:00:00,0.0016347020864486,0.0052353143692016,results/normalization_pilot_train_zscore/random/NVDA/seed_44/last_gru_scores_after_observation_20260827_074537.csv
NVDA,44,GRU,random,34,4,233,2025-12-08T00:00:00,-0.0186132118105888,0.0225393772125244,results/normalization_pilot_train_zscore/random/NVDA/seed_44/last_gru_scores_after_observation_20260827_074537.csv
NVDA,44,GRU,random,34,5,234,2025-12-09T00:00:00,0.0091836601495742,0.0193430185317993,results/normalization_pilot_train_zscore/random/NVDA/seed_44/last_gru_scores_after_observation_20260827_074537.csv
NVDA,44,GRU,random,35,1,235,2025-12-10T00:00:00,-0.0252432972192764,-0.0064334869384765,results/normalization_pilot_train_zscore/random/NVDA/seed_44/last_gru_scores_after_observation_20260827_074537.csv
NVDA,44,GRU,random,35,2,236,2025-12-11T00:00:00,0.0171715412288904,-0.0218414068222045,results/normalization_pilot_train_zscore/random/NVDA/seed_44/last_gru_scores_after_observation_20260827_074537.csv
NVDA,44,GRU,random,35,3,237,2025-12-12T00:00:00,0.0024825260043144,-0.0537924766540527,results/normalization_pilot_train_zscore/random/NVDA/seed_44/last_gru_scores_after_observation_20260827_074537.csv
NVDA,44,GRU,random,35,4,238,2025-12-15T00:00:00,-0.0171679332852363,-0.0469265580177307,results/normalization_pilot_train_zscore/random/NVDA/seed_44/last_gru_scores_after_observation_20260827_074537.csv
NVDA,44,GRU,random,35,5,239,2025-12-16T00:00:00,0.0108241289854049,-0.0391955375671386,results/normalization_pilot_train_zscore/random/NVDA/seed_44/last_gru_scores_after_observation_20260827_074537.csv
NVDA,44,GRU,random,36,1,240,2025-12-17T00:00:00,-0.0268474966287612,-0.0381498932838439,results/normalization_pilot_train_zscore/random/NVDA/seed_44/last_gru_scores_after_observation_20260827_074537.csv
NVDA,44,GRU,random,36,2,241,2025-12-18T00:00:00,0.0155373197048902,-0.0201440453529357,results/normalization_pilot_train_zscore/random/NVDA/seed_44/last_gru_scores_after_observation_20260827_074537.csv
NVDA,44,GRU,random,36,3,242,2025-12-19T00:00:00,0.0001372545957565,0.0183997154235839,results/normalization_pilot_train_zscore/random/NVDA/seed_44/last_gru_scores_after_observation_20260827_074537.csv
NVDA,44,GRU,random,36,4,243,2025-12-22T00:00:00,-0.018737256526947,0.0335922241210937,results/normalization_pilot_train_zscore/random/NVDA/seed_44/last_gru_scores_after_observation_20260827_074537.csv
NVDA,44,GRU,random,36,5,244,2025-12-23T00:00:00,0.0094276368618011,0.0646523237228393,results/normalization_pilot_train_zscore/random/NVDA/seed_44/last_gru_scores_after_observation_20260827_074537.csv
NVDA,44,GRU,random,37,1,245,2025-12-24T00:00:00,-0.023065760731697,-0.0031710863113403,results/normalization_pilot_train_zscore/random/NVDA/seed_44/last_gru_scores_after_observation_20260827_074537.csv
NVDA,44,GRU,random,37,2,246,2025-12-26T00:00:00,0.0153665672987699,0.0069763660430908,results/normalization_pilot_train_zscore/random/NVDA/seed_44/last_gru_scores_after_observation_20260827_074537.csv
NVDA,44,GRU,random,37,3,247,2025-12-29T00:00:00,0.0026399344205856,-0.0052323341369628,results/normalization_pilot_train_zscore/random/NVDA/seed_44/last_gru_scores_after_observation_20260827_074537.csv
NVDA,44,GRU,random,37,4,248,2025-12-30T00:00:00,-0.0152989104390144,-0.0088262557983398,results/normalization_pilot_train_zscore/random/NVDA/seed_44/last_gru_scores_after_observation_20260827_074537.csv
NVDA,44,GRU,random,37,5,249,2025-12-31T00:00:00,0.016271099448204,-0.0143227577209472,results/normalization_pilot_train_zscore/random/NVDA/seed_44/last_gru_scores_after_observation_20260827_074537.csv
NVDA,44,Shared-target JEPA--MAE,random,0,1,60,2025-04-01T00:00:00,0.0098328404128551,0.0163314342498779,results/normalization_pilot_train_zscore/random/NVDA/seed_44/last_scores_after_observation_20260827_074537.csv
NVDA,44,Shared-target JEPA--MAE,random,0,2,61,2025-04-02T00:00:00,0.0339045524597168,0.0188226699829101,results/normalization_pilot_train_zscore/random/NVDA/seed_44/last_scores_after_observation_20260827_074537.csv
NVDA,44,Shared-target JEPA--MAE,random,0,3,62,2025-04-03T00:00:00,0.1041008681058883,-0.0607122778892517,results/normalization_pilot_train_zscore/random/NVDA/seed_44/last_scores_after_observation_20260827_074537.csv
NVDA,44,Shared-target JEPA--MAE,random,0,4,63,2025-04-04T00:00:00,-0.0141876470297575,-0.1298210024833679,results/normalization_pilot_train_zscore/random/NVDA/seed_44/last_scores_after_observation_20260827_074537.csv
NVDA,44,Shared-target JEPA--MAE,random,0,5,64,2025-04-07T00:00:00,0.0329664573073387,-0.0990957617759704,results/normalization_pilot_train_zscore/random/NVDA/seed_44/last_scores_after_observation_20260827_074537.csv
NVDA,44,Shared-target JEPA--MAE,random,1,1,65,2025-04-08T00:00:00,0.0224363170564174,-0.0137238502502441,results/normalization_pilot_train_zscore/random/NVDA/seed_44/last_scores_after_observation_20260827_074537.csv
NVDA,44,Shared-target JEPA--MAE,random,1,2,66,2025-04-09T00:00:00,0.0823047161102294,0.1709340810775756,results/normalization_pilot_train_zscore/random/NVDA/seed_44/last_scores_after_observation_20260827_074537.csv
NVDA,44,Shared-target JEPA--MAE,random,1,3,67,2025-04-10T00:00:00,0.130370482802391,0.1017000675201416,results/normalization_pilot_train_zscore/random/NVDA/seed_44/last_scores_after_observation_20260827_074537.csv
NVDA,44,Shared-target JEPA--MAE,random,1,4,68,2025-04-11T00:00:00,0.000516643282026,0.1361122131347656,results/normalization_pilot_train_zscore/random/NVDA/seed_44/last_scores_after_observation_20260827_074537.csv
NVDA,44,Shared-target JEPA--MAE,random,1,5,69,2025-04-14T00:00:00,0.01164245698601,0.1338590383529663,results/normalization_pilot_train_zscore/random/NVDA/seed_44/last_scores_after_observation_20260827_074537.csv
NVDA,44,Shared-target JEPA--MAE,random,2,1,70,2025-04-15T00:00:00,-0.0105527071282267,0.0134586095809936,results/normalization_pilot_train_zscore/random/NVDA/seed_44/last_scores_after_observation_20260827_074537.csv
NVDA,44,Shared-target JEPA--MAE,random,2,2,71,2025-04-16T00:00:00,0.0268672332167625,-0.0561828017234802,results/normalization_pilot_train_zscore/random/NVDA/seed_44/last_scores_after_observation_20260827_074537.csv
NVDA,44,Shared-target JEPA--MAE,random,2,3,72,2025-04-17T00:00:00,0.1524713039398193,-0.0832806825637817,results/normalization_pilot_train_zscore/random/NVDA/seed_44/last_scores_after_observation_20260827_074537.csv
NVDA,44,Shared-target JEPA--MAE,random,2,4,73,2025-04-21T00:00:00,0.0549292489886283,-0.1246499419212341,results/normalization_pilot_train_zscore/random/NVDA/seed_44/last_scores_after_observation_20260827_074537.csv
NVDA,44,Shared-target JEPA--MAE,random,2,5,74,2025-04-22T00:00:00,0.1205144077539444,-0.1067654490470886,results/normalization_pilot_train_zscore/random/NVDA/seed_44/last_scores_after_observation_20260827_074537.csv
NVDA,44,Shared-target JEPA--MAE,random,3,1,75,2025-04-23T00:00:00,-0.0053318850696086,0.0386288166046142,results/normalization_pilot_train_zscore/random/NVDA/seed_44/last_scores_after_observation_20260827_074537.csv
NVDA,44,Shared-target JEPA--MAE,random,3,2,76,2025-04-24T00:00:00,0.0343266539275646,0.0762463808059692,results/normalization_pilot_train_zscore/random/NVDA/seed_44/last_scores_after_observation_20260827_074537.csv
NVDA,44,Shared-target JEPA--MAE,random,3,3,77,2025-04-25T00:00:00,0.1362139582633972,0.1225605010986328,results/normalization_pilot_train_zscore/random/NVDA/seed_44/last_scores_after_observation_20260827_074537.csv
NVDA,44,Shared-target JEPA--MAE,random,3,4,78,2025-04-28T00:00:00,0.0296790804713964,0.0995045900344848,results/normalization_pilot_train_zscore/random/NVDA/seed_44/last_scores_after_observation_20260827_074537.csv
NVDA,44,Shared-target JEPA--MAE,random,3,5,79,2025-04-29T00:00:00,0.062668427824974,0.1024370193481445,results/normalization_pilot_train_zscore/random/NVDA/seed_44/last_scores_after_observation_20260827_074537.csv
NVDA,44,Shared-target JEPA--MAE,random,4,1,80,2025-04-30T00:00:00,-0.0258702486753463,-0.0009172558784484,results/normalization_pilot_train_zscore/random/NVDA/seed_44/last_scores_after_observation_20260827_074537.csv
NVDA,44,Shared-target JEPA--MAE,random,4,2,81,2025-05-01T00:00:00,0.0156211489811539,0.0237571001052856,results/normalization_pilot_train_zscore/random/NVDA/seed_44/last_scores_after_observation_20260827_074537.csv
NVDA,44,Shared-target JEPA--MAE,random,4,3,82,2025-05-02T00:00:00,0.0991962328553199,0.0502660274505615,results/normalization_pilot_train_zscore/random/NVDA/seed_44/last_scores_after_observation_20260827_074537.csv
NVDA,44,Shared-target JEPA--MAE,random,4,4,83,2025-05-05T00:00:00,0.018167233094573,0.0440286397933959,results/normalization_pilot_train_zscore/random/NVDA/seed_44/last_scores_after_observation_20260827_074537.csv
NVDA,44,Shared-target JEPA--MAE,random,4,5,84,2025-05-06T00:00:00,0.0320124328136444,0.0414602756500244,results/normalization_pilot_train_zscore/random/NVDA/seed_44/last_scores_after_observation_20260827_074537.csv
NVDA,44,Shared-target JEPA--MAE,random,5,1,85,2025-05-07T00:00:00,-0.0277615003287792,0.0310022830963134,results/normalization_pilot_train_zscore/random/NVDA/seed_44/last_scores_after_observation_20260827_074537.csv
NVDA,44,Shared-target JEPA--MAE,random,5,2,86,2025-05-08T00:00:00,0.0012609772384166,0.0337326526641845,results/normalization_pilot_train_zscore/random/NVDA/seed_44/last_scores_after_observation_20260827_074537.csv
NVDA,44,Shared-target JEPA--MAE,random,5,3,87,2025-05-09T00:00:00,0.0763884335756301,0.0273911952972412,results/normalization_pilot_train_zscore/random/NVDA/seed_44/last_scores_after_observation_20260827_074537.csv
NVDA,44,Shared-target JEPA--MAE,random,5,4,88,2025-05-12T00:00:00,0.0258734561502933,0.0833185911178588,results/normalization_pilot_train_zscore/random/NVDA/seed_44/last_scores_after_observation_20260827_074537.csv
NVDA,44,Shared-target JEPA--MAE,random,5,5,89,2025-05-13T00:00:00,0.0163392350077629,0.1443543434143066,results/normalization_pilot_train_zscore/random/NVDA/seed_44/last_scores_after_observation_20260827_074537.csv
NVDA,44,Shared-target JEPA--MAE,random,6,1,90,2025-05-14T00:00:00,-0.0359076596796512,0.0416377782821655,results/normalization_pilot_train_zscore/random/NVDA/seed_44/last_scores_after_observation_20260827_074537.csv
NVDA,44,Shared-target JEPA--MAE,random,6,2,91,2025-05-15T00:00:00,-0.0428248718380928,0.0377126932144165,results/normalization_pilot_train_zscore/random/NVDA/seed_44/last_scores_after_observation_20260827_074537.csv
NVDA,44,Shared-target JEPA--MAE,random,6,3,92,2025-05-16T00:00:00,0.0329136252403259,0.0420995950698852,results/normalization_pilot_train_zscore/random/NVDA/seed_44/last_scores_after_observation_20260827_074537.csv
NVDA,44,Shared-target JEPA--MAE,random,6,4,93,2025-05-19T00:00:00,-0.0344851016998291,0.0434081554412841,results/normalization_pilot_train_zscore/random/NVDA/seed_44/last_scores_after_observation_20260827_074537.csv
NVDA,44,Shared-target JEPA--MAE,random,6,5,94,2025-05-20T00:00:00,-0.0136714652180671,0.0342493057250976,results/normalization_pilot_train_zscore/random/NVDA/seed_44/last_scores_after_observation_20260827_074537.csv
NVDA,44,Shared-target JEPA--MAE,random,7,1,95,2025-05-21T00:00:00,-0.0417454950511455,-0.0191993117332458,results/normalization_pilot_train_zscore/random/NVDA/seed_44/last_scores_after_observation_20260827_074537.csv
NVDA,44,Shared-target JEPA--MAE,random,7,2,96,2025-05-22T00:00:00,-0.0004540532827377,-0.0115344524383544,results/normalization_pilot_train_zscore/random/NVDA/seed_44/last_scores_after_observation_20260827_074537.csv
NVDA,44,Shared-target JEPA--MAE,random,7,3,97,2025-05-23T00:00:00,0.0485226921737194,-0.022994577884674,results/normalization_pilot_train_zscore/random/NVDA/seed_44/last_scores_after_observation_20260827_074537.csv
NVDA,44,Shared-target JEPA--MAE,random,7,4,98,2025-05-27T00:00:00,0.0257618241012096,0.0083345174789428,results/normalization_pilot_train_zscore/random/NVDA/seed_44/last_scores_after_observation_20260827_074537.csv
NVDA,44,Shared-target JEPA--MAE,random,7,5,99,2025-05-28T00:00:00,-0.0341118164360523,0.003199815750122,results/normalization_pilot_train_zscore/random/NVDA/seed_44/last_scores_after_observation_20260827_074537.csv
NVDA,44,Shared-target JEPA--MAE,random,8,1,100,2025-05-29T00:00:00,-0.0279241539537906,0.0324902534484863,results/normalization_pilot_train_zscore/random/NVDA/seed_44/last_scores_after_observation_20260827_074537.csv
NVDA,44,Shared-target JEPA--MAE,random,8,2,101,2025-05-30T00:00:00,0.0018737092614173,0.0023738145828247,results/normalization_pilot_train_zscore/random/NVDA/seed_44/last_scores_after_observation_20260827_074537.csv
NVDA,44,Shared-target JEPA--MAE,random,8,3,102,2025-06-02T00:00:00,0.0354500822722911,0.0190639495849609,results/normalization_pilot_train_zscore/random/NVDA/seed_44/last_scores_after_observation_20260827_074537.csv
NVDA,44,Shared-target JEPA--MAE,random,8,4,103,2025-06-03T00:00:00,-0.0257075559347867,0.0475484132766723,results/normalization_pilot_train_zscore/random/NVDA/seed_44/last_scores_after_observation_20260827_074537.csv
NVDA,44,Shared-target JEPA--MAE,random,8,5,104,2025-06-04T00:00:00,-0.062611237168312,0.0527409315109252,results/normalization_pilot_train_zscore/random/NVDA/seed_44/last_scores_after_observation_20260827_074537.csv
NVDA,44,Shared-target JEPA--MAE,random,9,1,105,2025-06-05T00:00:00,-0.0298057608306407,-0.013599157333374,results/normalization_pilot_train_zscore/random/NVDA/seed_44/last_scores_after_observation_20260827_074537.csv
NVDA,44,Shared-target JEPA--MAE,random,9,2,106,2025-06-06T00:00:00,-0.0049549713730812,-0.0014092326164245,results/normalization_pilot_train_zscore/random/NVDA/seed_44/last_scores_after_observation_20260827_074537.csv
NVDA,44,Shared-target JEPA--MAE,random,9,3,107,2025-06-09T00:00:00,0.0421251021325588,0.0050028562545776,results/normalization_pilot_train_zscore/random/NVDA/seed_44/last_scores_after_observation_20260827_074537.csv
NVDA,44,Shared-target JEPA--MAE,random,9,4,108,2025-06-10T00:00:00,0.0004812432453036,0.0143743753433227,results/normalization_pilot_train_zscore/random/NVDA/seed_44/last_scores_after_observation_20260827_074537.csv
NVDA,44,Shared-target JEPA--MAE,random,9,5,109,2025-06-11T00:00:00,-0.0194544624537229,0.0064121484756469,results/normalization_pilot_train_zscore/random/NVDA/seed_44/last_scores_after_observation_20260827_074537.csv
NVDA,44,Shared-target JEPA--MAE,random,10,1,110,2025-06-12T00:00:00,-0.0401880554854869,0.0151928663253784,results/normalization_pilot_train_zscore/random/NVDA/seed_44/last_scores_after_observation_20260827_074537.csv
NVDA,44,Shared-target JEPA--MAE,random,10,2,111,2025-06-13T00:00:00,-0.0027901753783226,-0.0060211420059204,results/normalization_pilot_train_zscore/random/NVDA/seed_44/last_scores_after_observation_20260827_074537.csv
NVDA,44,Shared-target JEPA--MAE,random,10,3,112,2025-06-16T00:00:00,0.0270243547856807,0.0130224227905273,results/normalization_pilot_train_zscore/random/NVDA/seed_44/last_scores_after_observation_20260827_074537.csv
NVDA,44,Shared-target JEPA--MAE,random,10,4,113,2025-06-17T00:00:00,-0.0201223362237215,0.0090316534042358,results/normalization_pilot_train_zscore/random/NVDA/seed_44/last_scores_after_observation_20260827_074537.csv
NVDA,44,Shared-target JEPA--MAE,random,10,5,114,2025-06-18T00:00:00,-0.0934495031833648,0.0185534954071044,results/normalization_pilot_train_zscore/random/NVDA/seed_44/last_scores_after_observation_20260827_074537.csv
NVDA,44,Shared-target JEPA--MAE,random,11,1,115,2025-06-20T00:00:00,-0.0286643765866756,-0.0112042427062988,results/normalization_pilot_train_zscore/random/NVDA/seed_44/last_scores_after_observation_20260827_074537.csv
NVDA,44,Shared-target JEPA--MAE,random,11,2,116,2025-06-23T00:00:00,-0.0052325800061225,-0.0090046525001525,results/normalization_pilot_train_zscore/random/NVDA/seed_44/last_scores_after_observation_20260827_074537.csv
NVDA,44,Shared-target JEPA--MAE,random,11,3,117,2025-06-24T00:00:00,0.0107994629070162,0.0166345834732055,results/normalization_pilot_train_zscore/random/NVDA/seed_44/last_scores_after_observation_20260827_074537.csv
NVDA,44,Shared-target JEPA--MAE,random,11,4,118,2025-06-25T00:00:00,-0.0344427376985549,0.0606956481933593,results/normalization_pilot_train_zscore/random/NVDA/seed_44/last_scores_after_observation_20260827_074537.csv
NVDA,44,Shared-target JEPA--MAE,random,11,5,119,2025-06-26T00:00:00,-0.0683129727840423,0.0655760765075683,results/normalization_pilot_train_zscore/random/NVDA/seed_44/last_scores_after_observation_20260827_074537.csv
NVDA,44,Shared-target JEPA--MAE,random,12,1,120,2025-06-27T00:00:00,-0.0284265242516994,0.0176105499267578,results/normalization_pilot_train_zscore/random/NVDA/seed_44/last_scores_after_observation_20260827_074537.csv
NVDA,44,Shared-target JEPA--MAE,random,12,2,121,2025-06-30T00:00:00,0.014034979045391,0.0191588401794433,results/normalization_pilot_train_zscore/random/NVDA/seed_44/last_scores_after_observation_20260827_074537.csv
NVDA,44,Shared-target JEPA--MAE,random,12,3,122,2025-07-01T00:00:00,0.0309484992176294,-0.0110953450202941,results/normalization_pilot_train_zscore/random/NVDA/seed_44/last_scores_after_observation_20260827_074537.csv
NVDA,44,Shared-target JEPA--MAE,random,12,4,123,2025-07-02T00:00:00,-0.0268489941954612,0.0143852233886718,results/normalization_pilot_train_zscore/random/NVDA/seed_44/last_scores_after_observation_20260827_074537.csv
NVDA,44,Shared-target JEPA--MAE,random,12,5,124,2025-07-03T00:00:00,-0.0578809641301631,0.027867317199707,results/normalization_pilot_train_zscore/random/NVDA/seed_44/last_scores_after_observation_20260827_074537.csv
NVDA,44,Shared-target JEPA--MAE,random,13,1,125,2025-07-07T00:00:00,-0.0285603515803813,-0.0069034099578857,results/normalization_pilot_train_zscore/random/NVDA/seed_44/last_scores_after_observation_20260827_074537.csv
NVDA,44,Shared-target JEPA--MAE,random,13,2,126,2025-07-08T00:00:00,0.0272156335413455,0.0041421651840209,results/normalization_pilot_train_zscore/random/NVDA/seed_44/last_scores_after_observation_20260827_074537.csv
NVDA,44,Shared-target JEPA--MAE,random,13,3,127,2025-07-09T00:00:00,0.0390102118253707,0.0222166776657104,results/normalization_pilot_train_zscore/random/NVDA/seed_44/last_scores_after_observation_20260827_074537.csv
NVDA,44,Shared-target JEPA--MAE,random,13,4,128,2025-07-10T00:00:00,-0.0088474154472351,0.029873251914978,results/normalization_pilot_train_zscore/random/NVDA/seed_44/last_scores_after_observation_20260827_074537.csv
NVDA,44,Shared-target JEPA--MAE,random,13,5,129,2025-07-11T00:00:00,-0.0729345455765724,0.0350195169448852,results/normalization_pilot_train_zscore/random/NVDA/seed_44/last_scores_after_observation_20260827_074537.csv
NVDA,44,Shared-target JEPA--MAE,random,14,1,130,2025-07-14T00:00:00,-0.0056178718805313,-0.0051539540290832,results/normalization_pilot_train_zscore/random/NVDA/seed_44/last_scores_after_observation_20260827_074537.csv
NVDA,44,Shared-target JEPA--MAE,random,14,2,131,2025-07-15T00:00:00,0.025206483900547,0.0350472927093505,results/normalization_pilot_train_zscore/random/NVDA/seed_44/last_scores_after_observation_20260827_074537.csv
NVDA,44,Shared-target JEPA--MAE,random,14,3,132,2025-07-16T00:00:00,-0.0015938356518745,0.0391098260879516,results/normalization_pilot_train_zscore/random/NVDA/seed_44/last_scores_after_observation_20260827_074537.csv
NVDA,44,Shared-target JEPA--MAE,random,14,4,133,2025-07-17T00:00:00,-0.0414961129426956,0.0489934682846069,results/normalization_pilot_train_zscore/random/NVDA/seed_44/last_scores_after_observation_20260827_074537.csv
NVDA,44,Shared-target JEPA--MAE,random,14,5,134,2025-07-18T00:00:00,-0.0576586090028286,0.0454159975051879,results/normalization_pilot_train_zscore/random/NVDA/seed_44/last_scores_after_observation_20260827_074537.csv
NVDA,44,Shared-target JEPA--MAE,random,15,1,135,2025-07-21T00:00:00,0.0111547298729419,-0.0059741139411926,results/normalization_pilot_train_zscore/random/NVDA/seed_44/last_scores_after_observation_20260827_074537.csv
NVDA,44,Shared-target JEPA--MAE,random,15,2,136,2025-07-22T00:00:00,0.0289422795176506,-0.0312047004699707,results/normalization_pilot_train_zscore/random/NVDA/seed_44/last_scores_after_observation_20260827_074537.csv
NVDA,44,Shared-target JEPA--MAE,random,15,3,137,2025-07-23T00:00:00,0.0127255478873848,-0.0094542503356933,results/normalization_pilot_train_zscore/random/NVDA/seed_44/last_scores_after_observation_20260827_074537.csv
NVDA,44,Shared-target JEPA--MAE,random,15,4,138,2025-07-24T00:00:00,-0.0132479863241314,0.0077141523361206,results/normalization_pilot_train_zscore/random/NVDA/seed_44/last_scores_after_observation_20260827_074537.csv
NVDA,44,Shared-target JEPA--MAE,random,15,5,139,2025-07-25T00:00:00,0.0028437040746212,0.0063221454620361,results/normalization_pilot_train_zscore/random/NVDA/seed_44/last_scores_after_observation_20260827_074537.csv
NVDA,44,Shared-target JEPA--MAE,random,16,1,140,2025-07-28T00:00:00,0.0063844770193099,0.018731951713562,results/normalization_pilot_train_zscore/random/NVDA/seed_44/last_scores_after_observation_20260827_074537.csv
NVDA,44,Shared-target JEPA--MAE,random,16,2,141,2025-07-29T00:00:00,0.0340757668018341,0.011584997177124,results/normalization_pilot_train_zscore/random/NVDA/seed_44/last_scores_after_observation_20260827_074537.csv
NVDA,44,Shared-target JEPA--MAE,random,16,3,142,2025-07-30T00:00:00,-0.0106954127550125,0.0332565307617187,results/normalization_pilot_train_zscore/random/NVDA/seed_44/last_scores_after_observation_20260827_074537.csv
NVDA,44,Shared-target JEPA--MAE,random,16,4,143,2025-07-31T00:00:00,-0.0524455793201923,0.0251872539520263,results/normalization_pilot_train_zscore/random/NVDA/seed_44/last_scores_after_observation_20260827_074537.csv
NVDA,44,Shared-target JEPA--MAE,random,16,5,144,2025-08-01T00:00:00,-0.0333872586488723,0.0012680292129516,results/normalization_pilot_train_zscore/random/NVDA/seed_44/last_scores_after_observation_20260827_074537.csv
NVDA,44,Shared-target JEPA--MAE,random,17,1,145,2025-08-04T00:00:00,0.0257636345922946,0.0361500978469848,results/normalization_pilot_train_zscore/random/NVDA/seed_44/last_scores_after_observation_20260827_074537.csv
NVDA,44,Shared-target JEPA--MAE,random,17,2,146,2025-08-05T00:00:00,0.065575823187828,0.0261340141296386,results/normalization_pilot_train_zscore/random/NVDA/seed_44/last_scores_after_observation_20260827_074537.csv
NVDA,44,Shared-target JEPA--MAE,random,17,3,147,2025-08-06T00:00:00,-0.0145421139895915,0.0328114032745361,results/normalization_pilot_train_zscore/random/NVDA/seed_44/last_scores_after_observation_20260827_074537.csv
NVDA,44,Shared-target JEPA--MAE,random,17,4,148,2025-08-07T00:00:00,-0.0478425696492195,0.040582537651062,results/normalization_pilot_train_zscore/random/NVDA/seed_44/last_scores_after_observation_20260827_074537.csv
NVDA,44,Shared-target JEPA--MAE,random,17,5,149,2025-08-08T00:00:00,-0.0197431799024343,0.0516923666000366,results/normalization_pilot_train_zscore/random/NVDA/seed_44/last_scores_after_observation_20260827_074537.csv
NVDA,44,Shared-target JEPA--MAE,random,18,1,150,2025-08-11T00:00:00,0.0103039741516113,-0.0035030245780944,results/normalization_pilot_train_zscore/random/NVDA/seed_44/last_scores_after_observation_20260827_074537.csv
NVDA,44,Shared-target JEPA--MAE,random,18,2,151,2025-08-12T00:00:00,0.0498126223683357,0.002517819404602,results/normalization_pilot_train_zscore/random/NVDA/seed_44/last_scores_after_observation_20260827_074537.csv
NVDA,44,Shared-target JEPA--MAE,random,18,3,152,2025-08-13T00:00:00,-0.0119261313229799,-0.0060755610466003,results/normalization_pilot_train_zscore/random/NVDA/seed_44/last_scores_after_observation_20260827_074537.csv
NVDA,44,Shared-target JEPA--MAE,random,18,4,153,2025-08-14T00:00:00,-0.0500715896487236,-0.0037218928337097,results/normalization_pilot_train_zscore/random/NVDA/seed_44/last_scores_after_observation_20260827_074537.csv
NVDA,44,Shared-target JEPA--MAE,random,18,5,154,2025-08-15T00:00:00,-0.0498627349734306,-0.0123152732849121,results/normalization_pilot_train_zscore/random/NVDA/seed_44/last_scores_after_observation_20260827_074537.csv
NVDA,44,Shared-target JEPA--MAE,random,19,1,155,2025-08-18T00:00:00,0.018488697707653,0.0086450576782226,results/normalization_pilot_train_zscore/random/NVDA/seed_44/last_scores_after_observation_20260827_074537.csv
NVDA,44,Shared-target JEPA--MAE,random,19,2,156,2025-08-19T00:00:00,0.0751339346170425,-0.0266555547714233,results/normalization_pilot_train_zscore/random/NVDA/seed_44/last_scores_after_observation_20260827_074537.csv
NVDA,44,Shared-target JEPA--MAE,random,19,3,157,2025-08-20T00:00:00,-0.007908921688795,-0.0279856324195861,results/normalization_pilot_train_zscore/random/NVDA/seed_44/last_scores_after_observation_20260827_074537.csv
NVDA,44,Shared-target JEPA--MAE,random,19,4,158,2025-08-21T00:00:00,-0.0596284940838813,-0.0303131341934204,results/normalization_pilot_train_zscore/random/NVDA/seed_44/last_scores_after_observation_20260827_074537.csv
NVDA,44,Shared-target JEPA--MAE,random,19,5,159,2025-08-22T00:00:00,-0.0490144081413745,-0.0136325359344482,results/normalization_pilot_train_zscore/random/NVDA/seed_44/last_scores_after_observation_20260827_074537.csv
NVDA,44,Shared-target JEPA--MAE,random,20,1,160,2025-08-25T00:00:00,0.0254842899739742,0.0102252960205078,results/normalization_pilot_train_zscore/random/NVDA/seed_44/last_scores_after_observation_20260827_074537.csv
NVDA,44,Shared-target JEPA--MAE,random,20,2,161,2025-08-26T00:00:00,0.087781548500061,0.0212371349334716,results/normalization_pilot_train_zscore/random/NVDA/seed_44/last_scores_after_observation_20260827_074537.csv
NVDA,44,Shared-target JEPA--MAE,random,20,3,162,2025-08-27T00:00:00,-0.0129968635737895,0.0202820301055908,results/normalization_pilot_train_zscore/random/NVDA/seed_44/last_scores_after_observation_20260827_074537.csv
NVDA,44,Shared-target JEPA--MAE,random,20,4,163,2025-08-28T00:00:00,-0.0785530135035514,0.0122478008270263,results/normalization_pilot_train_zscore/random/NVDA/seed_44/last_scores_after_observation_20260827_074537.csv
NVDA,44,Shared-target JEPA--MAE,random,20,5,164,2025-08-29T00:00:00,-0.0360705740749836,-0.0214057564735412,results/normalization_pilot_train_zscore/random/NVDA/seed_44/last_scores_after_observation_20260827_074537.csv
NVDA,44,Shared-target JEPA--MAE,random,21,1,165,2025-09-02T00:00:00,0.0446826592087745,-0.0195199847221374,results/normalization_pilot_train_zscore/random/NVDA/seed_44/last_scores_after_observation_20260827_074537.csv
NVDA,44,Shared-target JEPA--MAE,random,21,2,166,2025-09-03T00:00:00,0.1180257499217987,-0.0204386115074157,results/normalization_pilot_train_zscore/random/NVDA/seed_44/last_scores_after_observation_20260827_074537.csv
NVDA,44,Shared-target JEPA--MAE,random,21,3,167,2025-09-04T00:00:00,0.0119015499949455,-0.014467716217041,results/normalization_pilot_train_zscore/random/NVDA/seed_44/last_scores_after_observation_20260827_074537.csv
NVDA,44,Shared-target JEPA--MAE,random,21,4,168,2025-09-05T00:00:00,-0.0553151294589042,-0.0411068201065063,results/normalization_pilot_train_zscore/random/NVDA/seed_44/last_scores_after_observation_20260827_074537.csv
NVDA,44,Shared-target JEPA--MAE,random,21,5,169,2025-09-08T00:00:00,0.0138785196468234,-0.0337007641792297,results/normalization_pilot_train_zscore/random/NVDA/seed_44/last_scores_after_observation_20260827_074537.csv
NVDA,44,Shared-target JEPA--MAE,random,22,1,170,2025-09-09T00:00:00,0.0259917937219142,0.0145564079284667,results/normalization_pilot_train_zscore/random/NVDA/seed_44/last_scores_after_observation_20260827_074537.csv
NVDA,44,Shared-target JEPA--MAE,random,22,2,171,2025-09-10T00:00:00,0.0952087640762329,0.0535916090011596,results/normalization_pilot_train_zscore/random/NVDA/seed_44/last_scores_after_observation_20260827_074537.csv
NVDA,44,Shared-target JEPA--MAE,random,22,3,172,2025-09-11T00:00:00,-0.0079156756401062,0.0526409149169921,results/normalization_pilot_train_zscore/random/NVDA/seed_44/last_scores_after_observation_20260827_074537.csv
NVDA,44,Shared-target JEPA--MAE,random,22,4,173,2025-09-12T00:00:00,-0.077136605978012,0.0565029382705688,results/normalization_pilot_train_zscore/random/NVDA/seed_44/last_scores_after_observation_20260827_074537.csv
NVDA,44,Shared-target JEPA--MAE,random,22,5,174,2025-09-15T00:00:00,-0.0377022214233875,0.0560870170593261,results/normalization_pilot_train_zscore/random/NVDA/seed_44/last_scores_after_observation_20260827_074537.csv
NVDA,44,Shared-target JEPA--MAE,random,23,1,175,2025-09-16T00:00:00,0.0295845046639442,-0.0161462426185607,results/normalization_pilot_train_zscore/random/NVDA/seed_44/last_scores_after_observation_20260827_074537.csv
NVDA,44,Shared-target JEPA--MAE,random,23,2,176,2025-09-17T00:00:00,0.0888611823320388,-0.0419691205024719,results/normalization_pilot_train_zscore/random/NVDA/seed_44/last_scores_after_observation_20260827_074537.csv
NVDA,44,Shared-target JEPA--MAE,random,23,3,177,2025-09-18T00:00:00,0.0176435224711895,-0.0084950327873229,results/normalization_pilot_train_zscore/random/NVDA/seed_44/last_scores_after_observation_20260827_074537.csv
NVDA,44,Shared-target JEPA--MAE,random,23,4,178,2025-09-19T00:00:00,-0.0531769655644893,-0.0060759782791137,results/normalization_pilot_train_zscore/random/NVDA/seed_44/last_scores_after_observation_20260827_074537.csv
NVDA,44,Shared-target JEPA--MAE,random,23,5,179,2025-09-22T00:00:00,0.0096354968845844,0.0329676866531372,results/normalization_pilot_train_zscore/random/NVDA/seed_44/last_scores_after_observation_20260827_074537.csv
NVDA,44,Shared-target JEPA--MAE,random,24,1,180,2025-09-23T00:00:00,0.0535528548061847,-0.0282120108604431,results/normalization_pilot_train_zscore/random/NVDA/seed_44/last_scores_after_observation_20260827_074537.csv
NVDA,44,Shared-target JEPA--MAE,random,24,2,181,2025-09-24T00:00:00,0.1142712235450744,-0.0361636281013488,results/normalization_pilot_train_zscore/random/NVDA/seed_44/last_scores_after_observation_20260827_074537.csv
NVDA,44,Shared-target JEPA--MAE,random,24,3,182,2025-09-25T00:00:00,-0.0006888024508953,-0.0322422385215759,results/normalization_pilot_train_zscore/random/NVDA/seed_44/last_scores_after_observation_20260827_074537.csv
NVDA,44,Shared-target JEPA--MAE,random,24,4,183,2025-09-26T00:00:00,-0.0696518123149871,-0.0295190811157226,results/normalization_pilot_train_zscore/random/NVDA/seed_44/last_scores_after_observation_20260827_074537.csv
NVDA,44,Shared-target JEPA--MAE,random,24,5,184,2025-09-29T00:00:00,0.0302881971001625,-0.0095854997634887,results/normalization_pilot_train_zscore/random/NVDA/seed_44/last_scores_after_observation_20260827_074537.csv
NVDA,44,Shared-target JEPA--MAE,random,25,1,185,2025-09-30T00:00:00,0.0255984850227832,0.0260103940963745,results/normalization_pilot_train_zscore/random/NVDA/seed_44/last_scores_after_observation_20260827_074537.csv
NVDA,44,Shared-target JEPA--MAE,random,25,2,186,2025-10-01T00:00:00,0.1154240295290947,0.0296398401260375,results/normalization_pilot_train_zscore/random/NVDA/seed_44/last_scores_after_observation_20260827_074537.csv
NVDA,44,Shared-target JEPA--MAE,random,25,3,187,2025-10-02T00:00:00,0.0101105384528636,0.0387132167816162,results/normalization_pilot_train_zscore/random/NVDA/seed_44/last_scores_after_observation_20260827_074537.csv
NVDA,44,Shared-target JEPA--MAE,random,25,4,188,2025-10-03T00:00:00,-0.0728807747364044,0.0317293405532836,results/normalization_pilot_train_zscore/random/NVDA/seed_44/last_scores_after_observation_20260827_074537.csv
NVDA,44,Shared-target JEPA--MAE,random,25,5,189,2025-10-06T00:00:00,-0.0394711196422576,0.0202913284301757,results/normalization_pilot_train_zscore/random/NVDA/seed_44/last_scores_after_observation_20260827_074537.csv
NVDA,44,Shared-target JEPA--MAE,random,26,1,190,2025-10-07T00:00:00,0.0288177914917469,-0.0026948451995849,results/normalization_pilot_train_zscore/random/NVDA/seed_44/last_scores_after_observation_20260827_074537.csv
NVDA,44,Shared-target JEPA--MAE,random,26,2,191,2025-10-08T00:00:00,0.1071680039167404,0.0192412137985229,results/normalization_pilot_train_zscore/random/NVDA/seed_44/last_scores_after_observation_20260827_074537.csv
NVDA,44,Shared-target JEPA--MAE,random,26,3,192,2025-10-09T00:00:00,0.0070147402584552,0.0378894805908203,results/normalization_pilot_train_zscore/random/NVDA/seed_44/last_scores_after_observation_20260827_074537.csv
NVDA,44,Shared-target JEPA--MAE,random,26,4,193,2025-10-10T00:00:00,-0.0472673699259758,-0.0128273963928222,results/normalization_pilot_train_zscore/random/NVDA/seed_44/last_scores_after_observation_20260827_074537.csv
NVDA,44,Shared-target JEPA--MAE,random,26,5,194,2025-10-13T00:00:00,-0.0233280640095472,0.0149834156036376,results/normalization_pilot_train_zscore/random/NVDA/seed_44/last_scores_after_observation_20260827_074537.csv
NVDA,44,Shared-target JEPA--MAE,random,27,1,195,2025-10-14T00:00:00,0.0377467684447765,-0.0440208315849304,results/normalization_pilot_train_zscore/random/NVDA/seed_44/last_scores_after_observation_20260827_074537.csv
NVDA,44,Shared-target JEPA--MAE,random,27,2,196,2025-10-15T00:00:00,0.113756462931633,-0.0450828671455383,results/normalization_pilot_train_zscore/random/NVDA/seed_44/last_scores_after_observation_20260827_074537.csv
NVDA,44,Shared-target JEPA--MAE,random,27,3,197,2025-10-16T00:00:00,0.0024700611829757,-0.0345688462257385,results/normalization_pilot_train_zscore/random/NVDA/seed_44/last_scores_after_observation_20260827_074537.csv
NVDA,44,Shared-target JEPA--MAE,random,27,4,198,2025-10-17T00:00:00,-0.0531852841377258,-0.0270816087722778,results/normalization_pilot_train_zscore/random/NVDA/seed_44/last_scores_after_observation_20260827_074537.csv
NVDA,44,Shared-target JEPA--MAE,random,27,5,199,2025-10-20T00:00:00,-0.0134219042956829,-0.030161440372467,results/normalization_pilot_train_zscore/random/NVDA/seed_44/last_scores_after_observation_20260827_074537.csv
NVDA,44,Shared-target JEPA--MAE,random,28,1,200,2025-10-21T00:00:00,0.0294583402574062,-0.0081033706665039,results/normalization_pilot_train_zscore/random/NVDA/seed_44/last_scores_after_observation_20260827_074537.csv
NVDA,44,Shared-target JEPA--MAE,random,28,2,201,2025-10-22T00:00:00,0.109315201640129,-0.0129215717315673,results/normalization_pilot_train_zscore/random/NVDA/seed_44/last_scores_after_observation_20260827_074537.csv
NVDA,44,Shared-target JEPA--MAE,random,28,3,202,2025-10-23T00:00:00,0.0091390870511531,-0.0026280879974365,results/normalization_pilot_train_zscore/random/NVDA/seed_44/last_scores_after_observation_20260827_074537.csv
NVDA,44,Shared-target JEPA--MAE,random,28,4,203,2025-10-24T00:00:00,-0.0724996477365493,0.0198203325271606,results/normalization_pilot_train_zscore/random/NVDA/seed_44/last_scores_after_observation_20260827_074537.csv
NVDA,44,Shared-target JEPA--MAE,random,28,5,204,2025-10-27T00:00:00,-0.0112248500809073,0.0484559535980224,results/normalization_pilot_train_zscore/random/NVDA/seed_44/last_scores_after_observation_20260827_074537.csv
NVDA,44,Shared-target JEPA--MAE,random,29,1,205,2025-10-28T00:00:00,0.0370436795055866,0.0498198270797729,results/normalization_pilot_train_zscore/random/NVDA/seed_44/last_scores_after_observation_20260827_074537.csv
NVDA,44,Shared-target JEPA--MAE,random,29,2,206,2025-10-29T00:00:00,0.0833136886358261,0.0812052488327026,results/normalization_pilot_train_zscore/random/NVDA/seed_44/last_scores_after_observation_20260827_074537.csv
NVDA,44,Shared-target JEPA--MAE,random,29,3,207,2025-10-30T00:00:00,-0.0284396149218082,0.0595331192016601,results/normalization_pilot_train_zscore/random/NVDA/seed_44/last_scores_after_observation_20260827_074537.csv
NVDA,44,Shared-target JEPA--MAE,random,29,4,208,2025-10-31T00:00:00,-0.0943176224827766,0.0574442148208618,results/normalization_pilot_train_zscore/random/NVDA/seed_44/last_scores_after_observation_20260827_074537.csv
NVDA,44,Shared-target JEPA--MAE,random,29,5,209,2025-11-03T00:00:00,-0.0208402778953313,0.0803697109222412,results/normalization_pilot_train_zscore/random/NVDA/seed_44/last_scores_after_observation_20260827_074537.csv
NVDA,44,Shared-target JEPA--MAE,random,30,1,210,2025-11-04T00:00:00,0.0436977222561836,-0.0395881533622741,results/normalization_pilot_train_zscore/random/NVDA/seed_44/last_scores_after_observation_20260827_074537.csv
NVDA,44,Shared-target JEPA--MAE,random,30,2,211,2025-11-05T00:00:00,0.1256642639636993,-0.056409478187561,results/normalization_pilot_train_zscore/random/NVDA/seed_44/last_scores_after_observation_20260827_074537.csv
NVDA,44,Shared-target JEPA--MAE,random,30,3,212,2025-11-06T00:00:00,0.0396338105201721,-0.0908739566802978,results/normalization_pilot_train_zscore/random/NVDA/seed_44/last_scores_after_observation_20260827_074537.csv
NVDA,44,Shared-target JEPA--MAE,random,30,4,213,2025-11-07T00:00:00,-0.0039234571158885,-0.0905356407165527,results/normalization_pilot_train_zscore/random/NVDA/seed_44/last_scores_after_observation_20260827_074537.csv
NVDA,44,Shared-target JEPA--MAE,random,30,5,214,2025-11-10T00:00:00,0.0237746722996234,-0.0378480553627014,results/normalization_pilot_train_zscore/random/NVDA/seed_44/last_scores_after_observation_20260827_074537.csv
NVDA,44,Shared-target JEPA--MAE,random,31,1,215,2025-11-11T00:00:00,0.0478458479046821,-0.0295905470848083,results/normalization_pilot_train_zscore/random/NVDA/seed_44/last_scores_after_observation_20260827_074537.csv
NVDA,44,Shared-target JEPA--MAE,random,31,2,216,2025-11-12T00:00:00,0.129659429192543,-0.0263752937316894,results/normalization_pilot_train_zscore/random/NVDA/seed_44/last_scores_after_observation_20260827_074537.csv
NVDA,44,Shared-target JEPA--MAE,random,31,3,217,2025-11-13T00:00:00,0.0040634460747241,-0.0612409114837646,results/normalization_pilot_train_zscore/random/NVDA/seed_44/last_scores_after_observation_20260827_074537.csv
NVDA,44,Shared-target JEPA--MAE,random,31,4,218,2025-11-14T00:00:00,-0.0687886252999305,-0.0446119308471679,results/normalization_pilot_train_zscore/random/NVDA/seed_44/last_scores_after_observation_20260827_074537.csv
NVDA,44,Shared-target JEPA--MAE,random,31,5,219,2025-11-17T00:00:00,-0.0269552767276763,-0.0625470876693725,results/normalization_pilot_train_zscore/random/NVDA/seed_44/last_scores_after_observation_20260827_074537.csv
NVDA,44,Shared-target JEPA--MAE,random,32,1,220,2025-11-18T00:00:00,0.0436097830533981,-0.028081476688385,results/normalization_pilot_train_zscore/random/NVDA/seed_44/last_scores_after_observation_20260827_074537.csv
NVDA,44,Shared-target JEPA--MAE,random,32,2,221,2025-11-19T00:00:00,0.1310935169458389,-0.0004287362098693,results/normalization_pilot_train_zscore/random/NVDA/seed_44/last_scores_after_observation_20260827_074537.csv
NVDA,44,Shared-target JEPA--MAE,random,32,3,222,2025-11-20T00:00:00,0.0088059343397617,-0.0319400429725647,results/normalization_pilot_train_zscore/random/NVDA/seed_44/last_scores_after_observation_20260827_074537.csv
NVDA,44,Shared-target JEPA--MAE,random,32,4,223,2025-11-21T00:00:00,-0.0843937471508979,-0.0413719415664672,results/normalization_pilot_train_zscore/random/NVDA/seed_44/last_scores_after_observation_20260827_074537.csv
NVDA,44,Shared-target JEPA--MAE,random,32,5,224,2025-11-24T00:00:00,-0.0218150578439235,-0.0217041969299316,results/normalization_pilot_train_zscore/random/NVDA/seed_44/last_scores_after_observation_20260827_074537.csv
NVDA,44,Shared-target JEPA--MAE,random,33,1,225,2025-11-25T00:00:00,0.0611391030251979,-0.0259106755256652,results/normalization_pilot_train_zscore/random/NVDA/seed_44/last_scores_after_observation_20260827_074537.csv
NVDA,44,Shared-target JEPA--MAE,random,33,2,226,2025-11-26T00:00:00,0.1564917862415313,-0.012544572353363,results/normalization_pilot_train_zscore/random/NVDA/seed_44/last_scores_after_observation_20260827_074537.csv
NVDA,44,Shared-target JEPA--MAE,random,33,3,227,2025-11-28T00:00:00,0.0418791808187961,-0.030402660369873,results/normalization_pilot_train_zscore/random/NVDA/seed_44/last_scores_after_observation_20260827_074537.csv
NVDA,44,Shared-target JEPA--MAE,random,33,4,228,2025-12-01T00:00:00,-0.0643155127763748,-0.0144070386886596,results/normalization_pilot_train_zscore/random/NVDA/seed_44/last_scores_after_observation_20260827_074537.csv
NVDA,44,Shared-target JEPA--MAE,random,33,5,229,2025-12-02T00:00:00,0.03343465924263,-0.0059709548950195,results/normalization_pilot_train_zscore/random/NVDA/seed_44/last_scores_after_observation_20260827_074537.csv
NVDA,44,Shared-target JEPA--MAE,random,34,1,230,2025-12-03T00:00:00,0.0415061563253402,-0.0103053450584411,results/normalization_pilot_train_zscore/random/NVDA/seed_44/last_scores_after_observation_20260827_074537.csv
NVDA,44,Shared-target JEPA--MAE,random,34,2,231,2025-12-04T00:00:00,0.1263137757778167,0.0105807781219482,results/normalization_pilot_train_zscore/random/NVDA/seed_44/last_scores_after_observation_20260827_074537.csv
NVDA,44,Shared-target JEPA--MAE,random,34,3,232,2025-12-05T00:00:00,0.0208351500332355,0.0052353143692016,results/normalization_pilot_train_zscore/random/NVDA/seed_44/last_scores_after_observation_20260827_074537.csv
NVDA,44,Shared-target JEPA--MAE,random,34,4,233,2025-12-08T00:00:00,-0.0704979225993156,0.0225393772125244,results/normalization_pilot_train_zscore/random/NVDA/seed_44/last_scores_after_observation_20260827_074537.csv
NVDA,44,Shared-target JEPA--MAE,random,34,5,234,2025-12-09T00:00:00,-0.0165359079837799,0.0193430185317993,results/normalization_pilot_train_zscore/random/NVDA/seed_44/last_scores_after_observation_20260827_074537.csv
NVDA,44,Shared-target JEPA--MAE,random,35,1,235,2025-12-10T00:00:00,0.0434217117726802,-0.0064334869384765,results/normalization_pilot_train_zscore/random/NVDA/seed_44/last_scores_after_observation_20260827_074537.csv
NVDA,44,Shared-target JEPA--MAE,random,35,2,236,2025-12-11T00:00:00,0.1205490306019783,-0.0218414068222045,results/normalization_pilot_train_zscore/random/NVDA/seed_44/last_scores_after_observation_20260827_074537.csv
NVDA,44,Shared-target JEPA--MAE,random,35,3,237,2025-12-12T00:00:00,0.0261631496250629,-0.0537924766540527,results/normalization_pilot_train_zscore/random/NVDA/seed_44/last_scores_after_observation_20260827_074537.csv
NVDA,44,Shared-target JEPA--MAE,random,35,4,238,2025-12-15T00:00:00,-0.0648225247859954,-0.0469265580177307,results/normalization_pilot_train_zscore/random/NVDA/seed_44/last_scores_after_observation_20260827_074537.csv
NVDA,44,Shared-target JEPA--MAE,random,35,5,239,2025-12-16T00:00:00,0.0167472101747989,-0.0391955375671386,results/normalization_pilot_train_zscore/random/NVDA/seed_44/last_scores_after_observation_20260827_074537.csv
NVDA,44,Shared-target JEPA--MAE,random,36,1,240,2025-12-17T00:00:00,0.0430862121284008,-0.0381498932838439,results/normalization_pilot_train_zscore/random/NVDA/seed_44/last_scores_after_observation_20260827_074537.csv
NVDA,44,Shared-target JEPA--MAE,random,36,2,241,2025-12-18T00:00:00,0.1325514912605285,-0.0201440453529357,results/normalization_pilot_train_zscore/random/NVDA/seed_44/last_scores_after_observation_20260827_074537.csv
NVDA,44,Shared-target JEPA--MAE,random,36,3,242,2025-12-19T00:00:00,0.0358158610761165,0.0183997154235839,results/normalization_pilot_train_zscore/random/NVDA/seed_44/last_scores_after_observation_20260827_074537.csv
NVDA,44,Shared-target JEPA--MAE,random,36,4,243,2025-12-22T00:00:00,-0.0729567930102348,0.0335922241210937,results/normalization_pilot_train_zscore/random/NVDA/seed_44/last_scores_after_observation_20260827_074537.csv
NVDA,44,Shared-target JEPA--MAE,random,36,5,244,2025-12-23T00:00:00,-0.0027530919760465,0.0646523237228393,results/normalization_pilot_train_zscore/random/NVDA/seed_44/last_scores_after_observation_20260827_074537.csv
NVDA,44,Shared-target JEPA--MAE,random,37,1,245,2025-12-24T00:00:00,0.0308039113879203,-0.0031710863113403,results/normalization_pilot_train_zscore/random/NVDA/seed_44/last_scores_after_observation_20260827_074537.csv
NVDA,44,Shared-target JEPA--MAE,random,37,2,246,2025-12-26T00:00:00,0.1461495161056518,0.0069763660430908,results/normalization_pilot_train_zscore/random/NVDA/seed_44/last_scores_after_observation_20260827_074537.csv
NVDA,44,Shared-target JEPA--MAE,random,37,3,247,2025-12-29T00:00:00,0.0576508715748786,-0.0052323341369628,results/normalization_pilot_train_zscore/random/NVDA/seed_44/last_scores_after_observation_20260827_074537.csv
NVDA,44,Shared-target JEPA--MAE,random,37,4,248,2025-12-30T00:00:00,-0.0636491477489471,-0.0088262557983398,results/normalization_pilot_train_zscore/random/NVDA/seed_44/last_scores_after_observation_20260827_074537.csv
NVDA,44,Shared-target JEPA--MAE,random,37,5,249,2025-12-31T00:00:00,-0.0124366991221904,-0.0143227577209472,results/normalization_pilot_train_zscore/random/NVDA/seed_44/last_scores_after_observation_20260827_074537.csv
NVDA,46,Naive-last,random,0,1,60,2025-04-01T00:00:00,0.0,0.0163314342498779,results/normalization_pilot_train_zscore/random/NVDA/seed_46/last_baseline_scores_after_observation_20260827_074552.csv
NVDA,46,Naive-last,random,0,2,61,2025-04-02T00:00:00,0.0,0.0188226699829101,results/normalization_pilot_train_zscore/random/NVDA/seed_46/last_baseline_scores_after_observation_20260827_074552.csv
NVDA,46,Naive-last,random,0,3,62,2025-04-03T00:00:00,0.0,-0.0607122778892517,results/normalization_pilot_train_zscore/random/NVDA/seed_46/last_baseline_scores_after_observation_20260827_074552.csv
NVDA,46,Naive-last,random,0,4,63,2025-04-04T00:00:00,0.0,-0.1298210024833679,results/normalization_pilot_train_zscore/random/NVDA/seed_46/last_baseline_scores_after_observation_20260827_074552.csv
NVDA,46,Naive-last,random,0,5,64,2025-04-07T00:00:00,0.0,-0.0990957617759704,results/normalization_pilot_train_zscore/random/NVDA/seed_46/last_baseline_scores_after_observation_20260827_074552.csv
NVDA,46,Naive-last,random,1,1,65,2025-04-08T00:00:00,0.0,-0.0137238502502441,results/normalization_pilot_train_zscore/random/NVDA/seed_46/last_baseline_scores_after_observation_20260827_074552.csv
NVDA,46,Naive-last,random,1,2,66,2025-04-09T00:00:00,0.0,0.1709340810775756,results/normalization_pilot_train_zscore/random/NVDA/seed_46/last_baseline_scores_after_observation_20260827_074552.csv
NVDA,46,Naive-last,random,1,3,67,2025-04-10T00:00:00,0.0,0.1017000675201416,results/normalization_pilot_train_zscore/random/NVDA/seed_46/last_baseline_scores_after_observation_20260827_074552.csv
NVDA,46,Naive-last,random,1,4,68,2025-04-11T00:00:00,0.0,0.1361122131347656,results/normalization_pilot_train_zscore/random/NVDA/seed_46/last_baseline_scores_after_observation_20260827_074552.csv
NVDA,46,Naive-last,random,1,5,69,2025-04-14T00:00:00,0.0,0.1338590383529663,results/normalization_pilot_train_zscore/random/NVDA/seed_46/last_baseline_scores_after_observation_20260827_074552.csv
NVDA,46,Naive-last,random,2,1,70,2025-04-15T00:00:00,0.0,0.0134586095809936,results/normalization_pilot_train_zscore/random/NVDA/seed_46/last_baseline_scores_after_observation_20260827_074552.csv
NVDA,46,Naive-last,random,2,2,71,2025-04-16T00:00:00,0.0,-0.0561828017234802,results/normalization_pilot_train_zscore/random/NVDA/seed_46/last_baseline_scores_after_observation_20260827_074552.csv
NVDA,46,Naive-last,random,2,3,72,2025-04-17T00:00:00,0.0,-0.0832806825637817,results/normalization_pilot_train_zscore/random/NVDA/seed_46/last_baseline_scores_after_observation_20260827_074552.csv
NVDA,46,Naive-last,random,2,4,73,2025-04-21T00:00:00,0.0,-0.1246499419212341,results/normalization_pilot_train_zscore/random/NVDA/seed_46/last_baseline_scores_after_observation_20260827_074552.csv
NVDA,46,Naive-last,random,2,5,74,2025-04-22T00:00:00,0.0,-0.1067654490470886,results/normalization_pilot_train_zscore/random/NVDA/seed_46/last_baseline_scores_after_observation_20260827_074552.csv
NVDA,46,Naive-last,random,3,1,75,2025-04-23T00:00:00,0.0,0.0386288166046142,results/normalization_pilot_train_zscore/random/NVDA/seed_46/last_baseline_scores_after_observation_20260827_074552.csv
NVDA,46,Naive-last,random,3,2,76,2025-04-24T00:00:00,0.0,0.0762463808059692,results/normalization_pilot_train_zscore/random/NVDA/seed_46/last_baseline_scores_after_observation_20260827_074552.csv
NVDA,46,Naive-last,random,3,3,77,2025-04-25T00:00:00,0.0,0.1225605010986328,results/normalization_pilot_train_zscore/random/NVDA/seed_46/last_baseline_scores_after_observation_20260827_074552.csv
NVDA,46,Naive-last,random,3,4,78,2025-04-28T00:00:00,0.0,0.0995045900344848,results/normalization_pilot_train_zscore/random/NVDA/seed_46/last_baseline_scores_after_observation_20260827_074552.csv
NVDA,46,Naive-last,random,3,5,79,2025-04-29T00:00:00,0.0,0.1024370193481445,results/normalization_pilot_train_zscore/random/NVDA/seed_46/last_baseline_scores_after_observation_20260827_074552.csv
NVDA,46,Naive-last,random,4,1,80,2025-04-30T00:00:00,0.0,-0.0009172558784484,results/normalization_pilot_train_zscore/random/NVDA/seed_46/last_baseline_scores_after_observation_20260827_074552.csv
NVDA,46,Naive-last,random,4,2,81,2025-05-01T00:00:00,0.0,0.0237571001052856,results/normalization_pilot_train_zscore/random/NVDA/seed_46/last_baseline_scores_after_observation_20260827_074552.csv
NVDA,46,Naive-last,random,4,3,82,2025-05-02T00:00:00,0.0,0.0502660274505615,results/normalization_pilot_train_zscore/random/NVDA/seed_46/last_baseline_scores_after_observation_20260827_074552.csv
NVDA,46,Naive-last,random,4,4,83,2025-05-05T00:00:00,0.0,0.0440286397933959,results/normalization_pilot_train_zscore/random/NVDA/seed_46/last_baseline_scores_after_observation_20260827_074552.csv
NVDA,46,Naive-last,random,4,5,84,2025-05-06T00:00:00,0.0,0.0414602756500244,results/normalization_pilot_train_zscore/random/NVDA/seed_46/last_baseline_scores_after_observation_20260827_074552.csv
NVDA,46,Naive-last,random,5,1,85,2025-05-07T00:00:00,0.0,0.0310022830963134,results/normalization_pilot_train_zscore/random/NVDA/seed_46/last_baseline_scores_after_observation_20260827_074552.csv
NVDA,46,Naive-last,random,5,2,86,2025-05-08T00:00:00,0.0,0.0337326526641845,results/normalization_pilot_train_zscore/random/NVDA/seed_46/last_baseline_scores_after_observation_20260827_074552.csv
NVDA,46,Naive-last,random,5,3,87,2025-05-09T00:00:00,0.0,0.0273911952972412,results/normalization_pilot_train_zscore/random/NVDA/seed_46/last_baseline_scores_after_observation_20260827_074552.csv
NVDA,46,Naive-last,random,5,4,88,2025-05-12T00:00:00,0.0,0.0833185911178588,results/normalization_pilot_train_zscore/random/NVDA/seed_46/last_baseline_scores_after_observation_20260827_074552.csv
NVDA,46,Naive-last,random,5,5,89,2025-05-13T00:00:00,0.0,0.1443543434143066,results/normalization_pilot_train_zscore/random/NVDA/seed_46/last_baseline_scores_after_observation_20260827_074552.csv
NVDA,46,Naive-last,random,6,1,90,2025-05-14T00:00:00,0.0,0.0416377782821655,results/normalization_pilot_train_zscore/random/NVDA/seed_46/last_baseline_scores_after_observation_20260827_074552.csv
NVDA,46,Naive-last,random,6,2,91,2025-05-15T00:00:00,0.0,0.0377126932144165,results/normalization_pilot_train_zscore/random/NVDA/seed_46/last_baseline_scores_after_observation_20260827_074552.csv
NVDA,46,Naive-last,random,6,3,92,2025-05-16T00:00:00,0.0,0.0420995950698852,results/normalization_pilot_train_zscore/random/NVDA/seed_46/last_baseline_scores_after_observation_20260827_074552.csv
NVDA,46,Naive-last,random,6,4,93,2025-05-19T00:00:00,0.0,0.0434081554412841,results/normalization_pilot_train_zscore/random/NVDA/seed_46/last_baseline_scores_after_observation_20260827_074552.csv
NVDA,46,Naive-last,random,6,5,94,2025-05-20T00:00:00,0.0,0.0342493057250976,results/normalization_pilot_train_zscore/random/NVDA/seed_46/last_baseline_scores_after_observation_20260827_074552.csv
NVDA,46,Naive-last,random,7,1,95,2025-05-21T00:00:00,0.0,-0.0191993117332458,results/normalization_pilot_train_zscore/random/NVDA/seed_46/last_baseline_scores_after_observation_20260827_074552.csv
NVDA,46,Naive-last,random,7,2,96,2025-05-22T00:00:00,0.0,-0.0115344524383544,results/normalization_pilot_train_zscore/random/NVDA/seed_46/last_baseline_scores_after_observation_20260827_074552.csv
NVDA,46,Naive-last,random,7,3,97,2025-05-23T00:00:00,0.0,-0.022994577884674,results/normalization_pilot_train_zscore/random/NVDA/seed_46/last_baseline_scores_after_observation_20260827_074552.csv
NVDA,46,Naive-last,random,7,4,98,2025-05-27T00:00:00,0.0,0.0083345174789428,results/normalization_pilot_train_zscore/random/NVDA/seed_46/last_baseline_scores_after_observation_20260827_074552.csv
NVDA,46,Naive-last,random,7,5,99,2025-05-28T00:00:00,0.0,0.003199815750122,results/normalization_pilot_train_zscore/random/NVDA/seed_46/last_baseline_scores_after_observation_20260827_074552.csv
NVDA,46,Naive-last,random,8,1,100,2025-05-29T00:00:00,0.0,0.0324902534484863,results/normalization_pilot_train_zscore/random/NVDA/seed_46/last_baseline_scores_after_observation_20260827_074552.csv
NVDA,46,Naive-last,random,8,2,101,2025-05-30T00:00:00,0.0,0.0023738145828247,results/normalization_pilot_train_zscore/random/NVDA/seed_46/last_baseline_scores_after_observation_20260827_074552.csv
NVDA,46,Naive-last,random,8,3,102,2025-06-02T00:00:00,0.0,0.0190639495849609,results/normalization_pilot_train_zscore/random/NVDA/seed_46/last_baseline_scores_after_observation_20260827_074552.csv
NVDA,46,Naive-last,random,8,4,103,2025-06-03T00:00:00,0.0,0.0475484132766723,results/normalization_pilot_train_zscore/random/NVDA/seed_46/last_baseline_scores_after_observation_20260827_074552.csv
NVDA,46,Naive-last,random,8,5,104,2025-06-04T00:00:00,0.0,0.0527409315109252,results/normalization_pilot_train_zscore/random/NVDA/seed_46/last_baseline_scores_after_observation_20260827_074552.csv
NVDA,46,Naive-last,random,9,1,105,2025-06-05T00:00:00,0.0,-0.013599157333374,results/normalization_pilot_train_zscore/random/NVDA/seed_46/last_baseline_scores_after_observation_20260827_074552.csv
NVDA,46,Naive-last,random,9,2,106,2025-06-06T00:00:00,0.0,-0.0014092326164245,results/normalization_pilot_train_zscore/random/NVDA/seed_46/last_baseline_scores_after_observation_20260827_074552.csv
NVDA,46,Naive-last,random,9,3,107,2025-06-09T00:00:00,0.0,0.0050028562545776,results/normalization_pilot_train_zscore/random/NVDA/seed_46/last_baseline_scores_after_observation_20260827_074552.csv
NVDA,46,Naive-last,random,9,4,108,2025-06-10T00:00:00,0.0,0.0143743753433227,results/normalization_pilot_train_zscore/random/NVDA/seed_46/last_baseline_scores_after_observation_20260827_074552.csv
NVDA,46,Naive-last,random,9,5,109,2025-06-11T00:00:00,0.0,0.0064121484756469,results/normalization_pilot_train_zscore/random/NVDA/seed_46/last_baseline_scores_after_observation_20260827_074552.csv
NVDA,46,Naive-last,random,10,1,110,2025-06-12T00:00:00,0.0,0.0151928663253784,results/normalization_pilot_train_zscore/random/NVDA/seed_46/last_baseline_scores_after_observation_20260827_074552.csv
NVDA,46,Naive-last,random,10,2,111,2025-06-13T00:00:00,0.0,-0.0060211420059204,results/normalization_pilot_train_zscore/random/NVDA/seed_46/last_baseline_scores_after_observation_20260827_074552.csv
NVDA,46,Naive-last,random,10,3,112,2025-06-16T00:00:00,0.0,0.0130224227905273,results/normalization_pilot_train_zscore/random/NVDA/seed_46/last_baseline_scores_after_observation_20260827_074552.csv
NVDA,46,Naive-last,random,10,4,113,2025-06-17T00:00:00,0.0,0.0090316534042358,results/normalization_pilot_train_zscore/random/NVDA/seed_46/last_baseline_scores_after_observation_20260827_074552.csv
NVDA,46,Naive-last,random,10,5,114,2025-06-18T00:00:00,0.0,0.0185534954071044,results/normalization_pilot_train_zscore/random/NVDA/seed_46/last_baseline_scores_after_observation_20260827_074552.csv
NVDA,46,Naive-last,random,11,1,115,2025-06-20T00:00:00,0.0,-0.0112042427062988,results/normalization_pilot_train_zscore/random/NVDA/seed_46/last_baseline_scores_after_observation_20260827_074552.csv
NVDA,46,Naive-last,random,11,2,116,2025-06-23T00:00:00,0.0,-0.0090046525001525,results/normalization_pilot_train_zscore/random/NVDA/seed_46/last_baseline_scores_after_observation_20260827_074552.csv
NVDA,46,Naive-last,random,11,3,117,2025-06-24T00:00:00,0.0,0.0166345834732055,results/normalization_pilot_train_zscore/random/NVDA/seed_46/last_baseline_scores_after_observation_20260827_074552.csv
NVDA,46,Naive-last,random,11,4,118,2025-06-25T00:00:00,0.0,0.0606956481933593,results/normalization_pilot_train_zscore/random/NVDA/seed_46/last_baseline_scores_after_observation_20260827_074552.csv
NVDA,46,Naive-last,random,11,5,119,2025-06-26T00:00:00,0.0,0.0655760765075683,results/normalization_pilot_train_zscore/random/NVDA/seed_46/last_baseline_scores_after_observation_20260827_074552.csv
NVDA,46,Naive-last,random,12,1,120,2025-06-27T00:00:00,0.0,0.0176105499267578,results/normalization_pilot_train_zscore/random/NVDA/seed_46/last_baseline_scores_after_observation_20260827_074552.csv
NVDA,46,Naive-last,random,12,2,121,2025-06-30T00:00:00,0.0,0.0191588401794433,results/normalization_pilot_train_zscore/random/NVDA/seed_46/last_baseline_scores_after_observation_20260827_074552.csv
NVDA,46,Naive-last,random,12,3,122,2025-07-01T00:00:00,0.0,-0.0110953450202941,results/normalization_pilot_train_zscore/random/NVDA/seed_46/last_baseline_scores_after_observation_20260827_074552.csv
NVDA,46,Naive-last,random,12,4,123,2025-07-02T00:00:00,0.0,0.0143852233886718,results/normalization_pilot_train_zscore/random/NVDA/seed_46/last_baseline_scores_after_observation_20260827_074552.csv
NVDA,46,Naive-last,random,12,5,124,2025-07-03T00:00:00,0.0,0.027867317199707,results/normalization_pilot_train_zscore/random/NVDA/seed_46/last_baseline_scores_after_observation_20260827_074552.csv
NVDA,46,Naive-last,random,13,1,125,2025-07-07T00:00:00,0.0,-0.0069034099578857,results/normalization_pilot_train_zscore/random/NVDA/seed_46/last_baseline_scores_after_observation_20260827_074552.csv
NVDA,46,Naive-last,random,13,2,126,2025-07-08T00:00:00,0.0,0.0041421651840209,results/normalization_pilot_train_zscore/random/NVDA/seed_46/last_baseline_scores_after_observation_20260827_074552.csv
NVDA,46,Naive-last,random,13,3,127,2025-07-09T00:00:00,0.0,0.0222166776657104,results/normalization_pilot_train_zscore/random/NVDA/seed_46/last_baseline_scores_after_observation_20260827_074552.csv
NVDA,46,Naive-last,random,13,4,128,2025-07-10T00:00:00,0.0,0.029873251914978,results/normalization_pilot_train_zscore/random/NVDA/seed_46/last_baseline_scores_after_observation_20260827_074552.csv
NVDA,46,Naive-last,random,13,5,129,2025-07-11T00:00:00,0.0,0.0350195169448852,results/normalization_pilot_train_zscore/random/NVDA/seed_46/last_baseline_scores_after_observation_20260827_074552.csv
NVDA,46,Naive-last,random,14,1,130,2025-07-14T00:00:00,0.0,-0.0051539540290832,results/normalization_pilot_train_zscore/random/NVDA/seed_46/last_baseline_scores_after_observation_20260827_074552.csv
NVDA,46,Naive-last,random,14,2,131,2025-07-15T00:00:00,0.0,0.0350472927093505,results/normalization_pilot_train_zscore/random/NVDA/seed_46/last_baseline_scores_after_observation_20260827_074552.csv
NVDA,46,Naive-last,random,14,3,132,2025-07-16T00:00:00,0.0,0.0391098260879516,results/normalization_pilot_train_zscore/random/NVDA/seed_46/last_baseline_scores_after_observation_20260827_074552.csv
NVDA,46,Naive-last,random,14,4,133,2025-07-17T00:00:00,0.0,0.0489934682846069,results/normalization_pilot_train_zscore/random/NVDA/seed_46/last_baseline_scores_after_observation_20260827_074552.csv
NVDA,46,Naive-last,random,14,5,134,2025-07-18T00:00:00,0.0,0.0454159975051879,results/normalization_pilot_train_zscore/random/NVDA/seed_46/last_baseline_scores_after_observation_20260827_074552.csv
NVDA,46,Naive-last,random,15,1,135,2025-07-21T00:00:00,0.0,-0.0059741139411926,results/normalization_pilot_train_zscore/random/NVDA/seed_46/last_baseline_scores_after_observation_20260827_074552.csv
NVDA,46,Naive-last,random,15,2,136,2025-07-22T00:00:00,0.0,-0.0312047004699707,results/normalization_pilot_train_zscore/random/NVDA/seed_46/last_baseline_scores_after_observation_20260827_074552.csv
NVDA,46,Naive-last,random,15,3,137,2025-07-23T00:00:00,0.0,-0.0094542503356933,results/normalization_pilot_train_zscore/random/NVDA/seed_46/last_baseline_scores_after_observation_20260827_074552.csv
NVDA,46,Naive-last,random,15,4,138,2025-07-24T00:00:00,0.0,0.0077141523361206,results/normalization_pilot_train_zscore/random/NVDA/seed_46/last_baseline_scores_after_observation_20260827_074552.csv
NVDA,46,Naive-last,random,15,5,139,2025-07-25T00:00:00,0.0,0.0063221454620361,results/normalization_pilot_train_zscore/random/NVDA/seed_46/last_baseline_scores_after_observation_20260827_074552.csv
NVDA,46,Naive-last,random,16,1,140,2025-07-28T00:00:00,0.0,0.018731951713562,results/normalization_pilot_train_zscore/random/NVDA/seed_46/last_baseline_scores_after_observation_20260827_074552.csv
NVDA,46,Naive-last,random,16,2,141,2025-07-29T00:00:00,0.0,0.011584997177124,results/normalization_pilot_train_zscore/random/NVDA/seed_46/last_baseline_scores_after_observation_20260827_074552.csv
NVDA,46,Naive-last,random,16,3,142,2025-07-30T00:00:00,0.0,0.0332565307617187,results/normalization_pilot_train_zscore/random/NVDA/seed_46/last_baseline_scores_after_observation_20260827_074552.csv
NVDA,46,Naive-last,random,16,4,143,2025-07-31T00:00:00,0.0,0.0251872539520263,results/normalization_pilot_train_zscore/random/NVDA/seed_46/last_baseline_scores_after_observation_20260827_074552.csv
NVDA,46,Naive-last,random,16,5,144,2025-08-01T00:00:00,0.0,0.0012680292129516,results/normalization_pilot_train_zscore/random/NVDA/seed_46/last_baseline_scores_after_observation_20260827_074552.csv
NVDA,46,Naive-last,random,17,1,145,2025-08-04T00:00:00,0.0,0.0361500978469848,results/normalization_pilot_train_zscore/random/NVDA/seed_46/last_baseline_scores_after_observation_20260827_074552.csv
NVDA,46,Naive-last,random,17,2,146,2025-08-05T00:00:00,0.0,0.0261340141296386,results/normalization_pilot_train_zscore/random/NVDA/seed_46/last_baseline_scores_after_observation_20260827_074552.csv
NVDA,46,Naive-last,random,17,3,147,2025-08-06T00:00:00,0.0,0.0328114032745361,results/normalization_pilot_train_zscore/random/NVDA/seed_46/last_baseline_scores_after_observation_20260827_074552.csv
NVDA,46,Naive-last,random,17,4,148,2025-08-07T00:00:00,0.0,0.040582537651062,results/normalization_pilot_train_zscore/random/NVDA/seed_46/last_baseline_scores_after_observation_20260827_074552.csv
NVDA,46,Naive-last,random,17,5,149,2025-08-08T00:00:00,0.0,0.0516923666000366,results/normalization_pilot_train_zscore/random/NVDA/seed_46/last_baseline_scores_after_observation_20260827_074552.csv
NVDA,46,Naive-last,random,18,1,150,2025-08-11T00:00:00,0.0,-0.0035030245780944,results/normalization_pilot_train_zscore/random/NVDA/seed_46/last_baseline_scores_after_observation_20260827_074552.csv
NVDA,46,Naive-last,random,18,2,151,2025-08-12T00:00:00,0.0,0.002517819404602,results/normalization_pilot_train_zscore/random/NVDA/seed_46/last_baseline_scores_after_observation_20260827_074552.csv
NVDA,46,Naive-last,random,18,3,152,2025-08-13T00:00:00,0.0,-0.0060755610466003,results/normalization_pilot_train_zscore/random/NVDA/seed_46/last_baseline_scores_after_observation_20260827_074552.csv
NVDA,46,Naive-last,random,18,4,153,2025-08-14T00:00:00,0.0,-0.0037218928337097,results/normalization_pilot_train_zscore/random/NVDA/seed_46/last_baseline_scores_after_observation_20260827_074552.csv
NVDA,46,Naive-last,random,18,5,154,2025-08-15T00:00:00,0.0,-0.0123152732849121,results/normalization_pilot_train_zscore/random/NVDA/seed_46/last_baseline_scores_after_observation_20260827_074552.csv
NVDA,46,Naive-last,random,19,1,155,2025-08-18T00:00:00,0.0,0.0086450576782226,results/normalization_pilot_train_zscore/random/NVDA/seed_46/last_baseline_scores_after_observation_20260827_074552.csv
NVDA,46,Naive-last,random,19,2,156,2025-08-19T00:00:00,0.0,-0.0266555547714233,results/normalization_pilot_train_zscore/random/NVDA/seed_46/last_baseline_scores_after_observation_20260827_074552.csv
NVDA,46,Naive-last,random,19,3,157,2025-08-20T00:00:00,0.0,-0.0279856324195861,results/normalization_pilot_train_zscore/random/NVDA/seed_46/last_baseline_scores_after_observation_20260827_074552.csv
NVDA,46,Naive-last,random,19,4,158,2025-08-21T00:00:00,0.0,-0.0303131341934204,results/normalization_pilot_train_zscore/random/NVDA/seed_46/last_baseline_scores_after_observation_20260827_074552.csv
NVDA,46,Naive-last,random,19,5,159,2025-08-22T00:00:00,0.0,-0.0136325359344482,results/normalization_pilot_train_zscore/random/NVDA/seed_46/last_baseline_scores_after_observation_20260827_074552.csv
NVDA,46,Naive-last,random,20,1,160,2025-08-25T00:00:00,0.0,0.0102252960205078,results/normalization_pilot_train_zscore/random/NVDA/seed_46/last_baseline_scores_after_observation_20260827_074552.csv
NVDA,46,Naive-last,random,20,2,161,2025-08-26T00:00:00,0.0,0.0212371349334716,results/normalization_pilot_train_zscore/random/NVDA/seed_46/last_baseline_scores_after_observation_20260827_074552.csv
NVDA,46,Naive-last,random,20,3,162,2025-08-27T00:00:00,0.0,0.0202820301055908,results/normalization_pilot_train_zscore/random/NVDA/seed_46/last_baseline_scores_after_observation_20260827_074552.csv
NVDA,46,Naive-last,random,20,4,163,2025-08-28T00:00:00,0.0,0.0122478008270263,results/normalization_pilot_train_zscore/random/NVDA/seed_46/last_baseline_scores_after_observation_20260827_074552.csv
NVDA,46,Naive-last,random,20,5,164,2025-08-29T00:00:00,0.0,-0.0214057564735412,results/normalization_pilot_train_zscore/random/NVDA/seed_46/last_baseline_scores_after_observation_20260827_074552.csv
NVDA,46,Naive-last,random,21,1,165,2025-09-02T00:00:00,0.0,-0.0195199847221374,results/normalization_pilot_train_zscore/random/NVDA/seed_46/last_baseline_scores_after_observation_20260827_074552.csv
NVDA,46,Naive-last,random,21,2,166,2025-09-03T00:00:00,0.0,-0.0204386115074157,results/normalization_pilot_train_zscore/random/NVDA/seed_46/last_baseline_scores_after_observation_20260827_074552.csv
NVDA,46,Naive-last,random,21,3,167,2025-09-04T00:00:00,0.0,-0.014467716217041,results/normalization_pilot_train_zscore/random/NVDA/seed_46/last_baseline_scores_after_observation_20260827_074552.csv
NVDA,46,Naive-last,random,21,4,168,2025-09-05T00:00:00,0.0,-0.0411068201065063,results/normalization_pilot_train_zscore/random/NVDA/seed_46/last_baseline_scores_after_observation_20260827_074552.csv
NVDA,46,Naive-last,random,21,5,169,2025-09-08T00:00:00,0.0,-0.0337007641792297,results/normalization_pilot_train_zscore/random/NVDA/seed_46/last_baseline_scores_after_observation_20260827_074552.csv
NVDA,46,Naive-last,random,22,1,170,2025-09-09T00:00:00,0.0,0.0145564079284667,results/normalization_pilot_train_zscore/random/NVDA/seed_46/last_baseline_scores_after_observation_20260827_074552.csv
NVDA,46,Naive-last,random,22,2,171,2025-09-10T00:00:00,0.0,0.0535916090011596,results/normalization_pilot_train_zscore/random/NVDA/seed_46/last_baseline_scores_after_observation_20260827_074552.csv
NVDA,46,Naive-last,random,22,3,172,2025-09-11T00:00:00,0.0,0.0526409149169921,results/normalization_pilot_train_zscore/random/NVDA/seed_46/last_baseline_scores_after_observation_20260827_074552.csv
NVDA,46,Naive-last,random,22,4,173,2025-09-12T00:00:00,0.0,0.0565029382705688,results/normalization_pilot_train_zscore/random/NVDA/seed_46/last_baseline_scores_after_observation_20260827_074552.csv
NVDA,46,Naive-last,random,22,5,174,2025-09-15T00:00:00,0.0,0.0560870170593261,results/normalization_pilot_train_zscore/random/NVDA/seed_46/last_baseline_scores_after_observation_20260827_074552.csv
NVDA,46,Naive-last,random,23,1,175,2025-09-16T00:00:00,0.0,-0.0161462426185607,results/normalization_pilot_train_zscore/random/NVDA/seed_46/last_baseline_scores_after_observation_20260827_074552.csv
NVDA,46,Naive-last,random,23,2,176,2025-09-17T00:00:00,0.0,-0.0419691205024719,results/normalization_pilot_train_zscore/random/NVDA/seed_46/last_baseline_scores_after_observation_20260827_074552.csv
NVDA,46,Naive-last,random,23,3,177,2025-09-18T00:00:00,0.0,-0.0084950327873229,results/normalization_pilot_train_zscore/random/NVDA/seed_46/last_baseline_scores_after_observation_20260827_074552.csv
NVDA,46,Naive-last,random,23,4,178,2025-09-19T00:00:00,0.0,-0.0060759782791137,results/normalization_pilot_train_zscore/random/NVDA/seed_46/last_baseline_scores_after_observation_20260827_074552.csv
NVDA,46,Naive-last,random,23,5,179,2025-09-22T00:00:00,0.0,0.0329676866531372,results/normalization_pilot_train_zscore/random/NVDA/seed_46/last_baseline_scores_after_observation_20260827_074552.csv
NVDA,46,Naive-last,random,24,1,180,2025-09-23T00:00:00,0.0,-0.0282120108604431,results/normalization_pilot_train_zscore/random/NVDA/seed_46/last_baseline_scores_after_observation_20260827_074552.csv
NVDA,46,Naive-last,random,24,2,181,2025-09-24T00:00:00,0.0,-0.0361636281013488,results/normalization_pilot_train_zscore/random/NVDA/seed_46/last_baseline_scores_after_observation_20260827_074552.csv
NVDA,46,Naive-last,random,24,3,182,2025-09-25T00:00:00,0.0,-0.0322422385215759,results/normalization_pilot_train_zscore/random/NVDA/seed_46/last_baseline_scores_after_observation_20260827_074552.csv
NVDA,46,Naive-last,random,24,4,183,2025-09-26T00:00:00,0.0,-0.0295190811157226,results/normalization_pilot_train_zscore/random/NVDA/seed_46/last_baseline_scores_after_observation_20260827_074552.csv
NVDA,46,Naive-last,random,24,5,184,2025-09-29T00:00:00,0.0,-0.0095854997634887,results/normalization_pilot_train_zscore/random/NVDA/seed_46/last_baseline_scores_after_observation_20260827_074552.csv
NVDA,46,Naive-last,random,25,1,185,2025-09-30T00:00:00,0.0,0.0260103940963745,results/normalization_pilot_train_zscore/random/NVDA/seed_46/last_baseline_scores_after_observation_20260827_074552.csv
NVDA,46,Naive-last,random,25,2,186,2025-10-01T00:00:00,0.0,0.0296398401260375,results/normalization_pilot_train_zscore/random/NVDA/seed_46/last_baseline_scores_after_observation_20260827_074552.csv
NVDA,46,Naive-last,random,25,3,187,2025-10-02T00:00:00,0.0,0.0387132167816162,results/normalization_pilot_train_zscore/random/NVDA/seed_46/last_baseline_scores_after_observation_20260827_074552.csv
NVDA,46,Naive-last,random,25,4,188,2025-10-03T00:00:00,0.0,0.0317293405532836,results/normalization_pilot_train_zscore/random/NVDA/seed_46/last_baseline_scores_after_observation_20260827_074552.csv
NVDA,46,Naive-last,random,25,5,189,2025-10-06T00:00:00,0.0,0.0202913284301757,results/normalization_pilot_train_zscore/random/NVDA/seed_46/last_baseline_scores_after_observation_20260827_074552.csv
NVDA,46,Naive-last,random,26,1,190,2025-10-07T00:00:00,0.0,-0.0026948451995849,results/normalization_pilot_train_zscore/random/NVDA/seed_46/last_baseline_scores_after_observation_20260827_074552.csv
NVDA,46,Naive-last,random,26,2,191,2025-10-08T00:00:00,0.0,0.0192412137985229,results/normalization_pilot_train_zscore/random/NVDA/seed_46/last_baseline_scores_after_observation_20260827_074552.csv
NVDA,46,Naive-last,random,26,3,192,2025-10-09T00:00:00,0.0,0.0378894805908203,results/normalization_pilot_train_zscore/random/NVDA/seed_46/last_baseline_scores_after_observation_20260827_074552.csv
NVDA,46,Naive-last,random,26,4,193,2025-10-10T00:00:00,0.0,-0.0128273963928222,results/normalization_pilot_train_zscore/random/NVDA/seed_46/last_baseline_scores_after_observation_20260827_074552.csv
NVDA,46,Naive-last,random,26,5,194,2025-10-13T00:00:00,0.0,0.0149834156036376,results/normalization_pilot_train_zscore/random/NVDA/seed_46/last_baseline_scores_after_observation_20260827_074552.csv
NVDA,46,Naive-last,random,27,1,195,2025-10-14T00:00:00,0.0,-0.0440208315849304,results/normalization_pilot_train_zscore/random/NVDA/seed_46/last_baseline_scores_after_observation_20260827_074552.csv
NVDA,46,Naive-last,random,27,2,196,2025-10-15T00:00:00,0.0,-0.0450828671455383,results/normalization_pilot_train_zscore/random/NVDA/seed_46/last_baseline_scores_after_observation_20260827_074552.csv
NVDA,46,Naive-last,random,27,3,197,2025-10-16T00:00:00,0.0,-0.0345688462257385,results/normalization_pilot_train_zscore/random/NVDA/seed_46/last_baseline_scores_after_observation_20260827_074552.csv
NVDA,46,Naive-last,random,27,4,198,2025-10-17T00:00:00,0.0,-0.0270816087722778,results/normalization_pilot_train_zscore/random/NVDA/seed_46/last_baseline_scores_after_observation_20260827_074552.csv
NVDA,46,Naive-last,random,27,5,199,2025-10-20T00:00:00,0.0,-0.030161440372467,results/normalization_pilot_train_zscore/random/NVDA/seed_46/last_baseline_scores_after_observation_20260827_074552.csv
NVDA,46,Naive-last,random,28,1,200,2025-10-21T00:00:00,0.0,-0.0081033706665039,results/normalization_pilot_train_zscore/random/NVDA/seed_46/last_baseline_scores_after_observation_20260827_074552.csv
NVDA,46,Naive-last,random,28,2,201,2025-10-22T00:00:00,0.0,-0.0129215717315673,results/normalization_pilot_train_zscore/random/NVDA/seed_46/last_baseline_scores_after_observation_20260827_074552.csv
NVDA,46,Naive-last,random,28,3,202,2025-10-23T00:00:00,0.0,-0.0026280879974365,results/normalization_pilot_train_zscore/random/NVDA/seed_46/last_baseline_scores_after_observation_20260827_074552.csv
NVDA,46,Naive-last,random,28,4,203,2025-10-24T00:00:00,0.0,0.0198203325271606,results/normalization_pilot_train_zscore/random/NVDA/seed_46/last_baseline_scores_after_observation_20260827_074552.csv
NVDA,46,Naive-last,random,28,5,204,2025-10-27T00:00:00,0.0,0.0484559535980224,results/normalization_pilot_train_zscore/random/NVDA/seed_46/last_baseline_scores_after_observation_20260827_074552.csv
NVDA,46,Naive-last,random,29,1,205,2025-10-28T00:00:00,0.0,0.0498198270797729,results/normalization_pilot_train_zscore/random/NVDA/seed_46/last_baseline_scores_after_observation_20260827_074552.csv
NVDA,46,Naive-last,random,29,2,206,2025-10-29T00:00:00,0.0,0.0812052488327026,results/normalization_pilot_train_zscore/random/NVDA/seed_46/last_baseline_scores_after_observation_20260827_074552.csv
NVDA,46,Naive-last,random,29,3,207,2025-10-30T00:00:00,0.0,0.0595331192016601,results/normalization_pilot_train_zscore/random/NVDA/seed_46/last_baseline_scores_after_observation_20260827_074552.csv
NVDA,46,Naive-last,random,29,4,208,2025-10-31T00:00:00,0.0,0.0574442148208618,results/normalization_pilot_train_zscore/random/NVDA/seed_46/last_baseline_scores_after_observation_20260827_074552.csv
NVDA,46,Naive-last,random,29,5,209,2025-11-03T00:00:00,0.0,0.0803697109222412,results/normalization_pilot_train_zscore/random/NVDA/seed_46/last_baseline_scores_after_observation_20260827_074552.csv
NVDA,46,Naive-last,random,30,1,210,2025-11-04T00:00:00,0.0,-0.0395881533622741,results/normalization_pilot_train_zscore/random/NVDA/seed_46/last_baseline_scores_after_observation_20260827_074552.csv
NVDA,46,Naive-last,random,30,2,211,2025-11-05T00:00:00,0.0,-0.056409478187561,results/normalization_pilot_train_zscore/random/NVDA/seed_46/last_baseline_scores_after_observation_20260827_074552.csv
NVDA,46,Naive-last,random,30,3,212,2025-11-06T00:00:00,0.0,-0.0908739566802978,results/normalization_pilot_train_zscore/random/NVDA/seed_46/last_baseline_scores_after_observation_20260827_074552.csv
NVDA,46,Naive-last,random,30,4,213,2025-11-07T00:00:00,0.0,-0.0905356407165527,results/normalization_pilot_train_zscore/random/NVDA/seed_46/last_baseline_scores_after_observation_20260827_074552.csv
NVDA,46,Naive-last,random,30,5,214,2025-11-10T00:00:00,0.0,-0.0378480553627014,results/normalization_pilot_train_zscore/random/NVDA/seed_46/last_baseline_scores_after_observation_20260827_074552.csv
NVDA,46,Naive-last,random,31,1,215,2025-11-11T00:00:00,0.0,-0.0295905470848083,results/normalization_pilot_train_zscore/random/NVDA/seed_46/last_baseline_scores_after_observation_20260827_074552.csv
NVDA,46,Naive-last,random,31,2,216,2025-11-12T00:00:00,0.0,-0.0263752937316894,results/normalization_pilot_train_zscore/random/NVDA/seed_46/last_baseline_scores_after_observation_20260827_074552.csv
NVDA,46,Naive-last,random,31,3,217,2025-11-13T00:00:00,0.0,-0.0612409114837646,results/normalization_pilot_train_zscore/random/NVDA/seed_46/last_baseline_scores_after_observation_20260827_074552.csv
NVDA,46,Naive-last,random,31,4,218,2025-11-14T00:00:00,0.0,-0.0446119308471679,results/normalization_pilot_train_zscore/random/NVDA/seed_46/last_baseline_scores_after_observation_20260827_074552.csv
NVDA,46,Naive-last,random,31,5,219,2025-11-17T00:00:00,0.0,-0.0625470876693725,results/normalization_pilot_train_zscore/random/NVDA/seed_46/last_baseline_scores_after_observation_20260827_074552.csv
NVDA,46,Naive-last,random,32,1,220,2025-11-18T00:00:00,0.0,-0.028081476688385,results/normalization_pilot_train_zscore/random/NVDA/seed_46/last_baseline_scores_after_observation_20260827_074552.csv
NVDA,46,Naive-last,random,32,2,221,2025-11-19T00:00:00,0.0,-0.0004287362098693,results/normalization_pilot_train_zscore/random/NVDA/seed_46/last_baseline_scores_after_observation_20260827_074552.csv
NVDA,46,Naive-last,random,32,3,222,2025-11-20T00:00:00,0.0,-0.0319400429725647,results/normalization_pilot_train_zscore/random/NVDA/seed_46/last_baseline_scores_after_observation_20260827_074552.csv
NVDA,46,Naive-last,random,32,4,223,2025-11-21T00:00:00,0.0,-0.0413719415664672,results/normalization_pilot_train_zscore/random/NVDA/seed_46/last_baseline_scores_after_observation_20260827_074552.csv
NVDA,46,Naive-last,random,32,5,224,2025-11-24T00:00:00,0.0,-0.0217041969299316,results/normalization_pilot_train_zscore/random/NVDA/seed_46/last_baseline_scores_after_observation_20260827_074552.csv
NVDA,46,Naive-last,random,33,1,225,2025-11-25T00:00:00,0.0,-0.0259106755256652,results/normalization_pilot_train_zscore/random/NVDA/seed_46/last_baseline_scores_after_observation_20260827_074552.csv
NVDA,46,Naive-last,random,33,2,226,2025-11-26T00:00:00,0.0,-0.012544572353363,results/normalization_pilot_train_zscore/random/NVDA/seed_46/last_baseline_scores_after_observation_20260827_074552.csv
NVDA,46,Naive-last,random,33,3,227,2025-11-28T00:00:00,0.0,-0.030402660369873,results/normalization_pilot_train_zscore/random/NVDA/seed_46/last_baseline_scores_after_observation_20260827_074552.csv
NVDA,46,Naive-last,random,33,4,228,2025-12-01T00:00:00,0.0,-0.0144070386886596,results/normalization_pilot_train_zscore/random/NVDA/seed_46/last_baseline_scores_after_observation_20260827_074552.csv
NVDA,46,Naive-last,random,33,5,229,2025-12-02T00:00:00,0.0,-0.0059709548950195,results/normalization_pilot_train_zscore/random/NVDA/seed_46/last_baseline_scores_after_observation_20260827_074552.csv
NVDA,46,Naive-last,random,34,1,230,2025-12-03T00:00:00,0.0,-0.0103053450584411,results/normalization_pilot_train_zscore/random/NVDA/seed_46/last_baseline_scores_after_observation_20260827_074552.csv
NVDA,46,Naive-last,random,34,2,231,2025-12-04T00:00:00,0.0,0.0105807781219482,results/normalization_pilot_train_zscore/random/NVDA/seed_46/last_baseline_scores_after_observation_20260827_074552.csv
NVDA,46,Naive-last,random,34,3,232,2025-12-05T00:00:00,0.0,0.0052353143692016,results/normalization_pilot_train_zscore/random/NVDA/seed_46/last_baseline_scores_after_observation_20260827_074552.csv
NVDA,46,Naive-last,random,34,4,233,2025-12-08T00:00:00,0.0,0.0225393772125244,results/normalization_pilot_train_zscore/random/NVDA/seed_46/last_baseline_scores_after_observation_20260827_074552.csv
NVDA,46,Naive-last,random,34,5,234,2025-12-09T00:00:00,0.0,0.0193430185317993,results/normalization_pilot_train_zscore/random/NVDA/seed_46/last_baseline_scores_after_observation_20260827_074552.csv
NVDA,46,Naive-last,random,35,1,235,2025-12-10T00:00:00,0.0,-0.0064334869384765,results/normalization_pilot_train_zscore/random/NVDA/seed_46/last_baseline_scores_after_observation_20260827_074552.csv
NVDA,46,Naive-last,random,35,2,236,2025-12-11T00:00:00,0.0,-0.0218414068222045,results/normalization_pilot_train_zscore/random/NVDA/seed_46/last_baseline_scores_after_observation_20260827_074552.csv
NVDA,46,Naive-last,random,35,3,237,2025-12-12T00:00:00,0.0,-0.0537924766540527,results/normalization_pilot_train_zscore/random/NVDA/seed_46/last_baseline_scores_after_observation_20260827_074552.csv
NVDA,46,Naive-last,random,35,4,238,2025-12-15T00:00:00,0.0,-0.0469265580177307,results/normalization_pilot_train_zscore/random/NVDA/seed_46/last_baseline_scores_after_observation_20260827_074552.csv
NVDA,46,Naive-last,random,35,5,239,2025-12-16T00:00:00,0.0,-0.0391955375671386,results/normalization_pilot_train_zscore/random/NVDA/seed_46/last_baseline_scores_after_observation_20260827_074552.csv
NVDA,46,Naive-last,random,36,1,240,2025-12-17T00:00:00,0.0,-0.0381498932838439,results/normalization_pilot_train_zscore/random/NVDA/seed_46/last_baseline_scores_after_observation_20260827_074552.csv
NVDA,46,Naive-last,random,36,2,241,2025-12-18T00:00:00,0.0,-0.0201440453529357,results/normalization_pilot_train_zscore/random/NVDA/seed_46/last_baseline_scores_after_observation_20260827_074552.csv
NVDA,46,Naive-last,random,36,3,242,2025-12-19T00:00:00,0.0,0.0183997154235839,results/normalization_pilot_train_zscore/random/NVDA/seed_46/last_baseline_scores_after_observation_20260827_074552.csv
NVDA,46,Naive-last,random,36,4,243,2025-12-22T00:00:00,0.0,0.0335922241210937,results/normalization_pilot_train_zscore/random/NVDA/seed_46/last_baseline_scores_after_observation_20260827_074552.csv
NVDA,46,Naive-last,random,36,5,244,2025-12-23T00:00:00,0.0,0.0646523237228393,results/normalization_pilot_train_zscore/random/NVDA/seed_46/last_baseline_scores_after_observation_20260827_074552.csv
NVDA,46,Naive-last,random,37,1,245,2025-12-24T00:00:00,0.0,-0.0031710863113403,results/normalization_pilot_train_zscore/random/NVDA/seed_46/last_baseline_scores_after_observation_20260827_074552.csv
NVDA,46,Naive-last,random,37,2,246,2025-12-26T00:00:00,0.0,0.0069763660430908,results/normalization_pilot_train_zscore/random/NVDA/seed_46/last_baseline_scores_after_observation_20260827_074552.csv
NVDA,46,Naive-last,random,37,3,247,2025-12-29T00:00:00,0.0,-0.0052323341369628,results/normalization_pilot_train_zscore/random/NVDA/seed_46/last_baseline_scores_after_observation_20260827_074552.csv
NVDA,46,Naive-last,random,37,4,248,2025-12-30T00:00:00,0.0,-0.0088262557983398,results/normalization_pilot_train_zscore/random/NVDA/seed_46/last_baseline_scores_after_observation_20260827_074552.csv
NVDA,46,Naive-last,random,37,5,249,2025-12-31T00:00:00,0.0,-0.0143227577209472,results/normalization_pilot_train_zscore/random/NVDA/seed_46/last_baseline_scores_after_observation_20260827_074552.csv
NVDA,46,Mean-context,random,0,1,60,2025-04-01T00:00:00,-0.0032174517400562,0.0163314342498779,results/normalization_pilot_train_zscore/random/NVDA/seed_46/last_baseline_scores_after_observation_20260827_074552.csv
NVDA,46,Mean-context,random,0,2,61,2025-04-02T00:00:00,-0.0064245513640344,0.0188226699829101,results/normalization_pilot_train_zscore/random/NVDA/seed_46/last_baseline_scores_after_observation_20260827_074552.csv
NVDA,46,Mean-context,random,0,3,62,2025-04-03T00:00:00,-0.0096213323995471,-0.0607122778892517,results/normalization_pilot_train_zscore/random/NVDA/seed_46/last_baseline_scores_after_observation_20260827_074552.csv
NVDA,46,Mean-context,random,0,4,63,2025-04-04T00:00:00,-0.012807828374207,-0.1298210024833679,results/normalization_pilot_train_zscore/random/NVDA/seed_46/last_baseline_scores_after_observation_20260827_074552.csv
NVDA,46,Mean-context,random,0,5,64,2025-04-07T00:00:00,-0.0159840714186429,-0.0990957617759704,results/normalization_pilot_train_zscore/random/NVDA/seed_46/last_baseline_scores_after_observation_20260827_074552.csv
NVDA,46,Mean-context,random,1,1,65,2025-04-08T00:00:00,-0.004642189014703,-0.0137238502502441,results/normalization_pilot_train_zscore/random/NVDA/seed_46/last_baseline_scores_after_observation_20260827_074552.csv
NVDA,46,Mean-context,random,1,2,66,2025-04-09T00:00:00,-0.009262828156352,0.1709340810775756,results/normalization_pilot_train_zscore/random/NVDA/seed_46/last_baseline_scores_after_observation_20260827_074552.csv
NVDA,46,Mean-context,random,1,3,67,2025-04-10T00:00:00,-0.0138620166108012,0.1017000675201416,results/normalization_pilot_train_zscore/random/NVDA/seed_46/last_baseline_scores_after_observation_20260827_074552.csv
NVDA,46,Mean-context,random,1,4,68,2025-04-11T00:00:00,-0.0184398554265499,0.1361122131347656,results/normalization_pilot_train_zscore/random/NVDA/seed_46/last_baseline_scores_after_observation_20260827_074552.csv
NVDA,46,Mean-context,random,1,5,69,2025-04-14T00:00:00,-0.0229964423924684,0.1338590383529663,results/normalization_pilot_train_zscore/random/NVDA/seed_46/last_baseline_scores_after_observation_20260827_074552.csv
NVDA,46,Mean-context,random,2,1,70,2025-04-15T00:00:00,-0.0024560415185987,0.0134586095809936,results/normalization_pilot_train_zscore/random/NVDA/seed_46/last_baseline_scores_after_observation_20260827_074552.csv
NVDA,46,Mean-context,random,2,2,71,2025-04-16T00:00:00,-0.004906051326543,-0.0561828017234802,results/normalization_pilot_train_zscore/random/NVDA/seed_46/last_baseline_scores_after_observation_20260827_074552.csv
NVDA,46,Mean-context,random,2,3,72,2025-04-17T00:00:00,-0.0073500433936715,-0.0832806825637817,results/normalization_pilot_train_zscore/random/NVDA/seed_46/last_baseline_scores_after_observation_20260827_074552.csv
NVDA,46,Mean-context,random,2,4,73,2025-04-21T00:00:00,-0.0097880326211452,-0.1246499419212341,results/normalization_pilot_train_zscore/random/NVDA/seed_46/last_baseline_scores_after_observation_20260827_074552.csv
NVDA,46,Mean-context,random,2,5,74,2025-04-22T00:00:00,-0.0122200343757867,-0.1067654490470886,results/normalization_pilot_train_zscore/random/NVDA/seed_46/last_baseline_scores_after_observation_20260827_074552.csv
NVDA,46,Mean-context,random,3,1,75,2025-04-23T00:00:00,-0.0020445599220693,0.0386288166046142,results/normalization_pilot_train_zscore/random/NVDA/seed_46/last_baseline_scores_after_observation_20260827_074552.csv
NVDA,46,Mean-context,random,3,2,76,2025-04-24T00:00:00,-0.0040849396027624,0.0762463808059692,results/normalization_pilot_train_zscore/random/NVDA/seed_46/last_baseline_scores_after_observation_20260827_074552.csv
NVDA,46,Mean-context,random,3,3,77,2025-04-25T00:00:00,-0.0061211474239826,0.1225605010986328,results/normalization_pilot_train_zscore/random/NVDA/seed_46/last_baseline_scores_after_observation_20260827_074552.csv
NVDA,46,Mean-context,random,3,4,78,2025-04-28T00:00:00,-0.0081531917676329,0.0995045900344848,results/normalization_pilot_train_zscore/random/NVDA/seed_46/last_baseline_scores_after_observation_20260827_074552.csv
NVDA,46,Mean-context,random,3,5,79,2025-04-29T00:00:00,-0.0101810824126005,0.1024370193481445,results/normalization_pilot_train_zscore/random/NVDA/seed_46/last_baseline_scores_after_observation_20260827_074552.csv
NVDA,46,Mean-context,random,4,1,80,2025-04-30T00:00:00,-0.0001933041930897,-0.0009172558784484,results/normalization_pilot_train_zscore/random/NVDA/seed_46/last_baseline_scores_after_observation_20260827_074552.csv
NVDA,46,Mean-context,random,4,2,81,2025-05-01T00:00:00,-0.0003865710168611,0.0237571001052856,results/normalization_pilot_train_zscore/random/NVDA/seed_46/last_baseline_scores_after_observation_20260827_074552.csv
NVDA,46,Mean-context,random,4,3,82,2025-05-02T00:00:00,-0.0005798004567623,0.0502660274505615,results/normalization_pilot_train_zscore/random/NVDA/seed_46/last_baseline_scores_after_observation_20260827_074552.csv
NVDA,46,Mean-context,random,4,4,83,2025-05-05T00:00:00,-0.0007729926146566,0.0440286397933959,results/normalization_pilot_train_zscore/random/NVDA/seed_46/last_baseline_scores_after_observation_20260827_074552.csv
NVDA,46,Mean-context,random,4,5,84,2025-05-06T00:00:00,-0.000966147345025,0.0414602756500244,results/normalization_pilot_train_zscore/random/NVDA/seed_46/last_baseline_scores_after_observation_20260827_074552.csv
NVDA,46,Mean-context,random,5,1,85,2025-05-07T00:00:00,-0.0018281113589182,0.0310022830963134,results/normalization_pilot_train_zscore/random/NVDA/seed_46/last_baseline_scores_after_observation_20260827_074552.csv
NVDA,46,Mean-context,random,5,2,86,2025-05-08T00:00:00,-0.0036528806667774,0.0337326526641845,results/normalization_pilot_train_zscore/random/NVDA/seed_46/last_baseline_scores_after_observation_20260827_074552.csv
NVDA,46,Mean-context,random,5,3,87,2025-05-09T00:00:00,-0.0054743140935897,0.0273911952972412,results/normalization_pilot_train_zscore/random/NVDA/seed_46/last_baseline_scores_after_observation_20260827_074552.csv
NVDA,46,Mean-context,random,5,4,88,2025-05-12T00:00:00,-0.0072924178093671,0.0833185911178588,results/normalization_pilot_train_zscore/random/NVDA/seed_46/last_baseline_scores_after_observation_20260827_074552.csv
NVDA,46,Mean-context,random,5,5,89,2025-05-13T00:00:00,-0.0091071976348757,0.1443543434143066,results/normalization_pilot_train_zscore/random/NVDA/seed_46/last_baseline_scores_after_observation_20260827_074552.csv
NVDA,46,Mean-context,random,6,1,90,2025-05-14T00:00:00,-0.0002240743779111,0.0416377782821655,results/normalization_pilot_train_zscore/random/NVDA/seed_46/last_baseline_scores_after_observation_20260827_074552.csv
NVDA,46,Mean-context,random,6,2,91,2025-05-15T00:00:00,-0.0004480985517147,0.0377126932144165,results/normalization_pilot_train_zscore/random/NVDA/seed_46/last_baseline_scores_after_observation_20260827_074552.csv
NVDA,46,Mean-context,random,6,3,92,2025-05-16T00:00:00,-0.0006720725214108,0.0420995950698852,results/normalization_pilot_train_zscore/random/NVDA/seed_46/last_baseline_scores_after_observation_20260827_074552.csv
NVDA,46,Mean-context,random,6,4,93,2025-05-19T00:00:00,-0.000895996345207,0.0434081554412841,results/normalization_pilot_train_zscore/random/NVDA/seed_46/last_baseline_scores_after_observation_20260827_074552.csv
NVDA,46,Mean-context,random,6,5,94,2025-05-20T00:00:00,-0.0011198699939996,0.0342493057250976,results/normalization_pilot_train_zscore/random/NVDA/seed_46/last_baseline_scores_after_observation_20260827_074552.csv
NVDA,46,Mean-context,random,7,1,95,2025-05-21T00:00:00,0.0019606910645961,-0.0191993117332458,results/normalization_pilot_train_zscore/random/NVDA/seed_46/last_baseline_scores_after_observation_20260827_074552.csv
NVDA,46,Mean-context,random,7,2,96,2025-05-22T00:00:00,0.0039252266287803,-0.0115344524383544,results/normalization_pilot_train_zscore/random/NVDA/seed_46/last_baseline_scores_after_observation_20260827_074552.csv
NVDA,46,Mean-context,random,7,3,97,2025-05-23T00:00:00,0.0058936136774718,-0.022994577884674,results/normalization_pilot_train_zscore/random/NVDA/seed_46/last_baseline_scores_after_observation_20260827_074552.csv
NVDA,46,Mean-context,random,7,4,98,2025-05-27T00:00:00,0.0078658601269125,0.0083345174789428,results/normalization_pilot_train_zscore/random/NVDA/seed_46/last_baseline_scores_after_observation_20260827_074552.csv
NVDA,46,Mean-context,random,7,5,99,2025-05-28T00:00:00,0.0098419738933444,0.003199815750122,results/normalization_pilot_train_zscore/random/NVDA/seed_46/last_baseline_scores_after_observation_20260827_074552.csv
NVDA,46,Mean-context,random,8,1,100,2025-05-29T00:00:00,0.0033567880745977,0.0324902534484863,results/normalization_pilot_train_zscore/random/NVDA/seed_46/last_baseline_scores_after_observation_20260827_074552.csv
NVDA,46,Mean-context,random,8,2,101,2025-05-30T00:00:00,0.0067248442210257,0.0023738145828247,results/normalization_pilot_train_zscore/random/NVDA/seed_46/last_baseline_scores_after_observation_20260827_074552.csv
NVDA,46,Mean-context,random,8,3,102,2025-06-02T00:00:00,0.0101042063906788,0.0190639495849609,results/normalization_pilot_train_zscore/random/NVDA/seed_46/last_baseline_scores_after_observation_20260827_074552.csv
NVDA,46,Mean-context,random,8,4,103,2025-06-03T00:00:00,0.0134949116036295,0.0475484132766723,results/normalization_pilot_train_zscore/random/NVDA/seed_46/last_baseline_scores_after_observation_20260827_074552.csv
NVDA,46,Mean-context,random,8,5,104,2025-06-04T00:00:00,0.0168969985097646,0.0527409315109252,results/normalization_pilot_train_zscore/random/NVDA/seed_46/last_baseline_scores_after_observation_20260827_074552.csv
NVDA,46,Mean-context,random,9,1,105,2025-06-05T00:00:00,0.0052859182469546,-0.013599157333374,results/normalization_pilot_train_zscore/random/NVDA/seed_46/last_baseline_scores_after_observation_20260827_074552.csv
NVDA,46,Mean-context,random,9,2,106,2025-06-06T00:00:00,0.0105997771024703,-0.0014092326164245,results/normalization_pilot_train_zscore/random/NVDA/seed_46/last_baseline_scores_after_observation_20260827_074552.csv
NVDA,46,Mean-context,random,9,3,107,2025-06-09T00:00:00,0.0159417241811752,0.0050028562545776,results/normalization_pilot_train_zscore/random/NVDA/seed_46/last_baseline_scores_after_observation_20260827_074552.csv
NVDA,46,Mean-context,random,9,4,108,2025-06-10T00:00:00,0.0213119089603424,0.0143743753433227,results/normalization_pilot_train_zscore/random/NVDA/seed_46/last_baseline_scores_after_observation_20260827_074552.csv
NVDA,46,Mean-context,random,9,5,109,2025-06-11T00:00:00,0.0267104804515838,0.0064121484756469,results/normalization_pilot_train_zscore/random/NVDA/seed_46/last_baseline_scores_after_observation_20260827_074552.csv
NVDA,46,Mean-context,random,10,1,110,2025-06-12T00:00:00,0.004320808686316,0.0151928663253784,results/normalization_pilot_train_zscore/random/NVDA/seed_46/last_baseline_scores_after_observation_20260827_074552.csv
NVDA,46,Mean-context,random,10,2,111,2025-06-13T00:00:00,0.0086602866649627,-0.0060211420059204,results/normalization_pilot_train_zscore/random/NVDA/seed_46/last_baseline_scores_after_observation_20260827_074552.csv
NVDA,46,Mean-context,random,10,3,112,2025-06-16T00:00:00,0.0130185149610042,0.0130224227905273,results/normalization_pilot_train_zscore/random/NVDA/seed_46/last_baseline_scores_after_observation_20260827_074552.csv
NVDA,46,Mean-context,random,10,4,113,2025-06-17T00:00:00,0.0173955745995044,0.0090316534042358,results/normalization_pilot_train_zscore/random/NVDA/seed_46/last_baseline_scores_after_observation_20260827_074552.csv
NVDA,46,Mean-context,random,10,5,114,2025-06-18T00:00:00,0.0217915456742048,0.0185534954071044,results/normalization_pilot_train_zscore/random/NVDA/seed_46/last_baseline_scores_after_observation_20260827_074552.csv
NVDA,46,Mean-context,random,11,1,115,2025-06-20T00:00:00,0.003874433459714,-0.0112042427062988,results/normalization_pilot_train_zscore/random/NVDA/seed_46/last_baseline_scores_after_observation_20260827_074552.csv
NVDA,46,Mean-context,random,11,2,116,2025-06-23T00:00:00,0.007763878442347,-0.0090046525001525,results/normalization_pilot_train_zscore/random/NVDA/seed_46/last_baseline_scores_after_observation_20260827_074552.csv
NVDA,46,Mean-context,random,11,3,117,2025-06-24T00:00:00,0.0116683924570679,0.0166345834732055,results/normalization_pilot_train_zscore/random/NVDA/seed_46/last_baseline_scores_after_observation_20260827_074552.csv
NVDA,46,Mean-context,random,11,4,118,2025-06-25T00:00:00,0.0155880348756909,0.0606956481933593,results/normalization_pilot_train_zscore/random/NVDA/seed_46/last_baseline_scores_after_observation_20260827_074552.csv
NVDA,46,Mean-context,random,11,5,119,2025-06-26T00:00:00,0.019522862508893,0.0655760765075683,results/normalization_pilot_train_zscore/random/NVDA/seed_46/last_baseline_scores_after_observation_20260827_074552.csv
NVDA,46,Mean-context,random,12,1,120,2025-06-27T00:00:00,0.0064839445985853,0.0176105499267578,results/normalization_pilot_train_zscore/random/NVDA/seed_46/last_baseline_scores_after_observation_20260827_074552.csv
NVDA,46,Mean-context,random,12,2,121,2025-06-30T00:00:00,0.013009930960834,0.0191588401794433,results/normalization_pilot_train_zscore/random/NVDA/seed_46/last_baseline_scores_after_observation_20260827_074552.csv
NVDA,46,Mean-context,random,12,3,122,2025-07-01T00:00:00,0.019578231498599,-0.0110953450202941,results/normalization_pilot_train_zscore/random/NVDA/seed_46/last_baseline_scores_after_observation_20260827_074552.csv
NVDA,46,Mean-context,random,12,4,123,2025-07-02T00:00:00,0.0261891186237335,0.0143852233886718,results/normalization_pilot_train_zscore/random/NVDA/seed_46/last_baseline_scores_after_observation_20260827_074552.csv
NVDA,46,Mean-context,random,12,5,124,2025-07-03T00:00:00,0.0328428745269775,0.027867317199707,results/normalization_pilot_train_zscore/random/NVDA/seed_46/last_baseline_scores_after_observation_20260827_074552.csv
NVDA,46,Mean-context,random,13,1,125,2025-07-07T00:00:00,0.0091298539191484,-0.0069034099578857,results/normalization_pilot_train_zscore/random/NVDA/seed_46/last_baseline_scores_after_observation_20260827_074552.csv
NVDA,46,Mean-context,random,13,2,126,2025-07-08T00:00:00,0.0183430630713701,0.0041421651840209,results/normalization_pilot_train_zscore/random/NVDA/seed_46/last_baseline_scores_after_observation_20260827_074552.csv
NVDA,46,Mean-context,random,13,3,127,2025-07-09T00:00:00,0.0276403874158859,0.0222166776657104,results/normalization_pilot_train_zscore/random/NVDA/seed_46/last_baseline_scores_after_observation_20260827_074552.csv
NVDA,46,Mean-context,random,13,4,128,2025-07-10T00:00:00,0.0370225943624973,0.029873251914978,results/normalization_pilot_train_zscore/random/NVDA/seed_46/last_baseline_scores_after_observation_20260827_074552.csv
NVDA,46,Mean-context,random,13,5,129,2025-07-11T00:00:00,0.0464904569089412,0.0350195169448852,results/normalization_pilot_train_zscore/random/NVDA/seed_46/last_baseline_scores_after_observation_20260827_074552.csv
NVDA,46,Mean-context,random,14,1,130,2025-07-14T00:00:00,0.0068229879252612,-0.0051539540290832,results/normalization_pilot_train_zscore/random/NVDA/seed_46/last_baseline_scores_after_observation_20260827_074552.csv
NVDA,46,Mean-context,random,14,2,131,2025-07-15T00:00:00,0.0136925289407372,0.0350472927093505,results/normalization_pilot_train_zscore/random/NVDA/seed_46/last_baseline_scores_after_observation_20260827_074552.csv
NVDA,46,Mean-context,random,14,3,132,2025-07-16T00:00:00,0.0206089410930871,0.0391098260879516,results/normalization_pilot_train_zscore/random/NVDA/seed_46/last_baseline_scores_after_observation_20260827_074552.csv
NVDA,46,Mean-context,random,14,4,133,2025-07-17T00:00:00,0.0275725442916154,0.0489934682846069,results/normalization_pilot_train_zscore/random/NVDA/seed_46/last_baseline_scores_after_observation_20260827_074552.csv
NVDA,46,Mean-context,random,14,5,134,2025-07-18T00:00:00,0.0345836579799652,0.0454159975051879,results/normalization_pilot_train_zscore/random/NVDA/seed_46/last_baseline_scores_after_observation_20260827_074552.csv
NVDA,46,Mean-context,random,15,1,135,2025-07-21T00:00:00,0.0090056443586945,-0.0059741139411926,results/normalization_pilot_train_zscore/random/NVDA/seed_46/last_baseline_scores_after_observation_20260827_074552.csv
NVDA,46,Mean-context,random,15,2,136,2025-07-22T00:00:00,0.0180923901498317,-0.0312047004699707,results/normalization_pilot_train_zscore/random/NVDA/seed_46/last_baseline_scores_after_observation_20260827_074552.csv
NVDA,46,Mean-context,random,15,3,137,2025-07-23T00:00:00,0.0272609684616327,-0.0094542503356933,results/normalization_pilot_train_zscore/random/NVDA/seed_46/last_baseline_scores_after_observation_20260827_074552.csv
NVDA,46,Mean-context,random,15,4,138,2025-07-24T00:00:00,0.036512117832899,0.0077141523361206,results/normalization_pilot_train_zscore/random/NVDA/seed_46/last_baseline_scores_after_observation_20260827_074552.csv
NVDA,46,Mean-context,random,15,5,139,2025-07-25T00:00:00,0.0458465740084648,0.0063221454620361,results/normalization_pilot_train_zscore/random/NVDA/seed_46/last_baseline_scores_after_observation_20260827_074552.csv
NVDA,46,Mean-context,random,16,1,140,2025-07-28T00:00:00,0.0081002712249755,0.018731951713562,results/normalization_pilot_train_zscore/random/NVDA/seed_46/last_baseline_scores_after_observation_20260827_074552.csv
NVDA,46,Mean-context,random,16,2,141,2025-07-29T00:00:00,0.0162661559879779,0.011584997177124,results/normalization_pilot_train_zscore/random/NVDA/seed_46/last_baseline_scores_after_observation_20260827_074552.csv
NVDA,46,Mean-context,random,16,3,142,2025-07-30T00:00:00,0.0244981870055198,0.0332565307617187,results/normalization_pilot_train_zscore/random/NVDA/seed_46/last_baseline_scores_after_observation_20260827_074552.csv
NVDA,46,Mean-context,random,16,4,143,2025-07-31T00:00:00,0.0327969007194042,0.0251872539520263,results/normalization_pilot_train_zscore/random/NVDA/seed_46/last_baseline_scores_after_observation_20260827_074552.csv
NVDA,46,Mean-context,random,16,5,144,2025-08-01T00:00:00,0.041162833571434,0.0012680292129516,results/normalization_pilot_train_zscore/random/NVDA/seed_46/last_baseline_scores_after_observation_20260827_074552.csv
NVDA,46,Mean-context,random,17,1,145,2025-08-04T00:00:00,0.0068935672752559,0.0361500978469848,results/normalization_pilot_train_zscore/random/NVDA/seed_46/last_baseline_scores_after_observation_20260827_074552.csv
NVDA,46,Mean-context,random,17,2,146,2025-08-05T00:00:00,0.0138346562162041,0.0261340141296386,results/normalization_pilot_train_zscore/random/NVDA/seed_46/last_baseline_scores_after_observation_20260827_074552.csv
NVDA,46,Mean-context,random,17,3,147,2025-08-06T00:00:00,0.0208235941827297,0.0328114032745361,results/normalization_pilot_train_zscore/random/NVDA/seed_46/last_baseline_scores_after_observation_20260827_074552.csv
NVDA,46,Mean-context,random,17,4,148,2025-08-07T00:00:00,0.0278607085347175,0.040582537651062,results/normalization_pilot_train_zscore/random/NVDA/seed_46/last_baseline_scores_after_observation_20260827_074552.csv
NVDA,46,Mean-context,random,17,5,149,2025-08-08T00:00:00,0.0349463373422622,0.0516923666000366,results/normalization_pilot_train_zscore/random/NVDA/seed_46/last_baseline_scores_after_observation_20260827_074552.csv
NVDA,46,Mean-context,random,18,1,150,2025-08-11T00:00:00,0.0052369935438036,-0.0035030245780944,results/normalization_pilot_train_zscore/random/NVDA/seed_46/last_baseline_scores_after_observation_20260827_074552.csv
NVDA,46,Mean-context,random,18,2,151,2025-08-12T00:00:00,0.0105014136061072,0.002517819404602,results/normalization_pilot_train_zscore/random/NVDA/seed_46/last_baseline_scores_after_observation_20260827_074552.csv
NVDA,46,Mean-context,random,18,3,152,2025-08-13T00:00:00,0.0157934036105871,-0.0060755610466003,results/normalization_pilot_train_zscore/random/NVDA/seed_46/last_baseline_scores_after_observation_20260827_074552.csv
NVDA,46,Mean-context,random,18,4,153,2025-08-14T00:00:00,0.0211131069809198,-0.0037218928337097,results/normalization_pilot_train_zscore/random/NVDA/seed_46/last_baseline_scores_after_observation_20260827_074552.csv
NVDA,46,Mean-context,random,18,5,154,2025-08-15T00:00:00,0.0264606699347496,-0.0123152732849121,results/normalization_pilot_train_zscore/random/NVDA/seed_46/last_baseline_scores_after_observation_20260827_074552.csv
NVDA,46,Mean-context,random,19,1,155,2025-08-18T00:00:00,0.0054738060571253,0.0086450576782226,results/normalization_pilot_train_zscore/random/NVDA/seed_46/last_baseline_scores_after_observation_20260827_074552.csv
NVDA,46,Mean-context,random,19,2,156,2025-08-19T00:00:00,0.0109775746241211,-0.0266555547714233,results/normalization_pilot_train_zscore/random/NVDA/seed_46/last_baseline_scores_after_observation_20260827_074552.csv
NVDA,46,Mean-context,random,19,3,157,2025-08-20T00:00:00,0.0165114700794219,-0.0279856324195861,results/normalization_pilot_train_zscore/random/NVDA/seed_46/last_baseline_scores_after_observation_20260827_074552.csv
NVDA,46,Mean-context,random,19,4,158,2025-08-21T00:00:00,0.0220756568014621,-0.0303131341934204,results/normalization_pilot_train_zscore/random/NVDA/seed_46/last_baseline_scores_after_observation_20260827_074552.csv
NVDA,46,Mean-context,random,19,5,159,2025-08-22T00:00:00,0.0276703014969825,-0.0136325359344482,results/normalization_pilot_train_zscore/random/NVDA/seed_46/last_baseline_scores_after_observation_20260827_074552.csv
NVDA,46,Mean-context,random,20,1,160,2025-08-25T00:00:00,0.0043111387640237,0.0102252960205078,results/normalization_pilot_train_zscore/random/NVDA/seed_46/last_baseline_scores_after_observation_20260827_074552.csv
NVDA,46,Mean-context,random,20,2,161,2025-08-26T00:00:00,0.0086408639326691,0.0212371349334716,results/normalization_pilot_train_zscore/random/NVDA/seed_46/last_baseline_scores_after_observation_20260827_074552.csv
NVDA,46,Mean-context,random,20,3,162,2025-08-27T00:00:00,0.0129892546683549,0.0202820301055908,results/normalization_pilot_train_zscore/random/NVDA/seed_46/last_baseline_scores_after_observation_20260827_074552.csv
NVDA,46,Mean-context,random,20,4,163,2025-08-28T00:00:00,0.0173563919961452,0.0122478008270263,results/normalization_pilot_train_zscore/random/NVDA/seed_46/last_baseline_scores_after_observation_20260827_074552.csv
NVDA,46,Mean-context,random,20,5,164,2025-08-29T00:00:00,0.0217423569411039,-0.0214057564735412,results/normalization_pilot_train_zscore/random/NVDA/seed_46/last_baseline_scores_after_observation_20260827_074552.csv
NVDA,46,Mean-context,random,21,1,165,2025-09-02T00:00:00,0.0038412818685173,-0.0195199847221374,results/normalization_pilot_train_zscore/random/NVDA/seed_46/last_baseline_scores_after_observation_20260827_074552.csv
NVDA,46,Mean-context,random,21,2,166,2025-09-03T00:00:00,0.0076973191462457,-0.0204386115074157,results/normalization_pilot_train_zscore/random/NVDA/seed_46/last_baseline_scores_after_observation_20260827_074552.csv
NVDA,46,Mean-context,random,21,3,167,2025-09-04T00:00:00,0.0115681681782007,-0.014467716217041,results/normalization_pilot_train_zscore/random/NVDA/seed_46/last_baseline_scores_after_observation_20260827_074552.csv
NVDA,46,Mean-context,random,21,4,168,2025-09-05T00:00:00,0.0154538862407207,-0.0411068201065063,results/normalization_pilot_train_zscore/random/NVDA/seed_46/last_baseline_scores_after_observation_20260827_074552.csv
NVDA,46,Mean-context,random,21,5,169,2025-09-08T00:00:00,0.0193545315414667,-0.0337007641792297,results/normalization_pilot_train_zscore/random/NVDA/seed_46/last_baseline_scores_after_observation_20260827_074552.csv
NVDA,46,Mean-context,random,22,1,170,2025-09-09T00:00:00,0.0026698326691985,0.0145564079284667,results/normalization_pilot_train_zscore/random/NVDA/seed_46/last_baseline_scores_after_observation_20260827_074552.csv
NVDA,46,Mean-context,random,22,2,171,2025-09-10T00:00:00,0.0053467936813831,0.0535916090011596,results/normalization_pilot_train_zscore/random/NVDA/seed_46/last_baseline_scores_after_observation_20260827_074552.csv
NVDA,46,Mean-context,random,22,3,172,2025-09-11T00:00:00,0.0080309016630053,0.0526409149169921,results/normalization_pilot_train_zscore/random/NVDA/seed_46/last_baseline_scores_after_observation_20260827_074552.csv
NVDA,46,Mean-context,random,22,4,173,2025-09-12T00:00:00,0.0107221752405166,0.0565029382705688,results/normalization_pilot_train_zscore/random/NVDA/seed_46/last_baseline_scores_after_observation_20260827_074552.csv
NVDA,46,Mean-context,random,22,5,174,2025-09-15T00:00:00,0.0134206349030137,0.0560870170593261,results/normalization_pilot_train_zscore/random/NVDA/seed_46/last_baseline_scores_after_observation_20260827_074552.csv
NVDA,46,Mean-context,random,23,1,175,2025-09-16T00:00:00,0.0037350724451243,-0.0161462426185607,results/normalization_pilot_train_zscore/random/NVDA/seed_46/last_baseline_scores_after_observation_20260827_074552.csv
NVDA,46,Mean-context,random,23,2,176,2025-09-17T00:00:00,0.0074840956367552,-0.0419691205024719,results/normalization_pilot_train_zscore/random/NVDA/seed_46/last_baseline_scores_after_observation_20260827_074552.csv
NVDA,46,Mean-context,random,23,3,177,2025-09-18T00:00:00,0.0112471217289567,-0.0084950327873229,results/normalization_pilot_train_zscore/random/NVDA/seed_46/last_baseline_scores_after_observation_20260827_074552.csv
NVDA,46,Mean-context,random,23,4,178,2025-09-19T00:00:00,0.0150242028757929,-0.0060759782791137,results/normalization_pilot_train_zscore/random/NVDA/seed_46/last_baseline_scores_after_observation_20260827_074552.csv
NVDA,46,Mean-context,random,23,5,179,2025-09-22T00:00:00,0.0188153907656669,0.0329676866531372,results/normalization_pilot_train_zscore/random/NVDA/seed_46/last_baseline_scores_after_observation_20260827_074552.csv
NVDA,46,Mean-context,random,24,1,180,2025-09-23T00:00:00,0.002728649880737,-0.0282120108604431,results/normalization_pilot_train_zscore/random/NVDA/seed_46/last_baseline_scores_after_observation_20260827_074552.csv
NVDA,46,Mean-context,random,24,2,181,2025-09-24T00:00:00,0.0054647452197968,-0.0361636281013488,results/normalization_pilot_train_zscore/random/NVDA/seed_46/last_baseline_scores_after_observation_20260827_074552.csv
NVDA,46,Mean-context,random,24,3,182,2025-09-25T00:00:00,0.0082083065062761,-0.0322422385215759,results/normalization_pilot_train_zscore/random/NVDA/seed_46/last_baseline_scores_after_observation_20260827_074552.csv
NVDA,46,Mean-context,random,24,4,183,2025-09-26T00:00:00,0.0109593542292714,-0.0295190811157226,results/normalization_pilot_train_zscore/random/NVDA/seed_46/last_baseline_scores_after_observation_20260827_074552.csv
NVDA,46,Mean-context,random,24,5,184,2025-09-29T00:00:00,0.0137179074808955,-0.0095854997634887,results/normalization_pilot_train_zscore/random/NVDA/seed_46/last_baseline_scores_after_observation_20260827_074552.csv
NVDA,46,Mean-context,random,25,1,185,2025-09-30T00:00:00,0.002508952980861,0.0260103940963745,results/normalization_pilot_train_zscore/random/NVDA/seed_46/last_baseline_scores_after_observation_20260827_074552.csv
NVDA,46,Mean-context,random,25,2,186,2025-10-01T00:00:00,0.0050242007710039,0.0296398401260375,results/normalization_pilot_train_zscore/random/NVDA/seed_46/last_baseline_scores_after_observation_20260827_074552.csv
NVDA,46,Mean-context,random,25,3,187,2025-10-02T00:00:00,0.007545759435743,0.0387132167816162,results/normalization_pilot_train_zscore/random/NVDA/seed_46/last_baseline_scores_after_observation_20260827_074552.csv
NVDA,46,Mean-context,random,25,4,188,2025-10-03T00:00:00,0.0100736441090703,0.0317293405532836,results/normalization_pilot_train_zscore/random/NVDA/seed_46/last_baseline_scores_after_observation_20260827_074552.csv
NVDA,46,Mean-context,random,25,5,189,2025-10-06T00:00:00,0.0126078715547919,0.0202913284301757,results/normalization_pilot_train_zscore/random/NVDA/seed_46/last_baseline_scores_after_observation_20260827_074552.csv
NVDA,46,Mean-context,random,26,1,190,2025-10-07T00:00:00,0.0022393732797354,-0.0026948451995849,results/normalization_pilot_train_zscore/random/NVDA/seed_46/last_baseline_scores_after_observation_20260827_074552.csv
NVDA,46,Mean-context,random,26,2,191,2025-10-08T00:00:00,0.0044837612658739,0.0192412137985229,results/normalization_pilot_train_zscore/random/NVDA/seed_46/last_baseline_scores_after_observation_20260827_074552.csv
NVDA,46,Mean-context,random,26,3,192,2025-10-09T00:00:00,0.0067331753671169,0.0378894805908203,results/normalization_pilot_train_zscore/random/NVDA/seed_46/last_baseline_scores_after_observation_20260827_074552.csv
NVDA,46,Mean-context,random,26,4,193,2025-10-10T00:00:00,0.0089876260608434,-0.0128273963928222,results/normalization_pilot_train_zscore/random/NVDA/seed_46/last_baseline_scores_after_observation_20260827_074552.csv
NVDA,46,Mean-context,random,26,5,194,2025-10-13T00:00:00,0.0112471263855695,0.0149834156036376,results/normalization_pilot_train_zscore/random/NVDA/seed_46/last_baseline_scores_after_observation_20260827_074552.csv
NVDA,46,Mean-context,random,27,1,195,2025-10-14T00:00:00,0.0017722849734127,-0.0440208315849304,results/normalization_pilot_train_zscore/random/NVDA/seed_46/last_baseline_scores_after_observation_20260827_074552.csv
NVDA,46,Mean-context,random,27,2,196,2025-10-15T00:00:00,0.0035477108322083,-0.0450828671455383,results/normalization_pilot_train_zscore/random/NVDA/seed_46/last_baseline_scores_after_observation_20260827_074552.csv
NVDA,46,Mean-context,random,27,3,197,2025-10-16T00:00:00,0.0053262836299836,-0.0345688462257385,results/normalization_pilot_train_zscore/random/NVDA/seed_46/last_baseline_scores_after_observation_20260827_074552.csv
NVDA,46,Mean-context,random,27,4,198,2025-10-17T00:00:00,0.0071080080233514,-0.0270816087722778,results/normalization_pilot_train_zscore/random/NVDA/seed_46/last_baseline_scores_after_observation_20260827_074552.csv
NVDA,46,Mean-context,random,27,5,199,2025-10-20T00:00:00,0.0088928900659084,-0.030161440372467,results/normalization_pilot_train_zscore/random/NVDA/seed_46/last_baseline_scores_after_observation_20260827_074552.csv
NVDA,46,Mean-context,random,28,1,200,2025-10-21T00:00:00,0.0007335855625569,-0.0081033706665039,results/normalization_pilot_train_zscore/random/NVDA/seed_46/last_baseline_scores_after_observation_20260827_074552.csv
NVDA,46,Mean-context,random,28,2,201,2025-10-22T00:00:00,0.0014677093131467,-0.0129215717315673,results/normalization_pilot_train_zscore/random/NVDA/seed_46/last_baseline_scores_after_observation_20260827_074552.csv
NVDA,46,Mean-context,random,28,3,202,2025-10-23T00:00:00,0.0022023716010153,-0.0026280879974365,results/normalization_pilot_train_zscore/random/NVDA/seed_46/last_baseline_scores_after_observation_20260827_074552.csv
NVDA,46,Mean-context,random,28,4,203,2025-10-24T00:00:00,0.0029375727754086,0.0198203325271606,results/normalization_pilot_train_zscore/random/NVDA/seed_46/last_baseline_scores_after_observation_20260827_074552.csv
NVDA,46,Mean-context,random,28,5,204,2025-10-27T00:00:00,0.0036733134184032,0.0484559535980224,results/normalization_pilot_train_zscore/random/NVDA/seed_46/last_baseline_scores_after_observation_20260827_074552.csv
NVDA,46,Mean-context,random,29,1,205,2025-10-28T00:00:00,0.0012189613189548,0.0498198270797729,results/normalization_pilot_train_zscore/random/NVDA/seed_46/last_baseline_scores_after_observation_20260827_074552.csv
NVDA,46,Mean-context,random,29,2,206,2025-10-29T00:00:00,0.0024394085630774,0.0812052488327026,results/normalization_pilot_train_zscore/random/NVDA/seed_46/last_baseline_scores_after_observation_20260827_074552.csv
NVDA,46,Mean-context,random,29,3,207,2025-10-30T00:00:00,0.0036613433621823,0.0595331192016601,results/normalization_pilot_train_zscore/random/NVDA/seed_46/last_baseline_scores_after_observation_20260827_074552.csv
NVDA,46,Mean-context,random,29,4,208,2025-10-31T00:00:00,0.0048847678117454,0.0574442148208618,results/normalization_pilot_train_zscore/random/NVDA/seed_46/last_baseline_scores_after_observation_20260827_074552.csv
NVDA,46,Mean-context,random,29,5,209,2025-11-03T00:00:00,0.0061096833087503,0.0803697109222412,results/normalization_pilot_train_zscore/random/NVDA/seed_46/last_baseline_scores_after_observation_20260827_074552.csv
NVDA,46,Mean-context,random,30,1,210,2025-11-04T00:00:00,0.0023688189685344,-0.0395881533622741,results/normalization_pilot_train_zscore/random/NVDA/seed_46/last_baseline_scores_after_observation_20260827_074552.csv
NVDA,46,Mean-context,random,30,2,211,2025-11-05T00:00:00,0.0047432496212422,-0.056409478187561,results/normalization_pilot_train_zscore/random/NVDA/seed_46/last_baseline_scores_after_observation_20260827_074552.csv
NVDA,46,Mean-context,random,30,3,212,2025-11-06T00:00:00,0.0071233045309782,-0.0908739566802978,results/normalization_pilot_train_zscore/random/NVDA/seed_46/last_baseline_scores_after_observation_20260827_074552.csv
NVDA,46,Mean-context,random,30,4,213,2025-11-07T00:00:00,0.0095089972019195,-0.0905356407165527,results/normalization_pilot_train_zscore/random/NVDA/seed_46/last_baseline_scores_after_observation_20260827_074552.csv
NVDA,46,Mean-context,random,30,5,214,2025-11-10T00:00:00,0.0119003411382436,-0.0378480553627014,results/normalization_pilot_train_zscore/random/NVDA/seed_46/last_baseline_scores_after_observation_20260827_074552.csv
NVDA,46,Mean-context,random,31,1,215,2025-11-11T00:00:00,0.0017725332872942,-0.0295905470848083,results/normalization_pilot_train_zscore/random/NVDA/seed_46/last_baseline_scores_after_observation_20260827_074552.csv
NVDA,46,Mean-context,random,31,2,216,2025-11-12T00:00:00,0.0035482083912938,-0.0263752937316894,results/normalization_pilot_train_zscore/random/NVDA/seed_46/last_baseline_scores_after_observation_20260827_074552.csv
NVDA,46,Mean-context,random,31,3,217,2025-11-13T00:00:00,0.0053270310163497,-0.0612409114837646,results/normalization_pilot_train_zscore/random/NVDA/seed_46/last_baseline_scores_after_observation_20260827_074552.csv
NVDA,46,Mean-context,random,31,4,218,2025-11-14T00:00:00,0.0071090064011514,-0.0446119308471679,results/normalization_pilot_train_zscore/random/NVDA/seed_46/last_baseline_scores_after_observation_20260827_074552.csv
NVDA,46,Mean-context,random,31,5,219,2025-11-17T00:00:00,0.0088941408321261,-0.0625470876693725,results/normalization_pilot_train_zscore/random/NVDA/seed_46/last_baseline_scores_after_observation_20260827_074552.csv
NVDA,46,Mean-context,random,32,1,220,2025-11-18T00:00:00,0.0008943226421251,-0.028081476688385,results/normalization_pilot_train_zscore/random/NVDA/seed_46/last_baseline_scores_after_observation_20260827_074552.csv
NVDA,46,Mean-context,random,32,2,221,2025-11-19T00:00:00,0.0017894450575113,-0.0004287362098693,results/normalization_pilot_train_zscore/random/NVDA/seed_46/last_baseline_scores_after_observation_20260827_074552.csv
NVDA,46,Mean-context,random,32,3,222,2025-11-20T00:00:00,0.0026853680610656,-0.0319400429725647,results/normalization_pilot_train_zscore/random/NVDA/seed_46/last_baseline_scores_after_observation_20260827_074552.csv
NVDA,46,Mean-context,random,32,4,223,2025-11-21T00:00:00,0.0035820922348648,-0.0413719415664672,results/normalization_pilot_train_zscore/random/NVDA/seed_46/last_baseline_scores_after_observation_20260827_074552.csv
NVDA,46,Mean-context,random,32,5,224,2025-11-24T00:00:00,0.0044796182774007,-0.0217041969299316,results/normalization_pilot_train_zscore/random/NVDA/seed_46/last_baseline_scores_after_observation_20260827_074552.csv
NVDA,46,Mean-context,random,33,1,225,2025-11-25T00:00:00,0.0014077902305871,-0.0259106755256652,results/normalization_pilot_train_zscore/random/NVDA/seed_46/last_baseline_scores_after_observation_20260827_074552.csv
NVDA,46,Mean-context,random,33,2,226,2025-11-26T00:00:00,0.0028175625484436,-0.012544572353363,results/normalization_pilot_train_zscore/random/NVDA/seed_46/last_baseline_scores_after_observation_20260827_074552.csv
NVDA,46,Mean-context,random,33,3,227,2025-11-28T00:00:00,0.004229319281876,-0.030402660369873,results/normalization_pilot_train_zscore/random/NVDA/seed_46/last_baseline_scores_after_observation_20260827_074552.csv
NVDA,46,Mean-context,random,33,4,228,2025-12-01T00:00:00,0.0056430636905133,-0.0144070386886596,results/normalization_pilot_train_zscore/random/NVDA/seed_46/last_baseline_scores_after_observation_20260827_074552.csv
NVDA,46,Mean-context,random,33,5,229,2025-12-02T00:00:00,0.0070587978698313,-0.0059709548950195,results/normalization_pilot_train_zscore/random/NVDA/seed_46/last_baseline_scores_after_observation_20260827_074552.csv
NVDA,46,Mean-context,random,34,1,230,2025-12-03T00:00:00,0.0013124373508617,-0.0103053450584411,results/normalization_pilot_train_zscore/random/NVDA/seed_46/last_baseline_scores_after_observation_20260827_074552.csv
NVDA,46,Mean-context,random,34,2,231,2025-12-04T00:00:00,0.0026265971828252,0.0105807781219482,results/normalization_pilot_train_zscore/random/NVDA/seed_46/last_baseline_scores_after_observation_20260827_074552.csv
NVDA,46,Mean-context,random,34,3,232,2025-12-05T00:00:00,0.0039424817077815,0.0052353143692016,results/normalization_pilot_train_zscore/random/NVDA/seed_46/last_baseline_scores_after_observation_20260827_074552.csv
NVDA,46,Mean-context,random,34,4,233,2025-12-08T00:00:00,0.0052600936032831,0.0225393772125244,results/normalization_pilot_train_zscore/random/NVDA/seed_46/last_baseline_scores_after_observation_20260827_074552.csv
NVDA,46,Mean-context,random,34,5,234,2025-12-09T00:00:00,0.0065794344991445,0.0193430185317993,results/normalization_pilot_train_zscore/random/NVDA/seed_46/last_baseline_scores_after_observation_20260827_074552.csv
NVDA,46,Mean-context,random,35,1,235,2025-12-10T00:00:00,0.0012259142240509,-0.0064334869384765,results/normalization_pilot_train_zscore/random/NVDA/seed_46/last_baseline_scores_after_observation_20260827_074552.csv
NVDA,46,Mean-context,random,35,2,236,2025-12-11T00:00:00,0.0024533313699066,-0.0218414068222045,results/normalization_pilot_train_zscore/random/NVDA/seed_46/last_baseline_scores_after_observation_20260827_074552.csv
NVDA,46,Mean-context,random,35,3,237,2025-12-12T00:00:00,0.003682253183797,-0.0537924766540527,results/normalization_pilot_train_zscore/random/NVDA/seed_46/last_baseline_scores_after_observation_20260827_074552.csv
NVDA,46,Mean-context,random,35,4,238,2025-12-15T00:00:00,0.004912681877613,-0.0469265580177307,results/normalization_pilot_train_zscore/random/NVDA/seed_46/last_baseline_scores_after_observation_20260827_074552.csv
NVDA,46,Mean-context,random,35,5,239,2025-12-16T00:00:00,0.006144618615508,-0.0391955375671386,results/normalization_pilot_train_zscore/random/NVDA/seed_46/last_baseline_scores_after_observation_20260827_074552.csv
NVDA,46,Mean-context,random,36,1,240,2025-12-17T00:00:00,0.0001845295773819,-0.0381498932838439,results/normalization_pilot_train_zscore/random/NVDA/seed_46/last_baseline_scores_after_observation_20260827_074552.csv
NVDA,46,Mean-context,random,36,2,241,2025-12-18T00:00:00,0.0003690932062454,-0.0201440453529357,results/normalization_pilot_train_zscore/random/NVDA/seed_46/last_baseline_scores_after_observation_20260827_074552.csv
NVDA,46,Mean-context,random,36,3,242,2025-12-19T00:00:00,0.0005536908865906,0.0183997154235839,results/normalization_pilot_train_zscore/random/NVDA/seed_46/last_baseline_scores_after_observation_20260827_074552.csv
NVDA,46,Mean-context,random,36,4,243,2025-12-22T00:00:00,0.0007383226184174,0.0335922241210937,results/normalization_pilot_train_zscore/random/NVDA/seed_46/last_baseline_scores_after_observation_20260827_074552.csv
NVDA,46,Mean-context,random,36,5,244,2025-12-23T00:00:00,0.0009229884599335,0.0646523237228393,results/normalization_pilot_train_zscore/random/NVDA/seed_46/last_baseline_scores_after_observation_20260827_074552.csv
NVDA,46,Mean-context,random,37,1,245,2025-12-24T00:00:00,0.0005171503871679,-0.0031710863113403,results/normalization_pilot_train_zscore/random/NVDA/seed_46/last_baseline_scores_after_observation_20260827_074552.csv
NVDA,46,Mean-context,random,37,2,246,2025-12-26T00:00:00,0.0010345682967454,0.0069763660430908,results/normalization_pilot_train_zscore/random/NVDA/seed_46/last_baseline_scores_after_observation_20260827_074552.csv
NVDA,46,Mean-context,random,37,3,247,2025-12-29T00:00:00,0.0015522537287324,-0.0052323341369628,results/normalization_pilot_train_zscore/random/NVDA/seed_46/last_baseline_scores_after_observation_20260827_074552.csv
NVDA,46,Mean-context,random,37,4,248,2025-12-30T00:00:00,0.0020702069159597,-0.0088262557983398,results/normalization_pilot_train_zscore/random/NVDA/seed_46/last_baseline_scores_after_observation_20260827_074552.csv
NVDA,46,Mean-context,random,37,5,249,2025-12-31T00:00:00,0.0025884278584271,-0.0143227577209472,results/normalization_pilot_train_zscore/random/NVDA/seed_46/last_baseline_scores_after_observation_20260827_074552.csv
NVDA,46,Drift,random,0,1,60,2025-04-01T00:00:00,-0.0046806428581476,0.0163314342498779,results/normalization_pilot_train_zscore/random/NVDA/seed_46/last_baseline_scores_after_observation_20260827_074552.csv
NVDA,46,Drift,random,0,2,61,2025-04-02T00:00:00,-0.0093612857162952,0.0188226699829101,results/normalization_pilot_train_zscore/random/NVDA/seed_46/last_baseline_scores_after_observation_20260827_074552.csv
NVDA,46,Drift,random,0,3,62,2025-04-03T00:00:00,-0.0140419295057654,-0.0607122778892517,results/normalization_pilot_train_zscore/random/NVDA/seed_46/last_baseline_scores_after_observation_20260827_074552.csv
NVDA,46,Drift,random,0,4,63,2025-04-04T00:00:00,-0.0187225714325904,-0.1298210024833679,results/normalization_pilot_train_zscore/random/NVDA/seed_46/last_baseline_scores_after_observation_20260827_074552.csv
NVDA,46,Drift,random,0,5,64,2025-04-07T00:00:00,-0.0234032161533832,-0.0990957617759704,results/normalization_pilot_train_zscore/random/NVDA/seed_46/last_baseline_scores_after_observation_20260827_074552.csv
NVDA,46,Drift,random,1,1,65,2025-04-08T00:00:00,-0.0066432221792638,-0.0137238502502441,results/normalization_pilot_train_zscore/random/NVDA/seed_46/last_baseline_scores_after_observation_20260827_074552.csv
NVDA,46,Drift,random,1,2,66,2025-04-09T00:00:00,-0.0132864443585276,0.1709340810775756,results/normalization_pilot_train_zscore/random/NVDA/seed_46/last_baseline_scores_after_observation_20260827_074552.csv
NVDA,46,Drift,random,1,3,67,2025-04-10T00:00:00,-0.0199296660721302,0.1017000675201416,results/normalization_pilot_train_zscore/random/NVDA/seed_46/last_baseline_scores_after_observation_20260827_074552.csv
NVDA,46,Drift,random,1,4,68,2025-04-11T00:00:00,-0.0265728887170553,0.1361122131347656,results/normalization_pilot_train_zscore/random/NVDA/seed_46/last_baseline_scores_after_observation_20260827_074552.csv
NVDA,46,Drift,random,1,5,69,2025-04-14T00:00:00,-0.0332161113619804,0.1338590383529663,results/normalization_pilot_train_zscore/random/NVDA/seed_46/last_baseline_scores_after_observation_20260827_074552.csv
NVDA,46,Drift,random,2,1,70,2025-04-15T00:00:00,-0.004133568610996,0.0134586095809936,results/normalization_pilot_train_zscore/random/NVDA/seed_46/last_baseline_scores_after_observation_20260827_074552.csv
NVDA,46,Drift,random,2,2,71,2025-04-16T00:00:00,-0.008267137221992,-0.0561828017234802,results/normalization_pilot_train_zscore/random/NVDA/seed_46/last_baseline_scores_after_observation_20260827_074552.csv
NVDA,46,Drift,random,2,3,72,2025-04-17T00:00:00,-0.0124007053673267,-0.0832806825637817,results/normalization_pilot_train_zscore/random/NVDA/seed_46/last_baseline_scores_after_observation_20260827_074552.csv
NVDA,46,Drift,random,2,4,73,2025-04-21T00:00:00,-0.016534274443984,-0.1246499419212341,results/normalization_pilot_train_zscore/random/NVDA/seed_46/last_baseline_scores_after_observation_20260827_074552.csv
NVDA,46,Drift,random,2,5,74,2025-04-22T00:00:00,-0.0206678435206413,-0.1067654490470886,results/normalization_pilot_train_zscore/random/NVDA/seed_46/last_baseline_scores_after_observation_20260827_074552.csv
NVDA,46,Drift,random,3,1,75,2025-04-23T00:00:00,-0.0033473251387476,0.0386288166046142,results/normalization_pilot_train_zscore/random/NVDA/seed_46/last_baseline_scores_after_observation_20260827_074552.csv
NVDA,46,Drift,random,3,2,76,2025-04-24T00:00:00,-0.0066946502774953,0.0762463808059692,results/normalization_pilot_train_zscore/random/NVDA/seed_46/last_baseline_scores_after_observation_20260827_074552.csv
NVDA,46,Drift,random,3,3,77,2025-04-25T00:00:00,-0.010041975416243,0.1225605010986328,results/normalization_pilot_train_zscore/random/NVDA/seed_46/last_baseline_scores_after_observation_20260827_074552.csv
NVDA,46,Drift,random,3,4,78,2025-04-28T00:00:00,-0.0133893005549907,0.0995045900344848,results/normalization_pilot_train_zscore/random/NVDA/seed_46/last_baseline_scores_after_observation_20260827_074552.csv
NVDA,46,Drift,random,3,5,79,2025-04-29T00:00:00,-0.0167366247624158,0.1024370193481445,results/normalization_pilot_train_zscore/random/NVDA/seed_46/last_baseline_scores_after_observation_20260827_074552.csv
NVDA,46,Drift,random,4,1,80,2025-04-30T00:00:00,-0.0011877794750034,-0.0009172558784484,results/normalization_pilot_train_zscore/random/NVDA/seed_46/last_baseline_scores_after_observation_20260827_074552.csv
NVDA,46,Drift,random,4,2,81,2025-05-01T00:00:00,-0.0023755589500069,0.0237571001052856,results/normalization_pilot_train_zscore/random/NVDA/seed_46/last_baseline_scores_after_observation_20260827_074552.csv
NVDA,46,Drift,random,4,3,82,2025-05-02T00:00:00,-0.0035633384250104,0.0502660274505615,results/normalization_pilot_train_zscore/random/NVDA/seed_46/last_baseline_scores_after_observation_20260827_074552.csv
NVDA,46,Drift,random,4,4,83,2025-05-05T00:00:00,-0.0047511179000139,0.0440286397933959,results/normalization_pilot_train_zscore/random/NVDA/seed_46/last_baseline_scores_after_observation_20260827_074552.csv
NVDA,46,Drift,random,4,5,84,2025-05-06T00:00:00,-0.0059388973750174,0.0414602756500244,results/normalization_pilot_train_zscore/random/NVDA/seed_46/last_baseline_scores_after_observation_20260827_074552.csv
NVDA,46,Drift,random,5,1,85,2025-05-07T00:00:00,-0.002990061417222,0.0310022830963134,results/normalization_pilot_train_zscore/random/NVDA/seed_46/last_baseline_scores_after_observation_20260827_074552.csv
NVDA,46,Drift,random,5,2,86,2025-05-08T00:00:00,-0.005980122834444,0.0337326526641845,results/normalization_pilot_train_zscore/random/NVDA/seed_46/last_baseline_scores_after_observation_20260827_074552.csv
NVDA,46,Drift,random,5,3,87,2025-05-09T00:00:00,-0.008970184251666,0.0273911952972412,results/normalization_pilot_train_zscore/random/NVDA/seed_46/last_baseline_scores_after_observation_20260827_074552.csv
NVDA,46,Drift,random,5,4,88,2025-05-12T00:00:00,-0.011960245668888,0.0833185911178588,results/normalization_pilot_train_zscore/random/NVDA/seed_46/last_baseline_scores_after_observation_20260827_074552.csv
NVDA,46,Drift,random,5,5,89,2025-05-13T00:00:00,-0.0149503070861101,0.1443543434143066,results/normalization_pilot_train_zscore/random/NVDA/seed_46/last_baseline_scores_after_observation_20260827_074552.csv
NVDA,46,Drift,random,6,1,90,2025-05-14T00:00:00,-0.0012353449128568,0.0416377782821655,results/normalization_pilot_train_zscore/random/NVDA/seed_46/last_baseline_scores_after_observation_20260827_074552.csv
NVDA,46,Drift,random,6,2,91,2025-05-15T00:00:00,-0.0024706898257136,0.0377126932144165,results/normalization_pilot_train_zscore/random/NVDA/seed_46/last_baseline_scores_after_observation_20260827_074552.csv
NVDA,46,Drift,random,6,3,92,2025-05-16T00:00:00,-0.0037060347385704,0.0420995950698852,results/normalization_pilot_train_zscore/random/NVDA/seed_46/last_baseline_scores_after_observation_20260827_074552.csv
NVDA,46,Drift,random,6,4,93,2025-05-19T00:00:00,-0.0049413796514272,0.0434081554412841,results/normalization_pilot_train_zscore/random/NVDA/seed_46/last_baseline_scores_after_observation_20260827_074552.csv
NVDA,46,Drift,random,6,5,94,2025-05-20T00:00:00,-0.006176724564284,0.0342493057250976,results/normalization_pilot_train_zscore/random/NVDA/seed_46/last_baseline_scores_after_observation_20260827_074552.csv
NVDA,46,Drift,random,7,1,95,2025-05-21T00:00:00,0.0009774975478649,-0.0191993117332458,results/normalization_pilot_train_zscore/random/NVDA/seed_46/last_baseline_scores_after_observation_20260827_074552.csv
NVDA,46,Drift,random,7,2,96,2025-05-22T00:00:00,0.0019549950957298,-0.0115344524383544,results/normalization_pilot_train_zscore/random/NVDA/seed_46/last_baseline_scores_after_observation_20260827_074552.csv
NVDA,46,Drift,random,7,3,97,2025-05-23T00:00:00,0.0029324928764253,-0.022994577884674,results/normalization_pilot_train_zscore/random/NVDA/seed_46/last_baseline_scores_after_observation_20260827_074552.csv
NVDA,46,Drift,random,7,4,98,2025-05-27T00:00:00,0.0039099901914596,0.0083345174789428,results/normalization_pilot_train_zscore/random/NVDA/seed_46/last_baseline_scores_after_observation_20260827_074552.csv
NVDA,46,Drift,random,7,5,99,2025-05-28T00:00:00,0.0048874882049858,0.003199815750122,results/normalization_pilot_train_zscore/random/NVDA/seed_46/last_baseline_scores_after_observation_20260827_074552.csv
NVDA,46,Drift,random,8,1,100,2025-05-29T00:00:00,0.0023661677259951,0.0324902534484863,results/normalization_pilot_train_zscore/random/NVDA/seed_46/last_baseline_scores_after_observation_20260827_074552.csv
NVDA,46,Drift,random,8,2,101,2025-05-30T00:00:00,0.0047323354519903,0.0023738145828247,results/normalization_pilot_train_zscore/random/NVDA/seed_46/last_baseline_scores_after_observation_20260827_074552.csv
NVDA,46,Drift,random,8,3,102,2025-06-02T00:00:00,0.0070985034108161,0.0190639495849609,results/normalization_pilot_train_zscore/random/NVDA/seed_46/last_baseline_scores_after_observation_20260827_074552.csv
NVDA,46,Drift,random,8,4,103,2025-06-03T00:00:00,0.0094646709039807,0.0475484132766723,results/normalization_pilot_train_zscore/random/NVDA/seed_46/last_baseline_scores_after_observation_20260827_074552.csv
NVDA,46,Drift,random,8,5,104,2025-06-04T00:00:00,0.0118308393284678,0.0527409315109252,results/normalization_pilot_train_zscore/random/NVDA/seed_46/last_baseline_scores_after_observation_20260827_074552.csv
NVDA,46,Drift,random,9,1,105,2025-06-05T00:00:00,0.0039602164179086,-0.013599157333374,results/normalization_pilot_train_zscore/random/NVDA/seed_46/last_baseline_scores_after_observation_20260827_074552.csv
NVDA,46,Drift,random,9,2,106,2025-06-06T00:00:00,0.0079204328358173,-0.0014092326164245,results/normalization_pilot_train_zscore/random/NVDA/seed_46/last_baseline_scores_after_observation_20260827_074552.csv
NVDA,46,Drift,random,9,3,107,2025-06-09T00:00:00,0.011880649253726,0.0050028562545776,results/normalization_pilot_train_zscore/random/NVDA/seed_46/last_baseline_scores_after_observation_20260827_074552.csv
NVDA,46,Drift,random,9,4,108,2025-06-10T00:00:00,0.0158408656716346,0.0143743753433227,results/normalization_pilot_train_zscore/random/NVDA/seed_46/last_baseline_scores_after_observation_20260827_074552.csv
NVDA,46,Drift,random,9,5,109,2025-06-11T00:00:00,0.0198010820895433,0.0064121484756469,results/normalization_pilot_train_zscore/random/NVDA/seed_46/last_baseline_scores_after_observation_20260827_074552.csv
NVDA,46,Drift,random,10,1,110,2025-06-12T00:00:00,0.0032514655031263,0.0151928663253784,results/normalization_pilot_train_zscore/random/NVDA/seed_46/last_baseline_scores_after_observation_20260827_074552.csv
NVDA,46,Drift,random,10,2,111,2025-06-13T00:00:00,0.0065029310062527,-0.0060211420059204,results/normalization_pilot_train_zscore/random/NVDA/seed_46/last_baseline_scores_after_observation_20260827_074552.csv
NVDA,46,Drift,random,10,3,112,2025-06-16T00:00:00,0.0097543969750404,0.0130224227905273,results/normalization_pilot_train_zscore/random/NVDA/seed_46/last_baseline_scores_after_observation_20260827_074552.csv
NVDA,46,Drift,random,10,4,113,2025-06-17T00:00:00,0.0130058620125055,0.0090316534042358,results/normalization_pilot_train_zscore/random/NVDA/seed_46/last_baseline_scores_after_observation_20260827_074552.csv
NVDA,46,Drift,random,10,5,114,2025-06-18T00:00:00,0.0162573270499706,0.0185534954071044,results/normalization_pilot_train_zscore/random/NVDA/seed_46/last_baseline_scores_after_observation_20260827_074552.csv
NVDA,46,Drift,random,11,1,115,2025-06-20T00:00:00,0.0028881598263978,-0.0112042427062988,results/normalization_pilot_train_zscore/random/NVDA/seed_46/last_baseline_scores_after_observation_20260827_074552.csv
NVDA,46,Drift,random,11,2,116,2025-06-23T00:00:00,0.0057763196527957,-0.0090046525001525,results/normalization_pilot_train_zscore/random/NVDA/seed_46/last_baseline_scores_after_observation_20260827_074552.csv
NVDA,46,Drift,random,11,3,117,2025-06-24T00:00:00,0.0086644794791936,0.0166345834732055,results/normalization_pilot_train_zscore/random/NVDA/seed_46/last_baseline_scores_after_observation_20260827_074552.csv
NVDA,46,Drift,random,11,4,118,2025-06-25T00:00:00,0.0115526393055915,0.0606956481933593,results/normalization_pilot_train_zscore/random/NVDA/seed_46/last_baseline_scores_after_observation_20260827_074552.csv
NVDA,46,Drift,random,11,5,119,2025-06-26T00:00:00,0.0144407991319894,0.0655760765075683,results/normalization_pilot_train_zscore/random/NVDA/seed_46/last_baseline_scores_after_observation_20260827_074552.csv
NVDA,46,Drift,random,12,1,120,2025-06-27T00:00:00,0.0049058743752539,0.0176105499267578,results/normalization_pilot_train_zscore/random/NVDA/seed_46/last_baseline_scores_after_observation_20260827_074552.csv
NVDA,46,Drift,random,12,2,121,2025-06-30T00:00:00,0.0098117487505078,0.0191588401794433,results/normalization_pilot_train_zscore/random/NVDA/seed_46/last_baseline_scores_after_observation_20260827_074552.csv
NVDA,46,Drift,random,12,3,122,2025-07-01T00:00:00,0.0147176226601004,-0.0110953450202941,results/normalization_pilot_train_zscore/random/NVDA/seed_46/last_baseline_scores_after_observation_20260827_074552.csv
NVDA,46,Drift,random,12,4,123,2025-07-02T00:00:00,0.0196234975010156,0.0143852233886718,results/normalization_pilot_train_zscore/random/NVDA/seed_46/last_baseline_scores_after_observation_20260827_074552.csv
NVDA,46,Drift,random,12,5,124,2025-07-03T00:00:00,0.0245293714106082,0.027867317199707,results/normalization_pilot_train_zscore/random/NVDA/seed_46/last_baseline_scores_after_observation_20260827_074552.csv
NVDA,46,Drift,random,13,1,125,2025-07-07T00:00:00,0.0067056263796985,-0.0069034099578857,results/normalization_pilot_train_zscore/random/NVDA/seed_46/last_baseline_scores_after_observation_20260827_074552.csv
NVDA,46,Drift,random,13,2,126,2025-07-08T00:00:00,0.013411252759397,0.0041421651840209,results/normalization_pilot_train_zscore/random/NVDA/seed_46/last_baseline_scores_after_observation_20260827_074552.csv
NVDA,46,Drift,random,13,3,127,2025-07-09T00:00:00,0.0201168786734342,0.0222166776657104,results/normalization_pilot_train_zscore/random/NVDA/seed_46/last_baseline_scores_after_observation_20260827_074552.csv
NVDA,46,Drift,random,13,4,128,2025-07-10T00:00:00,0.026822505518794,0.029873251914978,results/normalization_pilot_train_zscore/random/NVDA/seed_46/last_baseline_scores_after_observation_20260827_074552.csv
NVDA,46,Drift,random,13,5,129,2025-07-11T00:00:00,0.0335281305015087,0.0350195169448852,results/normalization_pilot_train_zscore/random/NVDA/seed_46/last_baseline_scores_after_observation_20260827_074552.csv
NVDA,46,Drift,random,14,1,130,2025-07-14T00:00:00,0.0054181381128728,-0.0051539540290832,results/normalization_pilot_train_zscore/random/NVDA/seed_46/last_baseline_scores_after_observation_20260827_074552.csv
NVDA,46,Drift,random,14,2,131,2025-07-15T00:00:00,0.0108362762257456,0.0350472927093505,results/normalization_pilot_train_zscore/random/NVDA/seed_46/last_baseline_scores_after_observation_20260827_074552.csv
NVDA,46,Drift,random,14,3,132,2025-07-16T00:00:00,0.0162544138729572,0.0391098260879516,results/normalization_pilot_train_zscore/random/NVDA/seed_46/last_baseline_scores_after_observation_20260827_074552.csv
NVDA,46,Drift,random,14,4,133,2025-07-17T00:00:00,0.0216725524514913,0.0489934682846069,results/normalization_pilot_train_zscore/random/NVDA/seed_46/last_baseline_scores_after_observation_20260827_074552.csv
NVDA,46,Drift,random,14,5,134,2025-07-18T00:00:00,0.0270906891673803,0.0454159975051879,results/normalization_pilot_train_zscore/random/NVDA/seed_46/last_baseline_scores_after_observation_20260827_074552.csv
NVDA,46,Drift,random,15,1,135,2025-07-21T00:00:00,0.0068520153872668,-0.0059741139411926,results/normalization_pilot_train_zscore/random/NVDA/seed_46/last_baseline_scores_after_observation_20260827_074552.csv
NVDA,46,Drift,random,15,2,136,2025-07-22T00:00:00,0.0137040307745337,-0.0312047004699707,results/normalization_pilot_train_zscore/random/NVDA/seed_46/last_baseline_scores_after_observation_20260827_074552.csv
NVDA,46,Drift,random,15,3,137,2025-07-23T00:00:00,0.0205560456961393,-0.0094542503356933,results/normalization_pilot_train_zscore/random/NVDA/seed_46/last_baseline_scores_after_observation_20260827_074552.csv
NVDA,46,Drift,random,15,4,138,2025-07-24T00:00:00,0.0274080615490674,0.0077141523361206,results/normalization_pilot_train_zscore/random/NVDA/seed_46/last_baseline_scores_after_observation_20260827_074552.csv
NVDA,46,Drift,random,15,5,139,2025-07-25T00:00:00,0.0342600755393505,0.0063221454620361,results/normalization_pilot_train_zscore/random/NVDA/seed_46/last_baseline_scores_after_observation_20260827_074552.csv
NVDA,46,Drift,random,16,1,140,2025-07-28T00:00:00,0.0063087972812354,0.018731951713562,results/normalization_pilot_train_zscore/random/NVDA/seed_46/last_baseline_scores_after_observation_20260827_074552.csv
NVDA,46,Drift,random,16,2,141,2025-07-29T00:00:00,0.0126175945624709,0.011584997177124,results/normalization_pilot_train_zscore/random/NVDA/seed_46/last_baseline_scores_after_observation_20260827_074552.csv
NVDA,46,Drift,random,16,3,142,2025-07-30T00:00:00,0.018926391378045,0.0332565307617187,results/normalization_pilot_train_zscore/random/NVDA/seed_46/last_baseline_scores_after_observation_20260827_074552.csv
NVDA,46,Drift,random,16,4,143,2025-07-31T00:00:00,0.0252351891249418,0.0251872539520263,results/normalization_pilot_train_zscore/random/NVDA/seed_46/last_baseline_scores_after_observation_20260827_074552.csv
NVDA,46,Drift,random,16,5,144,2025-08-01T00:00:00,0.0315439850091934,0.0012680292129516,results/normalization_pilot_train_zscore/random/NVDA/seed_46/last_baseline_scores_after_observation_20260827_074552.csv
NVDA,46,Drift,random,17,1,145,2025-08-04T00:00:00,0.0055280863307416,0.0361500978469848,results/normalization_pilot_train_zscore/random/NVDA/seed_46/last_baseline_scores_after_observation_20260827_074552.csv
NVDA,46,Drift,random,17,2,146,2025-08-05T00:00:00,0.0110561726614832,0.0261340141296386,results/normalization_pilot_train_zscore/random/NVDA/seed_46/last_baseline_scores_after_observation_20260827_074552.csv
NVDA,46,Drift,random,17,3,147,2025-08-06T00:00:00,0.0165842585265636,0.0328114032745361,results/normalization_pilot_train_zscore/random/NVDA/seed_46/last_baseline_scores_after_observation_20260827_074552.csv
NVDA,46,Drift,random,17,4,148,2025-08-07T00:00:00,0.0221123453229665,0.040582537651062,results/normalization_pilot_train_zscore/random/NVDA/seed_46/last_baseline_scores_after_observation_20260827_074552.csv
NVDA,46,Drift,random,17,5,149,2025-08-08T00:00:00,0.0276404302567243,0.0516923666000366,results/normalization_pilot_train_zscore/random/NVDA/seed_46/last_baseline_scores_after_observation_20260827_074552.csv
NVDA,46,Drift,random,18,1,150,2025-08-11T00:00:00,0.0043936064466834,-0.0035030245780944,results/normalization_pilot_train_zscore/random/NVDA/seed_46/last_baseline_scores_after_observation_20260827_074552.csv
NVDA,46,Drift,random,18,2,151,2025-08-12T00:00:00,0.0087872128933668,0.002517819404602,results/normalization_pilot_train_zscore/random/NVDA/seed_46/last_baseline_scores_after_observation_20260827_074552.csv
NVDA,46,Drift,random,18,3,152,2025-08-13T00:00:00,0.0131808193400502,-0.0060755610466003,results/normalization_pilot_train_zscore/random/NVDA/seed_46/last_baseline_scores_after_observation_20260827_074552.csv
NVDA,46,Drift,random,18,4,153,2025-08-14T00:00:00,0.0175744257867336,-0.0037218928337097,results/normalization_pilot_train_zscore/random/NVDA/seed_46/last_baseline_scores_after_observation_20260827_074552.csv
NVDA,46,Drift,random,18,5,154,2025-08-15T00:00:00,0.0219680313020944,-0.0123152732849121,results/normalization_pilot_train_zscore/random/NVDA/seed_46/last_baseline_scores_after_observation_20260827_074552.csv
NVDA,46,Drift,random,19,1,155,2025-08-18T00:00:00,0.0045695547014474,0.0086450576782226,results/normalization_pilot_train_zscore/random/NVDA/seed_46/last_baseline_scores_after_observation_20260827_074552.csv
NVDA,46,Drift,random,19,2,156,2025-08-19T00:00:00,0.0091391094028949,-0.0266555547714233,results/normalization_pilot_train_zscore/random/NVDA/seed_46/last_baseline_scores_after_observation_20260827_074552.csv
NVDA,46,Drift,random,19,3,157,2025-08-20T00:00:00,0.0137086641043424,-0.0279856324195861,results/normalization_pilot_train_zscore/random/NVDA/seed_46/last_baseline_scores_after_observation_20260827_074552.csv
NVDA,46,Drift,random,19,4,158,2025-08-21T00:00:00,0.0182782188057899,-0.0303131341934204,results/normalization_pilot_train_zscore/random/NVDA/seed_46/last_baseline_scores_after_observation_20260827_074552.csv
NVDA,46,Drift,random,19,5,159,2025-08-22T00:00:00,0.0228477735072374,-0.0136325359344482,results/normalization_pilot_train_zscore/random/NVDA/seed_46/last_baseline_scores_after_observation_20260827_074552.csv
NVDA,46,Drift,random,20,1,160,2025-08-25T00:00:00,0.0036947424523532,0.0102252960205078,results/normalization_pilot_train_zscore/random/NVDA/seed_46/last_baseline_scores_after_observation_20260827_074552.csv
NVDA,46,Drift,random,20,2,161,2025-08-26T00:00:00,0.0073894849047064,0.0212371349334716,results/normalization_pilot_train_zscore/random/NVDA/seed_46/last_baseline_scores_after_observation_20260827_074552.csv
NVDA,46,Drift,random,20,3,162,2025-08-27T00:00:00,0.0110842268913984,0.0202820301055908,results/normalization_pilot_train_zscore/random/NVDA/seed_46/last_baseline_scores_after_observation_20260827_074552.csv
NVDA,46,Drift,random,20,4,163,2025-08-28T00:00:00,0.0147789698094129,0.0122478008270263,results/normalization_pilot_train_zscore/random/NVDA/seed_46/last_baseline_scores_after_observation_20260827_074552.csv
NVDA,46,Drift,random,20,5,164,2025-08-29T00:00:00,0.0184737127274274,-0.0214057564735412,results/normalization_pilot_train_zscore/random/NVDA/seed_46/last_baseline_scores_after_observation_20260827_074552.csv
NVDA,46,Drift,random,21,1,165,2025-09-02T00:00:00,0.0033269689884036,-0.0195199847221374,results/normalization_pilot_train_zscore/random/NVDA/seed_46/last_baseline_scores_after_observation_20260827_074552.csv
NVDA,46,Drift,random,21,2,166,2025-09-03T00:00:00,0.0066539379768073,-0.0204386115074157,results/normalization_pilot_train_zscore/random/NVDA/seed_46/last_baseline_scores_after_observation_20260827_074552.csv
NVDA,46,Drift,random,21,3,167,2025-09-04T00:00:00,0.0099809067323803,-0.014467716217041,results/normalization_pilot_train_zscore/random/NVDA/seed_46/last_baseline_scores_after_observation_20260827_074552.csv
NVDA,46,Drift,random,21,4,168,2025-09-05T00:00:00,0.0133078759536147,-0.0411068201065063,results/normalization_pilot_train_zscore/random/NVDA/seed_46/last_baseline_scores_after_observation_20260827_074552.csv
NVDA,46,Drift,random,21,5,169,2025-09-08T00:00:00,0.0166348461061716,-0.0337007641792297,results/normalization_pilot_train_zscore/random/NVDA/seed_46/last_baseline_scores_after_observation_20260827_074552.csv
NVDA,46,Drift,random,22,1,170,2025-09-09T00:00:00,0.0023473631590604,0.0145564079284667,results/normalization_pilot_train_zscore/random/NVDA/seed_46/last_baseline_scores_after_observation_20260827_074552.csv
NVDA,46,Drift,random,22,2,171,2025-09-10T00:00:00,0.0046947263181209,0.0535916090011596,results/normalization_pilot_train_zscore/random/NVDA/seed_46/last_baseline_scores_after_observation_20260827_074552.csv
NVDA,46,Drift,random,22,3,172,2025-09-11T00:00:00,0.0070420894771814,0.0526409149169921,results/normalization_pilot_train_zscore/random/NVDA/seed_46/last_baseline_scores_after_observation_20260827_074552.csv
NVDA,46,Drift,random,22,4,173,2025-09-12T00:00:00,0.0093894526362419,0.0565029382705688,results/normalization_pilot_train_zscore/random/NVDA/seed_46/last_baseline_scores_after_observation_20260827_074552.csv
NVDA,46,Drift,random,22,5,174,2025-09-15T00:00:00,0.0117368157953023,0.0560870170593261,results/normalization_pilot_train_zscore/random/NVDA/seed_46/last_baseline_scores_after_observation_20260827_074552.csv
NVDA,46,Drift,random,23,1,175,2025-09-16T00:00:00,0.0032324963249266,-0.0161462426185607,results/normalization_pilot_train_zscore/random/NVDA/seed_46/last_baseline_scores_after_observation_20260827_074552.csv
NVDA,46,Drift,random,23,2,176,2025-09-17T00:00:00,0.0064649926498532,-0.0419691205024719,results/normalization_pilot_train_zscore/random/NVDA/seed_46/last_baseline_scores_after_observation_20260827_074552.csv
NVDA,46,Drift,random,23,3,177,2025-09-18T00:00:00,0.0096974894404411,-0.0084950327873229,results/normalization_pilot_train_zscore/random/NVDA/seed_46/last_baseline_scores_after_observation_20260827_074552.csv
NVDA,46,Drift,random,23,4,178,2025-09-19T00:00:00,0.0129299852997064,-0.0060759782791137,results/normalization_pilot_train_zscore/random/NVDA/seed_46/last_baseline_scores_after_observation_20260827_074552.csv
NVDA,46,Drift,random,23,5,179,2025-09-22T00:00:00,0.0161624830216169,0.0329676866531372,results/normalization_pilot_train_zscore/random/NVDA/seed_46/last_baseline_scores_after_observation_20260827_074552.csv
NVDA,46,Drift,random,24,1,180,2025-09-23T00:00:00,0.002387152519077,-0.0282120108604431,results/normalization_pilot_train_zscore/random/NVDA/seed_46/last_baseline_scores_after_observation_20260827_074552.csv
NVDA,46,Drift,random,24,2,181,2025-09-24T00:00:00,0.0047743050381541,-0.0361636281013488,results/normalization_pilot_train_zscore/random/NVDA/seed_46/last_baseline_scores_after_observation_20260827_074552.csv
NVDA,46,Drift,random,24,3,182,2025-09-25T00:00:00,0.0071614575572311,-0.0322422385215759,results/normalization_pilot_train_zscore/random/NVDA/seed_46/last_baseline_scores_after_observation_20260827_074552.csv
NVDA,46,Drift,random,24,4,183,2025-09-26T00:00:00,0.0095486100763082,-0.0295190811157226,results/normalization_pilot_train_zscore/random/NVDA/seed_46/last_baseline_scores_after_observation_20260827_074552.csv
NVDA,46,Drift,random,24,5,184,2025-09-29T00:00:00,0.011935762129724,-0.0095854997634887,results/normalization_pilot_train_zscore/random/NVDA/seed_46/last_baseline_scores_after_observation_20260827_074552.csv
NVDA,46,Drift,random,25,1,185,2025-09-30T00:00:00,0.002200546907261,0.0260103940963745,results/normalization_pilot_train_zscore/random/NVDA/seed_46/last_baseline_scores_after_observation_20260827_074552.csv
NVDA,46,Drift,random,25,2,186,2025-10-01T00:00:00,0.004401093814522,0.0296398401260375,results/normalization_pilot_train_zscore/random/NVDA/seed_46/last_baseline_scores_after_observation_20260827_074552.csv
NVDA,46,Drift,random,25,3,187,2025-10-02T00:00:00,0.0066016404889523,0.0387132167816162,results/normalization_pilot_train_zscore/random/NVDA/seed_46/last_baseline_scores_after_observation_20260827_074552.csv
NVDA,46,Drift,random,25,4,188,2025-10-03T00:00:00,0.008802187629044,0.0317293405532836,results/normalization_pilot_train_zscore/random/NVDA/seed_46/last_baseline_scores_after_observation_20260827_074552.csv
NVDA,46,Drift,random,25,5,189,2025-10-06T00:00:00,0.0110027343034744,0.0202913284301757,results/normalization_pilot_train_zscore/random/NVDA/seed_46/last_baseline_scores_after_observation_20260827_074552.csv
NVDA,46,Drift,random,26,1,190,2025-10-07T00:00:00,0.001961292233318,-0.0026948451995849,results/normalization_pilot_train_zscore/random/NVDA/seed_46/last_baseline_scores_after_observation_20260827_074552.csv
NVDA,46,Drift,random,26,2,191,2025-10-08T00:00:00,0.0039225844666361,0.0192412137985229,results/normalization_pilot_train_zscore/random/NVDA/seed_46/last_baseline_scores_after_observation_20260827_074552.csv
NVDA,46,Drift,random,26,3,192,2025-10-09T00:00:00,0.0058838766999542,0.0378894805908203,results/normalization_pilot_train_zscore/random/NVDA/seed_46/last_baseline_scores_after_observation_20260827_074552.csv
NVDA,46,Drift,random,26,4,193,2025-10-10T00:00:00,0.0078451689332723,-0.0128273963928222,results/normalization_pilot_train_zscore/random/NVDA/seed_46/last_baseline_scores_after_observation_20260827_074552.csv
NVDA,46,Drift,random,26,5,194,2025-10-13T00:00:00,0.0098064607009291,0.0149834156036376,results/normalization_pilot_train_zscore/random/NVDA/seed_46/last_baseline_scores_after_observation_20260827_074552.csv
NVDA,46,Drift,random,27,1,195,2025-10-14T00:00:00,0.0015246317489072,-0.0440208315849304,results/normalization_pilot_train_zscore/random/NVDA/seed_46/last_baseline_scores_after_observation_20260827_074552.csv
NVDA,46,Drift,random,27,2,196,2025-10-15T00:00:00,0.0030492634978145,-0.0450828671455383,results/normalization_pilot_train_zscore/random/NVDA/seed_46/last_baseline_scores_after_observation_20260827_074552.csv
NVDA,46,Drift,random,27,3,197,2025-10-16T00:00:00,0.0045738951303064,-0.0345688462257385,results/normalization_pilot_train_zscore/random/NVDA/seed_46/last_baseline_scores_after_observation_20260827_074552.csv
NVDA,46,Drift,random,27,4,198,2025-10-17T00:00:00,0.006098526995629,-0.0270816087722778,results/normalization_pilot_train_zscore/random/NVDA/seed_46/last_baseline_scores_after_observation_20260827_074552.csv
NVDA,46,Drift,random,27,5,199,2025-10-20T00:00:00,0.0076231583952903,-0.030161440372467,results/normalization_pilot_train_zscore/random/NVDA/seed_46/last_baseline_scores_after_observation_20260827_074552.csv
NVDA,46,Drift,random,28,1,200,2025-10-21T00:00:00,0.0005465978756546,-0.0081033706665039,results/normalization_pilot_train_zscore/random/NVDA/seed_46/last_baseline_scores_after_observation_20260827_074552.csv
NVDA,46,Drift,random,28,2,201,2025-10-22T00:00:00,0.0010931957513093,-0.0129215717315673,results/normalization_pilot_train_zscore/random/NVDA/seed_46/last_baseline_scores_after_observation_20260827_074552.csv
NVDA,46,Drift,random,28,3,202,2025-10-23T00:00:00,0.001639793626964,-0.0026280879974365,results/normalization_pilot_train_zscore/random/NVDA/seed_46/last_baseline_scores_after_observation_20260827_074552.csv
NVDA,46,Drift,random,28,4,203,2025-10-24T00:00:00,0.0021863915026187,0.0198203325271606,results/normalization_pilot_train_zscore/random/NVDA/seed_46/last_baseline_scores_after_observation_20260827_074552.csv
NVDA,46,Drift,random,28,5,204,2025-10-27T00:00:00,0.0027329893782734,0.0484559535980224,results/normalization_pilot_train_zscore/random/NVDA/seed_46/last_baseline_scores_after_observation_20260827_074552.csv
NVDA,46,Drift,random,29,1,205,2025-10-28T00:00:00,0.0010170020395889,0.0498198270797729,results/normalization_pilot_train_zscore/random/NVDA/seed_46/last_baseline_scores_after_observation_20260827_074552.csv
NVDA,46,Drift,random,29,2,206,2025-10-29T00:00:00,0.0020340040791779,0.0812052488327026,results/normalization_pilot_train_zscore/random/NVDA/seed_46/last_baseline_scores_after_observation_20260827_074552.csv
NVDA,46,Drift,random,29,3,207,2025-10-30T00:00:00,0.0030510060023516,0.0595331192016601,results/normalization_pilot_train_zscore/random/NVDA/seed_46/last_baseline_scores_after_observation_20260827_074552.csv
NVDA,46,Drift,random,29,4,208,2025-10-31T00:00:00,0.0040680081583559,0.0574442148208618,results/normalization_pilot_train_zscore/random/NVDA/seed_46/last_baseline_scores_after_observation_20260827_074552.csv
NVDA,46,Drift,random,29,5,209,2025-11-03T00:00:00,0.0050850100815296,0.0803697109222412,results/normalization_pilot_train_zscore/random/NVDA/seed_46/last_baseline_scores_after_observation_20260827_074552.csv
NVDA,46,Drift,random,30,1,210,2025-11-04T00:00:00,0.0020334403961896,-0.0395881533622741,results/normalization_pilot_train_zscore/random/NVDA/seed_46/last_baseline_scores_after_observation_20260827_074552.csv
NVDA,46,Drift,random,30,2,211,2025-11-05T00:00:00,0.0040668807923793,-0.056409478187561,results/normalization_pilot_train_zscore/random/NVDA/seed_46/last_baseline_scores_after_observation_20260827_074552.csv
NVDA,46,Drift,random,30,3,212,2025-11-06T00:00:00,0.0061003207229077,-0.0908739566802978,results/normalization_pilot_train_zscore/random/NVDA/seed_46/last_baseline_scores_after_observation_20260827_074552.csv
NVDA,46,Drift,random,30,4,213,2025-11-07T00:00:00,0.0081337615847587,-0.0905356407165527,results/normalization_pilot_train_zscore/random/NVDA/seed_46/last_baseline_scores_after_observation_20260827_074552.csv
NVDA,46,Drift,random,30,5,214,2025-11-10T00:00:00,0.0101672019809484,-0.0378480553627014,results/normalization_pilot_train_zscore/random/NVDA/seed_46/last_baseline_scores_after_observation_20260827_074552.csv
NVDA,46,Drift,random,31,1,215,2025-11-11T00:00:00,0.0014509597094729,-0.0295905470848083,results/normalization_pilot_train_zscore/random/NVDA/seed_46/last_baseline_scores_after_observation_20260827_074552.csv
NVDA,46,Drift,random,31,2,216,2025-11-12T00:00:00,0.0029019194189459,-0.0263752937316894,results/normalization_pilot_train_zscore/random/NVDA/seed_46/last_baseline_scores_after_observation_20260827_074552.csv
NVDA,46,Drift,random,31,3,217,2025-11-13T00:00:00,0.0043528792448341,-0.0612409114837646,results/normalization_pilot_train_zscore/random/NVDA/seed_46/last_baseline_scores_after_observation_20260827_074552.csv
NVDA,46,Drift,random,31,4,218,2025-11-14T00:00:00,0.0058038388378918,-0.0446119308471679,results/normalization_pilot_train_zscore/random/NVDA/seed_46/last_baseline_scores_after_observation_20260827_074552.csv
NVDA,46,Drift,random,31,5,219,2025-11-17T00:00:00,0.0072547984309494,-0.0625470876693725,results/normalization_pilot_train_zscore/random/NVDA/seed_46/last_baseline_scores_after_observation_20260827_074552.csv
NVDA,46,Drift,random,32,1,220,2025-11-18T00:00:00,0.0006167460232973,-0.028081476688385,results/normalization_pilot_train_zscore/random/NVDA/seed_46/last_baseline_scores_after_observation_20260827_074552.csv
NVDA,46,Drift,random,32,2,221,2025-11-19T00:00:00,0.0012334920465946,-0.0004287362098693,results/normalization_pilot_train_zscore/random/NVDA/seed_46/last_baseline_scores_after_observation_20260827_074552.csv
NVDA,46,Drift,random,32,3,222,2025-11-20T00:00:00,0.0018502379534766,-0.0319400429725647,results/normalization_pilot_train_zscore/random/NVDA/seed_46/last_baseline_scores_after_observation_20260827_074552.csv
NVDA,46,Drift,random,32,4,223,2025-11-21T00:00:00,0.0024669840931892,-0.0413719415664672,results/normalization_pilot_train_zscore/random/NVDA/seed_46/last_baseline_scores_after_observation_20260827_074552.csv
NVDA,46,Drift,random,32,5,224,2025-11-24T00:00:00,0.0030837301164865,-0.0217041969299316,results/normalization_pilot_train_zscore/random/NVDA/seed_46/last_baseline_scores_after_observation_20260827_074552.csv
NVDA,46,Drift,random,33,1,225,2025-11-25T00:00:00,0.001092804945074,-0.0259106755256652,results/normalization_pilot_train_zscore/random/NVDA/seed_46/last_baseline_scores_after_observation_20260827_074552.csv
NVDA,46,Drift,random,33,2,226,2025-11-26T00:00:00,0.002185609890148,-0.012544572353363,results/normalization_pilot_train_zscore/random/NVDA/seed_46/last_baseline_scores_after_observation_20260827_074552.csv
NVDA,46,Drift,random,33,3,227,2025-11-28T00:00:00,0.0032784149516373,-0.030402660369873,results/normalization_pilot_train_zscore/random/NVDA/seed_46/last_baseline_scores_after_observation_20260827_074552.csv
NVDA,46,Drift,random,33,4,228,2025-12-01T00:00:00,0.004371219780296,-0.0144070386886596,results/normalization_pilot_train_zscore/random/NVDA/seed_46/last_baseline_scores_after_observation_20260827_074552.csv
NVDA,46,Drift,random,33,5,229,2025-12-02T00:00:00,0.0054640248417854,-0.0059709548950195,results/normalization_pilot_train_zscore/random/NVDA/seed_46/last_baseline_scores_after_observation_20260827_074552.csv
NVDA,46,Drift,random,34,1,230,2025-12-03T00:00:00,0.00099942763336,-0.0103053450584411,results/normalization_pilot_train_zscore/random/NVDA/seed_46/last_baseline_scores_after_observation_20260827_074552.csv
NVDA,46,Drift,random,34,2,231,2025-12-04T00:00:00,0.00199885526672,0.0105807781219482,results/normalization_pilot_train_zscore/random/NVDA/seed_46/last_baseline_scores_after_observation_20260827_074552.csv
NVDA,46,Drift,random,34,3,232,2025-12-05T00:00:00,0.00299828290008,0.0052353143692016,results/normalization_pilot_train_zscore/random/NVDA/seed_46/last_baseline_scores_after_observation_20260827_074552.csv
NVDA,46,Drift,random,34,4,233,2025-12-08T00:00:00,0.0039977105334401,0.0225393772125244,results/normalization_pilot_train_zscore/random/NVDA/seed_46/last_baseline_scores_after_observation_20260827_074552.csv
NVDA,46,Drift,random,34,5,234,2025-12-09T00:00:00,0.0049971383996307,0.0193430185317993,results/normalization_pilot_train_zscore/random/NVDA/seed_46/last_baseline_scores_after_observation_20260827_074552.csv
NVDA,46,Drift,random,35,1,235,2025-12-10T00:00:00,0.0009245653636753,-0.0064334869384765,results/normalization_pilot_train_zscore/random/NVDA/seed_46/last_baseline_scores_after_observation_20260827_074552.csv
NVDA,46,Drift,random,35,2,236,2025-12-11T00:00:00,0.0018491307273507,-0.0218414068222045,results/normalization_pilot_train_zscore/random/NVDA/seed_46/last_baseline_scores_after_observation_20260827_074552.csv
NVDA,46,Drift,random,35,3,237,2025-12-12T00:00:00,0.002773696091026,-0.0537924766540527,results/normalization_pilot_train_zscore/random/NVDA/seed_46/last_baseline_scores_after_observation_20260827_074552.csv
NVDA,46,Drift,random,35,4,238,2025-12-15T00:00:00,0.0036982614547014,-0.0469265580177307,results/normalization_pilot_train_zscore/random/NVDA/seed_46/last_baseline_scores_after_observation_20260827_074552.csv
NVDA,46,Drift,random,35,5,239,2025-12-16T00:00:00,0.0046228268183767,-0.0391955375671386,results/normalization_pilot_train_zscore/random/NVDA/seed_46/last_baseline_scores_after_observation_20260827_074552.csv
NVDA,46,Drift,random,36,1,240,2025-12-17T00:00:00,-6.771217886125669e-05,-0.0381498932838439,results/normalization_pilot_train_zscore/random/NVDA/seed_46/last_baseline_scores_after_observation_20260827_074552.csv
NVDA,46,Drift,random,36,2,241,2025-12-18T00:00:00,-0.0001354243577225,-0.0201440453529357,results/normalization_pilot_train_zscore/random/NVDA/seed_46/last_baseline_scores_after_observation_20260827_074552.csv
NVDA,46,Drift,random,36,3,242,2025-12-19T00:00:00,-0.0002031365438597,0.0183997154235839,results/normalization_pilot_train_zscore/random/NVDA/seed_46/last_baseline_scores_after_observation_20260827_074552.csv
NVDA,46,Drift,random,36,4,243,2025-12-22T00:00:00,-0.000270848715445,0.0335922241210937,results/normalization_pilot_train_zscore/random/NVDA/seed_46/last_baseline_scores_after_observation_20260827_074552.csv
NVDA,46,Drift,random,36,5,244,2025-12-23T00:00:00,-0.0003385609015822,0.0646523237228393,results/normalization_pilot_train_zscore/random/NVDA/seed_46/last_baseline_scores_after_observation_20260827_074552.csv
NVDA,46,Drift,random,37,1,245,2025-12-24T00:00:00,0.0002355916221858,-0.0031710863113403,results/normalization_pilot_train_zscore/random/NVDA/seed_46/last_baseline_scores_after_observation_20260827_074552.csv
NVDA,46,Drift,random,37,2,246,2025-12-26T00:00:00,0.0004711832443717,0.0069763660430908,results/normalization_pilot_train_zscore/random/NVDA/seed_46/last_baseline_scores_after_observation_20260827_074552.csv
NVDA,46,Drift,random,37,3,247,2025-12-29T00:00:00,0.0007067748811095,-0.0052323341369628,results/normalization_pilot_train_zscore/random/NVDA/seed_46/last_baseline_scores_after_observation_20260827_074552.csv
NVDA,46,Drift,random,37,4,248,2025-12-30T00:00:00,0.0009423664887435,-0.0088262557983398,results/normalization_pilot_train_zscore/random/NVDA/seed_46/last_baseline_scores_after_observation_20260827_074552.csv
NVDA,46,Drift,random,37,5,249,2025-12-31T00:00:00,0.0011779580963775,-0.0143227577209472,results/normalization_pilot_train_zscore/random/NVDA/seed_46/last_baseline_scores_after_observation_20260827_074552.csv
NVDA,46,GRU,random,0,1,60,2025-04-01T00:00:00,-0.0023769550025463,0.0163314342498779,results/normalization_pilot_train_zscore/random/NVDA/seed_46/last_gru_scores_after_observation_20260827_074552.csv
NVDA,46,GRU,random,0,2,61,2025-04-02T00:00:00,0.0040160953067243,0.0188226699829101,results/normalization_pilot_train_zscore/random/NVDA/seed_46/last_gru_scores_after_observation_20260827_074552.csv
NVDA,46,GRU,random,0,3,62,2025-04-03T00:00:00,0.0130727626383304,-0.0607122778892517,results/normalization_pilot_train_zscore/random/NVDA/seed_46/last_gru_scores_after_observation_20260827_074552.csv
NVDA,46,GRU,random,0,4,63,2025-04-04T00:00:00,0.0013814745470881,-0.1298210024833679,results/normalization_pilot_train_zscore/random/NVDA/seed_46/last_gru_scores_after_observation_20260827_074552.csv
NVDA,46,GRU,random,0,5,64,2025-04-07T00:00:00,0.0437997318804264,-0.0990957617759704,results/normalization_pilot_train_zscore/random/NVDA/seed_46/last_gru_scores_after_observation_20260827_074552.csv
NVDA,46,GRU,random,1,1,65,2025-04-08T00:00:00,0.0168275125324726,-0.0137238502502441,results/normalization_pilot_train_zscore/random/NVDA/seed_46/last_gru_scores_after_observation_20260827_074552.csv
NVDA,46,GRU,random,1,2,66,2025-04-09T00:00:00,0.0363968126475811,0.1709340810775756,results/normalization_pilot_train_zscore/random/NVDA/seed_46/last_gru_scores_after_observation_20260827_074552.csv
NVDA,46,GRU,random,1,3,67,2025-04-10T00:00:00,0.0455980412662029,0.1017000675201416,results/normalization_pilot_train_zscore/random/NVDA/seed_46/last_gru_scores_after_observation_20260827_074552.csv
NVDA,46,GRU,random,1,4,68,2025-04-11T00:00:00,0.0291824042797088,0.1361122131347656,results/normalization_pilot_train_zscore/random/NVDA/seed_46/last_gru_scores_after_observation_20260827_074552.csv
NVDA,46,GRU,random,1,5,69,2025-04-14T00:00:00,0.0735511779785156,0.1338590383529663,results/normalization_pilot_train_zscore/random/NVDA/seed_46/last_gru_scores_after_observation_20260827_074552.csv
NVDA,46,GRU,random,2,1,70,2025-04-15T00:00:00,0.0039636604487895,0.0134586095809936,results/normalization_pilot_train_zscore/random/NVDA/seed_46/last_gru_scores_after_observation_20260827_074552.csv
NVDA,46,GRU,random,2,2,71,2025-04-16T00:00:00,0.0097517427057027,-0.0561828017234802,results/normalization_pilot_train_zscore/random/NVDA/seed_46/last_gru_scores_after_observation_20260827_074552.csv
NVDA,46,GRU,random,2,3,72,2025-04-17T00:00:00,0.0447734929621219,-0.0832806825637817,results/normalization_pilot_train_zscore/random/NVDA/seed_46/last_gru_scores_after_observation_20260827_074552.csv
NVDA,46,GRU,random,2,4,73,2025-04-21T00:00:00,0.0355742760002613,-0.1246499419212341,results/normalization_pilot_train_zscore/random/NVDA/seed_46/last_gru_scores_after_observation_20260827_074552.csv
NVDA,46,GRU,random,2,5,74,2025-04-22T00:00:00,0.0849069356918335,-0.1067654490470886,results/normalization_pilot_train_zscore/random/NVDA/seed_46/last_gru_scores_after_observation_20260827_074552.csv
NVDA,46,GRU,random,3,1,75,2025-04-23T00:00:00,-0.0077370777726173,0.0386288166046142,results/normalization_pilot_train_zscore/random/NVDA/seed_46/last_gru_scores_after_observation_20260827_074552.csv
NVDA,46,GRU,random,3,2,76,2025-04-24T00:00:00,-0.0039246962405741,0.0762463808059692,results/normalization_pilot_train_zscore/random/NVDA/seed_46/last_gru_scores_after_observation_20260827_074552.csv
NVDA,46,GRU,random,3,3,77,2025-04-25T00:00:00,0.0167871601879596,0.1225605010986328,results/normalization_pilot_train_zscore/random/NVDA/seed_46/last_gru_scores_after_observation_20260827_074552.csv
NVDA,46,GRU,random,3,4,78,2025-04-28T00:00:00,0.0063023539260029,0.0995045900344848,results/normalization_pilot_train_zscore/random/NVDA/seed_46/last_gru_scores_after_observation_20260827_074552.csv
NVDA,46,GRU,random,3,5,79,2025-04-29T00:00:00,0.0553196221590042,0.1024370193481445,results/normalization_pilot_train_zscore/random/NVDA/seed_46/last_gru_scores_after_observation_20260827_074552.csv
NVDA,46,GRU,random,4,1,80,2025-04-30T00:00:00,-0.014449369162321,-0.0009172558784484,results/normalization_pilot_train_zscore/random/NVDA/seed_46/last_gru_scores_after_observation_20260827_074552.csv
NVDA,46,GRU,random,4,2,81,2025-05-01T00:00:00,-0.0091213863343,0.0237571001052856,results/normalization_pilot_train_zscore/random/NVDA/seed_46/last_gru_scores_after_observation_20260827_074552.csv
NVDA,46,GRU,random,4,3,82,2025-05-02T00:00:00,0.0108304508030414,0.0502660274505615,results/normalization_pilot_train_zscore/random/NVDA/seed_46/last_gru_scores_after_observation_20260827_074552.csv
NVDA,46,GRU,random,4,4,83,2025-05-05T00:00:00,0.0044467775151133,0.0440286397933959,results/normalization_pilot_train_zscore/random/NVDA/seed_46/last_gru_scores_after_observation_20260827_074552.csv
NVDA,46,GRU,random,4,5,84,2025-05-06T00:00:00,0.0551006160676479,0.0414602756500244,results/normalization_pilot_train_zscore/random/NVDA/seed_46/last_gru_scores_after_observation_20260827_074552.csv
NVDA,46,GRU,random,5,1,85,2025-05-07T00:00:00,-0.0117621086537837,0.0310022830963134,results/normalization_pilot_train_zscore/random/NVDA/seed_46/last_gru_scores_after_observation_20260827_074552.csv
NVDA,46,GRU,random,5,2,86,2025-05-08T00:00:00,-0.0078051262535154,0.0337326526641845,results/normalization_pilot_train_zscore/random/NVDA/seed_46/last_gru_scores_after_observation_20260827_074552.csv
NVDA,46,GRU,random,5,3,87,2025-05-09T00:00:00,0.0094797648489475,0.0273911952972412,results/normalization_pilot_train_zscore/random/NVDA/seed_46/last_gru_scores_after_observation_20260827_074552.csv
NVDA,46,GRU,random,5,4,88,2025-05-12T00:00:00,0.006560948677361,0.0833185911178588,results/normalization_pilot_train_zscore/random/NVDA/seed_46/last_gru_scores_after_observation_20260827_074552.csv
NVDA,46,GRU,random,5,5,89,2025-05-13T00:00:00,0.0511124804615974,0.1443543434143066,results/normalization_pilot_train_zscore/random/NVDA/seed_46/last_gru_scores_after_observation_20260827_074552.csv
NVDA,46,GRU,random,6,1,90,2025-05-14T00:00:00,0.0104570053517818,0.0416377782821655,results/normalization_pilot_train_zscore/random/NVDA/seed_46/last_gru_scores_after_observation_20260827_074552.csv
NVDA,46,GRU,random,6,2,91,2025-05-15T00:00:00,0.0261092465370893,0.0377126932144165,results/normalization_pilot_train_zscore/random/NVDA/seed_46/last_gru_scores_after_observation_20260827_074552.csv
NVDA,46,GRU,random,6,3,92,2025-05-16T00:00:00,0.0338027514517307,0.0420995950698852,results/normalization_pilot_train_zscore/random/NVDA/seed_46/last_gru_scores_after_observation_20260827_074552.csv
NVDA,46,GRU,random,6,4,93,2025-05-19T00:00:00,0.0314102880656719,0.0434081554412841,results/normalization_pilot_train_zscore/random/NVDA/seed_46/last_gru_scores_after_observation_20260827_074552.csv
NVDA,46,GRU,random,6,5,94,2025-05-20T00:00:00,0.0457333214581012,0.0342493057250976,results/normalization_pilot_train_zscore/random/NVDA/seed_46/last_gru_scores_after_observation_20260827_074552.csv
NVDA,46,GRU,random,7,1,95,2025-05-21T00:00:00,0.0070845298469066,-0.0191993117332458,results/normalization_pilot_train_zscore/random/NVDA/seed_46/last_gru_scores_after_observation_20260827_074552.csv
NVDA,46,GRU,random,7,2,96,2025-05-22T00:00:00,0.0197779033333063,-0.0115344524383544,results/normalization_pilot_train_zscore/random/NVDA/seed_46/last_gru_scores_after_observation_20260827_074552.csv
NVDA,46,GRU,random,7,3,97,2025-05-23T00:00:00,0.0422713123261928,-0.022994577884674,results/normalization_pilot_train_zscore/random/NVDA/seed_46/last_gru_scores_after_observation_20260827_074552.csv
NVDA,46,GRU,random,7,4,98,2025-05-27T00:00:00,0.0448000617325305,0.0083345174789428,results/normalization_pilot_train_zscore/random/NVDA/seed_46/last_gru_scores_after_observation_20260827_074552.csv
NVDA,46,GRU,random,7,5,99,2025-05-28T00:00:00,0.073301762342453,0.003199815750122,results/normalization_pilot_train_zscore/random/NVDA/seed_46/last_gru_scores_after_observation_20260827_074552.csv
NVDA,46,GRU,random,8,1,100,2025-05-29T00:00:00,0.0178018435835838,0.0324902534484863,results/normalization_pilot_train_zscore/random/NVDA/seed_46/last_gru_scores_after_observation_20260827_074552.csv
NVDA,46,GRU,random,8,2,101,2025-05-30T00:00:00,0.0307651478797197,0.0023738145828247,results/normalization_pilot_train_zscore/random/NVDA/seed_46/last_gru_scores_after_observation_20260827_074552.csv
NVDA,46,GRU,random,8,3,102,2025-06-02T00:00:00,0.0410034693777561,0.0190639495849609,results/normalization_pilot_train_zscore/random/NVDA/seed_46/last_gru_scores_after_observation_20260827_074552.csv
NVDA,46,GRU,random,8,4,103,2025-06-03T00:00:00,0.0393060408532619,0.0475484132766723,results/normalization_pilot_train_zscore/random/NVDA/seed_46/last_gru_scores_after_observation_20260827_074552.csv
NVDA,46,GRU,random,8,5,104,2025-06-04T00:00:00,0.0419500060379505,0.0527409315109252,results/normalization_pilot_train_zscore/random/NVDA/seed_46/last_gru_scores_after_observation_20260827_074552.csv
NVDA,46,GRU,random,9,1,105,2025-06-05T00:00:00,0.0098795108497142,-0.013599157333374,results/normalization_pilot_train_zscore/random/NVDA/seed_46/last_gru_scores_after_observation_20260827_074552.csv
NVDA,46,GRU,random,9,2,106,2025-06-06T00:00:00,0.0217642318457365,-0.0014092326164245,results/normalization_pilot_train_zscore/random/NVDA/seed_46/last_gru_scores_after_observation_20260827_074552.csv
NVDA,46,GRU,random,9,3,107,2025-06-09T00:00:00,0.0435780324041843,0.0050028562545776,results/normalization_pilot_train_zscore/random/NVDA/seed_46/last_gru_scores_after_observation_20260827_074552.csv
NVDA,46,GRU,random,9,4,108,2025-06-10T00:00:00,0.0428129769861698,0.0143743753433227,results/normalization_pilot_train_zscore/random/NVDA/seed_46/last_gru_scores_after_observation_20260827_074552.csv
NVDA,46,GRU,random,9,5,109,2025-06-11T00:00:00,0.0663817077875137,0.0064121484756469,results/normalization_pilot_train_zscore/random/NVDA/seed_46/last_gru_scores_after_observation_20260827_074552.csv
NVDA,46,GRU,random,10,1,110,2025-06-12T00:00:00,0.0052353329956531,0.0151928663253784,results/normalization_pilot_train_zscore/random/NVDA/seed_46/last_gru_scores_after_observation_20260827_074552.csv
NVDA,46,GRU,random,10,2,111,2025-06-13T00:00:00,0.0121486578136682,-0.0060211420059204,results/normalization_pilot_train_zscore/random/NVDA/seed_46/last_gru_scores_after_observation_20260827_074552.csv
NVDA,46,GRU,random,10,3,112,2025-06-16T00:00:00,0.0232308693230152,0.0130224227905273,results/normalization_pilot_train_zscore/random/NVDA/seed_46/last_gru_scores_after_observation_20260827_074552.csv
NVDA,46,GRU,random,10,4,113,2025-06-17T00:00:00,0.0203477889299392,0.0090316534042358,results/normalization_pilot_train_zscore/random/NVDA/seed_46/last_gru_scores_after_observation_20260827_074552.csv
NVDA,46,GRU,random,10,5,114,2025-06-18T00:00:00,0.0337286293506622,0.0185534954071044,results/normalization_pilot_train_zscore/random/NVDA/seed_46/last_gru_scores_after_observation_20260827_074552.csv
NVDA,46,GRU,random,11,1,115,2025-06-20T00:00:00,0.0045855343341827,-0.0112042427062988,results/normalization_pilot_train_zscore/random/NVDA/seed_46/last_gru_scores_after_observation_20260827_074552.csv
NVDA,46,GRU,random,11,2,116,2025-06-23T00:00:00,0.0119566712528467,-0.0090046525001525,results/normalization_pilot_train_zscore/random/NVDA/seed_46/last_gru_scores_after_observation_20260827_074552.csv
NVDA,46,GRU,random,11,3,117,2025-06-24T00:00:00,0.0175533629953861,0.0166345834732055,results/normalization_pilot_train_zscore/random/NVDA/seed_46/last_gru_scores_after_observation_20260827_074552.csv
NVDA,46,GRU,random,11,4,118,2025-06-25T00:00:00,0.0142606953158974,0.0606956481933593,results/normalization_pilot_train_zscore/random/NVDA/seed_46/last_gru_scores_after_observation_20260827_074552.csv
NVDA,46,GRU,random,11,5,119,2025-06-26T00:00:00,0.0320767387747764,0.0655760765075683,results/normalization_pilot_train_zscore/random/NVDA/seed_46/last_gru_scores_after_observation_20260827_074552.csv
NVDA,46,GRU,random,12,1,120,2025-06-27T00:00:00,0.0143477991223335,0.0176105499267578,results/normalization_pilot_train_zscore/random/NVDA/seed_46/last_gru_scores_after_observation_20260827_074552.csv
NVDA,46,GRU,random,12,2,121,2025-06-30T00:00:00,0.028991175815463,0.0191588401794433,results/normalization_pilot_train_zscore/random/NVDA/seed_46/last_gru_scores_after_observation_20260827_074552.csv
NVDA,46,GRU,random,12,3,122,2025-07-01T00:00:00,0.0342026613652706,-0.0110953450202941,results/normalization_pilot_train_zscore/random/NVDA/seed_46/last_gru_scores_after_observation_20260827_074552.csv
NVDA,46,GRU,random,12,4,123,2025-07-02T00:00:00,0.0299673490226268,0.0143852233886718,results/normalization_pilot_train_zscore/random/NVDA/seed_46/last_gru_scores_after_observation_20260827_074552.csv
NVDA,46,GRU,random,12,5,124,2025-07-03T00:00:00,0.0471411533653736,0.027867317199707,results/normalization_pilot_train_zscore/random/NVDA/seed_46/last_gru_scores_after_observation_20260827_074552.csv
NVDA,46,GRU,random,13,1,125,2025-07-07T00:00:00,0.0083913505077362,-0.0069034099578857,results/normalization_pilot_train_zscore/random/NVDA/seed_46/last_gru_scores_after_observation_20260827_074552.csv
NVDA,46,GRU,random,13,2,126,2025-07-08T00:00:00,0.0179124008864164,0.0041421651840209,results/normalization_pilot_train_zscore/random/NVDA/seed_46/last_gru_scores_after_observation_20260827_074552.csv
NVDA,46,GRU,random,13,3,127,2025-07-09T00:00:00,0.0292809940874576,0.0222166776657104,results/normalization_pilot_train_zscore/random/NVDA/seed_46/last_gru_scores_after_observation_20260827_074552.csv
NVDA,46,GRU,random,13,4,128,2025-07-10T00:00:00,0.0241614654660224,0.029873251914978,results/normalization_pilot_train_zscore/random/NVDA/seed_46/last_gru_scores_after_observation_20260827_074552.csv
NVDA,46,GRU,random,13,5,129,2025-07-11T00:00:00,0.0511111915111541,0.0350195169448852,results/normalization_pilot_train_zscore/random/NVDA/seed_46/last_gru_scores_after_observation_20260827_074552.csv
NVDA,46,GRU,random,14,1,130,2025-07-14T00:00:00,0.0134165845811367,-0.0051539540290832,results/normalization_pilot_train_zscore/random/NVDA/seed_46/last_gru_scores_after_observation_20260827_074552.csv
NVDA,46,GRU,random,14,2,131,2025-07-15T00:00:00,0.0209718886762857,0.0350472927093505,results/normalization_pilot_train_zscore/random/NVDA/seed_46/last_gru_scores_after_observation_20260827_074552.csv
NVDA,46,GRU,random,14,3,132,2025-07-16T00:00:00,0.0224209018051624,0.0391098260879516,results/normalization_pilot_train_zscore/random/NVDA/seed_46/last_gru_scores_after_observation_20260827_074552.csv
NVDA,46,GRU,random,14,4,133,2025-07-17T00:00:00,0.0158081948757171,0.0489934682846069,results/normalization_pilot_train_zscore/random/NVDA/seed_46/last_gru_scores_after_observation_20260827_074552.csv
NVDA,46,GRU,random,14,5,134,2025-07-18T00:00:00,0.0252264738082885,0.0454159975051879,results/normalization_pilot_train_zscore/random/NVDA/seed_46/last_gru_scores_after_observation_20260827_074552.csv
NVDA,46,GRU,random,15,1,135,2025-07-21T00:00:00,0.0108766555786132,-0.0059741139411926,results/normalization_pilot_train_zscore/random/NVDA/seed_46/last_gru_scores_after_observation_20260827_074552.csv
NVDA,46,GRU,random,15,2,136,2025-07-22T00:00:00,0.018291788175702,-0.0312047004699707,results/normalization_pilot_train_zscore/random/NVDA/seed_46/last_gru_scores_after_observation_20260827_074552.csv
NVDA,46,GRU,random,15,3,137,2025-07-23T00:00:00,0.0217877216637134,-0.0094542503356933,results/normalization_pilot_train_zscore/random/NVDA/seed_46/last_gru_scores_after_observation_20260827_074552.csv
NVDA,46,GRU,random,15,4,138,2025-07-24T00:00:00,0.0153725380077958,0.0077141523361206,results/normalization_pilot_train_zscore/random/NVDA/seed_46/last_gru_scores_after_observation_20260827_074552.csv
NVDA,46,GRU,random,15,5,139,2025-07-25T00:00:00,0.0354188829660415,0.0063221454620361,results/normalization_pilot_train_zscore/random/NVDA/seed_46/last_gru_scores_after_observation_20260827_074552.csv
NVDA,46,GRU,random,16,1,140,2025-07-28T00:00:00,0.0056663043797016,0.018731951713562,results/normalization_pilot_train_zscore/random/NVDA/seed_46/last_gru_scores_after_observation_20260827_074552.csv
NVDA,46,GRU,random,16,2,141,2025-07-29T00:00:00,0.0086638461798429,0.011584997177124,results/normalization_pilot_train_zscore/random/NVDA/seed_46/last_gru_scores_after_observation_20260827_074552.csv
NVDA,46,GRU,random,16,3,142,2025-07-30T00:00:00,0.0074996016919612,0.0332565307617187,results/normalization_pilot_train_zscore/random/NVDA/seed_46/last_gru_scores_after_observation_20260827_074552.csv
NVDA,46,GRU,random,16,4,143,2025-07-31T00:00:00,-0.0014656176790595,0.0251872539520263,results/normalization_pilot_train_zscore/random/NVDA/seed_46/last_gru_scores_after_observation_20260827_074552.csv
NVDA,46,GRU,random,16,5,144,2025-08-01T00:00:00,0.0232658088207244,0.0012680292129516,results/normalization_pilot_train_zscore/random/NVDA/seed_46/last_gru_scores_after_observation_20260827_074552.csv
NVDA,46,GRU,random,17,1,145,2025-08-04T00:00:00,0.019313097000122,0.0361500978469848,results/normalization_pilot_train_zscore/random/NVDA/seed_46/last_gru_scores_after_observation_20260827_074552.csv
NVDA,46,GRU,random,17,2,146,2025-08-05T00:00:00,0.0267967712134122,0.0261340141296386,results/normalization_pilot_train_zscore/random/NVDA/seed_46/last_gru_scores_after_observation_20260827_074552.csv
NVDA,46,GRU,random,17,3,147,2025-08-06T00:00:00,0.017579648643732,0.0328114032745361,results/normalization_pilot_train_zscore/random/NVDA/seed_46/last_gru_scores_after_observation_20260827_074552.csv
NVDA,46,GRU,random,17,4,148,2025-08-07T00:00:00,0.0074053751304745,0.040582537651062,results/normalization_pilot_train_zscore/random/NVDA/seed_46/last_gru_scores_after_observation_20260827_074552.csv
NVDA,46,GRU,random,17,5,149,2025-08-08T00:00:00,0.0191282927989959,0.0516923666000366,results/normalization_pilot_train_zscore/random/NVDA/seed_46/last_gru_scores_after_observation_20260827_074552.csv
NVDA,46,GRU,random,18,1,150,2025-08-11T00:00:00,0.0074582882225513,-0.0035030245780944,results/normalization_pilot_train_zscore/random/NVDA/seed_46/last_gru_scores_after_observation_20260827_074552.csv
NVDA,46,GRU,random,18,2,151,2025-08-12T00:00:00,0.0076774968765676,0.002517819404602,results/normalization_pilot_train_zscore/random/NVDA/seed_46/last_gru_scores_after_observation_20260827_074552.csv
NVDA,46,GRU,random,18,3,152,2025-08-13T00:00:00,0.0025725029408931,-0.0060755610466003,results/normalization_pilot_train_zscore/random/NVDA/seed_46/last_gru_scores_after_observation_20260827_074552.csv
NVDA,46,GRU,random,18,4,153,2025-08-14T00:00:00,-0.0085465861484408,-0.0037218928337097,results/normalization_pilot_train_zscore/random/NVDA/seed_46/last_gru_scores_after_observation_20260827_074552.csv
NVDA,46,GRU,random,18,5,154,2025-08-15T00:00:00,0.0158047154545784,-0.0123152732849121,results/normalization_pilot_train_zscore/random/NVDA/seed_46/last_gru_scores_after_observation_20260827_074552.csv
NVDA,46,GRU,random,19,1,155,2025-08-18T00:00:00,0.0110718086361885,0.0086450576782226,results/normalization_pilot_train_zscore/random/NVDA/seed_46/last_gru_scores_after_observation_20260827_074552.csv
NVDA,46,GRU,random,19,2,156,2025-08-19T00:00:00,0.0085358936339616,-0.0266555547714233,results/normalization_pilot_train_zscore/random/NVDA/seed_46/last_gru_scores_after_observation_20260827_074552.csv
NVDA,46,GRU,random,19,3,157,2025-08-20T00:00:00,-0.0023898594081401,-0.0279856324195861,results/normalization_pilot_train_zscore/random/NVDA/seed_46/last_gru_scores_after_observation_20260827_074552.csv
NVDA,46,GRU,random,19,4,158,2025-08-21T00:00:00,-0.0140632642433047,-0.0303131341934204,results/normalization_pilot_train_zscore/random/NVDA/seed_46/last_gru_scores_after_observation_20260827_074552.csv
NVDA,46,GRU,random,19,5,159,2025-08-22T00:00:00,0.0046494975686073,-0.0136325359344482,results/normalization_pilot_train_zscore/random/NVDA/seed_46/last_gru_scores_after_observation_20260827_074552.csv
NVDA,46,GRU,random,20,1,160,2025-08-25T00:00:00,0.0115323774516582,0.0102252960205078,results/normalization_pilot_train_zscore/random/NVDA/seed_46/last_gru_scores_after_observation_20260827_074552.csv
NVDA,46,GRU,random,20,2,161,2025-08-26T00:00:00,0.0084635633975267,0.0212371349334716,results/normalization_pilot_train_zscore/random/NVDA/seed_46/last_gru_scores_after_observation_20260827_074552.csv
NVDA,46,GRU,random,20,3,162,2025-08-27T00:00:00,-0.0037104822695255,0.0202820301055908,results/normalization_pilot_train_zscore/random/NVDA/seed_46/last_gru_scores_after_observation_20260827_074552.csv
NVDA,46,GRU,random,20,4,163,2025-08-28T00:00:00,-0.0174615010619163,0.0122478008270263,results/normalization_pilot_train_zscore/random/NVDA/seed_46/last_gru_scores_after_observation_20260827_074552.csv
NVDA,46,GRU,random,20,5,164,2025-08-29T00:00:00,0.0082296654582023,-0.0214057564735412,results/normalization_pilot_train_zscore/random/NVDA/seed_46/last_gru_scores_after_observation_20260827_074552.csv
NVDA,46,GRU,random,21,1,165,2025-09-02T00:00:00,0.0223760996013879,-0.0195199847221374,results/normalization_pilot_train_zscore/random/NVDA/seed_46/last_gru_scores_after_observation_20260827_074552.csv
NVDA,46,GRU,random,21,2,166,2025-09-03T00:00:00,0.0240931790322065,-0.0204386115074157,results/normalization_pilot_train_zscore/random/NVDA/seed_46/last_gru_scores_after_observation_20260827_074552.csv
NVDA,46,GRU,random,21,3,167,2025-09-04T00:00:00,0.0138044171035289,-0.014467716217041,results/normalization_pilot_train_zscore/random/NVDA/seed_46/last_gru_scores_after_observation_20260827_074552.csv
NVDA,46,GRU,random,21,4,168,2025-09-05T00:00:00,-0.0035694232210516,-0.0411068201065063,results/normalization_pilot_train_zscore/random/NVDA/seed_46/last_gru_scores_after_observation_20260827_074552.csv
NVDA,46,GRU,random,21,5,169,2025-09-08T00:00:00,0.0225844681262969,-0.0337007641792297,results/normalization_pilot_train_zscore/random/NVDA/seed_46/last_gru_scores_after_observation_20260827_074552.csv
NVDA,46,GRU,random,22,1,170,2025-09-09T00:00:00,0.0066738799214363,0.0145564079284667,results/normalization_pilot_train_zscore/random/NVDA/seed_46/last_gru_scores_after_observation_20260827_074552.csv
NVDA,46,GRU,random,22,2,171,2025-09-10T00:00:00,-0.0024422244168817,0.0535916090011596,results/normalization_pilot_train_zscore/random/NVDA/seed_46/last_gru_scores_after_observation_20260827_074552.csv
NVDA,46,GRU,random,22,3,172,2025-09-11T00:00:00,-0.0089711733162403,0.0526409149169921,results/normalization_pilot_train_zscore/random/NVDA/seed_46/last_gru_scores_after_observation_20260827_074552.csv
NVDA,46,GRU,random,22,4,173,2025-09-12T00:00:00,-0.0289201401174068,0.0565029382705688,results/normalization_pilot_train_zscore/random/NVDA/seed_46/last_gru_scores_after_observation_20260827_074552.csv
NVDA,46,GRU,random,22,5,174,2025-09-15T00:00:00,0.013323925435543,0.0560870170593261,results/normalization_pilot_train_zscore/random/NVDA/seed_46/last_gru_scores_after_observation_20260827_074552.csv
NVDA,46,GRU,random,23,1,175,2025-09-16T00:00:00,0.0008939616382122,-0.0161462426185607,results/normalization_pilot_train_zscore/random/NVDA/seed_46/last_gru_scores_after_observation_20260827_074552.csv
NVDA,46,GRU,random,23,2,176,2025-09-17T00:00:00,-0.0133507456630468,-0.0419691205024719,results/normalization_pilot_train_zscore/random/NVDA/seed_46/last_gru_scores_after_observation_20260827_074552.csv
NVDA,46,GRU,random,23,3,177,2025-09-18T00:00:00,-0.0183386392891407,-0.0084950327873229,results/normalization_pilot_train_zscore/random/NVDA/seed_46/last_gru_scores_after_observation_20260827_074552.csv
NVDA,46,GRU,random,23,4,178,2025-09-19T00:00:00,-0.036394827067852,-0.0060759782791137,results/normalization_pilot_train_zscore/random/NVDA/seed_46/last_gru_scores_after_observation_20260827_074552.csv
NVDA,46,GRU,random,23,5,179,2025-09-22T00:00:00,0.0056824907660484,0.0329676866531372,results/normalization_pilot_train_zscore/random/NVDA/seed_46/last_gru_scores_after_observation_20260827_074552.csv
NVDA,46,GRU,random,24,1,180,2025-09-23T00:00:00,0.0158683843910694,-0.0282120108604431,results/normalization_pilot_train_zscore/random/NVDA/seed_46/last_gru_scores_after_observation_20260827_074552.csv
NVDA,46,GRU,random,24,2,181,2025-09-24T00:00:00,0.0112778414040803,-0.0361636281013488,results/normalization_pilot_train_zscore/random/NVDA/seed_46/last_gru_scores_after_observation_20260827_074552.csv
NVDA,46,GRU,random,24,3,182,2025-09-25T00:00:00,-0.0014067254960536,-0.0322422385215759,results/normalization_pilot_train_zscore/random/NVDA/seed_46/last_gru_scores_after_observation_20260827_074552.csv
NVDA,46,GRU,random,24,4,183,2025-09-26T00:00:00,-0.0189826488494873,-0.0295190811157226,results/normalization_pilot_train_zscore/random/NVDA/seed_46/last_gru_scores_after_observation_20260827_074552.csv
NVDA,46,GRU,random,24,5,184,2025-09-29T00:00:00,0.0081716030836105,-0.0095854997634887,results/normalization_pilot_train_zscore/random/NVDA/seed_46/last_gru_scores_after_observation_20260827_074552.csv
NVDA,46,GRU,random,25,1,185,2025-09-30T00:00:00,0.0080053769052028,0.0260103940963745,results/normalization_pilot_train_zscore/random/NVDA/seed_46/last_gru_scores_after_observation_20260827_074552.csv
NVDA,46,GRU,random,25,2,186,2025-10-01T00:00:00,-0.0051064253784716,0.0296398401260375,results/normalization_pilot_train_zscore/random/NVDA/seed_46/last_gru_scores_after_observation_20260827_074552.csv
NVDA,46,GRU,random,25,3,187,2025-10-02T00:00:00,-0.0115579254925251,0.0387132167816162,results/normalization_pilot_train_zscore/random/NVDA/seed_46/last_gru_scores_after_observation_20260827_074552.csv
NVDA,46,GRU,random,25,4,188,2025-10-03T00:00:00,-0.0293959714472293,0.0317293405532836,results/normalization_pilot_train_zscore/random/NVDA/seed_46/last_gru_scores_after_observation_20260827_074552.csv
NVDA,46,GRU,random,25,5,189,2025-10-06T00:00:00,0.0026782900094985,0.0202913284301757,results/normalization_pilot_train_zscore/random/NVDA/seed_46/last_gru_scores_after_observation_20260827_074552.csv
NVDA,46,GRU,random,26,1,190,2025-10-07T00:00:00,0.0061985440552234,-0.0026948451995849,results/normalization_pilot_train_zscore/random/NVDA/seed_46/last_gru_scores_after_observation_20260827_074552.csv
NVDA,46,GRU,random,26,2,191,2025-10-08T00:00:00,-0.0092431176453828,0.0192412137985229,results/normalization_pilot_train_zscore/random/NVDA/seed_46/last_gru_scores_after_observation_20260827_074552.csv
NVDA,46,GRU,random,26,3,192,2025-10-09T00:00:00,-0.0138829387724399,0.0378894805908203,results/normalization_pilot_train_zscore/random/NVDA/seed_46/last_gru_scores_after_observation_20260827_074552.csv
NVDA,46,GRU,random,26,4,193,2025-10-10T00:00:00,-0.0307972952723503,-0.0128273963928222,results/normalization_pilot_train_zscore/random/NVDA/seed_46/last_gru_scores_after_observation_20260827_074552.csv
NVDA,46,GRU,random,26,5,194,2025-10-13T00:00:00,-0.000770017504692,0.0149834156036376,results/normalization_pilot_train_zscore/random/NVDA/seed_46/last_gru_scores_after_observation_20260827_074552.csv
NVDA,46,GRU,random,27,1,195,2025-10-14T00:00:00,0.0106754414737224,-0.0440208315849304,results/normalization_pilot_train_zscore/random/NVDA/seed_46/last_gru_scores_after_observation_20260827_074552.csv
NVDA,46,GRU,random,27,2,196,2025-10-15T00:00:00,0.0013505644164979,-0.0450828671455383,results/normalization_pilot_train_zscore/random/NVDA/seed_46/last_gru_scores_after_observation_20260827_074552.csv
NVDA,46,GRU,random,27,3,197,2025-10-16T00:00:00,-0.0069700889289379,-0.0345688462257385,results/normalization_pilot_train_zscore/random/NVDA/seed_46/last_gru_scores_after_observation_20260827_074552.csv
NVDA,46,GRU,random,27,4,198,2025-10-17T00:00:00,-0.0229254364967346,-0.0270816087722778,results/normalization_pilot_train_zscore/random/NVDA/seed_46/last_gru_scores_after_observation_20260827_074552.csv
NVDA,46,GRU,random,27,5,199,2025-10-20T00:00:00,0.0054264962673187,-0.030161440372467,results/normalization_pilot_train_zscore/random/NVDA/seed_46/last_gru_scores_after_observation_20260827_074552.csv
NVDA,46,GRU,random,28,1,200,2025-10-21T00:00:00,0.003930639475584,-0.0081033706665039,results/normalization_pilot_train_zscore/random/NVDA/seed_46/last_gru_scores_after_observation_20260827_074552.csv
NVDA,46,GRU,random,28,2,201,2025-10-22T00:00:00,-0.0103005524724721,-0.0129215717315673,results/normalization_pilot_train_zscore/random/NVDA/seed_46/last_gru_scores_after_observation_20260827_074552.csv
NVDA,46,GRU,random,28,3,202,2025-10-23T00:00:00,-0.0137109123170375,-0.0026280879974365,results/normalization_pilot_train_zscore/random/NVDA/seed_46/last_gru_scores_after_observation_20260827_074552.csv
NVDA,46,GRU,random,28,4,203,2025-10-24T00:00:00,-0.0322500467300415,0.0198203325271606,results/normalization_pilot_train_zscore/random/NVDA/seed_46/last_gru_scores_after_observation_20260827_074552.csv
NVDA,46,GRU,random,28,5,204,2025-10-27T00:00:00,0.0075147897005081,0.0484559535980224,results/normalization_pilot_train_zscore/random/NVDA/seed_46/last_gru_scores_after_observation_20260827_074552.csv
NVDA,46,GRU,random,29,1,205,2025-10-28T00:00:00,0.0034126825630664,0.0498198270797729,results/normalization_pilot_train_zscore/random/NVDA/seed_46/last_gru_scores_after_observation_20260827_074552.csv
NVDA,46,GRU,random,29,2,206,2025-10-29T00:00:00,-0.0165290366858243,0.0812052488327026,results/normalization_pilot_train_zscore/random/NVDA/seed_46/last_gru_scores_after_observation_20260827_074552.csv
NVDA,46,GRU,random,29,3,207,2025-10-30T00:00:00,-0.0262332148849964,0.0595331192016601,results/normalization_pilot_train_zscore/random/NVDA/seed_46/last_gru_scores_after_observation_20260827_074552.csv
NVDA,46,GRU,random,29,4,208,2025-10-31T00:00:00,-0.0426282919943332,0.0574442148208618,results/normalization_pilot_train_zscore/random/NVDA/seed_46/last_gru_scores_after_observation_20260827_074552.csv
NVDA,46,GRU,random,29,5,209,2025-11-03T00:00:00,-0.0168614909052848,0.0803697109222412,results/normalization_pilot_train_zscore/random/NVDA/seed_46/last_gru_scores_after_observation_20260827_074552.csv
NVDA,46,GRU,random,30,1,210,2025-11-04T00:00:00,0.0177408289164304,-0.0395881533622741,results/normalization_pilot_train_zscore/random/NVDA/seed_46/last_gru_scores_after_observation_20260827_074552.csv
NVDA,46,GRU,random,30,2,211,2025-11-05T00:00:00,0.0090075079351663,-0.056409478187561,results/normalization_pilot_train_zscore/random/NVDA/seed_46/last_gru_scores_after_observation_20260827_074552.csv
NVDA,46,GRU,random,30,3,212,2025-11-06T00:00:00,0.0070035010576248,-0.0908739566802978,results/normalization_pilot_train_zscore/random/NVDA/seed_46/last_gru_scores_after_observation_20260827_074552.csv
NVDA,46,GRU,random,30,4,213,2025-11-07T00:00:00,-0.0065962811931967,-0.0905356407165527,results/normalization_pilot_train_zscore/random/NVDA/seed_46/last_gru_scores_after_observation_20260827_074552.csv
NVDA,46,GRU,random,30,5,214,2025-11-10T00:00:00,0.0118612647056579,-0.0378480553627014,results/normalization_pilot_train_zscore/random/NVDA/seed_46/last_gru_scores_after_observation_20260827_074552.csv
NVDA,46,GRU,random,31,1,215,2025-11-11T00:00:00,0.020510122179985,-0.0295905470848083,results/normalization_pilot_train_zscore/random/NVDA/seed_46/last_gru_scores_after_observation_20260827_074552.csv
NVDA,46,GRU,random,31,2,216,2025-11-12T00:00:00,0.0104177761822938,-0.0263752937316894,results/normalization_pilot_train_zscore/random/NVDA/seed_46/last_gru_scores_after_observation_20260827_074552.csv
NVDA,46,GRU,random,31,3,217,2025-11-13T00:00:00,0.0015976727008819,-0.0612409114837646,results/normalization_pilot_train_zscore/random/NVDA/seed_46/last_gru_scores_after_observation_20260827_074552.csv
NVDA,46,GRU,random,31,4,218,2025-11-14T00:00:00,-0.0152955977246165,-0.0446119308471679,results/normalization_pilot_train_zscore/random/NVDA/seed_46/last_gru_scores_after_observation_20260827_074552.csv
NVDA,46,GRU,random,31,5,219,2025-11-17T00:00:00,-0.0004308968782424,-0.0625470876693725,results/normalization_pilot_train_zscore/random/NVDA/seed_46/last_gru_scores_after_observation_20260827_074552.csv
NVDA,46,GRU,random,32,1,220,2025-11-18T00:00:00,0.0119824148714542,-0.028081476688385,results/normalization_pilot_train_zscore/random/NVDA/seed_46/last_gru_scores_after_observation_20260827_074552.csv
NVDA,46,GRU,random,32,2,221,2025-11-19T00:00:00,-0.0055274055339396,-0.0004287362098693,results/normalization_pilot_train_zscore/random/NVDA/seed_46/last_gru_scores_after_observation_20260827_074552.csv
NVDA,46,GRU,random,32,3,222,2025-11-20T00:00:00,-0.0129662193357944,-0.0319400429725647,results/normalization_pilot_train_zscore/random/NVDA/seed_46/last_gru_scores_after_observation_20260827_074552.csv
NVDA,46,GRU,random,32,4,223,2025-11-21T00:00:00,-0.0326376967132091,-0.0413719415664672,results/normalization_pilot_train_zscore/random/NVDA/seed_46/last_gru_scores_after_observation_20260827_074552.csv
NVDA,46,GRU,random,32,5,224,2025-11-24T00:00:00,-0.0064862668514251,-0.0217041969299316,results/normalization_pilot_train_zscore/random/NVDA/seed_46/last_gru_scores_after_observation_20260827_074552.csv
NVDA,46,GRU,random,33,1,225,2025-11-25T00:00:00,0.0224932916462421,-0.0259106755256652,results/normalization_pilot_train_zscore/random/NVDA/seed_46/last_gru_scores_after_observation_20260827_074552.csv
NVDA,46,GRU,random,33,2,226,2025-11-26T00:00:00,0.0113909225910902,-0.012544572353363,results/normalization_pilot_train_zscore/random/NVDA/seed_46/last_gru_scores_after_observation_20260827_074552.csv
NVDA,46,GRU,random,33,3,227,2025-11-28T00:00:00,0.0065583065152168,-0.030402660369873,results/normalization_pilot_train_zscore/random/NVDA/seed_46/last_gru_scores_after_observation_20260827_074552.csv
NVDA,46,GRU,random,33,4,228,2025-12-01T00:00:00,-0.0166130661964416,-0.0144070386886596,results/normalization_pilot_train_zscore/random/NVDA/seed_46/last_gru_scores_after_observation_20260827_074552.csv
NVDA,46,GRU,random,33,5,229,2025-12-02T00:00:00,0.0175557732582092,-0.0059709548950195,results/normalization_pilot_train_zscore/random/NVDA/seed_46/last_gru_scores_after_observation_20260827_074552.csv
NVDA,46,GRU,random,34,1,230,2025-12-03T00:00:00,0.0047093592584133,-0.0103053450584411,results/normalization_pilot_train_zscore/random/NVDA/seed_46/last_gru_scores_after_observation_20260827_074552.csv
NVDA,46,GRU,random,34,2,231,2025-12-04T00:00:00,-0.0194509755820035,0.0105807781219482,results/normalization_pilot_train_zscore/random/NVDA/seed_46/last_gru_scores_after_observation_20260827_074552.csv
NVDA,46,GRU,random,34,3,232,2025-12-05T00:00:00,-0.0215386785566806,0.0052353143692016,results/normalization_pilot_train_zscore/random/NVDA/seed_46/last_gru_scores_after_observation_20260827_074552.csv
NVDA,46,GRU,random,34,4,233,2025-12-08T00:00:00,-0.0461771339178085,0.0225393772125244,results/normalization_pilot_train_zscore/random/NVDA/seed_46/last_gru_scores_after_observation_20260827_074552.csv
NVDA,46,GRU,random,34,5,234,2025-12-09T00:00:00,-0.0043481364846229,0.0193430185317993,results/normalization_pilot_train_zscore/random/NVDA/seed_46/last_gru_scores_after_observation_20260827_074552.csv
NVDA,46,GRU,random,35,1,235,2025-12-10T00:00:00,-0.0003278665244579,-0.0064334869384765,results/normalization_pilot_train_zscore/random/NVDA/seed_46/last_gru_scores_after_observation_20260827_074552.csv
NVDA,46,GRU,random,35,2,236,2025-12-11T00:00:00,-0.0227117221802473,-0.0218414068222045,results/normalization_pilot_train_zscore/random/NVDA/seed_46/last_gru_scores_after_observation_20260827_074552.csv
NVDA,46,GRU,random,35,3,237,2025-12-12T00:00:00,-0.0262426473200321,-0.0537924766540527,results/normalization_pilot_train_zscore/random/NVDA/seed_46/last_gru_scores_after_observation_20260827_074552.csv
NVDA,46,GRU,random,35,4,238,2025-12-15T00:00:00,-0.0472760498523712,-0.0469265580177307,results/normalization_pilot_train_zscore/random/NVDA/seed_46/last_gru_scores_after_observation_20260827_074552.csv
NVDA,46,GRU,random,35,5,239,2025-12-16T00:00:00,-0.0029977411031723,-0.0391955375671386,results/normalization_pilot_train_zscore/random/NVDA/seed_46/last_gru_scores_after_observation_20260827_074552.csv
NVDA,46,GRU,random,36,1,240,2025-12-17T00:00:00,-0.0006134919822216,-0.0381498932838439,results/normalization_pilot_train_zscore/random/NVDA/seed_46/last_gru_scores_after_observation_20260827_074552.csv
NVDA,46,GRU,random,36,2,241,2025-12-18T00:00:00,-0.0236116405576467,-0.0201440453529357,results/normalization_pilot_train_zscore/random/NVDA/seed_46/last_gru_scores_after_observation_20260827_074552.csv
NVDA,46,GRU,random,36,3,242,2025-12-19T00:00:00,-0.0284908004105091,0.0183997154235839,results/normalization_pilot_train_zscore/random/NVDA/seed_46/last_gru_scores_after_observation_20260827_074552.csv
NVDA,46,GRU,random,36,4,243,2025-12-22T00:00:00,-0.0497455149888992,0.0335922241210937,results/normalization_pilot_train_zscore/random/NVDA/seed_46/last_gru_scores_after_observation_20260827_074552.csv
NVDA,46,GRU,random,36,5,244,2025-12-23T00:00:00,-0.0013461932539939,0.0646523237228393,results/normalization_pilot_train_zscore/random/NVDA/seed_46/last_gru_scores_after_observation_20260827_074552.csv
NVDA,46,GRU,random,37,1,245,2025-12-24T00:00:00,0.0032964162528514,-0.0031710863113403,results/normalization_pilot_train_zscore/random/NVDA/seed_46/last_gru_scores_after_observation_20260827_074552.csv
NVDA,46,GRU,random,37,2,246,2025-12-26T00:00:00,-0.0172655079513788,0.0069763660430908,results/normalization_pilot_train_zscore/random/NVDA/seed_46/last_gru_scores_after_observation_20260827_074552.csv
NVDA,46,GRU,random,37,3,247,2025-12-29T00:00:00,-0.0192263387143611,-0.0052323341369628,results/normalization_pilot_train_zscore/random/NVDA/seed_46/last_gru_scores_after_observation_20260827_074552.csv
NVDA,46,GRU,random,37,4,248,2025-12-30T00:00:00,-0.0383541658520698,-0.0088262557983398,results/normalization_pilot_train_zscore/random/NVDA/seed_46/last_gru_scores_after_observation_20260827_074552.csv
NVDA,46,GRU,random,37,5,249,2025-12-31T00:00:00,0.0038683414459228,-0.0143227577209472,results/normalization_pilot_train_zscore/random/NVDA/seed_46/last_gru_scores_after_observation_20260827_074552.csv
NVDA,46,Shared-target JEPA--MAE,random,0,1,60,2025-04-01T00:00:00,-0.0138200987130403,0.0163314342498779,results/normalization_pilot_train_zscore/random/NVDA/seed_46/last_scores_after_observation_20260827_074552.csv
NVDA,46,Shared-target JEPA--MAE,random,0,2,61,2025-04-02T00:00:00,0.0066282302141189,0.0188226699829101,results/normalization_pilot_train_zscore/random/NVDA/seed_46/last_scores_after_observation_20260827_074552.csv
NVDA,46,Shared-target JEPA--MAE,random,0,3,62,2025-04-03T00:00:00,-0.0006841197609901,-0.0607122778892517,results/normalization_pilot_train_zscore/random/NVDA/seed_46/last_scores_after_observation_20260827_074552.csv
NVDA,46,Shared-target JEPA--MAE,random,0,4,63,2025-04-04T00:00:00,-0.0047291610389947,-0.1298210024833679,results/normalization_pilot_train_zscore/random/NVDA/seed_46/last_scores_after_observation_20260827_074552.csv
NVDA,46,Shared-target JEPA--MAE,random,0,5,64,2025-04-07T00:00:00,0.0199044123291969,-0.0990957617759704,results/normalization_pilot_train_zscore/random/NVDA/seed_46/last_scores_after_observation_20260827_074552.csv
NVDA,46,Shared-target JEPA--MAE,random,1,1,65,2025-04-08T00:00:00,-0.0214873366057872,-0.0137238502502441,results/normalization_pilot_train_zscore/random/NVDA/seed_46/last_scores_after_observation_20260827_074552.csv
NVDA,46,Shared-target JEPA--MAE,random,1,2,66,2025-04-09T00:00:00,0.0546422637999057,0.1709340810775756,results/normalization_pilot_train_zscore/random/NVDA/seed_46/last_scores_after_observation_20260827_074552.csv
NVDA,46,Shared-target JEPA--MAE,random,1,3,67,2025-04-10T00:00:00,-0.0021949261426925,0.1017000675201416,results/normalization_pilot_train_zscore/random/NVDA/seed_46/last_scores_after_observation_20260827_074552.csv
NVDA,46,Shared-target JEPA--MAE,random,1,4,68,2025-04-11T00:00:00,-0.0280110724270343,0.1361122131347656,results/normalization_pilot_train_zscore/random/NVDA/seed_46/last_scores_after_observation_20260827_074552.csv
NVDA,46,Shared-target JEPA--MAE,random,1,5,69,2025-04-14T00:00:00,-0.0049294792115688,0.1338590383529663,results/normalization_pilot_train_zscore/random/NVDA/seed_46/last_scores_after_observation_20260827_074552.csv
NVDA,46,Shared-target JEPA--MAE,random,2,1,70,2025-04-15T00:00:00,0.0068145478144288,0.0134586095809936,results/normalization_pilot_train_zscore/random/NVDA/seed_46/last_scores_after_observation_20260827_074552.csv
NVDA,46,Shared-target JEPA--MAE,random,2,2,71,2025-04-16T00:00:00,0.0314956717193126,-0.0561828017234802,results/normalization_pilot_train_zscore/random/NVDA/seed_46/last_scores_after_observation_20260827_074552.csv
NVDA,46,Shared-target JEPA--MAE,random,2,3,72,2025-04-17T00:00:00,0.0437689051032066,-0.0832806825637817,results/normalization_pilot_train_zscore/random/NVDA/seed_46/last_scores_after_observation_20260827_074552.csv
NVDA,46,Shared-target JEPA--MAE,random,2,4,73,2025-04-21T00:00:00,0.0273114293813705,-0.1246499419212341,results/normalization_pilot_train_zscore/random/NVDA/seed_46/last_scores_after_observation_20260827_074552.csv
NVDA,46,Shared-target JEPA--MAE,random,2,5,74,2025-04-22T00:00:00,0.0214757043868303,-0.1067654490470886,results/normalization_pilot_train_zscore/random/NVDA/seed_46/last_scores_after_observation_20260827_074552.csv
NVDA,46,Shared-target JEPA--MAE,random,3,1,75,2025-04-23T00:00:00,-0.0304194130003452,0.0386288166046142,results/normalization_pilot_train_zscore/random/NVDA/seed_46/last_scores_after_observation_20260827_074552.csv
NVDA,46,Shared-target JEPA--MAE,random,3,2,76,2025-04-24T00:00:00,0.0086794737726449,0.0762463808059692,results/normalization_pilot_train_zscore/random/NVDA/seed_46/last_scores_after_observation_20260827_074552.csv
NVDA,46,Shared-target JEPA--MAE,random,3,3,77,2025-04-25T00:00:00,-0.0100214332342147,0.1225605010986328,results/normalization_pilot_train_zscore/random/NVDA/seed_46/last_scores_after_observation_20260827_074552.csv
NVDA,46,Shared-target JEPA--MAE,random,3,4,78,2025-04-28T00:00:00,-0.000862967222929,0.0995045900344848,results/normalization_pilot_train_zscore/random/NVDA/seed_46/last_scores_after_observation_20260827_074552.csv
NVDA,46,Shared-target JEPA--MAE,random,3,5,79,2025-04-29T00:00:00,0.0140419267117977,0.1024370193481445,results/normalization_pilot_train_zscore/random/NVDA/seed_46/last_scores_after_observation_20260827_074552.csv
NVDA,46,Shared-target JEPA--MAE,random,4,1,80,2025-04-30T00:00:00,0.0061743771657347,-0.0009172558784484,results/normalization_pilot_train_zscore/random/NVDA/seed_46/last_scores_after_observation_20260827_074552.csv
NVDA,46,Shared-target JEPA--MAE,random,4,2,81,2025-05-01T00:00:00,-0.0162277780473232,0.0237571001052856,results/normalization_pilot_train_zscore/random/NVDA/seed_46/last_scores_after_observation_20260827_074552.csv
NVDA,46,Shared-target JEPA--MAE,random,4,3,82,2025-05-02T00:00:00,0.0119100343436002,0.0502660274505615,results/normalization_pilot_train_zscore/random/NVDA/seed_46/last_scores_after_observation_20260827_074552.csv
NVDA,46,Shared-target JEPA--MAE,random,4,4,83,2025-05-05T00:00:00,0.0515176504850387,0.0440286397933959,results/normalization_pilot_train_zscore/random/NVDA/seed_46/last_scores_after_observation_20260827_074552.csv
NVDA,46,Shared-target JEPA--MAE,random,4,5,84,2025-05-06T00:00:00,0.0479937866330146,0.0414602756500244,results/normalization_pilot_train_zscore/random/NVDA/seed_46/last_scores_after_observation_20260827_074552.csv
NVDA,46,Shared-target JEPA--MAE,random,5,1,85,2025-05-07T00:00:00,0.0112591087818145,0.0310022830963134,results/normalization_pilot_train_zscore/random/NVDA/seed_46/last_scores_after_observation_20260827_074552.csv
NVDA,46,Shared-target JEPA--MAE,random,5,2,86,2025-05-08T00:00:00,-0.0311273336410522,0.0337326526641845,results/normalization_pilot_train_zscore/random/NVDA/seed_46/last_scores_after_observation_20260827_074552.csv
NVDA,46,Shared-target JEPA--MAE,random,5,3,87,2025-05-09T00:00:00,0.0208769962191581,0.0273911952972412,results/normalization_pilot_train_zscore/random/NVDA/seed_46/last_scores_after_observation_20260827_074552.csv
NVDA,46,Shared-target JEPA--MAE,random,5,4,88,2025-05-12T00:00:00,0.0478114038705825,0.0833185911178588,results/normalization_pilot_train_zscore/random/NVDA/seed_46/last_scores_after_observation_20260827_074552.csv
NVDA,46,Shared-target JEPA--MAE,random,5,5,89,2025-05-13T00:00:00,0.0340197868645191,0.1443543434143066,results/normalization_pilot_train_zscore/random/NVDA/seed_46/last_scores_after_observation_20260827_074552.csv
NVDA,46,Shared-target JEPA--MAE,random,6,1,90,2025-05-14T00:00:00,-0.0005062911659479,0.0416377782821655,results/normalization_pilot_train_zscore/random/NVDA/seed_46/last_scores_after_observation_20260827_074552.csv
NVDA,46,Shared-target JEPA--MAE,random,6,2,91,2025-05-15T00:00:00,-0.0014315079897642,0.0377126932144165,results/normalization_pilot_train_zscore/random/NVDA/seed_46/last_scores_after_observation_20260827_074552.csv
NVDA,46,Shared-target JEPA--MAE,random,6,3,92,2025-05-16T00:00:00,0.0349045842885971,0.0420995950698852,results/normalization_pilot_train_zscore/random/NVDA/seed_46/last_scores_after_observation_20260827_074552.csv
NVDA,46,Shared-target JEPA--MAE,random,6,4,93,2025-05-19T00:00:00,0.0393509566783905,0.0434081554412841,results/normalization_pilot_train_zscore/random/NVDA/seed_46/last_scores_after_observation_20260827_074552.csv
NVDA,46,Shared-target JEPA--MAE,random,6,5,94,2025-05-20T00:00:00,0.0090605895966291,0.0342493057250976,results/normalization_pilot_train_zscore/random/NVDA/seed_46/last_scores_after_observation_20260827_074552.csv
NVDA,46,Shared-target JEPA--MAE,random,7,1,95,2025-05-21T00:00:00,0.0098579451441764,-0.0191993117332458,results/normalization_pilot_train_zscore/random/NVDA/seed_46/last_scores_after_observation_20260827_074552.csv
NVDA,46,Shared-target JEPA--MAE,random,7,2,96,2025-05-22T00:00:00,-0.0191272292286157,-0.0115344524383544,results/normalization_pilot_train_zscore/random/NVDA/seed_46/last_scores_after_observation_20260827_074552.csv
NVDA,46,Shared-target JEPA--MAE,random,7,3,97,2025-05-23T00:00:00,0.0218284428119659,-0.022994577884674,results/normalization_pilot_train_zscore/random/NVDA/seed_46/last_scores_after_observation_20260827_074552.csv
NVDA,46,Shared-target JEPA--MAE,random,7,4,98,2025-05-27T00:00:00,0.0572656393051147,0.0083345174789428,results/normalization_pilot_train_zscore/random/NVDA/seed_46/last_scores_after_observation_20260827_074552.csv
NVDA,46,Shared-target JEPA--MAE,random,7,5,99,2025-05-28T00:00:00,0.0255590993911027,0.003199815750122,results/normalization_pilot_train_zscore/random/NVDA/seed_46/last_scores_after_observation_20260827_074552.csv
NVDA,46,Shared-target JEPA--MAE,random,8,1,100,2025-05-29T00:00:00,0.0161171779036521,0.0324902534484863,results/normalization_pilot_train_zscore/random/NVDA/seed_46/last_scores_after_observation_20260827_074552.csv
NVDA,46,Shared-target JEPA--MAE,random,8,2,101,2025-05-30T00:00:00,0.0029002167284488,0.0023738145828247,results/normalization_pilot_train_zscore/random/NVDA/seed_46/last_scores_after_observation_20260827_074552.csv
NVDA,46,Shared-target JEPA--MAE,random,8,3,102,2025-06-02T00:00:00,0.0166564341634511,0.0190639495849609,results/normalization_pilot_train_zscore/random/NVDA/seed_46/last_scores_after_observation_20260827_074552.csv
NVDA,46,Shared-target JEPA--MAE,random,8,4,103,2025-06-03T00:00:00,0.0189274027943611,0.0475484132766723,results/normalization_pilot_train_zscore/random/NVDA/seed_46/last_scores_after_observation_20260827_074552.csv
NVDA,46,Shared-target JEPA--MAE,random,8,5,104,2025-06-04T00:00:00,0.0008229678496718,0.0527409315109252,results/normalization_pilot_train_zscore/random/NVDA/seed_46/last_scores_after_observation_20260827_074552.csv
NVDA,46,Shared-target JEPA--MAE,random,9,1,105,2025-06-05T00:00:00,0.0115825235843658,-0.013599157333374,results/normalization_pilot_train_zscore/random/NVDA/seed_46/last_scores_after_observation_20260827_074552.csv
NVDA,46,Shared-target JEPA--MAE,random,9,2,106,2025-06-06T00:00:00,-0.0045559164136648,-0.0014092326164245,results/normalization_pilot_train_zscore/random/NVDA/seed_46/last_scores_after_observation_20260827_074552.csv
NVDA,46,Shared-target JEPA--MAE,random,9,3,107,2025-06-09T00:00:00,0.0187747534364461,0.0050028562545776,results/normalization_pilot_train_zscore/random/NVDA/seed_46/last_scores_after_observation_20260827_074552.csv
NVDA,46,Shared-target JEPA--MAE,random,9,4,108,2025-06-10T00:00:00,0.0456428453326225,0.0143743753433227,results/normalization_pilot_train_zscore/random/NVDA/seed_46/last_scores_after_observation_20260827_074552.csv
NVDA,46,Shared-target JEPA--MAE,random,9,5,109,2025-06-11T00:00:00,0.0214974582195281,0.0064121484756469,results/normalization_pilot_train_zscore/random/NVDA/seed_46/last_scores_after_observation_20260827_074552.csv
NVDA,46,Shared-target JEPA--MAE,random,10,1,110,2025-06-12T00:00:00,0.0171565786004066,0.0151928663253784,results/normalization_pilot_train_zscore/random/NVDA/seed_46/last_scores_after_observation_20260827_074552.csv
NVDA,46,Shared-target JEPA--MAE,random,10,2,111,2025-06-13T00:00:00,-0.007635373622179,-0.0060211420059204,results/normalization_pilot_train_zscore/random/NVDA/seed_46/last_scores_after_observation_20260827_074552.csv
NVDA,46,Shared-target JEPA--MAE,random,10,3,112,2025-06-16T00:00:00,0.0224981475621461,0.0130224227905273,results/normalization_pilot_train_zscore/random/NVDA/seed_46/last_scores_after_observation_20260827_074552.csv
NVDA,46,Shared-target JEPA--MAE,random,10,4,113,2025-06-17T00:00:00,0.036390833556652,0.0090316534042358,results/normalization_pilot_train_zscore/random/NVDA/seed_46/last_scores_after_observation_20260827_074552.csv
NVDA,46,Shared-target JEPA--MAE,random,10,5,114,2025-06-18T00:00:00,0.0207476299256086,0.0185534954071044,results/normalization_pilot_train_zscore/random/NVDA/seed_46/last_scores_after_observation_20260827_074552.csv
NVDA,46,Shared-target JEPA--MAE,random,11,1,115,2025-06-20T00:00:00,0.002519391477108,-0.0112042427062988,results/normalization_pilot_train_zscore/random/NVDA/seed_46/last_scores_after_observation_20260827_074552.csv
NVDA,46,Shared-target JEPA--MAE,random,11,2,116,2025-06-23T00:00:00,-0.0085742510855197,-0.0090046525001525,results/normalization_pilot_train_zscore/random/NVDA/seed_46/last_scores_after_observation_20260827_074552.csv
NVDA,46,Shared-target JEPA--MAE,random,11,3,117,2025-06-24T00:00:00,0.0243734661489725,0.0166345834732055,results/normalization_pilot_train_zscore/random/NVDA/seed_46/last_scores_after_observation_20260827_074552.csv
NVDA,46,Shared-target JEPA--MAE,random,11,4,118,2025-06-25T00:00:00,0.0397788435220718,0.0606956481933593,results/normalization_pilot_train_zscore/random/NVDA/seed_46/last_scores_after_observation_20260827_074552.csv
NVDA,46,Shared-target JEPA--MAE,random,11,5,119,2025-06-26T00:00:00,0.0282375607639551,0.0655760765075683,results/normalization_pilot_train_zscore/random/NVDA/seed_46/last_scores_after_observation_20260827_074552.csv
NVDA,46,Shared-target JEPA--MAE,random,12,1,120,2025-06-27T00:00:00,0.0143318623304367,0.0176105499267578,results/normalization_pilot_train_zscore/random/NVDA/seed_46/last_scores_after_observation_20260827_074552.csv
NVDA,46,Shared-target JEPA--MAE,random,12,2,121,2025-06-30T00:00:00,0.0151706300675868,0.0191588401794433,results/normalization_pilot_train_zscore/random/NVDA/seed_46/last_scores_after_observation_20260827_074552.csv
NVDA,46,Shared-target JEPA--MAE,random,12,3,122,2025-07-01T00:00:00,0.0339342057704925,-0.0110953450202941,results/normalization_pilot_train_zscore/random/NVDA/seed_46/last_scores_after_observation_20260827_074552.csv
NVDA,46,Shared-target JEPA--MAE,random,12,4,123,2025-07-02T00:00:00,0.0411649979650974,0.0143852233886718,results/normalization_pilot_train_zscore/random/NVDA/seed_46/last_scores_after_observation_20260827_074552.csv
NVDA,46,Shared-target JEPA--MAE,random,12,5,124,2025-07-03T00:00:00,0.0320620536804199,0.027867317199707,results/normalization_pilot_train_zscore/random/NVDA/seed_46/last_scores_after_observation_20260827_074552.csv
NVDA,46,Shared-target JEPA--MAE,random,13,1,125,2025-07-07T00:00:00,-0.0030150674283504,-0.0069034099578857,results/normalization_pilot_train_zscore/random/NVDA/seed_46/last_scores_after_observation_20260827_074552.csv
NVDA,46,Shared-target JEPA--MAE,random,13,2,126,2025-07-08T00:00:00,0.0167805291712284,0.0041421651840209,results/normalization_pilot_train_zscore/random/NVDA/seed_46/last_scores_after_observation_20260827_074552.csv
NVDA,46,Shared-target JEPA--MAE,random,13,3,127,2025-07-09T00:00:00,0.0386695638298988,0.0222166776657104,results/normalization_pilot_train_zscore/random/NVDA/seed_46/last_scores_after_observation_20260827_074552.csv
NVDA,46,Shared-target JEPA--MAE,random,13,4,128,2025-07-10T00:00:00,0.030894624069333,0.029873251914978,results/normalization_pilot_train_zscore/random/NVDA/seed_46/last_scores_after_observation_20260827_074552.csv
NVDA,46,Shared-target JEPA--MAE,random,13,5,129,2025-07-11T00:00:00,0.0147651247680187,0.0350195169448852,results/normalization_pilot_train_zscore/random/NVDA/seed_46/last_scores_after_observation_20260827_074552.csv
NVDA,46,Shared-target JEPA--MAE,random,14,1,130,2025-07-14T00:00:00,0.0086719803512096,-0.0051539540290832,results/normalization_pilot_train_zscore/random/NVDA/seed_46/last_scores_after_observation_20260827_074552.csv
NVDA,46,Shared-target JEPA--MAE,random,14,2,131,2025-07-15T00:00:00,0.0203855521976947,0.0350472927093505,results/normalization_pilot_train_zscore/random/NVDA/seed_46/last_scores_after_observation_20260827_074552.csv
NVDA,46,Shared-target JEPA--MAE,random,14,3,132,2025-07-16T00:00:00,0.0448567941784858,0.0391098260879516,results/normalization_pilot_train_zscore/random/NVDA/seed_46/last_scores_after_observation_20260827_074552.csv
NVDA,46,Shared-target JEPA--MAE,random,14,4,133,2025-07-17T00:00:00,0.0357889346778392,0.0489934682846069,results/normalization_pilot_train_zscore/random/NVDA/seed_46/last_scores_after_observation_20260827_074552.csv
NVDA,46,Shared-target JEPA--MAE,random,14,5,134,2025-07-18T00:00:00,0.0327626168727874,0.0454159975051879,results/normalization_pilot_train_zscore/random/NVDA/seed_46/last_scores_after_observation_20260827_074552.csv
NVDA,46,Shared-target JEPA--MAE,random,15,1,135,2025-07-21T00:00:00,0.0092129707336425,-0.0059741139411926,results/normalization_pilot_train_zscore/random/NVDA/seed_46/last_scores_after_observation_20260827_074552.csv
NVDA,46,Shared-target JEPA--MAE,random,15,2,136,2025-07-22T00:00:00,0.019370961934328,-0.0312047004699707,results/normalization_pilot_train_zscore/random/NVDA/seed_46/last_scores_after_observation_20260827_074552.csv
NVDA,46,Shared-target JEPA--MAE,random,15,3,137,2025-07-23T00:00:00,0.0534772723913192,-0.0094542503356933,results/normalization_pilot_train_zscore/random/NVDA/seed_46/last_scores_after_observation_20260827_074552.csv
NVDA,46,Shared-target JEPA--MAE,random,15,4,138,2025-07-24T00:00:00,0.028170233592391,0.0077141523361206,results/normalization_pilot_train_zscore/random/NVDA/seed_46/last_scores_after_observation_20260827_074552.csv
NVDA,46,Shared-target JEPA--MAE,random,15,5,139,2025-07-25T00:00:00,0.0373705700039863,0.0063221454620361,results/normalization_pilot_train_zscore/random/NVDA/seed_46/last_scores_after_observation_20260827_074552.csv
NVDA,46,Shared-target JEPA--MAE,random,16,1,140,2025-07-28T00:00:00,0.0038504861295223,0.018731951713562,results/normalization_pilot_train_zscore/random/NVDA/seed_46/last_scores_after_observation_20260827_074552.csv
NVDA,46,Shared-target JEPA--MAE,random,16,2,141,2025-07-29T00:00:00,0.0184284970164299,0.011584997177124,results/normalization_pilot_train_zscore/random/NVDA/seed_46/last_scores_after_observation_20260827_074552.csv
NVDA,46,Shared-target JEPA--MAE,random,16,3,142,2025-07-30T00:00:00,0.0454581677913665,0.0332565307617187,results/normalization_pilot_train_zscore/random/NVDA/seed_46/last_scores_after_observation_20260827_074552.csv
NVDA,46,Shared-target JEPA--MAE,random,16,4,143,2025-07-31T00:00:00,0.0293888840824365,0.0251872539520263,results/normalization_pilot_train_zscore/random/NVDA/seed_46/last_scores_after_observation_20260827_074552.csv
NVDA,46,Shared-target JEPA--MAE,random,16,5,144,2025-08-01T00:00:00,0.0389207154512405,0.0012680292129516,results/normalization_pilot_train_zscore/random/NVDA/seed_46/last_scores_after_observation_20260827_074552.csv
NVDA,46,Shared-target JEPA--MAE,random,17,1,145,2025-08-04T00:00:00,0.0167302563786506,0.0361500978469848,results/normalization_pilot_train_zscore/random/NVDA/seed_46/last_scores_after_observation_20260827_074552.csv
NVDA,46,Shared-target JEPA--MAE,random,17,2,146,2025-08-05T00:00:00,0.0338032394647598,0.0261340141296386,results/normalization_pilot_train_zscore/random/NVDA/seed_46/last_scores_after_observation_20260827_074552.csv
NVDA,46,Shared-target JEPA--MAE,random,17,3,147,2025-08-06T00:00:00,0.0395953729748725,0.0328114032745361,results/normalization_pilot_train_zscore/random/NVDA/seed_46/last_scores_after_observation_20260827_074552.csv
NVDA,46,Shared-target JEPA--MAE,random,17,4,148,2025-08-07T00:00:00,0.0178438927978277,0.040582537651062,results/normalization_pilot_train_zscore/random/NVDA/seed_46/last_scores_after_observation_20260827_074552.csv
NVDA,46,Shared-target JEPA--MAE,random,17,5,149,2025-08-08T00:00:00,0.0377144813537597,0.0516923666000366,results/normalization_pilot_train_zscore/random/NVDA/seed_46/last_scores_after_observation_20260827_074552.csv
NVDA,46,Shared-target JEPA--MAE,random,18,1,150,2025-08-11T00:00:00,0.0030309781432151,-0.0035030245780944,results/normalization_pilot_train_zscore/random/NVDA/seed_46/last_scores_after_observation_20260827_074552.csv
NVDA,46,Shared-target JEPA--MAE,random,18,2,151,2025-08-12T00:00:00,0.0341792739927768,0.002517819404602,results/normalization_pilot_train_zscore/random/NVDA/seed_46/last_scores_after_observation_20260827_074552.csv
NVDA,46,Shared-target JEPA--MAE,random,18,3,152,2025-08-13T00:00:00,0.0481210872530937,-0.0060755610466003,results/normalization_pilot_train_zscore/random/NVDA/seed_46/last_scores_after_observation_20260827_074552.csv
NVDA,46,Shared-target JEPA--MAE,random,18,4,153,2025-08-14T00:00:00,0.0188781544566154,-0.0037218928337097,results/normalization_pilot_train_zscore/random/NVDA/seed_46/last_scores_after_observation_20260827_074552.csv
NVDA,46,Shared-target JEPA--MAE,random,18,5,154,2025-08-15T00:00:00,0.02898302488029,-0.0123152732849121,results/normalization_pilot_train_zscore/random/NVDA/seed_46/last_scores_after_observation_20260827_074552.csv
NVDA,46,Shared-target JEPA--MAE,random,19,1,155,2025-08-18T00:00:00,0.0080483630299568,0.0086450576782226,results/normalization_pilot_train_zscore/random/NVDA/seed_46/last_scores_after_observation_20260827_074552.csv
NVDA,46,Shared-target JEPA--MAE,random,19,2,156,2025-08-19T00:00:00,0.0407887957990169,-0.0266555547714233,results/normalization_pilot_train_zscore/random/NVDA/seed_46/last_scores_after_observation_20260827_074552.csv
NVDA,46,Shared-target JEPA--MAE,random,19,3,157,2025-08-20T00:00:00,0.0490004047751426,-0.0279856324195861,results/normalization_pilot_train_zscore/random/NVDA/seed_46/last_scores_after_observation_20260827_074552.csv
NVDA,46,Shared-target JEPA--MAE,random,19,4,158,2025-08-21T00:00:00,0.0141591262072324,-0.0303131341934204,results/normalization_pilot_train_zscore/random/NVDA/seed_46/last_scores_after_observation_20260827_074552.csv
NVDA,46,Shared-target JEPA--MAE,random,19,5,159,2025-08-22T00:00:00,0.0292556639760732,-0.0136325359344482,results/normalization_pilot_train_zscore/random/NVDA/seed_46/last_scores_after_observation_20260827_074552.csv
NVDA,46,Shared-target JEPA--MAE,random,20,1,160,2025-08-25T00:00:00,-0.0062860734760761,0.0102252960205078,results/normalization_pilot_train_zscore/random/NVDA/seed_46/last_scores_after_observation_20260827_074552.csv
NVDA,46,Shared-target JEPA--MAE,random,20,2,161,2025-08-26T00:00:00,0.0512049533426761,0.0212371349334716,results/normalization_pilot_train_zscore/random/NVDA/seed_46/last_scores_after_observation_20260827_074552.csv
NVDA,46,Shared-target JEPA--MAE,random,20,3,162,2025-08-27T00:00:00,0.0457595065236091,0.0202820301055908,results/normalization_pilot_train_zscore/random/NVDA/seed_46/last_scores_after_observation_20260827_074552.csv
NVDA,46,Shared-target JEPA--MAE,random,20,4,163,2025-08-28T00:00:00,0.0131234563887119,0.0122478008270263,results/normalization_pilot_train_zscore/random/NVDA/seed_46/last_scores_after_observation_20260827_074552.csv
NVDA,46,Shared-target JEPA--MAE,random,20,5,164,2025-08-29T00:00:00,0.0305100101977586,-0.0214057564735412,results/normalization_pilot_train_zscore/random/NVDA/seed_46/last_scores_after_observation_20260827_074552.csv
NVDA,46,Shared-target JEPA--MAE,random,21,1,165,2025-09-02T00:00:00,0.0125817945227026,-0.0195199847221374,results/normalization_pilot_train_zscore/random/NVDA/seed_46/last_scores_after_observation_20260827_074552.csv
NVDA,46,Shared-target JEPA--MAE,random,21,2,166,2025-09-03T00:00:00,0.0591344572603702,-0.0204386115074157,results/normalization_pilot_train_zscore/random/NVDA/seed_46/last_scores_after_observation_20260827_074552.csv
NVDA,46,Shared-target JEPA--MAE,random,21,3,167,2025-09-04T00:00:00,0.0413607656955719,-0.014467716217041,results/normalization_pilot_train_zscore/random/NVDA/seed_46/last_scores_after_observation_20260827_074552.csv
NVDA,46,Shared-target JEPA--MAE,random,21,4,168,2025-09-05T00:00:00,0.0038725130725651,-0.0411068201065063,results/normalization_pilot_train_zscore/random/NVDA/seed_46/last_scores_after_observation_20260827_074552.csv
NVDA,46,Shared-target JEPA--MAE,random,21,5,169,2025-09-08T00:00:00,0.0401683673262596,-0.0337007641792297,results/normalization_pilot_train_zscore/random/NVDA/seed_46/last_scores_after_observation_20260827_074552.csv
NVDA,46,Shared-target JEPA--MAE,random,22,1,170,2025-09-09T00:00:00,0.0058893421664834,0.0145564079284667,results/normalization_pilot_train_zscore/random/NVDA/seed_46/last_scores_after_observation_20260827_074552.csv
NVDA,46,Shared-target JEPA--MAE,random,22,2,171,2025-09-10T00:00:00,0.0613394193351268,0.0535916090011596,results/normalization_pilot_train_zscore/random/NVDA/seed_46/last_scores_after_observation_20260827_074552.csv
NVDA,46,Shared-target JEPA--MAE,random,22,3,172,2025-09-11T00:00:00,0.0314193293452262,0.0526409149169921,results/normalization_pilot_train_zscore/random/NVDA/seed_46/last_scores_after_observation_20260827_074552.csv
NVDA,46,Shared-target JEPA--MAE,random,22,4,173,2025-09-12T00:00:00,-0.0110290506854653,0.0565029382705688,results/normalization_pilot_train_zscore/random/NVDA/seed_46/last_scores_after_observation_20260827_074552.csv
NVDA,46,Shared-target JEPA--MAE,random,22,5,174,2025-09-15T00:00:00,0.0277666263282299,0.0560870170593261,results/normalization_pilot_train_zscore/random/NVDA/seed_46/last_scores_after_observation_20260827_074552.csv
NVDA,46,Shared-target JEPA--MAE,random,23,1,175,2025-09-16T00:00:00,0.0091474764049053,-0.0161462426185607,results/normalization_pilot_train_zscore/random/NVDA/seed_46/last_scores_after_observation_20260827_074552.csv
NVDA,46,Shared-target JEPA--MAE,random,23,2,176,2025-09-17T00:00:00,0.0484326370060443,-0.0419691205024719,results/normalization_pilot_train_zscore/random/NVDA/seed_46/last_scores_after_observation_20260827_074552.csv
NVDA,46,Shared-target JEPA--MAE,random,23,3,177,2025-09-18T00:00:00,0.059598796069622,-0.0084950327873229,results/normalization_pilot_train_zscore/random/NVDA/seed_46/last_scores_after_observation_20260827_074552.csv
NVDA,46,Shared-target JEPA--MAE,random,23,4,178,2025-09-19T00:00:00,0.0188104510307312,-0.0060759782791137,results/normalization_pilot_train_zscore/random/NVDA/seed_46/last_scores_after_observation_20260827_074552.csv
NVDA,46,Shared-target JEPA--MAE,random,23,5,179,2025-09-22T00:00:00,0.0432322174310684,0.0329676866531372,results/normalization_pilot_train_zscore/random/NVDA/seed_46/last_scores_after_observation_20260827_074552.csv
NVDA,46,Shared-target JEPA--MAE,random,24,1,180,2025-09-23T00:00:00,-0.0033755060285329,-0.0282120108604431,results/normalization_pilot_train_zscore/random/NVDA/seed_46/last_scores_after_observation_20260827_074552.csv
NVDA,46,Shared-target JEPA--MAE,random,24,2,181,2025-09-24T00:00:00,0.0716815739870071,-0.0361636281013488,results/normalization_pilot_train_zscore/random/NVDA/seed_46/last_scores_after_observation_20260827_074552.csv
NVDA,46,Shared-target JEPA--MAE,random,24,3,182,2025-09-25T00:00:00,0.0579448118805885,-0.0322422385215759,results/normalization_pilot_train_zscore/random/NVDA/seed_46/last_scores_after_observation_20260827_074552.csv
NVDA,46,Shared-target JEPA--MAE,random,24,4,183,2025-09-26T00:00:00,0.0267143286764621,-0.0295190811157226,results/normalization_pilot_train_zscore/random/NVDA/seed_46/last_scores_after_observation_20260827_074552.csv
NVDA,46,Shared-target JEPA--MAE,random,24,5,184,2025-09-29T00:00:00,0.043260782957077,-0.0095854997634887,results/normalization_pilot_train_zscore/random/NVDA/seed_46/last_scores_after_observation_20260827_074552.csv
NVDA,46,Shared-target JEPA--MAE,random,25,1,185,2025-09-30T00:00:00,0.0042565837502479,0.0260103940963745,results/normalization_pilot_train_zscore/random/NVDA/seed_46/last_scores_after_observation_20260827_074552.csv
NVDA,46,Shared-target JEPA--MAE,random,25,2,186,2025-10-01T00:00:00,0.0664592236280441,0.0296398401260375,results/normalization_pilot_train_zscore/random/NVDA/seed_46/last_scores_after_observation_20260827_074552.csv
NVDA,46,Shared-target JEPA--MAE,random,25,3,187,2025-10-02T00:00:00,0.053237035870552,0.0387132167816162,results/normalization_pilot_train_zscore/random/NVDA/seed_46/last_scores_after_observation_20260827_074552.csv
NVDA,46,Shared-target JEPA--MAE,random,25,4,188,2025-10-03T00:00:00,0.0203309319913387,0.0317293405532836,results/normalization_pilot_train_zscore/random/NVDA/seed_46/last_scores_after_observation_20260827_074552.csv
NVDA,46,Shared-target JEPA--MAE,random,25,5,189,2025-10-06T00:00:00,0.0308135598897933,0.0202913284301757,results/normalization_pilot_train_zscore/random/NVDA/seed_46/last_scores_after_observation_20260827_074552.csv
NVDA,46,Shared-target JEPA--MAE,random,26,1,190,2025-10-07T00:00:00,0.0173510871827602,-0.0026948451995849,results/normalization_pilot_train_zscore/random/NVDA/seed_46/last_scores_after_observation_20260827_074552.csv
NVDA,46,Shared-target JEPA--MAE,random,26,2,191,2025-10-08T00:00:00,0.0545606277883052,0.0192412137985229,results/normalization_pilot_train_zscore/random/NVDA/seed_46/last_scores_after_observation_20260827_074552.csv
NVDA,46,Shared-target JEPA--MAE,random,26,3,192,2025-10-09T00:00:00,0.0477161779999733,0.0378894805908203,results/normalization_pilot_train_zscore/random/NVDA/seed_46/last_scores_after_observation_20260827_074552.csv
NVDA,46,Shared-target JEPA--MAE,random,26,4,193,2025-10-10T00:00:00,0.0149700660258531,-0.0128273963928222,results/normalization_pilot_train_zscore/random/NVDA/seed_46/last_scores_after_observation_20260827_074552.csv
NVDA,46,Shared-target JEPA--MAE,random,26,5,194,2025-10-13T00:00:00,0.0296295583248138,0.0149834156036376,results/normalization_pilot_train_zscore/random/NVDA/seed_46/last_scores_after_observation_20260827_074552.csv
NVDA,46,Shared-target JEPA--MAE,random,27,1,195,2025-10-14T00:00:00,-0.0035619512200355,-0.0440208315849304,results/normalization_pilot_train_zscore/random/NVDA/seed_46/last_scores_after_observation_20260827_074552.csv
NVDA,46,Shared-target JEPA--MAE,random,27,2,196,2025-10-15T00:00:00,0.0713552385568618,-0.0450828671455383,results/normalization_pilot_train_zscore/random/NVDA/seed_46/last_scores_after_observation_20260827_074552.csv
NVDA,46,Shared-target JEPA--MAE,random,27,3,197,2025-10-16T00:00:00,0.046410858631134,-0.0345688462257385,results/normalization_pilot_train_zscore/random/NVDA/seed_46/last_scores_after_observation_20260827_074552.csv
NVDA,46,Shared-target JEPA--MAE,random,27,4,198,2025-10-17T00:00:00,0.009460624307394,-0.0270816087722778,results/normalization_pilot_train_zscore/random/NVDA/seed_46/last_scores_after_observation_20260827_074552.csv
NVDA,46,Shared-target JEPA--MAE,random,27,5,199,2025-10-20T00:00:00,0.0354106873273849,-0.030161440372467,results/normalization_pilot_train_zscore/random/NVDA/seed_46/last_scores_after_observation_20260827_074552.csv
NVDA,46,Shared-target JEPA--MAE,random,28,1,200,2025-10-21T00:00:00,0.0068414686247706,-0.0081033706665039,results/normalization_pilot_train_zscore/random/NVDA/seed_46/last_scores_after_observation_20260827_074552.csv
NVDA,46,Shared-target JEPA--MAE,random,28,2,201,2025-10-22T00:00:00,0.0598758421838283,-0.0129215717315673,results/normalization_pilot_train_zscore/random/NVDA/seed_46/last_scores_after_observation_20260827_074552.csv
NVDA,46,Shared-target JEPA--MAE,random,28,3,202,2025-10-23T00:00:00,0.0439449772238731,-0.0026280879974365,results/normalization_pilot_train_zscore/random/NVDA/seed_46/last_scores_after_observation_20260827_074552.csv
NVDA,46,Shared-target JEPA--MAE,random,28,4,203,2025-10-24T00:00:00,0.0090943686664104,0.0198203325271606,results/normalization_pilot_train_zscore/random/NVDA/seed_46/last_scores_after_observation_20260827_074552.csv
NVDA,46,Shared-target JEPA--MAE,random,28,5,204,2025-10-27T00:00:00,0.0372528210282325,0.0484559535980224,results/normalization_pilot_train_zscore/random/NVDA/seed_46/last_scores_after_observation_20260827_074552.csv
NVDA,46,Shared-target JEPA--MAE,random,29,1,205,2025-10-28T00:00:00,0.0031186528503894,0.0498198270797729,results/normalization_pilot_train_zscore/random/NVDA/seed_46/last_scores_after_observation_20260827_074552.csv
NVDA,46,Shared-target JEPA--MAE,random,29,2,206,2025-10-29T00:00:00,0.0578757040202617,0.0812052488327026,results/normalization_pilot_train_zscore/random/NVDA/seed_46/last_scores_after_observation_20260827_074552.csv
NVDA,46,Shared-target JEPA--MAE,random,29,3,207,2025-10-30T00:00:00,0.0552568212151527,0.0595331192016601,results/normalization_pilot_train_zscore/random/NVDA/seed_46/last_scores_after_observation_20260827_074552.csv
NVDA,46,Shared-target JEPA--MAE,random,29,4,208,2025-10-31T00:00:00,0.0186734944581985,0.0574442148208618,results/normalization_pilot_train_zscore/random/NVDA/seed_46/last_scores_after_observation_20260827_074552.csv
NVDA,46,Shared-target JEPA--MAE,random,29,5,209,2025-11-03T00:00:00,0.0368314459919929,0.0803697109222412,results/normalization_pilot_train_zscore/random/NVDA/seed_46/last_scores_after_observation_20260827_074552.csv
NVDA,46,Shared-target JEPA--MAE,random,30,1,210,2025-11-04T00:00:00,0.004356138408184,-0.0395881533622741,results/normalization_pilot_train_zscore/random/NVDA/seed_46/last_scores_after_observation_20260827_074552.csv
NVDA,46,Shared-target JEPA--MAE,random,30,2,211,2025-11-05T00:00:00,0.067618653178215,-0.056409478187561,results/normalization_pilot_train_zscore/random/NVDA/seed_46/last_scores_after_observation_20260827_074552.csv
NVDA,46,Shared-target JEPA--MAE,random,30,3,212,2025-11-06T00:00:00,0.0633412599563598,-0.0908739566802978,results/normalization_pilot_train_zscore/random/NVDA/seed_46/last_scores_after_observation_20260827_074552.csv
NVDA,46,Shared-target JEPA--MAE,random,30,4,213,2025-11-07T00:00:00,0.0264722071588039,-0.0905356407165527,results/normalization_pilot_train_zscore/random/NVDA/seed_46/last_scores_after_observation_20260827_074552.csv
NVDA,46,Shared-target JEPA--MAE,random,30,5,214,2025-11-10T00:00:00,0.0223823189735412,-0.0378480553627014,results/normalization_pilot_train_zscore/random/NVDA/seed_46/last_scores_after_observation_20260827_074552.csv
NVDA,46,Shared-target JEPA--MAE,random,31,1,215,2025-11-11T00:00:00,-0.0191078707575798,-0.0295905470848083,results/normalization_pilot_train_zscore/random/NVDA/seed_46/last_scores_after_observation_20260827_074552.csv
NVDA,46,Shared-target JEPA--MAE,random,31,2,216,2025-11-12T00:00:00,0.0872036516666412,-0.0263752937316894,results/normalization_pilot_train_zscore/random/NVDA/seed_46/last_scores_after_observation_20260827_074552.csv
NVDA,46,Shared-target JEPA--MAE,random,31,3,217,2025-11-13T00:00:00,0.045845404267311,-0.0612409114837646,results/normalization_pilot_train_zscore/random/NVDA/seed_46/last_scores_after_observation_20260827_074552.csv
NVDA,46,Shared-target JEPA--MAE,random,31,4,218,2025-11-14T00:00:00,-0.0058765299618244,-0.0446119308471679,results/normalization_pilot_train_zscore/random/NVDA/seed_46/last_scores_after_observation_20260827_074552.csv
NVDA,46,Shared-target JEPA--MAE,random,31,5,219,2025-11-17T00:00:00,0.0098751112818717,-0.0625470876693725,results/normalization_pilot_train_zscore/random/NVDA/seed_46/last_scores_after_observation_20260827_074552.csv
NVDA,46,Shared-target JEPA--MAE,random,32,1,220,2025-11-18T00:00:00,0.0048560025170445,-0.028081476688385,results/normalization_pilot_train_zscore/random/NVDA/seed_46/last_scores_after_observation_20260827_074552.csv
NVDA,46,Shared-target JEPA--MAE,random,32,2,221,2025-11-19T00:00:00,0.0695387721061706,-0.0004287362098693,results/normalization_pilot_train_zscore/random/NVDA/seed_46/last_scores_after_observation_20260827_074552.csv
NVDA,46,Shared-target JEPA--MAE,random,32,3,222,2025-11-20T00:00:00,0.0383192375302314,-0.0319400429725647,results/normalization_pilot_train_zscore/random/NVDA/seed_46/last_scores_after_observation_20260827_074552.csv
NVDA,46,Shared-target JEPA--MAE,random,32,4,223,2025-11-21T00:00:00,-0.0079991267994046,-0.0413719415664672,results/normalization_pilot_train_zscore/random/NVDA/seed_46/last_scores_after_observation_20260827_074552.csv
NVDA,46,Shared-target JEPA--MAE,random,32,5,224,2025-11-24T00:00:00,0.0285310521721839,-0.0217041969299316,results/normalization_pilot_train_zscore/random/NVDA/seed_46/last_scores_after_observation_20260827_074552.csv
NVDA,46,Shared-target JEPA--MAE,random,33,1,225,2025-11-25T00:00:00,-0.008235964924097,-0.0259106755256652,results/normalization_pilot_train_zscore/random/NVDA/seed_46/last_scores_after_observation_20260827_074552.csv
NVDA,46,Shared-target JEPA--MAE,random,33,2,226,2025-11-26T00:00:00,0.0919321328401565,-0.012544572353363,results/normalization_pilot_train_zscore/random/NVDA/seed_46/last_scores_after_observation_20260827_074552.csv
NVDA,46,Shared-target JEPA--MAE,random,33,3,227,2025-11-28T00:00:00,0.0464901328086853,-0.030402660369873,results/normalization_pilot_train_zscore/random/NVDA/seed_46/last_scores_after_observation_20260827_074552.csv
NVDA,46,Shared-target JEPA--MAE,random,33,4,228,2025-12-01T00:00:00,-0.0054263649508357,-0.0144070386886596,results/normalization_pilot_train_zscore/random/NVDA/seed_46/last_scores_after_observation_20260827_074552.csv
NVDA,46,Shared-target JEPA--MAE,random,33,5,229,2025-12-02T00:00:00,0.028890311717987,-0.0059709548950195,results/normalization_pilot_train_zscore/random/NVDA/seed_46/last_scores_after_observation_20260827_074552.csv
NVDA,46,Shared-target JEPA--MAE,random,34,1,230,2025-12-03T00:00:00,0.0129312183707952,-0.0103053450584411,results/normalization_pilot_train_zscore/random/NVDA/seed_46/last_scores_after_observation_20260827_074552.csv
NVDA,46,Shared-target JEPA--MAE,random,34,2,231,2025-12-04T00:00:00,0.0735377520322799,0.0105807781219482,results/normalization_pilot_train_zscore/random/NVDA/seed_46/last_scores_after_observation_20260827_074552.csv
NVDA,46,Shared-target JEPA--MAE,random,34,3,232,2025-12-05T00:00:00,0.0416709259152412,0.0052353143692016,results/normalization_pilot_train_zscore/random/NVDA/seed_46/last_scores_after_observation_20260827_074552.csv
NVDA,46,Shared-target JEPA--MAE,random,34,4,233,2025-12-08T00:00:00,-0.0042737489566206,0.0225393772125244,results/normalization_pilot_train_zscore/random/NVDA/seed_46/last_scores_after_observation_20260827_074552.csv
NVDA,46,Shared-target JEPA--MAE,random,34,5,234,2025-12-09T00:00:00,0.0255356803536415,0.0193430185317993,results/normalization_pilot_train_zscore/random/NVDA/seed_46/last_scores_after_observation_20260827_074552.csv
NVDA,46,Shared-target JEPA--MAE,random,35,1,235,2025-12-10T00:00:00,0.0054961256682872,-0.0064334869384765,results/normalization_pilot_train_zscore/random/NVDA/seed_46/last_scores_after_observation_20260827_074552.csv
NVDA,46,Shared-target JEPA--MAE,random,35,2,236,2025-12-11T00:00:00,0.0684030801057815,-0.0218414068222045,results/normalization_pilot_train_zscore/random/NVDA/seed_46/last_scores_after_observation_20260827_074552.csv
NVDA,46,Shared-target JEPA--MAE,random,35,3,237,2025-12-12T00:00:00,0.0506203547120094,-0.0537924766540527,results/normalization_pilot_train_zscore/random/NVDA/seed_46/last_scores_after_observation_20260827_074552.csv
NVDA,46,Shared-target JEPA--MAE,random,35,4,238,2025-12-15T00:00:00,0.0060036145150661,-0.0469265580177307,results/normalization_pilot_train_zscore/random/NVDA/seed_46/last_scores_after_observation_20260827_074552.csv
NVDA,46,Shared-target JEPA--MAE,random,35,5,239,2025-12-16T00:00:00,0.0419158861041069,-0.0391955375671386,results/normalization_pilot_train_zscore/random/NVDA/seed_46/last_scores_after_observation_20260827_074552.csv
NVDA,46,Shared-target JEPA--MAE,random,36,1,240,2025-12-17T00:00:00,-0.0076029310002923,-0.0381498932838439,results/normalization_pilot_train_zscore/random/NVDA/seed_46/last_scores_after_observation_20260827_074552.csv
NVDA,46,Shared-target JEPA--MAE,random,36,2,241,2025-12-18T00:00:00,0.0734342336654663,-0.0201440453529357,results/normalization_pilot_train_zscore/random/NVDA/seed_46/last_scores_after_observation_20260827_074552.csv
NVDA,46,Shared-target JEPA--MAE,random,36,3,242,2025-12-19T00:00:00,0.0444571152329444,0.0183997154235839,results/normalization_pilot_train_zscore/random/NVDA/seed_46/last_scores_after_observation_20260827_074552.csv
NVDA,46,Shared-target JEPA--MAE,random,36,4,243,2025-12-22T00:00:00,-0.0034622044768184,0.0335922241210937,results/normalization_pilot_train_zscore/random/NVDA/seed_46/last_scores_after_observation_20260827_074552.csv
NVDA,46,Shared-target JEPA--MAE,random,36,5,244,2025-12-23T00:00:00,0.0292971208691597,0.0646523237228393,results/normalization_pilot_train_zscore/random/NVDA/seed_46/last_scores_after_observation_20260827_074552.csv
NVDA,46,Shared-target JEPA--MAE,random,37,1,245,2025-12-24T00:00:00,0.0057865343987941,-0.0031710863113403,results/normalization_pilot_train_zscore/random/NVDA/seed_46/last_scores_after_observation_20260827_074552.csv
NVDA,46,Shared-target JEPA--MAE,random,37,2,246,2025-12-26T00:00:00,0.0760186463594436,0.0069763660430908,results/normalization_pilot_train_zscore/random/NVDA/seed_46/last_scores_after_observation_20260827_074552.csv
NVDA,46,Shared-target JEPA--MAE,random,37,3,247,2025-12-29T00:00:00,0.0683451667428016,-0.0052323341369628,results/normalization_pilot_train_zscore/random/NVDA/seed_46/last_scores_after_observation_20260827_074552.csv
NVDA,46,Shared-target JEPA--MAE,random,37,4,248,2025-12-30T00:00:00,0.0478907562792301,-0.0088262557983398,results/normalization_pilot_train_zscore/random/NVDA/seed_46/last_scores_after_observation_20260827_074552.csv
NVDA,46,Shared-target JEPA--MAE,random,37,5,249,2025-12-31T00:00:00,0.0476655662059783,-0.0143227577209472,results/normalization_pilot_train_zscore/random/NVDA/seed_46/last_scores_after_observation_20260827_074552.csv
