Date,Open,High,Low,Close,Volume,sentiment_mean,sentiment_sum,sentiment_max,sentiment_min,sentiment_std,news_count
2015-01-02,27.84749984741211,27.86000061035156,26.837499618530277,27.332500457763672,212818400,0.03587005799636245,0.1434802319854498,0.9355463702231646,-0.5111483857035637,0.6266223058435352,4.0
2015-01-05,27.07250022888184,27.162500381469727,26.352500915527344,26.5625,257142000,-0.09624058892950416,-0.5774435335770249,0.6731366291642189,-0.9528170041739941,0.6990365978074459,6.0
2015-01-06,26.63500022888184,26.857500076293945,26.15749931335449,26.565000534057617,263188400,-0.06593857208887736,-0.19781571626663208,0.05472641810774803,-0.14490342885255814,0.10614704327296572,3.0
2015-01-07,26.799999237060547,27.049999237060547,26.674999237060547,26.9375,160423600,-0.37535431887954473,-0.7507086377590895,-0.07224522531032562,-0.6784634124487638,0.4286609910042051,2.0
2015-01-08,27.3075008392334,28.037500381469727,27.174999237060547,27.97249984741211,237458000,0.15597051195800304,1.5597051195800304,0.9370056223124266,-0.9444581679999828,0.549466007495294,10.0
2015-01-09,28.167499542236328,28.3125,27.552499771118164,28.002500534057617,214798000,0.14866922022774814,1.4866922022774816,0.8527384139597416,-0.3843661490827799,0.39826594150458544,10.0
2015-01-12,28.149999618530277,28.15749931335449,27.200000762939453,27.3125,198603200,0.3142358886078,3.142358886078,0.9266145192086697,-0.955641170963645,0.5792587300207692,10.0
2015-01-13,27.857500076293945,28.200000762939453,27.227500915527344,27.55500030517578,268367600,0.09717369254897623,1.6519527733325958,0.7360414415597916,-0.9150387374684215,0.5356337180792511,17.0
2015-01-14,27.26000022888184,27.622499465942383,27.125,27.450000762939453,195826400,-0.09273235251506169,-1.3909852877259254,0.9276609662920237,-0.9370122896507382,0.6038371985771994,15.0
2015-01-15,27.5,27.51499938964844,26.665000915527344,26.70499992370605,240056000,-0.011671236250549555,-0.1517260712571442,0.8993208725005388,-0.9680047291330993,0.6641361408086666,13.0
2015-01-16,26.75749969482422,26.895000457763672,26.299999237060547,26.497499465942383,314053200,0.4527990226633847,1.8111960906535387,0.8316141553223133,0.018914472311735153,0.3847306590584687,4.0
2015-01-20,26.959999084472656,27.24250030517578,26.625,27.18000030517578,199599600,-0.2131856062139074,-0.6395568186417222,0.2018563812598586,-0.8542060982435942,0.5631311601614164,3.0
2015-01-21,27.237499237060547,27.76499938964844,27.0674991607666,27.387500762939453,194303600,-0.2246303131634539,-2.4709334447979927,0.15026654116809368,-0.7362490743398666,0.3290232291995325,11.0
2015-01-22,27.565000534057617,28.11750030517578,27.43000030517578,28.100000381469727,215185600,0.06074176092321674,0.36445056553930044,0.8947964366525412,-0.9568526865914464,0.7148817966257232,6.0
2015-01-23,28.075000762939453,28.4375,27.88249969482422,28.2450008392334,185859200,-0.24128246121108532,-1.9302596896886826,0.8758658394217491,-0.9211455574259162,0.6289599668571559,8.0
2015-01-26,28.434999465942383,28.59000015258789,28.200000762939453,28.274999618530277,222460000,0.12147496835413304,1.3362246518954635,0.8097960818558931,-0.24452745914459229,0.3088132612811653,11.0
2015-01-27,28.104999542236328,28.1200008392334,27.25749969482422,27.28499984741211,382274800,0.1915754975071029,12.069256342947483,0.9373190626502037,-0.9566726507619023,0.5244396555352058,63.0
2015-01-28,29.40749931335449,29.530000686645508,28.82749938964844,28.82749938964844,585908400,0.25681309977715666,8.47483229264617,0.9184933733195066,-0.9179076952859759,0.42981784558993147,33.0
2015-01-29,29.07999992370605,29.79750061035156,28.88999938964844,29.725000381469727,337745600,-0.26061299885623157,-2.0849039908498526,0.9218405988067389,-0.9490976333618164,0.7639049907329085,8.0
2015-01-30,29.600000381469727,30.0,29.212499618530277,29.290000915527344,334982000,0.07017349930746215,0.49121449515223503,0.9332121107727289,-0.8649461530148983,0.5530340489088077,7.0
2015-02-02,29.512500762939453,29.792499542236328,29.020000457763672,29.65749931335449,250956400,0.25415561003610493,2.541556100361049,0.9228500798344612,-0.0005346331745386124,0.3501558432050136,10.0
2015-02-03,29.625,29.772499084472656,29.40250015258789,29.662500381469727,207662800,-0.14535689641100666,-1.7442827569320798,0.7994993664324284,-0.9142207689583302,0.5621920474443529,12.0
2015-02-04,29.625,30.127500534057617,29.57749938964844,29.88999938964844,280598800,0.4131626720643706,3.718464048579335,0.9395607504993677,0.0013975650072097778,0.3796238195189793,9.0
2015-02-05,30.0049991607666,30.0575008392334,29.8125,29.98500061035156,168984800,-0.16051420662552118,-1.2841136530041695,0.8139528408646584,-0.8843637630343437,0.5642474622073288,8.0
2015-02-06,30.0049991607666,30.0625,29.612499237060547,29.732500076293945,174826400,-0.23733632479395186,-1.661354273557663,0.8217194844037294,-0.9582591271027923,0.774638928892442,7.0
2015-02-09,29.637500762939453,29.959999084472656,29.607500076293945,29.93000030517578,155559200,0.027538861458500225,0.16523316875100136,0.5807187231257558,-0.9102775026112795,0.5022683977224429,6.0
2015-02-10,30.042499542236328,30.537500381469727,30.040000915527344,30.5049991607666,248034000,0.22203465005648987,6.2169702015817165,0.9377659671008587,-0.9470710214227438,0.4374963460023947,28.0
2015-02-11,30.6924991607666,31.229999542236328,30.625,31.21999931335449,294247200,0.03394558443687856,0.543129350990057,0.922305716201663,-0.9249688126146793,0.6020079581067662,16.0
2015-02-12,31.51499938964844,31.8700008392334,31.39249992370605,31.614999771118164,297898000,0.006291204714216292,0.050329637713730335,0.16976935416460037,-0.5541044399142265,0.23573692224285,8.0
2015-02-13,31.81999969482422,31.81999969482422,31.412500381469727,31.770000457763672,217088800,-0.013899425331216592,-0.1806925293058157,0.9105955865234137,-0.9021002426743507,0.4618565771918821,13.0
2015-02-17,31.872499465942383,32.220001220703125,31.729999542236328,31.957500457763672,252609600,0.017336220666766166,0.17336220666766167,0.46428584307432175,-0.9332386888563633,0.36626095339627596,10.0
2015-02-18,31.90749931335449,32.19499969482422,31.862499237060547,32.18000030517578,179566800,-0.36609351368887083,-2.562654595822096,0.055662636645138264,-0.9528208365663886,0.5001241212145526,7.0
2015-02-19,32.119998931884766,32.25749969482422,32.08250045776367,32.11249923706055,149449600,0.01359694468555972,0.21755111496895552,0.9271901920437813,-0.9244443299248815,0.46494938643240813,16.0
2015-02-20,32.154998779296875,32.375,32.01250076293945,32.375,195793600,0.03592291306704283,0.5388436960056424,0.6368111670017242,-0.8735385211184621,0.3498056391303364,15.0
2015-02-23,32.505001068115234,33.25,32.415000915527344,33.25,283896400,-0.07280054344580723,-0.9464070647954941,0.2966072019189596,-0.9086589086800814,0.3610299474724442,13.0
2015-02-24,33.23500061035156,33.400001525878906,32.79249954223633,33.04249954223633,276912400,-0.19495239287901384,-2.53438110742718,0.894981587305665,-0.9574109576642513,0.579121899544162,13.0
2015-02-25,32.88999938964844,32.900001525878906,32.037498474121094,32.1974983215332,298846800,-0.2511719356510131,-4.269922906067222,0.9348649503663182,-0.9658289677463472,0.6216842040608404,17.0
2015-02-26,32.1974983215332,32.717498779296875,31.65250015258789,32.60499954223633,365150000,0.06972260619787608,1.1852843053638935,0.7961696311831474,-0.5111303254961967,0.2884285798492887,17.0
2015-02-27,32.5,32.64250183105469,32.060001373291016,32.1150016784668,248059200,-0.28768765636616284,-2.5891889072954655,0.23776107840240002,-0.9083103947341442,0.4496233493897943,9.0
2015-03-02,32.3125,32.56999969482422,32.07500076293945,32.272499084472656,192386800,0.045753566858669124,0.5490428023040295,0.8028697073459625,-0.9211986251175404,0.4054767558109119,12.0
2015-03-03,32.2400016784668,32.380001068115234,32.022499084472656,32.34000015258789,151265200,0.03626940008252859,0.7253880016505718,0.8626652956008911,-0.9092196002602577,0.5686129218185277,20.0
2015-03-04,32.275001525878906,32.38999938964844,32.08000183105469,32.1349983215332,126665200,0.062245081489284836,0.9336762223392725,0.8418061779811978,-0.8265348970890045,0.41224306505289043,15.0
2015-03-05,32.14500045776367,32.1875,31.440000534057617,31.602500915527344,226068400,-0.11788067288903727,-2.1218521120026708,0.5053203739225864,-0.9366212077438831,0.4412753577175119,18.0
2015-03-06,32.099998474121094,32.342498779296875,31.565000534057617,31.649999618530277,291368400,-0.05834238627745259,-1.8086139746010303,0.9147432427853346,-0.9604552406817675,0.5068716783731675,31.0
2015-03-09,31.989999771118164,32.39250183105469,31.26499938964844,31.78499984741211,354114000,0.05555488041364679,2.8332989010959864,0.9269718173891306,-0.963134883902967,0.496354962532944,51.0
2015-03-10,31.602500915527344,31.80500030517578,30.950000762939453,31.127500534057617,275426400,0.09387543660455516,3.2856402811594307,0.8984712213277817,-0.9629679825156927,0.4766768808357479,35.0
2015-03-11,31.1875,31.1924991607666,30.52750015258789,30.559999465942383,275756000,-0.3314839539738993,-4.972259309608489,0.49626627564430237,-0.9680714993737638,0.48588037157536407,15.0
2015-03-12,30.57749938964844,31.225000381469727,30.40749931335449,31.112499237060547,193450800,-0.19266126204568607,-2.504596406593919,0.6238739611580968,-0.9678720580413938,0.5764789297156404,13.0
2015-03-13,31.100000381469727,31.350000381469727,30.645000457763672,30.897499084472656,207309200,0.12678846923102224,1.7750385692343116,0.757590439170599,-0.27776072919368744,0.3666643438537276,14.0
2015-03-16,30.96999931335449,31.237499237060547,30.717500686645508,31.237499237060547,143497200,0.15138776547142438,1.0597143582999706,0.9266591761261225,-0.8392120636999607,0.6039419456281094,7.0
2015-03-17,31.475000381469727,31.82999992370605,31.412500381469727,31.76000022888184,204092400,0.08123607048764825,1.0560689163394272,0.7261338252574205,-0.9378319187089801,0.45967986646355113,13.0
2015-03-18,31.75,32.290000915527344,31.592500686645508,32.11750030517578,261083600,0.2076714920944401,2.9074008893221617,0.9289261000230908,-0.19913171790540218,0.33940418332686206,14.0
2015-03-19,32.1875,32.3125,31.850000381469727,31.875,183238000,-0.14107357462247214,-1.2696621716022491,0.08244733233004808,-0.7138979844748974,0.3102390433260191,9.0
2015-03-20,32.0625,32.099998474121094,31.290000915527344,31.475000381469727,274780400,0.15053829667158425,1.204306373372674,0.6903682723641396,-0.13594210147857666,0.24373093876640883,8.0
2015-03-23,31.780000686645508,31.962499618530277,31.6299991607666,31.802499771118164,150838800,0.018933024774822924,0.17039722297340631,0.9173457268625498,-0.9447740521281958,0.6552363001633532,9.0
2015-03-24,31.8075008392334,32.0099983215332,31.63999938964844,31.67250061035156,131369200,0.03657218006749948,0.3291496206074953,0.862380987033248,-0.3896887172013521,0.35225688364234287,9.0
2015-03-25,31.63500022888184,31.70499992370605,30.84499931335449,30.84499931335449,206620800,-0.13029649554702796,-2.4756334153935313,0.9076443025842309,-0.9482528530061245,0.5389029761133275,19.0
2015-03-26,30.690000534057617,31.21999931335449,30.649999618530277,31.059999465942383,190291600,0.23667125459760427,4.7334250919520855,0.8967969082295895,-0.7779619367793202,0.39833325125565483,20.0
2015-03-27,31.14249992370605,31.174999237060547,30.727500915527344,30.8125,158184800,-0.04938713274896145,-0.0987742654979229,0.011865351349115372,-0.11063961684703827,0.08662409374054257,2.0
2015-03-30,31.012500762939453,31.600000381469727,31.0,31.592500686645508,188398800,0.5813069666868874,4.069148766808212,0.8950083088129759,0.014532232657074928,0.3531294151011541,7.0
2015-03-31,31.522499084472656,31.622499465942383,31.09000015258789,31.107500076293945,168362400,0.13774759023605535,1.6529710828326643,0.9312712009996176,-0.918910589069128,0.5409175309017398,12.0
2015-04-01,31.20499992370605,31.280000686645508,30.774999618530277,31.0625,162485600,-0.12156173701469715,-1.580302581191063,0.808416336774826,-0.9314298294484615,0.5179382296797913,13.0
2015-04-02,31.25749969482422,31.38999938964844,31.04750061035156,31.32999992370605,128880400,-0.27284507474137676,-2.455605672672391,0.43643989972770214,-0.9598698038607836,0.5990078036582351,9.0
2015-04-06,31.11750030517578,31.877500534057617,31.082500457763672,31.837499618530277,148776000,-0.2713902888353914,-2.171122310683131,0.35036974493414164,-0.9354697121307254,0.4276169909407737,8.0
2015-04-07,31.90999984741211,32.029998779296875,31.4950008392334,31.502500534057617,140049200,-0.1662605908614668,-1.8288664994761348,0.3194237742573023,-0.9316063709557056,0.45012565637387847,11.0
2015-04-08,31.462499618530277,31.600000381469727,31.24250030517578,31.399999618530277,149316800,0.12808925582265313,1.4089818140491843,0.8531551035121083,-0.8352542920038104,0.443816001846971,11.0
2015-04-09,31.462499618530277,31.645000457763672,31.165000915527344,31.63999938964844,129936000,-0.002909801589945952,-0.034917619079351425,0.9406628478318453,-0.9665378350764513,0.6783648355668817,12.0
2015-04-10,31.487499237060547,31.802499771118164,31.315000534057617,31.774999618530277,160752000,0.1878007836639881,1.8780078366398811,0.9263645745813847,-0.8477817280218005,0.689280785039257,10.0
2015-04-13,32.092498779296875,32.14250183105469,31.65250015258789,31.712499618530277,145460400,0.2572990441204686,4.888681838288903,0.9080270975828171,-0.12268397957086563,0.34392951622872253,19.0
2015-04-14,31.75,31.82250022888184,31.477500915527344,31.575000762939453,102098400,0.08211226699252923,0.7390104029327631,0.8314640764147043,-0.8399800341576338,0.4479339358691062,9.0
2015-04-15,31.602500915527344,31.78249931335449,31.502500534057617,31.69499969482422,115881600,0.18987435621342488,1.3291204934939742,0.5726484823971987,0.03650072868913412,0.17580232371784885,7.0
2015-04-16,31.56999969482422,31.774999618530277,31.52750015258789,31.542499542236328,113476000,-0.09762520223323788,-1.3667528312653303,0.345915324985981,-0.950069472193718,0.3642822981665007,14.0
2015-04-17,31.387500762939453,31.53499984741211,31.114999771118164,31.1875,207828000,0.04635870973579585,0.46358709735795856,0.43871702160686255,-0.6155839525163174,0.2882208392989673,10.0
2015-04-20,31.39249992370605,32.029998779296875,31.292499542236328,31.899999618530277,188217200,0.25106399233586024,3.514895892702043,0.9173444891348481,-0.05221581272780895,0.3235793479269126,14.0
2015-04-21,32.025001525878906,32.04999923706055,31.667499542236328,31.727500915527344,129740400,0.2607097178697586,2.085677742958069,0.9208283945918083,-0.9274730049073696,0.6153525530377423,8.0
2015-04-22,31.747499465942383,32.217498779296875,31.57999992370605,32.154998779296875,150618000,0.13588496685648957,0.8153098011389375,0.7702136263251305,-0.11838729307055473,0.3298242970788975,6.0
2015-04-23,32.07500076293945,32.60499954223633,32.03499984741211,32.41749954223633,183083600,-0.4266940552209105,-2.9868583865463734,-0.00566907599568367,-0.9281294085085392,0.3626856189589997,7.0
2015-04-24,32.622501373291016,32.657501220703125,32.307498931884766,32.56999969482422,178103600,-0.059565408155322075,-0.4765232652425766,0.5063919872045517,-0.9591211825609207,0.4614757709155289,8.0
2015-04-27,33.07749938964844,33.282501220703125,32.787498474121094,33.162498474121094,387816800,0.21943044567791123,13.165826740674675,0.9309312272816896,-0.9418700747191906,0.5050782595799965,60.0
2015-04-28,33.6150016784668,33.6349983215332,32.39250183105469,32.63999938964844,475696000,-0.15662009701790178,-5.325083298608661,0.9255171865224838,-0.9537292504683137,0.5792210583094228,34.0
2015-04-29,32.540000915527344,32.897499084472656,32.07500076293945,32.15999984741211,253544400,-0.1549700699531688,-2.0146109093911946,0.931781830266118,-0.9685855931602418,0.8178685810290104,13.0
2015-04-30,32.15999984741211,32.15999984741211,31.145000457763672,31.287500381469727,332781600,-0.13621604721993208,-1.2259444249793887,0.9259954001754522,-0.9641109295189381,0.6148822705712667,9.0
2015-05-01,31.524999618530277,32.532501220703125,31.325000762939453,32.23749923706055,234050400,0.21818052371963859,1.7454441897571087,0.9306825492531061,-0.10363271087408066,0.3821686845239533,8.0
2015-05-04,32.375,32.64250183105469,32.064998626708984,32.17499923706055,203953200,0.13867784344724246,0.9707449041306973,0.8279834613204002,-0.4943336844444275,0.42231544896171297,7.0
2015-05-05,32.037498474121094,32.11249923706055,31.44499969482422,31.450000762939453,197085600,-0.17220488366567427,-1.5498439529910684,0.6978282956406474,-0.9677650332450867,0.61260626795592,9.0
2015-05-06,31.63999938964844,31.6875,30.84000015258789,31.252500534057617,288564000,0.12616839528911644,1.135515557602048,0.8853672742843628,-0.937274269759655,0.5012454742486819,9.0
2015-05-07,31.1924991607666,31.520000457763672,31.0049991607666,31.315000534057617,175763600,0.33969895102615866,2.3778926571831107,0.8853554166853428,-0.16572413593530655,0.34271320871652067,7.0
2015-05-08,31.670000076293945,31.905000686645508,31.52750015258789,31.905000686645508,222201600,-0.10371145313339573,-0.7259801719337702,0.7210050653666258,-0.8829164337366819,0.580177301666694,7.0
2015-05-11,31.84749984741211,31.88999938964844,31.40749931335449,31.57999992370605,168143200,0.11844813897225417,2.2505146404728293,0.9171234210953116,-0.9508963162079453,0.5503113687040593,19.0
2015-05-12,31.399999618530277,31.71999931335449,31.20499992370605,31.467500686645508,192640000,0.291943856747821,3.5033262809738517,0.9375085048377514,0.012859545648097992,0.354377207348013,12.0
2015-05-13,31.537500381469727,31.79750061035156,31.467500686645508,31.502500534057617,138776800,0.18379475280423374,3.1245107976719737,0.7905540131032467,-0.351085901260376,0.3196978415928765,17.0
2015-05-14,31.852500915527344,32.23749923706055,31.790000915527344,32.23749923706055,180814000,-0.016483415764841167,-0.18131757341325283,0.8202036852017045,-0.641452718526125,0.4244282146571155,11.0
2015-05-15,32.26750183105469,32.372501373291016,32.0525016784668,32.192501068115234,152832000,0.09955299918406776,1.3937419885769486,0.912562869489193,-0.643986526876688,0.3763314337997128,14.0
2015-05-18,32.095001220703125,32.68000030517578,32.09000015258789,32.54750061035156,203531600,0.05158896700013429,2.0635586800053716,0.9011670462787151,-0.8957257978618145,0.4513249851111187,40.0
2015-05-19,32.67250061035156,32.720001220703125,32.40999984741211,32.51750183105469,178532800,-0.02079296933952719,-0.4158593867905438,0.6932258158922195,-0.9066195115447044,0.34493288974065356,20.0
2015-05-20,32.5,32.744998931884766,32.334999084472656,32.51499938964844,145819600,0.001358819090657764,0.012229371815919876,0.6960771959275007,-0.4894597753882408,0.33714093075697377,9.0
2015-05-21,32.51750183105469,32.907501220703125,32.45750045776367,32.84749984741211,158921600,0.008557326590212492,0.1112452456727624,0.883036021143198,-0.9453863902017474,0.6005879482296531,13.0
2015-05-22,32.900001525878906,33.24250030517578,32.849998474121094,33.1349983215332,182384000,-0.12487926818430424,-0.6243963409215212,0.2243478000164032,-0.9280183697119355,0.4580707797431978,5.0
2015-05-26,33.150001525878906,33.227500915527344,32.279998779296875,32.404998779296875,282790400,-0.014076221268624067,-0.14076221268624067,0.4528291579335928,-0.9506437024101615,0.47563644990123694,10.0
2015-05-27,32.584999084472656,33.064998626708984,32.51250076293945,33.0099983215332,183332800,0.14938987387965122,1.7926784865558147,0.9082267694175243,-0.2073228731751442,0.30821591997751113,12.0
2015-05-28,32.96500015258789,32.98749923706055,32.775001525878906,32.94499969482422,122933200,0.09081257650007804,1.3621886475011706,0.900054968893528,-0.9469016026705503,0.578262659965074,15.0
2015-05-29,32.807498931884766,32.86249923706055,32.474998474121094,32.56999969482422,203538000,-0.10770358952383201,-0.969332305714488,0.9211647035554051,-0.9469015952199697,0.5659443808683803,9.0
2015-06-01,32.56999969482422,32.84749984741211,32.51250076293945,32.6349983215332,128451200,0.1120618675750765,1.2326805433258414,0.7162689864635468,-0.32307836040854454,0.29991649011399557,11.0
2015-06-02,32.46500015258789,32.665000915527344,32.33000183105469,32.4900016784668,134670400,-0.09257688639419419,-1.2960764095187187,0.3909531533718109,-0.9440817041322589,0.37825189862698483,14.0
2015-06-03,32.665000915527344,32.73500061035156,32.474998474121094,32.529998779296875,123934000,-0.40814824242677006,-2.8570376969873905,0.23783127218484879,-0.9423123486340046,0.5022919651957156,7.0
2015-06-04,32.39500045776367,32.64500045776367,32.227500915527344,32.34000015258789,153800400,-0.02248268574476242,-0.2248268574476242,0.7748658880591393,-0.9531917432323098,0.4395953472501582,10.0
2015-06-05,32.375,32.42250061035156,32.09000015258789,32.162498474121094,142507200,-0.47423439123667777,-3.793875129893422,0.048666562885046005,-0.927887624129653,0.3713508002926043,8.0
2015-06-08,32.224998474121094,32.3025016784668,31.707500457763672,31.950000762939453,210699200,0.0890303895893422,10.772677140310407,0.914987601339817,-0.9493938805535436,0.314034662160716,121.0
2015-06-09,31.674999237060547,32.02000045776367,31.405000686645508,31.854999542236328,224301600,-0.01755941640585661,-0.3511883281171322,0.7897598631680012,-0.9200140535831451,0.5045117365004697,20.0
2015-06-10,31.979999542236328,32.334999084472656,31.962499618530277,32.220001220703125,156349200,0.05804255294303099,0.6965106353163719,0.88727773912251,-0.6370177175849676,0.3728603534658611,12.0
2015-06-11,32.29499816894531,32.54499816894531,32.119998931884766,32.147499084472656,141563600,-0.16063529921864922,-1.7669882914051414,0.9192546680569649,-0.9654002487659454,0.6092899550436414,11.0
2015-06-12,32.04750061035156,32.08250045776367,31.77750015258789,31.792499542236328,147544800,0.12701077914486328,1.1430970123037696,0.8378491029143333,-0.5655045211315155,0.3831586401794396,9.0
2015-06-15,31.524999618530277,31.809999465942383,31.427499771118164,31.729999542236328,175955600,-0.544451532419771,-1.088903064839542,-0.12866754829883575,-0.9602355165407062,0.5880073493613461,2.0
2015-06-16,31.75749969482422,31.962499618530277,31.592500686645508,31.899999618530277,125976400,0.005244687749919566,0.05769156524911523,0.9282462000846863,-0.9519896097481251,0.6837910340593548,11.0
2015-06-17,31.93000030517578,31.96999931335449,31.684999465942383,31.825000762939453,131672400,-0.16374991107732056,-0.8187495553866029,0.5084205120801926,-0.8849813230335712,0.633092875568929,5.0
2015-06-18,31.8075008392334,32.07749938964844,31.80500030517578,31.96999931335449,141628800,0.363654937967658,1.8182746898382902,0.906610893085599,0.0002924203872680664,0.46872874547514315,5.0
2015-06-19,31.927499771118164,31.95499992370605,31.600000381469727,31.649999618530277,218867600,0.24882319676024572,1.7417623773217201,0.9209869373589754,-0.44952210783958435,0.6317174008031651,7.0
2015-06-22,31.872499465942383,32.01499938964844,31.770000457763672,31.90250015258789,136157200,0.07743712700903416,0.46462276205420494,0.19667454436421394,-0.19453580304980278,0.13816447311804314,6.0
2015-06-23,31.8700008392334,31.90250015258789,31.71999931335449,31.75749969482422,121075600,0.09995802011536925,1.8992023821920156,0.9221124071627855,-0.9167533684521914,0.6090823605895075,19.0
2015-06-24,31.802499771118164,32.45000076293945,31.780000686645508,32.02750015258789,221123600,0.00037640444217966153,0.0097865154966712,0.7337035313248634,-0.9377114083617926,0.450064365730044,26.0
2015-06-25,32.21500015258789,32.29999923706055,31.875,31.875,127752400,-0.039383599907159804,-0.39383599907159805,0.9305261000990868,-0.9526868602260947,0.4746216096301206,10.0
2015-06-26,31.917499542236328,31.997499465942383,31.627500534057617,31.6875,176267200,0.11018638254608959,0.8814910603687167,0.6685841679573059,-0.5869467668235302,0.37412400270965057,8.0
2015-06-29,31.364999771118164,31.61750030517578,31.1200008392334,31.13249969482422,196645600,0.10577320019629868,1.1635052021592855,0.8935179710388184,-0.9482404515147209,0.6470873063923467,11.0
2015-06-30,31.39249992370605,31.530000686645508,31.21500015258789,31.357500076293945,177482800,-0.06117285704240203,-0.9175928556360304,0.938943543471396,-0.965483549516648,0.6540965128307956,15.0
2015-07-01,31.725000381469727,31.73500061035156,31.497499465942383,31.649999618530277,120955200,-0.37496517567584914,-2.2497910540550947,0.816096612252295,-0.9465998401865363,0.6870797830166755,6.0
2015-07-02,31.607500076293945,31.67250061035156,31.4424991607666,31.61000061035156,108844000,-0.21005355194211006,-1.8904819674789906,0.2982727698981762,-0.949499923735857,0.4766768873455403,9.0
2015-07-06,31.23500061035156,31.5575008392334,31.212499618530277,31.5,112241600,0.16150691523216665,0.6460276609286666,0.9352049324661493,-0.8891752893105149,0.9118552710801489,4.0
2015-07-07,31.47249984741211,31.537500381469727,30.9424991607666,31.42250061035156,187787200,0.11607595290988684,0.5803797645494342,0.7663607578724623,-0.963641463778913,0.6696881936927891,5.0
2015-07-08,31.1200008392334,31.15999984741211,30.63500022888184,30.64249992370605,243046400,-0.20722752070675293,-3.108412810601294,0.8657130086794496,-0.9440816976130009,0.70442900265228,15.0
2015-07-09,30.962499618530277,31.01499938964844,29.80500030517578,30.01749992370605,314380000,-0.22550745494663715,-2.4805820044130087,0.9202586049214005,-0.9620338073000312,0.6377252206036063,11.0
2015-07-10,30.48500061035156,30.962499618530277,30.302499771118164,30.81999969482422,245418000,-0.047257859175178135,-0.5198364509269595,0.915674539282918,-0.9255180805921555,0.5012275022414554,11.0
2015-07-13,31.25749969482422,31.440000534057617,31.07999992370605,31.415000915527344,165762000,0.11739334324374795,2.113080178387463,0.9299000296741724,-0.9650493953377008,0.6991600907831156,18.0
2015-07-14,31.51000022888184,31.592500686645508,31.26000022888184,31.40250015258789,127072400,0.3265502689173445,2.612402151338756,0.9148327931761742,0.033800648525357246,0.36008740179833054,8.0
2015-07-15,31.43000030517578,31.787500381469727,31.395000457763672,31.70499992370605,134596800,0.1324194370983885,1.7214526822790504,0.7894129287451506,-0.8601900264620781,0.41982554792292986,13.0
2015-07-16,31.934999465942383,32.14250183105469,31.837499618530277,32.127498626708984,144889600,0.07000081134693963,0.4900056794285774,0.926988398656249,-0.9011531751602888,0.5336904639119409,7.0
2015-07-17,32.27000045776367,32.404998779296875,32.07749938964844,32.404998779296875,184658800,0.17951617469745024,1.2566132228821516,0.9034169558435678,-0.5039655119180679,0.5229104234292273,7.0
2015-07-20,32.74250030517578,33.24250030517578,32.67499923706055,33.01750183105469,235600800,0.07257992066442967,1.088698809966445,0.9157989826053381,-0.9463629173114896,0.5345706025795789,15.0
2015-07-21,33.212501525878906,33.22999954223633,32.58000183105469,32.6875,307025600,-0.003110578564821549,-0.1648606639355421,0.928855549544096,-0.9651481276378036,0.5977980358028128,53.0
2015-07-22,30.497499465942383,31.375,30.497499465942383,31.30500030517578,461802400,-0.32043711967999117,-12.817484787199646,0.9369587479159236,-0.9639576305635273,0.600128914896389,40.0
2015-07-23,31.549999237060547,31.772499084472656,31.26499938964844,31.290000915527344,203998000,0.2928655603900552,2.928655603900552,0.9435347858816385,-0.9275755286216736,0.607377460716378,10.0
2015-07-24,31.32999992370605,31.434999465942383,30.975000381469727,31.125,168649200,-0.1962283841955165,-1.177370305173099,0.7495963387191296,-0.9445298230275512,0.6394556474429056,6.0
2015-07-27,30.772499084472656,30.90250015258789,30.530000686645508,30.6924991607666,177822000,-0.013573418903563703,-0.09501393232494593,0.8817397952079773,-0.9440817041322589,0.5425420809607615,7.0
2015-07-28,30.84499931335449,30.977500915527344,30.637500762939453,30.84499931335449,134472400,-0.025249954933921497,-0.07574986480176449,0.08626530133187771,-0.20230860635638237,0.15505056444952026,3.0
2015-07-29,30.787500381469727,30.875,30.5674991607666,30.747499465942383,148046800,0.5462446149128178,1.6387338447384536,0.8965118685737252,0.23380146408453584,0.33297036973411914,3.0
2015-07-30,30.57999992370605,30.64249992370605,30.427499771118164,30.592500686645508,134513200,-0.13600712222978473,-0.5440284889191389,0.11041015200316906,-0.688991904258728,0.3745875066144674,4.0
2015-07-31,30.649999618530277,30.65999984741211,30.227500915527344,30.325000762939453,171540000,-0.3417082104831934,-1.708541052415967,0.14936147816479206,-0.92038762755692,0.5244564382413521,5.0
2015-08-03,30.375,30.64249992370605,29.3799991607666,29.61000061035156,279904000,-0.2043733611702919,-1.0218668058514595,0.9150037225335836,-0.9627851694822311,0.7826279430290322,5.0
2015-08-04,29.354999542236328,29.424999237060547,28.3125,28.65999984741211,496554400,-0.15011442874503486,-2.5519452886655927,0.8400655807927251,-0.9633705541491508,0.49364667593147044,17.0
2015-08-05,28.237499237060547,29.36000061035156,28.024999618530277,28.850000381469727,397250400,-0.3545537508196301,-6.381967514753342,0.508420318365097,-0.9643155047670007,0.5361671874392983,18.0
2015-08-06,28.99250030517578,29.125,28.530000686645508,28.78249931335449,211612000,0.01644530426710844,0.2960154768079519,0.9267061576247215,-0.9440816976130009,0.6321994728359202,18.0
2015-08-07,28.645000457763672,29.0625,28.625,28.8799991607666,154681600,-0.3500986350700259,-1.4003945402801037,0.1295538768172264,-0.8776009008288383,0.5503985531498736,4.0
2015-08-10,29.13249969482422,29.997499465942383,29.13249969482422,29.93000030517578,219806400,-0.1440648926422,-1.440648926422,0.6410586582496762,-0.9337955862283707,0.5205818643903528,10.0
2015-08-11,29.45249938964844,29.545000076293945,28.332500457763672,28.372499465942383,388331200,-0.3314421441067349,-3.6458635851740837,0.7028707042336464,-0.9504293445497751,0.554488670226195,11.0
2015-08-12,28.13249969482422,28.854999542236328,27.40749931335449,28.809999465942383,404870000,-0.07302814908325672,-0.6572533417493105,0.9202621933072805,-0.937274269759655,0.6545479648906904,9.0
2015-08-13,29.01000022888184,29.100000381469727,28.63500022888184,28.787500381469727,194143200,-0.09106990674303637,-1.6392583213746548,0.6268976600840688,-0.9467314360663295,0.4556644916234482,18.0
2015-08-14,28.57999992370605,29.07749938964844,28.502500534057617,28.989999771118164,171718000,0.07548055093502626,0.6038444074802101,0.7196526024490595,-0.9671838884241879,0.5066035760130991,8.0
2015-08-17,29.01000022888184,29.412500381469727,28.875,29.290000915527344,163538800,-0.03268346225377172,-0.5229353960603476,0.9245733274146914,-0.961500870063901,0.5256694077492224,16.0
2015-08-18,29.107500076293945,29.36000061035156,29.002500534057617,29.125,138242800,0.01512076293251344,0.10584534052759409,0.528553276322782,-0.5412659049034119,0.31551469734112436,7.0
2015-08-19,29.024999618530277,29.1299991607666,28.670000076293945,28.752500534057617,193146000,-0.2653091703541577,-2.1224733628332615,0.10813068225979805,-0.8937577828764915,0.436652066116182,8.0
2015-08-20,28.520000457763672,28.587499618530277,27.90749931335449,28.162500381469727,274006400,-0.09868663003934282,-0.6908064102753997,0.9285935740917921,-0.9620144898071885,0.6172341610213755,7.0
2015-08-21,27.607500076293945,27.975000381469727,26.412500381469727,26.440000534057617,513102000,-0.2595148675941995,-1.8166040731593966,0.7569493865594268,-0.9372742772102356,0.62916504840211,7.0
2015-08-24,23.717500686645508,27.200000762939453,23.0,25.780000686645508,648825200,-0.04203357184305787,-0.8406714368611574,0.9356785798445344,-0.9569200333207846,0.7173565651907821,20.0
2015-08-25,27.77750015258789,27.77750015258789,25.875,25.934999465942383,414406400,-0.08832154566577326,-2.119717095978558,0.8914939872920513,-0.9631077395752072,0.5428723199266611,24.0
2015-08-26,26.772499084472656,27.47249984741211,26.262500762939453,27.42250061035156,387098400,0.18872691672295333,0.9436345836147666,0.930977632291615,-0.04617154784500599,0.4161222041003699,5.0
2015-08-27,28.0575008392334,28.309999465942383,27.5049991607666,28.229999542236328,338464400,0.055725257471203805,0.8358788620680571,0.9392084032297134,-0.8940637623891234,0.5975905784127612,15.0
2015-08-28,28.042499542236328,28.32749938964844,27.88500022888184,28.32250022888184,212657600,-0.23992324569685894,-2.639155702665448,0.8959448058158159,-0.9678101921454072,0.5946808303676857,11.0
2015-08-31,28.00749969482422,28.63249969482422,28.0,28.190000534057617,224917200,0.263077242175738,3.9461586326360703,0.9256306495517492,-0.8294320404529572,0.5253801087089158,15.0
2015-09-01,27.537500381469727,27.96999931335449,26.84000015258789,26.93000030517578,307383600,-0.05403225770329728,-0.9185483809560537,0.7082241326570511,-0.7807988151907921,0.33021039147015185,17.0
2015-09-02,27.5575008392334,28.084999084472656,27.28249931335449,28.084999084472656,247555200,-0.15925130209264657,-0.9555078125558794,0.4457674855366349,-0.9512674389407039,0.5760651290294647,6.0
2015-09-03,28.122499465942383,28.19499969482422,27.51000022888184,27.592500686645508,212935600,0.11649844981729984,1.0484860483556986,0.8070398131385446,-0.9565933486446738,0.6818175816573695,9.0
2015-09-04,27.24250030517578,27.612499237060547,27.127500534057617,27.3174991607666,199985200,-0.884688438847661,-0.884688438847661,-0.884688438847661,-0.884688438847661,0.0,1.0
2015-09-08,27.9375,28.13999938964844,27.57999992370605,28.07749938964844,219374400,0.11477795485407113,1.1477795485407114,0.8357201181352139,-0.6342343538999557,0.386104525731769,10.0
2015-09-09,28.440000534057617,28.5049991607666,27.4424991607666,27.537500381469727,340043200,0.08451966043777656,5.8318565702065825,0.9383305385708809,-0.9441728116944432,0.4001300495210014,69.0
2015-09-10,27.5674991607666,28.31999969482422,27.475000381469727,28.14249992370605,251571200,0.21742929491954735,8.479742501862347,0.9368846137076616,-0.9380877083167434,0.6130379845562324,39.0
2015-09-11,27.94750022888184,28.552499771118164,27.940000534057617,28.552499771118164,199662000,0.1427572537213564,0.8565435223281384,0.8911954071372747,-0.37475835159420967,0.4206780032956473,6.0
2015-09-14,29.145000457763672,29.22249984741211,28.71500015258789,28.82749938964844,233453600,0.0953092465060763,1.524947944097221,0.9347544852644205,-0.9546986920759082,0.6962061659262915,16.0
2015-09-15,28.982500076293945,29.13249969482422,28.604999542236328,29.06999969482422,173364800,0.06946618626402183,0.7641280489042401,0.9334537256509066,-0.8982001328840852,0.6780148126880404,11.0
2015-09-16,29.0625,29.13500022888184,28.86000061035156,29.102500915527344,148694000,0.04698893676201502,0.7048340514302254,0.9357386436313391,-0.9571459572762251,0.684110498507677,15.0
2015-09-17,28.915000915527344,29.122499465942383,28.43000030517578,28.479999542236328,256450400,-0.7114110147314412,-4.979877103120089,-0.2953566163778305,-0.9568166267126799,0.27307672025222046,7.0
2015-09-18,28.052499771118164,28.575000762939453,27.967500686645508,28.362499237060547,297141200,-0.2990632834844291,-1.7943797009065747,0.9286822732537985,-0.937274269759655,0.7448595982546813,6.0
2015-09-21,28.417499542236328,28.842500686645508,28.415000915527344,28.802499771118164,200888000,0.25627210796810684,5.125442159362137,0.9339419240131974,-0.9387032762169838,0.5394482501147566,20.0
2015-09-22,28.34499931335449,28.545000076293945,28.1299991607666,28.350000381469727,201384800,0.1588983374647796,2.3834750619716942,0.9397891098633409,-0.939911637455225,0.7657379474146048,15.0
2015-09-23,28.40749931335449,28.68000030517578,28.325000762939453,28.57999992370605,143026800,0.1210564449429512,0.3631693348288536,0.4881250262260437,-0.3586229085922241,0.4344610521095743,3.0
2015-09-24,28.3125,28.875,28.092500686645508,28.75,200878000,0.013593319927652676,0.20389979891479015,0.9138930663466454,-0.9265981931239367,0.3943354839391788,15.0
2015-09-25,29.11000061035156,29.17250061035156,28.5049991607666,28.677499771118164,224607600,-0.32456228439696133,-1.2982491375878453,0.29371896106749773,-0.9067600816488266,0.5164879501209034,4.0
2015-09-28,28.462499618530277,28.64249992370605,28.11000061035156,28.11000061035156,208436000,0.0799994425346645,2.079985505901277,0.9313428662717342,-0.9426944199949503,0.6085470039765553,26.0
2015-09-29,28.207500457763672,28.377500534057617,26.96500015258789,27.26499938964844,293461600,0.18384482482956213,2.0222930731251836,0.8932631080970168,-0.8826954588294029,0.5829606262295498,11.0
2015-09-30,27.542499542236328,27.88500022888184,27.1825008392334,27.575000762939453,265892000,0.04012947811279446,0.8025895622558892,0.9324990659952164,-0.8400637060403824,0.40760867121560773,20.0
2015-10-01,27.26749992370605,27.405000686645508,26.82749938964844,27.395000457763672,255716400,-0.4258662310118477,-3.832796079106629,0.35266841668635607,-0.9495866671204567,0.516633037769728,9.0
2015-10-02,27.002500534057617,27.752500534057617,26.887500762939453,27.59499931335449,232079200,0.2987660344224423,1.1950641376897693,0.9163007596507668,-0.0004475340247154236,0.42865924399152955,4.0
2015-10-05,27.46999931335449,27.842500686645508,27.26749992370605,27.69499969482422,208258800,-0.4452355997636914,-6.678533996455371,0.5699388002976775,-0.9661939153447747,0.49657121965850715,15.0
2015-10-06,27.65749931335449,27.934999465942383,27.4424991607666,27.82749938964844,192787200,0.268113890130605,1.8767972309142351,0.9146289806813002,-0.9167867321521044,0.6359519579250742,7.0
2015-10-07,27.934999465942383,27.9424991607666,27.352500915527344,27.69499969482422,187062400,-0.45703699602745473,-2.7422219761647284,0.9119697231799364,-0.968618927989155,0.7901560045807564,6.0
2015-10-08,27.54750061035156,27.54750061035156,27.052499771118164,27.375,247918400,-0.7438126507215201,-3.719063253607601,0.04227797873318195,-0.9644059068523347,0.43991642867011,5.0
2015-10-09,27.5,28.06999969482422,27.372499465942383,28.030000686645508,211064400,-0.007357077673077583,-0.02207123301923275,0.9011472128331661,-0.8960488233715296,0.8987618154084474,3.0
2015-10-12,28.1825008392334,28.1875,27.86000061035156,27.899999618530277,121868800,0.46746962719286483,2.804817763157189,0.9077399596571922,-0.00787927582859993,0.458886406833904,6.0
2015-10-13,27.70499992370605,28.112499237060547,27.670000076293945,27.94750022888184,132197200,-0.029440843127667905,-0.14720421563833952,0.4148950595408678,-0.8228742610663176,0.4664829093390124,5.0
2015-10-14,27.82250022888184,27.8799991607666,27.38999938964844,27.552499771118164,177849600,-0.12303397161886095,-1.2303397161886096,0.698209822177887,-0.9450017008930445,0.569335668575577,10.0
2015-10-15,27.732500076293945,28.024999618530277,27.622499465942383,27.96500015258789,150694000,-0.08172479309141636,-0.4086239654570818,0.3435245417058468,-0.9501648331061006,0.5019543786561813,5.0
2015-10-16,27.94499969482422,28.0,27.63249969482422,27.76000022888184,156930400,0.03852014522999525,0.0770402904599905,0.05598119832575321,0.02105909213423729,0.024693658101337626,2.0
2015-10-19,27.700000762939453,27.9375,27.52750015258789,27.9325008392334,119036800,-0.41135173942893744,-0.8227034788578749,0.05498473905026913,-0.877688217908144,0.6594993724946029,2.0
2015-10-20,27.834999084472656,28.542499542236328,27.70499992370605,28.4424991607666,195871200,0.07472093030810356,0.44832558184862137,0.9319419367238879,-0.5683074072003365,0.5584724598940709,6.0
2015-10-21,28.5,28.895000457763672,28.424999237060547,28.440000534057617,167180800,0.2534616658464074,1.267308329232037,0.9360141903162003,-0.6364027746021748,0.6639509230764619,5.0
2015-10-22,28.582500457763672,28.875,28.524999618530277,28.875,166616400,0.060686985651652016,0.18206095695495605,0.25062233209609985,-0.06187543272972107,0.16678743007831168,3.0
2015-10-23,29.174999237060547,29.8075008392334,29.082500457763672,29.770000457763672,237467600,-0.22629226772114636,-2.2629226772114635,0.8600354073569179,-0.9598902110010386,0.648372915131573,10.0
2015-10-26,29.520000457763672,29.53249931335449,28.729999542236328,28.81999969482422,265335200,0.03959847809303375,0.8315680399537086,0.8998395018279552,-0.8829450290650129,0.46365698138007505,21.0
2015-10-27,28.850000381469727,29.13500022888184,28.497499465942383,28.637500762939453,279537600,-0.1463767049834132,-3.6594176245853305,0.9353608265519142,-0.9609324093908072,0.6438729009889103,25.0
2015-10-28,29.232500076293945,29.825000762939453,29.01499938964844,29.8174991607666,342205600,0.26641091446463877,6.926683776080608,0.9235595371574163,-0.8464138098061085,0.532720811292601,26.0
2015-10-29,29.674999237060547,30.17250061035156,29.5674991607666,30.13249969482422,204909200,0.06710611904660861,0.20131835713982582,0.13271477818489075,0.01899578794836998,0.05884425034148372,3.0
2015-10-30,30.247499465942383,30.30500030517578,29.862499237060547,29.875,197461200,0.20212608808651567,0.8085043523460627,0.8794745542109013,-0.08785542100667953,0.45432141457064235,4.0
2015-11-02,30.200000762939453,30.34000015258789,29.90250015258789,30.295000076293945,128813200,-0.26298916960755986,-0.7889675088226795,0.8889222294092178,-0.9403473995625973,1.002724975538944,3.0
2015-11-03,30.19750022888184,30.872499465942383,30.174999237060547,30.64249992370605,182076000,-0.00484457394729058,-0.029067443683743477,0.8209934681653976,-0.9381076265126467,0.6328646270227831,6.0
2015-11-04,30.78249931335449,30.95499992370605,30.405000686645508,30.5,179544400,0.09415497677400708,0.5649298606440425,0.9273805525153875,-0.8324855975806713,0.5578049211785939,6.0
2015-11-05,30.462499618530277,30.67250061035156,30.045000076293945,30.229999542236328,158210800,-0.25297459680587053,-1.2648729840293527,0.2664853995665908,-0.9587346725165844,0.5979215842085749,5.0
2015-11-06,30.27750015258789,30.45249938964844,30.155000686645508,30.26499938964844,132169200,0.35511323623359203,1.065339708700776,0.8987051332369447,0.009650588035583496,0.4764933320728919,3.0
2015-11-09,30.239999771118164,30.45249938964844,30.012500762939453,30.14249992370605,135485600,0.22240493749268353,2.2240493749268353,0.8378312936984003,-0.9440816920250654,0.5595197448471132,10.0
2015-11-10,29.225000381469727,29.51749992370605,29.01499938964844,29.1924991607666,236511600,-0.010119059821590781,-0.1619049571454525,0.9340709410607815,-0.964281840249896,0.7080975585829157,16.0
2015-11-11,29.092500686645508,29.354999542236328,28.802499771118164,29.02750015258789,180872000,-0.16296016983687878,-1.3036813586950302,0.6697167800739408,-0.9534641662612557,0.5508173421390961,8.0
2015-11-12,29.065000534057617,29.20499992370605,28.912500381469727,28.93000030517578,130102400,-0.6080043723341078,-2.432017489336431,-0.016000639647245407,-0.9568960247561336,0.41018552949327935,4.0
2015-11-13,28.799999237060547,28.89249992370605,28.0674991607666,28.084999084472656,183249600,-0.4597102636471391,-1.8388410545885563,0.06770805828273296,-0.9302892368286848,0.535395248762268,4.0
2015-11-16,27.84499931335449,28.559999465942383,27.75,28.545000076293945,152426800,-0.004125565232243389,-0.03300452185794711,0.9186753984540701,-0.9040957912802696,0.7164808850009113,8.0
2015-11-17,28.729999542236328,28.762500762939453,28.32999992370605,28.42250061035156,110467600,0.3431264782945315,1.0293794348835945,0.9387979377061129,0.02802428975701332,0.5161554962109094,3.0
2015-11-18,28.940000534057617,29.372499465942383,28.875,29.32250022888184,186698800,0.4384688558903607,4.823157414793968,0.9298406904563308,0.014097582548856735,0.37883663954986213,11.0
2015-11-19,29.40999984741211,29.9375,29.190000534057617,29.69499969482422,173183200,0.2702946310791259,3.513830204028636,0.927625154145062,-0.9310423266142607,0.5847900271170776,13.0
2015-11-20,29.799999237060547,29.979999542236328,29.712499618530277,29.825000762939453,137148400,0.14847457005331913,0.8908474203199148,0.768717685714364,-0.4017895236611366,0.4486765422159216,6.0
2015-11-23,29.8174991607666,29.9325008392334,29.334999084472656,29.4375,129930000,-0.006423513405025005,-0.01284702681005001,0.05972307361662388,-0.07257010042667389,0.093545400470708,2.0
2015-11-24,29.332500457763672,29.837499618530277,29.280000686645508,29.71999931335449,171212800,-0.06627200078219175,-0.1325440015643835,0.030822036787867546,-0.16336603835225105,0.1373117047571407,2.0
2015-11-25,29.802499771118164,29.8075008392334,29.479999542236328,29.50749969482422,85553200,0.4274459342705086,3.4195674741640687,0.9419800415635109,-0.18269632756710052,0.43509666729736507,8.0
2015-11-27,29.57250022888184,29.602500915527344,29.399999618530277,29.45249938964844,52185600,-0.17997784223407506,-0.8998892111703753,0.33448444679379463,-0.9295489406213164,0.5031916131776376,5.0
2015-11-30,29.497499465942383,29.852500915527344,29.4375,29.575000762939453,156721200,-0.11119257938116789,-0.8895406350493431,0.6080808397382498,-0.9440816976130009,0.4790697220309281,8.0
2015-12-01,29.6875,29.70249938964844,29.21500015258789,29.334999084472656,139409600,-0.3637673662115748,-4.7289757607504725,0.6839341223239899,-0.9588017128407955,0.6802912244770255,13.0
2015-12-02,29.334999084472656,29.52750015258789,29.020000457763672,29.06999969482422,133546400,0.4474826492369175,1.78993059694767,0.911050396040082,0.013558447360992432,0.4572194653037685,4.0
2015-12-03,29.137500762939453,29.19750022888184,28.55500030517578,28.799999237060547,166278000,0.02848159149289131,0.11392636597156525,0.12733686342835426,-0.08540253341197968,0.08728288448481031,4.0
2015-12-04,28.82250022888184,29.8125,28.77750015258789,29.75749969482422,231108000,-0.06392064047977328,-0.6392064047977328,0.9188941363245249,-0.933633403852582,0.4885108294462578,10.0
2015-12-07,29.7450008392334,29.96500015258789,29.45249938964844,29.56999969482422,128336800,0.04872582894232538,0.4385324604809284,0.9350753948092461,-0.9476944673806429,0.7313283427745081,9.0
2015-12-08,29.3799991607666,29.649999618530277,29.21500015258789,29.5575008392334,137238000,-0.02176434706364359,-0.15235042944550514,0.8947611190378666,-0.9383270051330328,0.5788568783730665,7.0
2015-12-09,29.40999984741211,29.42250061035156,28.770000457763672,28.905000686645508,185445600,-0.08452881695702671,-0.8452881695702672,0.8475270308554173,-0.94655966386199,0.5874034406694384,10.0
2015-12-10,29.01000022888184,29.23500061035156,28.877500534057617,29.042499542236328,116850800,0.2189686735160649,2.189686735160649,0.8796601742506027,-0.0161023810505867,0.2931918280501867,10.0
2015-12-11,28.79750061035156,28.84749984741211,28.212499618530277,28.295000076293945,187544800,-0.08302507270127535,-0.8302507270127535,0.5232924371957779,-0.9580896534025669,0.5427426767077542,10.0
2015-12-14,28.045000076293945,28.170000076293945,27.44750022888184,28.1200008392334,257274800,-0.650881953123543,-5.857937578111887,0.17012545466423035,-0.9571231137961149,0.4297004555247149,9.0
2015-12-15,27.98500061035156,28.200000762939453,27.587499618530277,27.622499465942383,213292400,-0.21145088978422186,-3.8061160161159933,0.9323360221460462,-0.9612810988910496,0.6321963494641683,18.0
2015-12-16,27.76749992370605,27.997499465942383,27.200000762939453,27.834999084472656,224954000,-0.3677494766190648,-3.677494766190648,0.2445266004651785,-0.9632358811795712,0.520832606845221,10.0
2015-12-17,28.0049991607666,28.0625,27.2450008392334,27.2450008392334,179091200,0.326030102558434,1.956180615350604,0.9126932248473167,-0.046504778787493706,0.4545104565468384,6.0
2015-12-18,27.227500915527344,27.3799991607666,26.45249938964844,26.50749969482422,385813200,0.0640964787453413,0.5768683087080717,0.7297601802274585,-0.7458131313323975,0.38904387655126965,9.0
2015-12-21,26.81999969482422,26.842500686645508,26.39249992370605,26.832500457763672,190362400,0.27950804659093803,3.6336046056821942,0.8221013024449348,-0.1916584726423025,0.325182900740846,13.0
2015-12-22,26.850000381469727,26.93000030517578,26.612499237060547,26.8075008392334,131157600,-0.1227482355792414,-1.3502305913716555,0.7108436487615108,-0.94996696151793,0.5558060641627822,11.0
2015-12-23,26.8174991607666,27.212499618530277,26.799999237060547,27.15250015258789,130629600,-0.3675450475420803,-4.410540570504963,0.9230871358886361,-0.955789408646524,0.7401335108115618,12.0
2015-12-24,27.25,27.25,26.987499237060547,27.00749969482422,54281600,-0.4843360548838973,-0.9686721097677946,-0.042867427691817284,-0.9258046820759773,0.6243309199372713,2.0
2015-12-28,26.897499084472656,26.92250061035156,26.545000076293945,26.70499992370605,106816800,0.13806568988813803,1.7948539685457945,0.902478527277708,-0.9528484214097261,0.6314713794658802,13.0
2015-12-29,26.739999771118164,27.357500076293945,26.71500015258789,27.184999465942383,123724800,0.11211275037091512,1.4574657548218966,0.9213208639994264,-0.9594820728525519,0.5618943846286899,13.0
2015-12-30,27.145000457763672,27.174999237060547,26.795000076293945,26.82999992370605,100855200,0.11830052609244983,1.4196063131093979,0.9367723483592272,-0.9440816920250654,0.694447675771138,12.0
2015-12-31,26.752500534057617,26.75749969482422,26.20499992370605,26.315000534057617,163649200,-0.047033512964844704,-0.1411005388945341,0.6711153108626604,-0.9179561212658882,0.8054761796717173,3.0
2016-01-04,25.65250015258789,26.342500686645508,25.5,26.337499618530277,270597600,0.07456719782203436,0.6711047803983092,0.9243157021701336,-0.92594163864851,0.6313417680989963,9.0
2016-01-05,26.4375,26.462499618530277,25.602500915527344,25.677499771118164,223164000,-0.35728420231204766,-4.64469463005662,0.2258948376402259,-0.9651947151869535,0.46136254689059086,13.0
2016-01-06,25.13999938964844,25.592500686645508,24.967500686645508,25.174999237060547,273829600,-0.2152805404815202,-5.166732971556485,0.8918428309261799,-0.964824166148901,0.5924276182354654,24.0
2016-01-07,24.670000076293945,25.03249931335449,24.107500076293945,24.112499237060547,324377600,-0.2065868305175432,-4.3383234408684075,0.8691801363602281,-0.9678293564356863,0.5849412891021398,21.0
2016-01-08,24.637500762939453,24.77750015258789,24.190000534057617,24.239999771118164,283192000,-0.27905407128855586,-8.929730281233788,0.8583040828816593,-0.9687924426980317,0.6127908662729292,32.0
2016-01-11,24.74250030517578,24.76499938964844,24.334999084472656,24.63249969482422,198957600,-0.08441782680650552,-1.2662674020975828,0.9347468912601471,-0.936097277328372,0.6018668496553327,15.0
2016-01-12,25.137500762939453,25.17250061035156,24.709999084472656,24.989999771118164,196616800,-0.03371352758258581,-0.6742705516517162,0.933381287381053,-0.9535259334370494,0.614271650833063,20.0
2016-01-13,25.07999992370605,25.29750061035156,24.325000762939453,24.34749984741211,249758400,-0.2687397789210081,-4.031096683815122,0.9137752372771502,-0.9638455910608172,0.6553547582441163,15.0
2016-01-14,24.489999771118164,25.1200008392334,23.934999465942383,24.8799991607666,252680400,-0.09484167679329403,-1.5174668286927044,0.884978398680687,-0.9431755673140287,0.4987021412367443,16.0
2016-01-15,24.049999237060547,24.427499771118164,23.84000015258789,24.28249931335449,319335600,-0.27642242703586817,-2.4878018433228135,0.19273688830435276,-0.9551316304132342,0.4469581924245261,9.0
2016-01-19,24.602500915527344,24.662500381469727,23.875,24.165000915527344,212350800,0.06165002487250604,0.9864003979600966,0.8467776263132691,-0.9648029250092804,0.6196557730996465,16.0
2016-01-20,23.774999618530277,24.54750061035156,23.354999542236328,24.19750022888184,289337600,0.021398152817379345,0.2353796809911728,0.8703567292541265,-0.9439552240073681,0.5083061449775274,11.0
2016-01-21,24.26499938964844,24.46999931335449,23.73500061035156,24.075000762939453,208646000,-0.15901199984364212,-1.9081439981237054,0.3194918632507324,-0.9365881644189358,0.4370633422770087,12.0
2016-01-22,24.65749931335449,25.364999771118164,24.592500686645508,25.354999542236328,263202000,-0.0054053378601868944,-0.0972960814833641,0.8385234624147415,-0.965247131884098,0.4332433384332473,18.0
2016-01-25,25.3799991607666,25.38249969482422,24.802499771118164,24.86000061035156,207178000,-0.11731260302476584,-3.5193780907429755,0.9136544037610292,-0.9631290808320045,0.6151499849294758,30.0
2016-01-26,24.982500076293945,25.21999931335449,24.51749992370605,24.997499465942383,300308000,-0.0674005458554761,-2.9656240176409483,0.9326889142394066,-0.9644194534048438,0.6196345191428781,44.0
2016-01-27,24.01000022888184,24.15749931335449,23.334999084472656,23.354999542236328,533478800,-0.13808862954348086,-8.561495031695813,0.9404116198420525,-0.9527706149965525,0.6197064937034963,62.0
2016-01-28,23.44750022888184,23.6299991607666,23.09749984741211,23.522499084472656,222715200,-0.18893240218361218,-2.833986032754183,0.8978631570935249,-0.9416589271277189,0.4825453810434648,15.0
2016-01-29,23.69750022888184,24.334999084472656,23.587499618530277,24.334999084472656,257666000,0.00643574410619644,0.08366467338055372,0.8653905335813761,-0.9314385522156954,0.5108227291638991,13.0
2016-02-01,24.11750030517578,24.177499771118164,23.850000381469727,24.107500076293945,163774000,-0.035230096572866805,-0.4579912554472685,0.6852903235703707,-0.84669095184654,0.3746089378187033,13.0
2016-02-02,23.854999542236328,24.01000022888184,23.56999969482422,23.6200008392334,149428800,0.08829388427822028,1.500996032729745,0.9341255202889442,-0.9538821280002594,0.4289395777340518,17.0
2016-02-03,23.75,24.209999084472656,23.520000457763672,24.087499618530277,183857200,-0.12107291274393599,-0.7264374764636159,0.9357470273971558,-0.9515317166224122,0.6897895132913424,6.0
2016-02-04,23.96500015258789,24.332500457763672,23.79750061035156,24.149999618530277,185886800,0.5564584456892177,6.121042902581394,0.9346457086503506,0.029496164992451668,0.37538130726247093,11.0
2016-02-05,24.1299991607666,24.229999542236328,23.42250061035156,23.5049991607666,185672400,0.0875709105283022,0.43785455264151096,0.8557366570457816,-0.9364359639585018,0.6649842498450422,5.0
2016-02-08,23.28249931335449,23.924999237060547,23.26000022888184,23.752500534057617,216085600,0.10193769194302149,1.6310030710883439,0.8990810522809625,-0.962942196521908,0.5123045371507846,16.0
2016-02-09,23.57250022888184,23.98500061035156,23.482500076293945,23.747499465942383,177324800,-0.2125842315144837,-1.2755053890869021,0.015562910586595535,-0.9302183585241437,0.36380194939273536,6.0
2016-02-10,23.979999542236328,24.087499618530277,23.524999618530277,23.5674991607666,169374400,-0.2027693958953023,-0.4055387917906046,0.005440963432192802,-0.4109797552227974,0.294453913987519,2.0
2016-02-11,23.44750022888184,23.68000030517578,23.147499084472656,23.424999237060547,200298800,-0.3322999740485102,-1.3291998961940408,0.2066350243985653,-0.8644734313711524,0.523184664710689,4.0
2016-02-12,23.54750061035156,23.625,23.252500534057617,23.497499465942383,161405600,-0.22424464471017322,-2.6909357365220785,0.7216643001884222,-0.9359913654625416,0.5589440539294008,12.0
2016-02-16,23.7549991607666,24.212499618530277,23.65250015258789,24.15999984741211,196231600,-0.05487084987742657,-1.2071586973033845,0.8794896379113197,-0.9041246362030506,0.5994341379395034,22.0
2016-02-17,24.167499542236328,24.552499771118164,24.037500381469727,24.530000686645508,179452800,-0.22943742797993447,-5.277060843538493,0.8780933059751987,-0.9646899299696088,0.5230125386234608,23.0
2016-02-18,24.709999084472656,24.72249984741211,24.022499084472656,24.065000534057617,156084000,0.008986370722678575,0.09885007794946432,0.8913934174925089,-0.7581236846745014,0.5031349464606235,11.0
2016-02-19,24.0,24.190000534057617,23.950000762939453,24.01000022888184,141496800,-0.16905493661761284,-1.6905493661761284,0.9215098340064287,-0.8845037370920181,0.6114671261238716,10.0
2016-02-22,24.07749938964844,24.225000381469727,23.979999542236328,24.21999931335449,137123200,-0.3079975734331778,-4.311966028064489,0.9206117894500494,-0.9516159081831574,0.6541662677465975,14.0
2016-02-23,24.100000381469727,24.125,23.637500762939453,23.67250061035156,127770400,0.30208164107586655,2.114571487531066,0.9305206649005413,-0.04153253510594368,0.42130899767424945,7.0
2016-02-24,23.4950008392334,24.09499931335449,23.32999992370605,24.024999618530277,145022800,-0.28494423609226943,-4.274163541384041,0.9306203909218311,-0.9658551104366779,0.6590220483016463,15.0
2016-02-25,24.012500762939453,24.190000534057617,23.8125,24.190000534057617,110330800,-0.17196920650223127,-2.2355996845290065,0.9055916033685207,-0.9600732224062085,0.6080428441695972,13.0
2016-02-26,24.299999237060547,24.5049991607666,24.145000457763672,24.227500915527344,115964400,0.25079683367429034,1.7555778357200325,0.9362589465454221,-0.9267196133732796,0.7313382798364777,7.0
2016-02-29,24.21500015258789,24.5575008392334,24.162500381469727,24.17250061035156,140865200,0.012925678631290793,0.10340542905032635,0.8359754085540771,-0.9124796576797962,0.6662743974056728,8.0
2016-03-01,24.412500381469727,25.1924991607666,24.354999542236328,25.13249969482422,201628400,-0.253116169013083,-2.53116169013083,0.6985064148902893,-0.9452479798346758,0.5320049254676197,10.0
2016-03-02,25.127500534057617,25.22249984741211,24.90999984741211,25.1875,132678400,-0.1987658318830654,-1.5901266550645232,0.935725087299943,-0.9552952349185944,0.8549507857550215,8.0
2016-03-03,25.145000457763672,25.427499771118164,25.112499237060547,25.375,147822800,-0.24486801847815515,-2.4486801847815514,0.8659481387585402,-0.9361601900309324,0.645974577654512,10.0
2016-03-04,25.592500686645508,25.9375,25.342500686645508,25.752500534057617,184220400,0.34282234652588767,4.113868158310652,0.9402616284787655,-0.9559737192466855,0.6866645999737031,12.0
2016-03-07,25.59749984741211,25.707500457763672,25.239999771118164,25.467500686645508,143315600,-0.1299023861065507,-1.299023861065507,0.9293223023414612,-0.8709427267313004,0.6338510599886417,10.0
2016-03-08,25.19499969482422,25.440000534057617,25.100000381469727,25.25749969482422,126247600,-0.0856188276472191,-0.2568564829416573,0.8759696329943836,-0.7122170403599739,0.8454277479540568,3.0
2016-03-09,25.32749938964844,25.395000457763672,25.0674991607666,25.280000686645508,108806800,-0.132902801502496,-0.531611206009984,0.16283005475997925,-0.7224804144352674,0.39926305146800123,4.0
2016-03-10,25.352500915527344,25.559999465942383,25.037500381469727,25.292499542236328,134054400,-0.42473422761329194,-4.6720765037462115,0.17934418935328722,-0.9568747458979487,0.4116480159569131,11.0
2016-03-11,25.559999465942383,25.56999969482422,25.375,25.565000534057617,109632800,0.5233969592954963,2.0935878371819854,0.9355460125952959,-0.038105640560388565,0.48716890527710854,4.0
2016-03-14,25.477500915527344,25.727500915527344,25.44499969482422,25.6299991607666,100304400,0.23222109923760095,0.6966632977128029,0.6413329485803843,-0.0395515114068985,0.36062093925299393,3.0
2016-03-15,25.989999771118164,26.295000076293945,25.962499618530277,26.145000457763672,160270800,0.01855998452414166,0.20415982976555824,0.8200949998572469,-0.9304640796035528,0.5269282444567845,11.0
2016-03-16,26.15250015258789,26.57749938964844,26.147499084472656,26.49250030517578,153214000,-0.2310528002368907,-1.3863168014213443,0.36315824557095766,-0.8988500162959099,0.4777596534000598,6.0
2016-03-17,26.3799991607666,26.61750030517578,26.239999771118164,26.450000762939453,137682800,0.18873972733589736,2.076137000694871,0.9200629647821188,-0.9555205032229424,0.6232094529235412,11.0
2016-03-18,26.584999084472656,26.625,26.29750061035156,26.479999542236328,176820800,-0.0008584660744028432,-0.012018525041639805,0.9267056044191122,-0.9552686177194118,0.6220803158243863,14.0
2016-03-21,26.482500076293945,26.912500381469727,26.28499984741211,26.477500915527344,142010800,0.039979086590132544,1.1194144245237112,0.9299338329583406,-0.957645614631474,0.5009705401910433,28.0
2016-03-22,26.3125,26.82250022888184,26.302499771118164,26.68000030517578,129777600,-0.009690811986931495,-0.17443461576476693,0.931581623852253,-0.9478211626410484,0.7391028370843892,18.0
2016-03-23,26.6200008392334,26.76749992370605,26.475000381469727,26.53249931335449,102814000,-0.2250987645238638,-0.9003950580954552,0.0801895335316658,-0.9441205561161041,0.4829930658541282,4.0
2016-03-24,26.36750030517578,26.5625,26.22249984741211,26.417499542236328,104532000,-0.12152385797041158,-0.7291431478224695,0.2775760404765606,-0.9633750221692026,0.44919809695432333,6.0
2016-03-28,26.5,26.54750061035156,26.26499938964844,26.29750061035156,77645600,0.15319251309015922,3.2170427748933434,0.9381669219583273,-0.8456830531358719,0.5462135807591458,21.0
2016-03-29,26.22249984741211,26.94750022888184,26.21999931335449,26.920000076293945,124760400,-0.21127453499606677,-1.4789217449724674,0.5739808678627014,-0.9304640796035528,0.49902499091108204,7.0
2016-03-30,27.162500381469727,27.604999542236328,27.149999618530277,27.38999938964844,182404400,0.48649723071139306,3.8919778456911445,0.9108639694750309,-0.040868086740374565,0.4371156793857316,8.0
2016-03-31,27.43000030517578,27.475000381469727,27.21999931335449,27.247499465942383,103553600,-0.08550503951582042,-0.9405554346740246,0.8589354120194912,-0.9613544307649136,0.6174204920015934,11.0
2016-04-01,27.19499969482422,27.5,27.049999237060547,27.497499465942383,103496000,0.5752815688028932,2.876407844014466,0.9300060328096151,-0.06469813920557499,0.43998672616621576,5.0
2016-04-04,27.604999542236328,28.04750061035156,27.5674991607666,27.780000686645508,149424800,-0.11444492998998612,-1.831118879839778,0.9320656815543771,-0.9645735640078783,0.7175881218878849,16.0
2016-04-05,27.377500534057617,27.6825008392334,27.354999542236328,27.45249938964844,106314800,-0.1608161512762308,-0.8040807563811541,0.258849173784256,-0.8297886196523905,0.41070157738979163,5.0
2016-04-06,27.5575008392334,27.7450008392334,27.299999237060547,27.739999771118164,105616400,-0.09535620392610629,-1.1442744471132755,0.904472878202796,-0.9578850995749235,0.5533206511105551,12.0
2016-04-07,27.487499237060547,27.604999542236328,27.030000686645508,27.13500022888184,127207600,-0.2865520672639832,-2.2924165381118655,0.9242505375295877,-0.9585653794929385,0.7925390758677084,8.0
2016-04-08,27.227500915527344,27.4424991607666,27.042499542236328,27.165000915527344,94326800,-0.007244949567724358,-0.07969444524496794,0.42889382038265467,-0.4582541398704052,0.2477699157382039,11.0
2016-04-11,27.24250030517578,27.65250015258789,27.207500457763672,27.2549991607666,117630000,0.25415368226822466,2.0332294581457973,0.9338000491261482,-0.9665827425196767,0.6119955823673557,8.0
2016-04-12,27.334999084472656,27.625,27.165000915527344,27.61000061035156,108929200,0.26380556020885704,1.3190278010442853,0.9233399294316769,-0.955262191593647,0.8028268039852678,5.0
2016-04-13,27.700000762939453,28.084999084472656,27.700000762939453,28.01000022888184,133029200,-0.1901577122302519,-1.711419410072267,0.05065537802875042,-0.9387746611610055,0.36467492836816334,9.0
2016-04-14,27.905000686645508,28.09749984741211,27.832500457763672,28.024999618530277,101895600,-0.005781160853803158,-0.05781160853803158,0.863174295052886,-0.9580366648733616,0.5937766019877033,10.0
2016-04-15,28.02750015258789,28.075000762939453,27.4325008392334,27.462499618530277,187756000,-0.473411075421609,-5.680932905059308,0.14247187972068787,-0.9634179347194731,0.48753554179164543,12.0
2016-04-18,27.22249984741211,27.237499237060547,26.73500061035156,26.8700008392334,243286000,-0.0393297193866027,-0.7472646683454514,0.9260163884609938,-0.9510069945827127,0.5750120663733783,19.0
2016-04-19,26.96999931335449,27.0,26.5575008392334,26.727500915527344,129539600,-0.12206891074310988,-1.953102571889758,0.8986306432634592,-0.9689647587947547,0.7441608370352931,16.0
2016-04-20,26.65999984741211,27.022499084472656,26.51499938964844,26.78249931335449,122444000,-0.380061048315838,-4.560732579790056,0.9314877837896347,-0.9570333259180188,0.6052825792283731,12.0
2016-04-21,26.732500076293945,26.732500076293945,26.3799991607666,26.49250030517578,126210000,-0.5263980173816284,-3.15838810428977,0.20590219926089048,-0.9304640740156174,0.4910851105848289,6.0
2016-04-22,26.252500534057617,26.6200008392334,26.155000686645508,26.420000076293945,134732400,-0.003218008205294609,-0.006436016410589218,0.016564536839723587,-0.023000553250312805,0.027976743500921403,2.0
2016-04-25,26.25,26.412500381469727,26.127500534057617,26.270000457763672,112126400,-0.07955439295619726,-1.3524246802553535,0.9193982779979706,-0.9636159455403686,0.49654423720630164,17.0
2016-04-26,25.977500915527344,26.325000762939453,25.977500915527344,26.087499618530277,224064800,-0.13021731750588073,-4.297171477694064,0.9108182825148106,-0.9653319721110165,0.6121819608115455,33.0
2016-04-27,24.0,24.677499771118164,23.920000076293945,24.45499992370605,458408400,-0.1834924935029625,-12.293997064698488,0.9429486505687237,-0.9545304784551263,0.6276520547186543,67.0
2016-04-28,24.40250015258789,24.46999931335449,23.5625,23.707500457763672,328970800,-0.1640878221951425,-2.297229510731995,0.8243139125406742,-0.9678150210529566,0.5084458388491198,14.0
2016-04-29,23.497499465942383,23.68000030517578,23.127500534057617,23.434999465942383,274126000,-0.07168786600232124,-0.43012719601392746,0.8951158057898283,-0.9162507075816393,0.585304241363393,6.0
2016-05-02,23.49250030517578,23.520000457763672,23.100000381469727,23.40999984741211,192640400,-0.046339737329011164,-0.278038423974067,0.902610844001174,-0.9613409438170493,0.7026589730689751,6.0
2016-05-03,23.549999237060547,23.934999465942383,23.420000076293945,23.795000076293945,227325200,-0.3365149965509772,-5.0477249482646585,0.8874306287616491,-0.9515627874061465,0.5447686593265681,15.0
2016-05-04,23.799999237060547,23.975000381469727,23.45499992370605,23.54750061035156,164102000,-0.03476972933858633,-0.3476972933858633,0.9044020138680935,-0.9575598631054163,0.5109345433957738,10.0
2016-05-05,23.5,23.51749992370605,23.170000076293945,23.309999465942383,143562000,-0.40629955963231623,-2.4377973577938974,0.6551059437915683,-0.9580450947396457,0.5670857888991298,6.0
2016-05-06,23.342500686645508,23.362499237060547,22.962499618530277,23.18000030517578,174799600,-0.1943979321513325,-2.33277518581599,0.11595386266708374,-0.9603732945397496,0.3692840855808011,12.0
2016-05-09,23.25,23.4424991607666,23.147499084472656,23.19750022888184,131745600,0.1333992290975792,0.9337946036830544,0.8175663566216826,-0.44621980004012585,0.48472026193249085,7.0
2016-05-10,23.332500457763672,23.39249992370605,23.02750015258789,23.354999542236328,134747200,-0.21542821321636438,-1.077141066081822,0.492234505712986,-0.962967524304986,0.6411615618207793,5.0
2016-05-11,23.3700008392334,23.39249992370605,23.114999771118164,23.127500534057617,114876400,-0.5799419140443206,-2.899709570221603,0.9378729797899723,-0.9611111143603921,0.8484860252979547,5.0
2016-05-12,23.18000030517578,23.19499969482422,22.36750030517578,22.584999084472656,305258800,-0.5670763074109951,-3.402457844465971,-0.14062246680259705,-0.869685085490346,0.3242242480252328,6.0
2016-05-13,22.5,22.917499542236328,22.5,22.6299991607666,177571200,-0.20839703496959475,-3.7511466294527054,0.9401109665632248,-0.959514519199729,0.5893925569759317,18.0
2016-05-16,23.09749984741211,23.59749984741211,22.912500381469727,23.46999931335449,245039200,0.06992672023403904,1.6083145653828979,0.8855599276721478,-0.8756626965478063,0.36002789369476784,23.0
2016-05-17,23.637500762939453,23.674999237060547,23.252500534057617,23.372499465942383,187667600,-0.14856446540604035,-2.2284669810906053,0.9399543665349483,-0.8480339981615543,0.5065125346856064,15.0
2016-05-18,23.540000915527344,23.802499771118164,23.47249984741211,23.63999938964844,168249600,0.19963600086048244,1.9963600086048245,0.8760874643921852,-0.6614384241402149,0.43663331465717253,10.0
2016-05-19,23.65999984741211,23.65999984741211,23.39249992370605,23.549999237060547,121768400,0.28435294673016126,3.127882414031774,0.9019116600975394,-0.03744659200310707,0.335276392884758,11.0
2016-05-20,23.65999984741211,23.857500076293945,23.6299991607666,23.80500030517578,128104000,-0.19234056945424527,-1.5387245556339622,0.22498124185949564,-0.9684832403436303,0.48823066587313924,8.0
2016-05-23,23.967500686645508,24.29750061035156,23.917499542236328,24.107500076293945,152074400,0.013494204642483965,0.21590727427974343,0.8939020149409771,-0.9196717403829098,0.5996163751808952,16.0
2016-05-24,24.30500030517578,24.522499084472656,24.209999084472656,24.475000381469727,140560800,-0.004062736251701911,-0.024376417510211468,0.9094482026994228,-0.9461982352659106,0.5896032066620437,6.0
2016-05-25,24.667499542236328,24.934999465942383,24.52750015258789,24.905000686645508,152675200,0.0936098810551422,0.6552691673859954,0.9351114798337221,-0.9360677180811763,0.6525608814409886,7.0
2016-05-26,24.920000076293945,25.1825008392334,24.65999984741211,25.102500915527344,225324800,0.20679128384934023,2.688286690041423,0.8787965141236782,-0.965194707736373,0.5081072043905108,13.0
2016-05-27,24.86000061035156,25.11750030517578,24.8125,25.087499618530277,145364800,-0.31192045224209625,-1.8715227134525776,0.08913470804691315,-0.9523538686335087,0.47631399302956834,6.0
2016-05-31,24.899999618530277,25.100000381469727,24.70499992370605,24.96500015258789,169228800,-0.3779826427344233,-4.535791712813079,0.8564452417194843,-0.9643169017508626,0.5926280089051739,12.0
2016-06-01,24.7549991607666,24.88500022888184,24.582500457763672,24.614999771118164,116693200,-0.17089194431900978,-0.8544597215950489,0.27787996083498,-0.9492965722456574,0.5031058827904816,5.0
2016-06-02,24.399999618530277,24.459999084472656,24.15749931335449,24.43000030517578,160766400,-0.18555904636603027,-3.8967399736866355,0.8790997033938766,-0.9599459962919354,0.6026151762194872,21.0
2016-06-03,24.44750022888184,24.5674991607666,24.362499237060547,24.479999542236328,114019600,0.26733425725251436,1.0693370290100574,0.8640093542635441,-0.5092005990445614,0.6899655142034555,4.0
2016-06-06,24.497499465942383,25.47249984741211,24.387500762939453,24.65749931335449,93170000,0.07799869030714035,0.6239895224571228,0.9200323531404138,-0.43976290337741375,0.4270635571898798,8.0
2016-06-07,24.8125,24.967500686645508,24.739999771118164,24.75749969482422,89638000,-0.2307405856748422,-2.7688870280981064,0.9023702722042799,-0.9057092759758234,0.5690660962750386,12.0
2016-06-08,24.7549991607666,24.88999938964844,24.670000076293945,24.73500061035156,83392400,-0.13704004573325315,-0.822240274399519,0.272236505523324,-0.9475354570895433,0.42243358144860116,6.0
2016-06-09,24.625,24.997499465942383,24.614999771118164,24.912500381469727,106405600,0.24832632708259755,4.469873887486756,0.9354228666052222,-0.9491408839821815,0.6125625578881835,18.0
2016-06-10,24.63249969482422,24.837499618530277,24.6200008392334,24.707500457763672,126851600,-0.02192001494889458,-0.13152008969336748,0.6730514690279961,-0.8576201852411032,0.6208240766155798,6.0
2016-06-13,24.67250061035156,24.780000686645508,24.274999618530277,24.334999084472656,152082000,0.01725322922299567,0.32781135523691773,0.9282791269943118,-0.9673588657751679,0.5916129669410715,19.0
2016-06-14,24.32999992370605,24.6200008392334,24.1875,24.364999771118164,127727600,-0.11900102449581026,-2.3800204899162054,0.42016046307981014,-0.7281114310026169,0.32550463764553955,20.0
2016-06-15,24.45499992370605,24.602500915527344,24.25749969482422,24.28499984741211,117780800,0.3815737371850345,3.4341636346653104,0.9311347957700491,-0.14854243211448193,0.3743767648843254,9.0
2016-06-16,24.112499237060547,24.4375,24.01749992370605,24.387500762939453,125307200,-0.26837919240019154,-1.8786543468013406,0.8123083198443055,-0.937274269759655,0.6024932218788438,7.0
2016-06-17,24.155000686645508,24.162500381469727,23.825000762939453,23.832500457763672,244032800,-0.43712393924527404,-12.239470298867673,0.9198721693828702,-0.9635020857676864,0.5564229638118688,28.0
2016-06-20,24.0,24.14249992370605,23.75749969482422,23.774999618530277,137647600,0.1698740147985518,1.698740147985518,0.8985138386487961,-0.9615250155329704,0.6717412021986394,10.0
2016-06-21,23.73500061035156,24.087499618530277,23.670000076293945,23.977500915527344,142185600,0.062187543511390685,0.31093771755695343,0.2597670368850231,-0.03815691918134689,0.11691747153343532,5.0
2016-06-22,24.0625,24.22249984741211,23.837499618530277,23.887500762939453,116876400,-0.17698006331920624,-0.17698006331920624,-0.17698006331920624,-0.17698006331920624,0.0,1.0
2016-06-23,23.98500061035156,24.07250022888184,23.8125,24.024999618530277,128960800,0.004902066042025884,0.029412396252155304,0.28852480091154575,-0.22523242235183716,0.17125952387201235,6.0
2016-06-24,23.227500915527344,23.665000915527344,23.162500381469727,23.350000381469727,301245600,-0.042608807678334415,-0.3408704614266753,0.8489424800500274,-0.8968159426003695,0.665918400218058,8.0
2016-06-27,23.25,23.262500762939453,22.875,23.01000022888184,181958400,0.14622306637465954,0.5848922654986382,0.3861537128686905,0.02668609470129013,0.16424599773347798,4.0
2016-06-28,23.225000381469727,23.415000915527344,23.03499984741211,23.397499084472656,161779600,-0.2967984007502144,-3.2647824082523584,0.517794419080019,-0.9510443480685353,0.523840188668255,11.0
2016-06-29,23.49250030517578,23.637500762939453,23.40749931335449,23.600000381469727,146124000,-0.008268403820693493,-0.08268403820693493,0.8458654303103685,-0.7372967377305031,0.4047334091933156,10.0
2016-06-30,23.61000061035156,23.9424991607666,23.575000762939453,23.899999618530277,143345600,-0.07390548971792062,-0.6651494074612856,0.8370010182261467,-0.8317985124886036,0.5618640578965716,9.0
2016-07-01,23.872499465942383,24.11750030517578,23.832500457763672,23.97249984741211,104106000,-0.15703079150989652,-0.9421847490593791,0.060846347361803055,-0.9493704745545983,0.3896656311116662,6.0
2016-07-05,23.84749984741211,23.850000381469727,23.614999771118164,23.747499465942383,110820800,-0.5582263046875596,-2.791131523437798,0.07154952827841043,-0.9388233982026577,0.42109217144501415,5.0
2016-07-06,23.649999618530277,23.915000915527344,23.592500686645508,23.88249969482422,123796400,0.06197388322713474,0.7436865987256169,0.8061741590499878,-0.8912062337622046,0.4390973468010476,12.0
2016-07-07,23.924999237060547,24.125,23.905000686645508,23.98500061035156,100558400,0.1286092670634389,0.9002648694440722,0.9272037390619516,-0.953069836832583,0.8024832211722467,7.0
2016-07-08,24.122499465942383,24.22249984741211,24.012500762939453,24.170000076293945,115648400,0.22644309401512147,1.1322154700756073,0.6979652158915997,-0.43207746371626854,0.45194745056304025,5.0
2016-07-11,24.1875,24.412500381469727,24.1825008392334,24.2450008392334,95179600,0.2035694259684533,1.6285554077476263,0.9166202880442142,-0.9669301304966211,0.6528669389716726,8.0
2016-07-12,24.292499542236328,24.424999237060547,24.280000686645508,24.354999542236328,96670000,-0.2022717904765159,-0.8090871619060636,0.12062298879027367,-0.9570405120030046,0.5057543503966034,4.0
2016-07-13,24.352500915527344,24.417499542236328,24.209999084472656,24.217500686645508,103568800,-0.17087232216726989,-1.366978577338159,0.8818892277777195,-0.9663415662944317,0.6117468169033697,8.0
2016-07-14,24.34749984741211,24.747499465942383,24.32999992370605,24.69750022888184,155676000,0.3663157944877942,1.0989473834633827,0.9177552927285433,0.0044345371425151825,0.48527100229108794,3.0
2016-07-15,24.729999542236328,24.825000762939453,24.625,24.69499969482422,120548000,-0.3166014176482956,-1.8996085058897734,0.8675874881446362,-0.7786940205842257,0.6381484709447173,6.0
2016-07-18,24.674999237060547,25.03249931335449,24.649999618530277,24.957500457763672,145975600,0.02590098801172442,0.23310889210551977,0.9219266138970852,-0.9317793874070048,0.5387337721055203,9.0
2016-07-19,24.88999938964844,25.0,24.834999084472656,24.967500686645508,95119600,0.14711207658466366,1.324008689261973,0.8028535405173898,-0.8646160997450352,0.5040214858909103,9.0
2016-07-20,25.0,25.114999771118164,24.934999465942383,24.989999771118164,105104000,0.28873978659976274,2.309918292798102,0.9119317457079887,-0.9543630359694362,0.8230327230607932,8.0
2016-07-21,24.957500457763672,25.25,24.78249931335449,24.857500076293945,130808000,-0.04402273536349336,-0.39620461827144027,0.8970924317836761,-0.9673782740719616,0.7803427617485926,9.0
2016-07-22,24.815000534057617,24.825000762939453,24.57749938964844,24.665000915527344,113254800,0.023747635694841545,0.07124290708452463,0.07978535071015358,-0.0772213488817215,0.08761786443113458,3.0
2016-07-25,24.5625,24.709999084472656,24.229999542236328,24.334999084472656,161531600,-0.21314893960952758,-2.131489396095276,0.9411105727776885,-0.9466343559324741,0.7444647561784287,10.0
2016-07-26,24.20499992370605,24.49250030517578,24.104999542236328,24.167499542236328,224959200,0.1066437716025018,3.3059569196775556,0.9288360495120287,-0.9661085736006498,0.619715820725732,31.0
2016-07-27,26.0674991607666,26.087499618530277,25.6875,25.737499237060547,369379200,0.06745975461895935,3.5079072401858866,0.9378586821258068,-0.9643054474145174,0.5904160625986323,52.0
2016-07-28,25.707500457763672,26.112499237060547,25.70499992370605,26.084999084472656,159479200,-0.037685118103399876,-0.37685118103399873,0.5597668550908566,-0.9668506481684744,0.5143766815930252,10.0
2016-07-29,26.04750061035156,26.137500762939453,25.920000076293945,26.052499771118164,110934800,-0.5356141927962502,-1.6068425783887506,0.12099479883909225,-0.9512960584834218,0.5753141147995566,3.0
2016-08-01,26.102500915527344,26.537500381469727,26.102500915527344,26.512500762939453,152671600,-0.29971968036677155,-2.098037762567401,0.5894751958549023,-0.9472688883543015,0.5564202005210315,7.0
2016-08-02,26.512500762939453,26.51749992370605,26.0,26.1200008392334,135266400,-0.43224401451233363,-3.8901961306110024,0.23217560444027185,-0.9652089728042483,0.511752074252907,9.0
2016-08-03,26.20249938964844,26.459999084472656,26.1924991607666,26.44750022888184,120810400,0.04427266903221607,0.22136334516108036,0.9337798785418272,-0.6033516824245453,0.5548702096117133,5.0
2016-08-04,26.395000457763672,26.5,26.31999969482422,26.467500686645508,109634800,0.10920199705287814,0.43680798821151257,0.9262792952358723,-0.43314013071358204,0.5790347364139738,4.0
2016-08-05,26.5674991607666,26.912500381469727,26.545000076293945,26.8700008392334,162213600,-0.39195034513249993,-2.3517020707949996,0.34657333698123693,-0.923102393746376,0.5166906022007558,6.0
2016-08-08,26.8799991607666,27.092500686645508,26.790000915527344,27.092500686645508,112148800,0.21896827556192874,1.0948413778096437,0.8476998656988144,-0.3006991371512413,0.5093566187463026,5.0
2016-08-09,27.0575008392334,27.23500061035156,27.002500534057617,27.20249938964844,105260800,0.2878815986009108,2.590934387408197,0.8742543533444405,-0.5966470278799534,0.48126571587587175,9.0
2016-08-10,27.177499771118164,27.225000381469727,26.940000534057617,27.0,96034000,0.04333615295278529,0.5200338354334235,0.9307297505438328,-0.9010804817080498,0.529723996439623,12.0
2016-08-11,27.1299991607666,27.232500076293945,26.962499618530277,26.982500076293945,109938000,0.13920457754284143,0.8352274652570486,0.8089814744889736,-0.4635150209069252,0.4753640006805577,6.0
2016-08-12,26.94499969482422,27.11000061035156,26.94499969482422,27.045000076293945,74641600,0.11010533757507801,0.44042135030031204,0.3115682601928711,0.004313068464398384,0.13905287718808362,4.0
2016-08-15,27.03499984741211,27.38500022888184,27.020000457763672,27.3700008392334,103472800,0.02454160329173593,0.4172072559595108,0.7950789509341121,-0.9162757880985737,0.5447934136883293,17.0
2016-08-16,27.40749931335449,27.5575008392334,27.302499771118164,27.34499931335449,135177600,-0.03283279200139291,-0.5581574640236795,0.8706864840351045,-0.8635888006538153,0.4166580906942135,17.0
2016-08-17,27.274999618530277,27.342500686645508,27.084999084472656,27.30500030517578,101424000,-0.09976051463745535,-0.9976051463745534,0.8604616550728679,-0.9674100852571428,0.5723940699702628,10.0
2016-08-18,27.3075008392334,27.399999618530277,27.2549991607666,27.270000457763672,87938800,0.05525589128956199,0.22102356515824795,0.934839116409421,-0.6493823304772377,0.6550821156352918,4.0
2016-08-19,27.1924991607666,27.42250061035156,27.09000015258789,27.34000015258789,101472400,0.08969008177518845,0.26907024532556534,0.3283372540026903,-0.11568014323711395,0.22387134402347011,3.0
2016-08-22,27.21500015258789,27.274999618530277,26.962499618530277,27.127500534057617,103280800,0.0451686101203615,0.4968547113239765,0.8753351978957653,-0.9175068764016032,0.5033557610295641,11.0
2016-08-23,27.147499084472656,27.32999992370605,27.13249969482422,27.212499618530277,85030800,-0.08096969701970617,-0.485818182118237,0.6129358690232038,-0.8040203731507063,0.47811795768867094,6.0
2016-08-24,27.14249992370605,27.1875,26.920000076293945,27.00749969482422,94700400,-0.16427173763513564,-0.8213586881756783,0.8290625065565109,-0.9519385527819395,0.7127225690235057,5.0
2016-08-25,26.84749984741211,26.96999931335449,26.670000076293945,26.89249992370605,100344800,0.0687536362092942,0.5500290896743536,0.827291950583458,-0.4801614284515381,0.37256619331819485,8.0
2016-08-26,26.852500915527344,26.987499237060547,26.57749938964844,26.73500061035156,111065200,-0.24583030864596367,-0.737490925937891,-0.008085325360298157,-0.6363023743033409,0.3408200939102741,3.0
2016-08-29,26.655000686645508,26.86000061035156,26.57250022888184,26.70499992370605,99881200,-0.3534653796814382,-1.4138615187257528,-0.008824922144412994,-0.7251014225184917,0.35455457021983317,4.0
2016-08-30,26.450000762939453,26.625,26.375,26.5,99455600,-0.2356364651704612,-5.419638698920608,0.9332046769559383,-0.9441276248544455,0.6388053395713441,23.0
2016-08-31,26.415000915527344,26.64249992370605,26.40999984741211,26.524999618530277,118649600,0.004912114036934716,0.034384798258543015,0.9220479093492031,-0.8785302639007568,0.6893501041042689,7.0
2016-09-01,26.53499984741211,26.700000762939453,26.405000686645508,26.6825008392334,106806000,-0.04865150097757578,-0.4865150097757578,0.6835799403488636,-0.9539791820570827,0.6426573598223387,10.0
2016-09-02,26.924999237060547,27.0,26.70499992370605,26.9325008392334,107210000,-0.4877292717407857,-3.4141049021854997,0.046105191111564636,-0.959193023853004,0.41146405976508704,7.0
2016-09-06,26.975000381469727,27.075000762939453,26.877500534057617,26.924999237060547,107521600,0.32400776259601116,3.2400776259601116,0.8382385149598122,-0.022290604189038277,0.37683017437124894,10.0
2016-09-07,26.957500457763672,27.190000534057617,26.76749992370605,27.09000015258789,169457200,0.009302640786847553,0.6883954182267189,0.898370198905468,-0.9613754451274872,0.45237260588394074,74.0
2016-09-08,26.8125,26.8174991607666,26.309999465942383,26.3799991607666,212008000,0.047271344701156896,1.6072257198393345,0.9120478602126241,-0.9575704028829932,0.5166083277877599,34.0
2016-09-09,26.15999984741211,26.43000030517578,25.78249931335449,25.78249931335449,186228000,-0.4046775802750798,-6.879518864676356,0.9227071665227413,-0.9663795242086053,0.6045502237693409,17.0
2016-09-12,25.662500381469727,26.43000030517578,25.63249969482422,26.36000061035156,181171200,0.30652564857155085,1.839153891429305,0.929834857583046,-0.9444118831306696,0.9353366641422401,6.0
2016-09-13,26.877500534057617,27.19750022888184,26.809999465942383,26.987499237060547,248704800,-0.06911597801372409,-1.3823195602744818,0.9346664045006037,-0.937540715560317,0.6271914362371112,20.0
2016-09-14,27.1825008392334,28.25749969482422,27.149999618530277,27.9424991607666,443554800,-0.019190276618159953,-0.402995808981359,0.9104719161987305,-0.9583942200988531,0.5298972025458055,21.0
2016-09-15,28.46500015258789,28.9325008392334,28.372499465942383,28.89249992370605,359934400,0.22102049487116543,5.083471382036805,0.9243668671697378,-0.9336501471698284,0.5450975268555703,23.0
2016-09-16,28.780000686645508,29.03249931335449,28.51000022888184,28.729999542236328,319547600,0.08012012291389208,0.9614414749667048,0.923722006380558,-0.9580278303474188,0.6810635092275519,12.0
2016-09-19,28.79750061035156,29.045000076293945,28.3125,28.395000457763672,188092000,-0.2619974470697343,-2.6199744706973433,0.6604978479444981,-0.962703462690115,0.5221152444756095,10.0
2016-09-20,28.262500762939453,28.530000686645508,28.127500534057617,28.39249992370605,138057200,-0.12279466260224581,-0.9823573008179665,0.9288149178028107,-0.9531439719721675,0.7241679196197869,8.0
2016-09-21,28.462499618530277,28.497499465942383,28.11000061035156,28.387500762939453,144012800,-0.06307257028917472,-1.1353062652051449,0.7730741575360298,-0.9625052800402045,0.3925125446859122,18.0
2016-09-22,28.587499618530277,28.73500061035156,28.5,28.655000686645508,124296000,0.026717961998656392,0.4274873919785023,0.8864860534667969,-0.9282221309840679,0.5806822715882108,16.0
2016-09-23,28.604999542236328,28.69750022888184,27.887500762939453,28.177499771118164,209924800,-0.6137469942681492,-6.137469942681491,0.021747859194874763,-0.9660486523061991,0.4359546185125895,10.0
2016-09-26,27.90999984741211,28.34749984741211,27.887500762939453,28.21999931335449,119477600,-0.3264060521032661,-3.264060521032661,0.8838252513669431,-0.955979554913938,0.6969892354291961,10.0
2016-09-27,28.25,28.295000076293945,28.084999084472656,28.272499084472656,98429600,0.0960472309961915,0.6723306169733405,0.8228935021907091,-0.7291490212082863,0.5123325934385722,7.0
2016-09-28,28.42250061035156,28.65999984741211,28.357500076293945,28.487499237060547,118564400,0.5051455978219482,5.55660157604143,0.9368999022990465,-0.5004116781055927,0.5092077422868461,11.0
2016-09-29,28.290000915527344,28.450000762939453,27.950000762939453,28.045000076293945,143548000,-0.4946040099486709,-2.4730200497433543,0.10202372632920742,-0.9166797259822488,0.47178080346750506,5.0
2016-09-30,28.114999771118164,28.342500686645508,27.950000762939453,28.262500762939453,145516400,-0.011797246730162038,-0.10617522057145834,0.7823969945311546,-0.9557401007041335,0.5189420582167499,9.0
2016-10-03,28.177499771118164,28.262500762939453,28.06999969482422,28.1299991607666,86807200,-0.19486658725266656,-1.753799285273999,0.8940646443516016,-0.9594486695714295,0.6692604851295275,9.0
2016-10-04,28.26499938964844,28.57749938964844,28.15749931335449,28.25,118947200,-0.48919575475156307,-0.9783915095031261,-0.09655196592211723,-0.8818395435810089,0.5552821713441598,2.0
2016-10-05,28.350000381469727,28.415000915527344,28.17250061035156,28.262500762939453,85812400,0.08609179100797822,1.0331014920957386,0.7718493579886854,-0.8275600299239159,0.4129802423343494,12.0
2016-10-06,28.424999237060547,28.584999084472656,28.28249931335449,28.47249984741211,115117200,-0.6315911532464352,-6.947502685710788,0.7783446488901973,-0.9598948648199439,0.6074256570691802,11.0
2016-10-07,28.57749938964844,28.63999938964844,28.377500534057617,28.51499938964844,97433600,-0.12031844863668084,-0.721910691820085,0.9368733800947666,-0.9644503174349666,0.6303186405646144,6.0
2016-10-10,28.7549991607666,29.1875,28.68000030517578,29.012500762939453,144944000,-0.17449293254564205,-1.0469575952738523,0.7624088227748871,-0.8636157270520926,0.7305818874900145,6.0
2016-10-11,29.424999237060547,29.67250061035156,29.049999237060547,29.075000762939453,256164000,-0.25500498013570905,-3.0600597616285086,0.36209560092538595,-0.9447254277765751,0.4566908804199529,12.0
2016-10-12,29.337499618530277,29.4950008392334,29.1875,29.334999084472656,150347200,0.08070201342925429,0.8070201342925429,0.9145714789628983,-0.2532596290111542,0.3619218244060504,10.0
2016-10-13,29.19750022888184,29.36000061035156,28.93000030517578,29.2450008392334,140769600,0.24156979825347663,1.207848991267383,0.7250847527757287,0.01314246654510498,0.3160032947265463,5.0
2016-10-14,29.46999931335449,29.542499542236328,29.28249931335449,29.40749931335449,142608800,-0.10334146805107594,-0.5167073402553797,0.7692247610539198,-0.8605805411934853,0.8037476213176437,5.0
2016-10-17,29.332500457763672,29.459999084472656,29.19499969482422,29.387500762939453,94499600,-0.2304705663700588,-3.687529061920941,0.7263815505430102,-0.9630990102887154,0.5660235839107678,16.0
2016-10-18,29.545000076293945,29.552499771118164,29.362499237060547,29.36750030517578,98214000,0.17243179896225533,1.034590793773532,0.8894387111067772,-0.8300627199932933,0.6662560728704545,6.0
2016-10-19,29.3125,29.440000534057617,28.450000762939453,29.280000686645508,80138400,-0.2794494987465441,-1.6766969924792647,0.9244710989296436,-0.9309140546247363,0.7508713764162653,6.0
2016-10-20,29.21500015258789,29.34499931335449,29.082500457763672,29.26499938964844,96503200,-0.27526632680868107,-1.6515979608520865,0.7290832195430994,-0.9607734391465783,0.7483028313568165,6.0
2016-10-21,29.20249938964844,29.227500915527344,29.06999969482422,29.149999618530277,92770800,-0.2892374840698072,-2.0246623884886503,0.4275133013725281,-0.9463967680931091,0.5246268309998358,7.0
2016-10-24,29.274999618530277,29.434999465942383,29.25,29.412500381469727,94154800,0.12109052636660636,1.2109052636660635,0.8229673560708761,-0.22581720538437366,0.3039601840228906,10.0
2016-10-25,29.487499237060547,29.59000015258789,29.32749938964844,29.5625,192516000,0.02296016802047861,0.6658448725938797,0.937305074185133,-0.9668038762174547,0.6351283602555166,29.0
2016-10-26,28.57749938964844,28.924999237060547,28.32749938964844,28.897499084472656,264536800,-0.018706723335472977,-0.9540428901091218,0.9218754880130291,-0.9594497317448258,0.5669484970785532,51.0
2016-10-27,28.84749984741211,28.96500015258789,28.524999618530277,28.6200008392334,138248000,0.06269986981526017,3.1349934907630086,0.9197909329086542,-0.9596907654777169,0.29630811916731337,50.0
2016-10-28,28.467500686645508,28.802499771118164,28.362499237060547,28.43000030517578,151446800,0.02316006226465106,0.13896037358790636,0.6601541833952069,-0.9175156392157078,0.5511221278449818,6.0
2016-10-31,28.412500381469727,28.5575008392334,28.299999237060547,28.38500022888184,105677600,0.2024048331326672,1.4168338319286704,0.6794288866221905,-0.015215599909424782,0.2882008320184264,7.0
2016-11-01,28.364999771118164,28.4424991607666,27.63249969482422,27.872499465942383,175303200,-0.42113163881003857,-1.6845265552401543,0.14007538557052612,-0.9442356554791331,0.5851502509225349,4.0
2016-11-02,27.850000381469727,28.087499618530277,27.8075008392334,27.897499084472656,113326800,0.08248680848628283,0.4124340424314141,0.8447131076827645,-0.25204273872077465,0.4382209906074161,5.0
2016-11-03,27.7450008392334,27.864999771118164,27.387500762939453,27.457500457763672,107730400,-0.2993961277728279,-1.7963767666369677,0.5623600911349058,-0.9442356489598751,0.7160756036769137,6.0
2016-11-04,27.13249969482422,27.5625,27.02750015258789,27.209999084472656,123348000,0.0,0.0,0.0,0.0,0.0,0.0
2016-11-07,27.520000457763672,27.627500534057617,27.364999771118164,27.602500915527344,130240000,0.026720013841986655,0.13360006920993328,0.2548040859401226,-0.12363455817103386,0.14189338006029836,5.0
2016-11-08,27.57749938964844,27.93000030517578,27.424999237060547,27.76499938964844,97016800,0.6050373623147607,2.4201494492590427,0.9365228917449713,-0.06699627637863159,0.4726285716171464,4.0
2016-11-09,27.46999931335449,27.82999992370605,27.012500762939453,27.71999931335449,236705600,-0.3521487917751074,-1.760743958875537,0.03699384070932865,-0.9442356489598751,0.40670343621180455,5.0
2016-11-10,27.772499084472656,27.772499084472656,26.457500457763672,26.94750022888184,228538000,-0.4504055803020795,-2.702433481812477,0.392906678840518,-0.960841454565525,0.5922935227663267,6.0
2016-11-11,26.780000686645508,27.217500686645508,26.637500762939453,27.107500076293945,136575600,0.10015180532354861,0.8012144425883889,0.7215865030884743,-0.5850111562758684,0.36734647639778484,8.0
2016-11-14,26.927499771118164,26.95249938964844,26.020000457763672,26.427499771118164,204702000,-0.13191629853099585,-0.9234140897169709,0.925737913697958,-0.8981636352837086,0.6525993700107864,7.0
2016-11-15,26.64249992370605,26.920000076293945,26.540000915527344,26.77750015258789,129058000,0.24739586445502937,1.979166915640235,0.9183701369911432,-0.3218780532479286,0.4008882182182349,8.0
2016-11-16,26.674999237060547,27.5575008392334,26.649999618530277,27.497499465942383,235362000,0.019513410915221487,0.1365938764065504,0.9361780639737844,-0.8986804243177176,0.7157205254528628,7.0
2016-11-17,27.45249938964844,27.587499618530277,27.207500457763672,27.487499237060547,110528000,-0.052376010144750275,-0.15712803043425083,0.634981669485569,-0.8367001488804817,0.7406171171873376,3.0
2016-11-18,27.43000030517578,27.63500022888184,27.415000915527344,27.51499938964844,113715600,0.4618385201320052,0.9236770402640104,0.9075498152524233,0.016127225011587143,0.6303309584621724,2.0
2016-11-21,27.530000686645508,27.997499465942383,27.502500534057617,27.9325008392334,117058400,0.12303618098107669,1.5994703527539968,0.9340278692543507,-0.859698629938066,0.5491073855368105,13.0
2016-11-22,27.987499237060547,28.104999542236328,27.850000381469727,27.950000762939453,103862000,-0.06838261087735494,-0.20514783263206482,0.3588210865855217,-0.7303173206746578,0.5812741209239997,3.0
2016-11-23,27.84000015258789,27.877500534057617,27.582500457763672,27.8075008392334,109705600,-0.24325405210256576,-1.2162702605128288,0.33285618759691715,-0.9672089274972677,0.6495508266561136,5.0
2016-11-25,27.78249931335449,27.967500686645508,27.737499237060547,27.94750022888184,45903600,0.1961480027064681,0.9807400135323405,0.5430646166205406,0.021201636642217636,0.20666069574036403,5.0
2016-11-28,27.857500076293945,28.11750030517578,27.84749984741211,27.89249992370605,108776000,0.3027613091592987,0.9082839274778962,0.844080182723701,-0.0036147497594356537,0.4701545163609714,3.0
2016-11-29,27.69499969482422,28.00749969482422,27.51749992370605,27.864999771118164,114115200,-0.20571419907112917,-1.8514277916401625,0.8459520246833563,-0.9626031676307321,0.676443565576999,9.0
2016-11-30,27.899999618530277,28.049999237060547,27.5674991607666,27.6299991607666,144649200,-0.45029519218951464,-0.9005903843790293,0.05470702238380909,-0.9552974067628384,0.7141809808780423,2.0
2016-12-01,27.592500686645508,27.73500061035156,27.25749969482422,27.372499465942383,148347600,0.14404054242186248,0.5761621696874499,0.5990169048309326,-0.9602738125249743,0.7398605347938743,4.0
2016-12-02,27.292499542236328,27.522499084472656,27.212499618530277,27.475000381469727,106112000,0.3322287481278181,0.3322287481278181,0.3322287481278181,0.3322287481278181,0.0,1.0
2016-12-05,27.5,27.50749969482422,27.0625,27.27750015258789,137298000,-0.22559436557016202,-1.5791605589911342,0.3279446214437485,-0.8426733165979385,0.4939758029162242,7.0
2016-12-06,27.375,27.59000015258789,27.29750061035156,27.487499237060547,104782000,-0.10091327948288785,-0.9082195153459907,0.7202782537788153,-0.9232742926105857,0.6005000622047396,9.0
2016-12-07,27.315000534057617,27.79750061035156,27.290000915527344,27.75749969482422,119994800,0.05263478169217706,0.6316173803061247,0.9155831690877676,-0.9570724721997976,0.5297204130235834,12.0
2016-12-08,27.71500015258789,28.107500076293945,27.649999618530277,28.030000686645508,108273200,0.23225663881748915,0.9290265552699566,0.8983501344919205,-0.1290070302784443,0.4552961103164915,4.0
2016-12-09,28.07749938964844,28.674999237060547,28.07749938964844,28.487499237060547,137610400,-0.005988100712949579,-0.06586910784244537,0.8750538975000381,-0.9588246811181307,0.5115683771368011,11.0
2016-12-12,28.32250022888184,28.75,28.122499465942383,28.325000762939453,105497600,-0.11409792530217341,-0.7986854771152139,0.8657492883503437,-0.9442356489598751,0.6373247516409103,7.0
2016-12-13,28.459999084472656,28.979999542236328,28.4375,28.79750061035156,174935200,0.18801398442259856,1.31609789095819,0.8322653472423553,-0.9633365860208869,0.6297603257455908,7.0
2016-12-14,28.76000022888184,29.049999237060547,28.7450008392334,28.79750061035156,136127200,0.09469753131270409,0.47348765656352043,0.8088035434484482,-0.5536421984434128,0.4962291922690758,5.0
2016-12-15,28.84499931335449,29.1825008392334,28.8075008392334,28.95499992370605,186098000,0.25100598128681834,2.7610657941550016,0.8899479368701577,-0.07364599406719208,0.34956596420737396,11.0
2016-12-16,29.11750030517578,29.125,28.912500381469727,28.99250030517578,177404400,0.07005046885460615,0.7005046885460615,0.8992969170212746,-0.9570073885843158,0.6241340186250169,10.0
2016-12-19,28.950000762939453,29.34499931335449,28.9375,29.15999984741211,111117600,0.08620593696832657,0.2586178109049797,0.8583261370658875,-0.7678783722221851,0.8161947456898789,3.0
2016-12-20,29.184999465942383,29.375,29.170000076293945,29.237499237060547,85700000,-0.2799639195824663,-0.8398917587473989,0.017730891704559326,-0.8652581637725234,0.5069048168815193,3.0
2016-12-21,29.200000762939453,29.350000381469727,29.19499969482422,29.26499938964844,95132800,-0.44467612475688967,-3.112732873298228,0.7363348081707954,-0.9565442632883787,0.633311809828467,7.0
2016-12-22,29.087499618530277,29.127500534057617,28.90999984741211,29.07250022888184,104343600,0.10464506937811772,0.9418056244030595,0.8972039856016636,-0.9615764748305082,0.5376986220206799,9.0
2016-12-23,28.897499084472656,29.1299991607666,28.897499084472656,29.1299991607666,56998000,0.0,0.0,0.0,0.0,0.0,0.0
2016-12-27,29.1299991607666,29.450000762939453,29.122499465942383,29.315000534057617,73187600,0.3216879038955085,2.573503231164068,0.8712250925600529,-0.031300654634833336,0.33314700994454327,8.0
2016-12-28,29.3799991607666,29.5049991607666,29.049999237060547,29.190000534057617,83623600,0.11414350649075848,0.7990045454353094,0.8918674904853106,-0.1988903321325779,0.3541475217931735,7.0
2016-12-29,29.112499237060547,29.27750015258789,29.100000381469727,29.1825008392334,60158000,0.0893119973027044,0.8038079757243395,0.8605047911405563,-0.9002806097269058,0.6475647404442583,9.0
2016-12-30,29.162500381469727,29.299999237060547,28.857500076293945,28.95499992370605,122345200,-0.012101570765177408,-0.07260942459106445,0.8614631704986095,-0.9507690351456404,0.8078093113609813,6.0
2017-01-03,28.950000762939453,29.082500457763672,28.690000534057617,29.037500381469727,115127600,0.43059293646365404,1.7223717458546162,0.8495669551193714,0.061412470415234566,0.37646834576219523,4.0
2017-01-04,28.962499618530277,29.127500534057617,28.9375,29.0049991607666,84472400,0.25300581556641394,2.2770523400977254,0.9122187346220016,-0.2703303247690201,0.44966877053988985,9.0
2017-01-05,28.979999542236328,29.21500015258789,28.95249938964844,29.15250015258789,88774400,0.22599891386926174,0.903995655477047,0.48685974813997746,0.006480375304818153,0.24664399920517482,4.0
2017-01-06,29.19499969482422,29.540000915527344,29.11750030517578,29.477500915527344,127007600,-0.10857043120389183,-0.651422587223351,0.8255686834454536,-0.8910498693585396,0.7362619573058448,6.0
2017-01-09,29.487499237060547,29.857500076293945,29.48500061035156,29.747499465942383,134247600,0.10369730868842453,0.8295784695073962,0.860841128975153,-0.34029651805758476,0.34482759269055274,8.0
2017-01-10,29.6924991607666,29.84499931335449,29.575000762939453,29.77750015258789,97848400,0.07972387154586613,0.4783432292751968,0.9330342058092356,-0.9368026433512568,0.8039520136846947,6.0
2017-01-11,29.684999465942383,29.982500076293945,29.649999618530277,29.9375,110354400,-0.1901578224496916,-1.5212625795975327,0.9171933233737946,-0.9231793554499745,0.6402517908446321,8.0
2017-01-12,29.725000381469727,29.825000762939453,29.552499771118164,29.8125,108344800,-0.189613831974566,-2.8442074796184897,0.6275535486638546,-0.9649440106004477,0.5510640713357667,15.0
2017-01-13,29.77750015258789,29.905000686645508,29.70249938964844,29.76000022888184,104447600,0.17795471008867025,1.2456829706206918,0.7575869709253311,-0.5181445740163326,0.4263296342810571,7.0
2017-01-17,29.584999084472656,30.059999465942383,29.55500030517578,30.0,137759200,0.5526898760082466,3.8688291320577264,0.8993722051382065,0.03755431808531284,0.392570056093149,7.0
2017-01-18,30.0,30.125,29.927499771118164,29.997499465942383,94852000,0.13431098164680103,0.8058658898808062,0.8293218072503805,-0.435136241838336,0.5633579171126936,6.0
2017-01-19,29.850000381469727,30.022499084472656,29.842500686645508,29.94499969482422,102389200,-0.3643436481943354,-2.914749185554683,0.5270761121064425,-0.9671876709908247,0.5526404011523874,8.0
2017-01-20,30.112499237060547,30.112499237060547,29.9325008392334,30.0,130391600,-0.13862053220244971,-1.5248258542269468,0.9229818303138018,-0.9121493957936764,0.6593989104214141,11.0
2017-01-23,30.0,30.20249938964844,29.9424991607666,30.020000457763672,88200800,-0.4058919525040047,-5.6824873350560665,0.915769012644887,-0.9585878625512123,0.6117530801654893,14.0
2017-01-24,29.887500762939453,30.024999618530277,29.875,29.99250030517578,92844000,-0.031925908476114276,-0.31925908476114273,0.8747235648334026,-0.9366933852434158,0.5678190070892621,10.0
2017-01-25,30.104999542236328,30.524999618530277,30.06999969482422,30.46999931335449,129510400,-0.14784787619780554,-2.809109647758305,0.5268497169017792,-0.8761564791202545,0.44591011880523457,19.0
2017-01-26,30.417499542236328,30.61000061035156,30.399999618530277,30.48500061035156,105350400,-0.10575173902325333,-1.0575173902325332,0.7664388571865857,-0.910924662835896,0.4966030152182645,10.0
2017-01-27,30.53499984741211,30.587499618530277,30.399999618530277,30.487499237060547,82251600,0.07402585539966822,0.14805171079933643,0.10687190480530262,0.041179805994033813,0.046451328539824914,2.0
2017-01-30,30.232500076293945,30.40749931335449,30.165000915527344,30.40749931335449,121510000,0.014577535330317914,0.11662028264254332,0.5124795883893967,-0.9350928980857134,0.4455747058488265,8.0
2017-01-31,30.287500381469727,30.34749984741211,30.155000686645508,30.337499618530277,196804000,-0.10295288515245092,-2.9856336694210768,0.9303510282188654,-0.9672244964167476,0.6031115302872118,29.0
2017-02-01,31.75749969482422,32.622501373291016,31.752500534057617,32.1875,447940000,0.10875531317932265,3.806435961276293,0.9328987412154675,-0.9568501887843013,0.5056088856743579,35.0
2017-02-02,31.9950008392334,32.34749984741211,31.94499969482422,32.13249969482422,134841600,-0.007834411472739541,-0.13318499503657222,0.8612126791849732,-0.8568260427564383,0.500836670303946,17.0
2017-02-03,32.07749938964844,32.29750061035156,32.040000915527344,32.27000045776367,98029200,-0.18050287780351937,-1.444023022428155,0.606078908778727,-0.8924909876659513,0.4991013148833544,8.0
2017-02-06,32.282501220703125,32.625,32.224998474121094,32.5724983215332,107383600,-0.2419450907036662,-0.9677803628146648,0.10120053216814995,-0.709496982395649,0.385577955283283,4.0
2017-02-07,32.6349983215332,33.022499084472656,32.61249923706055,32.88249969482422,152735200,-0.09223362244665623,-0.2767008673399687,0.2771058138459921,-0.5805696398019791,0.4410464098890473,3.0
2017-02-08,32.837501525878906,33.05500030517578,32.80500030517578,33.0099983215332,92016400,-0.0640320299193263,-0.640320299193263,0.7153862603008747,-0.8400790393352509,0.38702028219831575,10.0
2017-02-09,32.912498474121094,33.11249923706055,32.779998779296875,33.10499954223633,113399600,0.22496455293148757,1.1248227646574378,0.884415440261364,-0.03497234731912613,0.3746792259005447,5.0
2017-02-10,33.1150016784668,33.23500061035156,33.01250076293945,33.029998779296875,80262000,0.05161123390176466,0.36127863731235266,0.6709938570857048,-0.9547034148126841,0.6655370872067814,7.0
2017-02-13,33.27000045776367,33.45500183105469,33.1875,33.3224983215332,92141600,0.14501448031514882,1.4501448031514883,0.827375516295433,-0.9042449090629816,0.4779150272883205,10.0
2017-02-14,33.36750030517578,33.772499084472656,33.3125,33.755001068115234,132904800,0.08968925784574822,1.4350281255319715,0.91823620069772,-0.8769354671239853,0.4029290586966193,16.0
2017-02-15,33.880001068115234,34.067501068115234,33.654998779296875,33.877498626708984,142492400,-0.023377356651638235,-0.16364149656146765,0.8656345875933766,-0.9218703228980303,0.5257735255516734,7.0
2017-02-16,33.91749954223633,33.974998474121094,33.709999084472656,33.837501525878906,90338400,-0.10290886322036386,-0.6174531793221831,0.6296390108764172,-0.9574775835499167,0.5221201259926277,6.0
2017-02-17,33.775001525878906,33.95750045776367,33.775001525878906,33.93000030517578,88792800,0.17120950855314732,0.8560475427657366,0.9088543020188808,-0.6592345982789993,0.659560813194822,5.0
2017-02-21,34.057498931884766,34.1875,33.994998931884766,34.17499923706055,98028800,0.08162947278469801,0.7346652550622821,0.9297053199261427,-0.9041549004614353,0.593951777801562,9.0
2017-02-22,34.10749816894531,34.279998779296875,34.02750015258789,34.27750015258789,83347600,0.05922008026391268,0.17766024079173803,0.20360286626964808,-0.05988115631043911,0.13354896141484812,3.0
2017-02-23,34.345001220703125,34.369998931884766,34.07500076293945,34.13249969482422,83152800,-0.2735253718371193,-0.8205761155113578,0.16728211101144552,-0.9599115177989006,0.6023894330414629,3.0
2017-02-24,33.977500915527344,34.165000915527344,33.81999969482422,34.165000915527344,87106400,0.11369683934996526,0.6821810360997915,0.9334952123463154,-0.9641314316540956,0.7060910591183627,6.0
2017-02-27,34.28499984741211,34.36000061035156,34.06999969482422,34.23249816894531,81029600,-0.07989653456024826,-0.639172276481986,0.6932618152350187,-0.8427408263087273,0.5554690481884977,8.0
2017-02-28,34.27000045776367,34.36000061035156,34.17499923706055,34.247501373291016,93931600,-0.024800286162644625,-0.198402289301157,0.262221890501678,-0.8185592126101255,0.3412357459994661,8.0
2017-03-01,34.47249984741211,35.037498474121094,34.400001525878906,34.9474983215332,145658400,0.19983494828920811,1.598679586313665,0.9217893108725548,-0.7080343440175056,0.5127806530175523,8.0
2017-03-02,35.0,35.06999969482422,34.689998626708984,34.7400016784668,104844000,-0.05805315705947578,-0.3483189423568547,0.8907085191458464,-0.9638871517963707,0.7684201489348474,6.0
2017-03-03,34.69499969482422,34.95750045776367,34.647499084472656,34.94499969482422,84432400,0.04081376700196415,0.3265101360157132,0.9387115454301238,-0.8694447111338377,0.4856702958324403,8.0
2017-03-06,34.842498779296875,34.942501068115234,34.650001525878906,34.834999084472656,87000000,0.16157988156192005,2.5852781049907207,0.9300798140466213,-0.9385182997211814,0.6207677159355859,16.0
2017-03-07,34.76499938964844,34.994998931884766,34.6974983215332,34.880001068115234,69785200,-0.0515042282640934,-0.515042282640934,0.9066573157906532,-0.9025915190577507,0.4695666367197619,10.0
2017-03-08,34.73749923706055,34.95000076293945,34.70500183105469,34.75,74828800,-0.04799041250306699,-0.4319137125276029,0.7588063287548721,-0.7794146984815598,0.4037319487938287,9.0
2017-03-09,34.685001373291016,34.6974983215332,34.26250076293945,34.66999816894531,88623600,-0.20983234653249383,-1.6786587722599506,0.7741623586043715,-0.9437419343739748,0.7198209559380684,8.0
2017-03-10,34.8125,34.84000015258789,34.65999984741211,34.78499984741211,78451200,0.03969646183152994,0.2381787709891796,0.8778195548802614,-0.9363189274445176,0.5789237397525809,6.0
2017-03-13,34.712501525878906,34.85749816894531,34.70500183105469,34.79999923706055,69686800,0.28031789801186985,2.5228610821068287,0.9236355600878596,-0.027946699410676956,0.3259796329225795,9.0
2017-03-14,34.82500076293945,34.912498474121094,34.709999084472656,34.747501373291016,61236400,-0.5381650511796275,-1.6144951535388827,0.12183934543281794,-0.9369133748114109,0.5756999065555738,3.0
2017-03-15,34.852500915527344,35.1875,34.75749969482422,35.1150016784668,102767200,0.5210981250607541,3.647686875425279,0.9073406811803579,0.12245445605367422,0.29021158779981143,7.0
2017-03-16,35.18000030517578,35.255001068115234,35.064998626708984,35.17250061035156,76928000,0.11387906673674782,0.6832744004204869,0.22012928128242493,0.028524789959192276,0.08295320873983555,6.0
2017-03-17,35.25,35.25,34.97249984741211,34.997501373291016,175540000,-0.003600458304087321,-0.021602749824523926,0.7609082972630858,-0.9213937474414706,0.5951078133454492,6.0
2017-03-20,35.099998474121094,35.375,35.057498931884766,35.3650016784668,86168000,0.16177169661968946,0.8088584830984473,0.9315293710678816,-0.8981532016769052,0.7272532977008915,5.0
2017-03-21,35.52750015258789,35.70000076293945,34.932498931884766,34.959999084472656,158119600,0.07328252686420456,1.172520429827273,0.8465113155543804,-0.6779891345649958,0.35635927206563894,16.0
2017-03-22,34.962501525878906,35.400001525878906,34.939998626708984,35.35499954223633,103440800,-0.15039206587243825,-1.203136526979506,0.623005822300911,-0.8657323475927114,0.49361462327659505,8.0
2017-03-23,35.314998626708984,35.39500045776367,35.15250015258789,35.22999954223633,81385200,-0.18314819142688066,-1.4651855314150453,0.5434753112494946,-0.9625936755910516,0.5179172010514806,8.0
2017-03-24,35.375,35.435001373291016,35.087501525878906,35.15999984741211,89582400,0.07098955078981817,0.851874609477818,0.9004290886223316,-0.852282801643014,0.5110552825509924,12.0
2017-03-27,34.84749984741211,35.30500030517578,34.654998779296875,35.220001220703125,94300400,-0.14625019104116493,-1.3162517193704844,0.14670617505908012,-0.8867494845762849,0.3437388321382192,9.0
2017-03-28,35.227500915527344,36.0099983215332,35.154998779296875,35.95000076293945,133499200,0.042780608093986906,0.25668364856392145,0.10513632092624903,-0.05580270290374756,0.06461152076943481,6.0
2017-03-29,35.91999816894531,36.122501373291016,35.79750061035156,36.02999877929688,116760000,0.11720897210761905,0.9376717768609524,0.5451027331873775,-0.160635719075799,0.22809462190320995,8.0
2017-03-30,36.04750061035156,36.125,35.875,35.98249816894531,84829200,-0.14391388557851315,-0.2878277711570263,-0.02794671431183815,-0.25988105684518814,0.16400234639537528,2.0
2017-03-31,35.93000030517578,36.067501068115234,35.752498626708984,35.915000915527344,78646800,-0.07099421136081219,-0.21298263408243656,0.2070633266121149,-0.46706660464406013,0.3522192791561825,3.0
2017-04-03,35.9275016784668,36.02999877929688,35.76250076293945,35.92499923706055,79942800,0.15743533128665554,1.4169179815798998,0.8709606286138296,-0.957636452279985,0.6489710679134156,9.0
2017-04-04,35.8125,36.22249984741211,35.79249954223633,36.192501068115234,79565600,0.22113100634887814,2.2113100634887815,0.9339206162840128,-0.040960393846035004,0.3484765849470216,10.0
2017-04-05,36.05500030517578,36.3650016784668,35.95249938964844,36.005001068115234,110871600,-0.09346495745703579,-0.4673247872851789,0.7271268400363624,-0.7097674068063498,0.6139382810706774,5.0
2017-04-06,36.0724983215332,36.130001068115234,35.86249923706055,35.915000915527344,84596000,0.4599023014307022,0.9198046028614044,0.9135539196431637,0.006250683218240738,0.6415602710685644,2.0
2017-04-07,35.932498931884766,36.04499816894531,35.817501068115234,35.834999084472656,66688800,-0.12004478145390748,-0.6002239072695374,0.12048570346087217,-0.7760442346334457,0.37018156672704344,5.0
2017-04-10,35.900001525878906,35.970001220703125,35.724998474121094,35.79249954223633,75733600,-0.07607230916619301,-0.30428923666477203,0.1270938292145729,-0.467172734439373,0.2658529957455439,4.0
2017-04-11,35.73500061035156,35.837501525878906,35.01499938964844,35.407501220703125,121517600,-0.38852539339235853,-2.7196777537465096,0.5862763002514839,-0.9661294808611274,0.6269246308786389,7.0
2017-04-12,35.400001525878906,35.537498474121094,35.252498626708984,35.45000076293945,81400000,-0.3264557048678398,-1.3058228194713593,0.8156557269394398,-0.9657230284065008,0.843723523761117,4.0
2017-04-13,35.477500915527344,35.595001220703125,35.26250076293945,35.26250076293945,71291600,0.295404861215502,1.7724291672930121,0.902771657332778,-0.012055419385433197,0.4400119870286983,6.0
2017-04-17,35.369998931884766,35.470001220703125,35.217498779296875,35.45750045776367,66328400,-0.02324229230483373,-0.13945375382900238,0.006103033199906349,-0.04819385148584843,0.022237009201599812,6.0
2017-04-18,35.352500915527344,35.5099983215332,35.27750015258789,35.29999923706055,58790000,0.19964392203837633,1.9964392203837633,0.8392859920859337,-0.03428787738084793,0.2565402712448123,10.0
2017-04-19,35.470001220703125,35.5,35.11249923706055,35.16999816894531,69313600,-0.08720937259495258,-0.4360468629747629,0.9339945539832115,-0.960695207118988,0.8577843464869188,5.0
2017-04-20,35.30500030517578,35.72999954223633,35.290000915527344,35.61000061035156,93278400,-0.503373128734529,-2.516865643672645,0.04854386206716299,-0.9229043144732714,0.47022052875967146,5.0
2017-04-21,35.61000061035156,35.66999816894531,35.462501525878906,35.567501068115234,69283600,0.06375391160448392,0.19126173481345177,0.1023861002177,0.025103546679019928,0.03864127997554537,3.0
2017-04-24,35.875,35.98749923706055,35.79499816894531,35.90999984741211,68537200,-0.30376181565225124,-1.5188090782612562,-0.02794673666357994,-0.6804835833609104,0.3410663764531738,5.0
2017-04-25,35.977500915527344,36.22499847412109,35.967498779296875,36.13249969482422,75486000,0.18246388528496027,1.4597110822796822,0.8722379580140114,-0.037548623979091644,0.31209258344315466,8.0
2017-04-26,36.11750030517578,36.150001525878906,35.845001220703125,35.91999816894531,80164800,-0.007357906084507704,-0.014715812169015408,0.9259534170851111,-0.9406692292541265,1.3199015311428537,2.0
2017-04-27,35.97999954223633,36.040000915527344,35.82749938964844,35.9474983215332,56985200,0.31378223840147257,1.2551289536058903,0.9336435906589031,0.030444040894508362,0.42450549824423023,4.0
2017-04-28,36.022499084472656,36.07500076293945,35.817501068115234,35.912498474121094,83441600,-0.10871358334811197,-0.9784222501330078,0.9246324077248573,-0.9492972162552178,0.7406793563116996,9.0
2017-05-01,36.275001525878906,36.79999923706055,36.2400016784668,36.64500045776367,134411600,-0.07550714969901103,-1.0571000957861543,0.7807311564683914,-0.9222122123464942,0.48458243345955926,14.0
2017-05-02,36.8849983215332,37.022499084472656,36.709999084472656,36.87749862670898,181408800,-0.13965670096323543,-3.2121041221544147,0.9370824191719294,-0.9650454572401941,0.6907886186873503,23.0
2017-05-03,36.397499084472656,36.872501373291016,36.067501068115234,36.76499938964844,182788000,-0.1046203258059298,-2.510887819342315,0.9349075919017196,-0.9509938964620233,0.5106186255118704,24.0
2017-05-04,36.630001068115234,36.78499984741211,36.45249938964844,36.63249969482422,93487600,-0.20920332657316557,-2.7196432454511523,0.609695116057992,-0.9308558907359838,0.4556448250995563,13.0
2017-05-05,36.68999862670898,37.244998931884766,36.68999862670898,37.2400016784668,109310800,0.06260603438648912,0.5634543094784021,0.8789913803339005,-0.40739741548895836,0.3415952085955897,9.0
2017-05-08,37.25749969482422,38.42499923706055,37.25749969482422,38.25249862670898,195009600,0.13021791486867837,0.9115254040807486,0.9082227684557438,-0.03695648908615112,0.34478897691575416,7.0
2017-05-09,38.46749877929688,38.720001220703125,38.36249923706055,38.497501373291016,156521600,0.28691665331522626,0.8607499599456787,0.9178578648716211,-0.10401739180088043,0.5515975344459898,3.0
2017-05-10,38.407501220703125,38.48500061035156,38.02750015258789,38.31499862670898,103222800,-0.21006429940462112,-0.8402571976184845,0.10681295022368431,-0.9337094966322184,0.48569817874257387,4.0
2017-05-11,38.11249923706055,38.51750183105469,38.07749938964844,38.48749923706055,109020400,0.12749022850766778,0.5099609140306711,0.19910210464149714,0.0731636006385088,0.057135316644906634,4.0
2017-05-12,38.67499923706055,39.10499954223633,38.66749954223633,39.025001525878906,130108000,0.03769719030242413,0.30157752241939306,0.3480807673186064,-0.5953182931989431,0.29158913231495015,8.0
2017-05-15,39.00249862670898,39.16249847412109,38.76250076293945,38.92499923706055,104038800,-0.288758671687295,-1.7325520301237702,0.25359298568218946,-0.9476023558527231,0.45857680644923793,6.0
2017-05-16,38.98500061035156,39.01499938964844,38.68000030517578,38.86750030517578,80194000,-0.32163760079337017,-2.2514632055535913,0.24406943656504154,-0.9492797097191215,0.4875624900617628,7.0
2017-05-17,38.400001525878906,38.64250183105469,37.4275016784668,37.5625,203070800,0.09192968579009175,0.735437486320734,0.8692815527319908,-0.943648592568934,0.5533123276141487,8.0
2017-05-18,37.817501068115234,38.334999084472656,37.782501220703125,38.1349983215332,134272800,-0.08639701688662171,-0.34558806754648685,0.30750743485987186,-0.63233582675457,0.3938630540852094,4.0
2017-05-19,38.345001220703125,38.494998931884766,38.157501220703125,38.26499938964844,107843200,0.5663934256881475,1.132786851376295,0.9111016280949116,0.22168522328138351,0.48749101490489566,2.0
2017-05-22,38.5,38.64500045776367,38.227500915527344,38.497501373291016,91865600,0.1575036962915744,1.1025258740410209,0.8906338065862656,-0.9638986214995384,0.624219465697564,7.0
2017-05-23,38.72499847412109,38.72499847412109,38.32749938964844,38.45000076293945,79675600,0.1561354144730351,1.7174895592033863,0.9213180206716061,-0.9475058075040579,0.48713508415547696,11.0
2017-05-24,38.459999084472656,38.54249954223633,38.16749954223633,38.334999084472656,76712000,0.5952959293499589,1.1905918586999178,0.930161951109767,0.26042990759015083,0.4735720695506445,2.0
2017-05-25,38.432498931884766,38.587501525878906,38.25749969482422,38.46749877929688,76942400,0.026934368535876274,0.05386873707175255,0.03479943424463272,0.019069302827119827,0.011122882594278927,2.0
2017-05-26,38.5,38.560001373291016,38.32749938964844,38.40250015258789,87710400,0.7413057293742895,0.7413057293742895,0.7413057293742895,0.7413057293742895,0.0,1.0
2017-05-30,38.35499954223633,38.60749816894531,38.33250045776367,38.41749954223633,80507600,0.14133670506998897,0.5653468202799559,0.5829660221934319,-0.03193466551601887,0.29513597863210184,4.0
2017-05-31,38.49250030517578,38.54249954223633,38.095001220703125,38.18999862670898,97804800,0.12436640324691932,0.37309920974075794,0.23655980825424194,0.04736490920186043,0.09938576560424602,3.0
2017-06-01,38.29249954223633,38.33250045776367,38.05500030517578,38.29499816894531,65616400,-0.40857526077888906,-1.6343010431155562,0.12011443916708231,-0.9266916885972023,0.4336929504982549,4.0
2017-06-02,38.39500045776367,38.86249923706055,38.22249984741211,38.86249923706055,111082800,-0.3974310749077371,-2.78201752435416,0.46237704157829285,-0.9476427407935262,0.5877461689605583,7.0
2017-06-05,38.584999084472656,38.61249923706055,38.3650016784668,38.48249816894531,101326800,0.0926293968713205,3.5199170811101794,0.9346223641186953,-0.9493704745545983,0.47535725419414043,38.0
2017-06-06,38.47499847412109,38.95249938964844,38.44499969482422,38.61249923706055,106499600,-0.0973410364240408,-1.3627745099365711,0.571054182946682,-0.9443616177886724,0.41800434654141566,14.0
2017-06-07,38.755001068115234,38.994998931884766,38.619998931884766,38.84249877929688,84278400,0.15116491278802807,1.6628140406683087,0.9307342739775777,-0.71330975741148,0.43730719150634606,11.0
2017-06-08,38.8125,38.8849983215332,38.59999847412109,38.747501373291016,85003200,0.2857024690601975,1.14280987624079,0.7687292313203216,-0.02794673666357994,0.37954530811109843,4.0
2017-06-09,38.79750061035156,38.79750061035156,36.505001068115234,37.244998931884766,259530800,-0.14140160779397076,-1.8382209013216197,0.5902459062635899,-0.9622797421179712,0.5055540085588269,13.0
2017-06-12,36.435001373291016,36.522499084472656,35.627498626708984,36.35499954223633,289229200,-0.26494615371339025,-5.298923074267805,0.8581331260502338,-0.9530379269272089,0.4659381990697842,20.0
2017-06-13,36.790000915527344,36.86249923706055,36.28749847412109,36.647499084472656,136661600,-0.2880343745152156,-3.4564124941825867,0.06226356327533722,-0.9579283995553851,0.37836235026421144,12.0
2017-06-14,36.875,36.875,35.959999084472656,36.290000915527344,126124800,0.18991944649153286,1.7092750184237957,0.8199832551181316,-0.4924440309405327,0.4620656587495119,9.0
2017-06-15,35.83000183105469,36.119998931884766,35.5525016784668,36.0724983215332,128661600,0.0793472621589899,0.6347780972719193,0.647840746678412,-0.9410681594163179,0.5064257714112965,8.0
2017-06-16,35.94499969482422,36.125,35.54999923706055,35.567501068115234,201444400,-0.10627790713416678,-0.7439453499391675,0.39344501961022615,-0.7031824830919504,0.3707881204765985,7.0
2017-06-19,35.915000915527344,36.685001373291016,35.915000915527344,36.584999084472656,130165600,-0.001731886644847691,-0.013855093158781528,0.6064934320747852,-0.8492008671164513,0.45257907979623774,8.0
2017-06-20,36.71749877929688,36.71749877929688,36.23500061035156,36.25249862670898,99600400,0.34446346094565733,2.4112442266196012,0.9114321395754814,-0.05230718478560448,0.4555674554908914,7.0
2017-06-21,36.380001068115234,36.51750183105469,36.15250015258789,36.46749877929688,85063200,0.17075669035936394,1.0245401421561837,0.8217146918177605,-0.08694770187139511,0.3263444622161882,6.0
2017-06-22,36.442501068115234,36.67499923706055,36.27999877929688,36.407501220703125,76425200,-0.15785228771468005,-1.4206705894321203,0.9209902416914701,-0.9391641616821289,0.6092609866147116,9.0
2017-06-23,36.282501220703125,36.790000915527344,36.27750015258789,36.56999969482422,141757600,0.0974913268453545,0.8774219416081905,0.7416925802826881,-0.5810875743627548,0.3514384546858848,9.0
2017-06-26,36.79249954223633,37.06999969482422,36.345001220703125,36.45500183105469,102769600,0.17844280113720082,1.962870812509209,0.8759027570486069,-0.9030259260907769,0.4800371358973622,11.0
2017-06-27,36.25249862670898,36.540000915527344,35.904998779296875,35.932498931884766,99047600,-0.20950034480275853,-1.4665024136193097,0.122936325147748,-0.9635759745724499,0.4414755584779702,7.0
2017-06-28,36.122501373291016,36.52750015258789,35.790000915527344,36.45750045776367,88329600,-0.006702813319861889,-0.05362250655889511,0.84382414072752,-0.9307517968118191,0.507824464844349,8.0
2017-06-29,36.1775016784668,36.282501220703125,35.56999969482422,35.91999816894531,125997600,-0.004529582522809506,-0.022647912614047527,0.2961044805124402,-0.37721873447299004,0.24042179235353497,5.0
2017-06-30,36.11249923706055,36.2400016784668,35.94499969482422,36.005001068115234,92096400,0.3797508653253317,1.8987543266266584,0.9237903878092766,-0.07996418699622154,0.493068480545796,5.0
2017-07-03,36.220001220703125,36.32500076293945,35.775001525878906,35.875,57111200,-0.4535785084590316,-0.9071570169180632,0.03928038105368614,-0.9464373979717493,0.6970077258850281,2.0
2017-07-05,35.92250061035156,36.1974983215332,35.68000030517578,36.022499084472656,86278400,0.21337966108694673,0.8535186443477869,0.8792205341160297,-0.027946708723902702,0.4442642564692056,4.0
2017-07-06,35.755001068115234,35.875,35.602500915527344,35.682498931884766,96515200,-0.21621674382024342,-1.9459506943821907,0.8350437534973025,-0.8684970643371344,0.6237414034234068,9.0
2017-07-07,35.724998474121094,36.1875,35.724998474121094,36.04499816894531,76806800,-0.08977607171982527,-0.5386564303189516,0.3353041224181652,-0.8853840529918671,0.4146177703915934,6.0
2017-07-10,36.02750015258789,36.48749923706055,35.842498779296875,36.26499938964844,84362400,-0.08944610692560673,-0.2683383207768202,0.08884564228355885,-0.3748304508626461,0.24970081642436315,3.0
2017-07-11,36.182498931884766,36.462501525878906,36.095001220703125,36.38249969482422,79127200,-0.030459339420000713,-0.18275603652000427,0.9192546606063843,-0.9341927133500576,0.5867808113080105,6.0
2017-07-12,36.46749877929688,36.54499816894531,36.20500183105469,36.435001373291016,99538000,0.08527428838424385,0.8527428838424385,0.8818853031843901,-0.9677119604311883,0.7066194000338767,10.0
2017-07-13,36.375,37.122501373291016,36.36000061035156,36.942501068115234,100797600,-0.18059826163308962,-1.2641878314316273,0.2094985619187355,-0.8493662886321545,0.3892901635492692,7.0
2017-07-14,36.99250030517578,37.33250045776367,36.83250045776367,37.2599983215332,80528400,-0.6488701864145696,-1.2977403728291392,-0.3430855870246887,-0.9546547858044505,0.4324447276219932,2.0
2017-07-17,37.20500183105469,37.72499847412109,37.14250183105469,37.38999938964844,95174000,-0.004778087804360049,-0.033446614630520344,0.12871803529560566,-0.3489082157611847,0.16077888776551272,7.0
2017-07-18,37.29999923706055,37.532501220703125,37.16749954223633,37.52000045776367,71475200,0.11862161289900541,0.23724322579801083,0.265970841050148,-0.028727615252137184,0.2083832768565533,2.0
2017-07-19,37.619998931884766,37.85499954223633,37.48749923706055,37.755001068115234,83692000,-0.2402590618335775,-1.6818134328350425,0.14129316434264183,-0.8681344594806433,0.4261704975535048,7.0
2017-07-20,37.875,37.935001373291016,37.54750061035156,37.584999084472656,68974800,-0.032433063412706055,-0.19459838047623634,0.7716198563575745,-0.8402711488306522,0.5422995566833335,6.0
2017-07-21,37.497501373291016,37.61000061035156,37.220001220703125,37.567501068115234,105010400,-0.06840127147734165,-0.20520381443202496,0.30607638135552406,-0.4798774737864733,0.39428103568476724,3.0
2017-07-24,37.64500045776367,38.11000061035156,37.47499847412109,38.022499084472656,85972800,0.24844564000765482,1.490673840045929,0.7236463259905577,-0.02233155071735382,0.3400669267693186,6.0
2017-07-25,37.95000076293945,38.459999084472656,37.95000076293945,38.185001373291016,75415600,0.2081293840892613,1.6650350727140903,0.8885223418474197,-0.9590961160138249,0.5968478607266785,8.0
2017-07-26,38.337501525878906,38.48249816894531,38.26499938964844,38.3650016784668,63124000,0.07960043537120025,0.23880130611360073,0.8972367234528065,-0.7530703451484442,0.8252562524094957,3.0
2017-07-27,38.4375,38.497501373291016,36.82500076293945,37.63999938964844,129905200,0.04839150634195123,0.33874054439365864,0.9091294016689062,-0.9625490121543407,0.5996498083254438,7.0
2017-07-28,37.47249984741211,37.557498931884766,37.29750061035156,37.375,68854800,0.024285707622766495,0.12142853811383247,0.30119613930583,-0.21620770543813705,0.1879545371780513,5.0
2017-07-31,37.47499847412109,37.58250045776367,37.032501220703125,37.182498931884766,79383600,-0.09043074399232864,-0.7234459519386292,0.30963319540023804,-0.4048544056713581,0.2467497980284131,8.0
2017-08-01,37.275001525878906,37.55500030517578,37.102500915527344,37.51250076293945,141474400,0.04439548089761625,0.9767005797475576,0.891342356801033,-0.9109602086246014,0.4984931990303976,22.0
2017-08-02,39.81999969482422,39.9375,39.040000915527344,39.28499984741211,279747200,0.06536026112735271,2.026168094947934,0.9259505998343229,-0.9563954938203096,0.6075183849971615,31.0
2017-08-03,39.26250076293945,39.3025016784668,38.755001068115234,38.89250183105469,108389200,0.14133044285699725,0.8479826571419835,0.9043907485902309,-0.6476681493222713,0.5014863189013546,6.0
2017-08-04,39.01750183105469,39.34999847412109,38.92250061035156,39.09749984741211,82239600,0.5754073864469925,1.7262221593409777,0.9344526547938585,0.1601494075730443,0.3902003091782162,3.0
2017-08-07,39.26499938964844,39.72999954223633,39.16749954223633,39.70249938964844,87481200,0.3846267784635226,1.1538803353905678,0.7686619814485312,0.01935526728630066,0.37500559338474254,3.0
2017-08-08,39.650001525878906,40.45750045776367,39.567501068115234,40.02000045776367,144823600,-0.07313454523682594,-0.5850763618946075,0.717871893197298,-0.9644166883081198,0.4840253946871618,8.0
2017-08-09,39.81499862670898,40.317501068115234,39.77750015258789,40.26499938964844,104526000,0.06574231417228778,0.19722694251686335,0.1718916343525052,0.012073725461959839,0.09192992647798458,3.0
2017-08-10,39.97499847412109,40.0,38.657501220703125,38.83000183105469,163217200,0.06498336466029286,0.12996672932058573,0.08516676910221577,0.04479996021836996,0.02854364429662874,2.0
2017-08-11,39.150001525878906,39.64250183105469,39.01750183105469,39.369998931884766,105028400,0.21206854260526597,0.8482741704210639,0.6929103089496493,-0.19813190028071404,0.3823404056532529,4.0
2017-08-14,39.83000183105469,40.0525016784668,39.6875,39.962501525878906,88490800,0.22798279533162713,0.9119311813265085,0.7020570635795593,0.03517938032746315,0.3174323619293721,4.0
2017-08-15,40.165000915527344,40.54999923706055,40.03499984741211,40.400001525878906,117862000,0.0771313823449115,0.462788294069469,0.361119351349771,-0.02794673666357994,0.14913616303231214,6.0
2017-08-16,40.48500061035156,40.62749862670898,40.03749847412109,40.23749923706055,110686400,-0.10850778594613075,-0.6510467156767845,0.829279437661171,-0.9250000268220901,0.7263531178096865,6.0
2017-08-17,40.130001068115234,40.1775016784668,39.459999084472656,39.46500015258789,111762400,-0.609166918322444,-0.609166918322444,-0.609166918322444,-0.609166918322444,0.0,1.0
2017-08-18,39.46500015258789,39.875,39.18000030517578,39.375,109712400,0.06902235234156251,0.13804470468312502,0.11712352652102709,0.02092117816209793,0.06802533289066934,2.0
2017-08-21,39.375,39.47249984741211,38.77750015258789,39.3025016784668,105474000,0.3920155521482229,0.7840311042964458,0.8206864520907402,-0.03665534779429436,0.606232200493388,2.0
2017-08-22,39.557498931884766,40.0,39.505001068115234,39.94499969482422,86418400,-0.26997859915718436,-0.8099357974715531,0.17315420042723417,-0.9676503385417163,0.611515578655985,3.0
2017-08-23,39.76750183105469,40.11750030517578,39.720001220703125,39.994998931884766,77596400,-0.058067789673805235,-0.2903389483690262,0.04691348224878311,-0.3858776409178972,0.1844079714078844,5.0
2017-08-24,40.10749816894531,40.185001373291016,39.63750076293945,39.817501068115234,79275600,-0.389760882826522,-1.559043531306088,0.5598251428455114,-0.9646289851516485,0.7032141693138644,4.0
2017-08-25,39.91249847412109,40.13999938964844,39.817501068115234,39.96500015258789,101920400,0.7760794265195727,0.7760794265195727,0.7760794265195727,0.7760794265195727,0.0,1.0
2017-08-28,40.03499984741211,40.5,39.98249816894531,40.36750030517578,103864000,-0.12388596497476101,-0.743315789848566,0.12192499078810215,-0.7874466925859451,0.3326226473488857,6.0
2017-08-29,40.025001525878906,40.77999877929688,40.0,40.727500915527344,118067600,0.12926505164553723,1.163385464809835,0.836521009914577,-0.9582984307780862,0.5185323059146165,9.0
2017-08-30,40.95000076293945,40.97249984741211,40.65250015258789,40.837501525878906,109078400,-0.10945411823276016,-0.9850870640948415,0.9239669321104884,-0.9048763820901513,0.6566074249053209,9.0
2017-08-31,40.90999984741211,41.130001068115234,40.869998931884766,41.0,107140400,0.20467446902766823,2.0467446902766824,0.8941767401993275,-0.2754337787628174,0.3694376110068862,10.0
2017-09-01,41.20000076293945,41.23500061035156,40.907501220703125,41.01250076293945,66364400,-0.010201763095600265,-0.07141234166920185,0.5390140451490879,-0.854118887335062,0.4267250396438234,7.0
2017-09-05,40.9375,41.0625,40.13999938964844,40.52000045776367,117874000,0.07335364419434752,0.5134755093604326,0.7539229933172464,-0.16168370842933655,0.30516654926954245,7.0
2017-09-06,40.6775016784668,40.747501373291016,40.130001068115234,40.477500915527344,86606800,0.13396047602873296,1.0716838082298636,0.5560598969459534,-0.03592977672815323,0.24334543038238546,8.0
2017-09-07,40.522499084472656,40.560001373291016,40.09000015258789,40.31499862670898,87714000,-0.10341918069337096,-0.7239342648535967,0.9132216461002827,-0.9612324070185423,0.6606872079989372,7.0
2017-09-08,40.21500015258789,40.28749847412109,39.63249969482422,39.657501220703125,114446000,-0.0035199884857450214,-0.02463991940021515,0.8156521106138825,-0.9005643734708428,0.5378213542413558,7.0
2017-09-11,40.125,40.51250076293945,39.97249984741211,40.375,126323200,-0.11204769027729829,-1.6807153541594744,0.8917031455785036,-0.9594766930676997,0.5902892581073123,15.0
2017-09-12,40.65250015258789,40.9900016784668,39.692501068115234,40.21500015258789,286856000,0.13630878301669977,7.633291848935187,0.9329621475189924,-0.9639082010835409,0.44961590596539625,56.0
2017-09-13,39.96749877929688,39.9900016784668,39.477500915527344,39.91249847412109,179629600,-0.04361788695678115,-0.6978861913084984,0.8540775701403618,-0.955543520860374,0.4253995720987447,16.0
2017-09-14,39.747501373291016,39.84999847412109,39.522499084472656,39.56999969482422,95042800,0.3377531658942727,7.430569649673998,0.9272267036139965,-0.555405018851161,0.42153818308872537,22.0
2017-09-15,39.61750030517578,40.24250030517578,39.5,39.970001220703125,196458400,0.07140054864188035,0.4284032918512821,0.8318523913621902,-0.8589974660426378,0.547653478152242,6.0
2017-09-18,40.02750015258789,40.125,39.5,39.66749954223633,113077600,-0.5285828746855259,-0.5285828746855259,-0.5285828746855259,-0.5285828746855259,0.0,1.0
2017-09-19,39.87749862670898,39.942501068115234,39.61000061035156,39.682498931884766,83242400,-0.03676314731793744,-0.2573420312255621,0.28340789675712585,-0.8445086032152176,0.37220821698308576,7.0
2017-09-20,39.47499847412109,39.56499862670898,38.45750045776367,39.01750183105469,211805600,-0.4625596685218625,-3.7004773481749,0.16497797146439552,-0.9631124660372734,0.5185982958324986,8.0
2017-09-21,38.95000076293945,38.95000076293945,38.1875,38.34749984741211,150046800,-0.05051305750384927,-0.20205223001539707,0.029124699532985687,-0.1303189992904663,0.06763154722338585,4.0
2017-09-22,37.8849983215332,38.067501068115234,37.63999938964844,37.97249984741211,186581600,-0.09473867337642745,-1.042125407140702,0.7713476791977882,-0.9536308250389993,0.5751491680833186,11.0
2017-09-25,37.497501373291016,37.95750045776367,37.290000915527344,37.63750076293945,177549200,0.19651056249858811,1.572084499988705,0.9040941409766674,-0.8321292446926236,0.5457867406223557,8.0
2017-09-26,37.94499969482422,38.47999954223633,37.92250061035156,38.28499984741211,146640000,-0.080492346547544,-0.724431118927896,0.7531501455232501,-0.9541565859690309,0.636189230136969,9.0
2017-09-27,38.45000076293945,38.68000030517578,38.3849983215332,38.557498931884766,102016800,0.06008859071880579,0.24035436287522316,0.8607159741222858,-0.6381870061159134,0.6149393493081846,4.0
2017-09-28,38.47249984741211,38.56999969482422,38.17499923706055,38.31999969482422,88022000,0.19724918839832148,1.7752426955848932,0.8474915726110339,-0.11958422884345055,0.31036700347457075,9.0
2017-09-29,38.3025016784668,38.532501220703125,38.0,38.52999877929688,105199200,0.4186488026753068,1.2559464080259204,0.9287637500092387,0.07165417075157166,0.451237615551336,3.0
2017-10-02,38.56499862670898,38.61249923706055,38.18000030517578,38.45249938964844,74795200,-0.08423611111938953,-0.42118055559694767,0.5260836482048035,-0.6301291417330503,0.4490204976649947,5.0
2017-10-03,38.50249862670898,38.772499084472656,38.477500915527344,38.619998931884766,64921200,0.06020395830273628,0.3612237498164177,0.6301366612315178,-0.7508164085447788,0.4594916351657743,6.0
2017-10-04,38.407501220703125,38.46500015258789,38.1150016784668,38.369998931884766,80655200,-0.29174475744366646,-0.8752342723309994,0.03625638410449028,-0.9430461786687374,0.5640484735312481,3.0
2017-10-05,38.54499816894531,38.86000061035156,38.51250076293945,38.84749984741211,85135200,0.23179182447493077,1.1589591223746538,0.9444930981844664,-0.0033618099987506866,0.40175583762001155,5.0
2017-10-06,38.74250030517578,38.872501373291016,38.63999938964844,38.82500076293945,69630400,0.06358795333653688,0.06358795333653688,0.06358795333653688,0.06358795333653688,0.0,1.0
2017-10-09,38.95249938964844,39.182498931884766,38.872501373291016,38.959999084472656,65051600,0.07029949501156807,0.14059899002313614,0.15456467121839523,-0.013965681195259094,0.11916895502745362,2.0
2017-10-10,39.01499938964844,39.5,38.775001525878906,38.97499847412109,62468000,-0.16129493048148497,-1.1290645133703947,0.507033683359623,-0.9575774073600769,0.5584943347369917,7.0
2017-10-11,38.99250030517578,39.244998931884766,38.9375,39.13750076293945,67622400,-0.3283845415183653,-1.970307249110192,0.9266629060730338,-0.9681309028528631,0.6869878236380967,6.0
2017-10-12,39.087501525878906,39.34249877929688,38.932498931884766,39.0,64500400,0.05310142878443003,0.2124057151377201,0.12460637465119362,-0.043175049126148224,0.07271203985847424,4.0
2017-10-13,39.182498931884766,39.31999969482422,39.102500915527344,39.247501373291016,65576800,-0.30310497190803287,-1.5155248595401645,0.1438504084944725,-0.9564518826082349,0.5224430810611903,5.0
2017-10-16,39.47499847412109,40.0,39.41249847412109,39.970001220703125,96486000,-0.06496799720281904,-0.7146479692310095,0.644946925342083,-0.8963660001754761,0.4695532068595784,11.0
2017-10-17,39.94499969482422,40.21749877929688,39.807498931884766,40.11750030517578,75989200,0.5057186729585131,1.5171560188755393,0.9151903307065368,-0.03378290683031082,0.48766626586195605,3.0
2017-10-18,40.10499954223633,40.1775016784668,39.900001525878906,39.93999862670898,65496800,-0.14413349689649685,-1.0089344782754779,0.8125919178128242,-0.946762758307159,0.6089176649701802,7.0
2017-10-19,39.1875,39.27000045776367,38.755001068115234,38.994998931884766,170336800,-0.5350170795702271,-4.815153716132045,0.15362510830163956,-0.9589361511170864,0.49983380140302436,9.0
2017-10-20,39.15250015258789,39.4375,38.9900016784668,39.0625,95896400,-0.947742210701108,-0.947742210701108,-0.947742210701108,-0.947742210701108,0.0,1.0
2017-10-23,39.22249984741211,39.42250061035156,38.875,39.04249954223633,87937200,-0.05907670905192693,-0.5316903814673424,0.6871619904413819,-0.9151786398142576,0.5537399013071628,9.0
2017-10-24,39.0724983215332,39.35499954223633,39.04999923706055,39.275001525878906,71028800,0.13720689493824134,1.5092758443206549,0.934375574812293,-0.560095027089119,0.4104258100411902,11.0
2017-10-25,39.227500915527344,39.38750076293945,38.817501068115234,39.102500915527344,84828400,-0.19873882892231146,-1.7886494603008032,0.25016262382268906,-0.8522007688879967,0.38110176166917337,9.0
2017-10-26,39.307498931884766,39.45750045776367,39.19499969482422,39.352500915527344,68002000,0.18212847411632538,0.36425694823265076,0.7663496881723404,-0.40209273993968964,0.8262135643440915,2.0
2017-10-27,39.8224983215332,40.900001525878906,39.67499923706055,40.76250076293945,177816800,0.04618666724612316,0.4156800052151084,0.39012783393263817,-0.4125343859195709,0.22751607787320816,9.0
2017-10-30,40.97249984741211,42.01750183105469,40.93000030517578,41.68000030517578,178803200,0.0454269429402692,0.3179886005818844,0.7317665815353394,-0.7507594004273415,0.4374702917574095,7.0
2017-10-31,41.97499847412109,42.41249847412109,41.73500061035156,42.2599983215332,144187200,-0.5376907643777403,-5.914598408155143,0.030301757156848907,-0.9605162926018238,0.3835028469730784,11.0
2017-11-01,42.46749877929688,42.48500061035156,41.40250015258789,41.72249984741211,134551200,0.09431763458997011,1.1318116150796413,0.9178381077945232,-0.2553616687655449,0.2831660875517724,12.0
2017-11-02,41.650001525878906,42.125,41.31999969482422,42.02750015258789,165573600,0.07282802232198025,1.3837324241176248,0.9222389934584498,-0.9378663040697575,0.578201207434245,19.0
2017-11-03,43.5,43.56499862670898,42.77999877929688,43.125,237594400,0.054394757124380425,1.414263685233891,0.9272083817049861,-0.9521710155531764,0.5850289234726455,26.0
2017-11-06,43.09249877929688,43.747501373291016,42.93000030517578,43.5625,140105200,0.06937536016966288,0.9018796822056174,0.910836536437273,-0.8720006160438061,0.5190521902454827,13.0
2017-11-07,43.477500915527344,43.8125,43.400001525878906,43.70249938964844,97446000,0.013271383615210653,0.13271383615210652,0.8329126848839223,-0.9258425384759903,0.4597076717181219,10.0
2017-11-08,43.665000915527344,44.060001373291016,43.58250045776367,44.060001373291016,97638000,0.2430249061435461,2.187224155291915,0.9276537857949734,-0.2827460430562496,0.4204944730478752,9.0
2017-11-09,43.77750015258789,44.025001525878906,43.28499984741211,43.970001220703125,117930400,-0.414256606483832,-1.657026425935328,0.029741572216153145,-0.9590698359534144,0.49223823754274804,4.0
2017-11-10,43.77750015258789,43.845001220703125,43.567501068115234,43.66749954223633,100582000,-0.3067643552397688,-0.9202930657193065,0.05379082914441824,-0.9568180814385414,0.5640830141229194,3.0
2017-11-13,43.375,43.625,43.34999847412109,43.49250030517578,67928400,0.19085180945694447,0.7634072378277779,0.908125588670373,-0.17859430611133575,0.4869879774943436,4.0
2017-11-14,43.2599983215332,43.369998931884766,42.79499816894531,42.834999084472656,99130000,-0.20566902111750096,-1.6453521689400077,0.3403750415891409,-0.8897359129041433,0.4453538882902879,8.0
2017-11-15,42.49250030517578,42.58000183105469,42.095001220703125,42.27000045776367,116632400,0.06125568407070306,0.5513011566363275,0.7697709426283836,-0.9451826270669699,0.44881019424291835,9.0
2017-11-16,42.79499816894531,42.96749877929688,42.57500076293945,42.775001525878906,94550000,0.06217655477424463,0.18652966432273388,0.11981851607561111,-0.006957899779081345,0.06416481087870694,3.0
2017-11-17,42.7599983215332,42.84749984741211,42.40999984741211,42.53749847412109,87598000,-0.36720543416837853,-2.203232605010271,0.06959249265491962,-0.9517650380730629,0.4686703261490343,6.0
2017-11-20,42.5724983215332,42.63999938964844,42.38999938964844,42.494998931884766,65049600,0.32371140488733846,1.9422684293240309,0.9233475103974342,-0.8941420242190361,0.6906552447013731,6.0
2017-11-21,42.69499969482422,43.42499923706055,42.69499969482422,43.28499984741211,100525200,-0.1969707215204835,-0.9848536076024175,0.6348796375095844,-0.9509259453043342,0.6449119881765978,5.0
2017-11-22,43.34000015258789,43.75,43.26250076293945,43.7400016784668,102355600,-0.12122961832210422,-0.48491847328841686,0.05145123787224293,-0.608230710029602,0.3248538726759852,4.0
2017-11-24,43.775001525878906,43.875,43.66249847412109,43.74250030517578,56106800,0.0,0.0,0.0,0.0,0.0,0.0
2017-11-27,43.76250076293945,43.77000045776367,43.334999084472656,43.522499084472656,82867200,0.2321024939417839,1.1605124697089195,0.9326243326067924,-0.17414311319589615,0.5371051815679952,5.0
2017-11-28,43.57500076293945,43.71749877929688,42.96500015258789,43.26750183105469,105715200,-0.025265642752250034,-0.0757969282567501,0.7080360297113657,-0.895479230210185,0.8104776070631923,3.0
2017-11-29,43.157501220703125,43.22999954223633,41.790000915527344,42.369998931884766,166665600,-0.9017737392957011,-2.7053212178871036,-0.8549940250813961,-0.9598550265654922,0.05333621258777437,3.0
2017-11-30,42.60749816894531,43.03499984741211,42.11000061035156,42.962501525878906,166108800,0.08733054865151643,0.4366527432575822,0.9272164506837726,-0.7775338217616081,0.6071030822377355,5.0
2017-12-01,42.48749923706055,42.91749954223633,42.125,42.76250076293945,159037200,0.2396170599386096,0.9584682397544384,0.8854457316920161,-0.5982353240251541,0.6215944904879696,4.0
2017-12-04,43.119998931884766,43.15499877929688,42.407501220703125,42.45000076293945,130169600,-0.14716501091606915,-0.5886600436642766,0.12596548441797495,-0.802728246897459,0.44043162446435064,4.0
2017-12-05,42.26499938964844,42.880001068115234,42.09999847412109,42.40999984741211,109400800,0.5191738547757268,2.595869273878634,0.9342674110084772,0.057468890212476254,0.42914753861975674,5.0
2017-12-06,41.875,42.54999923706055,41.6150016784668,42.25249862670898,114240000,0.617389079493781,1.8521672384813428,0.9298362042754889,0.0010869242250919342,0.5337506121427082,3.0
2017-12-07,42.25749969482422,42.61000061035156,42.227500915527344,42.33000183105469,102693200,-0.24813212361186743,-0.49626424722373486,0.04476174898445606,-0.5410259962081909,0.4142144869616981,2.0
2017-12-08,42.622501373291016,42.75,42.20500183105469,42.34249877929688,93420800,-0.0162802076499377,-0.11396145354956388,0.9332735724747181,-0.9657923383638263,0.6378855616098493,7.0
2017-12-11,42.29999923706055,43.22249984741211,42.1974983215332,43.16749954223633,141095200,0.360667821152934,2.524674748070538,0.9336339086294174,-0.48452228307724,0.4920164035534867,7.0
2017-12-12,43.03749847412109,43.09749984741211,42.8650016784668,42.92499923706055,77636800,0.057007010405262314,0.17102103121578693,0.13230949454009533,0.005401477217674255,0.06669010667500902,3.0
2017-12-13,43.125,43.3849983215332,43.0,43.067501068115234,95273600,-0.050118190968143086,-0.7016546735540032,0.9067009035497904,-0.9605758814141154,0.7587553743762327,14.0
2017-12-14,43.09999847412109,43.282501220703125,42.91249847412109,43.05500030517578,81906000,0.17406944669783114,0.8703472334891558,0.6863574907183647,-0.002996489405632019,0.29581461209301513,5.0
2017-12-15,43.407501220703125,43.54249954223633,43.1150016784668,43.49250030517578,160677200,0.06068209204822779,0.30341046024113894,0.8854611366987228,-0.6721686348319054,0.559474395144811,5.0
2017-12-18,43.720001220703125,44.29999923706055,43.71500015258789,44.10499954223633,117684400,0.45119266340043396,1.8047706536017358,0.9028373248875141,-0.00654851458966732,0.45229730227275816,4.0
2017-12-19,43.75749969482422,43.84749984741211,43.522499084472656,43.6349983215332,109745600,-0.1732857843162492,-1.3862862745299935,0.41211843490600586,-0.8528336118906736,0.4253963383909713,8.0
2017-12-20,43.71749877929688,43.85499954223633,43.3125,43.587501525878906,93902400,0.04012870602309704,0.04012870602309704,0.04012870602309704,0.04012870602309704,0.0,1.0
2017-12-21,43.54249954223633,44.005001068115234,43.525001525878906,43.75249862670898,83799600,0.282037113327533,1.128148453310132,0.9067792547866702,0.011476654559373856,0.42297574123356785,4.0
2017-12-22,43.66999816894531,43.85499954223633,43.625,43.75249862670898,65397600,0.132002756310006,0.7920165378600359,0.89631278347224,-0.9195776451379061,0.6488697863207186,6.0
2017-12-26,42.70000076293945,42.86750030517578,42.41999816894531,42.64250183105469,132742000,-0.18079190858854696,-2.3502948116511106,0.9266655538231134,-0.9634710047394037,0.8151675374109657,13.0
2017-12-27,42.525001525878906,42.69499969482422,42.4275016784668,42.650001525878906,85992800,0.4307982672471553,1.7231930689886212,0.9179643420502543,-0.0900798961520195,0.4869389606295979,4.0
2017-12-28,42.75,42.962501525878906,42.619998931884766,42.77000045776367,65920800,-0.22886825927222768,-1.373209555633366,0.4016012689098716,-0.921141043305397,0.5312615944261236,6.0
2017-12-29,42.630001068115234,42.647499084472656,42.30500030517578,42.307498931884766,103999600,-0.35630415193736553,-0.7126083038747311,0.0025372765958309174,-0.715145580470562,0.5074784149729822,2.0
2018-01-02,42.540000915527344,43.07500076293945,42.31499862670898,43.06499862670898,102223600,-0.01581540091761521,-0.11070780642330647,0.23556006141006947,-0.8646819777786732,0.3833167712194863,7.0
2018-01-03,43.13249969482422,43.63750076293945,42.9900016784668,43.057498931884766,118071600,0.16908942919690162,1.352715433575213,0.9379555890336633,-0.9021599162369967,0.6805808275922434,8.0
2018-01-04,43.1349983215332,43.36750030517578,43.02000045776367,43.25749969482422,89738400,-0.31604936765506864,-0.6320987353101373,0.334758672863245,-0.9668574081733823,0.9203815574024579,2.0
2018-01-05,43.36000061035156,43.84249877929688,43.26250076293945,43.75,94640000,-0.42103895438568933,-2.9472726806998253,0.4259709045290947,-0.9384424593299627,0.5567328041028469,7.0
2018-01-08,43.587501525878906,43.90250015258789,43.48249816894531,43.587501525878906,82271200,0.1308398986649182,1.177559087984264,0.784959620796144,-0.15283337235450745,0.2825503424902101,9.0
2018-01-09,43.63750076293945,43.76499938964844,43.352500915527344,43.58250045776367,86336000,-0.12128779124468565,-0.6064389562234282,0.9358136802911758,-0.9638716606423259,0.9704001423753107,5.0
2018-01-10,43.290000915527344,43.57500076293945,43.25,43.5724983215332,95839600,-0.1500187530182302,-0.3000375060364604,0.038005574606359005,-0.3380430806428194,0.26590655418277626,2.0
2018-01-11,43.647499084472656,43.872501373291016,43.622501373291016,43.81999969482422,74670800,0.6336069630458951,3.1680348152294755,0.9075513295829296,0.15766387432813644,0.34689152395410383,5.0
2018-01-12,44.04499816894531,44.34000015258789,43.91249847412109,44.272499084472656,101672400,0.1759300649476548,1.0555803896859288,0.7427909527905285,-0.02921191230416298,0.2978693811075636,6.0
2018-01-16,44.47499847412109,44.84749984741211,44.03499984741211,44.04750061035156,118263600,-0.3589789210818708,-1.4359156843274832,0.650358016602695,-0.945357309654355,0.7492599063260527,4.0
2018-01-17,44.03749847412109,44.8125,43.76750183105469,44.775001525878906,137547200,-0.04633480776101351,-0.4633480776101351,0.9246683046221733,-0.9598294515162706,0.865057172331009,10.0
2018-01-18,44.84249877929688,45.025001525878906,44.5625,44.81499862670898,124773600,-0.45086471550166607,-3.6069177240133286,0.3783148806542158,-0.9533456414937973,0.5169970969454856,8.0
2018-01-19,44.65250015258789,44.89500045776367,44.352500915527344,44.6150016784668,129700400,0.3097826300188899,1.5489131500944495,0.9193671895191073,-0.04093380272388458,0.4494702155410994,5.0
2018-01-22,44.32500076293945,44.44499969482422,44.150001525878906,44.25,108434400,-0.24206352492587435,-2.178571724332869,0.5997663140296936,-0.9102612994611263,0.4993735133409272,9.0
2018-01-23,44.32500076293945,44.86000061035156,44.20500183105469,44.2599983215332,130756400,0.0651790239692976,0.7821482876315713,0.9121249923482537,-0.9462627414613962,0.6148138233225933,12.0
2018-01-24,44.3125,44.32500076293945,43.29999923706055,43.55500030517578,204420400,-0.20791303030111724,-1.8712172727100551,0.7201169403269887,-0.9508885778486729,0.5518986484001914,9.0
2018-01-25,43.62749862670898,43.73749923706055,42.63249969482422,42.77750015258789,166116000,0.2952473323792219,1.4762366618961096,0.9176960475742817,0.014030370861291885,0.37850365892963334,5.0
2018-01-26,43.0,43.0,42.51499938964844,42.87749862670898,156572000,-0.3252362101338804,-2.601889681071043,0.5900054574012756,-0.9653284307569265,0.6211278847888431,8.0
2018-01-29,42.540000915527344,42.540000915527344,41.76750183105469,41.9900016784668,202561600,-0.23617392441687676,-3.070261017419398,0.8395230639725924,-0.9574674805626273,0.5879843135734958,13.0
2018-01-30,41.38249969482422,41.84249877929688,41.17499923706055,41.74250030517578,184192800,-0.21635349560528994,-1.9471814604476094,0.932371012866497,-0.9442440718412399,0.6761483989885136,9.0
2018-01-31,41.71749877929688,42.11000061035156,41.625,41.85749816894531,129915600,-0.4413441298529506,-4.413441298529506,0.15804587677121162,-0.9386951699852943,0.3651032379129125,10.0
2018-02-01,41.79249954223633,42.15499877929688,41.68999862670898,41.94499969482422,188923200,0.004303670096162118,0.08176973182708025,0.9259812291711569,-0.9650942645967007,0.7278186591037054,19.0
2018-02-02,41.5,41.70000076293945,40.025001525878906,40.125,346375200,-0.15190128053405455,-5.316544818691909,0.9029352534562349,-0.9635954303666949,0.5408405396409651,35.0
2018-02-05,39.775001525878906,40.970001220703125,39.0,39.122501373291016,290954000,0.11544492510570721,1.2698941761627793,0.9114616299048066,-0.9530986007303,0.49198292221217765,11.0
2018-02-06,38.70750045776367,40.93000030517578,38.5,40.75749969482422,272975200,0.13078541601342814,0.915497912093997,0.9345503021031618,-0.8999829068779945,0.6251528581437699,7.0
2018-02-07,40.772499084472656,40.84999847412109,39.76750183105469,39.8849983215332,206434400,0.016741398256272078,0.13393118605017662,0.9261833634227514,-0.4533379841595888,0.4259277462779938,8.0
2018-02-08,40.0724983215332,40.25,38.75749969482422,38.78749847412109,217562000,-0.18001175485551357,-0.36002350971102715,0.267167080193758,-0.6271905899047852,0.632406373332881,2.0
2018-02-09,39.26750183105469,39.47249984741211,37.560001373291016,39.102500915527344,282690400,0.00807163305580616,0.00807163305580616,0.00807163305580616,0.00807163305580616,0.0,1.0
2018-02-12,39.625,40.97249984741211,39.37749862670898,40.6775016784668,243278000,0.242650395569702,0.727951186709106,0.6049144100397825,0.0128962192684412,0.31747523912848413,3.0
2018-02-13,40.48749923706055,41.1875,40.41249847412109,41.084999084472656,130196800,0.4036930220512052,2.4221581323072314,0.9032086385414004,-0.01676425337791443,0.42700290922748535,6.0
2018-02-14,40.7599983215332,41.8849983215332,40.720001220703125,41.84249877929688,162579600,0.01848421022295952,0.09242105111479759,0.9055134663358331,-0.9618957247585058,0.7878771432735092,5.0
2018-02-15,42.4474983215332,43.272499084472656,42.25,43.247501373291016,204588800,0.47799672683080036,2.8679803609848022,0.9350833259522915,0.055691055953502655,0.4075608160387105,6.0
2018-02-16,43.09000015258789,43.70500183105469,42.942501068115234,43.10749816894531,160704400,-0.1129549965262413,-0.2259099930524826,0.015953749418258667,-0.24186374247074127,0.18230449682321956,2.0
2018-02-20,43.01250076293945,43.56499862670898,42.85499954223633,42.962501525878906,135722000,0.02677999483421445,0.0535599896684289,0.0424944506958127,0.011065538972616196,0.02222359660478563,2.0
2018-02-21,43.20750045776367,43.52999877929688,42.75249862670898,42.76750183105469,149886400,0.09231071174144745,0.46155355870723724,0.25249933637678623,-0.11073220148682594,0.148022924685502,5.0
2018-02-22,42.95000076293945,43.48749923706055,42.9275016784668,43.125,123967600,0.19520265539176762,0.7808106215670705,0.9206195846199989,-0.298498522490263,0.5154144162613531,4.0
2018-02-23,43.41749954223633,43.91249847412109,43.3849983215332,43.875,135249600,0.0,0.0,0.0,0.0,0.0,0.0
2018-02-26,44.087501525878906,44.84749984741211,44.0525016784668,44.74250030517578,152648800,0.4903534287586808,1.9614137150347233,0.9099449245259166,-0.017188627272844315,0.4534650785942527,4.0
2018-02-27,44.775001525878906,45.119998931884766,44.540000915527344,44.59749984741211,155712400,-0.05963455466553569,-0.35780732799321413,0.19870303478091955,-0.856144530698657,0.39659381324814136,6.0
2018-02-28,44.81499862670898,45.15499877929688,44.51250076293945,44.52999877929688,151128400,0.0053029730916023254,0.010605946183204651,0.018352296203374863,-0.007746350020170212,0.0184545297244574,2.0
2018-03-01,44.6349983215332,44.94499969482422,43.165000915527344,43.75,195208000,-0.407747088233009,-0.815494176466018,0.14874815801158547,-0.9642423344776034,0.7870031246352607,2.0
2018-03-02,43.20000076293945,44.07500076293945,43.11249923706055,44.0525016784668,153816000,0.0,0.0,0.0,0.0,0.0,0.0
2018-03-05,43.8025016784668,44.435001373291016,43.630001068115234,44.20500183105469,113605600,-0.5448857226874679,-2.1795428907498717,0.09051795676350594,-0.9643077244982123,0.5125449566812477,4.0
2018-03-06,44.477500915527344,44.5625,44.032501220703125,44.16749954223633,95154000,-0.231277426937595,-0.92510970775038,0.2223879136145115,-0.9605406792834401,0.5090959830023783,4.0
2018-03-07,43.73500061035156,43.962501525878906,43.567501068115234,43.75749969482422,126814000,-0.11897660093382001,-0.47590640373528004,0.33197822980582714,-0.948800659738481,0.5681468603545289,4.0
2018-03-08,43.869998931884766,44.27999877929688,43.76750183105469,44.23500061035156,95096400,0.8392070876434445,1.678414175286889,0.9080143887549639,0.7703997865319252,0.09730821842219999,2.0
2018-03-09,44.4900016784668,45.0,44.34749984741211,44.994998931884766,128740800,0.0,0.0,0.0,0.0,0.0,0.0
2018-03-12,45.0724983215332,45.59749984741211,45.0525016784668,45.43000030517578,128828400,0.04855355713516474,0.5340891284868121,0.6900850767269731,-0.8984294794499874,0.541061079700027,11.0
2018-03-13,45.647499084472656,45.875,44.810001373291016,44.99250030517578,126774000,0.1246966514736414,0.3740899544209242,0.36019836738705635,-0.01930929720401764,0.20563346867032004,3.0
2018-03-14,45.08000183105469,45.130001068115234,44.45249938964844,44.61000061035156,117473600,0.05546994903124869,0.22187979612499475,0.19216141756623983,-0.10005101189017296,0.14093196993309187,4.0
2018-03-15,44.625,45.060001373291016,44.51750183105469,44.66249847412109,90975200,-0.48028545423100394,-1.4408563626930118,0.46056172251701355,-0.9524689624086022,0.8147994568074721,3.0
2018-03-16,44.66249847412109,44.77999877929688,44.40499877929688,44.505001068115234,157618800,0.13924974156543612,0.4177492246963084,0.18276701727882028,0.05714568495750427,0.07114692212877871,3.0
2018-03-19,44.33000183105469,44.36750030517578,43.415000915527344,43.82500076293945,133787200,-0.391918469996502,-4.703021639958024,0.351127527654171,-0.9535538936033845,0.5199548320886951,12.0
2018-03-20,43.810001373291016,44.20000076293945,43.73500061035156,43.810001373291016,78597600,0.47254575074960786,2.8352745044976473,0.9261299148201942,-0.056066591292619705,0.4314222493378904,6.0
2018-03-21,43.7599983215332,43.772499084472656,42.81499862670898,42.817501068115234,148219600,-0.32689545831332606,-1.9613727498799562,0.1327578779309988,-0.9662659727036953,0.5044487656091144,6.0
2018-03-22,42.5,43.16999816894531,42.150001525878906,42.212501525878906,165963200,0.15670042547086874,0.47010127641260624,0.8767719939351082,-0.8356863893568516,0.8881132380942368,3.0
2018-03-23,42.09749984741211,42.47999954223633,41.23500061035156,41.23500061035156,164115200,0.01530271116644144,0.06121084466576576,0.587615616619587,-0.9026207942515612,0.6565981742187423,4.0
2018-03-26,42.01750183105469,43.275001525878906,41.61000061035156,43.192501068115234,150164800,-0.05417031608521938,-0.3250218965113163,0.37494033481925726,-0.9051107000559568,0.4572114052296975,6.0
2018-03-27,43.41999816894531,43.78749847412109,41.72999954223633,42.084999084472656,163690400,0.007275307551026344,0.043651845306158066,0.1540901167318225,-0.46936479210853577,0.23972456373003226,6.0
2018-03-28,41.8125,42.505001068115234,41.29750061035156,41.619998931884766,166674000,-0.25507392933253537,-2.805813222657889,0.7990790158510208,-0.9606683440506458,0.6957629355396385,11.0
2018-03-29,41.95249938964844,42.9375,41.72499847412109,41.94499969482422,153594000,-0.12214086903259158,-0.4885634761303663,0.28977983072400093,-0.8296717572957277,0.48790590946504114,4.0
2018-04-02,41.65999984741211,42.23500061035156,41.11750030517578,41.66999816894531,150347200,-0.3168910954740237,-3.485802050214261,0.8958446718752384,-0.9570444519631565,0.6410851801452085,11.0
2018-04-03,41.90999984741211,42.1875,41.220001220703125,42.09749984741211,121112000,0.11341395657509565,0.5670697828754783,0.9304745476692915,-0.8892985759302974,0.6631928328298045,5.0
2018-04-04,41.220001220703125,43.00249862670898,41.192501068115234,42.90250015258789,138422000,0.19720323104411364,0.39440646208822727,0.36223215237259865,0.032174309715628624,0.23338613872654604,2.0
2018-04-05,43.14500045776367,43.557498931884766,43.02000045776367,43.20000076293945,107732800,-0.35174084990285337,-1.4069633996114135,0.13712510466575623,-0.9487414704635739,0.5154212508670996,4.0
2018-04-06,42.74250030517578,43.119998931884766,42.04999923706055,42.095001220703125,140021200,-0.010273439344018698,-0.04109375737607479,0.791892196983099,-0.9494288228452206,0.7153612588365713,4.0
2018-04-09,42.470001220703125,43.272499084472656,42.462501525878906,42.51250076293945,116070800,-0.10132387668515246,-0.6079432601109147,0.500227908603847,-0.9638346154242754,0.6056652521923322,6.0
2018-04-10,43.25,43.5,42.88249969482422,43.3125,113634400,-0.06578466109931469,-0.06578466109931469,-0.06578466109931469,-0.06578466109931469,0.0,1.0
2018-04-11,43.057498931884766,43.47999954223633,42.92499923706055,43.11000061035156,89726400,-0.043859031051397324,-0.1754361242055893,0.3546996330842376,-0.9552603708580136,0.6113599718045581,4.0
2018-04-12,43.352500915527344,43.75,43.2599983215332,43.53499984741211,91557200,-0.37567004971206186,-1.8783502485603094,0.9025682266801596,-0.9625518713146448,0.8487227526955194,5.0
2018-04-13,43.69499969482422,43.959999084472656,43.462501525878906,43.682498931884766,100497200,0.18477092993756136,0.5543127898126841,0.6388520197942853,-0.28566827811300755,0.4624771738516185,3.0
2018-04-16,43.75749969482422,44.04750061035156,43.70750045776367,43.95500183105469,86313600,-0.1964487892886003,-0.5893463678658009,0.22394978441298008,-0.8372234851121902,0.5638673632955149,3.0
2018-04-17,44.122501373291016,44.73500061035156,44.102500915527344,44.560001373291016,106421600,0.0795672374467055,0.2387017123401165,0.9324947688728571,-0.736502543091774,0.8351089013935035,3.0
2018-04-18,44.45249938964844,44.70500183105469,44.220001220703125,44.459999084472656,83018000,-0.019082226790487766,-0.03816445358097553,0.9187018647789955,-0.956866318359971,1.3262269808752958,2.0
2018-04-19,43.43999862670898,43.84749984741211,43.165000915527344,43.20000076293945,139235200,-0.1325299261137843,-0.6626496305689216,0.6103063821792603,-0.9633230455219746,0.7820854337477561,5.0
2018-04-20,42.650001525878906,42.80500030517578,41.35749816894531,41.43000030517578,261964400,-0.08591718452849559,-0.6014202916994691,0.8951224721968174,-0.9390790620818734,0.7492863757062959,7.0
2018-04-23,41.70750045776367,41.72999954223633,41.022499084472656,41.310001373291016,146062000,-0.3394473533738743,-3.7339208871126175,0.9051294736564159,-0.9613358406350017,0.6610306426820902,11.0
2018-04-24,41.41749954223633,41.58250045776367,40.30500030517578,40.73500061035156,134768000,0.04672434669919312,0.37379477359354496,0.7977611171081662,-0.9649089677259326,0.4925539593989969,8.0
2018-04-25,40.65499877929688,41.35499954223633,40.602500915527344,40.91249847412109,113528400,0.16552304849028587,0.4965691454708576,0.431698314845562,-0.00465746596455574,0.23347984100543104,3.0
2018-04-26,41.02999877929688,41.432498931884766,40.84249877929688,41.05500030517578,111852000,-0.42460322100669146,-3.3968257680535316,0.5700955986976624,-0.9587035793811083,0.5395289713498307,8.0
2018-04-27,41.0,41.08250045776367,40.157501220703125,40.58000183105469,142623200,-0.040095957927405834,-0.16038383170962334,0.35743256472051144,-0.7982930550351739,0.5170360789687126,4.0
2018-04-30,40.532501220703125,41.81499862670898,40.459999084472656,41.31499862670898,169709600,-0.06214611631418977,-0.8700456283986568,0.6442700177431107,-0.9411500487476587,0.4087462638778641,14.0
2018-05-01,41.602500915527344,42.29999923706055,41.317501068115234,42.275001525878906,214277600,0.03200427323047604,0.6720897378399968,0.9224629625678062,-0.8824318777769804,0.4680991011952862,21.0
2018-05-02,43.807498931884766,44.4375,43.45000076293945,44.14250183105469,266157600,-0.007848330505305168,-0.2589949066750705,0.9398095719516277,-0.9600266935303807,0.6114382405221074,33.0
2018-05-03,43.970001220703125,44.375,43.61000061035156,44.22249984741211,136272800,-0.11981857940554619,-0.47927431762218475,0.20488153956830502,-0.8439288623631,0.4898236218377756,4.0
2018-05-04,44.5625,46.0625,44.54249954223633,45.95750045776367,224805200,0.23333322737986842,1.3999993642792106,0.8222546204924583,-0.015895893797278404,0.3426006015745465,6.0
2018-05-07,46.29499816894531,46.91749954223633,46.1875,46.290000915527344,169805600,0.04646185413002968,0.32523297891020775,0.4911118298768997,-0.6715140491724014,0.36909099798402195,7.0
2018-05-08,46.247501373291016,46.55500030517578,45.91749954223633,46.51250076293945,113611200,-0.43172026448883116,-1.7268810579553246,0.06320961564779282,-0.9361017448827624,0.5480623008060888,4.0
2018-05-09,46.63750076293945,46.84999847412109,46.30500030517578,46.84000015258789,92844800,-0.08106428803876042,-0.48638572823256254,0.6655213991180062,-0.8716792743653059,0.5113943929876024,6.0
2018-05-10,46.935001373291016,47.59249877929688,46.91249847412109,47.5099983215332,111957200,0.10489337674031655,0.31468013022094965,0.20322595536708832,0.05559889040887356,0.08515860760380084,3.0
2018-05-11,47.372501373291016,47.51499938964844,46.86249923706055,47.147499084472656,104848800,0.10726187899708747,0.5363093949854374,0.7928622588515282,-0.28857816755771637,0.4057153548660557,5.0
2018-05-14,47.25249862670898,47.38249969482422,46.96500015258789,47.03749847412109,83115200,0.033639827743172646,0.06727965548634529,0.07255034521222115,-0.0052706897258758545,0.05502778152368362,2.0
2018-05-15,46.69499969482422,46.76750183105469,46.275001525878906,46.61000061035156,94780800,0.2043902399018407,1.8395121591165662,0.7671219557523727,-0.3077116832137108,0.36395255098762946,9.0
2018-05-16,46.51750183105469,47.1150016784668,46.5,47.04499816894531,76732400,0.13263980858027935,0.7958388514816761,0.5449862591922283,-0.015986032783985138,0.21189827909822465,6.0
2018-05-17,47.0,47.227500915527344,46.59000015258789,46.747501373291016,69176000,-0.17553473388155302,-0.526604201644659,0.2867282871156931,-0.8258833922445774,0.5796622658925529,3.0
2018-05-18,46.79750061035156,46.95249938964844,46.532501220703125,46.57749938964844,73190800,-0.33533519102881354,-1.0060055730864406,-0.02475747838616371,-0.9206216102465987,0.5071900933473076,3.0
2018-05-21,47.0,47.317501068115234,46.727500915527344,46.907501220703125,73603200,0.15508490242064,0.46525470726192,0.9380733966827393,-0.4231474045664072,0.7033308891332046,3.0
2018-05-22,47.095001220703125,47.220001220703125,46.69499969482422,46.790000915527344,60962800,-0.05885167233645916,-0.05885167233645916,-0.05885167233645916,-0.05885167233645916,0.0,1.0
2018-05-23,46.587501525878906,47.125,46.43999862670898,47.09000015258789,80233600,0.3508955487981439,1.7544777439907193,0.9321168232709169,0.05264157056808472,0.3529262301903474,5.0
2018-05-24,47.192501068115234,47.209999084472656,46.5525016784668,47.03749847412109,92936000,0.07094271457754076,0.283770858310163,0.6010072827339172,-0.8630241565406322,0.6933736152770029,4.0
2018-05-25,47.057498931884766,47.41249847412109,46.91249847412109,47.14500045776367,69844000,-0.8932048448671898,-2.679614534601569,-0.8358683846890926,-0.9521534433588386,0.05815928954099316,3.0
2018-05-29,46.900001525878906,47.1875,46.71749877929688,46.97499847412109,90056400,-0.003824172541499138,-0.022945035248994827,0.8765483610332012,-0.9344462882727385,0.5742696450392216,6.0
2018-05-30,46.93000030517578,47.0,46.69499969482422,46.875,74762000,-0.48350096197100356,-3.8680076957680285,0.2684651520103216,-0.9598617083393037,0.41809461211936827,8.0
2018-05-31,46.80500030517578,47.057498931884766,46.53499984741211,46.71749877929688,109931200,-0.11412657145410776,-0.7988860001787543,0.8815735876560211,-0.9265597350895405,0.6513493855405996,7.0
2018-06-01,46.997501373291016,47.56499862670898,46.9375,47.560001373291016,93770000,0.3387520419699805,2.3712642937898636,0.9278245344758034,-0.5143887717276812,0.5802054573922563,7.0
2018-06-04,47.90999984741211,48.35499954223633,47.837501525878906,47.95750045776367,105064800,0.04240356467664242,2.120178233832121,0.6265364373102784,-0.9598130686208606,0.28428636218994074,50.0
2018-06-05,48.26750183105469,48.48500061035156,48.09000015258789,48.32749938964844,86264000,-0.08399806881789118,-0.6719845505431294,0.6104366388171911,-0.9581112610176206,0.5173054641963429,8.0
2018-06-06,48.407501220703125,48.52000045776367,47.97999954223633,48.494998931884766,83734400,-0.09797465540468693,-0.48987327702343464,0.19030949100852013,-0.6801915615797043,0.3358691247782031,5.0
2018-06-07,48.53499984741211,48.54999923706055,48.084999084472656,48.3650016784668,85388800,-0.3667277111671865,-2.200366267003119,0.8781926855444908,-0.9624992841854692,0.6998745420319921,6.0
2018-06-08,47.79249954223633,48.0,47.442501068115234,47.92499923706055,106627200,-0.30154325992667247,-2.1108028194867074,0.5341175198554993,-0.9597262335009873,0.6257343014742139,7.0
2018-06-11,47.837501525878906,47.99250030517578,47.5525016784668,47.807498931884766,73234000,-0.4547891864553094,-2.273945932276547,0.10799461137503386,-0.9187391474843025,0.4805159719526464,5.0
2018-06-12,47.84749984741211,48.15250015258789,47.78749847412109,48.06999969482422,67644400,-0.35266190487891436,-0.7053238097578287,0.23249239847064018,-0.9378162082284689,0.8275331518779202,2.0
2018-06-13,48.10499954223633,48.220001220703125,47.61000061035156,47.67499923706055,86553600,-0.11738740280270576,-0.11738740280270576,-0.11738740280270576,-0.11738740280270576,0.0,1.0
2018-06-14,47.88750076293945,47.89250183105469,47.55500030517578,47.70000076293945,86440400,0.07437624083831906,0.29750496335327625,0.49702221155166626,-0.4245627149939537,0.3886691855778835,4.0
2018-06-15,47.50749969482422,47.540000915527344,47.06499862670898,47.209999084472656,246876800,0.042468963423743844,0.16987585369497538,0.9103991016745567,-0.9644791260361671,0.777475782404069,4.0
2018-06-18,46.970001220703125,47.30500030517578,46.79999923706055,47.185001373291016,73939600,-0.028453241102397442,-0.056906482204794884,0.023567670956254005,-0.08047415316104889,0.07356867936036296,2.0
2018-06-19,46.28499984741211,46.58250045776367,45.86249923706055,46.42250061035156,134314000,-0.1401499263010919,-0.5605997052043676,0.8992402572184801,-0.786128330975771,0.7685461647034524,4.0
2018-06-20,46.587501525878906,46.79999923706055,46.432498931884766,46.625,82514800,0.1759110437706113,0.7036441750824451,0.8868588656187057,-0.5740844756364822,0.6013888669628061,4.0
2018-06-21,46.8125,47.087501525878906,46.23500061035156,46.3650016784668,102847600,0.025679392740130424,0.025679392740130424,0.025679392740130424,0.025679392740130424,0.0,1.0
2018-06-22,46.52999877929688,46.53749847412109,46.17499923706055,46.22999954223633,108801600,0.01860768161714077,0.01860768161714077,0.01860768161714077,0.01860768161714077,0.0,1.0
2018-06-25,45.84999847412109,46.22999954223633,45.182498931884766,45.54249954223633,126652400,-0.11168107995763421,-0.22336215991526842,0.12361752521246672,-0.34697968512773514,0.3327624786390288,2.0
2018-06-26,45.747501373291016,46.63249969482422,45.6349983215332,46.10749816894531,98276800,0.003265018885334333,0.009795056656002998,0.8007620237767696,-0.9411004148423672,0.8801698360598804,3.0
2018-06-27,46.307498931884766,46.81999969482422,46.00749969482422,46.040000915527344,101141200,-0.8315448531260093,-2.494634559378028,-0.6528284512460232,-0.9426567982882261,0.1562942404997141,3.0
2018-06-28,46.025001525878906,46.5525016784668,45.95000076293945,46.375,69460800,0.0,0.0,0.0,0.0,0.0,0.0
2018-06-29,46.5724983215332,46.79750061035156,45.727500915527344,46.27750015258789,90950800,-0.8795184455811977,-0.8795184455811977,-0.8795184455811977,-0.8795184455811977,0.0,1.0
2018-07-02,45.95500183105469,46.82500076293945,45.85499954223633,46.79499816894531,70925200,0.02475031092762947,0.02475031092762947,0.02475031092762947,0.02475031092762947,0.0,1.0
2018-07-03,46.9474983215332,46.98749923706055,45.8849983215332,45.97999954223633,55819200,0.20418513845652342,0.40837027691304684,0.28632991947233677,0.12204035744071007,0.1161702633907312,2.0
2018-07-05,46.31499862670898,46.602500915527344,46.06999969482422,46.34999847412109,66416800,-0.936097402125597,-0.936097402125597,-0.936097402125597,-0.936097402125597,0.0,1.0
2018-07-06,46.35499954223633,47.10749816894531,46.29999923706055,46.99250030517578,69940800,0.2317954657288889,1.3907727943733335,0.8587590511888266,-0.9471993297338486,0.6470698031256066,6.0
2018-07-09,47.375,47.66999816894531,47.32500076293945,47.64500045776367,79026400,0.0,0.0,0.0,0.0,0.0,0.0
2018-07-10,47.6775016784668,47.81999969482422,47.54499816894531,47.587501525878906,63756400,-0.07823548918323857,-0.54764842428267,0.3046933626756072,-0.9166690185666084,0.4025832512317877,7.0
2018-07-11,47.125,47.44499969482422,46.90250015258789,46.970001220703125,75326000,-0.4687653202563524,-0.9375306405127048,-0.006600119173526764,-0.9309305213391781,0.6536002954282206,2.0
2018-07-12,47.38249969482422,47.852500915527344,47.32749938964844,47.75749969482422,72164400,-0.21015157590487174,-1.4710610313341022,0.9372331500053406,-0.9371128752827644,0.6557589820103299,7.0
2018-07-13,47.77000045776367,47.959999084472656,47.72499847412109,47.83250045776367,50055600,0.24136501550674438,0.24136501550674438,0.24136501550674438,0.24136501550674438,0.0,1.0
2018-07-16,47.880001068115234,48.16249847412109,47.60499954223633,47.727500915527344,60172400,0.14434823176513115,0.43304469529539347,0.8352707289159298,-0.662058874964714,0.755315501596227,3.0
2018-07-17,47.4375,47.96749877929688,47.29999923706055,47.86249923706055,62138000,0.09749610163271427,0.09749610163271427,0.09749610163271427,0.09749610163271427,0.0,1.0
2018-07-18,47.94499969482422,47.95000076293945,47.48249816894531,47.59999847412109,65573600,0.5785972997546196,1.7357918992638588,0.8788564838469028,-0.019385255873203278,0.5178696363108359,3.0
2018-07-19,47.42250061035156,48.13750076293945,47.42250061035156,47.970001220703125,81147200,0.9063819851726294,0.9063819851726294,0.9063819851726294,0.9063819851726294,0.0,1.0
2018-07-20,47.94499969482422,48.10749816894531,47.54249954223633,47.86000061035156,82704800,0.3453283005704482,1.0359849017113447,0.8686129432171583,0.017219241708517075,0.4580261347580979,3.0
2018-07-23,47.66999816894531,47.9900016784668,47.38999938964844,47.90250015258789,63957600,-0.000888150418177247,-0.003552601672708988,0.517551600933075,-0.8547466406598687,0.6230342243133289,4.0
2018-07-24,48.11249923706055,48.415000915527344,48.01250076293945,48.25,74791600,0.056792556308209896,0.45434045046567917,0.7581565491855145,-0.6526887863874435,0.49597018321755254,8.0
2018-07-25,48.26499938964844,48.712501525878906,48.10749816894531,48.70500183105469,66839600,-0.21323325484991074,-0.8529330193996429,0.28050402365624905,-0.9360543666407466,0.5430842911363019,4.0
2018-07-26,48.65250015258789,48.9900016784668,48.40250015258789,48.5525016784668,76304000,0.251896735203142,1.5113804112188518,0.7344655748456717,-0.07489419728517532,0.30926655381979484,6.0
2018-07-27,48.747501373291016,48.79750061035156,47.525001525878906,47.744998931884766,96096000,0.397016697563231,2.382100185379386,0.9186770506203175,-0.8354862034320831,0.6937842268236488,6.0
2018-07-30,47.97499847412109,48.04999923706055,47.26750183105469,47.477500915527344,84118000,0.4226241949945688,2.113120974972844,0.861263807862997,0.0028943531215190887,0.3735423220621247,5.0
2018-07-31,47.57500076293945,48.03499984741211,47.334999084472656,47.5724983215332,157492000,0.1723722475839572,6.2054009130224586,0.9345278590917587,-0.9660146413370967,0.5915341208631361,36.0
2018-08-01,49.782501220703125,50.43999862670898,49.32749938964844,50.375,271742800,0.10487255763502852,3.251049286685884,0.9367701411247253,-0.9531688420102,0.5798531515117196,31.0
2018-08-02,50.14500045776367,52.095001220703125,50.087501525878906,51.84749984741211,249616000,0.07003364075596134,1.260605533607304,0.9314335249364376,-0.9655298134312034,0.5976536005334371,18.0
2018-08-03,51.75749969482422,52.185001373291016,51.369998931884766,51.997501373291016,133789600,-0.04764693528413773,-0.47646935284137726,0.7520093005150557,-0.9603366991505027,0.5281959641440777,10.0
2018-08-06,52.0,52.3125,51.76750183105469,52.26750183105469,101701600,-0.24417550382869585,-1.709228526800871,0.7033416144549847,-0.9467684095725417,0.6025559784812777,7.0
2018-08-07,52.33000183105469,52.375,51.68999862670898,51.77750015258789,102349600,0.11349541476617257,0.6809724885970354,0.8869852237403393,-0.9288203120231628,0.658144228107776,6.0
2018-08-08,51.51250076293945,51.95249938964844,51.130001068115234,51.8125,90102000,0.43684697919525206,1.7473879167810082,0.8235490201041102,0.07380939088761806,0.3981563778674114,4.0
2018-08-09,52.38249969482422,52.44499969482422,51.79999923706055,52.220001220703125,93970400,-0.27855792610595626,-0.8356737783178687,0.0680391825735569,-0.8965984554961324,0.5365562330087096,3.0
2018-08-10,51.84000015258789,52.275001525878906,51.66749954223633,51.88249969482422,98444800,0.19201407892008623,0.5760422367602587,0.7542395554482937,-0.15591056644916534,0.4914640839105686,3.0
2018-08-13,52.32749938964844,52.73749923706055,51.92499923706055,52.21749877929688,103563600,-0.2194448815037807,-0.658334644511342,0.24201730266213417,-0.918574208393693,0.6157169941877955,3.0
2018-08-14,52.540000915527344,52.63999938964844,52.06499862670898,52.4375,82992000,0.027005986496806144,0.13502993248403072,0.9010708704590797,-0.7731976304203272,0.8013183379199937,5.0
2018-08-15,52.30500030517578,52.685001373291016,52.08250045776367,52.560001373291016,115230400,-0.020800595171749592,-0.062401785515248775,0.7880277121439576,-0.9198252968490124,0.8574917009793473,3.0
2018-08-16,52.9375,53.45249938964844,52.86750030517578,53.33000183105469,114001600,-0.6998623255640268,-1.3997246511280537,-0.49936093389987946,-0.9003637172281742,0.283551787366117,2.0
2018-08-17,53.36000061035156,54.48749923706055,53.290000915527344,54.39500045776367,141708000,0.43288440397009254,0.8657688079401851,0.6879314631223679,0.1778373448178172,0.36069101009652077,2.0
2018-08-20,54.525001525878906,54.79499816894531,53.77750015258789,53.8650016784668,121150800,-0.6730888595338911,-2.6923554381355643,0.0287240669131279,-0.9617060031741858,0.47112956715760473,4.0
2018-08-21,54.20000076293945,54.29750061035156,53.50749969482422,53.7599983215332,104639200,0.08702323921024799,0.43511619605123997,0.34992391616106033,-0.06146180257201195,0.15790955506599666,5.0
2018-08-22,53.525001525878906,54.09000015258789,53.459999084472656,53.76250076293945,76072400,-0.10533883911557496,-0.4213553564622998,0.6655483711510897,-0.9138680519536138,0.647969007074333,4.0
2018-08-23,53.66249847412109,54.26250076293945,53.650001525878906,53.872501373291016,75532800,-0.20506568811833858,-0.8202627524733543,0.0715561956167221,-0.8730958700180054,0.44726204876377573,4.0
2018-08-24,54.150001525878906,54.22499847412109,53.77750015258789,54.040000915527344,73905600,0.20719020068645477,0.41438040137290955,0.4769926071166992,-0.06261220574378967,0.38155822233454967,2.0
2018-08-27,54.28749847412109,54.685001373291016,54.08250045776367,54.48500061035156,82100400,-0.10122197046875954,-0.5061098523437977,0.3573143891990185,-0.6243017055094242,0.39625757056479766,5.0
2018-08-28,54.75249862670898,55.1349983215332,54.72999954223633,54.92499923706055,91107200,0.7727190852165222,0.7727190852165222,0.7727190852165222,0.7727190852165222,0.0,1.0
2018-08-29,55.03749847412109,55.872501373291016,54.852500915527344,55.744998931884766,109019200,0.5518102375790477,1.655430712737143,0.8694623028859496,0.05446699261665344,0.4362006751195181,3.0
2018-08-30,55.8125,57.06499862670898,55.59999847412109,56.25749969482422,195175200,0.2161932470690873,1.9457392236217856,0.708018196746707,-0.023963265120983124,0.329440543578065,9.0
2018-08-31,56.62749862670898,57.21749877929688,56.5,56.907501220703125,173360400,-0.2158735473640263,-1.2952412841841578,0.7098838128149509,-0.9268539724871516,0.6100966029842355,6.0
2018-09-04,57.102500915527344,57.29499816894531,56.657501220703125,57.09000015258789,109560400,-0.08117730701342225,-0.8117730701342225,0.7351043447852135,-0.9402005048468709,0.5334793294714751,10.0
2018-09-05,57.247501373291016,57.41749954223633,56.275001525878906,56.71749877929688,133332000,0.10582480379022084,1.375722449272871,0.7415512073785067,-0.9493934791535139,0.5592342736585004,13.0
2018-09-06,56.557498931884766,56.837501525878906,55.32500076293945,55.775001525878906,137160000,0.27354133501648903,0.8206240050494671,0.7343027405440807,-0.02286767028272152,0.40445709457682855,3.0
2018-09-07,55.462501525878906,56.34249877929688,55.1775016784668,55.32500076293945,150479200,-0.554456872244676,-3.3267412334680557,0.02717217244207859,-0.9628037484362721,0.4334469036377332,6.0
2018-09-10,55.23749923706055,55.462501525878906,54.11750030517578,54.58250045776367,158066000,0.16815925650298597,0.8407962825149298,0.728279622271657,0.00754677876830101,0.3136050202649828,5.0
2018-09-11,54.50249862670898,56.07500076293945,54.13999938964844,55.962501525878906,142996000,0.18590432573109866,0.9295216286554933,0.9169110376387835,-0.9384974930435419,0.7015678381488369,5.0
2018-09-12,56.23500061035156,56.25,54.959999084472656,55.26750183105469,197114800,0.041133359926840606,2.180068076122552,0.8619524575769901,-0.9656443567946553,0.3771004751436452,53.0
2018-09-13,55.880001068115234,57.087501525878906,55.64250183105469,56.602500915527344,166825600,0.2342880544019863,1.8743044352158904,0.903073150664568,-0.8485909886658192,0.7162055607921268,8.0
2018-09-14,56.4375,56.709999084472656,55.630001068115234,55.959999084472656,127997200,0.2100277619436383,1.0501388097181916,0.8668237328529358,-0.9127616286277771,0.6738764478892103,5.0
2018-09-17,55.53749847412109,55.73749923706055,54.317501068115234,54.470001220703125,148780400,-0.49834887949483736,-3.4884421564638615,0.3832075893878937,-0.9583493387326598,0.5308668605465898,7.0
2018-09-18,54.4474983215332,55.462501525878906,54.27999877929688,54.560001373291016,126286800,0.13248787866905332,0.7949272720143199,0.9116740673780441,-0.9042598195374012,0.6754393798203836,6.0
2018-09-19,54.625,54.90499877929688,53.82500076293945,54.59249877929688,108495200,0.49082887824624777,0.9816577564924955,0.8439040835946798,0.1377536728978157,0.49932374394141815,2.0
2018-09-20,55.060001373291016,55.56999969482422,54.78749847412109,55.00749969482422,106435200,0.36171871330589056,0.36171871330589056,0.36171871330589056,0.36171871330589056,0.0,1.0
2018-09-21,55.19499969482422,55.34000015258789,54.3224983215332,54.415000915527344,384986800,-0.23383296793326735,-0.9353318717330694,0.8648025263100863,-0.9272568030282855,0.8409803329589014,4.0
2018-09-24,54.20500183105469,55.31499862670898,54.157501220703125,55.1974983215332,110773600,0.21512389895506204,2.1512389895506203,0.9340042043477297,-0.7683531269431114,0.6049295013379166,10.0
2018-09-25,54.9375,55.70500183105469,54.92499923706055,55.54750061035156,98217600,-0.10097776925457376,-0.7068443847820163,0.5985090211033821,-0.6861329972743988,0.4829055552716163,7.0
2018-09-26,55.25,55.9375,54.93999862670898,55.10499954223633,95938800,0.10326450001448392,0.5163225000724196,0.18815608695149422,0.029844554141163826,0.06956135114112852,5.0
2018-09-27,55.95500183105469,56.61000061035156,55.8849983215332,56.23749923706055,120724800,0.25095007641033995,2.2585506876930594,0.9329514540731907,-0.4244756307452917,0.4243809826015281,9.0
2018-09-28,56.1974983215332,56.459999084472656,56.005001068115234,56.435001373291016,91717600,-0.3239658703096211,-2.5917269624769688,0.16329285502433777,-0.8294836096465588,0.3744455677908391,8.0
2018-10-01,56.98749923706055,57.35499954223633,56.587501525878906,56.81499862670898,94403200,-0.010715756565332413,-0.010715756565332413,-0.010715756565332413,-0.010715756565332413,0.0,1.0
2018-10-02,56.8125,57.5,56.657501220703125,57.31999969482422,99152800,-0.27273893387367326,-0.8182168016210198,0.09532275144010782,-0.9193845894187689,0.5617957976441303,3.0
2018-10-03,57.51250076293945,58.36750030517578,57.44499969482422,58.01750183105469,114619200,0.8293339740484953,1.6586679480969906,0.9060564637184143,0.7526114843785763,0.10850198543022915,2.0
2018-10-04,57.69499969482422,58.087501525878906,56.682498931884766,56.997501373291016,128168000,-0.42082319799810647,-2.1041159899905324,0.7631973214447498,-0.939380344003439,0.7203915038551105,5.0
2018-10-05,56.9900016784668,57.102500915527344,55.14500045776367,56.0724983215332,134322000,-0.2647327007725835,-1.588396204635501,0.05665178224444389,-0.8387345913797617,0.34502174597014784,6.0
2018-10-08,55.5525016784668,56.20000076293945,55.04999923706055,55.942501068115234,118655600,-0.14318307535722852,-0.28636615071445704,0.5936370557174087,-0.8800032064318657,1.0420210223952735,2.0
2018-10-09,55.90999984741211,56.817501068115234,55.5625,56.71749877929688,107564000,-0.15749733739842972,-0.9449840243905783,0.5440625995397568,-0.8929392453283072,0.5635661344101085,6.0
2018-10-10,56.3650016784668,56.587501525878906,54.01250076293945,54.09000015258789,167962400,0.29169968457426876,2.33359747659415,0.9414886962622404,-0.09484031796455383,0.3569759241244606,8.0
2018-10-11,53.630001068115234,54.875,53.08000183105469,53.61249923706055,212497600,-0.1474549618682691,-1.0321847330778837,0.8225811943411827,-0.9448998617008328,0.7218337489916701,7.0
2018-10-12,55.10499954223633,55.720001220703125,54.209999084472656,55.52750015258789,161351600,-0.042908677365630865,-0.08581735473126173,0.13378097210079432,-0.21959832683205605,0.24987689860636658,2.0
2018-10-15,55.290000915527344,55.45750045776367,54.317501068115234,54.34000015258789,123164000,-0.24382374761626124,-0.975294990465045,0.014489341527223587,-0.9606702867895365,0.47858027002769576,4.0
2018-10-16,54.73249816894531,55.747501373291016,54.18999862670898,55.53749847412109,116736000,0.3781947959214449,1.5127791836857796,0.86156140640378,0.019885392859578133,0.39392445818390276,4.0
2018-10-17,55.57500076293945,55.65999984741211,54.834999084472656,55.29750061035156,91541600,0.0,0.0,0.0,0.0,0.0,0.0
2018-10-18,54.46500015258789,54.935001373291016,53.25,54.005001068115234,130325200,-0.0007987562566995621,-0.0055912937968969345,0.40213431790471077,-0.9632308557629585,0.4410243514903032,7.0
2018-10-19,54.51499938964844,55.31499862670898,54.35749816894531,54.82749938964844,132314800,0.10583036672323942,0.6349822003394365,0.6014341935515404,-0.43056090734899044,0.3535008455863288,6.0
2018-10-22,54.9474983215332,55.84000015258789,54.73500061035156,55.16249847412109,115168400,-0.4250689153559506,-1.7002756614238024,0.13657402992248535,-0.9536520428955555,0.5408158392724539,4.0
2018-10-23,53.95750045776367,55.8125,53.67499923706055,55.682498931884766,155071200,-0.48352693021297455,-0.9670538604259491,-0.030013546347618103,-0.937040314078331,0.6413647781801026,2.0
2018-10-24,55.650001525878906,56.057498931884766,53.6349983215332,53.772499084472656,163702000,-0.009978062783678373,-0.08980256505310535,0.38304599560797215,-0.9187918696552515,0.37402133696150247,9.0
2018-10-25,54.4275016784668,55.345001220703125,54.1875,54.95000076293945,119423200,0.060208152358730636,0.1806244570761919,0.9376571662724018,-0.7757186274975538,0.857442257303688,3.0
2018-10-26,53.97499847412109,55.04750061035156,53.16749954223633,54.07500076293945,189033600,-0.2227041427977383,-0.8908165711909533,0.06452826596796513,-0.9514897391200066,0.4871462906794465,4.0
2018-10-29,54.79750061035156,54.92250061035156,51.522499084472656,53.060001373291016,183742000,-0.3220088049614181,-3.8641056595370173,0.3397849826142192,-0.963178045116365,0.5150592904791081,12.0
2018-10-30,52.78749847412109,53.79499816894531,52.317501068115234,53.32500076293945,146640000,0.12274584363081625,4.296104527078569,0.9189185127615929,-0.18442105688154697,0.23189310157090892,35.0
2018-10-31,54.220001220703125,55.11249923706055,54.15499877929688,54.71500015258789,153435600,0.25317769292742015,2.5317769292742014,0.9267199989408255,-0.22041929885745049,0.44613521841677795,10.0
2018-11-01,54.76250076293945,55.59000015258789,54.20249938964844,55.55500030517578,233292800,0.04268373556435108,1.067093389108777,0.9257216360419989,-0.9668448660522699,0.5665846492294154,25.0
2018-11-02,52.38750076293945,53.41249847412109,51.35749816894531,51.869998931884766,365314800,-0.3807904445566237,-7.615808891132474,0.5074450820684433,-0.9552970696240664,0.4368604443708911,20.0
2018-11-05,51.07500076293945,51.09749984741211,49.54249954223633,50.397499084472656,264654800,-0.38607965619303286,-3.8607965619303286,0.10424235835671425,-0.9597243038006127,0.45605065321446075,10.0
2018-11-06,50.47999954223633,51.18000030517578,50.42250061035156,50.942501068115234,127531600,-0.005335064604878426,-0.032010387629270554,0.7684073522686958,-0.8791958726942539,0.5352406422428763,6.0
2018-11-07,51.49250030517578,52.51499938964844,51.032501220703125,52.48749923706055,133697600,-0.07840437421368228,-0.7056393679231405,0.9345029443502426,-0.9649368925020099,0.7176265781305896,9.0
2018-11-08,52.494998931884766,52.52999877929688,51.6875,52.122501373291016,101450400,0.1407937570475042,0.5631750281900167,0.5880995988845825,-0.12983069382607937,0.3163543181389531,4.0
2018-11-09,51.38750076293945,51.50249862670898,50.5625,51.11750030517578,137463200,0.016036832705140114,0.06414733082056046,0.8770722560584545,-0.9011246394366026,0.7308987051737678,4.0
2018-11-12,49.75,49.962501525878906,48.4474983215332,48.54249954223633,204542000,-0.6196289539026717,-3.7177737234160304,0.05082950461655855,-0.9607380153611302,0.5044233307430043,6.0
2018-11-13,47.907501220703125,49.29499816894531,47.86249923706055,48.057498931884766,187531600,0.3414005705465873,1.024201711639762,0.8506087865680456,-0.011700838804244995,0.4518533764608827,3.0
2018-11-14,48.47499847412109,48.619998931884766,46.48249816894531,46.70000076293945,243204000,-0.1756445388827059,-1.580800849944353,0.9295944590121508,-0.9494735077023506,0.5672037620020843,9.0
2018-11-15,47.09749984741211,47.99250030517578,46.72499847412109,47.852500915527344,185915200,0.04135483584056298,0.6203225376084447,0.8138025356456637,-0.9021599162369967,0.4381003936270339,15.0
2018-11-16,47.625,48.74250030517578,47.3650016784668,48.38249969482422,147713200,-0.21123838936910033,-0.8449535574764013,0.05832064896821976,-0.9563751621171832,0.497102821602023,4.0
2018-11-19,47.5,47.67499923706055,46.247501373291016,46.46500015258789,167701200,-0.5533620988950133,-2.7668104944750667,0.07632927130907774,-0.9632420977577567,0.5458385519506385,5.0
2018-11-20,44.59249877929688,45.36750030517578,43.87749862670898,44.244998931884766,271300800,-0.10022167613108952,-0.9019950851798058,0.89043203368783,-0.9658778058364987,0.7110523880902204,9.0
2018-11-21,44.932498931884766,45.067501068115234,44.13750076293945,44.19499969482422,124496800,0.05771383518973986,0.6925660222768784,0.9375678859651089,-0.9573837770149112,0.5956963057213843,12.0
2018-11-23,43.73500061035156,44.150001525878906,43.025001525878906,43.0724983215332,94496000,-0.224848342128098,-0.449696684256196,0.054194500669837,-0.503891184926033,0.39462617276798323,2.0
2018-11-26,43.560001373291016,43.73749923706055,42.56499862670898,43.65499877929688,179994000,0.10497066713869571,0.5248533356934786,0.69254469871521,-0.3128085620701313,0.37377298460120284,5.0
2018-11-27,42.87749862670898,43.692501068115234,42.720001220703125,43.560001373291016,165549600,-0.6347122748848051,-5.077698199078441,0.04125792160630226,-0.9309244425967336,0.3709693809808693,8.0
2018-11-28,44.182498931884766,45.3224983215332,43.73249816894531,45.23500061035156,184250000,-0.18390071694739163,-1.471205735579133,0.8831127034500241,-0.9319908767938614,0.6436044728024394,8.0
2018-11-29,45.665000915527344,45.70000076293945,44.42499923706055,44.88750076293945,167080000,-0.3706128160868372,-2.5942897126078606,0.28028374910354614,-0.9504423197358847,0.47860706264598774,7.0
2018-11-30,45.0724983215332,45.08250045776367,44.25749969482422,44.64500045776367,158126000,-0.1765456747574111,-1.0592740485444665,0.23790061473846436,-0.9438906600698829,0.4324912175669119,6.0
2018-12-03,46.1150016784668,46.23500061035156,45.3025016784668,46.20500183105469,163210000,0.18685381393879652,0.9342690696939826,0.9092729985713959,-0.48330462351441383,0.5009166614021143,5.0
2018-12-04,45.23749923706055,45.59749984741211,44.067501068115234,44.17250061035156,165377200,-0.3665396546324094,-3.2988568916916847,0.016421185806393623,-0.9146101232618093,0.3672789890698744,9.0
2018-12-06,42.93999862670898,43.69499969482422,42.60499954223633,43.68000030517578,172393600,-0.4761474312076138,-4.285326880868524,0.5194329349324107,-0.9670318937860429,0.5159094016103646,9.0
2018-12-07,43.372501373291016,43.622501373291016,42.07500076293945,42.122501373291016,169126400,-0.5057158442214131,-4.551442597992718,0.1146838366985321,-0.9560080589726567,0.46518365429674075,9.0
2018-12-10,41.25,42.522499084472656,40.83250045776367,42.400001525878906,248104000,-0.3943005665205419,-4.731606798246503,0.08901859261095524,-0.9313004538416862,0.4207349289682665,12.0
2018-12-11,42.915000915527344,42.9474983215332,41.75,42.157501220703125,189126800,-0.17267336416989565,-0.8633668208494782,0.3925682306289673,-0.957286617718637,0.5109716217310828,5.0
2018-12-12,42.59999847412109,42.97999954223633,42.255001068115234,42.275001525878906,142510800,-0.019064863833288353,-0.057194591499865055,0.616920992732048,-0.84376997128129,0.7484088052848119,3.0
2018-12-13,42.622501373291016,43.14250183105469,42.38750076293945,42.73749923706055,127594400,0.3186148749664426,0.6372297499328852,0.35864355601370335,0.2785861939191818,0.056609103620943034,2.0
2018-12-14,42.25,42.27000045776367,41.31999969482422,41.369998931884766,162814800,-0.10120000798876087,-1.2144000958651304,0.9184516444802284,-0.9647047119215131,0.6714666714501624,12.0
2018-12-17,41.36249923706055,42.087501525878906,40.682498931884766,40.98500061035156,177151600,-0.24929561046883464,-1.4957736628130078,0.9034475572407246,-0.9509892193600535,0.6699254352385487,6.0
2018-12-18,41.345001220703125,41.88249969482422,41.09749984741211,41.51750183105469,135366000,-0.12707526818849146,-0.5083010727539659,0.9138017306104302,-0.9246700573712587,0.816390185567856,4.0
2018-12-19,41.5,41.86249923706055,39.772499084472656,40.22249984741211,196189200,-0.028724652715027332,-0.057449305430054665,0.9050014782696962,-0.9624507836997509,1.320488157980753,2.0
2018-12-20,40.09999847412109,40.52750015258789,38.82500076293945,39.20750045776367,259092000,-0.6089870077557862,-4.871896062046289,0.3579029869288206,-0.9545323895290494,0.5079422813793463,8.0
2018-12-21,39.21500015258789,39.540000915527344,37.407501220703125,37.682498931884766,382978400,0.0,0.0,0.0,0.0,0.0,0.0
2018-12-24,37.03749847412109,37.88750076293945,36.647499084472656,36.70750045776367,148676800,-0.3477197834290564,-1.0431593502871692,0.2143166926689446,-0.9088856726884842,0.561601688768128,3.0
2018-12-26,37.07500076293945,39.307498931884766,36.68000030517578,39.29249954223633,234330000,0.035411897115409374,0.07082379423081875,0.06193651258945465,0.008887281641364098,0.03751147094012609,2.0
2018-12-27,38.959999084472656,39.192501068115234,37.51750183105469,39.03749847412109,212468400,0.1437692530453205,1.150154024362564,0.9203544268384576,-0.925461545586586,0.5872448378275102,8.0
2018-12-28,39.375,39.630001068115234,38.63750076293945,39.057498931884766,169165600,0.17481464499400723,1.573331804946065,0.9168991781771183,-0.9566843481734395,0.6003049902293311,9.0
2018-12-31,39.63249969482422,39.84000015258789,39.119998931884766,39.435001373291016,140014000,-0.001341349755724271,-0.004024049267172813,0.9340946618467569,-0.9432526379823685,0.9386904004779459,3.0
2019-01-02,38.72249984741211,39.712501525878906,38.557498931884766,39.47999954223633,148158800,-0.651593321442811,-11.728679785970598,0.07153474725782871,-0.9638041714206338,0.420526704149718,18.0
2019-01-03,35.994998931884766,36.43000030517578,35.5,35.54750061035156,365248800,-0.33696017331106864,-15.837128145620227,0.9349683504551649,-0.9609196279197931,0.6231392275526035,47.0
2019-01-04,36.13249969482422,37.13750076293945,35.95000076293945,37.06499862670898,234428400,-0.2757558932241339,-3.5848266119137406,0.17444573622196913,-0.9678639322519302,0.4239846509686952,13.0
2019-01-07,37.17499923706055,37.20750045776367,36.47499847412109,36.98249816894531,219111200,-0.2921799370087683,-1.1687197480350733,0.008625874295830727,-0.9403636530041695,0.4366687927624349,4.0
2019-01-08,37.38999938964844,37.95500183105469,37.130001068115234,37.6875,164101200,0.06955409308688508,0.6259868377819657,0.9059501886367798,-0.9670276548713446,0.6869469744243718,9.0
2019-01-09,37.8224983215332,38.63249969482422,37.407501220703125,38.32749938964844,180396400,-0.20235406475452086,-2.4282487770542502,0.8351370189338923,-0.9446425633504987,0.6248631494341575,12.0
2019-01-10,38.125,38.49250030517578,37.71500015258789,38.45000076293945,143122800,-0.07932487999399503,-0.4759492799639702,0.9011646807193756,-0.9677310734987259,0.9300407079672074,6.0
2019-01-11,38.220001220703125,38.42499923706055,37.87749862670898,38.0724983215332,108092800,-0.28721689209342005,-1.4360844604671001,0.2084352970123291,-0.9630342591553926,0.6111471048486711,5.0
2019-01-14,37.712501525878906,37.817501068115234,37.30500030517578,37.5,129756800,0.4023353684460744,1.6093414737842977,0.8660751362331212,0.04473354201763868,0.40991698998955084,4.0
2019-01-15,37.567501068115234,38.34749984741211,37.51250076293945,38.26750183105469,114843600,-0.6884715738706291,-2.7538862954825163,-0.2537301182746887,-0.9316308330744505,0.30438672304817505,4.0
2019-01-16,38.27000045776367,38.970001220703125,38.25,38.73500061035156,122278800,-0.35053064541092943,-2.453714517876506,0.6858724011108279,-0.962601606734097,0.6359416480906811,7.0
2019-01-17,38.54999923706055,39.415000915527344,38.31499862670898,38.96500015258789,119284800,0.002050895088662704,0.012305370531976223,0.9056539982557297,-0.943853055126965,0.592725528937342,6.0
2019-01-18,39.375,39.470001220703125,38.994998931884766,39.20500183105469,135004000,-0.2383294920437038,-0.9533179681748152,0.9244090672582388,-0.959697981365025,0.8618902463232834,4.0
2019-01-22,39.102500915527344,39.182498931884766,38.15499877929688,38.32500076293945,121576000,0.7554186284542084,0.7554186284542084,0.7554186284542084,0.7554186284542084,0.0,1.0
2019-01-23,38.53749847412109,38.78499984741211,37.92499923706055,38.47999954223633,92522400,-0.39555739471688867,-1.9777869735844433,0.7847928158007562,-0.9615815654397011,0.7855194201684104,5.0
2019-01-24,38.52750015258789,38.619998931884766,37.935001373291016,38.17499923706055,101766000,-0.48706446459982544,-3.8965157167986035,0.8353368565440178,-0.9657777273096144,0.6942294297178135,8.0
2019-01-25,38.869998931884766,39.532501220703125,38.58000183105469,39.43999862670898,134142000,0.42358307298272846,2.1179153649136424,0.9372514896094799,-0.956980568356812,0.7800531801778404,5.0
2019-01-28,38.9474983215332,39.08250045776367,38.415000915527344,39.07500076293945,104768400,-0.014329437050037086,-0.11463549640029669,0.9319953676313162,-0.9296286720782518,0.6374189308481935,8.0
2019-01-29,39.0625,39.532501220703125,38.52750015258789,38.66999816894531,166348800,-0.018735589399838295,-0.7306879865936935,0.9374415390193462,-0.9695559525862336,0.5467082452639802,39.0
2019-01-30,40.8125,41.53749847412109,40.057498931884766,41.3125,244439200,-0.11898368630896915,-5.235282197594643,0.9208724293857813,-0.9579998515546322,0.5495303470298968,44.0
2019-01-31,41.52750015258789,42.25,41.13999938964844,41.61000061035156,162958400,-0.11627991404384375,-0.93023931235075,0.6335153821855783,-0.8243309482932091,0.5310587822890527,8.0
2019-02-01,41.7400016784668,42.244998931884766,41.48249816894531,41.630001068115234,130672400,-0.054769295267760754,-0.10953859053552151,0.7475218698382378,-0.8570604603737593,1.1346110466650152,2.0
2019-02-04,41.852500915527344,42.915000915527344,41.81999969482422,42.8125,125982000,0.1730661317706108,1.0383967906236649,0.6447623139247298,0.00019767135381698608,0.24353231483203838,6.0
2019-02-05,43.21500015258789,43.77000045776367,43.087501525878906,43.54499816894531,144406400,0.09831018311281998,0.8847916480153799,0.9283276461064816,-0.9671155475080013,0.6899691910293533,9.0
2019-02-06,43.66249847412109,43.89250183105469,43.212501525878906,43.560001373291016,112958400,0.2936388192698359,1.4681940963491797,0.928739108145237,0.001862790435552597,0.36626293524480114,5.0
2019-02-07,43.09999847412109,43.48500061035156,42.584999084472656,42.73500061035156,126966800,-0.31882716715335846,-0.9564815014600754,0.02814069576561451,-0.954057352617383,0.5509080018579716,3.0
2019-02-08,42.247501373291016,42.665000915527344,42.10499954223633,42.602500915527344,95280000,-0.8942329115234315,-1.788465823046863,-0.8669422920793295,-0.9215235309675336,0.038594764143412015,2.0
2019-02-11,42.76250076293945,42.8025016784668,42.3125,42.35749816894531,83973600,-0.5141013191480722,-3.5987092340365052,0.09829396195709705,-0.9615956069901586,0.5376359554066358,7.0
2019-02-12,42.525001525878906,42.75,42.42499923706055,42.72249984741211,89134000,-0.516348308151854,-3.6144381570629776,0.5184507220983505,-0.9673060332424939,0.5747676125603236,7.0
2019-02-13,42.84749984741211,43.119998931884766,42.47999954223633,42.54499816894531,89960800,0.15459681022912264,0.9275808613747358,0.9114759732037783,-0.9008179120719433,0.6647322106828094,6.0
2019-02-14,42.4275016784668,42.81499862670898,42.345001220703125,42.70000076293945,87342800,-0.19447585623711347,-0.9723792811855674,0.12905288208276033,-0.9550391715019941,0.4389459123662493,5.0
2019-02-15,42.8125,42.92499923706055,42.4375,42.60499954223633,98507200,-0.5419923197478056,-1.0839846394956112,-0.28603020682930946,-0.7979544326663017,0.36198509154301084,2.0
2019-02-19,42.4275016784668,42.86000061035156,42.372501373291016,42.73249816894531,75891200,-0.2652891284475724,-0.7958673853427172,0.17944934591650963,-0.8854218665510416,0.5536786392845938,3.0
2019-02-20,42.79750061035156,43.33000183105469,42.747501373291016,43.00749969482422,104457600,0.1717471580952406,1.717471580952406,0.8821014706045389,-0.287983525544405,0.3887758429985962,10.0
2019-02-21,42.95000076293945,43.09249877929688,42.57500076293945,42.76499938964844,68998800,-0.08586165177014966,-0.515169910620898,0.5156864542514086,-0.9677120917476714,0.6683676342825461,6.0
2019-02-22,42.89500045776367,43.25,42.845001220703125,43.24250030517578,75652800,0.1283861722331494,0.2567723444662988,0.7927632085047662,-0.5359908640384674,0.9395710152245622,2.0
2019-02-25,43.540000915527344,43.96749877929688,43.48749923706055,43.557498931884766,87493600,-0.018348149955272675,-0.018348149955272675,-0.018348149955272675,-0.018348149955272675,0.0,1.0
2019-02-26,43.4275016784668,43.82500076293945,43.29249954223633,43.58250045776367,68280800,0.1989178049067656,0.5967534147202969,0.8360484316945076,-0.835318248718977,0.9036792490243652,3.0
2019-02-27,43.3025016784668,43.75,43.182498931884766,43.71749877929688,111341600,-0.9412687486037612,-0.9412687486037612,-0.9412687486037612,-0.9412687486037612,0.0,1.0
2019-02-28,43.58000183105469,43.727500915527344,43.22999954223633,43.28749847412109,112861600,-0.5444344201435646,-1.6333032604306936,0.19290087651461363,-0.9191129058599472,0.6385793881261743,3.0
2019-03-01,43.56999969482422,43.78749847412109,43.22249984741211,43.74250030517578,103544800,-0.23316529765725136,-0.6994958929717541,0.14917316287755966,-0.689379159361124,0.4241293204394028,3.0
2019-03-04,43.92250061035156,44.4375,43.49250030517578,43.962501525878906,109744800,-0.4779516877606511,-0.9559033755213022,-0.008640207350254059,-0.9472631681710482,0.6637066605737786,2.0
2019-03-05,43.98500061035156,44.0,43.6349983215332,43.88249969482422,78949600,0.3562484495341778,0.7124968990683556,0.7167992405593395,-0.004302341490983963,0.5098958185921313,2.0
2019-03-06,43.66749954223633,43.872501373291016,43.48500061035156,43.630001068115234,83241600,-0.8247598707675934,-2.47427961230278,-0.7792116496711969,-0.9046199601143599,0.06938868286093378,3.0
2019-03-07,43.46749877929688,43.61000061035156,43.005001068115234,43.125,99185600,-0.2209017351269722,-0.2209017351269722,-0.2209017351269722,-0.2209017351269722,0.0,1.0
2019-03-08,42.58000183105469,43.26750183105469,42.375,43.227500915527344,95997600,0.1814389592036605,0.5443168776109815,0.5069503905251622,0.0052304938435554504,0.28222197897258644,3.0
2019-03-11,43.872501373291016,44.77999877929688,43.837501525878906,44.72499847412109,128044000,-0.2600804101675749,-2.080643281340599,0.6944665741175413,-0.9559080637991428,0.580878483784204,8.0
2019-03-12,45.0,45.66749954223633,44.84249877929688,45.227500915527344,129870400,-0.6412840586466094,-1.9238521759398282,-0.02655121684074402,-0.9598524873144925,0.5324920986024134,3.0
2019-03-13,45.5625,45.82500076293945,45.22999954223633,45.4275016784668,124130000,-0.02975116651505232,-0.1487558325752616,0.9109613113105297,-0.9352103909477592,0.8279376433625071,5.0
2019-03-14,45.97499847412109,46.025001525878906,45.63999938964844,45.932498931884766,94318000,-0.037806326150894166,-0.5670948922634125,0.8307781629264355,-0.9245933843776584,0.6156777269367475,15.0
2019-03-15,46.212501525878906,46.83250045776367,45.935001373291016,46.52999877929688,156171600,0.021895431602994602,0.1313725896179676,0.929683867841959,-0.6503296941518784,0.6180732237070878,6.0
2019-03-18,46.45000076293945,47.09749984741211,46.4474983215332,47.005001068115234,104879200,0.03657364286482334,0.03657364286482334,0.03657364286482334,0.03657364286482334,0.0,1.0
2019-03-19,47.087501525878906,47.247501373291016,46.47999954223633,46.63249969482422,126585600,-0.10509903244674206,-0.5254951622337103,0.17577001452445984,-0.5357565525919199,0.31605902985642836,5.0
2019-03-20,46.557498931884766,47.372501373291016,46.182498931884766,47.040000915527344,124140800,-0.21537327710539103,-1.0768663855269551,0.25014941953122616,-0.939089042134583,0.508111620409899,5.0
2019-03-21,47.505001068115234,49.08250045776367,47.45249938964844,48.772499084472656,204136800,0.2932730953801762,3.226004049181938,0.9249769505113363,-0.4429064281284809,0.4530493777490401,11.0
2019-03-22,48.834999084472656,49.42250061035156,47.69499969482422,47.76250076293945,169630800,0.028292585164308548,0.11317034065723419,0.8957971427589655,-0.7451633810997009,0.6721328800092916,4.0
2019-03-25,47.87749862670898,47.994998931884766,46.650001525878906,47.185001373291016,175381200,0.11852126417215914,5.214935623575002,0.9217081964015961,-0.9571764133870602,0.42619475966880627,44.0
2019-03-26,47.915000915527344,48.220001220703125,46.14500045776367,46.6974983215332,199202000,0.0011557137201491155,0.021958560682833195,0.9235861301422119,-0.9546418143436313,0.6572380811452899,19.0
2019-03-27,47.1875,47.43999862670898,46.63750076293945,47.11750030517578,119393600,-0.6204555945470929,-3.1022779727354646,0.016856126487255096,-0.9451449075713754,0.4176012632659784,5.0
2019-03-28,47.23749923706055,47.38999938964844,46.88249969482422,47.18000030517578,83121600,-0.16691705025732517,-0.5007511507719755,-0.04978660121560097,-0.3248540610074997,0.14200143826011458,3.0
2019-03-29,47.45750045776367,47.52000045776367,47.1349983215332,47.48749923706055,94256000,-0.014530986314639449,-0.029061972629278898,0.9278742522001266,-0.9569362248294055,1.3327622695590338,2.0
2019-04-01,47.90999984741211,47.91999816894531,47.095001220703125,47.810001373291016,111448000,-0.0964781805458996,-0.8683036249130964,0.9210039395838976,-0.9300493076443672,0.8478635362007896,9.0
2019-04-02,47.772499084472656,48.6150016784668,47.76250076293945,48.505001068115234,91062800,0.20609645654136935,1.2365787392482162,0.48232593201100826,-0.015590563416481018,0.16787707500064292,6.0
2019-04-03,48.3125,49.125,48.28749847412109,48.837501525878906,93087200,-0.08761494955979288,-0.3504597982391715,0.38092065416276455,-0.7910749278962612,0.5087911411271541,4.0
2019-04-04,48.6974983215332,49.09249877929688,48.28499984741211,48.92250061035156,76457200,-0.14744783658534288,-0.5897913463413715,0.7111475951969624,-0.8300408609211445,0.6621255619564729,4.0
2019-04-05,49.11249923706055,49.275001525878906,48.98249816894531,49.25,74106400,0.03393567601839701,0.10180702805519104,0.9037533327937126,-0.7856015563011169,0.8457990755136486,3.0
2019-04-08,49.10499954223633,50.057498931884766,49.084999084472656,50.025001525878906,103526800,-0.5499491626396775,-1.099898325279355,-0.1824590340256691,-0.917439291253686,0.5197095239241637,2.0
2019-04-09,50.08000183105469,50.712501525878906,49.807498931884766,49.875,143072800,0.2280257660895586,1.140128830447793,0.8418657202273607,-0.22478261590003967,0.3873641354607242,5.0
2019-04-10,49.66999816894531,50.185001373291016,49.54499816894531,50.15499877929688,86781200,-0.07872585797061522,-0.9447102956473827,0.8918265793472528,-0.9503641985356808,0.5586634632950657,12.0
2019-04-11,50.212501525878906,50.25,49.61000061035156,49.73749923706055,83603200,-0.23181154816928837,-2.0863039335235953,0.21164203435182571,-0.9506866168230772,0.441212611731491,9.0
2019-04-12,49.79999923706055,50.03499984741211,49.0525016784668,49.71749877929688,111042800,0.5061674378812313,1.518502313643694,0.8560845218598843,0.17065922915935516,0.34293974650516307,3.0
2019-04-15,49.64500045776367,49.962501525878906,49.50249862670898,49.807498931884766,70146400,0.13589634615927934,0.6794817307963967,0.4829757045954466,-0.01829390600323677,0.21539812240319206,5.0
2019-04-16,49.8650016784668,50.34249877929688,49.63999938964844,49.8125,102785600,0.32456759456545115,2.9211083510890603,0.9070322103798389,-0.13426217436790466,0.37442367527564513,9.0
2019-04-17,49.8849983215332,50.845001220703125,49.65250015258789,50.782501220703125,115627200,-0.12474365253001451,-0.9979492202401161,0.768614336848259,-0.9553575981408358,0.674312310601313,8.0
2019-04-18,50.77999877929688,51.03749847412109,50.630001068115234,50.96500015258789,96783200,0.93229123018682,0.93229123018682,0.93229123018682,0.93229123018682,0.0,1.0
2019-04-22,50.70750045776367,51.23500061035156,50.584999084472656,51.13249969482422,77758000,0.4500041604042053,1.8000166416168213,0.834866845048964,0.0007104407995939255,0.4441220419607469,4.0
2019-04-23,51.10749816894531,51.9375,50.97499847412109,51.869998931884766,93292000,0.431346346065402,2.15673173032701,0.9235059916973114,0.007835794240236282,0.43015223227722843,5.0
2019-04-24,51.84000015258789,52.119998931884766,51.76250076293945,51.790000915527344,70162400,0.23073980920016765,1.1536990460008383,0.89986209012568,-0.9615289364010096,0.7288293629617119,5.0
2019-04-25,51.70750045776367,51.93999862670898,51.27999877929688,51.31999969482422,74172800,-0.5726528433151543,-4.5812227465212345,0.10660407692193985,-0.9605265436694026,0.39399374286488836,8.0
2019-04-26,51.22499847412109,51.25,50.52999877929688,51.07500076293945,74596400,-0.07435414314802204,-0.5204790020361543,0.8030201969668269,-0.9576504630967975,0.7122230780044709,7.0
2019-04-29,51.09999847412109,51.49250030517578,50.96500015258789,51.15250015258789,88818800,0.11662303004413843,0.6997381802648306,0.9163070302456617,-0.9632516484707594,0.6300313603068637,6.0
2019-04-30,50.76499938964844,50.84999847412109,49.77750015258789,50.16749954223633,186139600,0.055452277041262106,1.1644978178665042,0.9182156771421432,-0.9666360160335898,0.47723271199327894,21.0
2019-05-01,52.470001220703125,53.82749938964844,52.307498931884766,52.630001068115234,259309200,0.054242702799716165,1.5187956783920527,0.9420663807541132,-0.9598006615415215,0.6734432319202869,28.0
2019-05-02,52.459999084472656,53.16249847412109,52.032501220703125,52.28749847412109,127985200,0.21611810392803615,1.9450629353523254,0.9339591171592474,-0.9271045345813036,0.6123668928666984,9.0
2019-05-03,52.72249984741211,52.959999084472656,52.557498931884766,52.9375,83569600,-0.29421239346265793,-0.8826371803879738,0.9041472291573882,-0.957324025221169,1.0397771956099067,3.0
2019-05-06,51.0724983215332,52.209999084472656,50.875,52.119998931884766,129772400,0.05997933726757765,0.1199586745351553,0.10419873706996441,0.015759937465190887,0.06253567492053351,2.0
2019-05-07,51.470001220703125,51.85499954223633,50.20750045776367,50.71500015258789,155054800,-0.47120204381644726,-0.9424040876328945,0.018108319491147995,-0.9605124071240425,0.6919893519993077,2.0
2019-05-08,50.47499847412109,51.334999084472656,50.4375,50.72499847412109,105358000,-0.067964568734169,-0.067964568734169,-0.067964568734169,-0.067964568734169,0.0,1.0
2019-05-09,50.09999847412109,50.41999816894531,49.165000915527344,50.18000030517578,139634400,0.42110760901123284,2.1055380450561643,0.9348848182708025,0.07426647376269102,0.39866870803963633,5.0
2019-05-10,49.35499954223633,49.712501525878906,48.192501068115234,49.29499816894531,164834800,0.0,0.0,0.0,0.0,0.0,0.0
2019-05-13,46.9275016784668,47.369998931884766,45.712501525878906,46.43000030517578,229722400,0.1433839931463202,0.8603039588779211,0.9374428931623697,-0.8461135439574718,0.7022336484894309,6.0
2019-05-14,46.602500915527344,47.42499923706055,46.352500915527344,47.165000915527344,146118800,0.17875354811549188,0.8937677405774593,0.920179545879364,-0.6733716521412134,0.6111515035842289,5.0
2019-05-15,46.567501068115234,47.9375,46.505001068115234,47.72999954223633,106178800,-0.6097470931708813,-3.6584825590252876,-0.013890314847230911,-0.9669319614768028,0.4602982544674111,6.0
2019-05-16,47.477500915527344,48.11750030517578,47.209999084472656,47.52000045776367,132125600,-0.2851647771894932,-0.5703295543789864,-0.017112024128437042,-0.5532175302505493,0.37908383881039176,2.0
2019-05-17,46.73249816894531,47.72499847412109,46.68999862670898,47.25,131516400,0.11000785720534623,0.4400314288213849,0.7406071545556188,-0.31060250848531723,0.4493560848718439,4.0
2019-05-20,45.880001068115234,46.087501525878906,45.06999969482422,45.772499084472656,154449200,-0.5398547599092126,-2.699273799546063,0.015417585149407387,-0.9483431251719594,0.4738284536045151,5.0
2019-05-21,46.30500030517578,47.0,46.17499923706055,46.650001525878906,113459200,-0.20593526531010867,-1.0296763265505433,0.22449583187699318,-0.8801804594695568,0.4880278823840915,5.0
2019-05-22,46.165000915527344,46.4275016784668,45.63750076293945,45.69499969482422,118994400,-0.2417975202202797,-1.2089876011013985,0.6691266298294067,-0.9480371782556176,0.6969698173187099,5.0
2019-05-23,44.95000076293945,45.1349983215332,44.45249938964844,44.915000915527344,146118800,-0.42687121716638404,-1.2806136514991522,-0.1239521000534296,-0.8761429600417614,0.39687792929711196,3.0
2019-05-24,45.04999923706055,45.53499984741211,44.65499877929688,44.74250030517578,94858800,-0.2296562185510993,-0.9186248742043972,0.8478543628007174,-0.9021599162369967,0.820165556880692,4.0
2019-05-28,44.72999954223633,45.147499084472656,44.477500915527344,44.557498931884766,111792800,-0.1981014429591596,-1.9810144295915961,0.14772900007665157,-0.9459715541452169,0.33503675982934783,10.0
2019-05-29,44.10499954223633,44.837501525878906,44.0,44.345001220703125,113924800,-0.219801708124578,-0.659405124373734,0.1554396254941821,-0.8536143004894257,0.5519889294839936,3.0
2019-05-30,44.48749923706055,44.807498931884766,44.16749954223633,44.57500076293945,84873600,-0.24065191764384508,-1.2032595882192254,0.22699449863284826,-0.5979305803775787,0.3308043123785455,5.0
2019-05-31,44.057498931884766,44.497501373291016,43.747501373291016,43.76750183105469,108174400,-0.5272197015583515,-1.054439403116703,-0.10365242883563042,-0.9507869742810726,0.5990145816618557,2.0
2019-06-03,43.900001525878906,44.47999954223633,42.567501068115234,43.32500076293945,161584400,0.1371246011617283,4.113738034851849,0.7586806667968631,-0.7287488095462322,0.32927421928839207,30.0
2019-06-04,43.86000061035156,44.95750045776367,43.630001068115234,44.90999984741211,123872000,-0.003919519399377433,-0.04311471339315176,0.8878282830119133,-0.8146257847547531,0.41190268676244435,11.0
2019-06-05,46.06999969482422,46.247501373291016,45.28499984741211,45.6349983215332,119093600,-0.00014900125097483397,-0.0005960050038993359,0.851511599496007,-0.9589750259183347,0.7424504407718419,4.0
2019-06-06,45.77000045776367,46.36750030517578,45.53749847412109,46.30500030517578,90105200,0.0718464195728302,0.718464195728302,0.8992626667022705,-0.8998465556651354,0.5486064825636194,10.0
2019-06-07,46.62749862670898,47.97999954223633,46.442501068115234,47.53749847412109,122737600,0.11092397943139076,0.22184795886278152,0.18003547191619873,0.041812486946582794,0.09773840998786167,2.0
2019-06-10,47.95249938964844,48.84249877929688,47.90499877929688,48.14500045776367,104883600,-0.29688838962465525,-0.8906651688739657,0.7709682509303093,-0.8464037692174315,0.9249223264691471,3.0
2019-06-11,48.71500015258789,49.0,48.400001525878906,48.70249938964844,107731600,-0.071982310898602,-0.35991155449301004,0.8685871064662933,-0.8034332012757659,0.6677537391947878,5.0
2019-06-12,48.48749923706055,48.99250030517578,48.34749984741211,48.54750061035156,73012800,0.0,0.0,0.0,0.0,0.0,0.0
2019-06-13,48.67499923706055,49.1974983215332,48.400001525878906,48.53749847412109,86698400,-0.1825871141627431,-0.3651742283254862,-0.04486977495253086,-0.3203044533729553,0.19476172888501816,2.0
2019-06-14,47.88750076293945,48.397499084472656,47.57500076293945,48.185001373291016,75046000,0.9243741631507874,0.9243741631507874,0.9243741631507874,0.9243741631507874,0.0,1.0
2019-06-17,48.22499847412109,48.7400016784668,48.04249954223633,48.47249984741211,58676400,-0.07230518680686752,-0.4338311208412051,0.8564395969733596,-0.9618483036756516,0.6797274113223332,6.0
2019-06-18,49.01250076293945,50.0724983215332,48.8025016784668,49.61249923706055,106204000,-0.05688282288610935,-0.5119454059749842,0.8916476368904114,-0.9624547129496932,0.7372254858930734,9.0
2019-06-19,49.91999816894531,49.970001220703125,49.32749938964844,49.46749877929688,84496800,-0.22723350077867507,-1.1361675038933754,0.9118283875286579,-0.8400479927659035,0.7111981289655882,5.0
2019-06-20,50.09249877929688,50.15250015258789,49.50749969482422,49.8650016784668,86056000,-0.3389400088926777,-2.711520071141422,0.12097952328622341,-0.9578214753419161,0.41934924846166494,8.0
2019-06-21,49.70000076293945,50.212501525878906,49.53749847412109,49.69499969482422,191202400,0.34303779900074005,1.0291133970022202,0.9268199019134045,-0.18127580173313618,0.5564363388326844,3.0
2019-06-24,49.6349983215332,50.040000915527344,49.54249954223633,49.64500045776367,72881600,-0.23374587576836348,-0.7012376273050904,0.16137445252388716,-0.9298982881009579,0.6047183520648017,3.0
2019-06-25,49.60749816894531,49.81499862670898,48.8224983215332,48.89250183105469,84281200,-0.7549953407918414,-2.264986022375524,-0.3932722583413124,-0.9560166886076331,0.3139093962991576,3.0
2019-06-26,49.442501068115234,50.247501373291016,49.337501525878906,49.95000076293945,104270000,0.19504471216350794,1.1702682729810476,0.875864714384079,-0.42899103462696075,0.5348906722686426,6.0
2019-06-27,50.0724983215332,50.39250183105469,49.89250183105469,49.935001373291016,83598800,-0.07486833538860083,-0.5240783477202058,0.9094768799841404,-0.9590901779010892,0.6890839705460637,7.0
2019-06-28,49.66999816894531,49.875,49.26250076293945,49.47999954223633,124442400,0.49658228270709515,0.9931645654141903,0.9232502188533545,0.06991434656083584,0.6033995819277777,2.0
2019-07-01,50.79249954223633,51.122501373291016,50.16249847412109,50.38750076293945,109012000,-0.15510374680161476,-0.7755187340080738,0.735473076812923,-0.8578422581776977,0.638898745478561,5.0
2019-07-02,50.352500915527344,50.782501220703125,50.34000015258789,50.682498931884766,67740800,-0.7226222039510807,-4.335733223706484,-0.1300249621272087,-0.9529340714216232,0.3110340363688373,6.0
2019-07-03,50.81999969482422,51.11000061035156,50.67250061035156,51.102500915527344,45448000,0.4950023819692433,0.9900047639384866,0.8684864304959774,0.12151833344250917,0.5281862067565185,2.0
2019-07-05,50.837501525878906,51.27000045776367,50.72499847412109,51.057498931884766,69062000,-0.6207143810267249,-1.862143143080175,0.013236422091722488,-0.964632123708725,0.5496781834183248,3.0
2019-07-08,50.20249938964844,50.34999847412109,49.602500915527344,50.005001068115234,101354400,-0.3741431472679743,-4.863860914483666,0.6667805146425962,-0.9598245155066252,0.5090513713083424,13.0
2019-07-09,49.79999923706055,50.37749862670898,49.70249938964844,50.310001373291016,82312000,0.1697603842088332,2.037124610505998,0.9309798795729876,-0.8759364867582917,0.5553371778035575,12.0
2019-07-10,50.462501525878906,50.932498931884766,50.38999938964844,50.807498931884766,71588400,-0.4999802738893777,-1.9999210955575109,-0.00453987717628479,-0.9619147749617696,0.4276067504554012,4.0
2019-07-11,50.82749938964844,51.09749984741211,50.4275016784668,50.4375,80767200,0.31105772256851194,1.5552886128425598,0.9327781163156033,-0.36419840157032013,0.5882868165513889,5.0
2019-07-12,50.61249923706055,51.0,50.54999923706055,50.82500076293945,70380800,-0.4393700431101024,-0.8787400862202048,0.02178123965859413,-0.900521325878799,0.6521663983972408,2.0
2019-07-15,51.022499084472656,51.46749877929688,51.0,51.3025016784668,67789600,0.0,0.0,0.0,0.0,0.0,0.0
2019-07-16,51.147499084472656,51.52750015258789,50.875,51.125,67467200,-0.4326761264819652,-1.7307045059278607,0.14982761815190315,-0.9502912666648626,0.5935624619248233,4.0
2019-07-17,51.01250076293945,51.272499084472656,50.817501068115234,50.837501525878906,56430000,-0.2332303753743569,-0.6996911261230707,0.04696946404874325,-0.742170050740242,0.4415050711607941,3.0
2019-07-18,51.0,51.470001220703125,50.92499923706055,51.415000915527344,74162400,0.16033360067134103,0.9620016040280461,0.9266256894916296,-0.9509705556556582,0.7435611860884268,6.0
2019-07-19,51.4474983215332,51.625,50.59000015258789,50.647499084472656,83717200,0.026743584661744535,0.21394867729395628,0.8978434065356851,-0.8753477931022644,0.6017601292143294,8.0
2019-07-22,50.91249847412109,51.807498931884766,50.90250015258789,51.80500030517578,89111600,0.39835383724421264,1.9917691862210631,0.6034293100237846,0.022740058600902557,0.22490018371711548,5.0
2019-07-23,52.1150016784668,52.227500915527344,51.8224983215332,52.209999084472656,73420800,0.24839401485708854,2.9807281782850623,0.9301817156374454,-0.9618572909384966,0.6352501116731143,12.0
2019-07-24,51.91749954223633,52.28749847412109,51.79249954223633,52.16749954223633,59966400,-0.4562341570854187,-0.9124683141708374,-0.26439641043543816,-0.6480719037353992,0.27129954308749626,2.0
2019-07-25,52.22249984741211,52.310001373291016,51.682498931884766,51.755001068115234,55638400,0.2990006964121546,2.0930048748850822,0.9316879045218229,-0.9362846063449979,0.7043258466604674,7.0
2019-07-26,51.869998931884766,52.432498931884766,51.78499984741211,51.935001373291016,70475600,-0.2101291596191004,-1.6810332769528031,0.3608020842075348,-0.9534310568124056,0.6026070304234498,8.0
2019-07-29,52.1150016784668,52.65999984741211,52.11000061035156,52.41999816894531,86693600,-0.05666642636060715,-0.28333213180303574,0.47469431161880493,-0.7044991105794907,0.4214250406841915,5.0
2019-07-30,52.18999862670898,52.540000915527344,51.82749938964844,52.19499969482422,135742800,-0.12351897798685564,-2.2233416037634015,0.9266839791089296,-0.9660964189097285,0.5368367130166751,18.0
2019-07-31,54.10499954223633,55.34249877929688,52.82500076293945,53.2599983215332,277125600,0.27688312738695564,9.414026331156492,0.9392732689157128,-0.9354919008910656,0.5241312526071545,34.0
2019-08-01,53.47499847412109,54.50749969482422,51.685001373291016,52.10749816894531,216071600,0.08449478708207607,0.42247393541038036,0.8858181871473789,-0.6239653825759888,0.5364472992766239,5.0
2019-08-02,51.38249969482422,51.60749816894531,50.407501220703125,51.005001068115234,163448400,-0.09987174506698336,-0.6991022154688835,0.7344835754483938,-0.861041571944952,0.5488167623338787,7.0
2019-08-05,49.497501373291016,49.66249847412109,48.14500045776367,48.334999084472656,209572000,-0.23787045944482088,-0.9514818377792835,0.8528385125100613,-0.9242731034755707,0.8402303934572719,4.0
2019-08-06,49.07749938964844,49.51750183105469,48.5099983215332,49.25,143299200,-0.018175773167361815,-0.1090546390041709,0.897234071046114,-0.9098326293751597,0.5727998591064647,6.0
2019-08-07,48.852500915527344,49.88999938964844,48.45500183105469,49.7599983215332,133457600,0.012727978639304638,0.025455957278609276,0.016322776675224304,0.009133180603384972,0.005083812136389756,2.0
2019-08-08,50.04999923706055,50.88249969482422,49.84749984741211,50.85749816894531,108038000,-0.12821525637991726,-0.5128610255196691,0.6756048696115613,-0.9356679357588291,0.6927729097053997,4.0
2019-08-09,50.32500076293945,50.68999862670898,49.8224983215332,50.247501373291016,98478800,-0.012207016348838806,-0.024414032697677612,0.01720811426639557,-0.04162214696407318,0.0415992766550405,2.0
2019-08-12,49.90499877929688,50.51250076293945,49.78749847412109,50.119998931884766,89927600,0.9354904107749462,0.9354904107749462,0.9354904107749462,0.9354904107749462,0.0,1.0
2019-08-13,50.255001068115234,53.03499984741211,50.119998931884766,52.24250030517578,188874000,-0.4750140341264861,-3.3250982388854027,-0.00867960974574089,-0.7997353300452232,0.33179550854585443,7.0
2019-08-14,50.790000915527344,51.61000061035156,50.647499084472656,50.6875,146189600,-0.3663731086999178,-1.0991193260997534,0.009577075019478798,-0.9529509395360947,0.5146727591378203,3.0
2019-08-15,50.8650016784668,51.28499984741211,49.91749954223633,50.435001373291016,108909600,0.3168031796813011,0.6336063593626022,0.6834993064403534,-0.04989294707775116,0.5185866357323353,2.0
2019-08-16,51.06999969482422,51.790000915527344,50.959999084472656,51.625,110481600,-0.43483166489750147,-0.8696633297950029,-0.012900613248348236,-0.8567627165466547,0.5967006156285753,2.0
2019-08-19,52.65499877929688,53.182498931884766,52.50749969482422,52.587501525878906,97654400,0.03190932353027165,0.1276372941210866,0.6723205875605345,-0.812667042016983,0.6182128037578464,4.0
2019-08-20,52.720001220703125,53.337501525878906,52.58000183105469,52.59000015258789,107537200,-0.16692103259265423,-0.8346051629632711,0.3359245974570513,-0.9596577938646078,0.4768869514296405,5.0
2019-08-21,53.247501373291016,53.41249847412109,52.900001525878906,53.15999984741211,86141600,0.5509440903551877,2.2037763614207506,0.9230862874537706,0.06318968161940575,0.4192288791517428,4.0
2019-08-22,53.29750061035156,53.61000061035156,52.6875,53.1150016784668,89014800,0.15759440744295716,0.6303776297718287,0.8021832657977939,-0.8854996953159571,0.7742875916565514,4.0
2019-08-23,52.35749816894531,53.01250076293945,50.25,50.65999984741211,187272000,-0.4123614154756069,-2.0618070773780346,-0.0782298855483532,-0.7465144358575344,0.2609576665672074,5.0
2019-08-26,51.46500015258789,51.79750061035156,51.26499938964844,51.622501373291016,104174400,-0.34277968069848913,-2.056678084190935,0.7999965171329677,-0.9160278551280499,0.6475167800754293,6.0
2019-08-27,51.96500015258789,52.13750076293945,50.88249969482422,51.040000915527344,103493200,-0.35204231552779675,-0.7040846310555935,0.043656233698129654,-0.7477408647537231,0.5596022549266629,2.0
2019-08-28,51.025001525878906,51.43000030517578,50.83000183105469,51.38249969482422,63755200,-0.4589756920468062,-1.8359027681872249,0.004269411787390709,-0.9346811762079597,0.5054779093658882,4.0
2019-08-29,52.125,52.33000183105469,51.665000915527344,52.25249862670898,83962000,-0.1583212660625577,-0.6332850642502308,0.20052095875144005,-0.6354032903909683,0.38791498882455894,4.0
2019-08-30,52.540000915527344,52.61249923706055,51.79999923706055,52.185001373291016,84573600,0.23116878513246775,0.23116878513246775,0.23116878513246775,0.23116878513246775,0.0,1.0
2019-09-03,51.60749816894531,51.744998931884766,51.05500030517578,51.42499923706055,80092000,0.01572493650019169,0.047174809500575066,0.110258087515831,-0.0969199538230896,0.10476980256170601,3.0
2019-09-04,52.09749984741211,52.369998931884766,51.83000183105469,52.29750061035156,76752400,0.2500670348914961,1.5004022093489766,0.743959997780621,-0.05369978025555611,0.33547181141446364,6.0
2019-09-05,53.0,53.49250030517578,52.87749862670898,53.31999969482422,95654800,0.010891647776588798,0.08713318221271038,0.622260294854641,-0.7618466094136238,0.3761207580340605,8.0
2019-09-06,53.51250076293945,53.60499954223633,53.12749862670898,53.31499862670898,77449200,0.07390213664621115,0.2956085465848446,0.9304859600961208,-0.9570214189589024,0.9988712241357036,4.0
2019-09-09,53.709999084472656,54.11000061035156,52.76750183105469,53.54249954223633,109237600,-0.5293419525648156,-1.588025857694447,0.3299090787768364,-0.9623714052140713,0.744141006754246,3.0
2019-09-10,53.46500015258789,54.19499969482422,52.9275016784668,54.17499923706055,127111600,0.006254850643808427,0.28772312961518764,0.48295243084430695,-0.9599781557917595,0.3179371594493138,46.0
2019-09-11,54.51750183105469,55.9275016784668,54.432498931884766,55.897499084472656,177158400,0.2869302122031941,4.8778136074543,0.8946020156145096,-0.947842082940042,0.6007522313618758,17.0
2019-09-12,56.20000076293945,56.60499954223633,55.71500015258789,55.772499084472656,128906800,0.07494028347233932,0.22482085041701794,0.924918414093554,-0.9039568025618792,0.9212281000505246,3.0
2019-09-13,55.0,55.1974983215332,54.255001068115234,54.6875,159053200,-0.6694908952340484,-5.355927161872387,-0.06261229887604713,-0.9420644864439964,0.30851317128253564,8.0
2019-09-16,54.432498931884766,55.032501220703125,54.38999938964844,54.97499847412109,84632400,-0.113361692322152,-0.793531846255064,0.038399290293455124,-0.915960006415844,0.35411309599747415,7.0
2019-09-17,54.9900016784668,55.20500183105469,54.77999877929688,55.17499923706055,73274800,0.4138789272401482,1.6555157089605927,0.8999864384531975,0.010854607447981834,0.4679786858303348,4.0
2019-09-18,55.26499938964844,55.712501525878906,54.86000061035156,55.692501068115234,101360000,0.0783299196511507,0.3916495982557535,0.9280905900523067,-0.8888373803347349,0.8858941685564137,5.0
2019-09-19,55.50249862670898,55.93999862670898,55.09249877929688,55.2400016784668,88242400,-0.7161806784570217,-0.7161806784570217,-0.7161806784570217,-0.7161806784570217,0.0,1.0
2019-09-20,55.345001220703125,55.63999938964844,54.36750030517578,54.432498931884766,221652400,0.007153753324278763,0.050076273269951344,0.7419361546635628,-0.8896786402910948,0.4951455869608464,7.0
2019-09-23,54.73749923706055,54.959999084472656,54.41249847412109,54.68000030517578,76662000,0.1978642571096619,1.780778313986957,0.9279216639697552,-0.451140820980072,0.45012397129006176,9.0
2019-09-24,55.25749969482422,55.622501373291016,54.29750061035156,54.41999816894531,124763200,-0.012868471909314394,-0.07721083145588636,0.7015040013939142,-0.9276800230145454,0.5411668209839182,6.0
2019-09-25,54.63750076293945,55.375,54.28499984741211,55.25749969482422,87613600,0.09257063083350658,0.18514126166701317,0.16721507161855698,0.017926190048456192,0.10556318051397366,2.0
2019-09-26,55.0,55.23500061035156,54.70750045776367,54.97249984741211,75334000,0.09983416074620825,0.6988391252234578,0.9096453860402107,-0.9144984912127256,0.7506135668083126,7.0
2019-09-27,55.1349983215332,55.2400016784668,54.31999969482422,54.70500183105469,101408000,0.20006670709699392,0.40013341419398785,0.3097582068294287,0.09037520736455917,0.15512720659865395,2.0
2019-09-30,55.22499847412109,56.14500045776367,55.1974983215332,55.99250030517578,103909600,0.4110189117491245,3.6991702057421207,0.936356901191175,-0.9014938324689865,0.613425131344879,9.0
2019-10-01,56.26750183105469,57.05500030517578,56.04999923706055,56.147499084472656,139223200,0.05888693646660873,0.4122085552662611,0.9419739432632923,-0.9623151756823063,0.5633431256970393,7.0
2019-10-02,55.76499938964844,55.89500045776367,54.48249816894531,54.7400016784668,138449200,-0.15103153216963014,-1.8123783860355616,0.7112080017104745,-0.9601681008934975,0.5015015691614935,12.0
2019-10-03,54.60749816894531,55.2400016784668,53.782501220703125,55.20500183105469,114426000,0.2703425505508979,1.6220553033053875,0.9014884028583765,-0.35615262389183044,0.5428345722098677,6.0
2019-10-04,56.40999984741211,56.872501373291016,55.97249984741211,56.75249862670898,138478800,0.07819249844178558,0.7819249844178557,0.8761793915182352,-0.28337356820702553,0.33618026265910844,10.0
2019-10-07,56.567501068115234,57.48249816894531,56.459999084472656,56.76499938964844,122306000,0.18621520729114613,1.1172912437468767,0.8763321805745363,-0.06813406571745872,0.3498568493626082,6.0
2019-10-08,56.45500183105469,57.01499938964844,56.08250045776367,56.09999847412109,111820000,0.29391876111427945,0.8817562833428383,0.9229346066713333,-0.27591268718242645,0.6016110065103727,3.0
2019-10-09,56.75749969482422,56.9474983215332,56.40999984741211,56.75749969482422,74770400,0.15321983130914824,1.0725388191640377,0.6295245215296745,-0.16333317197859287,0.32903029201365613,7.0
2019-10-10,56.98249816894531,57.61000061035156,56.82500076293945,57.522499084472656,113013600,-0.1864782696356997,-1.4918261570855975,0.29744179733097553,-0.8705536713823676,0.44894022216281265,8.0
2019-10-11,58.23749923706055,59.40999984741211,58.07749938964844,59.0525016784668,166795600,0.11391138741746545,1.1391138741746545,0.9266126127913594,-0.931019764393568,0.5752840437014286,10.0
2019-10-14,58.72499847412109,59.532501220703125,58.66749954223633,58.96749877929688,96427600,0.0501424851162093,0.3509973958134651,0.9301149044185877,-0.8926121518015862,0.7111784612494018,7.0
2019-10-15,59.09749984741211,59.41249847412109,58.720001220703125,58.83000183105469,87360000,0.3302386796567589,2.6419094372540712,0.9290385451167822,-0.09759876132011414,0.415264944390453,8.0
2019-10-16,58.34249877929688,58.810001373291016,58.29999923706055,58.59249877929688,73903200,-0.03035511216148734,-0.06071022432297468,0.11161542404443026,-0.17232564836740494,0.2007766577597892,2.0
2019-10-17,58.772499084472656,59.03749847412109,58.380001068115234,58.81999969482422,67585200,0.5197754926048219,2.0791019704192877,0.9249941762536764,-0.07295038551092148,0.42264007355850286,4.0
2019-10-18,58.647499084472656,59.39500045776367,58.5724983215332,59.102500915527344,97433600,0.7308418561394016,2.192525568418205,0.9346105260774493,0.5532852560281754,0.19200923115306867,3.0
2019-10-21,59.380001068115234,60.247501373291016,59.33000183105469,60.12749862670898,87247200,0.2771050432929769,2.2168403463438153,0.9236395247280598,-0.7089009135961533,0.5299378915794842,8.0
2019-10-22,60.290000915527344,60.54999923706055,59.90499877929688,59.9900016784668,82293600,0.18688230470500208,2.055705351755023,0.9230888672173023,-0.9246051497757435,0.675122644815446,11.0
2019-10-23,60.525001525878906,60.810001373291016,60.30500030517578,60.79499816894531,75828800,0.4026127395220101,4.026127395220101,0.9339007511734962,-0.49675486981868744,0.47734544246595767,10.0
2019-10-24,61.12749862670898,61.20000076293945,60.45249938964844,60.89500045776367,69275200,0.25939188100811505,2.3345269290730357,0.9323579259216785,-0.8327654525637627,0.5716833991729879,9.0
2019-10-25,60.790000915527344,61.682498931884766,60.720001220703125,61.64500045776367,73477200,0.22081219777464867,0.44162439554929733,0.2992718294262886,0.14235256612300873,0.11095867518054656,2.0
2019-10-28,61.85499954223633,62.3125,61.68000030517578,62.26250076293945,96572800,0.017466419799761337,0.19213061779737473,0.8582960609346628,-0.956931572407484,0.49898323090386626,11.0
2019-10-29,62.24250030517578,62.4375,60.64250183105469,60.8224983215332,142839600,0.5064894943498075,2.02595797739923,0.913413168862462,0.01598096638917923,0.46231879353870653,4.0
2019-10-30,61.18999862670898,61.32500076293945,60.3025016784668,60.81499862670898,124522000,0.04010616720964511,0.6015925081446767,0.9206577837467194,-0.9678226904943585,0.584960502915688,15.0
2019-10-31,61.810001373291016,62.29249954223633,59.31499862670898,62.18999862670898,139162000,0.3073391100391746,7.683477750979364,0.917383711785078,-0.9457081202417612,0.3899949078821484,25.0
2019-11-01,62.3849983215332,63.98249816894531,62.290000915527344,63.95500183105469,151125200,0.09413610647122066,0.8472249582409859,0.7063283603638411,-0.2809073366224766,0.25914439267825734,9.0
2019-11-04,64.3324966430664,64.4625015258789,63.845001220703125,64.375,103272000,0.29216207393134636,1.752972443588078,0.8332319725304842,0.05224572028964758,0.28035096685064775,6.0
2019-11-05,64.26249694824219,64.54750061035156,64.08000183105469,64.28250122070312,79897600,0.23160801315680146,0.4632160263136029,0.2551820995286107,0.20803392678499222,0.03333879266756738,2.0
2019-11-06,64.19249725341797,64.37249755859375,63.84249877929688,64.30999755859375,75864400,0.005880244076251984,0.005880244076251984,0.005880244076251984,0.005880244076251984,0.0,1.0
2019-11-07,64.68499755859375,65.0875015258789,64.52749633789062,64.85749816894531,94940400,0.01182640969221081,0.08278486784547567,0.9182142820209265,-0.9552875766530633,0.6087955114405317,7.0
2019-11-08,64.67250061035156,65.11000061035156,64.2125015258789,65.03500366210938,69986400,0.0,0.0,0.0,0.0,0.0,0.0
2019-11-11,64.57499694824219,65.61750030517578,64.56999969482422,65.55000305175781,81821200,-0.17742211961497864,-1.0645327176898718,0.2429578024893999,-0.881836324930191,0.4751793130188533,6.0
2019-11-12,65.38749694824219,65.69750213623047,65.2300033569336,65.48999786376953,87388800,0.3926388481631875,2.355833088979125,0.9412070531398058,-0.3261980041861534,0.49328691724382145,6.0
2019-11-13,65.28250122070312,66.19499969482422,65.26750183105469,66.11750030517578,102734400,0.16887121175726255,2.533068176358938,0.8623411487787962,-0.9228790048509836,0.38578444151317837,15.0
2019-11-14,65.9375,66.22000122070312,65.5250015258789,65.66000366210938,89182800,-0.13544345181435347,-1.3544345181435347,0.909330134280026,-0.9601742206141353,0.5821552433383468,10.0
2019-11-15,65.91999816894531,66.44499969482422,65.75250244140625,66.44000244140625,100206400,0.33812289039737414,4.733720465563238,0.9288495182991028,-0.9039972145110369,0.6580899822221263,14.0
2019-11-18,66.44999694824219,66.85749816894531,66.05750274658203,66.7750015258789,86703200,0.22892602218780667,1.8314081775024533,0.9116092436015606,-0.9267312092706561,0.6250360246113484,8.0
2019-11-19,66.9749984741211,67.0,66.34750366210938,66.57250213623047,76167200,-0.03747558803297579,-0.22485352819785476,0.2080342248082161,-0.9045024635270238,0.4307983651913587,6.0
2019-11-20,66.38500213623047,66.5199966430664,65.0999984741211,65.79750061035156,106234400,0.20146330259740353,0.40292660519480705,0.3928663432598114,0.010060261934995651,0.2706847759842262,2.0
2019-11-21,65.92250061035156,66.00250244140625,65.29499816894531,65.50250244140625,121395200,-0.06786290407180787,-0.3393145203590393,0.25761890690773726,-0.8698795484378934,0.45824274816296656,5.0
2019-11-22,65.64749908447266,65.79499816894531,65.20999908447266,65.44499969482422,65325200,-0.9428973409036795,-2.8286920227110386,-0.920001532882452,-0.9618914956226945,0.021215782296741377,3.0
2019-11-25,65.67749786376953,66.61000061035156,65.62999725341797,66.59249877929688,84020400,0.5761723150499165,2.304689260199666,0.936042757704854,0.2159999329596758,0.384493113952625,4.0
2019-11-26,66.73500061035156,66.79000091552734,65.625,66.07250213623047,105207600,-0.20307060470804572,-1.2184236282482743,0.8152582086622715,-0.9527193885296583,0.7035838444923348,6.0
2019-11-27,66.3949966430664,66.99500274658203,66.32749938964844,66.95999908447266,65235600,0.5792994797229767,1.73789843916893,0.8199144750833511,0.22052165865898132,0.3166856124439233,3.0
2019-11-29,66.6500015258789,67.0,66.4749984741211,66.8125,46617600,-0.38019224535673857,-1.1405767360702157,-0.12197114527225494,-0.8879214832559228,0.4397279990984693,3.0
2019-12-02,66.81749725341797,67.0625,65.86250305175781,66.04000091552734,94487200,0.2872727334033698,2.2981818672269583,0.9166022185236216,-0.14510483480989933,0.3525883604204253,8.0
2019-12-03,64.57749938964844,64.88249969482422,64.07250213623047,64.86250305175781,114430400,0.18104985899602374,1.0862991539761424,0.5562698682770133,-0.03398265689611435,0.24312327687486068,6.0
2019-12-04,65.26750183105469,65.82749938964844,65.16999816894531,65.43499755859375,67181600,-0.944033794105053,-0.944033794105053,-0.944033794105053,-0.944033794105053,0.0,1.0
2019-12-05,65.94750213623047,66.47250366210938,65.68250274658203,66.3949966430664,74424400,0.3720130805547039,1.1160392416641116,0.8090891111642122,0.13860615342855453,0.37881087225523946,3.0
2019-12-06,66.87000274658203,67.75,66.82499694824219,67.67749786376953,106075600,-0.07654142628113429,-0.22962427884340286,0.1423526629805565,-0.2945858873426914,0.2184705142363706,3.0
2019-12-09,67.5,67.69999694824219,66.22750091552734,66.7300033569336,128042400,-0.40083348533759516,-2.405000912025571,0.21367058157920837,-0.851103512570262,0.391508900917371,6.0
2019-12-10,67.1500015258789,67.51750183105469,66.46499633789062,67.12000274658203,90420400,-0.32628388283774257,-1.9577032970264554,0.4748377073556185,-0.9561207322403789,0.6860275930897272,6.0
2019-12-11,67.20249938964844,67.7750015258789,67.125,67.69249725341797,78756800,0.5910693742334843,3.5464162454009056,0.882492408156395,0.056270078755915165,0.36881746447214503,6.0
2019-12-12,66.94499969482422,68.13999938964844,66.83000183105469,67.86499786376953,137310400,0.06697594141587615,0.5358075313270092,0.9152340833097696,-0.9599679484963417,0.617784543511903,8.0
2019-12-13,67.86499786376953,68.82499694824219,67.73249816894531,68.7874984741211,133587600,0.6288208925786117,3.7729253554716706,0.8981236964464188,0.14235246181488037,0.2864111652758832,6.0
2019-12-16,69.25,70.19750213623047,69.24500274658203,69.96499633789062,128186000,-0.05229034802565972,-0.3137420881539583,0.20803392678499222,-0.5696720220148563,0.27661327965149163,6.0
2019-12-17,69.89250183105469,70.44249725341797,69.69999694824219,70.10250091552734,114158400,-0.19174232981167733,-1.9174232981167734,0.9268137104809284,-0.9671884728595614,0.7118477246158986,10.0
2019-12-18,69.94999694824219,70.4749984741211,69.77999877929688,69.93499755859375,116028400,0.022882207529619336,0.09152883011847734,0.9150959039106965,-0.5780056715011597,0.6544890068021324,4.0
2019-12-19,69.875,70.29499816894531,69.73750305175781,70.00499725341797,98369200,0.44472995977848767,2.2236497988924384,0.8859608918428421,-0.003491342067718506,0.41842722947823024,5.0
2019-12-20,70.55750274658203,70.6624984741211,69.63999938964844,69.86000061035156,275978000,0.23428088519722223,1.8742470815777779,0.6313973963260651,-0.06261225044727325,0.25710707816124473,8.0
2019-12-23,70.13249969482422,71.0625,70.09249877929688,71.0,98572000,-0.12706640114386877,-0.3811992034316063,0.6149060726165771,-0.9279713109135628,0.7731251057640612,3.0
2019-12-24,71.17250061035156,71.22250366210938,70.7300033569336,71.06749725341797,48478800,0.018692314624786377,0.018692314624786377,0.018692314624786377,0.018692314624786377,0.0,1.0
2019-12-26,71.20500183105469,72.49500274658203,71.17500305175781,72.47750091552734,93121200,0.025545340031385422,0.025545340031385422,0.025545340031385422,0.025545340031385422,0.0,1.0
2019-12-27,72.77999877929688,73.49250030517578,72.02999877929688,72.44999694824219,146266000,0.0506850391626358,0.253425195813179,0.7237787321209908,-0.6930835992097855,0.5177570298399597,5.0
2019-12-30,72.36499786376953,73.17250061035156,71.30500030517578,72.87999725341797,144114400,0.38139862567186356,1.5255945026874542,0.9311285093426704,-0.09350955486297607,0.4903154225541639,4.0
2019-12-31,72.48249816894531,73.41999816894531,72.37999725341797,73.4124984741211,100805600,-0.20913693588227034,-0.8365477435290813,0.034065136685967445,-0.6024186201393604,0.28041957861523337,4.0
2020-01-02,74.05999755859375,75.1500015258789,73.79750061035156,75.0875015258789,135480400,0.07682562275574757,0.9987330958247185,0.8813490942120552,-0.9251256939023733,0.45984330507354837,13.0
2020-01-03,74.2874984741211,75.1449966430664,74.125,74.35749816894531,146322800,0.4753203279649218,7.129804919473827,0.9378239093348384,-0.5792234167456627,0.5140709379078724,15.0
2020-01-06,73.44750213623047,74.98999786376953,73.1875,74.94999694824219,118387200,-0.1984576575923711,-2.3814918911084533,0.43023456260561943,-0.966531558893621,0.479786077835285,12.0
2020-01-07,74.95999908447266,75.2249984741211,74.37000274658203,74.59750366210938,108872000,0.7984707439318299,0.7984707439318299,0.7984707439318299,0.7984707439318299,0.0,1.0
2020-01-08,74.29000091552734,76.11000061035156,74.29000091552734,75.79750061035156,132079200,0.6555007565766573,1.3110015131533146,0.9244230762124062,0.38657843694090843,0.38031359165370854,2.0
2020-01-09,76.80999755859375,77.60749816894531,76.55000305175781,77.40750122070312,170108400,0.10050058288669045,1.1055064117535949,0.8675140105187893,-0.9560120226815343,0.6110904526496169,11.0
2020-01-10,77.6500015258789,78.1675033569336,77.0625,77.5824966430664,140644800,0.374041928909719,1.122125786729157,0.9121647933498025,0.06760847941040993,0.4675241497510286,3.0
2020-01-13,77.91000366210938,79.26750183105469,77.7874984741211,79.23999786376953,121532000,0.16399962827563286,0.8199981413781643,0.36307377740740776,-0.06813415884971619,0.16295466300622527,5.0
2020-01-14,79.17500305175781,79.39250183105469,78.0425033569336,78.16999816894531,161954400,0.09423606132622808,0.7538884906098247,0.8924011997878551,-0.9526325035840273,0.7096406616554762,8.0
2020-01-15,77.9625015258789,78.875,77.38749694824219,77.83499908447266,121923600,0.31729280727449805,2.5383424581959844,0.9292908869683743,-0.7995137181133032,0.7058325078892639,8.0
2020-01-16,78.39749908447266,78.92500305175781,78.02249908447266,78.80999755859375,108829200,0.14355623380591473,0.8613374028354883,0.9369762735441327,-0.9170937705785036,0.5977822232765381,6.0
2020-01-17,79.06749725341797,79.68499755859375,78.75,79.68250274658203,137816400,0.4635560032246368,3.244892022572458,0.8488757610321045,0.042143383994698524,0.30470354113658077,7.0
2020-01-21,79.29750061035156,79.75499725341797,79.0,79.14250183105469,110843200,0.2993760632816702,2.3950085062533617,0.9217562302947044,-0.8892578771337867,0.5988996446724206,8.0
2020-01-22,79.6449966430664,79.99749755859375,79.32749938964844,79.42500305175781,101832400,-0.10350132627146584,-0.7245092839002609,0.2563254004344344,-0.938588653691113,0.3970896067068643,7.0
2020-01-23,79.4800033569336,79.88999938964844,78.9124984741211,79.80750274658203,104472000,-0.04980162356514484,-0.3984129885211587,0.8900587912648916,-0.9629851393401623,0.7430184335187854,8.0
2020-01-24,80.0625,80.8324966430664,79.37999725341797,79.57749938964844,146537600,0.07896611467003822,0.7896611467003822,0.6484114527702332,-0.9561343165114522,0.5801495553711348,10.0
2020-01-27,77.51499938964844,77.94249725341797,76.22000122070312,77.23750305175781,161940000,0.10640000013841523,0.9576000012457371,0.9286808259785175,-0.766268290579319,0.6657515805583852,9.0
2020-01-28,78.1500015258789,79.5999984741211,78.04750061035156,79.42250061035156,162234000,0.15658709491956338,4.541025752667338,0.9315286241471767,-0.9670758787542582,0.6868720587627043,29.0
2020-01-29,81.11250305175781,81.9625015258789,80.34500122070312,81.08499908447266,216229200,0.31941057530608263,15.012297039385885,0.9310267083346844,-0.7584130810573697,0.46353611432394354,47.0
2020-01-30,80.13500213623047,81.02249908447266,79.6875,80.96749877929688,126743200,0.030430034480311653,0.3347303792834282,0.8675204580649734,-0.9449987066909671,0.5466427127281748,11.0
2020-01-31,80.23249816894531,80.66999816894531,77.07250213623047,77.37750244140625,199588400,0.04308575391769409,0.04308575391769409,0.04308575391769409,0.04308575391769409,0.0,1.0
2020-02-03,76.07499694824219,78.37249755859375,75.55500030517578,77.16500091552734,173788400,-0.2826587378180453,-1.978611164726317,0.4899175586178899,-0.8969284519553185,0.5528680392938591,7.0
2020-02-04,78.82749938964844,79.91000366210938,78.40750122070312,79.7125015258789,136616400,-0.4655551705509424,-1.8622206822037697,0.08161266334354877,-0.9361686762422323,0.540711917482002,4.0
2020-02-05,80.87999725341797,81.19000244140625,79.73750305175781,80.36250305175781,118826800,0.26123259756714107,1.3061629878357053,0.8611181601881981,-0.7525642290711403,0.6581066712896132,5.0
2020-02-06,80.64250183105469,81.30500030517578,80.06500244140625,81.30249786376953,105425600,-0.2190425070002675,-1.5332975490018725,0.7018027333542705,-0.9587417049333453,0.6916821756480519,7.0
2020-02-07,80.59249877929688,80.8499984741211,79.5,80.00749969482422,117684000,-0.4397184962872416,-1.7588739851489663,0.623863697052002,-0.9225908229127526,0.7190128750155845,4.0
2020-02-10,78.54499816894531,80.38749694824219,78.4625015258789,80.38749694824219,109348800,-0.22576446179300547,-1.8061156943440437,0.20272091031074524,-0.9527616053819656,0.47207842586813026,8.0
2020-02-11,80.9000015258789,80.9749984741211,79.67749786376953,79.90249633789062,94323200,-0.33703551321689573,-2.35924859251827,0.03246832452714443,-0.9535894012078643,0.45846169840965983,7.0
2020-02-12,80.36750030517578,81.80500030517578,80.36750030517578,81.80000305175781,113730400,-0.2565708530268499,-1.7959959711879492,0.32990952767431736,-0.880188113078475,0.5111888281278816,7.0
2020-02-13,81.04750061035156,81.55500030517578,80.8375015258789,81.21749877929688,94747600,-0.3114874720573425,-1.5574373602867126,0.49160585179924965,-0.9586540795862675,0.5808278878154234,5.0
2020-02-14,81.18499755859375,81.49500274658203,80.7125015258789,81.23750305175781,80113600,0.05469086393713951,0.16407259181141853,0.1787044294178486,-0.009379401803016663,0.1074187194092308,3.0
2020-02-18,78.83999633789062,79.9375,78.65249633789062,79.75,152531200,-0.283369213661277,-10.768030119128525,0.878092922270298,-0.9603771166875958,0.5487272670999164,38.0
2020-02-19,80.0,81.14250183105469,80.0,80.90499877929688,93984000,-0.2796548915406068,-0.8389646746218204,0.09625793620944023,-0.9438478741794825,0.5768744317251759,3.0
2020-02-20,80.65750122070312,81.1624984741211,79.55249786376953,80.07499694824219,100566000,-0.1914524903986603,-0.7658099615946412,0.14716260507702827,-0.8806373691186309,0.4666237685269779,4.0
2020-02-21,79.65499877929688,80.11250305175781,77.625,78.26249694824219,129554000,-0.38385830792997566,-2.6870081555098295,0.0801242757588625,-0.8948550783097744,0.43815373226797744,7.0
2020-02-24,74.31500244140625,76.04499816894531,72.30750274658203,74.54499816894531,222195200,0.25615898752585053,1.0246359501034021,0.6595460176467896,-0.007789045572280884,0.31342117693244703,4.0
2020-02-25,75.23750305175781,75.63249969482422,71.53250122070312,72.0199966430664,230673600,-0.37665781658142805,-3.0132625326514244,0.23921274207532406,-0.9458158519119024,0.43571372035804157,8.0
2020-02-26,71.63249969482422,74.47000122070312,71.625,73.1624984741211,198054800,-0.20570016825305565,-1.4399011777713895,0.26001778431236744,-0.8834867030382156,0.4350524434282656,7.0
2020-02-27,70.2750015258789,71.5,68.23999786376953,68.37999725341797,320605600,-0.066506870649755,-0.332534353248775,0.7697793841362,-0.9376913104206324,0.6170001961948225,5.0
2020-02-28,64.31500244140625,69.60250091552734,64.09249877929688,68.33999633789062,426510000,-0.29474326302962645,-2.063202841207385,0.5549388183280826,-0.9425122980028391,0.6290336134486484,7.0
2020-03-02,70.56999969482422,75.36000061035156,69.43000030517578,74.70249938964844,341397200,-0.20770042738877237,-1.661603419110179,0.6279329368844628,-0.9254005244001746,0.5823292475626216,8.0
2020-03-03,75.9175033569336,76.0,71.44999694824219,72.33000183105469,319475600,-0.6487705202307552,-2.595082080923021,-0.09154322370886803,-0.8976214649155736,0.3817457430611233,4.0
2020-03-04,74.11000061035156,75.8499984741211,73.28250122070312,75.68499755859375,219178400,0.013649722561240196,0.027299445122480392,0.8547265976667404,-0.82742715254426,1.18946232377258,2.0
2020-03-05,73.87999725341797,74.88749694824219,72.85250091552734,73.2300033569336,187572800,0.013925986364483833,0.06962993182241917,0.07544783130288124,-0.06930565647780895,0.057732240227841077,5.0
2020-03-06,70.5,72.70500183105469,70.30750274658203,72.25749969482422,226176800,-0.04010085637370745,-0.24060513824224472,0.773894764482975,-0.7870202288031578,0.6469897023527885,6.0
2020-03-09,65.9375,69.52249908447266,65.75,66.5425033569336,286744800,-0.33242115918546916,-1.6621057959273458,0.9023108594119549,-0.9691386902704835,0.7462850885214272,5.0
2020-03-10,69.28500366210938,71.61000061035156,67.34249877929688,71.33499908447266,285290000,-0.2302152767467002,-1.3812916604802012,0.10061223991215229,-0.9147680168971419,0.3654301468447055,6.0
2020-03-11,69.34750366210938,70.30500030517578,67.96499633789062,68.85749816894531,255598800,-0.4406757727265358,-3.5254061818122864,0.1298077553510666,-0.9455112442374229,0.47304807965960455,8.0
2020-03-12,63.98500061035156,67.5,62.0,62.057498931884766,418474000,-0.11197573505342007,-0.44790294021368027,0.17551572248339653,-0.9335373714566231,0.5480303176518673,4.0
2020-03-13,66.22250366210938,69.9800033569336,63.23749923706055,69.49250030517578,370732000,0.1975452011037204,1.7779068099334836,0.8981546023860574,-0.4053525850176811,0.3997543479461921,9.0
2020-03-16,60.48749923706055,64.7699966430664,60.0,60.5525016784668,322423600,-0.2554029083943793,-1.787820358760655,0.889587520621717,-0.9440778344869614,0.6384757668116666,7.0
2020-03-17,61.87749862670898,64.40249633789062,59.59999847412109,63.21500015258789,324056000,-0.31211864521416527,-3.745423742569983,0.896760044619441,-0.9374475469812751,0.5892984774394143,12.0
2020-03-18,59.942501068115234,62.5,59.27999877929688,61.66749954223633,300233600,-0.022747292183339596,-0.04549458436667919,0.18434119783341885,-0.22983578220009804,0.29286735119306506,2.0
2020-03-19,61.84749984741211,63.209999084472656,60.65250015258789,61.19499969482422,271857200,0.006031370721757412,0.012062741443514824,0.1855578701943159,-0.1734951287508011,0.25388881035945854,2.0
2020-03-20,61.79499816894531,62.95750045776367,57.0,57.310001373291016,401693200,-0.8623625347390771,-0.8623625347390771,-0.8623625347390771,-0.8623625347390771,0.0,1.0
2020-03-23,57.02000045776367,57.125,53.15250015258789,56.09249877929688,336752800,0.09428409114480019,0.5657045468688011,0.8911782987415791,-0.6872373782098293,0.667149203022519,6.0
2020-03-24,59.09000015258789,61.92250061035156,58.57500076293945,61.720001220703125,287531200,-0.2679663822054863,-1.6077982932329178,0.5655791070312262,-0.9660068699158728,0.6493475493808545,6.0
2020-03-25,62.6875,64.5625,61.07500076293945,61.380001068115234,303602000,0.4782499508518312,4.3042495576664805,0.9295540126040578,-0.2196924090385437,0.44867403500070363,9.0
2020-03-26,61.630001068115234,64.66999816894531,61.59000015258789,64.61000061035156,252087200,-0.11478024069219828,-0.34434072207659483,0.12329955212771893,-0.5744875371456146,0.39820317460343063,3.0
2020-03-27,63.1875,63.96749877929688,61.76250076293945,61.935001373291016,204216800,0.007770030386745929,0.0777003038674593,0.9203451778739691,-0.9217852093279362,0.7415480806819983,10.0
2020-03-30,62.685001373291016,63.880001068115234,62.34999847412109,63.70249938964844,167976400,-0.6448730109259486,-1.2897460218518972,-0.352818563580513,-0.9369274582713842,0.41302736038729404,2.0
2020-03-31,63.900001525878906,65.62249755859375,63.0,63.5724983215332,197002000,0.24617948452942073,0.9847179381176829,0.8594380505383015,-0.03382277116179466,0.4128145796356072,4.0
2020-04-01,61.625,62.18000030517578,59.782501220703125,60.227500915527344,176218400,-0.37666636761277916,-1.8833318380638957,0.25198637694120407,-0.959449639543891,0.5573521855587439,5.0
2020-04-02,60.084999084472656,61.28749847412109,59.22499847412109,61.23249816894531,165934000,0.15114698621133962,0.4534409586340189,0.7003943137824535,-0.2222575694322586,0.48581080137156063,3.0
2020-04-03,60.70000076293945,61.42499923706055,59.74250030517578,60.352500915527344,129880000,-0.4819851100910455,-1.927940440364182,0.1002714978531003,-0.848373482003808,0.40902515717520765,4.0
2020-04-06,62.72499847412109,65.77749633789062,62.345001220703125,65.61750030517578,201820400,-0.059752196073532104,-0.11950439214706421,0.03272716701030731,-0.15223155915737152,0.13078556951279144,2.0
2020-04-07,67.69999694824219,67.92500305175781,64.75,64.85749816894531,202887200,0.47394484654068947,0.9478896930813789,0.9106537327170372,0.037235960364341736,0.6175996296394392,2.0
2020-04-08,65.68499755859375,66.84249877929688,65.30750274658203,66.51750183105469,168895200,-0.052908796684018204,-0.3703615767881274,0.4787881001830101,-0.916830038651824,0.5316590670655282,7.0
2020-04-09,67.17500305175781,67.51750183105469,66.17500305175781,66.99749755859375,161834800,0.5929341074079275,2.37173642963171,0.8794079720973969,0.19917993992567062,0.34085009248143805,4.0
2020-04-13,67.07749938964844,68.42500305175781,66.4574966430664,68.3125,131022800,-0.13040814377988377,-0.7824488626793027,0.7430372964590788,-0.8707720600068569,0.6627428512110779,6.0
2020-04-14,70.0,72.0625,69.51249694824219,71.76249694824219,194994800,0.42210963399459916,1.2663289019837976,0.7956167412921786,-0.0008765216916799545,0.4005452679370423,3.0
2020-04-15,70.5999984741211,71.5824966430664,70.15750122070312,71.10749816894531,131154400,0.14493490140885115,0.7246745070442557,0.4394969651475549,-0.10392633825540543,0.21962180268169315,5.0
2020-04-16,71.84500122070312,72.05000305175781,70.5875015258789,71.67250061035156,157125200,0.2766101658344269,1.6596609950065613,0.8965788669884205,-0.8063462283462286,0.5968123191107695,6.0
2020-04-17,71.17250061035156,71.73750305175781,69.21499633789062,70.69999694824219,215250000,-0.2758761704381969,-2.4828855339437723,0.922724892385304,-0.9637265615165234,0.7029536120201774,9.0
2020-04-20,69.48750305175781,70.41999816894531,69.2125015258789,69.23249816894531,130015200,0.5043345978483558,0.5043345978483558,0.5043345978483558,0.5043345978483558,0.0,1.0
2020-04-21,69.06999969482422,69.3125,66.35749816894531,67.09249877929688,180991600,0.0443290650844574,0.221645325422287,0.9303691573441029,-0.9632627591490746,0.7293499066275659,5.0
2020-04-22,68.40249633789062,69.4749984741211,68.05000305175781,69.0250015258789,116862400,0.005841321311891079,0.017523963935673237,0.763729284517467,-0.9590318826958537,0.8798344601383828,3.0
2020-04-23,68.96749877929688,70.4375,68.71749877929688,68.75749969482422,124814400,-0.24467864508430162,-1.4680718705058098,0.912499338388443,-0.9198370315134525,0.7744920958918613,6.0
2020-04-24,69.30000305175781,70.75250244140625,69.25,70.74250030517578,126161200,-0.08535401259238522,-0.5121240755543113,0.8750461600720882,-0.9355734316632152,0.7205321428659419,6.0
2020-04-27,70.44999694824219,71.13500213623047,69.98750305175781,70.7925033569336,117087600,-0.13068650345667265,-2.0909840553067625,0.9291987977921963,-0.9642959795892239,0.7876609362091271,16.0
2020-04-28,71.2699966430664,71.4574966430664,69.55000305175781,69.6449966430664,112004800,0.0,0.0,0.0,0.0,0.0,0.0
2020-04-29,71.18250274658203,72.4175033569336,70.97250366210938,71.93250274658203,137280800,0.13088868092745543,0.3926660427823663,0.9334702249616385,-0.962577685713768,0.9809229862285268,3.0
2020-04-30,72.48999786376953,73.63249969482422,72.0875015258789,73.44999694824219,183064000,0.20065240385575275,6.621529327239841,0.9412736557424068,-0.9495600983500481,0.6490597158929893,33.0
2020-05-01,71.5625,74.75,71.4625015258789,72.26750183105469,240616800,0.42114029803241676,10.949647748842835,0.9358589462935925,-0.9519193526357412,0.5248372664238521,26.0
2020-05-04,72.2925033569336,73.42250061035156,71.58000183105469,73.29000091552734,133568000,0.035837987810373305,0.17918993905186653,0.7921708840876818,-0.9208026900887489,0.6245253192985799,5.0
2020-05-05,73.76499938964844,75.25,73.61499786376953,74.38999938964844,147751200,0.10757311868170898,0.6454387120902538,0.5526958368718624,-0.05694960616528988,0.22228600936806367,6.0
2020-05-06,75.11499786376953,75.80999755859375,74.71749877929688,75.15750122070312,142333600,0.25486883823759854,1.0194753529503942,0.7695943471044302,0.0009561777114868164,0.35671440077467986,4.0
2020-05-07,75.80500030517578,76.2925033569336,75.49250030517578,75.93499755859375,115215200,0.0,0.0,0.0,0.0,0.0,0.0
2020-05-08,76.41000366210938,77.5875015258789,76.07250213623047,77.53250122070312,133838400,-0.4239439144730568,-2.119719572365284,0.038406431674957275,-0.9415434440597892,0.48641324442917466,5.0
2020-05-11,77.0250015258789,79.26249694824219,76.80999755859375,78.75250244140625,145946400,0.14076424948871136,0.14076424948871136,0.14076424948871136,0.14076424948871136,0.0,1.0
2020-05-12,79.4574966430664,79.92250061035156,77.72750091552734,77.85250091552734,162301200,0.12530995858833194,0.7518597515299916,0.6149061918258667,-0.5833893641829491,0.4446364461091769,6.0
2020-05-13,78.0374984741211,78.98750305175781,75.80249786376953,76.9124984741211,200622400,0.37055876944214106,1.1116763083264232,0.882350048981607,-0.6367742270231247,0.8724137988346197,3.0
2020-05-14,76.12750244140625,77.44750213623047,75.38249969482422,77.38500213623047,158929200,-0.23887875971073905,-0.7166362791322172,0.23287943750619888,-0.9694880465976894,0.641618895197993,3.0
2020-05-15,75.0875015258789,76.9749984741211,75.05249786376953,76.92749786376953,166348400,-0.03877990998859916,-0.27145936992019415,0.6538138184696436,-0.9110178668051958,0.5039892918978696,7.0
2020-05-18,78.2925033569336,79.125,77.58000183105469,78.73999786376953,135178400,0.8009107611142099,1.6018215222284198,0.8032567882910371,0.7985647339373827,0.003317783451164879,2.0
2020-05-19,78.75749969482422,79.62999725341797,78.25250244140625,78.28500366210938,101729600,0.16644020238891244,0.6657608095556498,0.7635325053706765,-0.6660133302211761,0.6096516185614536,4.0
2020-05-20,79.16999816894531,79.87999725341797,79.12999725341797,79.80750274658203,111504800,0.36226901582752663,2.17361409496516,0.8937125522643328,0.09133593365550041,0.3143825294513093,6.0
2020-05-21,79.66500091552734,80.22250366210938,78.96749877929688,79.2125015258789,102688800,0.07761790308480461,0.4657074185088277,0.9145502615720034,-0.9531522979959846,0.626793633475394,6.0
2020-05-22,78.94249725341797,79.80750274658203,78.8375015258789,79.72250366210938,81803200,-0.17315659299492836,-0.17315659299492836,-0.17315659299492836,-0.17315659299492836,0.0,1.0
2020-05-26,80.875,81.05999755859375,79.125,79.18250274658203,125522000,0.5641332613304257,1.6923997839912772,0.8607271099463105,0.093363918364048,0.4122673817718399,3.0
2020-05-27,79.03500366210938,79.67749786376953,78.27249908447266,79.52749633789062,112945200,0.3935261135920882,3.148208908736706,0.9272521454840899,-0.058780524879693985,0.31691232241075373,8.0
2020-05-28,79.19249725341797,80.86000061035156,78.90750122070312,79.5625,133560800,-0.7298237221936384,-2.1894711665809155,-0.6251311749219894,-0.8334774263203144,0.10417701048812736,3.0
2020-05-29,79.8125,80.2874984741211,79.11750030517578,79.48500061035156,153532400,0.0,0.0,0.0,0.0,0.0,0.0
2020-06-01,79.4375,80.5875015258789,79.30249786376953,80.4625015258789,80791200,0.09056101110763848,0.5433660666458309,0.7924589067697525,-0.9530619266442955,0.6566549789326211,6.0
2020-06-02,80.1875,80.86000061035156,79.73249816894531,80.83499908447266,87642800,-0.09555418337030071,-0.6688792835921049,0.8353470526635647,-0.9590732958167791,0.80569743085189,7.0
2020-06-03,81.16500091552734,81.55000305175781,80.57499694824219,81.27999877929688,104491200,0.43205449885378283,2.592326993122697,0.9208154678344727,0.020993120968341827,0.33663752715101103,6.0
2020-06-04,81.09750366210938,81.40499877929688,80.19499969482422,80.58000183105469,87560400,0.3222301406785846,0.9666904220357537,0.911396374925971,-0.007294353097677231,0.5114279406576369,3.0
2020-06-05,80.8375015258789,82.9375,80.80750274658203,82.875,137250400,0.5207458212971687,3.645220749080181,0.9203168693929911,0.02816232666373253,0.34360053256492734,7.0
2020-06-08,82.5625,83.4000015258789,81.83000183105469,83.36499786376953,95654400,0.6191030913032591,1.2382061826065183,0.7230192897841334,0.5151868928223848,0.14695969724190686,2.0
2020-06-09,83.03500366210938,86.40249633789062,83.00250244140625,85.99749755859375,147712400,0.2973591734522155,2.0815142141655087,0.9155593384057283,-0.27726832777261734,0.4245950208177133,7.0
2020-06-10,86.9749984741211,88.69249725341797,86.52249908447266,88.20999908447266,166651600,0.48953864940752584,2.937231896445155,0.9332014005631208,0.04116443730890751,0.35562663233339364,6.0
2020-06-11,87.32749938964844,87.76499938964844,83.87000274658203,83.9749984741211,201662400,0.16396684396184152,2.9514031913131475,0.8971208408474922,-0.9656019853428006,0.6272161945726974,18.0
2020-06-12,86.18000030517578,86.94999694824219,83.55500030517578,84.69999694824219,200146000,0.10091327130794525,0.10091327130794525,0.10091327130794525,0.10091327130794525,0.0,1.0
2020-06-15,83.3125,86.41999816894531,83.1449966430664,85.74749755859375,138808800,0.1978808999992907,0.7915235999971628,0.835565559566021,-0.7108364254236221,0.700610962829288,4.0
2020-06-16,87.86499786376953,88.30000305175781,86.18000030517578,88.0199966430664,165428800,0.10998014121183328,0.7698609884828329,0.8260120172053576,-0.94734738022089,0.6820904914347041,7.0
2020-06-17,88.7874984741211,88.8499984741211,87.77249908447266,87.89749908447266,114406400,0.15796284020567933,1.895554082468152,0.8806059956550598,-0.8924861270934343,0.7437723294919804,12.0
2020-06-18,87.85250091552734,88.36250305175781,87.30500030517578,87.93250274658203,96820400,0.025063112378120422,0.07518933713436127,0.060599442571401596,-0.024255186319351196,0.04407418749035219,3.0
2020-06-19,88.66000366210938,89.13999938964844,86.2874984741211,87.43000030517578,264476000,-0.4158062746819968,-5.405481570865959,0.8794943951070309,-0.9552494557574391,0.6960277376171675,13.0
2020-06-22,87.83499908447266,89.86499786376953,87.7874984741211,89.71749877929688,135445200,0.12584446111900938,7.9282010504975915,0.9063584730029106,-0.9657509280368686,0.3094743959847635,63.0
2020-06-23,91.0,93.09500122070312,90.56749725341795,91.63249969482422,212155600,0.31575353418222885,3.473288876004517,0.8895718064159155,-0.8275625519454479,0.47543091071811927,11.0
2020-06-24,91.25,92.19750213623048,89.62999725341797,90.01499938964844,192623200,-0.09348344204149076,-0.6543840942904353,0.9069237634539604,-0.9338060719892383,0.7076756626131327,7.0
2020-06-25,90.1750030517578,91.25,89.39250183105469,91.20999908447266,137522400,0.05978896412998438,0.2989448206499219,0.8319551777094603,-0.9623243678361177,0.925340118958279,5.0
2020-06-26,91.10250091552734,91.33000183105467,88.25499725341797,88.40750122070312,205256800,0.12139023840427399,0.12139023840427399,0.12139023840427399,0.12139023840427399,0.0,1.0
2020-06-29,88.3125,90.5425033569336,87.81999969482422,90.44499969482422,130646000,-0.4526070772359769,-1.3578212317079306,0.08004248701035976,-0.937080841511488,0.5102701707262167,3.0
2020-06-30,90.0199966430664,91.49500274658205,90.0,91.1999969482422,140223200,0.42311111674644053,1.6924444669857621,0.8173159705474973,-0.15139427781105042,0.4094240721656242,4.0
2020-07-01,91.27999877929688,91.83999633789062,90.97750091552734,91.02749633789062,110737200,-0.06652098715615769,-0.39912592293694615,0.6761363707482815,-0.9479124746285379,0.7152201618112096,6.0
2020-07-02,91.9625015258789,92.61750030517578,90.91000366210938,91.02749633789062,114041600,-0.12387846355947356,-0.7432707813568413,0.7177258767187595,-0.943633587565273,0.646051365943796,6.0
2020-07-06,92.5,93.94499969482422,92.46749877929688,93.4625015258789,118655600,0.7684866841882467,1.5369733683764935,0.9161928705871105,0.6207804977893829,0.20888809205168157,2.0
2020-07-07,93.85250091552734,94.65499877929688,93.05750274658205,93.17250061035156,112424400,0.5596168402582407,2.7980842012912035,0.8812484387308359,0.18817302584648132,0.31388967974834137,5.0
2020-07-08,94.18000030517578,95.375,94.08999633789062,95.34249877929688,117092000,0.41297754030674694,2.064887701533735,0.8576657949015498,0.01060853898525238,0.3113548064865025,5.0
2020-07-09,96.2624969482422,96.31749725341795,94.67250061035156,95.75250244140624,125642800,-0.2497695218771696,-0.4995390437543392,0.4436929263174534,-0.9432319700717926,0.9807039992332857,2.0
2020-07-10,95.33499908447266,95.9800033569336,94.70500183105467,95.91999816894533,90257200,0.5746507663279772,1.1493015326559544,0.8942738808691502,0.2550276517868042,0.452015343432056,2.0
2020-07-13,97.26499938964844,99.95500183105467,95.25749969482422,95.47750091552734,191649200,0.5935779416726695,5.342201475054026,0.9371889717876911,0.04138705786317587,0.33148894789958694,9.0
2020-07-14,94.83999633789062,97.25499725341795,93.87750244140624,97.05750274658205,170989200,0.018202402163296938,0.07280960865318775,0.912909971550107,-0.883861355483532,0.7335483868220175,4.0
2020-07-15,98.98999786376952,99.24749755859376,96.48999786376952,97.7249984741211,153198000,0.12497466870329597,1.3747213557362556,0.8952712938189507,-0.9302037889137864,0.6129365637694739,11.0
2020-07-16,96.5625,97.40499877929688,95.90499877929688,96.52249908447266,110577600,0.39843097732712823,2.3905858639627695,0.9321384876966476,-0.9539554743096232,0.7372968128806148,6.0
2020-07-17,96.9875030517578,97.14749908447266,95.83999633789062,96.32749938964844,92186800,0.32747896830551326,1.309915873222053,0.8012617519125342,0.017320582643151283,0.34148364594951225,4.0
2020-07-20,96.4175033569336,98.5,96.0625,98.35749816894533,90318000,0.6913324287161231,0.6913324287161231,0.6913324287161231,0.6913324287161231,0.0,1.0
2020-07-21,99.17250061035156,99.25,96.74250030517578,97.0,103433200,0.4529421729966998,1.3588265189900994,0.63989541772753,0.18609050288796425,0.2372183466061129,3.0
2020-07-22,96.69249725341795,97.9749984741211,96.60250091552734,97.27249908447266,89001600,0.13886310514062644,0.6943155257031322,0.688523069024086,-0.6363957822322845,0.4997044334040224,5.0
2020-07-23,96.99749755859376,97.07749938964844,92.01000213623048,92.84500122070312,197004400,-0.7406281433733446,-5.184397003613412,-0.2081264778971672,-0.9485036469995975,0.27888033784246785,7.0
2020-07-24,90.9875030517578,92.97000122070312,89.1449966430664,92.61499786376952,185438800,-0.35700552607886493,-2.8560442086309195,0.24391035363078117,-0.9584665969014168,0.4410097860979175,8.0
2020-07-27,93.70999908447266,94.90499877929688,93.4800033569336,94.80999755859376,121214000,-0.11671550121779244,-0.7002930073067546,0.10740556009113789,-0.8561131097376347,0.3684941489142612,6.0
2020-07-28,94.36750030517578,94.5500030517578,93.24749755859376,93.25250244140624,103625600,-0.4591446377336979,-2.2957231886684895,0.04228817392140627,-0.9522476112470031,0.4114476919945473,5.0
2020-07-29,93.75,95.2300033569336,93.7125015258789,95.04000091552734,90329200,0.09778259653184149,0.8800433687865734,0.9316126815974712,-0.9232773892581463,0.5496923620198066,9.0
2020-07-30,94.1875,96.29750061035156,93.76750183105467,96.19000244140624,158130000,0.27399819937569125,7.397951383143663,0.9372397400438786,-0.9623816478997469,0.7039958464450525,27.0
2020-07-31,102.88500213623048,106.41500091552734,100.8249969482422,106.26000213623048,374336800,0.1796382900017003,4.311318960040808,0.923150297254324,-0.967559605371207,0.630262954083219,24.0
2020-08-03,108.1999969482422,111.6374969482422,107.89250183105467,108.9375,308151200,0.010832288435527257,0.0758260190486908,0.9116320367902517,-0.9637891994789243,0.6407616623014034,7.0
2020-08-04,109.13249969482422,110.79000091552734,108.3874969482422,109.66500091552734,173071600,0.21644549382229647,2.5973459258675575,0.9188461676239967,-0.9107048511505127,0.5035273467163074,12.0
2020-08-05,109.37750244140624,110.39250183105467,108.89749908447266,110.0625,121776800,0.07816277506450812,0.4689766503870487,0.9197061825543642,-0.8677650783210993,0.663297591805537,6.0
2020-08-06,110.40499877929688,114.4124984741211,109.79750061035156,113.90249633789062,202428800,0.30756348790600896,1.2302539516240358,0.8531965538859367,-0.9229229930788279,0.825902038544331,4.0
2020-08-07,113.20500183105467,113.6750030517578,110.2925033569336,111.1125030517578,198045600,-0.7337738648056984,-1.4675477296113968,-0.5347791872918606,-0.9327685423195362,0.2814209717801298,2.0
2020-08-10,112.5999984741211,113.7750015258789,110.0,112.72750091552734,212403600,0.24605930792167782,2.4605930792167783,0.9176586456596851,-0.9538871217519045,0.7113758819299643,10.0
2020-08-11,111.97000122070312,112.48249816894533,109.10749816894533,109.375,187902400,0.20264398008584977,1.0132199004292488,0.5963966101408005,0.058347828686237335,0.22485354061759097,5.0
2020-08-12,110.49749755859376,113.2750015258789,110.29750061035156,113.01000213623048,165598000,0.5865032635629177,1.7595097906887531,0.8952399156987667,0.015950456261634827,0.4946698522231962,3.0
2020-08-13,114.43000030517578,116.0425033569336,113.92749786376952,115.01000213623048,210082000,0.03167725847257922,0.38012710167095065,0.9303629789501429,-0.9596294951625168,0.685468224863296,12.0
2020-08-14,114.83000183105467,115.0,113.04499816894533,114.90750122070312,165565200,-0.3344437472211818,-2.0066624833270907,0.4876917377114296,-0.9657346541061997,0.6696228372825354,6.0
2020-08-17,116.0625,116.0875015258789,113.9625015258789,114.60749816894533,119561600,0.01692077275365591,0.1692077275365591,0.7664599716663361,-0.932644683867693,0.49779187458760765,10.0
2020-08-18,114.35250091552734,116.0,114.00749969482422,115.5625,105633600,-0.4520429143948214,-3.16430040076375,0.4109481545165181,-0.944342671893537,0.5186452475395388,7.0
2020-08-19,115.98249816894533,117.1624984741211,115.61000061035156,115.7074966430664,145538000,-0.16766626372312507,-1.0059975823387504,0.25038471445441246,-0.8693700190633535,0.43296797402696807,6.0
2020-08-20,115.75,118.39250183105467,115.73249816894533,118.2750015258789,126907200,0.1900726050759355,1.1404356304556131,0.9293803246691823,-0.9516152748838067,0.6808738122153764,6.0
2020-08-21,119.2624969482422,124.86750030517578,119.25,124.37000274658205,338054800,0.30694366867343587,1.841662012040615,0.9202016592025757,0.03915932774543762,0.31988639172836125,6.0
2020-08-24,128.69749450683594,128.78500366210938,123.9375,125.85749816894533,345937600,0.35629359100546154,2.494055137038231,0.8371157832443714,-0.7848354205489159,0.5574715516623477,7.0
2020-08-25,124.69750213623048,125.18000030517578,123.05249786376952,124.8249969482422,211495600,0.08761417807545513,0.700913424603641,0.673365443944931,-0.6356778871268034,0.40840010280335143,8.0
2020-08-26,126.18000030517578,126.99250030517578,125.0824966430664,126.52249908447266,163022400,0.20700105643746528,2.277011620812118,0.9147379118949175,-0.9548570038750768,0.6683054279039689,11.0
2020-08-27,127.14250183105467,127.48500061035156,123.8324966430664,125.01000213623048,155552400,-0.962397278053686,-1.924794556107372,-0.9577786838635802,-0.9670158722437918,0.006531678542745198,2.0
2020-08-28,126.0124969482422,126.44249725341795,124.57749938964844,124.80750274658205,187630000,-0.09831886040046811,-0.39327544160187244,0.926624957472086,-0.9466208089143038,0.8009590421392958,4.0
2020-08-31,127.58000183105467,131.0,126.0,129.0399932861328,225702700,0.3958744937554002,4.354619431309402,0.9222142826765776,-0.6025889664888382,0.49108622415412295,11.0
2020-09-01,132.75999450683594,134.8000030517578,130.52999877929688,134.17999267578125,151948100,0.29965450735762716,2.9965450735762715,0.9314822144806385,-0.4137302041053772,0.5104598749839416,10.0
2020-09-02,137.58999633789062,137.97999572753906,127.0,131.39999389648438,200119000,0.7172334920614958,2.1517004761844873,0.9208911340683699,0.5197625793516636,0.20063582946927638,3.0
2020-09-03,126.91000366210938,128.83999633789062,120.5,120.87999725341795,257599600,0.1526739379391074,0.7633696896955371,0.9176735877990723,-0.9599802074953914,0.7634133871503962,5.0
2020-09-04,120.06999969482422,123.6999969482422,110.88999938964844,120.95999908447266,332607200,-0.14161434124356934,-1.9826007774099708,0.9187676906585693,-0.9656719919294119,0.7226901448537872,14.0
2020-09-08,113.9499969482422,118.98999786376952,112.68000030517578,112.81999969482422,231366600,-0.18872017335767546,-2.2646420802921057,0.1466847788542509,-0.9211665373295546,0.4224676265513613,12.0
2020-09-09,117.26000213623048,119.13999938964844,115.26000213623048,117.31999969482422,176940500,-0.1578585560588787,-0.9471513363532722,0.8742323364131153,-0.9636361701413989,0.6645055512367917,6.0
2020-09-10,120.36000061035156,120.5,112.5,113.48999786376952,182274400,0.3292326917871833,0.6584653835743666,0.7117284256964922,-0.053263042122125626,0.5409306544443951,2.0
2020-09-11,114.56999969482422,115.2300033569336,110.0,112.0,180860300,-0.7802846903602282,-2.3408540710806847,-0.6679655835032463,-0.8442704025655985,0.09758552702662172,3.0
2020-09-14,114.72000122070312,115.93000030517578,112.8000030517578,115.36000061035156,140150100,-0.17049872309767775,-1.1934910616837442,0.9343809392303228,-0.9676142944954336,0.763458812552725,7.0
2020-09-15,118.33000183105467,118.83000183105467,113.61000061035156,115.54000091552734,184642000,0.05006743886473554,2.7036416986957192,0.9189309347420931,-0.9649595506489277,0.4292785927710722,54.0
2020-09-16,115.2300033569336,116.0,112.04000091552734,112.12999725341795,154679000,0.09468483387564237,1.2309028403833508,0.9141575526446104,-0.9674045564606786,0.6673490734733266,13.0
2020-09-17,109.72000122070312,112.1999969482422,108.70999908447266,110.33999633789062,178011000,0.04482373027130961,0.22411865135654807,0.9088095789775252,-0.9595349063165486,0.6682073358143489,5.0
2020-09-18,110.4000015258789,110.87999725341795,106.08999633789062,106.83999633789062,287104900,-0.13619176939957672,-1.2257259245961905,0.31402287259697914,-0.913697924464941,0.4555272231081267,9.0
2020-09-21,104.54000091552734,110.19000244140624,103.0999984741211,110.08000183105467,195713800,0.15304876863956451,0.45914630591869354,0.9166664704680443,-0.8699411638081074,0.9211119232893136,3.0
2020-09-22,112.68000030517578,112.86000061035156,109.16000366210938,111.80999755859376,183055400,0.10685701008575658,1.282284121029079,0.9128545466810465,-0.9586988678202033,0.6555957214851367,12.0
2020-09-23,111.62000274658205,112.11000061035156,106.7699966430664,107.12000274658205,150718700,0.22759735553214946,1.3655841331928968,0.8236079439520836,0.008249858394265175,0.32266997983477486,6.0
2020-09-24,105.16999816894533,110.25,105.0,108.22000122070312,167743300,0.2089818979923924,0.6269456939771771,0.37639711145311594,0.1148265153169632,0.14536177728609764,3.0
2020-09-25,108.43000030517578,112.44000244140624,107.66999816894533,112.27999877929688,149981400,0.13169466762337834,1.0535573409870267,0.882141581736505,-0.7851619329303503,0.5635271735264098,8.0
2020-09-28,115.01000213623048,115.31999969482422,112.77999877929688,114.95999908447266,137672400,-0.2383536845445633,-0.9534147381782532,0.03607633709907532,-0.9125384725630283,0.4511284777187968,4.0
2020-09-29,114.5500030517578,115.30999755859376,113.56999969482422,114.08999633789062,99382200,0.08246322845419247,0.24738968536257744,0.11203917488455772,0.06612677872180939,0.02566028516917139,3.0
2020-09-30,113.79000091552734,117.26000213623048,113.62000274658205,115.80999755859376,142675200,-0.023362914565950632,-0.09345165826380253,0.7691954476758838,-0.953928311355412,0.708045021341833,4.0
2020-10-01,117.63999938964844,117.72000122070312,115.83000183105467,116.79000091552734,116120400,0.1648306157439947,0.1648306157439947,0.1648306157439947,0.1648306157439947,0.0,1.0
2020-10-02,112.88999938964844,115.37000274658205,112.22000122070312,113.0199966430664,144712000,-0.20442888904362916,-1.0221444452181458,0.6403273697942495,-0.8941869996488094,0.6608670406506177,5.0
2020-10-05,113.91000366210938,116.6500015258789,113.5500030517578,116.5,106243800,-0.9444612404331565,-0.9444612404331565,-0.9444612404331565,-0.9444612404331565,0.0,1.0
2020-10-06,115.6999969482422,116.12000274658205,112.25,113.16000366210938,161498200,-0.47051436169486904,-4.234629255253822,0.02089214324951172,-0.9662531102076173,0.4640353568113245,9.0
2020-10-07,114.62000274658205,115.5500030517578,114.12999725341795,115.08000183105467,96849000,-0.08809573482722044,-0.35238293930888176,0.7561082579195499,-0.9336400888860226,0.9170062793518599,4.0
2020-10-08,116.25,116.4000015258789,114.58999633789062,114.97000122070312,83477200,-0.06345831537619233,-0.31729157688096166,0.76821982068941,-0.9222063533961773,0.6251037993521187,5.0
2020-10-09,115.27999877929688,117.0,114.91999816894533,116.97000122070312,100506900,0.3599214689540012,2.519450282678008,0.926530858501792,0.015379160642623901,0.3753932087549546,7.0
2020-10-12,120.05999755859376,125.18000030517578,119.27999877929688,124.4000015258789,240226800,0.4179542335914448,3.3436338687315583,0.9190364442765713,-0.683804215863347,0.6542368420759959,8.0
2020-10-13,125.2699966430664,125.38999938964844,119.6500015258789,121.0999984741211,262330500,0.007905505779806686,0.5454798988066614,0.9210320468991995,-0.9653409197926521,0.4549275064233721,69.0
2020-10-14,121.0,123.02999877929688,119.62000274658205,121.19000244140624,150712000,0.08559868382290006,0.8559868382290006,0.9237231258302927,-0.8207531962543726,0.507457612662555,10.0
2020-10-15,118.72000122070312,121.1999969482422,118.1500015258789,120.70999908447266,112559200,-0.44996353331953287,-1.3498905999585986,0.522244461812079,-0.9452251335605979,0.8420066217287896,3.0
2020-10-16,121.27999877929688,121.5500030517578,118.80999755859376,119.0199966430664,115393800,0.3602279757615179,0.7204559515230358,0.710853676777333,0.009602274745702744,0.4958596216931397,2.0
2020-10-19,119.95999908447266,120.41999816894533,115.66000366210938,115.9800033569336,120639300,0.7520902614342049,3.0083610457368195,0.9220032542943954,0.5711177513003349,0.14797937121359686,4.0
2020-10-20,116.1999969482422,118.9800033569336,115.62999725341795,117.51000213623048,124423700,-0.6308089558035135,-3.1540447790175676,0.026215452700853348,-0.9384797792881727,0.3812959536529483,5.0
2020-10-21,116.66999816894533,118.70999908447266,116.4499969482422,116.87000274658205,89946000,-0.25274676783010364,-1.7692273748107255,0.3837007023394108,-0.9665388725697994,0.5407926433824201,7.0
2020-10-22,117.4499969482422,118.04000091552734,114.58999633789062,115.75,101988000,0.18730292872836193,0.5619087861850858,0.3230643644928932,0.11916065961122513,0.11757314314793019,3.0
2020-10-23,116.38999938964844,116.5500030517578,114.27999877929688,115.04000091552734,82572600,0.22099180604952076,2.6519016725942492,0.882662845775485,-0.1176963523030281,0.3398787645366554,12.0
2020-10-26,114.01000213623048,116.5500030517578,112.87999725341795,115.0500030517578,111850700,0.22384641615843232,2.4623105777427554,0.9224220421165228,-0.9450624017044902,0.5823626443648073,11.0
2020-10-27,115.48999786376952,117.27999877929688,114.54000091552734,116.5999984741211,92276800,0.15419078711420298,0.46257236134260893,0.23045019432902336,0.040624719113111496,0.10026099921955255,3.0
2020-10-28,115.0500030517578,115.43000030517578,111.0999984741211,111.1999969482422,143937800,0.1610801542798678,0.9664809256792068,0.9228184437379241,-0.943030103109777,0.685714095111857,6.0
2020-10-29,112.37000274658205,116.93000030517578,112.1999969482422,115.31999969482422,146129200,0.2726951009067504,6.27198732085526,0.9229415226727724,-0.04515713453292847,0.35585718029319435,23.0
2020-10-30,111.05999755859376,111.98999786376952,107.72000122070312,108.86000061035156,190272600,0.06993414728591839,1.049012209288776,0.9290096946060658,-0.9521393403410912,0.6339035913493537,15.0
2020-11-02,109.11000061035156,110.68000030517578,107.31999969482422,108.7699966430664,122866900,-0.01519886932025353,-0.22798303980380297,0.9208546504378319,-0.9650020366534591,0.5403075909485516,15.0
2020-11-03,109.66000366210938,111.48999786376952,108.7300033569336,110.44000244140624,107624400,-0.7255617411807179,-3.6278087059035897,0.14430626947432756,-0.9661358753219247,0.4867346220025201,5.0
2020-11-04,114.13999938964844,115.58999633789062,112.3499984741211,114.9499969482422,138235500,0.15016988590359687,0.7508494295179844,0.5813565626740456,0.0026795528829097748,0.24593019587074094,5.0
2020-11-05,117.9499969482422,119.62000274658205,116.87000274658205,119.02999877929688,126387100,-0.026738664220002564,-0.2941253064200282,0.7344614509493113,-0.9606464691460133,0.5020984256356763,11.0
2020-11-06,118.31999969482422,119.1999969482422,116.12999725341795,118.69000244140624,114457900,0.19969702263673147,0.5990910679101944,0.5566988065838814,0.005283588543534279,0.3095818378115783,3.0
2020-11-09,120.5,121.98999786376952,116.0500030517578,116.31999969482422,154515300,-0.41508241432408494,-1.2452472429722548,0.022067831829190254,-0.9212096035480499,0.47540660915630817,3.0
2020-11-10,115.5500030517578,117.58999633789062,114.12999725341795,115.97000122070312,138023400,0.21884133581382534,2.626096029765904,0.7290975097566843,0.026146065443754196,0.251972185659149,12.0
2020-11-11,117.19000244140624,119.62999725341795,116.44000244140624,119.48999786376952,112295000,-0.1256577967045208,-0.7539467802271247,0.8834100589156151,-0.9440655084326863,0.7651651120074611,6.0
2020-11-12,119.62000274658205,120.52999877929688,118.56999969482422,119.20999908447266,103162300,-0.03528112545609474,-0.1764056272804737,0.8932496029883623,-0.9578961096704006,0.8828811373935088,5.0
2020-11-13,119.44000244140624,119.66999816894533,117.87000274658205,119.26000213623048,81581900,-0.9529027277603745,-0.9529027277603745,-0.9529027277603745,-0.9529027277603745,0.0,1.0
2020-11-16,118.91999816894533,120.98999786376952,118.1500015258789,120.3000030517578,91183000,-0.1361269580998591,-0.9528887066990137,0.3908449122682214,-0.8665843717753887,0.42971963368797206,7.0
2020-11-17,119.5500030517578,120.66999816894533,118.95999908447266,119.38999938964844,74271000,-0.15744289882819762,-1.7318718871101737,0.7061252761632204,-0.9580971812829375,0.5138630296862592,11.0
2020-11-18,118.61000061035156,119.81999969482422,118.0,118.02999877929688,76322100,-0.3137494847178459,-2.1962463930249214,0.21018506214022636,-0.9155047163367271,0.5031253635841197,7.0
2020-11-19,117.58999633789062,119.05999755859376,116.80999755859376,118.63999938964844,74113000,-0.24649391188286246,-2.4649391188286245,0.909756907261908,-0.9621837534941733,0.6548079998488019,10.0
2020-11-20,118.63999938964844,118.7699966430664,117.29000091552734,117.33999633789062,73604300,0.4069052943959832,2.8483370607718825,0.9314300110563636,-0.38476250134408474,0.4386248058804942,7.0
2020-11-23,117.18000030517578,117.62000274658205,113.75,113.8499984741211,127959300,-0.45342331620243687,-2.7205398972146213,0.7579552810639143,-0.9678925476036966,0.6367138073106129,6.0
2020-11-24,113.91000366210938,115.8499984741211,112.58999633789062,115.16999816894533,113874200,-0.28273199032992125,-1.4136599516496062,0.24178522918373346,-0.9094386268407106,0.5117777831030783,5.0
2020-11-25,115.5500030517578,116.75,115.16999816894533,116.02999877929688,76499200,0.08711779676377773,0.34847118705511093,0.725699545815587,-0.9094386268407106,0.7053729995315974,4.0
2020-11-27,116.56999969482422,117.48999786376952,116.22000122070312,116.58999633789062,46691300,-0.9088378734886646,-0.9088378734886646,-0.9088378734886646,-0.9088378734886646,0.0,1.0
2020-11-30,116.97000122070312,120.97000122070312,116.80999755859376,119.0500030517578,169410200,0.11590808889429484,0.8113566222600639,0.9159026890993118,-0.9685076442547143,0.7079367771482076,7.0
2020-12-01,121.01000213623048,123.47000122070312,120.01000213623048,122.72000122070312,127728200,-0.027844717842526734,-0.22275774274021387,0.9205146469175816,-0.9637178061529994,0.6775392636487924,8.0
2020-12-02,122.0199966430664,123.37000274658205,120.88999938964844,123.08000183105467,89004200,-0.4302389519289136,-1.7209558077156544,0.14607930928468704,-0.9164825156331062,0.5345420671089534,4.0
2020-12-03,123.5199966430664,123.77999877929688,122.20999908447266,122.94000244140624,78967600,0.03437640145421028,0.24063481017947197,0.43117036297917366,-0.3847622349858284,0.24026745630491922,7.0
2020-12-04,122.5999984741211,122.86000061035156,121.5199966430664,122.25,78260400,-0.39553448278456926,-0.7910689655691385,0.1177689079195261,-0.9088378734886646,0.7259206167458273,2.0
2020-12-07,122.30999755859376,124.56999969482422,122.25,123.75,86712000,0.12004878824310643,0.840341517701745,0.9284997452050447,-0.852485179901123,0.5496969793608978,7.0
2020-12-08,124.37000274658205,124.9800033569336,123.08999633789062,124.37999725341795,82225500,-0.2404945371672511,-2.645439908839762,0.5992159713059664,-0.9592490559443831,0.5659460854791857,11.0
2020-12-09,124.52999877929688,125.9499969482422,121.0,121.77999877929688,115089200,-0.14453363238523403,-2.1680044857785106,0.857317510060966,-0.9634397309273481,0.6000806903329293,15.0
2020-12-10,120.5,123.87000274658205,120.1500015258789,123.23999786376952,81312200,-0.24165569748729468,-1.2082784874364734,0.6989220380783081,-0.8569376040250063,0.7178384249362811,5.0
2020-12-11,122.43000030517578,122.76000213623048,120.5500030517578,122.41000366210938,86939800,0.13540805658946434,0.8124483395367861,0.5989751890301704,-0.38875128142535686,0.3291433635970262,6.0
2020-12-14,122.5999984741211,123.3499984741211,121.54000091552734,121.77999877929688,79184500,-0.2166087863345941,-1.9494790770113468,0.9111420474946499,-0.9399109585210681,0.73669810067007,9.0
2020-12-15,124.33999633789062,127.9000015258789,124.12999725341795,127.87999725341795,157243700,-0.0362239730440908,-0.6520315147936344,0.9291052063927054,-0.9515927899628878,0.6215666731306809,18.0
2020-12-16,127.41000366210938,128.3699951171875,126.55999755859376,127.80999755859376,98208600,-0.358538843865972,-2.868310750927776,0.5899811685085297,-0.9558460176922381,0.5373204434938467,8.0
2020-12-17,128.89999389648438,129.5800018310547,128.0399932861328,128.6999969482422,94359800,-0.34579572873190045,-1.3831829149276018,0.9320762772113085,-0.852485179901123,0.8564392730627522,4.0
2020-12-18,128.9600067138672,129.10000610351562,126.12000274658205,126.66000366210938,192541500,-0.6921873113606125,-2.76874924544245,0.029541967436671257,-0.9541677059605718,0.4815011540102463,4.0
2020-12-21,125.0199966430664,128.30999755859375,123.4499969482422,128.22999572753906,121251600,0.05617552518378943,0.6741063022054732,0.9299897979944944,-0.9626828469336033,0.7427639100249539,12.0
2020-12-22,131.61000061035156,134.41000366210938,129.64999389648438,131.8800048828125,168904800,0.1898498415777629,4.176696514710784,0.9287832491099834,-0.85693752579391,0.5909554942133955,22.0
2020-12-23,132.16000366210938,132.42999267578125,130.77999877929688,130.9600067138672,88223700,0.27684909401328434,3.875887316185981,0.9218534287065268,-0.9579757978208363,0.5162605458106824,14.0
2020-12-24,131.32000732421875,133.4600067138672,131.10000610351562,131.97000122070312,54930100,-0.02849034157892068,-0.08547102473676205,0.07902365550398827,-0.19468321651220322,0.14598380381589,3.0
2020-12-28,133.99000549316406,137.33999633789062,133.50999450683594,136.69000244140625,124486200,-0.08652637451887131,-0.43263187259435654,0.6581463068723679,-0.9094386342912912,0.5672964335912648,5.0
2020-12-29,138.0500030517578,138.7899932861328,134.33999633789062,134.8699951171875,121047300,0.19222201369702815,0.9611100684851408,0.8229639157652855,-0.9088378734886646,0.6805125765590753,5.0
2020-12-30,135.5800018310547,135.99000549316406,133.39999389648438,133.72000122070312,96452100,0.0652414585929364,0.5219316687434912,0.8018187582492828,-0.8569832555949688,0.55364240670712,8.0
2020-12-31,134.0800018310547,134.74000549316406,131.72000122070312,132.69000244140625,99116600,-0.3174734503651659,-1.9048407021909952,0.10370306577533484,-0.9539357600733638,0.46710470963522316,6.0
2021-01-04,133.52000427246094,133.61000061035156,126.76000213623048,129.41000366210938,143301900,0.09026652621105313,0.36106610484421253,0.5862890174612403,-0.9088378734886646,0.6952927156650768,4.0
2021-01-05,128.88999938964844,131.74000549316406,128.42999267578125,131.00999450683594,97664900,0.1944848572692046,2.5283031444996595,0.935271006077528,-0.9525914927944541,0.6293519815887336,13.0
2021-01-06,127.72000122070312,131.0500030517578,126.37999725341795,126.5999984741211,155088000,-0.24974581452884845,-1.748220701701939,0.6003984482958913,-0.8865473605692387,0.6036617267024109,7.0
2021-01-07,128.36000061035156,131.6300048828125,127.86000061035156,130.9199981689453,109578200,-0.18485288985539228,-1.4788231188431382,0.8919431269168854,-0.8759841695427895,0.615268640292111,8.0
2021-01-08,132.42999267578125,132.6300048828125,130.22999572753906,132.0500030517578,105158200,0.4542111488059163,4.542111488059163,0.8805802520364523,-0.38476250134408474,0.42408354484703276,10.0
2021-01-11,129.19000244140625,130.1699981689453,128.5,128.97999572753906,100384500,-0.2068540832027793,-2.068540832027793,0.8232169216498733,-0.9663485465571284,0.7805954765181752,10.0
2021-01-12,128.5,129.69000244140625,126.86000061035156,128.8000030517578,91951100,-0.2537996231112629,-2.0303969848901033,0.918191721662879,-0.9418738214299083,0.6605648496711339,8.0
2021-01-13,128.75999450683594,131.4499969482422,128.49000549316406,130.88999938964844,88636800,0.19902437688274818,2.18926814571023,0.9187521021813154,-0.9094386268407106,0.5563322072692534,11.0
2021-01-14,130.8000030517578,131.0,128.75999450683594,128.91000366210938,90221800,-0.20589021121850237,-1.647121689748019,0.6220842031762004,-0.961264421697706,0.6174703594867167,8.0
2021-01-15,128.77999877929688,130.22000122070312,127.0,127.13999938964844,111598500,-0.05126857253101965,-0.9228343055583537,0.9223959557712078,-0.9656022638082504,0.7257778348918772,18.0
2021-01-19,127.77999877929688,128.7100067138672,126.94000244140624,127.83000183105467,90757300,-0.09707577945664525,-0.9707577945664525,0.9200025480240583,-0.9187835454940796,0.6719495510090718,10.0
2021-01-20,128.66000366210938,132.49000549316406,128.5500030517578,132.02999877929688,104319500,-0.06379178150867422,-0.38275068905204535,0.6783346608281136,-0.8569376040250063,0.5084629566579999,6.0
2021-01-21,133.8000030517578,139.6699981689453,133.58999633789062,136.8699951171875,120150900,0.4814469435950741,3.851575548760593,0.9327733032405376,0.00046293437480926514,0.40911961190647567,8.0
2021-01-22,136.27999877929688,139.85000610351562,135.02000427246094,139.07000732421875,114459400,-0.013148344521011626,-0.09203841164708138,0.8432320635765791,-0.9356292355805635,0.6734417062336263,7.0
2021-01-25,143.07000732421875,145.08999633789062,136.5399932861328,142.9199981689453,157611700,-0.1223980358668736,-1.7135725021362305,0.9173944778740406,-0.9468031618744135,0.7115481770487815,14.0
2021-01-26,143.60000610351562,144.3000030517578,141.3699951171875,143.16000366210938,98390600,0.02120743004175333,0.2756965905427933,0.8916170373558998,-0.852485179901123,0.5229023661205656,13.0
2021-01-27,143.42999267578125,144.3000030517578,140.41000366210938,142.05999755859375,140843800,0.1469775243174462,3.0865280106663704,0.9381447527557611,-0.6142387613654137,0.3928568402957916,21.0
2021-01-28,139.52000427246094,141.99000549316406,136.6999969482422,137.08999633789062,142621100,0.17165814044520908,3.9481372302398086,0.9276312626898289,-0.9567493833601475,0.5828232079440808,23.0
2021-01-29,135.8300018310547,136.74000549316406,130.2100067138672,131.9600067138672,177523800,0.007896743714809418,0.03948371857404709,0.8587046824395657,-0.9226394556462765,0.6321493384718654,5.0
2021-02-01,133.75,135.3800048828125,130.92999267578125,134.13999938964844,106239800,-0.04592858627438545,-0.3674286901950836,0.6379251703619957,-0.8524854835122824,0.43724179289178366,8.0
2021-02-02,135.72999572753906,136.30999755859375,134.61000061035156,134.99000549316406,83305400,0.06998445636903246,0.6298601073212922,0.8888768525794148,-0.9088378567248583,0.6575505014222998,9.0
2021-02-03,135.75999450683594,135.77000427246094,133.61000061035156,133.94000244140625,89880900,-0.24730291916057467,-1.9784233532845974,0.5895954323932528,-0.9357028687372804,0.594063539693276,8.0
2021-02-04,136.3000030517578,137.39999389648438,134.58999633789062,137.38999938964844,84183100,0.11025839764624834,0.9923255788162351,0.9291812684386969,-0.955175856128335,0.500469575641631,9.0
2021-02-05,137.35000610351562,137.4199981689453,135.86000061035156,136.75999450683594,75693800,0.0906791713518592,1.1788292275741696,0.9035653313621879,-0.9282437469810247,0.6531981737869925,13.0
2021-02-08,136.02999877929688,136.9600067138672,134.9199981689453,136.91000366210938,71297200,0.09154333723708988,0.9154333723708987,0.8274927958846092,-0.85693752579391,0.49198975893759506,10.0
2021-02-09,136.6199951171875,137.8800048828125,135.85000610351562,136.00999450683594,76774200,-0.7249801976140589,-4.349881185684353,-0.025017816573381424,-0.9568289262242615,0.3683095242794072,6.0
2021-02-10,136.47999572753906,136.99000549316406,134.39999389648438,135.38999938964844,73046600,0.0272133591481381,0.2449202323332429,0.9222916606813669,-0.8569376040250063,0.48767969894915336,9.0
2021-02-11,135.89999389648438,136.38999938964844,133.77000427246094,135.1300048828125,64280000,0.09898863307067327,0.6929204314947128,0.9057350791990757,-0.9088378734886646,0.7001227642534912,7.0
2021-02-12,134.35000610351562,135.52999877929688,133.69000244140625,135.3699951171875,60145100,0.054971689358353615,0.3848018255084753,0.8909152522683144,-0.8867933265864849,0.5820101744278626,7.0
2021-02-16,135.49000549316406,136.00999450683594,132.7899932861328,133.19000244140625,80576300,-0.19704763652183688,-2.5616192747838795,0.9057314172387123,-0.9592562043108046,0.6170107132678095,13.0
2021-02-17,131.25,132.22000122070312,129.47000122070312,130.83999633789062,97918500,-0.32595930165714687,-2.933633714914322,0.6595781315118074,-0.9552702372893691,0.5597024327099709,9.0
2021-02-18,129.1999969482422,130.0,127.41000366210938,129.7100067138672,96856700,0.05763190127909183,0.2881595063954592,0.5902228746563196,-0.852485179901123,0.5761401801208881,5.0
2021-02-19,130.24000549316406,130.7100067138672,128.8000030517578,129.8699951171875,87668800,0.12642285068120276,1.7699199095368385,0.9213151503354311,-0.8684432432055473,0.5832934824605709,14.0
2021-02-22,128.00999450683594,129.72000122070312,125.5999984741211,126.0,103916400,-0.02710665998581265,-0.37949323980137706,0.930978893302381,-0.9616197482682765,0.713305673833732,14.0
2021-02-23,123.76000213623048,126.70999908447266,118.38999938964844,125.86000061035156,158273000,0.29735770422433105,2.0815039295703173,0.9182007759809494,-0.38476250134408474,0.4425433369907632,7.0
2021-02-24,124.94000244140624,125.55999755859376,122.2300033569336,125.3499984741211,111039900,0.11581408533339317,1.5055831093341112,0.9030259195715189,-0.8741462007164955,0.5524109785156545,13.0
2021-02-25,124.68000030517578,126.45999908447266,120.54000091552734,120.98999786376952,148199500,-0.020996719909211,-0.125980319455266,0.7231454066932201,-0.9261200362816453,0.5825948580857844,6.0
2021-02-26,122.58999633789062,124.8499984741211,121.1999969482422,121.26000213623048,164560400,-0.026885544570783775,-0.16131326742470264,0.42708195373415947,-0.85693752579391,0.43924898226352505,6.0
2021-03-01,123.75,127.93000030517578,122.79000091552734,127.79000091552734,116307900,-0.036368879282640085,-0.3273199135437608,0.45064176619052887,-0.85693733766675,0.49272054817402755,9.0
2021-03-02,128.41000366210938,128.72000122070312,125.01000213623048,125.12000274658205,102260900,0.0854489061748609,0.6835912493988872,0.9340999815613031,-0.8524854835122824,0.4835791999559032,8.0
2021-03-03,124.80999755859376,125.70999908447266,121.83999633789062,122.05999755859376,112966300,-0.05039446599160632,-0.6047335918992758,0.9308553263545036,-0.9664627313613892,0.5312077310057033,12.0
2021-03-04,121.75,123.5999984741211,118.62000274658205,120.12999725341795,178155000,-0.3565796433831565,-2.852637147065252,0.907218424603343,-0.9537335061468184,0.6268654925471988,8.0
2021-03-05,120.9800033569336,121.94000244140624,117.56999969482422,121.41999816894533,153766600,-0.09720244898926467,-0.7776195919141173,0.5659386068582535,-0.9227170012891293,0.5564547290270884,8.0
2021-03-08,120.93000030517578,121.0,116.20999908447266,116.36000061035156,154376600,-0.05671557900495827,-0.4537246320396662,0.9382395204156637,-0.9363477993756533,0.7265393731279778,8.0
2021-03-09,119.02999877929688,122.05999755859376,118.79000091552734,121.08999633789062,129525800,-0.24680008729919792,-2.468000872991979,0.8617827678099275,-0.9599339375272393,0.6383987903601136,10.0
2021-03-10,121.69000244140624,122.16999816894533,119.4499969482422,119.9800033569336,111943300,0.004778085742145777,0.08600554335862398,0.9359797276556492,-0.9664328549988568,0.6814139708316158,18.0
2021-03-11,122.54000091552734,123.20999908447266,121.26000213623048,121.95999908447266,103026500,-0.170503816800192,-1.70503816800192,0.921962202526629,-0.9677195404656231,0.7125618164818338,10.0
2021-03-12,120.4000015258789,121.16999816894533,119.16000366210938,121.02999877929688,88105100,-0.07997172242030501,-0.7997172242030501,0.9016075311228633,-0.85693752579391,0.5298241991638194,10.0
2021-03-15,121.41000366210938,124.0,120.41999816894533,123.98999786376952,92403800,-0.047867020359262824,-0.1914680814370513,0.32089170906692743,-0.5205085035413504,0.34935257498652017,4.0
2021-03-16,125.6999969482422,127.22000122070312,124.72000122070312,125.56999969482422,115227900,0.09386998104552428,1.9712696019560099,0.9278847184032202,-0.90958022326231,0.6003152096514581,21.0
2021-03-17,124.0500030517578,125.86000061035156,122.33999633789062,124.76000213623048,111932600,-0.255964994072341,-3.327544922940433,0.7755349883809686,-0.9491944154724479,0.6113685533602655,13.0
2021-03-18,122.87999725341795,123.18000030517578,120.31999969482422,120.52999877929688,121229700,0.00576724330894649,0.0576724330894649,0.8580792960710824,-0.9094386268407106,0.48704669908820963,10.0
2021-03-19,119.9000015258789,121.43000030517578,119.68000030517578,119.98999786376952,185549500,0.15402035918668844,2.464325746987015,0.9267076719552279,-0.9669238734059036,0.5329613267073179,16.0
2021-03-22,120.33000183105467,123.87000274658205,120.26000213623048,123.38999938964844,111912300,0.0006135396348933378,0.005521856714040041,0.9200360048562288,-0.9484193408861756,0.7780844539101373,9.0
2021-03-23,123.33000183105467,124.23999786376952,122.13999938964844,122.54000091552734,95467100,-0.2408911762241688,-2.1680205860175192,0.5649907179176807,-0.9542798306792974,0.553293373997725,9.0
2021-03-24,122.81999969482422,122.9000015258789,120.06999969482422,120.08999633789062,88530500,-0.18943764216133527,-1.3260634951293468,0.5718490183353424,-0.9514548536390066,0.5371092041348376,7.0
2021-03-25,119.54000091552734,121.66000366210938,119.0,120.58999633789062,98844700,0.0954580061758558,0.5727480370551348,0.9215843100100756,-0.8569376040250063,0.6825549671139357,6.0
2021-03-26,120.3499984741211,121.4800033569336,118.91999816894533,121.20999908447266,94071200,0.008597194941507446,0.07737475447356701,0.5776335103437304,-0.9088378865271807,0.4567708485743316,9.0
2021-03-29,121.6500015258789,122.58000183105467,120.7300033569336,121.38999938964844,80819200,-0.2418654654175043,-2.418654654175043,0.23621158301830292,-0.9666395159438252,0.48620466704890414,10.0
2021-03-30,120.11000061035156,120.4000015258789,118.86000061035156,119.9000015258789,85671900,-0.07357820689988633,-0.882938482798636,0.8941759411245584,-0.9674708619713783,0.5216632080884627,12.0
2021-03-31,121.6500015258789,123.5199966430664,121.1500015258789,122.1500015258789,118323800,0.012651718687266111,0.17712406162172556,0.9303439985960722,-0.9666597442701459,0.6909002636276559,14.0
2021-04-01,123.66000366210938,124.18000030517578,122.48999786376952,123.0,75089100,-0.1086418197744272,-1.1950600175186992,0.35206042043864727,-0.8524853922426701,0.37206758432573467,11.0
2021-04-05,123.87000274658205,126.16000366210938,123.06999969482422,125.9000015258789,88651200,0.04139106420593129,0.37251957785338163,0.9122177287936211,-0.8524853922426701,0.6775374762536818,9.0
2021-04-06,126.5,127.12999725341795,125.6500015258789,126.20999908447266,80171300,-0.2352312474977225,-3.76369995996356,0.9337050095200539,-0.9511769935488701,0.6203863403359058,16.0
2021-04-07,125.83000183105467,127.91999816894533,125.13999938964844,127.9000015258789,83466700,-0.16269577563636833,-1.464261980727315,0.412410787306726,-0.9265510374680161,0.38303423060705416,9.0
2021-04-08,128.9499969482422,130.38999938964844,128.52000427246094,130.36000061035156,88844600,-0.017271754116966173,-0.22453280352056026,0.9132155254483223,-0.9593868469819427,0.5371075374010575,13.0
2021-04-09,129.8000030517578,133.0399932861328,129.47000122070312,133.0,106686700,-0.26782390046864746,-2.678239004686475,0.8505659513175488,-0.9605353474617004,0.584658907069729,10.0
2021-04-12,132.52000427246094,132.85000610351562,130.6300048828125,131.24000549316406,91420000,0.006164240161888301,0.12328480323776603,0.9323131944984198,-0.9664494339376688,0.6263040347689949,20.0
2021-04-13,132.44000244140625,134.66000366210938,131.92999267578125,134.42999267578125,91266500,0.2740407924239452,3.5625303015112877,0.9035405907779932,-0.3887519221752882,0.4482164584834976,13.0
2021-04-14,134.94000244140625,135.0,131.66000366210938,132.02999877929688,87222800,0.010091837371389072,0.15137756057083607,0.9352028043940663,-0.966290783137083,0.7663645222773371,15.0
2021-04-15,133.82000732421875,135.0,133.63999938964844,134.5,89347100,0.33723441271909643,2.360640889033675,0.9153448306024075,-0.3332531936466694,0.48391648228410283,7.0
2021-04-16,134.3000030517578,134.6699981689453,133.27999877929688,134.16000366210938,84922400,-0.012346654066017695,-0.08642657846212387,0.9010377489030361,-0.9583221077919006,0.6852009169699853,7.0
2021-04-19,133.50999450683594,135.47000122070312,133.33999633789062,134.83999633789062,94264200,0.05485521709280355,0.7679730392992496,0.8847047947347164,-0.9637848902493715,0.4219216914731153,14.0
2021-04-20,135.02000427246094,135.52999877929688,131.80999755859375,133.11000061035156,94812300,0.000775048883689433,0.075179741717875,0.9247625768184662,-0.9647225048393011,0.3613834135402965,97.0
2021-04-21,132.36000061035156,133.75,131.3000030517578,133.5,68847100,-0.045853423493865286,-0.8712150463834405,0.904889052733779,-0.9667165605351329,0.6222694366805896,19.0
2021-04-22,133.0399932861328,134.14999389648438,131.41000366210938,131.94000244140625,84566500,-0.06705776242200624,-0.7376353866420686,0.9090929366648197,-0.9677251656539738,0.6478603579566263,11.0
2021-04-23,132.16000366210938,135.1199951171875,132.16000366210938,134.32000732421875,78657500,0.003952836784135018,0.05533971497789025,0.9304059464484453,-0.9094386342912912,0.5548906764329989,14.0
2021-04-26,134.8300018310547,135.05999755859375,133.55999755859375,134.72000122070312,66905100,-0.21841901395883825,-3.9315422512590885,0.9333772044628859,-0.9630147228017449,0.6479269122968493,18.0
2021-04-27,135.00999450683594,135.41000366210938,134.11000061035156,134.38999938964844,66015800,-0.02067987605308493,-0.12407925631850958,0.9084771759808064,-0.9094386342912912,0.7587243926082949,6.0
2021-04-28,134.30999755859375,135.02000427246094,133.0800018310547,133.5800018310547,107760100,-0.007468035351485014,-0.2613812373019755,0.9308064039796591,-0.9604051616042852,0.6221189166302323,35.0
2021-04-29,136.47000122070312,137.07000732421875,132.4499969482422,133.47999572753906,151101000,0.10664193934343498,3.0926162409596145,0.9235186222940683,-0.9680104465223849,0.6366536751879667,29.0
2021-04-30,131.77999877929688,133.55999755859375,131.07000732421875,131.4600067138672,109839500,-0.33736358658195686,-4.3857266255654395,0.8096281848847866,-0.9618716947734356,0.7965165543119047,13.0
2021-05-03,132.0399932861328,134.07000732421875,131.8300018310547,132.5399932861328,75135100,0.12762757254621157,1.6591584431007504,0.905802208930254,-0.9057889953255653,0.5933433236952396,13.0
2021-05-04,131.19000244140625,131.49000549316406,126.6999969482422,127.8499984741211,137564700,-0.4835019937600009,-3.8680159500800073,0.032728077843785286,-0.964964936953038,0.4771082668155373,8.0
2021-05-05,129.1999969482422,130.4499969482422,127.97000122070312,128.10000610351562,84000900,-0.10070276947226375,-0.80562215577811,0.8595304321497679,-0.9094386268407106,0.7072783391413281,8.0
2021-05-06,127.88999938964844,129.75,127.12999725341795,129.74000549316406,78128300,0.050974550523928235,0.35682185366749763,0.9159005451947451,-0.9094386268407106,0.6839117973143776,7.0
2021-05-07,130.85000610351562,131.25999450683594,129.47999572753906,130.2100067138672,78973300,-0.015760789252817632,-0.07880394626408815,0.8862031735479832,-0.9088378734886646,0.856952845627227,5.0
2021-05-10,129.41000366210938,129.5399932861328,126.80999755859376,126.8499984741211,88071200,0.10151936439797282,0.8121549151837826,0.8459271462634206,-0.9497982440516353,0.6963223700140979,8.0
2021-05-11,123.5,126.2699966430664,122.7699966430664,125.91000366210938,126142800,-0.606610256820344,-7.885933338664472,0.1387081779539585,-0.9665550477802753,0.44817579856298184,13.0
2021-05-12,123.4000015258789,124.63999938964844,122.25,122.7699966430664,112172300,0.07318371002163206,0.5122859701514244,0.7755519766360521,-0.8569376040250063,0.5636618823925457,7.0
2021-05-13,124.58000183105467,126.1500015258789,124.26000213623048,124.97000122070312,105861300,-0.07595512107945979,-0.30382048431783915,0.9045286746695638,-0.9284792002290487,0.7594365205554664,4.0
2021-05-14,126.25,127.88999938964844,125.8499984741211,127.4499969482422,81918000,-0.11212172377854586,-0.5606086188927293,0.9233869994059205,-0.852485179901123,0.7486815180159149,5.0
2021-05-17,126.81999969482422,126.93000030517578,125.16999816894533,126.2699966430664,74244600,-0.1424959931665888,-1.8524479111656547,0.9016545433551073,-0.9600988011807203,0.5185149290215744,13.0
2021-05-18,126.55999755859376,126.98999786376952,124.77999877929688,124.8499984741211,63342900,-0.0026857822032814675,-0.029543604236096144,0.9186849296092987,-0.967442309949547,0.6335745087917244,11.0
2021-05-19,123.16000366210938,124.91999816894533,122.86000061035156,124.69000244140624,92612000,-0.3227050591260195,-3.227050591260195,0.7008996168151498,-0.9653235385194421,0.6085832147568478,10.0
2021-05-20,125.2300033569336,127.72000122070312,125.0999984741211,127.30999755859376,76857100,-0.06027136545162648,-0.48217092361301184,0.916448432020843,-0.9094386268407106,0.7515012049726628,8.0
2021-05-21,127.81999969482422,128.0,125.20999908447266,125.43000030517578,79295400,-0.08292129618877714,-0.9121342580765486,0.9287259876728058,-0.9514626860618591,0.5886860455486405,11.0
2021-05-24,126.01000213623048,127.94000244140624,125.94000244140624,127.0999984741211,63092900,-0.008298562839627266,-0.049791377037763596,0.8033099062740803,-0.85693752579391,0.528053860128055,6.0
2021-05-25,127.81999969482422,128.32000732421875,126.31999969482422,126.9000015258789,72009500,-0.3821779186837375,-0.764355837367475,0.1450827969238162,-0.9094386342912912,0.7456592549187459,2.0
2021-05-26,126.95999908447266,127.38999938964844,126.41999816894533,126.8499984741211,56575900,-0.04131742644434174,-0.24790455866605043,0.7733385376632214,-0.9415214974433184,0.7176253338364522,6.0
2021-05-27,126.44000244140624,127.63999938964844,125.08000183105467,125.27999877929688,94625600,0.1180697541567497,0.9445580332539976,0.9307117182761431,-0.8707027863711119,0.6828923598893327,8.0
2021-05-28,125.56999969482422,125.8000030517578,124.5500030517578,124.61000061035156,71311100,-0.3267169124964211,-2.9404522124677896,0.12549357675015926,-0.9636095650494099,0.3923312166037441,9.0
2021-06-01,125.08000183105467,125.3499984741211,123.94000244140624,124.27999877929688,67637100,0.29595893234587634,3.8474661204963923,0.9283743463456631,-0.9094386268407106,0.47476045218456614,13.0
2021-06-02,124.27999877929688,125.23999786376952,124.0500030517578,125.05999755859376,59278900,0.04791821911931038,0.7666915059089661,0.9292795620858669,-0.9611043632030487,0.6816317265746253,16.0
2021-06-03,124.68000030517578,124.8499984741211,123.12999725341795,123.54000091552734,76229200,-0.12000177148729563,-0.6000088574364781,0.48322802037000656,-0.9094386268407106,0.5169435446918047,5.0
2021-06-04,124.06999969482422,126.16000366210938,123.8499984741211,125.88999938964844,75169300,-0.010051416233181953,-0.08041132986545563,0.8997151479125023,-0.9139787126332521,0.7184162373467657,8.0
2021-06-07,126.16999816894533,126.31999969482422,124.83000183105467,125.9000015258789,71057600,0.09652496262236773,15.34746905695647,0.8472519237548113,-0.9684027475304902,0.3402212671828297,159.0
2021-06-08,126.5999984741211,128.4600067138672,126.20999908447266,126.73999786376952,74403800,-0.19417282298672944,-1.5533825838938355,0.4914484992623329,-0.946456684730947,0.5866277956444708,8.0
2021-06-09,127.20999908447266,127.75,126.5199966430664,127.12999725341795,56877900,-0.5869880613172427,-4.6959044905379415,-0.03194231912493706,-0.9611582085490227,0.42020722902693575,8.0
2021-06-10,127.0199966430664,128.19000244140625,125.94000244140624,126.11000061035156,71186400,-0.310100403215204,-2.1707028225064278,0.39921114780008793,-0.9091608850285411,0.5662403252164242,7.0
2021-06-11,126.52999877929688,127.44000244140624,126.0999984741211,127.3499984741211,53522400,0.010330369230359793,0.061982215382158756,0.5274251634255052,-0.854795791208744,0.47759271969556727,6.0
2021-06-14,127.81999969482422,130.5399932861328,127.06999969482422,130.47999572753906,96906500,-0.24106488124068295,-3.374908337369561,0.9279240109026432,-0.9658732134848833,0.6370995683348584,14.0
2021-06-15,129.94000244140625,130.60000610351562,129.38999938964844,129.63999938964844,62746300,-0.19579335880864943,-2.741107023321092,0.9105152869597077,-0.9598429454490542,0.5363729131598673,14.0
2021-06-16,130.3699951171875,130.88999938964844,128.4600067138672,130.14999389648438,91815000,-0.09118472679983824,-0.729477814398706,0.5733778923749924,-0.852485179901123,0.4995659997653556,8.0
2021-06-17,129.8000030517578,132.5500030517578,129.64999389648438,131.7899932861328,96721700,0.025929005299177434,0.2333610476925969,0.9080866500735283,-0.9665513532236218,0.7547420823173164,9.0
2021-06-18,130.7100067138672,131.50999450683594,130.24000549316406,130.4600067138672,108953300,-0.03496547828295401,-0.24475834798067808,0.7958863815292716,-0.9530930416658521,0.678942695998388,7.0
2021-06-21,130.3000030517578,132.41000366210938,129.2100067138672,132.3000030517578,79663300,-0.28944490144827534,-2.0261143101379275,0.8952825851738453,-0.933255160227418,0.7746567368708414,7.0
2021-06-22,132.1300048828125,134.0800018310547,131.6199951171875,133.97999572753906,74783600,0.0622739477083087,0.622739477083087,0.9145837835967541,-0.9088378734886646,0.5787226669947106,10.0
2021-06-23,133.77000427246094,134.32000732421875,133.22999572753906,133.6999969482422,60214200,0.012774070791367973,0.17883699107915163,0.9104181360453367,-0.9412738028913736,0.6671309493965392,14.0
2021-06-24,134.4499969482422,134.63999938964844,132.92999267578125,133.41000366210938,68711000,0.22836764025337555,3.8822498843073845,0.9375990480184555,-0.9088378865271807,0.5151774826100954,17.0
2021-06-25,133.4600067138672,133.88999938964844,132.80999755859375,133.11000061035156,70783700,-0.32554613798856735,-1.3021845519542694,-0.012237347662448883,-0.9094386342912912,0.42067001660399445,4.0
2021-06-28,133.41000366210938,135.25,133.35000610351562,134.77999877929688,62111300,0.05481458424280087,0.6577750109136105,0.9016893450170755,-0.8922479450702667,0.6078965444740329,12.0
2021-06-29,134.8000030517578,136.49000549316406,134.35000610351562,136.3300018310547,64556100,-0.12453926833612579,-0.8717748783528805,0.8336123190820217,-0.9227282200008631,0.698361225068736,7.0
2021-06-30,136.1699981689453,137.41000366210938,135.8699951171875,136.9600067138672,63261400,-0.11105948389740661,-1.7769517423585057,0.8668426759541035,-0.908837866038084,0.6345765164993276,16.0
2021-07-01,136.60000610351562,137.3300018310547,135.75999450683594,137.27000427246094,52485800,0.025932310498319566,0.20745848398655653,0.8491628151386976,-0.9094386268407106,0.6559277735754184,8.0
2021-07-02,137.89999389648438,140.0,137.75,139.9600067138672,78852600,0.29817014404882985,3.5780417285859585,0.9172158632427454,-0.9094386268407106,0.6485679429671124,12.0
2021-07-06,140.07000732421875,143.14999389648438,140.07000732421875,142.02000427246094,108181800,0.10106041608378291,2.0212083216756582,0.9329062812030315,-0.9588804980739951,0.6414833941877777,20.0
2021-07-07,143.5399932861328,144.88999938964844,142.66000366210938,144.57000732421875,104911600,-0.07706530261784791,-0.7706530261784792,0.9130291268229485,-0.9192864671349525,0.7493613790898745,10.0
2021-07-08,141.5800018310547,144.05999755859375,140.6699981689453,143.24000549316406,105575500,0.0723370909690857,0.7233709096908569,0.9132587220519781,-0.9544638665392995,0.6337470337139148,10.0
2021-07-09,142.75,145.64999389648438,142.64999389648438,145.11000061035156,99890800,0.1362807621092846,1.6353691453114152,0.9094499554485083,-0.8569376040250063,0.4897790122313434,12.0
2021-07-12,146.2100067138672,146.32000732421875,144.0,144.5,76299700,0.00037760455161333083,0.0037760455161333084,0.9298685993999243,-0.953125991858542,0.8208732648932263,10.0
2021-07-13,144.02999877929688,147.4600067138672,143.6300048828125,145.63999938964844,100827100,0.23518737860851818,4.233372814953327,0.9297413220629096,-0.9597408035770059,0.6250175009442421,18.0
2021-07-14,148.10000610351562,149.57000732421875,147.67999267578125,149.14999389648438,127050800,0.16900901035183952,3.54918921738863,0.93747921846807,-0.8569376040250063,0.6237950721252336,21.0
2021-07-15,149.24000549316406,150.0,147.08999633789062,148.47999572753906,106820300,0.12778707941134387,3.322464064694941,0.9282100144773722,-0.9618509262800217,0.7047114879312011,26.0
2021-07-16,148.4600067138672,149.75999450683594,145.8800048828125,146.38999938964844,93251400,-0.1822443440157388,-2.551420816220343,0.9001972237601876,-0.9595978152938187,0.7398179291215756,14.0
2021-07-19,143.75,144.07000732421875,141.6699981689453,142.4499969482422,121434600,-0.035206513435003306,-0.7393367821350694,0.9210329856723547,-0.955576466396451,0.5942230707374546,21.0
2021-07-20,143.4600067138672,147.10000610351562,142.9600067138672,146.14999389648438,96350000,0.17012705886736512,2.722032941877842,0.9286222420632839,-0.9538443209603429,0.6241657264817829,16.0
2021-07-21,145.52999877929688,146.1300048828125,144.6300048828125,145.39999389648438,74993500,-0.05383609703687184,-0.9152136496268213,0.7192389257252216,-0.9629659969359636,0.5506018834569371,17.0
2021-07-22,145.94000244140625,148.1999969482422,145.80999755859375,146.8000030517578,77338200,0.07365968748040143,1.54685343708843,0.9212641492486,-0.9088378734886646,0.516296716743572,21.0
2021-07-23,147.5500030517578,148.72000122070312,146.9199981689453,148.55999755859375,71447400,0.03303843777393922,0.5286150043830276,0.9161248058080673,-0.9280641581863165,0.6261193265286503,16.0
2021-07-26,148.27000427246094,149.8300018310547,147.6999969482422,148.99000549316406,72434100,0.23518596574043235,4.233347383327782,0.9347475757822394,-0.9223703360185027,0.6289201119495391,18.0
2021-07-27,149.1199951171875,149.2100067138672,145.5500030517578,146.77000427246094,104818600,0.20385709691852813,6.319570004474372,0.9291409719735384,-0.9600640255957842,0.6870027160141837,31.0
2021-07-28,144.80999755859375,146.97000122070312,142.5399932861328,144.97999572753906,118931200,0.40733055602542534,17.51521390909329,0.9416175344958901,-0.9685669601894915,0.615730529752778,43.0
2021-07-29,144.69000244140625,146.5500030517578,144.5800018310547,145.63999938964844,56699500,0.11588696856051683,1.390643622726202,0.9102934878319502,-0.9681247184053063,0.5863110671807078,12.0
2021-07-30,144.3800048828125,146.3300018310547,144.11000061035156,145.86000061035156,70440600,-0.32136466276521486,-3.856375953182578,0.9295078478753567,-0.9645753353834152,0.6520844862934746,12.0
2021-08-02,146.36000061035156,146.9499969482422,145.25,145.52000427246094,62880000,0.001222783699631691,0.014673404395580292,0.9237920055165887,-0.9489362873136997,0.6634761203279771,12.0
2021-08-03,145.80999755859375,148.0399932861328,145.17999267578125,147.36000061035156,64786600,0.43936662644975716,7.908599276095629,0.9316173987463117,-0.8511191830039024,0.4876647759725349,18.0
2021-08-04,147.27000427246094,147.7899932861328,146.27999877929688,146.9499969482422,56368300,0.23560425815069014,2.120438323356211,0.9219946190714836,-0.26220010593533516,0.37822477002962807,9.0
2021-08-05,146.97999572753906,147.83999633789062,146.1699981689453,147.05999755859375,46397700,-0.06489355900240215,-0.7138291490264237,0.809866888448596,-0.9353680606000125,0.6105614529114362,11.0
2021-08-06,146.35000610351562,147.11000061035156,145.6300048828125,146.13999938964844,54126800,-0.27004419366962146,-3.7806187113747,0.6635738117620349,-0.9618123779073358,0.5320453464259055,14.0
2021-08-09,146.1999969482422,146.6999969482422,145.52000427246094,146.08999633789062,48908700,-0.21602855054661632,-2.160285505466163,0.636795986443758,-0.8804923705756664,0.513738446276729,10.0
2021-08-10,146.44000244140625,147.7100067138672,145.3000030517578,145.60000610351562,69023100,0.20415418385528028,2.4498502062633634,0.7407145705074072,-0.9071390330791473,0.5637397504171774,12.0
2021-08-11,146.0500030517578,146.72000122070312,145.52999877929688,145.86000061035156,48493500,0.19795756708634527,3.76119377464056,0.9204685557633638,-0.9588814838789403,0.6318998789635325,19.0
2021-08-12,146.19000244140625,149.0500030517578,145.83999633789062,148.88999938964844,72282600,-0.23102477635256946,-1.8481982108205557,0.9034208934754133,-0.9343154467642307,0.679006584487967,8.0
2021-08-13,148.97000122070312,149.44000244140625,148.27000427246094,149.10000610351562,59375000,-0.01452252920717001,-0.1597478212788701,0.669987466186285,-0.96225103456527,0.5433571873712707,11.0
2021-08-16,148.5399932861328,151.19000244140625,146.47000122070312,151.1199951171875,103296000,0.0379418614320457,0.379418614320457,0.8023804370313883,-0.9088378865271807,0.5246282025413599,10.0
2021-08-17,150.22999572753906,151.67999267578125,149.08999633789062,150.19000244140625,92229700,-0.025679869577288628,-0.5135973915457726,0.8514184728264809,-0.9640922257676721,0.5281598794871942,20.0
2021-08-18,149.8000030517578,150.72000122070312,146.14999389648438,146.36000061035156,86326000,-0.24874138141361377,-2.984896576963365,0.9257405791431665,-0.9634439731016755,0.7040123516329639,12.0
2021-08-19,145.02999877929688,148.0,144.5,146.6999969482422,86960300,0.06722897611325607,1.075663617812097,0.9281502980738878,-0.9371616272255778,0.6198840666897577,16.0
2021-08-20,147.44000244140625,148.5,146.77999877929688,148.19000244140625,60549600,-0.5046021812595427,-6.055226175114512,0.11766888108104467,-0.9523713123053312,0.4600144983627276,12.0
2021-08-23,148.30999755859375,150.19000244140625,147.88999938964844,149.7100067138672,60131800,0.22694576857611537,1.815566148608923,0.9351301267743111,-0.85693733766675,0.5273035442076381,8.0
2021-08-24,149.4499969482422,150.86000061035156,149.14999389648438,149.6199951171875,48606400,-0.05632590344508311,-1.5771252964623272,0.9115913286805153,-0.9448105609044433,0.6417197846789223,28.0
2021-08-25,149.80999755859375,150.32000732421875,147.8000030517578,148.36000061035156,58991300,0.12569226927700497,2.6395376548171043,0.9196844212710857,-0.909731850028038,0.5994590517630618,21.0
2021-08-26,148.35000610351562,149.1199951171875,147.50999450683594,147.5399932861328,48597200,-0.019833775923440333,-0.3768417425453663,0.9359137210994959,-0.9093837132677436,0.5547425568487429,19.0
2021-08-27,147.47999572753906,148.75,146.8300018310547,148.60000610351562,55802400,0.05438448892285427,0.6526138670742512,0.9124373812228441,-0.9419911559671164,0.5815573736874864,12.0
2021-08-30,149.0,153.49000549316406,148.61000061035156,153.1199951171875,90956700,0.2859734284481214,8.865176281891763,0.9266555802896619,-0.7971341609954834,0.47953402784969884,31.0
2021-08-31,152.66000366210938,152.8000030517578,151.2899932861328,151.8300018310547,86453100,0.17562073667844136,2.6343110501766205,0.9246780145913363,-0.6779906880110502,0.48494339865700137,15.0
2021-09-01,152.8300018310547,154.97999572753906,152.33999633789062,152.50999450683594,80313700,-0.11499548360006884,-1.8399277376011014,0.8308108951896429,-0.9597037360072136,0.5495914094273684,16.0
2021-09-02,153.8699951171875,154.72000122070312,152.39999389648438,153.64999389648438,71115500,-0.13526868778280915,-2.7053737556561828,0.9113418478518724,-0.9469310119748116,0.6522229539080279,20.0
2021-09-03,153.75999450683594,154.6300048828125,153.08999633789062,154.3000030517578,57808700,-0.159893503296189,-1.279148026369512,0.06632852926850319,-0.85693752579391,0.37392640660207604,8.0
2021-09-07,154.97000122070312,157.25999450683594,154.38999938964844,156.69000244140625,82278300,-0.015507893881907589,-0.2946499837562442,0.9243335463106632,-0.9573043957352638,0.6877716023425673,19.0
2021-09-08,156.97999572753906,157.0399932861328,153.97999572753906,155.11000061035156,74420200,0.07742014211161356,1.4709827001206577,0.9148416947573423,-0.9489381313323975,0.5944072272363056,19.0
2021-09-09,155.49000549316406,156.11000061035156,153.9499969482422,154.07000732421875,57305700,0.1105309192179924,2.3211493035778403,0.8013063706457615,-0.9094386268407106,0.5070934818399019,21.0
2021-09-10,155.0,155.47999572753906,148.6999969482422,148.97000122070312,140893200,-0.031151590035542062,-1.1837604213505983,0.9349980503320694,-0.9621407296508551,0.6467440936783124,38.0
2021-09-13,150.6300048828125,151.4199981689453,148.75,149.5500030517578,102404300,-0.08776940242387354,-1.4043104387819767,0.9100531116127968,-0.9626017911359668,0.638741467434953,16.0
2021-09-14,150.35000610351562,151.07000732421875,146.91000366210938,148.1199951171875,109296300,-0.03779598200164827,-3.06147454213351,0.9203585684299469,-0.9648598171770573,0.3991738197283689,81.0
2021-09-15,148.55999755859375,149.44000244140625,146.3699951171875,149.02999877929688,83281300,-0.14418800832289788,-2.595384149812162,0.7020391821861267,-0.9080001246184111,0.5209267620455879,18.0
2021-09-16,148.44000244140625,148.97000122070312,147.22000122070312,148.7899932861328,68034100,-0.16450152563100512,-1.8095167819410563,0.9008710235357285,-0.9368452029302716,0.6229392987814985,11.0
2021-09-17,148.82000732421875,148.82000732421875,145.75999450683594,146.05999755859375,129868800,-0.20912264015427545,-3.9733301629312336,0.8783832378685474,-0.9590192949399352,0.5578339682605711,19.0
2021-09-20,143.8000030517578,144.83999633789062,141.27000427246094,142.94000244140625,123478900,-0.16012266627512872,-3.2024533255025744,0.8728444371372461,-0.9626121856272221,0.6084358712330578,20.0
2021-09-21,143.92999267578125,144.60000610351562,142.77999877929688,143.42999267578125,75834000,0.07459594146348536,1.1935350634157658,0.8551255371421576,-0.9608948165550828,0.47179868617827203,16.0
2021-09-22,144.4499969482422,146.42999267578125,143.6999969482422,145.85000610351562,76404300,-0.19056284142037233,-2.858442621305585,0.9172059707343578,-0.9589866530150175,0.6289543704417007,15.0
2021-09-23,146.64999389648438,147.0800018310547,145.63999938964844,146.8300018310547,64838200,-0.14151619744370691,-2.2642591590993106,0.9114406816661358,-0.9654754232615232,0.7071769480410518,16.0
2021-09-24,145.66000366210938,147.47000122070312,145.55999755859375,146.9199981689453,53477900,-0.3019737696275115,-3.019737696275115,0.8710256535559893,-0.9615427618846297,0.6024669857575206,10.0
2021-09-27,145.47000122070312,145.9600067138672,143.82000732421875,145.3699951171875,74150700,-0.16131962917279452,-3.2263925834558904,0.7966539487242699,-0.9579666936770082,0.5462107252243085,20.0
2021-09-28,143.25,144.75,141.69000244140625,141.91000366210938,108972300,-0.04372487457779547,-0.5246984949335456,0.9197572711855173,-0.9648463353514671,0.8234985634176831,12.0
2021-09-29,142.47000122070312,144.4499969482422,142.02999877929688,142.8300018310547,74602000,-0.3935850228049925,-2.7550951596349478,0.17324024811387062,-0.8688593562692404,0.46771367417053544,7.0
2021-09-30,143.66000366210938,144.3800048828125,141.27999877929688,141.5,89056700,-0.23125042931901085,-2.0812538638710976,0.1835020249709487,-0.8524853922426701,0.33203510981714157,9.0
2021-10-01,141.89999389648438,142.9199981689453,139.11000061035156,142.64999389648438,94639600,-0.06478164458854331,-0.5830348012968898,0.7852552272379398,-0.9094386268407106,0.5305344059086226,9.0
2021-10-04,141.75999450683594,142.2100067138672,138.27000427246094,139.13999938964844,98322000,-0.31437733667817985,-3.458150703459978,0.26700892858207226,-0.9647987699136138,0.513580825642896,11.0
2021-10-05,139.49000549316406,142.24000549316406,139.36000061035156,141.11000061035156,80861100,-0.13236976019106805,-1.5884371222928166,0.8974855355918407,-0.9331830646842718,0.6103340235136651,12.0
2021-10-06,139.47000122070312,142.14999389648438,138.3699951171875,142.0,83221100,-0.15323163149878383,-2.4517061039805412,0.891100981272757,-0.9426279198378325,0.6021450813489806,16.0
2021-10-07,143.05999755859375,144.22000122070312,142.72000122070312,143.2899932861328,61732700,-0.13310212746728212,-2.129634039476514,0.8189746588468552,-0.9350900808349252,0.5486359737560469,16.0
2021-10-08,144.02999877929688,144.17999267578125,142.55999755859375,142.89999389648438,58773200,-0.14698656072141603,-2.3517849715426564,0.478542760014534,-0.9573303107172251,0.4293699236108205,16.0
2021-10-11,142.27000427246094,144.80999755859375,141.80999755859375,142.80999755859375,64452200,0.27232667865852517,2.4509401079267263,0.9359291512519121,-0.9683157405816019,0.6171955602768933,9.0
2021-10-12,143.22999572753906,143.25,141.0399932861328,141.50999450683594,73035900,0.03547183195637031,0.3901901515200734,0.890048136934638,-0.9522270625457168,0.6923487063237794,11.0
2021-10-13,141.24000549316406,141.39999389648438,139.1999969482422,140.91000366210938,78762700,-0.14766166807691516,-2.8055716934613883,0.8963870331645012,-0.9656165004707873,0.5941478440304359,19.0
2021-10-14,142.11000061035156,143.8800048828125,141.50999450683594,143.75999450683594,69907100,0.5969842723570764,5.372858451213688,0.923668360337615,0.008923044428229332,0.35847184266542104,9.0
2021-10-15,143.77000427246094,144.89999389648438,143.50999450683594,144.83999633789062,67940300,0.032767847180366516,0.3604463189840317,0.9285782240331173,-0.8844127263873816,0.5818987154967911,11.0
2021-10-18,143.4499969482422,146.83999633789062,143.16000366210938,146.5500030517578,85589200,0.08889133618213237,3.5556534472852945,0.9308242341503501,-0.9509682925418019,0.4069929757958498,40.0
2021-10-19,147.00999450683594,149.1699981689453,146.5500030517578,148.75999450683594,76378900,0.16365309346777698,1.9638371216133237,0.9134939257055521,-0.9473591661080718,0.5970758637832021,12.0
2021-10-20,148.6999969482422,149.75,148.1199951171875,149.25999450683594,58418800,0.009949338808655738,0.049746694043278694,0.9226268380880356,-0.8577160686254501,0.850195510663939,5.0
2021-10-21,148.80999755859375,149.63999938964844,147.8699951171875,149.47999572753906,61421000,0.05195776162048181,0.7793664243072271,0.9307381361722946,-0.9312534779310226,0.6568338863817891,15.0
2021-10-22,149.69000244140625,150.17999267578125,148.63999938964844,148.69000244140625,58883400,-0.45590675936546177,-7.294508149847388,0.8709345692768693,-0.9662340832874179,0.6697825728129765,16.0
2021-10-25,148.67999267578125,149.3699951171875,147.6199951171875,148.63999938964844,50720600,-0.026735699147378143,-0.5079782838001847,0.7070294748991728,-0.9434486236423254,0.47011094368295525,19.0
2021-10-26,149.3300018310547,150.83999633789062,149.00999450683594,149.32000732421875,60893400,-0.051985550937908034,-0.36389885656535625,0.3716491097584367,-0.8899452947080135,0.3933836623498981,7.0
2021-10-27,149.36000061035156,149.72999572753906,148.49000549316406,148.85000610351562,56094900,0.10740987450117245,1.7185579920187593,0.9108512587845325,-0.9080450180917978,0.5742879227108622,16.0
2021-10-28,149.82000732421875,153.1699981689453,149.72000122070312,152.57000732421875,100077900,0.1485400972765331,5.644523696508259,0.936871686950326,-0.967119678389281,0.7154411929533773,38.0
2021-10-29,147.22000122070312,149.94000244140625,146.41000366210938,149.8000030517578,124953200,0.014375171119657656,0.34500410687178373,0.9211541153490543,-0.9666199246421456,0.5597063754462462,24.0
2021-11-01,148.99000549316406,149.6999969482422,147.8000030517578,148.9600067138672,74588300,0.011519871128257364,0.18431793805211782,0.8978545814752579,-0.9648050935938954,0.6001445870180825,16.0
2021-11-02,148.66000366210938,151.57000732421875,148.64999389648438,150.02000427246094,69122000,-0.10390477843413298,-1.1429525627754629,0.9039270598441362,-0.9665012629702687,0.6467241895149742,11.0
2021-11-03,150.38999938964844,151.97000122070312,149.82000732421875,151.49000549316406,54511500,-0.08194427116541192,-0.6555541693232954,0.4758747164160013,-0.9257582267746329,0.5483575152517487,8.0
2021-11-04,151.5800018310547,152.42999267578125,150.63999938964844,150.9600067138672,60394600,0.1852993150241673,1.1117958901450038,0.9110416863113642,-0.8990390850231051,0.6585262515490758,6.0
2021-11-05,151.88999938964844,152.1999969482422,150.05999755859375,151.27999877929688,65463900,0.23271388234570622,0.9308555293828249,0.8404968231916428,0.012903714552521706,0.40539652755715966,4.0
2021-11-08,151.41000366210938,151.57000732421875,150.16000366210938,150.44000244140625,55020900,0.4781645815819502,3.8253166526556015,0.9345194697380066,0.010780921205878258,0.3955566692363241,8.0
2021-11-09,150.1999969482422,151.42999267578125,150.05999755859375,150.80999755859375,56787900,0.27108050202234435,3.5240465262904763,0.9065056145191193,-0.17418911680579185,0.38435077221184616,13.0
2021-11-10,150.02000427246094,150.1300048828125,147.85000610351562,147.9199981689453,65187100,-0.11428369589460392,-1.3714043507352471,0.7140371715649962,-0.9660858446732163,0.5593200258734811,12.0
2021-11-11,148.9600067138672,149.42999267578125,147.67999267578125,147.8699951171875,41000000,0.059444870334118605,0.23777948133647442,0.23796861618757248,-0.09345037490129471,0.13661405297542423,4.0
2021-11-12,148.42999267578125,150.39999389648438,147.47999572753906,149.99000549316406,63804000,-0.2666234774515033,-2.3996112970635295,0.2540775164961815,-0.9637103928253055,0.4853627459629491,9.0
2021-11-15,150.3699951171875,151.8800048828125,149.42999267578125,150.0,59222800,0.28875902306069345,4.908903392031789,0.9267242029309273,-0.943657148629427,0.4879710038734218,17.0
2021-11-16,149.94000244140625,151.49000549316406,149.33999633789062,151.0,59256200,0.11205487863885032,1.0084939077496529,0.923173937946558,-0.851544875651598,0.5374901987527152,9.0
2021-11-17,151.0,155.0,150.99000549316406,153.49000549316406,88807000,0.038246099038847854,0.803168079815805,0.8528455272316933,-0.8336938768625259,0.3276324729501387,21.0
2021-11-18,153.7100067138672,158.6699981689453,153.0500030517578,157.8699951171875,137827700,0.04007584961469878,0.8816686915233731,0.8807526454329491,-0.9653033381327987,0.5697700686149483,22.0
2021-11-19,157.64999389648438,161.02000427246094,156.52999877929688,160.5500030517578,117305600,0.26102290429513564,2.871251947246492,0.8846629485487938,-0.9225680828094482,0.5431939383295898,11.0
2021-11-22,161.67999267578125,165.6999969482422,161.0,161.02000427246094,117467900,-0.014546183361248537,-0.1600080169737339,0.7069610990583897,-0.9570579594001174,0.5311961002219894,11.0
2021-11-23,161.1199951171875,161.8000030517578,159.05999755859375,161.41000366210938,96041900,-0.1509527635228421,-2.1133386893197894,0.9142865380272269,-0.9633534019812942,0.7289216904557752,14.0
2021-11-24,160.75,162.13999938964844,159.63999938964844,161.94000244140625,69463600,0.060812878888100386,0.6081287888810039,0.9017751319333911,-0.9406396234408021,0.6085183406315531,10.0
2021-11-26,159.57000732421875,160.4499969482422,156.36000061035156,156.80999755859375,76959800,0.18282759154681116,1.4626207323744893,0.891304787248373,-0.9464069046080112,0.5732525794604351,8.0
2021-11-29,159.3699951171875,161.19000244140625,158.7899932861328,160.24000549316406,88748200,0.3172699050563905,2.8554291455075145,0.8951450157910585,-0.005285527557134628,0.3798906829056077,9.0
2021-11-30,159.99000549316406,165.52000427246094,159.9199981689453,165.3000030517578,174048100,0.158504125662148,1.58504125662148,0.9207588639110327,-0.9265340268611908,0.6769750489352411,10.0
2021-12-01,167.47999572753906,170.3000030517578,164.52999877929688,164.77000427246094,152052500,0.04429261352528225,0.4872187487781048,0.9084656275808811,-0.8659342639148235,0.5158691292459273,11.0
2021-12-02,158.74000549316406,164.1999969482422,157.8000030517578,163.75999450683594,136739200,-0.06643641312770984,-1.1294190231710672,0.9189460016787052,-0.9645503247156739,0.644163062997134,17.0
2021-12-03,164.02000427246094,164.9600067138672,159.72000122070312,161.83999633789062,118023100,-0.5507772982948356,-4.956995684653521,0.6733216717839241,-0.9603765681385994,0.5861386369856717,9.0
2021-12-06,164.2899932861328,167.8800048828125,164.27999877929688,165.32000732421875,107497000,-0.1529141806997359,-1.5291418069973588,0.915208961814642,-0.929006539285183,0.7006698534416642,10.0
2021-12-07,169.0800018310547,171.5800018310547,168.33999633789062,171.17999267578125,120405400,0.3605645472327104,4.687339114025235,0.9215972442179918,-0.9523100005462766,0.732073020622781,13.0
2021-12-08,172.1300048828125,175.9600067138672,170.6999969482422,175.0800018310547,116998900,-0.010759156476706267,-0.21518312953412533,0.9170958008617163,-0.9452314022928476,0.5185488438865061,20.0
2021-12-09,174.91000366210938,176.75,173.9199981689453,174.55999755859375,108923700,0.12030039892038878,2.0451067816466093,0.8285855408757925,-0.960072997957468,0.6430697398078902,17.0
2021-12-10,175.2100067138672,179.6300048828125,174.69000244140625,179.4499969482422,115402700,-0.24575169487959808,-2.211765253916383,0.5916539989411831,-0.9487196896225214,0.5632486176094151,9.0
2021-12-13,181.1199951171875,182.1300048828125,175.52999877929688,175.74000549316406,153237000,0.07773992316307206,1.4770585400983691,0.9338598698377609,-0.9649886013939977,0.6310823630412248,19.0
2021-12-14,175.25,177.74000549316406,172.2100067138672,174.3300018310547,139380400,0.15256654573604464,3.051330914720893,0.9192615859210491,-0.9556137407198548,0.613193568591572,20.0
2021-12-15,175.11000061035156,179.5,172.30999755859375,179.3000030517578,131063300,-0.39164353244834477,-3.524791792035103,0.8339760955423117,-0.9418194508180022,0.6818384401478307,9.0
2021-12-16,179.27999877929688,181.13999938964844,170.75,172.25999450683594,150185800,-0.3196679906609158,-4.795019859913737,0.9323529805988073,-0.965292617212981,0.6360247688849092,15.0
2021-12-17,169.92999267578125,173.47000122070312,169.69000244140625,171.13999938964844,195432700,-0.13519831684728464,-0.8111899010837078,0.8820068137720227,-0.9281991552561522,0.6952960322419641,6.0
2021-12-20,168.27999877929688,170.5800018310547,167.4600067138672,169.75,107499100,-0.290733556662287,-2.035134896636009,0.23745398595929146,-0.9405913548544049,0.5381853443421313,7.0
2021-12-21,171.55999755859375,173.1999969482422,169.1199951171875,172.99000549316406,91185900,-0.0358943649334833,-0.43073237920179963,0.9068420901894569,-0.9577274890616536,0.7190073344647087,12.0
2021-12-22,173.0399932861328,175.86000061035156,172.14999389648438,175.63999938964844,92135300,0.09203674858435988,0.9203674858435988,0.823732428252697,-0.7997068017721176,0.42435698420682977,10.0
2021-12-23,175.85000610351562,176.85000610351562,175.27000427246094,176.27999877929688,68356600,-0.6223800574429333,-3.1119002872146666,0.23276396468281746,-0.9665527767501771,0.51052705150185,5.0
2021-12-27,177.08999633789062,180.4199981689453,177.07000732421875,180.3300018310547,74919600,-0.018781489202458607,-0.35684829484671354,0.9316424541175365,-0.9381372118368745,0.6545896393174488,19.0
2021-12-28,180.16000366210935,181.3300018310547,178.52999877929688,179.2899932861328,79144300,-0.2221711822785437,-2.221711822785437,0.7694683913141489,-0.9559505246579647,0.6700242080165965,10.0
2021-12-29,179.3300018310547,180.6300048828125,178.13999938964844,179.3800048828125,62348900,-0.08057995712650674,-0.5640596998855472,0.8596336282789707,-0.8660773560404778,0.5373598589578072,7.0
2021-12-30,179.47000122070312,180.57000732421875,178.08999633789062,178.1999969482422,59773000,0.18163934350013733,1.9980327785015106,0.9080104902386665,-0.46395422518253326,0.3739346210497681,11.0
2021-12-31,178.08999633789062,179.22999572753906,177.25999450683594,177.57000732421875,64062300,0.1812701082089916,1.4501608656719327,0.931941932067275,-0.5342481695115566,0.48947765977632013,8.0
2022-01-03,177.8300018310547,182.8800048828125,177.7100067138672,182.00999450683597,104487900,0.43585365703329443,4.358536570332944,0.9195863790810108,-0.014749733731150627,0.4079365835768994,10.0
2022-01-04,182.6300048828125,182.94000244140625,179.1199951171875,179.6999969482422,99310400,0.24098871350288392,3.6148307025432587,0.9238884169608355,-0.9141442086547613,0.5027398827773522,15.0
2022-01-05,179.61000061035156,180.1699981689453,174.63999938964844,174.9199981689453,94537600,0.05775186698883772,0.5775186698883772,0.8996033165603876,-0.9621931780129671,0.6626222736154194,10.0
2022-01-06,172.6999969482422,175.3000030517578,171.63999938964844,172.0,96904000,-0.22494726837612689,-2.249472683761269,0.8129114652983844,-0.796789787709713,0.5465038740689263,10.0
2022-01-07,172.88999938964844,174.13999938964844,171.02999877929688,172.1699981689453,86709100,0.1510598652996123,1.5105986529961228,0.933109937235713,-0.940259525552392,0.6399817150141135,10.0
2022-01-10,169.0800018310547,172.5,168.1699981689453,172.19000244140625,106765600,0.2878639738385876,3.4543676860630512,0.8730651969090104,-0.041258856654167175,0.34260424062962697,12.0
2022-01-11,172.32000732421875,175.17999267578125,170.82000732421875,175.0800018310547,76138300,-0.027890983689576387,-0.2789098368957639,0.7577144335955381,-0.6113194078207016,0.35983608887950413,10.0
2022-01-12,176.1199951171875,177.17999267578125,174.82000732421875,175.52999877929688,74805200,0.34810919345666963,3.132982741110027,0.9247910901904106,-0.19758404791355133,0.46699599157622823,9.0
2022-01-13,175.77999877929688,176.6199951171875,171.7899932861328,172.19000244140625,84505800,0.060147302225232124,0.6616203244775534,0.9224387519061565,-0.9659555144608021,0.6867119381229697,11.0
2022-01-14,171.33999633789062,173.77999877929688,171.08999633789062,173.07000732421875,80440800,0.046453420792452314,0.5109876287169755,0.9000497562810779,-0.9441679255105555,0.708427184974248,11.0
2022-01-18,171.50999450683594,172.5399932861328,169.41000366210938,169.8000030517578,90956700,0.4993753461883618,6.491879500448704,0.9214592650532722,0.0046177878975868225,0.4112051014642624,13.0
2022-01-19,170.0,171.0800018310547,165.94000244140625,166.22999572753906,94815000,0.18691208013998611,1.3083845609799027,0.9202908761799335,-0.8021700829267502,0.5791973138561777,7.0
2022-01-20,166.97999572753906,169.67999267578125,164.17999267578125,164.50999450683594,91420500,0.13310334272682667,1.19793008454144,0.9132562102749944,-0.9206455238163471,0.5127013109679891,9.0
2022-01-21,164.4199981689453,166.3300018310547,162.3000030517578,162.41000366210938,122848900,0.047130178552694045,0.6126923211850226,0.9047100581228733,-0.9516657865606248,0.622673019724296,13.0
2022-01-24,160.02000427246094,162.3000030517578,154.6999969482422,161.6199951171875,162294600,-0.09858271103751447,-1.3801579545252025,0.8186494847759604,-0.962231894955039,0.6380300293567851,14.0
2022-01-25,158.97999572753906,162.75999450683594,157.02000427246094,159.77999877929688,115798400,-0.09666897946347792,-1.1600277535617352,0.8882493767887354,-0.9622017610818148,0.5788191235775557,12.0
2022-01-26,163.5,164.38999938964844,157.82000732421875,159.69000244140625,108275300,0.051389548368752,0.51389548368752,0.9184635858982801,-0.8933650590479374,0.6854991065278889,10.0
2022-01-27,162.4499969482422,163.83999633789062,158.27999877929688,159.22000122070312,121954600,0.07350042193467098,2.2785130799748003,0.9251072816550732,-0.9657189273275435,0.5848394790253176,31.0
2022-01-28,165.7100067138672,170.35000610351562,162.8000030517578,170.3300018310547,179935700,0.3345177826161186,10.035533478483558,0.9300194662064314,-0.9586605252698064,0.5441971440885904,30.0
2022-01-31,170.16000366210938,175.0,169.50999450683594,174.77999877929688,115541600,0.15328020392917097,1.8393624471500516,0.9238211940973997,-0.952532741241157,0.6960324652839691,12.0
2022-02-01,174.00999450683594,174.83999633789062,172.30999755859375,174.61000061035156,86213900,0.06521038804203272,0.8477350445464253,0.9152546785771847,-0.9350003330036998,0.6455849140731548,13.0
2022-02-02,174.75,175.8800048828125,173.3300018310547,175.83999633789062,84914300,-0.028720677131786942,-0.22976541705429554,0.9291618801653385,-0.8219031877815723,0.6568340441603314,8.0
2022-02-03,174.47999572753906,176.24000549316406,172.1199951171875,172.89999389648438,89418100,-0.38690722867956057,-6.57742288755253,0.2066575065255165,-0.9681873745284975,0.4399579283996174,17.0
2022-02-04,171.67999267578125,174.10000610351562,170.67999267578125,172.38999938964844,82465400,-0.008691668882966042,-0.13037503324449062,0.9356293808668852,-0.8948374930769205,0.6026391494231116,15.0
2022-02-07,172.86000061035156,173.9499969482422,170.9499969482422,171.66000366210938,77251200,-0.2559936128091067,-3.0719233537092805,0.9311638288199902,-0.9659186052158475,0.7468653139560306,12.0
2022-02-08,171.72999572753906,175.35000610351562,171.42999267578125,174.8300018310547,74829200,-0.004724952640632788,-0.07087428960949183,0.7034442946314812,-0.9628132861107588,0.4342620345713955,15.0
2022-02-09,176.0500030517578,176.64999389648438,174.89999389648438,176.27999877929688,71285000,-0.14512161910533905,-1.8865810483694077,0.9214796107262373,-0.9574436601251364,0.5578990615082291,13.0
2022-02-10,174.13999938964844,175.47999572753906,171.5500030517578,172.1199951171875,90865900,-0.1306971838697791,-0.6534859193488955,0.1822354905307293,-0.885031714104116,0.4302022668245025,5.0
2022-02-11,172.3300018310547,173.0800018310547,168.0399932861328,168.63999938964844,98670700,-0.1264232023153454,-1.264232023153454,0.8577448669821024,-0.9581137648783624,0.5939988364862456,10.0
2022-02-14,167.3699951171875,169.5800018310547,166.55999755859375,168.8800048828125,86185500,0.13711519557982682,0.6855759778991342,0.48529732041060925,-0.04743882641196251,0.21394627111626008,5.0
2022-02-15,170.97000122070312,172.9499969482422,170.25,172.7899932861328,62527400,0.3403505828852455,4.084206994622946,0.9273747764527798,-0.18518175184726715,0.4315848512651026,12.0
2022-02-16,171.85000610351562,173.33999633789062,170.0500030517578,172.5500030517578,61177400,-0.0551968433169855,-0.4967715898528695,0.9238539729267359,-0.9463586723431945,0.6692409335833719,9.0
2022-02-17,171.02999877929688,171.91000366210938,168.47000122070312,168.8800048828125,69589300,0.02590413996949792,0.2590413996949792,0.9345140308141708,-0.8507929444313049,0.6651677595215649,10.0
2022-02-18,169.82000732421875,170.5399932861328,166.19000244140625,167.3000030517578,82772700,-0.07581385876983404,-0.7581385876983404,0.8896974138915539,-0.9475012784823775,0.6031858182342145,10.0
2022-02-22,164.97999572753906,166.69000244140625,162.14999389648438,164.32000732421875,91162800,0.03261320066771337,0.4565848093479872,0.9116491451859474,-0.9362853020429611,0.3761414831292601,14.0
2022-02-23,165.5399932861328,166.14999389648438,159.75,160.07000732421875,90009200,-0.2398346422373184,-1.678842495661229,0.6924024224281311,-0.9619060256518424,0.6309318922042014,7.0
2022-02-24,152.5800018310547,162.85000610351562,152.0,162.74000549316406,141147500,-0.019583238288760185,-0.07833295315504074,0.9171725418418646,-0.9516756040975451,0.765099728288241,4.0
2022-02-25,163.83999633789062,165.1199951171875,160.8699951171875,164.85000610351562,91974200,-0.48652119655162096,-1.4595635896548629,0.048136246390640736,-0.8732133880257607,0.47816479789014954,3.0
2022-02-28,163.05999755859375,165.4199981689453,162.42999267578125,165.1199951171875,95056600,-0.04803777403301663,-0.43233996629714966,0.9168210132047534,-0.9445330630987883,0.6424622693603149,9.0
2022-03-01,164.6999969482422,166.60000610351562,161.97000122070312,163.1999969482422,83474400,-0.3471857939148322,-2.7774863513186574,0.7280351482331753,-0.9021838996559381,0.6039484263220035,8.0
2022-03-02,164.38999938964844,167.36000061035156,162.9499969482422,166.55999755859375,79724800,0.02989743595632414,0.3587692314758897,0.9269210547208786,-0.9163312595337629,0.4867801579383277,12.0
2022-03-03,168.47000122070312,168.91000366210938,165.5500030517578,166.22999572753906,76678400,-0.24741384867005622,-3.216380032710731,0.8961929809302092,-0.9514042250812054,0.5585729600055733,13.0
2022-03-04,164.49000549316406,165.5500030517578,162.10000610351562,163.1699981689453,83737200,-0.10061004688031971,-0.8048803750425577,0.8669857382774353,-0.9130866248160601,0.5893075170145069,8.0
2022-03-07,163.36000061035156,165.02000427246094,159.0399932861328,159.3000030517578,96418800,0.07887223760851404,0.8675946136936545,0.9017012789845467,-0.8440033970400691,0.5014162334869889,11.0
2022-03-08,158.82000732421875,162.8800048828125,155.8000030517578,157.44000244140625,131148300,0.04151534315112025,1.7851597554981709,0.9326392542570829,-0.9520771140232682,0.3782963120019338,43.0
2022-03-09,161.47999572753906,163.41000366210938,159.41000366210938,162.9499969482422,91454900,0.1371721978066489,2.1947551649063826,0.884883850812912,-0.8496243469417095,0.5103416778830707,16.0
2022-03-10,160.1999969482422,160.38999938964844,155.97999572753906,158.52000427246094,105342000,0.045047925086691976,0.6306709512136877,0.9202129160985351,-0.9624918201006949,0.5407056278358263,14.0
2022-03-11,158.92999267578125,159.27999877929688,154.5,154.72999572753906,96970100,0.11650256207212806,1.864040993154049,0.9399634227156639,-0.9205964654684067,0.4639924874804145,16.0
2022-03-14,151.4499969482422,154.1199951171875,150.10000610351562,150.6199951171875,108732100,-0.35519910477367894,-7.459181200247258,0.6927662417292595,-0.9657057244330645,0.549884403945416,21.0
2022-03-15,150.89999389648438,155.57000732421875,150.3800048828125,155.08999633789062,92964300,-0.10333987682436903,-1.2400785218924284,0.9147361852228642,-0.9426753921434283,0.5977610038118516,12.0
2022-03-16,157.0500030517578,160.0,154.4600067138672,159.58999633789062,102300200,-0.05237622163258493,-0.5237622163258493,0.8761407639831305,-0.9421034171245992,0.6109810722504061,10.0
2022-03-17,158.61000061035156,161.0,157.6300048828125,160.6199951171875,75615400,0.042242628242820504,0.422426282428205,0.848390556871891,-0.8621030934154987,0.5557147566780767,10.0
2022-03-18,160.50999450683594,164.47999572753906,159.75999450683594,163.97999572753906,123511700,0.15806794890130943,2.0548833357170224,0.9400595035403967,-0.8240283392369747,0.4428595183818765,13.0
2022-03-21,163.50999450683594,166.35000610351562,163.00999450683594,165.3800048828125,95811400,-0.25364202603369074,-4.311914442572743,0.844851890578866,-0.9665026962757111,0.6369733535912875,17.0
2022-03-22,165.50999450683594,169.4199981689453,164.91000366210938,168.82000732421875,81532000,0.05789374519372359,0.9262999230995774,0.821512533351779,-0.9181372541934252,0.527672780041814,16.0
2022-03-23,167.99000549316406,172.63999938964844,167.64999389648438,170.2100067138672,98062700,0.17877936710913975,2.6816905066370964,0.7820762740448117,-0.008743342012166977,0.24118416678779545,15.0
2022-03-24,171.05999755859375,174.13999938964844,170.2100067138672,174.07000732421875,90131400,0.05353047634707764,0.8564876215532422,0.5875374972820282,-0.6039278768002987,0.2716881067432398,16.0
2022-03-25,173.8800048828125,175.27999877929688,172.75,174.72000122070312,80546200,-0.15897277522493491,-1.7487005274742842,0.4557693609967828,-0.9444821625947952,0.4732619433228037,11.0
2022-03-28,172.1699981689453,175.72999572753906,172.0,175.60000610351562,90371900,-0.07091283810635408,-1.0636925715953112,0.9284411948174238,-0.9547883858904243,0.7085526942039626,15.0
2022-03-29,176.69000244140625,179.00999450683594,176.33999633789062,178.9600067138672,100589400,-0.11292317660991102,-1.8067708257585764,0.9230643883347511,-0.9520274614915252,0.6094703494023653,16.0
2022-03-30,178.5500030517578,179.61000061035156,176.6999969482422,177.77000427246094,92633200,-0.0811134636523607,-1.865609664004296,0.840394664555788,-0.9504113136790693,0.4469096426540807,23.0
2022-03-31,177.83999633789062,178.02999877929688,174.39999389648438,174.61000061035156,103049300,-0.004522321331832144,-0.08140178397297859,0.9223243882879615,-0.9677437953650951,0.6234808472379415,18.0
2022-04-01,174.02999877929688,174.8800048828125,171.94000244140625,174.30999755859375,78751300,0.08054855683197577,0.9665826819837093,0.9167609363794327,-0.9671688200905919,0.5617893061997545,12.0
2022-04-04,174.57000732421875,178.49000549316406,174.44000244140625,178.44000244140625,76468400,-0.2648668820038438,-3.1784025840461254,0.17612190544605255,-0.9480875069275498,0.4587417826106537,12.0
2022-04-05,177.5,178.3000030517578,174.4199981689453,175.05999755859375,73401800,-0.028938132930885662,-0.3183194622397423,0.8670171461999416,-0.962473058141768,0.651242414355977,11.0
2022-04-06,172.36000061035156,173.6300048828125,170.1300048828125,171.8300018310547,89058800,-0.2738501946441829,-2.1908015571534634,0.589775662869215,-0.9585692500695586,0.5494904907600596,8.0
2022-04-07,171.16000366210938,173.36000061035156,169.85000610351562,172.13999938964844,77594700,0.054140988690778616,1.0828197738155723,0.9009994482621551,-0.957919530570507,0.5093217206440954,20.0
2022-04-08,171.77999877929688,171.77999877929688,169.1999969482422,170.08999633789062,76575500,0.32978124349998933,3.9573749219998717,0.9279630798846483,-0.8585519697517157,0.5473851104571049,12.0
2022-04-11,168.7100067138672,169.02999877929688,165.5,165.75,72246700,-0.00010389544897609287,-0.0009350590407848358,0.8322022184729576,-0.8583306670188904,0.570141481675923,9.0
2022-04-12,168.02000427246094,169.8699951171875,166.63999938964844,167.66000366210938,79265200,-0.04105906208189061,-1.0675356141291559,0.9075377117842436,-0.9612668794579804,0.5426259713822774,26.0
2022-04-13,167.38999938964844,171.0399932861328,166.77000427246094,170.39999389648438,70618900,-0.24286101937580568,-3.1571932518854737,0.7545855166390538,-0.9642096781171858,0.6344462044590159,13.0
2022-04-14,170.6199951171875,171.27000427246094,165.0399932861328,165.2899932861328,75329400,0.06293686997378245,0.5034949597902596,0.9286374803632498,-0.9594798083417118,0.6030898999530593,8.0
2022-04-18,163.9199981689453,166.60000610351562,163.57000732421875,165.07000732421875,69023900,-0.23799835494719446,-2.8559802593663335,0.3964538387954235,-0.9143209550529718,0.464642668695739,12.0
2022-04-19,165.02000427246094,167.82000732421875,163.91000366210938,167.39999389648438,67723800,0.05455889585069739,0.7092656460590661,0.9184238649904728,-0.9637357131578028,0.5515073158106769,13.0
2022-04-20,168.75999450683594,168.8800048828125,166.10000610351562,167.22999572753906,67929800,0.008432459821434398,0.16021673660725355,0.9267070386558771,-0.9220923762768507,0.5381089639609175,19.0
2022-04-21,168.91000366210938,171.52999877929688,165.91000366210938,166.4199981689453,87227800,-0.2909241032062305,-2.618316928856075,0.11402006074786186,-0.9636044539511204,0.48544527345611593,9.0
2022-04-22,166.4600067138672,167.8699951171875,161.5,161.7899932861328,84882400,0.1274317504139617,1.0194540033116937,0.9315192066133022,-0.9659711075946689,0.7440519861167759,8.0
2022-04-25,161.1199951171875,163.1699981689453,158.4600067138672,162.8800048828125,96046400,-0.10789566468024119,-2.373704622965306,0.9180208975449204,-0.9616267047822475,0.6539027701805528,22.0
2022-04-26,162.25,162.33999633789062,156.72000122070312,156.8000030517578,95623200,0.026057219753662746,0.3908582963049412,0.8066020328551531,-0.9637756189331412,0.4566679515086453,15.0
2022-04-27,155.91000366210938,159.7899932861328,155.3800048828125,156.57000732421875,88063200,-0.21246695762070325,-2.7620704490691423,0.3929426986724138,-0.9450385086238384,0.4146490207486712,13.0
2022-04-28,159.25,164.52000427246094,158.92999267578125,163.63999938964844,130216800,0.06805690692737698,3.4028453463688493,0.9040996190160513,-0.9620998799800873,0.5349707183284417,50.0
2022-04-29,161.83999633789062,166.1999969482422,157.25,157.64999389648438,131747600,-0.31580094527453184,-7.895023631863296,0.7614517956972122,-0.966939183883369,0.523715749630703,25.0
2022-05-02,156.7100067138672,158.22999572753906,153.27000427246094,157.9600067138672,123055300,-0.23996989782351782,-4.079488262999803,0.14484507171437144,-0.9650026578456163,0.407135472186171,17.0
2022-05-03,158.14999389648438,160.7100067138672,156.32000732421875,159.47999572753906,88966500,-0.09626619660605987,-1.443992949090898,0.4842302240431309,-0.9271063227206469,0.3858839861962483,15.0
2022-05-04,159.6699981689453,166.47999572753906,159.25999450683594,166.02000427246094,108256500,0.04850158038047644,0.6305205449461937,0.8872332870960236,-0.8768498115241528,0.5380681985342719,13.0
2022-05-05,163.85000610351562,164.0800018310547,154.9499969482422,156.77000427246094,130525300,-0.25997718299428624,-4.679589293897152,0.5289686638861895,-0.9650930454954505,0.5536590342295503,18.0
2022-05-06,156.00999450683594,159.44000244140625,154.17999267578125,157.27999877929688,116124600,-0.1240320511029235,-1.736448715440929,0.6466644145548344,-0.968280479311943,0.510252806216026,14.0
2022-05-09,154.92999267578125,155.8300018310547,151.49000549316406,152.05999755859375,131577900,-0.21121030748777447,-4.435416457243264,0.8540995381772518,-0.966531221754849,0.58548663527238,21.0
2022-05-10,155.52000427246094,156.74000549316406,152.92999267578125,154.50999450683594,115366700,-0.1748064407147467,-2.7969030514359474,0.6298461286351085,-0.9669971195980906,0.5242674784961814,16.0
2022-05-11,153.5,155.4499969482422,145.80999755859375,146.5,142689800,0.03447114831457535,0.41365377977490425,0.9316941108554602,-0.9612963451072574,0.5873837757732908,12.0
2022-05-12,142.77000427246094,146.1999969482422,138.8000030517578,142.55999755859375,182602000,0.08436316810548306,1.7716265302151442,0.9263850171118975,-0.9679195061326027,0.6112764559992686,21.0
2022-05-13,144.58999633789062,148.10000610351562,143.11000061035156,147.11000061035156,113990900,0.0034527501557022333,0.027622001245617867,0.8371675973758101,-0.7453018128871918,0.5189769359053751,8.0
2022-05-16,145.5500030517578,147.52000427246094,144.17999267578125,145.5399932861328,86643800,0.11286055315285921,1.128605531528592,0.7007990330457687,-0.3970819879323244,0.28665161597537303,10.0
2022-05-17,148.86000061035156,149.77000427246094,146.67999267578125,149.24000549316406,78336300,0.22739972251777849,4.093195005320013,0.8559126034379005,-0.9474758496508002,0.5213826737099029,18.0
2022-05-18,146.85000610351562,147.36000061035156,139.89999389648438,140.82000732421875,109742900,-0.14392310302355327,-2.3027696483768523,0.6234015002846718,-0.966366324108094,0.5366869490309781,16.0
2022-05-19,139.8800048828125,141.66000366210938,136.60000610351562,137.35000610351562,136095600,0.02328399283049459,0.5122478422708809,0.9006477911025286,-0.9654696942307055,0.5491472140094501,22.0
2022-05-20,139.08999633789062,140.6999969482422,132.61000061035156,137.58999633789062,137426100,-0.03137539024464786,-0.43925546342507005,0.9242347087711096,-0.9667653334327042,0.6000936019742691,14.0
2022-05-23,137.7899932861328,143.25999450683594,137.64999389648438,143.11000061035156,117726300,0.03895688494667411,0.7791376989334822,0.9266103059053421,-0.9454181334003806,0.5807521662338051,20.0
2022-05-24,140.80999755859375,141.97000122070312,137.3300018310547,140.36000061035156,104132700,-0.13549150159815326,-2.167864025570452,0.9341304581612349,-0.9663966028019786,0.624791055332693,16.0
2022-05-25,138.42999267578125,141.7899932861328,138.33999633789062,140.52000427246094,92482700,0.03396901022642851,0.6114421840757132,0.8917004223912954,-0.9642193587496877,0.6189180797820074,18.0
2022-05-26,137.38999938964844,144.33999633789062,137.13999938964844,143.77999877929688,90601500,0.04126097704283893,0.4951317245140672,0.786058746278286,-0.9519249862059951,0.5473740418484165,12.0
2022-05-27,145.38999938964844,149.67999267578125,145.25999450683594,149.63999938964844,90978500,-0.11039634100678894,-0.9935670690611005,0.4783910121768713,-0.9082575272768736,0.40273142609014895,9.0
2022-05-31,149.07000732421875,150.66000366210938,146.83999633789062,148.83999633789062,103718400,0.11594499386329618,2.087009889539331,0.8988774726167321,-0.959799942560494,0.5261601835454913,18.0
2022-06-01,149.89999389648438,151.74000549316406,147.67999267578125,148.7100067138672,74286600,0.10500254634429108,1.1550280097872019,0.8954684594646096,-0.7432928718626499,0.4163673890904232,11.0
2022-06-02,147.8300018310547,151.27000427246094,146.86000061035156,151.2100067138672,72348100,-0.027363731029133,-0.41045596543699503,0.8154937867075205,-0.8031291849911213,0.44250470930627045,15.0
2022-06-03,146.89999389648438,147.97000122070312,144.4600067138672,145.3800048828125,88570300,0.044556007924256846,0.7128961267881095,0.8860984165221453,-0.9662697287276387,0.5572437542693395,16.0
2022-06-06,147.02999877929688,148.57000732421875,144.89999389648438,146.13999938964844,71598400,0.12007348059624848,8.64529060292989,0.9350760476663709,-0.9645055122673512,0.4108264383051504,72.0
2022-06-07,144.35000610351562,149.0,144.10000610351562,148.7100067138672,67808200,0.08785657815473236,2.020701297558844,0.8954734262079,-0.9603583980351686,0.4644287224677529,23.0
2022-06-08,148.5800018310547,149.8699951171875,147.4600067138672,147.9600067138672,53950200,0.1585228721877294,2.2193202106282115,0.9270221013575792,-0.8651285357773304,0.46263794486751514,14.0
2022-06-09,147.0800018310547,147.9499969482422,142.52999877929688,142.63999938964844,69473000,-0.04358119345628298,-0.5665555149316788,0.6143768727779388,-0.9331250600516796,0.43491895882245,13.0
2022-06-10,140.27999877929688,140.75999450683594,137.05999755859375,137.1300048828125,91437900,-0.3313993492629379,-4.639590889681131,0.5248112436383963,-0.9665521462447941,0.5609925055642583,14.0
2022-06-13,132.8699951171875,135.1999969482422,131.44000244140625,131.8800048828125,122207100,0.038931635208427906,0.5839745281264186,0.9304555095732212,-0.967367802746594,0.6104973568674412,15.0
2022-06-14,133.1300048828125,133.88999938964844,131.47999572753906,132.75999450683594,84784300,-0.08484103183986412,-1.5271385731175542,0.9200617475435138,-0.9443064481019974,0.4969110767088894,18.0
2022-06-15,134.2899932861328,137.33999633789062,132.16000366210938,135.42999267578125,91533000,0.08039251094063123,1.2058876641094685,0.8881467524915934,-0.9677963191643357,0.5021202169063843,15.0
2022-06-16,132.0800018310547,132.38999938964844,129.0399932861328,130.05999755859375,108123900,0.03433290539452663,0.44632777012884617,0.8974218741059303,-0.9508141800761223,0.39332515561961673,13.0
2022-06-17,130.07000732421875,133.0800018310547,129.80999755859375,131.55999755859375,134520300,0.4894280162989162,3.9154241303913295,0.8984431382268667,0.01730262115597725,0.3965650959483795,8.0
2022-06-21,133.4199981689453,137.05999755859375,133.32000732421875,135.8699951171875,81000500,0.041686694476414814,0.4585536392405629,0.8600644115358591,-0.9403624413534999,0.5629809775989848,11.0
2022-06-22,134.7899932861328,137.75999450683594,133.91000366210938,135.35000610351562,73409200,-0.11418186068873513,-1.2560004675760865,0.8875631745904684,-0.961575292982161,0.5417181862257336,11.0
2022-06-23,136.82000732421875,138.58999633789062,135.6300048828125,138.27000427246094,72433800,0.02351239405106753,0.18809915240854025,0.4214811911806464,-0.9400599161162972,0.42449566455185866,8.0
2022-06-24,139.89999389648438,141.91000366210938,139.77000427246094,141.66000366210938,89116800,0.03450697485138388,0.586618572473526,0.9325838731601834,-0.8253255486488342,0.4755337491495068,17.0
2022-06-27,142.6999969482422,143.49000549316406,140.97000122070312,141.66000366210938,70207900,0.0839688781249736,1.1755642937496305,0.9185367170721292,-0.47905098646879196,0.37596934002426613,14.0
2022-06-28,142.1300048828125,143.4199981689453,137.32000732421875,137.44000244140625,67083400,-0.17782813010853715,-2.8452500817365944,0.9333805851638317,-0.9673248208127916,0.7206056549361664,16.0
2022-06-29,137.4600067138672,140.6699981689453,136.6699981689453,139.22999572753906,66242400,-0.19032850526855327,-3.0452560842968524,0.908352873288095,-0.9683392010629177,0.5853520518845443,16.0
2022-06-30,137.25,138.3699951171875,133.77000427246094,136.72000122070312,98964500,0.03572201152564958,0.5715521844103932,0.8781458996236324,-0.9673258997499943,0.5761669134541052,16.0
2022-07-01,136.0399932861328,139.0399932861328,135.66000366210938,138.92999267578125,71051600,-0.24965061149042514,-4.4937110068276525,0.9338649082928896,-0.9633833048865199,0.5870331645922273,18.0
2022-07-05,137.77000427246094,141.61000061035156,136.92999267578125,141.55999755859375,73353800,0.10146201647479426,1.1160821812227368,0.8719402961432934,-0.946597782894969,0.4622446183588331,11.0
2022-07-06,141.35000610351562,144.1199951171875,141.0800018310547,142.9199981689453,74064300,0.07277452614572313,0.6549707353115082,0.5505635067820549,-0.44646583683788776,0.2687405055561373,9.0
2022-07-07,143.2899932861328,146.5500030517578,143.27999877929688,146.35000610351562,66253700,-0.04528664782022437,-0.2717198869213462,0.16759785264730453,-0.48921496979892254,0.22694272558308187,6.0
2022-07-08,145.25999450683594,147.5500030517578,145.0,147.0399932861328,64547800,-0.2682470364496112,-2.682470364496112,0.09985104948282242,-0.9556201696395874,0.4684172511221764,10.0
2022-07-11,145.6699981689453,146.63999938964844,143.77999877929688,144.8699951171875,63141600,-0.03930587377399206,-0.5895881066098809,0.9065437763929367,-0.9651530720293522,0.4330795396376259,15.0
2022-07-12,145.75999450683594,148.4499969482422,145.0500030517578,145.86000061035156,77588800,-0.14728001471270213,-1.6200801618397236,0.924955990165472,-0.9604386556893587,0.5213725932389677,11.0
2022-07-13,142.99000549316406,146.4499969482422,142.1199951171875,145.49000549316406,71185600,-0.2175609182852965,-2.8282919377088547,0.3729381412267685,-0.9671766813844442,0.4662381338812996,13.0
2022-07-14,144.0800018310547,148.9499969482422,143.25,148.47000122070312,78140700,0.0065364061544338865,0.1372645292431116,0.934058016166091,-0.8977487310767174,0.49197392518963723,21.0
2022-07-15,149.77999877929688,150.86000061035156,148.1999969482422,150.1699981689453,76259900,-0.23257315976338255,-2.093158437870443,0.07383156102150679,-0.964346669614315,0.370945748194693,9.0
2022-07-18,150.74000549316406,151.57000732421875,146.6999969482422,147.07000732421875,81420900,-0.1156075743958354,-2.312151487916708,0.92448849696666,-0.9342079060152173,0.5941947693992818,20.0
2022-07-19,147.9199981689453,151.22999572753906,146.91000366210938,151.0,82982400,-0.1150256298482418,-1.725384447723627,0.9355133371427655,-0.9674812303856015,0.6459838512744924,15.0
2022-07-20,151.1199951171875,153.72000122070312,150.3699951171875,153.0399932861328,64823400,-0.05853651148370571,-1.0536572067067027,0.9248266164213419,-0.9384939670562744,0.6095239155955287,18.0
2022-07-21,154.5,155.57000732421875,151.94000244140625,155.35000610351562,65086600,0.07247465755790472,1.014645205810666,0.9112390195950866,-0.9366836016997695,0.5250640427980474,14.0
2022-07-22,155.38999938964844,156.27999877929688,153.41000366210938,154.08999633789062,66675400,-0.2871832695001593,-3.733382503502071,0.8839853219687939,-0.9684956790879369,0.5907392594307318,13.0
2022-07-25,154.00999450683594,155.0399932861328,152.27999877929688,152.9499969482422,53623900,-0.1796399321068417,-3.9520785063505173,0.7197435200214386,-0.9648010339587927,0.5166174726382624,22.0
2022-07-26,152.25999450683594,153.08999633789062,150.8000030517578,151.60000610351562,55138700,-0.22520853028717366,-2.4772938331589103,0.8151064515113831,-0.9614231893792748,0.5464659109781594,11.0
2022-07-27,152.5800018310547,157.3300018310547,152.16000366210938,156.7899932861328,78620700,-0.014897990920063522,-0.2681638365611434,0.9137842562049627,-0.9618226401507854,0.6050734865381306,18.0
2022-07-28,156.97999572753906,157.63999938964844,154.41000366210938,157.35000610351562,81378700,0.011964297180788385,0.43071469850838184,0.9342418797314167,-0.9670535298064351,0.6868623460937995,36.0
2022-07-29,161.24000549316406,163.6300048828125,159.5,162.50999450683594,101786900,0.0843128695062572,2.613698954693973,0.921228276565671,-0.9675434147939086,0.6560620845694112,31.0
2022-08-01,161.00999450683594,163.58999633789062,160.88999938964844,161.50999450683594,67829400,0.06288263473946315,0.8174742516130209,0.7875755727291107,-0.9658514130860567,0.41646205588255686,13.0
2022-08-02,160.10000610351562,162.41000366210938,159.6300048828125,160.00999450683594,59907000,-0.4417836193249307,-4.859619812574238,0.8134876415133476,-0.9681223849765956,0.6538317547157416,11.0
2022-08-03,160.83999633789062,166.58999633789062,160.75,166.1300048828125,82507500,0.05753419447976809,0.7479445282369852,0.8706381283700466,-0.253045417368412,0.2612820070332963,13.0
2022-08-04,166.00999450683594,167.19000244140625,164.42999267578125,165.80999755859375,55474100,-0.17997582955285907,-2.159709954634309,0.9112378228455782,-0.9543417384847999,0.5238975905334801,12.0
2022-08-05,163.2100067138672,165.85000610351562,163.0,165.35000610351562,56697000,-0.0716085574505004,-0.7876941319555044,0.9232498295605183,-0.9673444014042616,0.7213932010882997,11.0
2022-08-08,166.3699951171875,167.80999755859375,164.1999969482422,164.8699951171875,60276900,0.19971320970604817,2.9956981455907226,0.9148040506988764,-0.709829930216074,0.4795642122164316,15.0
2022-08-09,164.02000427246094,165.82000732421875,163.25,164.9199981689453,63135500,-0.17337218827257553,-2.600582824088633,0.8362994967028499,-0.9626673124730587,0.6122862039681899,15.0
2022-08-10,167.67999267578125,169.33999633789062,166.89999389648438,169.24000549316406,70170500,0.1727426160747806,1.5546835446730256,0.9166432172060013,-0.8317452780902386,0.5277240084462087,9.0
2022-08-11,170.05999755859375,170.99000549316406,168.19000244140625,168.49000549316406,57149200,0.08328153407917573,1.0826599430292845,0.9315931182354689,-0.9494947902858257,0.6024258100673613,13.0
2022-08-12,169.82000732421875,172.1699981689453,169.39999389648438,172.10000610351562,68039400,0.1674968506294218,1.8424653569236398,0.9238946158438921,-0.7203793078660965,0.4360763178361003,11.0
2022-08-15,171.52000427246094,173.38999938964844,171.35000610351562,173.19000244140625,54091700,0.06137207923457026,0.6137207923457026,0.5379552748054266,-0.9063067957758904,0.3969668947249269,10.0
2022-08-16,172.77999877929688,173.7100067138672,171.66000366210938,173.02999877929688,56377100,-0.15512968502430755,-1.7064265352673829,0.9113900456577539,-0.9639154467731714,0.705072982142318,11.0
2022-08-17,172.77000427246094,176.14999389648438,172.57000732421875,174.5500030517578,79542000,-0.09275686335084694,-2.5971921738237143,0.9100471800193191,-0.9657911136746407,0.6099352097068901,28.0
2022-08-18,173.75,174.89999389648438,173.1199951171875,174.14999389648438,62290100,-0.14571413727333912,-1.8942837845534086,0.7315770490095019,-0.9330342710018158,0.5244985545248518,13.0
2022-08-19,173.02999877929688,173.74000549316406,171.30999755859375,171.52000427246094,70346300,-0.04648299509768977,-0.7902109166607261,0.91716512106359,-0.95883743558079,0.6933728979514198,17.0
2022-08-22,169.69000244140625,169.86000061035156,167.13999938964844,167.57000732421875,69026800,-0.1595262822640293,-2.7119467984884977,0.8985842261463404,-0.9619947168976068,0.5864356158940485,17.0
2022-08-23,167.0800018310547,168.7100067138672,166.64999389648438,167.22999572753906,54147100,-0.03061367217451334,-0.4592050826177001,0.873475038446486,-0.9653781456872821,0.5324383914214901,15.0
2022-08-24,167.32000732421875,168.11000061035156,166.25,167.52999877929688,53841500,0.0632675966868798,0.7592111602425575,0.9112005028873682,-0.936591200530529,0.5901357914379654,12.0
2022-08-25,168.77999877929688,170.13999938964844,168.35000610351562,170.02999877929688,51218200,0.013626607693731784,0.06813303846865892,0.9353198101744056,-0.9234836436808109,0.6586981131697879,5.0
2022-08-26,170.57000732421875,171.0500030517578,163.55999755859375,163.6199951171875,78961000,-0.27323602786701584,-2.459124250803143,0.8584332540631294,-0.9655899037607014,0.5973459426396502,9.0
2022-08-29,161.14999389648438,162.89999389648438,159.82000732421875,161.3800048828125,73314000,-0.15896720126271247,-3.974180031567812,0.9275132277980447,-0.9665607935748994,0.6046287123547668,25.0
2022-08-30,162.1300048828125,162.55999755859375,157.72000122070312,158.91000366210938,77906200,-0.28872285604011266,-5.7744571208022535,0.8648902662098408,-0.9682234558276832,0.5243711748647905,20.0
2022-08-31,160.30999755859375,160.5800018310547,157.13999938964844,157.22000122070312,87991100,-0.5177875586785377,-5.177875586785376,0.012876499444246292,-0.9664742918685079,0.48064626373625785,10.0
2022-09-01,156.63999938964844,158.4199981689453,154.6699981689453,157.9600067138672,74229900,-0.1497723165832992,-2.096812432166189,0.8702391954138875,-0.9669466721825302,0.5837376994508358,14.0
2022-09-02,159.75,160.36000061035156,154.97000122070312,155.80999755859375,76957800,0.2273209100175235,2.0458881901577115,0.8103360319510102,-0.949319152161479,0.5609220782136616,9.0
2022-09-06,156.47000122070312,157.08999633789062,153.69000244140625,154.52999877929688,73714800,-0.04610665573885566,-0.8760264590382576,0.8979265168309212,-0.9604974184185266,0.593926815053191,19.0
2022-09-07,154.82000732421875,156.6699981689453,153.61000061035156,155.9600067138672,87449600,0.0022140540784657604,0.21919135376811028,0.8280023308470845,-0.9666421422734857,0.31920839785181715,99.0
2022-09-08,154.63999938964844,156.36000061035156,152.67999267578125,154.4600067138672,84923800,-0.312813526741229,-6.25627053482458,0.9157732147723436,-0.9682033085264266,0.5727661195438621,20.0
2022-09-09,155.47000122070312,157.82000732421875,154.75,157.3699951171875,68028800,0.18774947625669566,4.1304884776473045,0.9289919529110193,-0.9470022339373827,0.515073982660543,22.0
2022-09-12,159.58999633789062,164.25999450683594,159.3000030517578,163.42999267578125,104956000,0.06477253248586375,1.1011330522596836,0.931402986869216,-0.8724718764424324,0.6292792159724987,17.0
2022-09-13,159.89999389648438,160.5399932861328,153.3699951171875,153.83999633789062,122656600,0.023337509110569955,0.3500626366585493,0.9149973522871733,-0.9667701795697212,0.7015954687334176,15.0
2022-09-14,154.7899932861328,157.10000610351562,153.61000061035156,155.30999755859375,87965400,-0.42405166009086226,-8.905084861908108,0.9008424635976553,-0.965704464353621,0.569386483879614,21.0
2022-09-15,154.64999389648438,155.24000549316406,151.3800048828125,152.3699951171875,90481100,0.06246751930345507,1.0619478281587362,0.8834715038537979,-0.7377808168530464,0.5031449234394332,17.0
2022-09-16,151.2100067138672,151.35000610351562,148.3699951171875,150.6999969482422,162278800,-0.2084962585940957,-3.3359401375055313,0.5979162231087685,-0.9668322270736098,0.570206973145883,16.0
2022-09-19,149.30999755859375,154.55999755859375,149.10000610351562,154.47999572753906,81474200,-0.2705736173022735,-5.1408987287431955,0.2287547942250967,-0.9667609399184585,0.46144108364098785,19.0
2022-09-20,153.39999389648438,158.0800018310547,153.0800018310547,156.89999389648438,107689800,0.1635663335522016,2.9441940039396286,0.9176397584378719,-0.9290533689782023,0.5582550449844682,18.0
2022-09-21,157.33999633789062,158.74000549316406,153.60000610351562,153.72000122070312,101696800,0.036093217744068665,0.3970253951847553,0.8534730486571789,-0.9670286392793059,0.6523149154607842,11.0
2022-09-22,152.3800048828125,154.47000122070312,150.91000366210938,152.74000549316406,86652500,-0.3374860578527053,-5.06229086779058,0.919449083507061,-0.9469616776332259,0.6053087733419306,15.0
2022-09-23,151.19000244140625,151.47000122070312,148.55999755859375,150.42999267578125,96029900,-0.267916130400928,-3.750825825612992,0.8296969775110483,-0.9658088805153966,0.5690745399654725,14.0
2022-09-26,149.66000366210938,153.77000427246094,149.63999938964844,150.77000427246094,93339400,-0.38356278991947573,-4.602753479033709,0.5696622440591455,-0.9666607426479459,0.5840100882405345,12.0
2022-09-27,152.74000549316406,154.72000122070312,149.9499969482422,151.75999450683594,84442700,0.1476947192568332,1.7723366310819983,0.8896497823297977,-0.9355619996786118,0.6587884974107198,12.0
2022-09-28,147.63999938964844,150.63999938964844,144.83999633789062,149.83999633789062,146691400,-0.4717353574621181,-14.152060723863542,0.916820066049695,-0.9662660323083401,0.5158056919937191,30.0
2022-09-29,146.10000610351562,146.72000122070312,140.67999267578125,142.47999572753906,128138200,-0.13795677054187525,-3.173005722463131,0.9285302571952343,-0.9664337672293186,0.7207882520119628,23.0
2022-09-30,141.27999877929688,143.10000610351562,138.0,138.1999969482422,124925300,-0.41451760002722343,-6.217764000408351,0.751316693611443,-0.9672768260352314,0.6278825578160508,15.0
2022-10-03,138.2100067138672,143.07000732421875,137.69000244140625,142.4499969482422,114311700,-0.05670367887145594,-1.077369898557663,0.8850810807198286,-0.9659284306690097,0.672484497072615,19.0
2022-10-04,145.02999877929688,146.22000122070312,144.25999450683594,146.10000610351562,87830100,0.27745164434891195,5.549032886978239,0.937514565885067,-0.9632361121475697,0.6309929451933834,20.0
2022-10-05,144.07000732421875,147.3800048828125,143.00999450683594,146.39999389648438,79471000,0.09046658228284546,1.2665321519598365,0.9246554840356112,-0.9597915168851614,0.7559111582753227,14.0
2022-10-06,145.80999755859375,147.5399932861328,145.22000122070312,145.42999267578125,68402200,-0.12119229868627511,-1.5754998829215765,0.9238492380827665,-0.9630609885789454,0.7349849582702257,13.0
2022-10-07,142.5399932861328,143.10000610351562,139.4499969482422,140.08999633789062,85925600,-0.18291979766217992,-2.9267167625948787,0.9319770820438862,-0.9667110368609428,0.7152092104228455,16.0
2022-10-10,140.4199981689453,141.88999938964844,138.57000732421875,140.4199981689453,74899000,-0.46842697949614376,-7.4948316719383,0.38488239515572786,-0.9661197094246745,0.5308436155702917,16.0
2022-10-11,139.89999389648438,141.35000610351562,138.22000122070312,138.97999572753906,77033700,-0.2579277446916835,-5.674410383217037,0.8561795502901077,-0.9624811010435224,0.5530134364924367,22.0
2022-10-12,139.1300048828125,140.36000061035156,138.16000366210938,138.33999633789062,70433700,-0.006883827387355268,-0.11014123819768429,0.923853044398129,-0.8463372774422169,0.5411909366377619,16.0
2022-10-13,134.99000549316406,143.58999633789062,134.3699951171875,142.99000549316406,113224000,-0.14950811550287263,-3.1396704255603254,0.9317081803455949,-0.967251495923847,0.6389228130867064,21.0
2022-10-14,144.30999755859375,144.52000427246094,138.19000244140625,138.3800048828125,88598000,0.006944656970777682,0.09722519759088755,0.9171561747789383,-0.9660569680854678,0.7886799439432493,14.0
2022-10-17,141.07000732421875,142.89999389648438,140.27000427246094,142.41000366210938,85250900,-0.2970106725728041,-5.643202778883278,0.9209168646484613,-0.9666814412921667,0.5772389840364427,19.0
2022-10-18,145.49000549316406,146.6999969482422,140.61000061035156,143.75,99136600,-0.001034079058824674,-0.0237838183529675,0.916664369404316,-0.9557238542474806,0.535415438278606,23.0
2022-10-19,141.69000244140625,144.9499969482422,141.5,143.86000061035156,61758300,0.14358097628097644,1.5793907390907407,0.92770079895854,-0.9435709230601788,0.5958739647948277,11.0
2022-10-20,143.02000427246094,145.88999938964844,142.64999389648438,143.38999938964844,64522000,-0.03582866984204604,-0.46577270794659853,0.9325093757361174,-0.9624673621729016,0.5840134191584851,13.0
2022-10-21,142.8699951171875,147.85000610351562,142.64999389648438,147.27000427246094,86548600,-0.23287256168467657,-3.260215863585472,0.7293523922562599,-0.9648854834958911,0.6203520355019088,14.0
2022-10-24,147.19000244140625,150.22999572753906,146.0,149.4499969482422,75981900,0.05983885905394951,1.0770994629710913,0.9302572775632143,-0.9572012973949313,0.58897265176165,18.0
2022-10-25,150.08999633789062,152.49000549316406,149.36000061035156,152.33999633789062,74732300,-0.0005498556937608453,-0.009897402487695217,0.927125820890069,-0.9512660214677453,0.5963352554896816,18.0
2022-10-26,150.9600067138672,151.99000549316406,148.0399932861328,149.35000610351562,88194300,-0.1323553553837187,-2.250041041523218,0.9133605007082224,-0.9671699199825525,0.6298883196692748,17.0
2022-10-27,148.07000732421875,149.0500030517578,144.1300048828125,144.8000030517578,109180200,-0.21783694494754458,-8.495640852954239,0.9323992729187012,-0.9665478183887899,0.6559459384787396,39.0
2022-10-28,148.1999969482422,157.5,147.82000732421875,155.74000549316406,164762400,-0.14029652607860044,-4.489488834515214,0.9262776914983988,-0.9666886311024427,0.7509271869180162,32.0
2022-10-31,153.16000366210938,154.24000549316406,151.9199981689453,153.33999633789062,97943200,-0.1272794024249458,-2.927426255773753,0.9313402697443962,-0.9676798689179122,0.6345603119869965,23.0
2022-11-01,155.0800018310547,155.4499969482422,149.1300048828125,150.64999389648438,80379300,-0.18090950220357627,-2.170914026442915,0.9070948641747236,-0.9663543505594134,0.6591258211350077,12.0
2022-11-02,148.9499969482422,152.1699981689453,145.0,145.02999877929688,93604600,-0.26697794249390855,-4.538625022396445,0.899643856100738,-0.9678024686872959,0.7362478025079934,17.0
2022-11-03,142.05999755859375,142.8000030517578,138.75,138.8800048828125,97918500,-0.1671380122192204,-2.507070183288306,0.9241055091843009,-0.9669147036038339,0.636575453247873,15.0
2022-11-04,142.08999633789062,142.6699981689453,134.3800048828125,138.3800048828125,140814800,-0.13583386990995633,-2.852511268109083,0.9209924675524235,-0.9595956327393651,0.6542932754338291,21.0
2022-11-07,137.11000061035156,139.14999389648438,135.6699981689453,138.9199981689453,83374600,-0.3710771475918591,-9.276928689796478,0.43407265841960907,-0.9662589598447084,0.4994442400592509,25.0
2022-11-08,140.41000366210938,141.42999267578125,137.49000549316406,139.5,89908500,-0.05608721054159105,-0.8973953686654568,0.9219844061881304,-0.9138353317975998,0.5907514406029376,16.0
2022-11-09,138.5,138.5500030517578,134.58999633789062,134.8699951171875,74917800,-0.16286564834881573,-3.257312966976315,0.88451490085572,-0.965919102076441,0.6791942591617104,20.0
2022-11-10,141.24000549316406,146.8699951171875,139.5,146.8699951171875,118854000,-0.01998825537573014,-0.41975336289033294,0.9084393512457609,-0.9630707274191082,0.7563613715687729,21.0
2022-11-11,145.82000732421875,150.00999450683594,144.3699951171875,149.6999969482422,93979700,0.01133696548640728,0.15871751680970192,0.9062780030071735,-0.8520033359527588,0.6490059861110049,14.0
2022-11-14,148.97000122070312,150.27999877929688,147.42999267578125,148.27999877929688,73374100,0.12100372835993767,2.2990708388388157,0.9279234353452921,-0.9574145916849375,0.5370923729014583,19.0
2022-11-15,152.22000122070312,153.58999633789062,148.55999755859375,150.0399932861328,89868300,0.39321923290845007,3.1457538632676005,0.9283710569143295,-0.8990859827026725,0.654951423902423,8.0
2022-11-16,149.1300048828125,149.8699951171875,147.2899932861328,148.7899932861328,64218300,0.20796413952484727,2.0796413952484727,0.8853025902062654,-0.6913808286190033,0.5346267174764029,10.0
2022-11-17,146.42999267578125,151.47999572753906,146.14999389648438,150.72000122070312,80389400,-0.05874827901761119,-0.7637276272289455,0.24360637087374926,-0.9570269621908665,0.3792593716731739,13.0
2022-11-18,152.30999755859375,152.6999969482422,149.97000122070312,151.2899932861328,74829600,-0.17208575047552585,-1.7208575047552586,0.1522548943758011,-0.9453732529655099,0.4141302394552269,10.0
2022-11-21,150.16000366210938,150.3699951171875,147.72000122070312,148.00999450683594,58724100,0.03077744036203339,0.6463262476027012,0.8642007522284985,-0.9679792812094092,0.5220689177036357,21.0
2022-11-22,148.1300048828125,150.4199981689453,146.92999267578125,150.17999267578125,51804100,-0.24879162866049087,-3.2342911725863814,0.8641608133912086,-0.9558121282607317,0.5585639922705741,13.0
2022-11-23,149.4499969482422,151.8300018310547,149.33999633789062,151.07000732421875,58301400,-0.36277871480625534,-6.530016866512597,0.8517711497843266,-0.9557938482612371,0.670771762132294,18.0
2022-11-25,148.30999755859375,148.8800048828125,147.1199951171875,148.11000061035156,35195900,-0.3397888904437423,-3.3978889044374228,0.8698054496198893,-0.9667654549703002,0.6708203798663543,10.0
2022-11-28,145.13999938964844,146.63999938964844,143.3800048828125,144.22000122070312,69246000,-0.4061432538608856,-13.80887063127011,0.910249300301075,-0.9670003382489085,0.5865416781598384,34.0
2022-11-29,144.2899932861328,144.80999755859375,140.35000610351562,141.1699981689453,83763800,-0.13573492098496193,-2.4432285777293146,0.7330976901575923,-0.9654263011179864,0.49773750039250947,18.0
2022-11-30,141.39999389648438,148.72000122070312,140.5500030517578,148.02999877929688,111380900,-0.22493058266118168,-4.498611653223634,0.8554819338023663,-0.9627136085182428,0.6006306351802474,20.0
2022-12-01,148.2100067138672,149.1300048828125,146.61000061035156,148.30999755859375,71250400,-0.1008610782213509,-2.017221564427018,0.9166419338434935,-0.9170909468084574,0.512211748650721,20.0
2022-12-02,145.9600067138672,148.0,145.64999389648438,147.80999755859375,65447400,-0.5266232811845839,-6.846102655399591,0.10506219044327736,-0.9676630808971822,0.48960856616859183,13.0
2022-12-05,147.77000427246094,150.9199981689453,145.77000427246094,146.6300048828125,68826400,-0.2236439314621844,-4.249234697781503,0.8905181791633368,-0.9642553143203259,0.6075670560305442,19.0
2022-12-06,147.07000732421875,147.3000030517578,141.9199981689453,142.91000366210938,64727200,-0.10562794244932858,-2.3238147338852286,0.9326127655804157,-0.9630572441965342,0.6044025449242975,22.0
2022-12-07,142.19000244140625,143.3699951171875,140.0,140.94000244140625,69721100,-0.18283640876136445,-4.93658303655684,0.865607488900423,-0.9676675042137504,0.6284429799957725,27.0
2022-12-08,142.36000061035156,143.52000427246094,141.10000610351562,142.64999389648438,62128300,-0.00952386633226914,-0.13333412865176797,0.873359564691782,-0.9644591342657804,0.6973725560015986,14.0
2022-12-09,142.33999633789062,145.57000732421875,140.89999389648438,142.16000366210938,76097000,0.3390560575893947,2.373392403125763,0.9055520333349705,-0.11014875210821629,0.4207342770293154,7.0
2022-12-12,142.6999969482422,144.5,141.05999755859375,144.49000549316406,70462700,-0.1386666258590089,-2.49599926546216,0.8771290574222803,-0.9666882073506713,0.6186532427226978,18.0
2022-12-13,149.5,149.97000122070312,144.24000549316406,145.47000122070312,93886200,0.034764714927102126,0.41717657912522554,0.8827140480279922,-0.9452982870861888,0.5732463117141439,12.0
2022-12-14,145.35000610351562,146.66000366210938,141.16000366210938,143.2100067138672,82291200,0.29614711027931084,3.257618213072419,0.9079133197665215,-0.25886043161153793,0.3752979382161347,11.0
2022-12-15,141.11000061035156,141.8000030517578,136.02999877929688,136.5,98931900,-0.20763285125472716,-2.9068599175661802,0.8364389259368181,-0.965953828766942,0.5350004475390212,14.0
2022-12-16,136.69000244140625,137.64999389648438,133.72999572753906,134.50999450683594,160156900,-0.14878329411149024,-1.4878329411149025,0.8970257304608822,-0.9651485923677683,0.6812678522788983,10.0
2022-12-19,135.11000061035156,135.1999969482422,131.32000732421875,132.3699951171875,79592600,-0.14089959427448256,-1.9725943198427558,0.9143841853365302,-0.9627785384654999,0.6374542025494374,14.0
2022-12-20,131.38999938964844,133.25,129.88999938964844,132.3000030517578,77432800,-0.40724625853964913,-5.294201361015439,0.28181895427405834,-0.9602438630536199,0.48074472086400666,13.0
2022-12-21,132.97999572753906,136.80999755859375,132.75,135.4499969482422,85928000,-0.07496817735955119,-0.7496817735955119,0.8930865079164505,-0.8606239762157202,0.5430128946254263,10.0
2022-12-22,134.35000610351562,134.55999755859375,130.3000030517578,132.22999572753906,77852100,-0.02924310884748896,-0.4386466327123344,0.9058133829385042,-0.9667059895582497,0.7294960269135682,15.0
2022-12-23,130.9199981689453,132.4199981689453,129.63999938964844,131.86000061035156,63814900,-0.4605492833070457,-2.763295699842274,0.062967699021101,-0.9670122424140573,0.5492829326226313,6.0
2022-12-27,131.3800048828125,131.41000366210938,128.72000122070312,130.02999877929688,69007800,-0.22149483939736253,-3.9869071091525257,0.910613264888525,-0.9675029581412673,0.5561200387083874,18.0
2022-12-28,129.6699981689453,131.02999877929688,125.87000274658205,126.04000091552734,85438400,-0.0381480580351005,-0.457776696421206,0.8826523721218109,-0.9632342793047428,0.6803901569850284,12.0
2022-12-29,127.98999786376952,130.47999572753906,127.7300033569336,129.61000061035156,75703700,-0.10619662239748452,-1.4867527135647833,0.9222866408526897,-0.9671960645355284,0.7018167228479378,14.0
2022-12-30,128.41000366210938,129.9499969482422,127.43000030517578,129.92999267578125,77034200,0.12530491543425756,1.378354069776833,0.916677737608552,-0.8557938560843468,0.5951768686314426,11.0
2023-01-03,130.27999877929688,130.89999389648438,124.16999816894533,125.06999969482422,112117500,-0.060009657624451554,-1.0201641796156764,0.676313504576683,-0.963530857115984,0.55036431837449,17.0
2023-01-04,126.88999938964844,128.66000366210938,125.08000183105467,126.36000061035156,89113600,-0.32394220877904445,-5.183075340464711,0.9294025357812643,-0.9648458855226636,0.597353327332741,16.0
2023-01-05,127.12999725341795,127.7699966430664,124.76000213623048,125.0199966430664,80962700,-0.05621452110686472,-1.1805049432441592,0.9270104710012674,-0.9678363306447864,0.7109709648900502,21.0
2023-01-06,126.01000213623048,130.2899932861328,124.88999938964844,129.6199951171875,87754700,-0.024270389415323734,-0.24270389415323734,0.9141842368990183,-0.9504104219377041,0.68733681073778,10.0
2023-01-09,130.47000122070312,133.41000366210938,129.88999938964844,130.14999389648438,70790800,0.01527358521707356,0.3054717043414712,0.9172780029475689,-0.9651788221672177,0.6005620375971702,20.0
2023-01-10,130.25999450683594,131.25999450683594,128.1199951171875,130.72999572753906,63896200,-0.17023406378728778,-3.234447211958468,0.929967793636024,-0.9646787522360682,0.6064238600914817,19.0
2023-01-11,131.25,133.50999450683594,130.4600067138672,133.49000549316406,69458900,-0.2140524017934998,-3.852943232282996,0.7682044217363,-0.9659764468669891,0.6219200989444146,18.0
2023-01-12,133.8800048828125,134.25999450683594,131.44000244140625,133.41000366210938,71379600,0.10364104909822344,1.0364104909822345,0.9088922925293446,-0.8396131619811058,0.4630630837383459,10.0
2023-01-13,132.02999877929688,134.9199981689453,131.66000366210938,134.75999450683594,57809700,-0.31582961056847125,-2.52663688454777,0.05536629073321819,-0.9624552745372057,0.4260888721583645,8.0
2023-01-17,134.8300018310547,137.2899932861328,134.1300048828125,135.94000244140625,63646600,0.3131337689992506,5.01014030398801,0.9128151144832373,-0.10045856237411499,0.35638327606238634,16.0
2023-01-18,136.82000732421875,138.61000061035156,135.02999877929688,135.2100067138672,69672800,0.42526376073559125,6.378956411033869,0.9255500184372067,-0.39053821563720703,0.4409473805802864,15.0
2023-01-19,134.0800018310547,136.25,133.77000427246094,135.27000427246094,58280400,-0.21320808451208803,-1.9188727606087923,0.6201839484274387,-0.9650122411549091,0.5197869697419248,9.0
2023-01-20,135.27999877929688,138.02000427246094,134.22000122070312,137.8699951171875,80223600,-0.04294129409309891,-0.38647164683789015,0.9241896905004978,-0.9636652125045657,0.7989986228060221,9.0
2023-01-23,138.1199951171875,143.32000732421875,137.89999389648438,141.11000061035156,81760300,0.09293706615322403,1.3011189261451364,0.9193727066740394,-0.9509373614564538,0.6016280129794803,14.0
2023-01-24,140.30999755859375,143.16000366210938,140.3000030517578,142.52999877929688,66435100,0.11198306412746509,1.6797459619119763,0.9347242321819067,-0.817422941327095,0.5869593594870998,15.0
2023-01-25,140.88999938964844,142.42999267578125,138.80999755859375,141.86000061035156,65799300,0.04097811467945576,0.40978114679455757,0.8528161812573671,-0.7231564335525036,0.3760228507909334,10.0
2023-01-26,143.1699981689453,144.25,141.89999389648438,143.9600067138672,54105100,-0.14373164665367869,-1.2935848198831081,0.35758107900619507,-0.9585397941991687,0.4352618525081765,9.0
2023-01-27,143.16000366210938,147.22999572753906,143.0800018310547,145.92999267578125,70555800,0.1182364464991472,1.3006009114906192,0.8704298920929432,-0.9614043161273003,0.5886673761819776,11.0
2023-01-30,144.9600067138672,145.5500030517578,142.85000610351562,143.0,64015300,0.07745026124434339,1.394104702398181,0.9237088076770306,-0.9429133217781782,0.6553271550643426,18.0
2023-01-31,142.6999969482422,144.33999633789062,142.27999877929688,144.2899932861328,65874500,-0.2817465958185494,-2.817465958185494,0.7329309098422527,-0.9621778568252921,0.6886000998454217,10.0
2023-02-01,143.97000122070312,146.61000061035156,141.32000732421875,145.42999267578125,77663600,0.04871839950127261,0.6820575930178165,0.8651491459459066,-0.9523210786283016,0.5123245407507088,14.0
2023-02-02,148.89999389648438,151.17999267578125,148.1699981689453,150.82000732421875,118339000,-0.016870807888435906,-0.4892534287646413,0.9220135267823935,-0.9570381734520197,0.6256774080177424,29.0
2023-02-03,148.02999877929688,157.3800048828125,147.8300018310547,154.5,154357300,-0.15855310287326574,-3.9638275718316436,0.9161483217030764,-0.9564503394067287,0.5953580791908331,25.0
2023-02-06,152.57000732421875,153.10000610351562,150.77999877929688,151.72999572753906,69858300,-0.1373825774838527,-2.0607386622577906,0.9094581808894873,-0.9596608681604266,0.644684552920132,15.0
2023-02-07,150.63999938964844,155.22999572753906,150.63999938964844,154.64999389648438,83322600,-0.1186540751503064,-1.5425029769539833,0.9096375349909067,-0.9659465905278921,0.5577036387466203,13.0
2023-02-08,153.8800048828125,154.5800018310547,151.1699981689453,151.9199981689453,64120100,0.2083234841004014,1.041617420502007,0.8878956586122513,-0.0028429366648197174,0.38182916215664264,5.0
2023-02-09,153.77999877929688,154.3300018310547,150.4199981689453,150.8699951171875,56007100,-0.14703119173645973,-0.5881247669458389,0.30472569912672043,-0.965901262126863,0.5647835126525269,4.0
2023-02-10,149.4600067138672,151.33999633789062,149.22000122070312,151.00999450683594,57450700,-0.005253876280039549,-0.05253876280039549,0.9224351635202765,-0.9654508205130696,0.5981606563170864,10.0
2023-02-13,150.9499969482422,154.25999450683594,150.9199981689453,153.85000610351562,62199000,0.20274661295115948,2.8384525813162327,0.934882945381105,-0.8356377258896828,0.5209277313096564,14.0
2023-02-14,152.1199951171875,153.77000427246094,150.86000061035156,153.1999969482422,61707600,-0.28047006266812485,-4.2070509400218725,0.769370255060494,-0.9606606187298894,0.5503995761067978,15.0
2023-02-15,153.11000061035156,155.5,152.8800048828125,155.3300018310547,65573800,-0.16313377348706126,-1.9576052818447351,0.8557030148804188,-0.9144771918654442,0.5388949997842553,12.0
2023-02-16,153.50999450683594,156.3300018310547,153.35000610351562,153.7100067138672,68167900,-0.17713243209502913,-1.9484567530453205,0.9233124610036612,-0.9673176184296608,0.7131108976017997,11.0
2023-02-17,152.35000610351562,153.0,150.85000610351562,152.5500030517578,59144100,-0.641637850087136,-3.849827100522816,-0.02284235693514347,-0.959295398555696,0.34182660319105396,6.0
2023-02-21,150.1999969482422,151.3000030517578,148.41000366210938,148.47999572753906,58867200,0.025290690711699426,0.2023255256935954,0.843681518919766,-0.958070115186274,0.501589907764207,8.0
2023-02-22,148.8699951171875,149.9499969482422,147.16000366210938,148.91000366210938,51011300,-0.37221907428465784,-4.466628891415894,0.8936061039566994,-0.9647382656112313,0.6775453167839394,12.0
2023-02-23,150.08999633789062,150.33999633789062,147.24000549316406,149.39999389648438,48394200,0.07105345781892539,0.7105345781892538,0.7590791024267673,-0.9666555067524314,0.5241791850257043,10.0
2023-02-24,147.11000061035156,147.19000244140625,145.72000122070312,146.7100067138672,55469600,-0.19471673823760025,-2.7260343353264034,0.232203621417284,-0.9667966985143721,0.4067363833300401,14.0
2023-02-27,147.7100067138672,149.1699981689453,147.4499969482422,147.9199981689453,44998500,4.907653612249038e-05,0.0008343011140823364,0.9130870793014765,-0.9675620691850781,0.5914489981034954,17.0
2023-02-28,147.0500030517578,149.0800018310547,146.8300018310547,147.41000366210938,50547000,-0.24113056788753187,-3.375827950425446,0.8173357024788857,-0.9609111258760095,0.610436922176872,14.0
2023-03-01,146.8300018310547,147.22999572753906,145.00999450683594,145.30999755859375,55479000,0.10334014993471403,1.2400817992165685,0.48259828984737396,-0.020590707659721375,0.15740793298253475,12.0
2023-03-02,144.3800048828125,146.7100067138672,143.89999389648438,145.91000366210938,52238100,0.11376249349365632,1.7064374024048448,0.8586876001209021,-0.9626014586538076,0.5965911526378352,15.0
2023-03-03,148.0399932861328,151.11000061035156,147.3300018310547,151.02999877929688,70732300,-0.011170685968615791,-0.12287754565477371,0.8703982764855027,-0.9647957710549235,0.5037388616382714,11.0
2023-03-06,153.7899932861328,156.3000030517578,153.4600067138672,153.8300018310547,87558000,0.05230614894794093,0.9415106810629368,0.9228377304971218,-0.8028907161206007,0.5073492879828704,18.0
2023-03-07,153.6999969482422,154.02999877929688,151.1300048828125,151.60000610351562,56182000,-0.0023709149099886417,-0.03793463855981827,0.8702101744711399,-0.9528557732701302,0.5275591478993463,16.0
2023-03-08,152.80999755859375,153.47000122070312,151.8300018310547,152.8699951171875,47204800,0.0687398068451633,0.8248776821419597,0.879906140267849,-0.9672438045963645,0.597225122408127,12.0
2023-03-09,153.55999755859375,154.5399932861328,150.22999572753906,150.58999633789062,53833600,-0.07855522042761247,-1.178328306414187,0.7751735746860504,-0.9607578068971634,0.5018355200756145,15.0
2023-03-10,150.2100067138672,150.94000244140625,147.61000061035156,148.5,68572400,0.10624128939317805,1.4873780515044928,0.8871757034212351,-0.951397200115025,0.5076439388326063,14.0
2023-03-13,147.80999755859375,153.13999938964844,147.6999969482422,150.47000122070312,84457100,-0.023236283674263038,-0.3020716877654195,0.8775476887822151,-0.9646226726472378,0.5626471782989645,13.0
2023-03-14,151.27999877929688,153.39999389648438,150.10000610351562,152.58999633789062,73695900,-0.22701044334098697,-2.7241253200918436,0.27498063165694475,-0.9566365443170071,0.44415303591027305,12.0
2023-03-15,151.19000244140625,153.25,149.9199981689453,152.99000549316406,77167900,-0.21345400521531702,-2.13454005215317,0.33322492707520723,-0.950652239844203,0.4064385452933413,10.0
2023-03-16,152.16000366210938,156.4600067138672,151.63999938964844,155.85000610351562,76161100,0.05193886888446286,0.8310219021514058,0.8688443666324019,-0.9534015590324998,0.6237280517046917,16.0
2023-03-17,156.0800018310547,156.74000549316406,154.27999877929688,155.0,98944600,-0.08898175526410342,-0.44490877632051706,0.197752445936203,-0.8212756542488933,0.4240915985815864,5.0
2023-03-20,155.07000732421875,157.82000732421875,154.14999389648438,157.39999389648438,73641400,0.22429725099354983,2.2429725099354982,0.9048449546098709,-0.28320180252194405,0.40737629633614303,10.0
2023-03-21,157.32000732421875,159.39999389648438,156.5399932861328,159.27999877929688,73938300,0.1450813544086284,1.3057321896776557,0.8913473635911942,-0.8212762828916311,0.45995116950602305,9.0
2023-03-22,159.3000030517578,162.13999938964844,157.80999755859375,157.8300018310547,75701800,0.3177540009575231,2.2242780067026615,0.7627655155956745,-0.09262476861476898,0.36301426195858816,7.0
2023-03-23,158.8300018310547,161.5500030517578,157.67999267578125,158.92999267578125,67622100,0.009964677686285641,0.17936419835314155,0.9371852241456509,-0.9435907509177923,0.5303756510178166,18.0
2023-03-24,158.86000061035156,160.33999633789062,157.85000610351562,160.25,59196500,0.242073380574584,2.42073380574584,0.921015010215342,-0.4106574710458517,0.46497947690186237,10.0
2023-03-27,159.94000244140625,160.77000427246094,157.8699951171875,158.27999877929688,52390300,-0.14667405357415025,-1.6134145893156528,0.8068054970353842,-0.9560337979346514,0.5897170757587031,11.0
2023-03-28,157.97000122070312,158.49000549316406,155.97999572753906,157.64999389648438,45992200,-0.08875812595296237,-1.5976462671533227,0.9152658060193062,-0.963437925092876,0.5057619893139158,18.0
2023-03-29,159.3699951171875,161.0500030517578,159.35000610351562,160.77000427246094,51305700,0.048770680588980514,0.7315602088347077,0.41068948805332184,-0.4791000075638294,0.25515435113655754,15.0
2023-03-30,161.52999877929688,162.47000122070312,161.27000427246094,162.36000061035156,49501700,0.0854793107137084,1.282189660705626,0.8966547474265099,-0.9134586155414581,0.48219638711503954,15.0
2023-03-31,162.44000244140625,165.0,161.91000366210938,164.89999389648438,68749800,-0.02891841173792879,-0.4337761760689318,0.9303250648081303,-0.9653856800869107,0.5932128580231566,15.0
2023-04-03,164.27000427246094,166.2899932861328,164.22000122070312,166.1699981689453,56976200,-0.0746806816730116,-1.0455295434221625,0.9151160530745983,-0.9688089936971664,0.5685977379568954,14.0
2023-04-04,166.60000610351562,166.83999633789062,165.11000061035156,165.6300048828125,46278300,-0.08136289451892177,-1.2204434177838266,0.27847862616181374,-0.9637562604621053,0.3598213451246418,15.0
2023-04-05,164.74000549316406,165.0500030517578,161.8000030517578,163.75999450683594,51511700,0.07806159214427073,1.170923882164061,0.9085524398833513,-0.9572251439094543,0.6015298458340772,15.0
2023-04-06,162.42999267578125,164.9600067138672,162.0,164.66000366210938,45390100,-0.21090696887536484,-2.319976657629013,0.6892927559092641,-0.9654141152277589,0.5556107402238115,11.0
2023-04-10,161.4199981689453,162.02999877929688,160.0800018310547,162.02999877929688,47716900,-0.23255106749232202,-3.953368147369474,0.9137509502470493,-0.9685545237734914,0.5688187875082567,17.0
2023-04-11,162.35000610351562,162.36000061035156,160.50999450683594,160.8000030517578,47644200,0.08683298928663134,1.736659785732627,0.9091286398470402,-0.9000265598297119,0.41662162267140573,20.0
2023-04-12,161.22000122070312,162.05999755859375,159.77999877929688,160.10000610351562,50133100,-0.01637696641098176,-0.2292775297537446,0.9171726414933801,-0.9679847666993737,0.5317717130808208,14.0
2023-04-13,161.6300048828125,165.8000030517578,161.4199981689453,165.55999755859375,68445600,0.21007408078294248,4.2014816156588495,0.8987874258309603,-0.9560270914807916,0.5891269931728891,20.0
2023-04-14,164.58999633789062,166.32000732421875,163.82000732421875,165.2100067138672,49386500,-0.0020953986793756487,-0.020953986793756485,0.9180991193279624,-0.9617795804515481,0.611363540315237,10.0
2023-04-17,165.08999633789062,165.38999938964844,164.02999877929688,165.22999572753906,41516200,0.1501587085824992,4.2044438403099775,0.9365539401769638,-0.9508609622716904,0.4214754752205685,28.0
2023-04-18,166.10000610351562,167.41000366210938,165.64999389648438,166.47000122070312,49923000,0.10513745428761467,1.6821992686018348,0.9110037367790937,-0.6551902815699577,0.4595640192476732,16.0
2023-04-19,165.8000030517578,168.16000366210938,165.5399932861328,167.6300048828125,47720200,0.13019312401302158,2.6038624802604318,0.8650705181062222,-0.9537236215546727,0.5137661286007374,20.0
2023-04-20,166.08999633789062,167.8699951171875,165.55999755859375,166.64999389648438,52456400,0.16143906664931112,1.4529515998438,0.7549875304102898,-0.09262469410896301,0.2608035987119777,9.0
2023-04-21,165.0500030517578,166.4499969482422,164.49000549316406,165.02000427246094,58337300,0.0567680696491152,0.567680696491152,0.9293887941166759,-0.7145235911011696,0.4084883087379014,10.0
2023-04-24,165.0,165.60000610351562,163.88999938964844,165.3300018310547,41949600,-0.028824169499178726,-0.25941752549260855,0.8041274510324001,-0.9264650959521532,0.5687482651325925,9.0
2023-04-25,165.19000244140625,166.30999755859375,163.72999572753906,163.77000427246094,48714100,-0.16594165517017245,-1.9912998620420694,0.7598911449313164,-0.9648951636627316,0.5694605969745513,12.0
2023-04-26,163.05999755859375,165.27999877929688,162.8000030517578,163.75999450683594,45498800,-0.0244920094187061,-0.3673801412805915,0.9098485354334116,-0.9605259913951159,0.5781890372791118,15.0
2023-04-27,165.19000244140625,168.55999755859375,165.19000244140625,168.41000366210938,64902300,0.058110388927161694,0.46488311141729355,0.6904730089008808,-0.7571806088089943,0.40566864162216476,8.0
2023-04-28,168.49000549316406,169.85000610351562,167.8800048828125,169.67999267578125,55275900,0.2876947419717908,2.3015579357743263,0.8636114746332169,0.0017014313489198685,0.3377725407506475,8.0
2023-05-01,169.27999877929688,170.4499969482422,168.63999938964844,169.58999633789062,52472900,-0.08616312476806343,-1.3786099962890148,0.9213460963219404,-0.9629018716514111,0.5367855945780424,16.0
2023-05-02,170.08999633789062,170.35000610351562,167.5399932861328,168.5399932861328,48425700,0.0020805034786462785,0.031207552179694176,0.9130052998661995,-0.9629544103518128,0.519510468576073,15.0
2023-05-03,169.5,170.9199981689453,167.16000366210938,167.4499969482422,65136000,0.049357060249894856,0.4935706024989486,0.9088367186486721,-0.9634294398128986,0.4713075499737132,10.0
2023-05-04,164.88999938964844,167.0399932861328,164.30999755859375,165.7899932861328,81235400,-0.020253359870768563,-0.8708944744430482,0.9347602017223835,-0.9685180177912116,0.6552747163275288,43.0
2023-05-05,170.97999572753906,174.3000030517578,170.75999450683594,173.57000732421875,113453200,0.08033990257364862,2.731556687504053,0.9249126054346561,-0.9636255139485002,0.5670943550977262,34.0
2023-05-08,172.47999572753906,173.85000610351562,172.11000061035156,173.5,55962800,-0.17055848766775691,-2.8994942903518677,0.8405508771538734,-0.9589175963774323,0.5240884672357672,17.0
2023-05-09,173.0500030517578,173.5399932861328,171.60000610351562,171.77000427246094,45326900,-0.28756111338734625,-2.8756111338734627,0.8948901575058699,-0.964326448738575,0.5987424336152302,10.0
2023-05-10,173.02000427246094,174.02999877929688,171.89999389648438,173.55999755859375,53724500,-0.09798602380656771,-1.3718043332919478,0.9290675036609173,-0.959855399094522,0.42564723275572874,14.0
2023-05-11,173.85000610351562,174.58999633789062,172.1699981689453,173.75,49514700,-0.15897573657672515,-1.7487331023439765,0.9387526419013739,-0.9526585265994072,0.6724935806423435,11.0
2023-05-12,173.6199951171875,174.05999755859375,171.0,172.57000732421875,45533100,0.04861978369040622,0.43757805321365595,0.8587730387225747,-0.6607614289969206,0.47426478465298844,9.0
2023-05-15,173.16000366210938,173.2100067138672,171.47000122070312,172.07000732421875,37266700,-0.09308404170183672,-1.675512750633061,0.9226299822330475,-0.9203330185264349,0.49380007455422376,18.0
2023-05-16,171.99000549316406,173.13999938964844,171.8000030517578,172.07000732421875,42110300,-0.07286041036534768,-0.9471853347495198,0.8748388886451721,-0.9618631051853299,0.6290681343135244,13.0
2023-05-17,171.7100067138672,172.92999267578125,170.4199981689453,172.69000244140625,57951600,-0.11223333398811519,-0.8978666719049215,0.29858938232064247,-0.8639169353991747,0.3500061496037256,8.0
2023-05-18,173.0,175.24000549316406,172.5800018310547,175.0500030517578,65496700,-0.08188164555467665,-0.8188164555467665,0.9285640865564346,-0.9548309468664229,0.6039088624839568,10.0
2023-05-19,176.38999938964844,176.38999938964844,174.94000244140625,175.16000366210938,55809500,0.0682376641780138,0.8188519701361656,0.5870373826473951,-0.14825188368558884,0.21669751588107375,12.0
2023-05-22,173.97999572753906,174.7100067138672,173.4499969482422,174.1999969482422,43570900,-0.16191586774463454,-2.914485619403422,0.6066940920427442,-0.9663329785689712,0.48163528640548914,18.0
2023-05-23,173.1300048828125,173.3800048828125,171.27999877929688,171.55999755859375,50747300,0.1495349447314556,1.9439542815089226,0.9262306988239288,-0.8566415347158909,0.5161581829096333,13.0
2023-05-24,171.08999633789062,172.4199981689453,170.52000427246094,171.83999633789062,45143500,-0.23989233501594176,-2.6388156851753592,0.8718790952116251,-0.9667366789653897,0.7242736557070236,11.0
2023-05-25,172.41000366210938,173.89999389648438,171.69000244140625,172.99000549316406,56058300,0.20005207993090152,2.0005207993090153,0.9272341951727867,-0.9640219379216433,0.5637252449307898,10.0
2023-05-26,173.32000732421875,175.77000427246094,173.11000061035156,175.42999267578125,54835000,0.30408673104830086,2.432693848386407,0.9220856186002493,0.018492311239242554,0.38322880415187116,8.0
2023-05-30,176.9600067138672,178.99000549316406,176.57000732421875,177.3000030517578,55964400,0.03758832160383463,0.45105985924601555,0.9022733680903912,-0.938704451546073,0.5809337550438668,12.0
2023-05-31,177.3300018310547,179.35000610351562,176.75999450683594,177.25,99625300,-0.01862076630017587,-0.2606907282024622,0.774205201305449,-0.9559637317433953,0.5244006870773416,14.0
2023-06-01,177.6999969482422,180.1199951171875,176.92999267578125,180.08999633789062,68901800,0.07100867064048846,1.065130059607327,0.8121488392353058,-0.8938718996942043,0.428865889480462,15.0
2023-06-02,181.02999877929688,181.77999877929688,179.25999450683594,180.9499969482422,61996900,0.11272171283850357,2.367155969608575,0.8899467624723911,-0.9591309544630349,0.49143914198299543,21.0
2023-06-05,182.6300048828125,184.9499969482422,178.0399932861328,179.5800018310547,121946500,0.10404180012149167,10.196096411906183,0.9293939247727394,-0.90197101701051,0.2985502591712532,98.0
2023-06-06,179.97000122070312,180.1199951171875,177.42999267578125,179.2100067138672,64848400,0.06919706259903155,2.629488378763199,0.9246288705617189,-0.9667747933417559,0.56403601676794,38.0
2023-06-07,178.44000244140625,181.2100067138672,177.32000732421875,177.82000732421875,61944600,0.09717633433285214,2.040703020989895,0.9151004664599895,-0.9516723491251469,0.4173793372807195,21.0
2023-06-08,177.89999389648438,180.83999633789065,177.4600067138672,180.57000732421875,50214900,0.025123232451733202,0.20098585961386561,0.7826500334776938,-0.7214521765708923,0.4622327470706736,8.0
2023-06-09,181.5,182.22999572753903,180.6300048828125,180.9600067138672,48900000,0.21681227897190386,1.9513105107471347,0.8397930040955544,-0.09262469410896301,0.3397465340098985,9.0
2023-06-12,181.2700042724609,183.88999938964844,180.97000122070312,183.7899932861328,54274900,-0.046643044178684555,-0.2798582650721073,0.17178985569626093,-0.33776336908340454,0.21208217321319048,6.0
2023-06-13,182.8000030517578,184.1499938964844,182.44000244140625,183.30999755859372,54929100,-0.31155429028261167,-4.050205773673952,0.09951440244913101,-0.9529312774538994,0.3609903422917825,13.0
2023-06-14,183.3699951171875,184.38999938964844,182.0200042724609,183.9499969482422,57462900,0.13437981841464838,2.0156972762197256,0.8233507256954908,-0.9300205502659082,0.6109080367792417,15.0
2023-06-15,183.9600067138672,186.5200042724609,183.77999877929688,186.00999450683597,65433200,0.1566533459858461,1.723186805844307,0.8750598393380642,-0.6853315308690071,0.4830251130572805,11.0
2023-06-16,186.72999572753903,186.9900054931641,184.2700042724609,184.9199981689453,101256200,-0.14657203725073487,-1.172576298005879,0.7481735348701477,-0.9375561308115721,0.6321102475710516,8.0
2023-06-20,184.41000366210935,186.1000061035156,184.41000366210935,185.00999450683597,49799100,0.05449861457402056,0.5994847603142262,0.7095491616055369,-0.9418188091367483,0.49530388261090513,11.0
2023-06-21,184.8999938964844,185.41000366210935,182.58999633789065,183.9600067138672,49515700,-0.16261527954008093,-1.78876807494089,0.905588049441576,-0.9514513458125293,0.5800620454875192,11.0
2023-06-22,183.7400054931641,187.0500030517578,183.6699981689453,187.0,51245300,-0.04918113990539783,-0.9344416582025588,0.6143438555300236,-0.8866094760596752,0.42957647341607197,19.0
2023-06-23,185.5500030517578,187.55999755859372,185.00999450683597,186.67999267578125,53117000,0.18705023732036352,2.805753559805453,0.9126184061169624,-0.9280196828767657,0.5489407171183416,15.0
2023-06-26,186.8300018310547,188.0500030517578,185.22999572753903,185.2700042724609,48088700,-0.044841644004918635,-0.7174663040786982,0.9292733166366816,-0.9435765966773033,0.6572181045742124,16.0
2023-06-27,185.88999938964844,188.38999938964844,185.6699981689453,188.05999755859372,50730800,0.07800070801749825,1.0920099122449756,0.9099231604486704,-0.9258330659940839,0.4239492695851211,14.0
2023-06-28,187.92999267578125,189.8999938964844,187.6000061035156,189.25,51216800,0.26094477344304323,3.6532268282026052,0.9206588892266154,-0.5825393348932266,0.456718106514574,14.0
2023-06-29,189.0800018310547,190.07000732421875,188.94000244140625,189.58999633789065,46347300,-0.0557453447021544,-0.557453447021544,0.9358549807220697,-0.9387221913784742,0.6571134922237036,10.0
2023-06-30,191.6300048828125,194.47999572753903,191.25999450683597,193.97000122070312,85213200,0.2555187772959471,5.365894323214889,0.9401100426912308,-0.8988041989505291,0.5631831192667686,21.0
2023-07-03,193.77999877929688,193.8800048828125,191.75999450683597,192.4600067138672,31458200,0.024780583538813516,0.39648933662101626,0.9223375078290701,-0.9659752422012389,0.6163352430217639,16.0
2023-07-05,191.57000732421875,192.97999572753903,190.6199951171875,191.3300018310547,46920300,0.0503990514399974,0.9575819773599505,0.9371166545897722,-0.9368272181600332,0.5943483861514357,19.0
2023-07-06,189.83999633789065,192.0200042724609,189.1999969482422,191.80999755859372,45094300,-0.03948917114175856,-0.3948917114175856,0.9304842911660671,-0.9664260293357074,0.7184030773284353,10.0
2023-07-07,191.41000366210935,192.6699981689453,190.2400054931641,190.67999267578125,46815000,0.05178183797173775,0.6731638936325908,0.877960879355669,-0.9667362459003925,0.45007468623820346,13.0
2023-07-10,189.25999450683597,189.9900054931641,187.0399932861328,188.6100006103516,59922200,-0.08556115048122592,-1.3689784076996148,0.9048894084990025,-0.9670706843025982,0.708480628807005,16.0
2023-07-11,189.16000366210935,189.3000030517578,186.6000061035156,188.0800018310547,46638100,0.27460190327838063,4.39363045245409,0.9344853404909372,-0.9631406767293811,0.5143475831993612,16.0
2023-07-12,189.67999267578125,191.6999969482422,188.47000122070312,189.7700042724609,60750200,0.3497725264169276,2.7981802113354206,0.9146997444331646,-0.28095536679029465,0.4460413456911645,8.0
2023-07-13,190.5,191.19000244140625,189.77999877929688,190.5399932861328,41342300,-0.046652712021023036,-0.46652712021023035,0.17872753273695707,-0.8803771305829287,0.30236016661654025,10.0
2023-07-14,190.22999572753903,191.17999267578125,189.6300048828125,190.69000244140625,41616200,0.2020739930282746,1.4145179511979222,0.7828464871272445,-0.6127420626580715,0.4381062799724319,7.0
2023-07-17,191.8999938964844,194.32000732421875,191.80999755859372,193.9900054931641,50520200,0.1587666431441903,1.9051997177302837,0.9009047327563167,-0.8178056534379721,0.5000188709631805,12.0
2023-07-18,193.3500061035156,194.3300018310547,192.4199981689453,193.72999572753903,48288200,0.0822192451783589,1.1510694324970245,0.9304327573627234,-0.9675187836401165,0.7600810440706836,14.0
2023-07-19,193.1000061035156,198.22999572753903,192.6499938964844,195.1000061035156,80507300,0.047500724619668394,0.855013043154031,0.9259348902851343,-0.9626174797303975,0.6616136525975377,18.0
2023-07-20,195.08999633789065,196.47000122070312,192.5,193.1300048828125,59581200,-0.036444206908345225,-0.7288841381669044,0.9019129518419504,-0.9664710983633995,0.6603917013541906,20.0
2023-07-21,194.1000061035156,194.97000122070312,191.22999572753903,191.94000244140625,71951700,-0.015982028881185932,-0.30365854874253273,0.6223422456532717,-0.9618168314918876,0.4324485378735742,19.0
2023-07-24,193.41000366210935,194.91000366210935,192.25,192.75,45377800,0.2570024681277573,5.140049362555146,0.8884692927822471,-0.9558505360037088,0.4631228706691748,20.0
2023-07-25,193.3300018310547,194.44000244140625,192.9199981689453,193.6199951171875,37283200,0.16783277734525895,3.18882276955992,0.9265303518623114,-0.9247959796339273,0.5628661833342629,19.0
2023-07-26,193.6699981689453,195.63999938964844,193.32000732421875,194.5,47471900,0.12832780999855864,1.1549502899870276,0.8160751042887568,-0.8833894804120064,0.5097533555957933,9.0
2023-07-27,196.0200042724609,197.1999969482422,192.5500030517578,193.22000122070312,47460200,0.3102033113201077,4.0326430471614,0.9246864356100559,-0.9575279727578163,0.5656451733062827,13.0
2023-07-28,194.6699981689453,196.6300048828125,194.13999938964844,195.8300018310547,48291400,0.09494452962341408,1.139334355480969,0.9199191201478243,-0.9630616260692477,0.5999219234136585,12.0
2023-07-31,196.05999755859372,196.4900054931641,195.25999450683597,196.4499969482422,38824100,0.11840671789832413,2.604947793763131,0.9303403124213219,-0.9497000658884645,0.5101013738544331,22.0
2023-08-01,196.2400054931641,196.72999572753903,195.27999877929688,195.6100006103516,35175100,0.28837411211182673,4.325611681677401,0.9282099343836308,-0.8559967018663883,0.4791345643045771,15.0
2023-08-02,195.0399932861328,195.17999267578125,191.8500061035156,192.5800018310547,50389300,-0.0275642600026913,-0.4410281600430608,0.9001060612499714,-0.9661522815003991,0.6162352263959147,16.0
2023-08-03,191.57000732421875,192.3699951171875,190.69000244140625,191.1699981689453,61235200,-0.14828469741041772,-4.745110317133367,0.9358219783753157,-0.9661513939499855,0.6053197368799765,32.0
2023-08-04,185.5200042724609,187.3800048828125,181.9199981689453,181.9900054931641,115956800,0.009438573173247278,0.3775429269298911,0.9372524116188288,-0.9548251805827022,0.6030326942184913,40.0
2023-08-07,182.1300048828125,183.1300048828125,177.35000610351562,178.85000610351562,97576100,-0.05827400445317229,-1.3985761068761349,0.8766236398369074,-0.9671844262629747,0.5587286143272868,24.0
2023-08-08,179.69000244140625,180.2700042724609,177.5800018310547,179.8000030517578,67823000,0.1139134377008304,2.7339225048199296,0.9338067062199116,-0.965546727180481,0.43270869191915523,24.0
2023-08-09,180.8699951171875,180.92999267578125,177.00999450683594,178.19000244140625,60378500,0.18080386639956167,3.073665728792548,0.9252378605306149,-0.9115578029304743,0.42425713603590326,17.0
2023-08-10,179.47999572753906,180.75,177.60000610351562,177.97000122070312,54686900,0.16857047988609833,1.8542752787470818,0.940141785889864,-0.7215632647275925,0.4965283870622046,11.0
2023-08-11,177.32000732421875,178.6199951171875,176.5500030517578,177.7899932861328,52036700,0.2403571719303727,2.403571719303727,0.9163338989019394,-0.532450009137392,0.4051661121362894,10.0
2023-08-14,177.97000122070312,179.69000244140625,177.30999755859375,179.4600067138672,43675600,-0.04682084679370746,-0.7491335486993194,0.940131364390254,-0.966138550080359,0.5277441129669171,16.0
2023-08-15,178.8800048828125,179.47999572753906,177.0500030517578,177.4499969482422,43622600,0.09620263427495956,1.4430395141243935,0.8960517719388008,-0.9650067519396544,0.536135360313334,15.0
2023-08-16,177.1300048828125,178.5399932861328,176.5,176.57000732421875,46964900,0.24403713591163978,3.9045941745862365,0.9165605567395687,-0.114710234105587,0.3243559028606026,16.0
2023-08-17,177.13999938964844,177.50999450683594,173.47999572753906,174.0,66062900,0.052678243691722554,0.7901736553758383,0.8682532999664545,-0.963875169865787,0.47112569019212086,15.0
2023-08-18,172.3000030517578,175.10000610351562,171.9600067138672,174.49000549316406,61172200,-0.17716803673941356,-2.303184477612376,0.8898788085207343,-0.966126199811697,0.6131368754718,13.0
2023-08-21,175.07000732421875,176.1300048828125,173.74000549316406,175.83999633789062,46311900,-0.0882647235001273,-1.5005002995021641,0.8095376468263566,-0.9584828298538923,0.5115012934517023,17.0
2023-08-22,177.05999755859375,177.67999267578125,176.25,177.22999572753906,42038900,-0.08589925342239439,-0.858992534223944,0.18455982021987438,-0.9382563200779259,0.3116172059397326,10.0
2023-08-23,178.52000427246094,181.5500030517578,178.3300018310547,181.1199951171875,52722800,-0.04565900352529504,-0.5022490387782454,0.8458824306726456,-0.9599452074617147,0.5012950436638063,11.0
2023-08-24,180.6699981689453,181.1000061035156,176.00999450683594,176.3800048828125,54945800,0.1602131212130189,2.723623060621321,0.9203268010169268,-0.7654293924570084,0.5284994296304234,17.0
2023-08-25,177.3800048828125,179.14999389648438,175.82000732421875,178.61000061035156,51449600,-0.0739378770096944,-0.9611924011260271,0.9312748992815614,-0.9626272041350603,0.5744855015690372,13.0
2023-08-28,180.08999633789062,180.58999633789065,178.5500030517578,180.19000244140625,43820700,-0.15248814554264148,-2.287322183139622,0.6981876343488693,-0.9575193682685494,0.4509008508689033,15.0
2023-08-29,179.6999969482422,184.8999938964844,179.5,184.1199951171875,53003900,0.12794568644542442,2.430968042463064,0.9285011515021324,-0.9194647371768951,0.4362774443182089,19.0
2023-08-30,184.94000244140625,187.8500061035156,184.7400054931641,187.6499938964844,60813900,0.2924044957118375,4.093662939965725,0.8786201709881425,-0.017375009134411812,0.3239997406989268,14.0
2023-08-31,187.83999633789065,189.1199951171875,187.47999572753903,187.8699951171875,60794500,0.03763343358878046,0.3010674687102437,0.8847877979278564,-0.8386575458571315,0.48285404804734905,8.0
2023-09-01,189.4900054931641,189.9199981689453,188.27999877929688,189.4600067138672,45766500,0.04249436077144411,0.382449246942997,0.37514994759112597,-0.841249717399478,0.35087408820911353,9.0
2023-09-05,188.27999877929688,189.97999572753903,187.6100006103516,189.6999969482422,45280000,0.011005078782685675,0.28613204834982753,0.8753790967166424,-0.9664973122999072,0.5007840712536598,26.0
2023-09-06,188.3999938964844,188.8500061035156,181.47000122070312,182.91000366210935,81755800,-0.06298433322655528,-1.1967023313045502,0.9234834499657154,-0.967612718231976,0.6344533974279547,19.0
2023-09-07,175.17999267578125,178.2100067138672,173.5399932861328,177.55999755859375,112488800,-0.30414342703297736,-9.12430281098932,0.9009614288806915,-0.9668840151280165,0.5876535581675099,30.0
2023-09-08,178.35000610351562,180.2400054931641,177.7899932861328,178.17999267578125,65551300,-0.0795459209755063,-1.9886480243876576,0.904995703138411,-0.9633565340191126,0.6390132188494421,25.0
2023-09-11,180.07000732421875,180.3000030517578,177.33999633789062,179.36000061035156,58953100,0.2211202758157419,3.980164964683354,0.9131260719150305,-0.9500442259013653,0.5899060751000027,18.0
2023-09-12,179.49000549316406,180.1300048828125,174.82000732421875,176.3000030517578,90370200,0.083657722790829,6.023356040939689,0.9217342399060726,-0.9443384669721127,0.36227708708735235,72.0
2023-09-13,176.50999450683594,177.3000030517578,173.97999572753906,174.2100067138672,84267900,0.08221373008564115,2.6308393627405167,0.8983099199831486,-0.9619515333324671,0.5679055726162041,32.0
2023-09-14,174.0,176.10000610351562,173.5800018310547,175.74000549316406,60895800,0.10395355061627924,2.079071012325585,0.9220403432846069,-0.9110618308186531,0.5567389561816346,20.0
2023-09-15,176.47999572753906,176.5,173.82000732421875,175.00999450683594,109259500,-0.23808641647476525,-4.99981474597007,0.8204727433621883,-0.961066696792841,0.5506555373810276,21.0
2023-09-18,176.47999572753906,179.3800048828125,176.1699981689453,177.97000122070312,67257600,0.16115668304264547,4.028917076066136,0.9413702599704266,-0.9535798858851194,0.5200962295705864,25.0
2023-09-19,177.52000427246094,179.6300048828125,177.1300048828125,179.07000732421875,51826900,0.05880419532251027,1.0584755158051848,0.9277784526348114,-0.934365096502006,0.6713146195380836,18.0
2023-09-20,179.25999450683594,179.6999969482422,175.39999389648438,175.49000549316406,58436200,0.0007674167198794228,0.01611575111746788,0.9335898840799928,-0.9618340488523245,0.5968464099926952,21.0
2023-09-21,174.5500030517578,176.3000030517578,173.86000061035156,173.92999267578125,63149100,-0.09158075444533356,-1.28213056223467,0.7806687755510211,-0.9625941072590649,0.5824924389311282,14.0
2023-09-22,174.6699981689453,177.0800018310547,174.0500030517578,174.7899932861328,56725400,0.1310158409178257,2.4893009774386883,0.9385221321135759,-0.9677667766809464,0.6358629035084057,19.0
2023-09-25,174.1999969482422,176.97000122070312,174.14999389648438,176.0800018310547,46172700,0.07237818113599832,1.8818327095359564,0.90733343642205,-0.9530466366559267,0.5216518093493073,26.0
2023-09-26,174.82000732421875,175.1999969482422,171.66000366210938,171.9600067138672,64588900,-0.011920474712615427,-0.27417091839015484,0.9277003286406398,-0.966297859326005,0.38698723053318224,23.0
2023-09-27,172.6199951171875,173.0399932861328,169.0500030517578,170.42999267578125,66921800,-0.20916692455787034,-4.392505415715277,0.8971594497561455,-0.9576036408543587,0.5221932243741275,21.0
2023-09-28,169.33999633789062,172.02999877929688,167.6199951171875,170.69000244140625,56294400,0.014175982783652015,0.25516769010573626,0.9167038574814796,-0.9625715287402272,0.49172740392070713,18.0
2023-09-29,172.02000427246094,173.07000732421875,170.33999633789062,171.2100067138672,51861100,0.03804464151079838,0.49458033964037895,0.8978862604126334,-0.9652856513857841,0.40555750587154615,13.0
2023-10-02,171.22000122070312,174.3000030517578,170.92999267578125,173.75,52164500,0.12569201650718848,1.8853802476078272,0.8237910512834787,-0.4850742183625698,0.3608571288136068,15.0
2023-10-03,172.25999450683594,173.6300048828125,170.82000732421875,172.39999389648438,49594600,-0.17372492582847673,-2.605873887427151,0.9181394735351205,-0.9443816412240267,0.6555080484469619,15.0
2023-10-04,171.08999633789062,174.2100067138672,170.97000122070312,173.66000366210938,53020300,-0.11637264303863049,-2.3274528607726097,0.9270669296383858,-0.9306720290333033,0.5417193650168728,20.0
2023-10-05,173.7899932861328,175.4499969482422,172.67999267578125,174.91000366210938,48527900,-0.2079639392631019,-3.535386967472732,0.6144680827856064,-0.9615425728261471,0.43552134694928485,17.0
2023-10-06,173.8000030517578,177.99000549316406,173.17999267578125,177.49000549316406,57266700,-0.012501441157208039,-0.1625187350437045,0.9155841954052448,-0.9036412984132767,0.5582583184393385,13.0
2023-10-09,176.80999755859375,179.0500030517578,175.8000030517578,178.99000549316406,42390800,0.21001161828350562,2.730151037685573,0.9276589006185532,-0.4244870953261852,0.378034877183165,13.0
2023-10-10,178.10000610351562,179.72000122070312,177.9499969482422,178.38999938964844,43698000,0.050213917158544064,0.9540644260123372,0.9343194235116243,-0.9645165437832475,0.5784907005735865,19.0
2023-10-11,178.1999969482422,179.85000610351562,177.60000610351562,179.8000030517578,47551100,-0.09364397134631872,-1.8728794269263744,0.6688847001641989,-0.9523326847702265,0.5824296781572388,20.0
2023-10-12,180.07000732421875,182.33999633789065,179.0399932861328,180.7100067138672,56743100,-0.1850698501802981,-3.5163271534256637,0.9092118097469211,-0.962687136605382,0.6359354256313645,19.0
2023-10-13,181.4199981689453,181.92999267578125,178.13999938964844,178.85000610351562,51427100,0.05423467896050877,0.48811211064457893,0.9162527564913034,-0.8066907748579979,0.5641700176546488,9.0
2023-10-16,176.75,179.0800018310547,176.50999450683594,178.72000122070312,52517000,-0.06144346693611663,-1.4131997395306826,0.9335584938526154,-0.9668116150423884,0.6872285594029168,23.0
2023-10-17,176.64999389648438,178.4199981689453,174.8000030517578,177.14999389648438,57549400,-0.06521174143482414,-1.1738113458268344,0.9296302488073707,-0.9588093822821975,0.5840870097311931,18.0
2023-10-18,175.5800018310547,177.5800018310547,175.11000061035156,175.83999633789062,54764400,0.06806881376542151,1.0891010202467442,0.9079004134982824,-0.957753106020391,0.6307709040684872,16.0
2023-10-19,176.0399932861328,177.83999633789062,175.19000244140625,175.4600067138672,59302900,-0.24245793207620198,-3.151953116990626,0.913321839645505,-0.9664266128093004,0.5826108952817259,13.0
2023-10-20,175.30999755859375,175.4199981689453,172.63999938964844,172.8800048828125,64244000,0.2165157265173128,2.8147044447250664,0.8908063052222133,-0.9406466786749661,0.49054087520858786,13.0
2023-10-23,170.91000366210938,174.00999450683594,169.92999267578125,173.0,55980100,0.06681075912307609,0.734918350353837,0.9289736989885569,-0.9608624549582601,0.6497235272059467,11.0
2023-10-24,173.0500030517578,173.6699981689453,171.4499969482422,173.44000244140625,43816600,0.1318731886383734,2.505590584129095,0.8651863746345043,-0.9685159511864185,0.47437107171075676,19.0
2023-10-25,171.8800048828125,173.05999755859375,170.64999389648438,171.10000610351562,57157000,0.056682522594928744,1.1336504518985748,0.9177352953702211,-0.9343086536973715,0.48302533133688197,20.0
2023-10-26,170.3699951171875,171.3800048828125,165.6699981689453,166.88999938964844,70625300,-0.04358847973247369,-0.6538271959871054,0.9412110364064574,-0.8051004894077778,0.5274300568189274,15.0
2023-10-27,166.91000366210938,168.9600067138672,166.8300018310547,168.22000122070312,58499100,-0.19040588312782347,-2.6656823637895286,0.8863169737160206,-0.9682658673264086,0.6208448647808796,14.0
2023-10-30,169.02000427246094,171.1699981689453,168.8699951171875,170.2899932861328,51131000,0.12550088634714485,3.137522158678621,0.9186761323362589,-0.9611332891508937,0.5348643406182794,25.0
2023-10-31,169.35000610351562,170.89999389648438,167.89999389648438,170.77000427246094,44846000,0.03708044333722104,0.8157697534188628,0.9200150389224291,-0.9680763315409422,0.6223176017856168,22.0
2023-11-01,171.0,174.22999572753906,170.1199951171875,173.97000122070312,56934900,0.06074234869124161,1.093362276442349,0.9252923894673586,-0.9578045699745417,0.49028329129079823,18.0
2023-11-02,175.52000427246094,177.77999877929688,175.4600067138672,177.57000732421875,77334800,-0.016732309807345948,-0.7362216315232217,0.9328950606286526,-0.9661212689243257,0.63215131948312,44.0
2023-11-03,174.24000549316406,176.82000732421875,173.35000610351562,176.64999389648438,79829200,0.006581877707503736,0.1842925758101046,0.925975700840354,-0.9666681028902531,0.6335202247672933,28.0
2023-11-06,176.3800048828125,179.42999267578125,176.2100067138672,179.22999572753906,63841300,0.24474916206672787,4.8949832413345575,0.9185473565012217,-0.9588459888473153,0.5778670638399563,20.0
2023-11-07,179.17999267578125,182.44000244140625,178.97000122070312,181.82000732421875,70530000,0.08476599506460704,1.1019579358398914,0.8736768551170826,-0.7234284169971943,0.38630453621765837,13.0
2023-11-08,182.3500061035156,183.4499969482422,181.58999633789065,182.88999938964844,49340300,-0.20105016923376492,-2.814702369272709,0.09800117462873459,-0.9486787039786577,0.33901922493435915,14.0
2023-11-09,182.9600067138672,184.1199951171875,181.80999755859372,182.41000366210935,53763500,-0.10322788597217628,-1.445190403610468,0.914598410949111,-0.948549228720367,0.6076154231235431,14.0
2023-11-10,183.97000122070312,186.57000732421875,183.52999877929688,186.3999938964844,66133400,0.14331122214207426,2.292979554273188,0.9188426490873098,-0.9326283670961857,0.585993777285492,16.0
2023-11-13,185.82000732421875,186.02999877929688,184.2100067138672,184.8000030517578,43627500,0.36323004194463676,4.721990545280278,0.9071251377463341,-0.01721312664449215,0.3502799660840621,13.0
2023-11-14,187.6999969482422,188.1100006103516,186.3000030517578,187.44000244140625,60108400,0.15326594726110881,1.9924573143944144,0.9243205450475216,-0.3931433893740177,0.3593403000108228,13.0
2023-11-15,187.8500061035156,189.5,187.77999877929688,188.00999450683597,53790500,0.2982994761208401,5.071091094054282,0.9016668982803822,-0.0943257212638855,0.3522634271943528,17.0
2023-11-16,189.57000732421875,190.9600067138672,188.6499938964844,189.7100067138672,54412900,0.047441885515581816,0.7590701682493091,0.9186024088412523,-0.9489136878401041,0.5600450115465018,16.0
2023-11-17,190.25,190.3800048828125,188.57000732421875,189.69000244140625,50922700,-0.1931857161901214,-2.1250428780913353,0.9338761419057846,-0.9516156623139977,0.6266685008910495,11.0
2023-11-20,189.88999938964844,191.91000366210935,189.8800048828125,191.4499969482422,46505100,-0.13526903997574533,-0.9468832798302174,0.8010893426835537,-0.9267672710120678,0.6073256549326754,7.0
2023-11-21,191.41000366210935,191.5200042724609,189.7400054931641,190.63999938964844,38134500,0.06091203710392994,1.035504630766809,0.9363880977034569,-0.9337061606347561,0.48763643360467196,17.0
2023-11-22,191.4900054931641,192.92999267578125,190.8300018310547,191.30999755859372,39617700,0.014435609647383293,0.1732273157685995,0.9149614367634058,-0.9533410165458918,0.6729867792828759,12.0
2023-11-24,190.8699951171875,190.8999938964844,189.25,189.97000122070312,24048300,-0.18864079471677542,-1.6977671524509788,0.9289088007062674,-0.949826018884778,0.750183994863776,9.0
2023-11-27,189.9199981689453,190.6699981689453,188.8999938964844,189.7899932861328,40552600,-0.05733052330712477,-0.515974709764123,0.46268876176327467,-0.6590861808508635,0.3018032853695813,9.0
2023-11-28,189.77999877929688,191.0800018310547,189.3999938964844,190.3999938964844,38415400,0.019882674096152186,0.23859208915382624,0.9070199523121119,-0.9651579139754176,0.491381735723854,12.0
2023-11-29,190.8999938964844,192.08999633789065,188.97000122070312,189.3699951171875,43014200,0.01514056237304912,0.257389560341835,0.8933167979121208,-0.967379161156714,0.6272011255726883,17.0
2023-11-30,189.83999633789065,190.32000732421875,188.19000244140625,189.9499969482422,48794400,0.018230357648510682,0.34637679532170296,0.8740755431354046,-0.9241023808717728,0.5298656159750202,19.0
2023-12-01,190.3300018310547,191.55999755859372,189.22999572753903,191.2400054931641,45704800,0.0557821580208838,0.836732370313257,0.8185950750485063,-0.9612879054620862,0.6202842996714021,15.0
2023-12-04,189.97999572753903,190.0500030517578,187.4499969482422,189.42999267578125,43389500,0.09791864451420094,1.3708610231988132,0.9268394745886326,-0.9374537272378802,0.5346217383363117,14.0
2023-12-05,190.2100067138672,194.3999938964844,190.17999267578125,193.4199981689453,66628400,0.18255975283682346,2.373276786878705,0.7392513304948807,-0.14194624312222004,0.29863254626954866,13.0
2023-12-06,194.4499969482422,194.75999450683597,192.1100006103516,192.32000732421875,41089700,0.23074963325052522,3.6919941320084035,0.9076997917145491,-0.5418174937367439,0.4367128714459062,16.0
2023-12-07,193.6300048828125,195.0,193.58999633789065,194.2700042724609,47477700,0.0743704532214906,1.1899272515438497,0.8873895173892379,-0.9598617092706263,0.49652577064564724,16.0
2023-12-08,194.1999969482422,195.9900054931641,193.6699981689453,195.7100067138672,53406400,0.24413193258292534,4.150242853909731,0.9396747928112745,-0.9618868613615632,0.6262625508389773,17.0
2023-12-11,193.1100006103516,193.4900054931641,191.4199981689453,193.17999267578125,60943700,0.13386779330256912,2.4096202794462442,0.9257480166852474,-0.9091175403445959,0.5155555298509746,18.0
2023-12-12,193.0800018310547,194.72000122070312,191.72000122070312,194.7100067138672,52696900,0.11077571840723976,1.7724114945158362,0.9143183743581176,-0.9637005133554339,0.5092664526910877,16.0
2023-12-13,195.08999633789065,198.0,194.8500061035156,197.9600067138672,70404200,0.06805293623950671,1.4971645972691476,0.9366046972572803,-0.9675576984882355,0.644191332347306,22.0
2023-12-14,198.0200042724609,199.6199951171875,196.16000366210935,198.1100006103516,66831600,0.39172543870175586,6.65933245792985,0.9208152424544096,-0.09262476861476898,0.3752215736337121,17.0
2023-12-15,197.52999877929688,198.3999938964844,197.0,197.57000732421875,128538400,0.24029402908953754,2.643234319984913,0.9371277168393135,-0.9633756540715694,0.542319148123361,11.0
2023-12-18,196.08999633789065,196.6300048828125,194.38999938964844,195.88999938964844,55751900,-0.02582287338251869,-0.4648117208853364,0.9291770942509174,-0.9600438792258501,0.6893736966110642,18.0
2023-12-19,196.16000366210935,196.9499969482422,195.88999938964844,196.94000244140625,40714100,0.0861087239984619,1.636065755970776,0.8899094369262457,-0.9604072710499167,0.519135896501166,19.0
2023-12-20,196.8999938964844,197.67999267578125,194.8300018310547,194.8300018310547,52242800,-0.08456319484394044,-1.6912638968788087,0.9307566080242395,-0.9549032673239708,0.6482616918102398,20.0
2023-12-21,196.1000061035156,197.0800018310547,193.5,194.67999267578125,46482500,0.14640504057751969,2.342480649240315,0.9337336737662554,-0.8272071480751038,0.49868340086069357,16.0
2023-12-22,195.17999267578125,195.41000366210935,192.97000122070312,193.6000061035156,37149600,0.013822197681292892,0.22115516290068626,0.9393677748739719,-0.956701428629458,0.6592018096700367,16.0
2023-12-26,193.6100006103516,193.88999938964844,192.8300018310547,193.0500030517578,28919300,-0.08859806309919804,-1.4175690095871687,0.8922864235937595,-0.9116827799007297,0.6345242474205526,16.0
2023-12-27,192.4900054931641,193.5,191.08999633789065,193.1499938964844,48087700,-0.2587724731049754,-5.69299440830946,0.7932439455762506,-0.9622910134494305,0.5998721339678279,22.0
2023-12-28,194.13999938964844,194.66000366210935,193.1699981689453,193.5800018310547,34049900,0.09975896018246809,1.4963844027370214,0.9238501377403736,-0.9389324989169836,0.5625489210492179,15.0
2023-12-29,193.8999938964844,194.3999938964844,191.72999572753903,192.52999877929688,42672100,0.308302686041729,3.391329546459019,0.9092308878898621,0.011395668610930443,0.3183700127978799,11.0
2024-01-02,187.1499938964844,188.44000244140625,183.88999938964844,185.63999938964844,82488700,-0.18808008522233544,-3.197361448779702,0.9304001377895474,-0.9632128663361073,0.59933974001316,17.0
2024-01-03,184.22000122070312,185.8800048828125,183.42999267578125,184.25,58414500,-0.30600094464090133,-5.508017003536224,0.8948193704709411,-0.965985607355833,0.5689731600816665,18.0
2024-01-04,182.1499938964844,183.08999633789065,180.8800048828125,181.91000366210935,71983600,-0.043167424853891134,-0.9065159219317138,0.93142169713974,-0.9677783083170652,0.6995612682265503,21.0
2024-01-05,181.9900054931641,182.75999450683597,180.1699981689453,181.17999267578125,62379700,-0.1014816791839188,-2.131115262862295,0.8877252847887576,-0.9632178265601397,0.5585425309568756,21.0
2024-01-08,182.08999633789065,185.6000061035156,181.5,185.55999755859372,59144500,-0.11332064857041198,-1.5864890799857676,0.7076830193400383,-0.9681125883944333,0.49141903517418506,14.0
2024-01-09,183.9199981689453,185.1499938964844,182.72999572753903,185.13999938964844,42841800,0.16004841774702072,2.24067784845829,0.9104769416153431,-0.2568977475166321,0.34403589590069944,14.0
2024-01-10,184.3500061035156,186.3999938964844,183.9199981689453,186.19000244140625,46792900,0.06839879060862586,1.0943806497380137,0.9244305584579706,-0.8518046662211418,0.39632855756050095,16.0
2024-01-11,186.5399932861328,187.0500030517578,183.6199951171875,185.58999633789065,49128400,-0.17243674639612436,-1.7243674639612436,0.8540856875479221,-0.9219915643334389,0.6001201774370106,10.0
2024-01-12,186.05999755859372,186.7400054931641,185.19000244140625,185.9199981689453,40477800,-0.11925684918903491,-1.311825341079384,0.7617582739330828,-0.9501119432970881,0.49784250833824595,11.0
2024-01-16,182.16000366210935,184.25999450683597,180.92999267578125,183.6300048828125,65603000,0.07549313896972883,1.4343696404248476,0.9254314508289099,-0.9504053480923176,0.6078707090449085,19.0
2024-01-17,181.2700042724609,182.92999267578125,180.3000030517578,182.67999267578125,47317400,-0.13431090867037282,-2.283285447396338,0.9333503637462854,-0.9652240667492151,0.6510171616793099,17.0
2024-01-18,186.08999633789065,189.13999938964844,185.8300018310547,188.6300048828125,78005800,-0.01599077957317881,-0.3677879301831126,0.9387042503803968,-0.9668498113751411,0.596569246160555,23.0
2024-01-19,189.3300018310547,191.9499969482422,188.82000732421875,191.55999755859372,68903000,-0.059123036509845406,-0.9459685841575265,0.9032377954572439,-0.9587261639535427,0.6107819655299876,16.0
2024-01-22,192.3000030517578,195.3300018310547,192.25999450683597,193.88999938964844,60133900,0.020043378870468587,0.3206940619274974,0.9202661346644163,-0.9112044870853424,0.5007864855542766,16.0
2024-01-23,195.0200042724609,195.75,193.8300018310547,195.17999267578125,42355600,-0.042235484905540945,-0.8447096981108189,0.7960480730980635,-0.937335817143321,0.4542364316287184,20.0
2024-01-24,195.4199981689453,196.3800048828125,194.33999633789065,194.5,53631300,0.1340240566059947,2.4124330189079046,0.9068019464612007,-0.9454224985092878,0.5142990781197632,18.0
2024-01-25,195.22000122070312,196.2700042724609,193.1100006103516,194.1699981689453,54822100,0.20200077700428665,3.2320124320685863,0.9339143242686987,-0.9672931209206581,0.6214079591974766,16.0
2024-01-26,194.2700042724609,194.75999450683597,191.94000244140625,192.4199981689453,44594000,-0.08065621873053412,-0.9678746247664094,0.9048010148108006,-0.9282884206622839,0.58289850528288,12.0
2024-01-29,192.00999450683597,192.1999969482422,189.5800018310547,191.72999572753903,47145600,0.2771875437095084,6.098125961609185,0.9359615743160248,-0.956225199624896,0.6197779600838392,22.0
2024-01-30,190.94000244140625,191.8000030517578,187.47000122070312,188.0399932861328,55859400,0.10085586768885453,1.8154056183993816,0.9383417833596468,-0.9582930142059922,0.596656564601305,18.0
2024-01-31,187.0399932861328,187.1000061035156,184.3500061035156,184.3999938964844,55467800,-0.18388427644968033,-2.758264146745205,0.940548799932003,-0.9631867092102766,0.6065742976982464,15.0
2024-02-01,183.9900054931641,186.9499969482422,183.82000732421875,186.8600006103516,64885400,0.0595549289137125,1.9653126541525126,0.9279385600239038,-0.9652939159423113,0.6370591055508172,33.0
2024-02-02,179.86000061035156,187.3300018310547,179.25,185.8500061035156,102551700,-0.15479521197932108,-5.4178324192762375,0.9178903289139271,-0.9680072320625186,0.6076757651277137,35.0
2024-02-05,188.1499938964844,189.25,185.83999633789065,187.67999267578125,69668800,0.041704528711058876,0.9174996316432953,0.935697291046381,-0.9434152152389288,0.5983070403991791,22.0
2024-02-06,186.8600006103516,189.30999755859372,186.7700042724609,189.3000030517578,43490800,0.04134426476611268,0.8682295600883663,0.8944347947835922,-0.953545134048909,0.6400181483642603,21.0
2024-02-07,190.63999938964844,191.0500030517578,188.6100006103516,189.41000366210935,53439000,0.07867143278647411,1.494757222943008,0.9278890900313854,-0.9492753548547626,0.4318344621327161,19.0
2024-02-08,189.38999938964844,189.5399932861328,187.3500061035156,188.32000732421875,40962000,-0.14440059590907323,-3.032412514090538,0.7851990936324,-0.9494910258799791,0.5114638180794258,21.0
2024-02-09,188.6499938964844,189.9900054931641,188.0,188.8500061035156,45155200,0.06163303604857488,0.6779633965343237,0.923383567482233,-0.9531317334622145,0.5664734830259477,11.0
2024-02-12,188.4199981689453,188.6699981689453,186.7899932861328,187.1499938964844,41781900,0.07524295557628978,0.8276725113391876,0.8396169822663069,-0.28164631873369217,0.334844065650657,11.0
2024-02-13,185.7700042724609,186.2100067138672,183.50999450683597,185.0399932861328,56529500,0.07340515206257502,1.1010772809386253,0.9403040753677487,-0.9537489712238312,0.6169665009709557,15.0
2024-02-14,185.32000732421875,185.52999877929688,182.44000244140625,184.1499938964844,54630500,-0.05796494005391231,-0.75354422070086,0.632926732301712,-0.8888085326179862,0.4611054644163453,13.0
2024-02-15,183.5500030517578,184.4900054931641,181.3500061035156,183.8600006103516,65434500,0.2916393338569573,4.082950673997402,0.9344278778880835,-0.4863933175802231,0.48016968464518117,14.0
2024-02-16,183.4199981689453,184.8500061035156,181.6699981689453,182.30999755859372,49752500,-0.00158819193020463,-0.0158819193020463,0.9315863875672221,-0.9609103426337242,0.6550921601067772,10.0
2024-02-20,181.7899932861328,182.42999267578125,180.0,181.55999755859372,53665600,0.01005320039323785,0.11058520432561636,0.9235346391797066,-0.9567354405298829,0.5974192976863961,11.0
2024-02-21,181.94000244140625,182.88999938964844,180.66000366210935,182.32000732421875,41371400,0.07312282512430102,1.1699652019888163,0.9254720360040665,-0.8452056013047695,0.5420609815672438,16.0
2024-02-22,183.47999572753903,184.9600067138672,182.4600067138672,184.3699951171875,52292200,0.14377141505893734,1.293942735530436,0.9137710677459836,-0.8169677555561066,0.4968532555642611,9.0
2024-02-23,185.00999450683597,185.0399932861328,182.22999572753903,182.5200042724609,45119700,-0.06289069460971015,-0.44023486226797104,0.21822885889559984,-0.9245279869064689,0.38742417939765667,7.0
2024-02-26,182.2400054931641,182.75999450683597,180.6499938964844,181.16000366210935,40867400,-0.016457165074017312,-0.14811448566615582,0.9293924383819103,-0.8840225245803595,0.4838714111504289,9.0
2024-02-27,181.1000061035156,183.9199981689453,179.55999755859375,182.6300048828125,54318900,-0.3793001127196476,-3.0344009017571807,0.11067627649754286,-0.9563045855611563,0.44910743774295103,8.0
2024-02-28,182.50999450683597,183.1199951171875,180.1300048828125,181.4199981689453,48953900,-0.19820830228061162,-4.3605826501734555,0.911355271935463,-0.9670430752448738,0.5750733568729458,22.0
2024-02-29,181.2700042724609,182.57000732421875,179.52999877929688,180.75,136682600,-0.2384669132131551,-3.3385367849841714,0.6832466721534729,-0.9592016013339162,0.5451666565665968,14.0
2024-03-01,179.5500030517578,180.52999877929688,177.3800048828125,179.66000366210938,73563100,-0.011287036680561654,-0.19187962356954813,0.904453981667757,-0.9300198629498482,0.6029037008787732,17.0
2024-03-04,176.14999389648438,176.89999389648438,173.7899932861328,175.10000610351562,81510100,-0.18412362091476098,-2.9459779346361756,0.7828641645610332,-0.9646173780784011,0.5786857424588726,16.0
2024-03-05,170.75999450683594,172.0399932861328,169.6199951171875,170.1199951171875,95132400,-0.3907461381251259,-5.470445933751762,0.8378792386502028,-0.9676863541826606,0.6618541964333302,14.0
2024-03-06,171.05999755859375,171.24000549316406,168.67999267578125,169.1199951171875,68587700,-0.2541591048809803,-4.574863887857646,0.8850305778905749,-0.9661733186803758,0.6499671233963743,18.0
2024-03-07,169.14999389648438,170.72999572753906,168.49000549316406,169.0,71765100,0.20226915118594965,3.6408447213470936,0.9208708070218563,-0.9580996828153729,0.6439094175670691,18.0
2024-03-08,169.0,173.6999969482422,168.94000244140625,170.72999572753906,76267000,0.15718153310525748,2.8292675958946347,0.908944757655263,-0.9322271887212992,0.5894905068795177,18.0
2024-03-11,172.94000244140625,174.3800048828125,172.0500030517578,172.75,60139500,0.06261603976599872,0.5009283181279898,0.871986678801477,-0.8212762828916311,0.45802233300210027,8.0
2024-03-12,173.14999389648438,174.02999877929688,171.00999450683594,173.22999572753906,59825400,-0.020331477804575115,-0.32530364487320185,0.9229029230773449,-0.9250244442373514,0.4804189403466539,16.0
2024-03-13,172.77000427246094,173.19000244140625,170.75999450683594,171.1300048828125,52488700,0.1375790419166579,2.3388437125831842,0.92788958363235,-0.9616949278861284,0.5534984398787445,17.0
2024-03-14,172.91000366210938,174.30999755859375,172.0500030517578,173.0,72913500,0.13745845095919712,1.9244183134287596,0.9346240218728781,-0.9665624112822115,0.5877298288039295,14.0
2024-03-15,171.1699981689453,172.6199951171875,170.2899932861328,172.6199951171875,121752700,0.044312107800082726,0.48743318580091,0.8534753005951643,-0.8737987168133259,0.5557508150984439,11.0
2024-03-18,175.57000732421875,177.7100067138672,173.52000427246094,173.72000122070312,75604200,0.38185338161530946,8.0189210139215,0.9199520330876112,-0.9672035928815603,0.641077464692094,21.0
2024-03-19,174.33999633789062,176.61000061035156,173.02999877929688,176.0800018310547,55215200,0.04315517074428499,0.7767930733971298,0.9132803678512573,-0.9617368951439857,0.63457563164136,18.0
2024-03-20,175.72000122070312,178.6699981689453,175.08999633789062,178.6699981689453,53423100,-0.2134411265142262,-1.7075290121138096,0.933347724378109,-0.9624134600162506,0.6771961571915973,8.0
2024-03-21,177.0500030517578,177.49000549316406,170.83999633789062,171.3699951171875,106181300,-0.046635972913996925,-1.3524432145059109,0.9319555014371872,-0.9672975102439523,0.5705658006115493,29.0
2024-03-22,171.75999450683594,173.0500030517578,170.05999755859375,172.27999877929688,71160100,-0.20384898349376662,-5.707771537825465,0.9194753579795361,-0.9375372193753719,0.6105351118750585,28.0
2024-03-25,170.57000732421875,171.94000244140625,169.4499969482422,170.85000610351562,54288300,0.1290777906542644,2.0652446504682302,0.9335628394037485,-0.9607272455468774,0.5740082550811727,16.0
2024-03-26,170.0,171.4199981689453,169.5800018310547,169.7100067138672,57388400,0.019517260877525106,0.3317934349179268,0.8461419567465782,-0.9640340972691774,0.5297837249907028,17.0
2024-03-27,170.41000366210938,173.60000610351562,170.11000061035156,173.30999755859375,60273300,-0.09682106403143782,-1.8396002165973186,0.9269330836832523,-0.962058893404901,0.6047271938393294,19.0
2024-03-28,171.75,172.22999572753906,170.50999450683594,171.47999572753906,65672700,0.1507183361488084,1.3564650253392756,0.8610015553422272,-0.705792423337698,0.4763595836597972,9.0
2024-04-01,171.19000244140625,171.25,169.47999572753906,170.02999877929688,46240500,-0.07344746598127214,-0.8079221257939935,0.7811485417187214,-0.8791223093867302,0.47995706375666036,11.0
2024-04-02,169.0800018310547,169.33999633789062,168.22999572753906,168.83999633789062,49329500,0.05123039803999875,0.7172255725599825,0.9274073820561171,-0.9685408230870962,0.5855272160771022,14.0
2024-04-03,168.7899932861328,170.67999267578125,168.5800018310547,169.64999389648438,47691700,0.004791790929933389,0.05750149115920067,0.7758273277431726,-0.9268388878554106,0.41514766213398696,12.0
2024-04-04,170.2899932861328,171.9199981689453,168.82000732421875,168.82000732421875,53704400,-0.08993282363834706,-0.9892610600218177,0.7857129648327827,-0.9462060229852796,0.5733026182035038,11.0
2024-04-05,169.58999633789062,170.38999938964844,168.9499969482422,169.5800018310547,42104800,-0.13989584217779338,-1.9585417904891074,0.7857424765825272,-0.9602525308728218,0.5742444514559841,14.0
2024-04-08,169.02999877929688,169.1999969482422,168.24000549316406,168.4499969482422,37425500,0.0479034686207094,0.5269381548278034,0.9031398259103298,-0.9605950862169266,0.6851029370524447,11.0
2024-04-09,168.6999969482422,170.0800018310547,168.35000610351562,169.6699981689453,42373800,-0.02390063072865208,-0.28680756874382496,0.9050453910604119,-0.8825835650786757,0.5572814365960915,12.0
2024-04-10,168.8000030517578,169.08999633789062,167.11000061035156,167.77999877929688,49709300,0.27043154562956523,3.786041638813913,0.9379278607666492,-0.733358696103096,0.5096331316594098,14.0
2024-04-11,168.33999633789062,175.4600067138672,168.16000366210938,175.0399932861328,91070300,0.1324176121917036,2.3835170194506645,0.9434625152498484,-0.9346133898943663,0.5490942799708661,18.0
2024-04-12,174.25999450683594,178.36000061035156,174.2100067138672,176.5500030517578,101670900,-0.030012385779991747,-0.30012385779991746,0.9195017442107201,-0.8710112161934376,0.632375611395141,10.0
2024-04-15,175.36000061035156,176.6300048828125,172.5,172.69000244140625,73531800,0.11087583075277507,1.3305099690333009,0.9299703715369105,-0.9626894379034638,0.7998383159291093,12.0
2024-04-16,171.75,173.75999450683594,168.27000427246094,169.3800048828125,73711200,-0.12432103103492409,-0.9945682482793927,0.9384099673479795,-0.9666868662461638,0.6137051766144251,8.0
2024-04-17,169.61000061035156,170.64999389648438,168.0,168.0,50901200,-0.054365069372579455,-0.6523808324709535,0.8743054289370775,-0.9284110032021999,0.5467749559000152,12.0
2024-04-18,168.02999877929688,168.63999938964844,166.5500030517578,167.0399932861328,43122900,0.03452402176335454,0.3452402176335454,0.9412664771080017,-0.9536266103386879,0.5238751639138738,10.0
2024-04-19,166.2100067138672,166.39999389648438,164.0800018310547,165.0,68149400,-0.2047821544110775,-3.0717323161661625,0.8667536620050669,-0.9599553132429719,0.6591336114942034,15.0
2024-04-22,165.52000427246094,167.25999450683594,164.77000427246094,165.83999633789062,48116400,-0.031032326123253864,-0.3413555873557925,0.9336865618824959,-0.9592802776023746,0.7155018079996406,11.0
2024-04-23,165.35000610351562,167.0500030517578,164.9199981689453,166.89999389648438,49537800,0.07907434698427096,1.2651895517483354,0.9246748220175505,-0.9612408066168427,0.6338411478418423,16.0
2024-04-24,166.5399932861328,169.3000030517578,166.2100067138672,169.02000427246094,48251800,-0.050701666416393384,-0.4563149977475405,0.2678132141008973,-0.9674714552238584,0.3627664874221133,9.0
2024-04-25,169.52999877929688,170.61000061035156,168.14999389648438,169.88999938964844,50558300,-0.05154639744961804,-0.5670103719457984,0.9280328815802932,-0.9619896784424782,0.7037487117156876,11.0
2024-04-26,169.8800048828125,171.33999633789062,169.17999267578125,169.3000030517578,44838400,-0.16429093033075332,-1.6429093033075333,0.9370964355766773,-0.9658046457916498,0.729596729628725,10.0
2024-04-29,173.3699951171875,176.02999877929688,173.10000610351562,173.5,68169400,0.30058272689348087,4.809323630295694,0.9074235465377569,-0.3811204731464386,0.39628888089186015,16.0
2024-04-30,173.3300018310547,174.99000549316406,170.0,170.3300018310547,65934800,-0.035146118879007794,-0.42175342654809356,0.9378949888050556,-0.9680375377647579,0.6122449969562472,12.0
2024-05-01,169.5800018310547,172.7100067138672,169.11000061035156,169.3000030517578,50383100,-0.12740329119630836,-1.4014362031593919,0.8150824718177319,-0.9332618061453104,0.5824854554592245,11.0
2024-05-02,172.50999450683594,173.4199981689453,170.88999938964844,173.02999877929688,94214900,0.2685020952485502,6.444050285965204,0.936936380341649,-0.9306345302611589,0.5041031577498283,24.0
2024-05-03,186.6499938964844,187.0,182.66000366210935,183.3800048828125,163224100,0.13055587527450435,5.613902636803687,0.9198013488203287,-0.9606642555445433,0.5992592456815731,43.0
2024-05-06,182.3500061035156,184.1999969482422,180.4199981689453,181.7100067138672,78569700,0.13928516051964834,2.2285625683143735,0.9248979892581701,-0.9630517400801182,0.5702008391938979,16.0
2024-05-07,183.4499969482422,184.8999938964844,181.32000732421875,182.3999938964844,77305800,0.1415123133117269,4.10385708604008,0.9229626879096031,-0.9628266021609306,0.5114668895549617,29.0
2024-05-08,182.8500061035156,183.07000732421875,181.4499969482422,182.7400054931641,45057100,0.029893137328326703,0.44839705992490053,0.9247783981263638,-0.9471526723355055,0.5451524108979119,15.0
2024-05-09,182.55999755859372,184.66000366210935,182.1100006103516,184.57000732421875,48983000,-0.21697570799539487,-3.254635619930923,0.9248913004994392,-0.9383003888651729,0.6275199500511266,15.0
2024-05-10,184.8999938964844,185.08999633789065,182.1300048828125,183.0500030517578,50759500,0.20937179028987885,3.1405768543481827,0.9083103239536285,-0.94501718506217,0.5044814115549427,15.0
2024-05-13,185.44000244140625,187.1000061035156,184.6199951171875,186.27999877929688,72044800,0.1994733926566208,3.391047675162554,0.9274231344461441,-0.9515030663460493,0.5657478978147177,17.0
2024-05-14,187.50999450683597,188.3000030517578,186.2899932861328,187.42999267578125,52393600,0.4487686994951218,4.487686994951218,0.8919313326478004,0.03123689629137516,0.3581868464257241,10.0
2024-05-15,187.91000366210935,190.6499938964844,187.3699951171875,189.72000122070312,70400000,0.1929832644139727,1.7368493797257543,0.9287395924329758,-0.6157848238945007,0.4812196322756931,9.0
2024-05-16,190.47000122070312,191.1000061035156,189.66000366210935,189.83999633789065,52845200,-0.0864386378787458,-0.8643863787874579,0.827947236597538,-0.9322042409330606,0.5438648984315001,10.0
2024-05-17,189.50999450683597,190.80999755859372,189.17999267578125,189.8699951171875,41282900,0.025177541538141668,0.20142033230513334,0.639576512388885,-0.9522893475368619,0.4424948722809393,8.0
2024-05-20,189.3300018310547,191.9199981689453,189.00999450683597,191.0399932861328,44361300,0.20168998852022924,3.2270398163236678,0.9275128627195954,-0.9478870206512511,0.6419315310041845,16.0
2024-05-21,191.08999633789065,192.72999572753903,190.9199981689453,192.3500061035156,42309400,0.17692914698272943,1.9462206168100238,0.9307583132758737,-0.928630918264389,0.5919129849759677,11.0
2024-05-22,192.2700042724609,192.82000732421875,190.2700042724609,190.8999938964844,34648500,0.176883419115956,2.299484448507428,0.885119660757482,-0.8768969513475895,0.4946994724057048,13.0
2024-05-23,190.97999572753903,191.0,186.6300048828125,186.8800048828125,51005900,0.09900975485586307,1.0891073034144938,0.9384911581873894,-0.9595155767165124,0.6417515747355141,11.0
2024-05-24,188.82000732421875,190.5800018310547,188.0399932861328,189.97999572753903,36327000,-0.008883835023476018,-0.07995451521128416,0.6661166995763779,-0.954531610943377,0.47763493898713527,9.0
2024-05-28,191.50999450683597,193.0,189.1000061035156,189.9900054931641,52280100,0.2202976131811738,3.9653570372611284,0.9370082365348935,-0.9532444514334202,0.586698526279365,18.0
2024-05-29,189.6100006103516,192.25,189.50999450683597,190.2899932861328,53068000,0.2928620171935662,6.7358263954520226,0.9367544371634722,-0.9628752814605832,0.6307665068067225,23.0
2024-05-30,190.75999450683597,192.17999267578125,190.6300048828125,191.2899932861328,49889100,0.3094206012028735,4.950729619245976,0.9329365901648998,-0.9202202036976814,0.5171581427515322,16.0
2024-05-31,191.44000244140625,192.57000732421875,189.91000366210935,192.25,75158300,-0.07564604075418578,-0.680814366787672,0.8938585016876459,-0.9663751777261496,0.6916481829915524,9.0
2024-06-03,192.8999938964844,194.9900054931641,192.5200042724609,194.02999877929688,50080500,0.3420643944723102,4.446837128140032,0.936261935159564,-0.635681726038456,0.49217373445229634,13.0
2024-06-04,194.63999938964844,195.32000732421875,193.02999877929688,194.3500061035156,47471400,0.2323966604000067,3.950743226800114,0.9396872278302908,-0.9419110175222158,0.5373079284232933,17.0
2024-06-05,195.3999938964844,196.8999938964844,194.8699951171875,195.8699951171875,54156800,0.2397262120189575,3.1164407562464476,0.8674959260970354,-0.41511043906211853,0.3871912976451807,13.0
2024-06-06,195.69000244140625,196.5,194.1699981689453,194.47999572753903,41181800,0.27855483463240993,5.013987023383379,0.9337517265230417,-0.9506664369255304,0.5383703826204081,18.0
2024-06-07,194.6499938964844,196.94000244140625,194.13999938964844,196.88999938964844,53103900,0.2859927404051026,4.289891106076539,0.9347988795489073,-0.09262469410896301,0.3599877231287464,15.0
2024-06-10,196.8999938964844,197.3000030517578,192.1499938964844,193.1199951171875,97010200,0.09302303671836853,6.97672775387764,0.931739553809166,-0.9568464364856482,0.4075350950109545,75.0
2024-06-11,193.6499938964844,207.16000366210935,193.6300048828125,207.1499938964844,172373300,0.23648409724277866,10.405300278682262,0.9347894554957747,-0.9615959692746401,0.6261778466467824,44.0
2024-06-12,207.3699951171875,220.1999969482422,206.8999938964844,213.07000732421875,198134300,0.1759700846833814,6.686863217968494,0.9354080557823181,-0.9656155165284872,0.622697273793889,38.0
2024-06-13,214.7400054931641,216.75,211.6000061035156,214.2400054931641,97862700,0.061628359059492745,1.1093104630708694,0.9292120914906263,-0.966531322337687,0.640935494098611,18.0
2024-06-14,213.8500061035156,215.1699981689453,211.3000030517578,212.4900054931641,70122700,0.1914933266118169,2.8723998991772532,0.9040073100477457,-0.929381588473916,0.5389660609701896,15.0
2024-06-17,213.3699951171875,218.9499969482422,212.72000122070312,216.6699981689453,93728300,0.04273832687998519,0.7265515569597483,0.9367826040834188,-0.9552568411454558,0.60577717716275,17.0
2024-06-18,217.58999633789065,218.6300048828125,213.0,214.2899932861328,79943300,0.09996266550767947,1.699365313630551,0.8919532354921103,-0.9639491117559373,0.5792493275925084,17.0
2024-06-20,213.92999267578125,214.2400054931641,208.8500061035156,209.67999267578125,86172500,0.21824368084535786,4.1466299360617995,0.9343681186437607,-0.9635802861303091,0.5151007083754071,19.0
2024-06-21,210.38999938964844,211.88999938964844,207.1100006103516,207.4900054931641,241805100,-0.012312536593526602,-0.17237551230937243,0.9240719862282276,-0.9667033711448312,0.5368723620988678,14.0
2024-06-24,207.72000122070312,212.6999969482422,206.58999633789065,208.13999938964844,80727000,-0.008863919591974644,-0.18614231143146753,0.9280382543802261,-0.9555118456482887,0.6563395862986023,21.0
2024-06-25,209.1499938964844,211.3800048828125,208.6100006103516,209.07000732421875,55549700,-0.07083719869011215,-0.9917207816615701,0.9317737445235252,-0.9496694644913077,0.7116371322783192,14.0
2024-06-26,211.5,214.8600006103516,210.63999938964844,213.25,66213200,0.2444339339155704,4.888678678311408,0.9182311091572046,-0.9526840625330806,0.5278439937221144,20.0
2024-06-27,214.69000244140625,215.7400054931641,212.3500061035156,214.1000061035156,49772700,0.4018919685622677,3.2151357484981418,0.9199083708226681,-0.011675331741571426,0.42582592272856085,8.0
2024-06-28,215.7700042724609,216.07000732421875,210.3000030517578,210.6199951171875,82542700,-0.061589966104789215,-0.6774896271526814,0.9371559582650661,-0.8376246690750122,0.5076434284731107,11.0
2024-07-01,212.08999633789065,217.50999450683597,211.9199981689453,216.75,60402900,0.14791373256593943,2.5145334536209702,0.9266782319173217,-0.908257320523262,0.5322494760224492,17.0
2024-07-02,216.1499938964844,220.3800048828125,215.1000061035156,220.2700042724609,58046200,0.2108247196301818,3.3731955140829086,0.8523520343005657,-0.9161037355661392,0.4664370280978557,16.0
2024-07-03,220.0,221.5500030517578,219.02999877929688,221.5500030517578,37369800,0.19259103294461966,1.3481372306123376,0.9314935710281134,-0.8942664870992303,0.643276396643379,7.0
2024-07-05,221.6499938964844,226.4499969482422,221.6499938964844,226.33999633789065,60412400,0.14298428344325378,1.858795684762299,0.9236519560217857,-0.9312802348285913,0.6808755402602258,13.0
2024-07-08,227.08999633789065,227.8500061035156,223.25,227.82000732421875,59085900,0.2578613589958925,4.8993658209219575,0.9227561838924885,-0.9588908525183797,0.5428831276023057,19.0
2024-07-09,227.92999267578125,229.3999938964844,226.3699951171875,228.67999267578125,48076100,0.003914956313868363,0.046979475766420364,0.8021806422621012,-0.9459864040836692,0.5144635562665697,12.0
2024-07-10,229.3000030517578,233.0800018310547,229.25,232.97999572753903,62627700,0.3543945014890697,6.379101026803255,0.9358361531049013,-0.9511836459860206,0.5255067655363129,18.0
2024-07-11,231.38999938964844,232.38999938964844,225.7700042724609,227.57000732421875,64710600,0.28939445514012785,4.9197057373821735,0.9279685281217098,-0.9673510864377022,0.6000534108720972,17.0
2024-07-12,228.9199981689453,232.63999938964844,228.67999267578125,230.5399932861328,53046500,-0.3055269179167226,-2.4442153433337808,0.033806366845965385,-0.9610311994329095,0.4292035433202025,8.0
2024-07-15,236.47999572753903,237.22999572753903,233.08999633789065,234.3999938964844,62631300,0.3236729432163494,4.531421205028892,0.934071097522974,-0.9164673760533333,0.5292947366072709,14.0
2024-07-16,235.0,236.2700042724609,232.3300018310547,234.82000732421875,43234300,0.24132878103238695,4.102589277550578,0.938519524410367,-0.9158585574477911,0.5875350425371199,17.0
2024-07-17,229.4499969482422,231.4600067138672,226.63999938964844,228.8800048828125,57345900,0.04491834423194329,0.6737751634791493,0.9156690575182438,-0.9594133850187063,0.6075412984998156,15.0
2024-07-18,230.27999877929688,230.44000244140625,222.2700042724609,224.17999267578125,66034600,0.39188319566444707,5.094481543637812,0.9176794989034534,-0.20625750720500946,0.431250511215632,13.0
2024-07-19,224.82000732421875,226.8000030517578,223.27999877929688,224.30999755859372,49151500,-0.14846821668158686,-1.039277516771108,0.9259153734892607,-0.9618380479514599,0.7884598159842511,7.0
2024-07-22,227.00999450683597,227.77999877929688,223.08999633789065,223.9600067138672,48201800,-0.38588498946046457,-3.0870799156837165,0.5293763671070337,-0.9582838746719062,0.5802666726463627,8.0
2024-07-23,224.3699951171875,226.94000244140625,222.67999267578125,225.00999450683597,39960300,0.18940400813395777,2.2728480976074934,0.9284134861081839,-0.9672798523679376,0.5342282231991108,12.0
2024-07-24,224.0,224.8000030517578,217.1300048828125,218.5399932861328,61777600,0.008289086528950267,0.1492035575211048,0.9315583519637585,-0.9613343607634306,0.6316915267017871,18.0
2024-07-25,218.92999267578125,220.8500061035156,214.6199951171875,217.4900054931641,51391200,-0.01830570532807282,-0.2562798745930195,0.8760576043277979,-0.9683980718255043,0.5773692294193274,14.0
2024-07-26,218.6999969482422,219.4900054931641,216.00999450683597,217.9600067138672,41601300,0.13211155693150228,1.1890040123835206,0.8396296314895153,-0.7867181599140167,0.5826483721414554,9.0
2024-07-29,216.9600067138672,219.3000030517578,215.75,218.2400054931641,36311800,0.2032253234425471,4.267731792293489,0.9271239340305328,-0.6407064311206341,0.40181889884939653,21.0
2024-07-30,219.19000244140625,220.3300018310547,216.1199951171875,218.8000030517578,41643800,0.26081462412634315,4.433848610147834,0.9353050496429205,-0.5461257472634315,0.5008257855378923,17.0
2024-07-31,221.44000244140625,223.82000732421875,220.6300048828125,222.0800018310547,50036300,-0.09854815166909248,-0.7883852133527398,0.9372492749243975,-0.9491960424929857,0.7525211459183481,8.0
2024-08-01,224.3699951171875,224.47999572753903,217.0200042724609,218.3600006103516,62501000,0.16939136108073097,5.081740832421929,0.9320100098848343,-0.9541454557329416,0.5791146849088689,30.0
2024-08-02,219.1499938964844,225.6000061035156,217.7100067138672,219.8600006103516,105568600,0.061127743185979536,1.7727045523934066,0.9346715910360217,-0.9621515306644142,0.6932909566445928,29.0
2024-08-05,199.08999633789065,213.5,196.0,209.2700042724609,119548600,-0.634668283654671,-12.058697389438748,0.09800057113170624,-0.965539526194334,0.4278595777892119,19.0
2024-08-06,205.3000030517578,209.9900054931641,201.07000732421875,207.22999572753903,69660500,-0.31393835317742613,-4.395136944483966,0.9374480154365301,-0.9640237530693412,0.550662982429986,14.0
2024-08-07,206.8999938964844,213.63999938964844,206.38999938964844,209.82000732421875,63516400,-0.3488647885620594,-3.488647885620594,0.17521078046411276,-0.9607999948784709,0.4670073008696972,10.0
2024-08-08,213.1100006103516,214.1999969482422,208.8300018310547,213.30999755859372,47161100,-0.10201349803246558,-2.0402699606493115,0.9315616618841887,-0.9593297280371189,0.5165454147986455,20.0
2024-08-09,212.1000061035156,216.77999877929688,211.97000122070312,216.2400054931641,42201600,-0.010212623381188937,-0.07148836366832256,0.5090927928686142,-0.6701428294181824,0.3445582823799095,7.0
2024-08-12,216.07000732421875,219.50999450683597,215.6000061035156,217.52999877929688,38028100,0.17926904828184181,1.6134214345365763,0.9277176111936569,-0.9583333041518927,0.7037653500347607,9.0
2024-08-13,219.00999450683597,221.88999938964844,219.00999450683597,221.2700042724609,44155300,0.1347735394568493,1.6172824734821916,0.9012564308941364,-0.9596343254670501,0.5673800975195413,12.0
2024-08-14,220.57000732421875,223.02999877929688,219.6999969482422,221.72000122070312,41960600,0.10859641225005572,1.4117533592507243,0.9156794343143702,-0.9562668716534972,0.4198177205206971,13.0
2024-08-15,224.6000061035156,225.3500061035156,222.75999450683597,224.72000122070312,46414000,0.14571208424038357,1.3114087581634521,0.8894501086324453,-0.8567734211683273,0.5023562212430365,9.0
2024-08-16,223.9199981689453,226.8300018310547,223.6499938964844,226.0500030517578,44340200,0.1530995462089777,0.7654977310448885,0.7561227418482304,-0.09262469410896301,0.34181459315541196,5.0
2024-08-19,225.72000122070312,225.9900054931641,223.0399932861328,225.88999938964844,40687800,0.04611716284934017,0.41505446564406157,0.934758854098618,-0.8026111125946045,0.46791173657249674,9.0
2024-08-20,225.7700042724609,227.1699981689453,225.4499969482422,226.50999450683597,30299000,0.3999191829934716,1.9995959149673581,0.7941738283261657,-0.02906516194343567,0.36054287503803667,5.0
2024-08-21,226.5200042724609,227.97999572753903,225.0500030517578,226.3999938964844,34765500,-0.07939587517951925,-0.47637525107711554,0.8810733556747437,-0.7792026801034808,0.6067885494858248,6.0
2024-08-22,227.7899932861328,228.33999633789065,223.8999938964844,224.52999877929688,43695300,-0.030175631633028388,-0.2414050530642271,0.9350765999406576,-0.9373246487230062,0.6561980792139093,8.0
2024-08-23,225.66000366210935,228.22000122070312,224.3300018310547,226.83999633789065,38677300,0.3816036238955955,2.289621743373573,0.9238115344196558,0.007971212267875671,0.4031691242714946,6.0
2024-08-26,226.75999450683597,227.27999877929688,223.88999938964844,227.17999267578125,30602200,0.09417070029303432,1.1300484035164118,0.9395510535687208,-0.9530194103717804,0.6166310470405604,12.0
2024-08-27,226.0,228.8500061035156,224.88999938964844,228.02999877929688,35934600,0.15858482590622522,3.488866169936955,0.9361068196594715,-0.8989586383104324,0.4000003476895149,22.0
2024-08-28,227.9199981689453,229.8600006103516,225.67999267578125,226.4900054931641,38052200,0.35467110441711086,4.610724357422441,0.933453387580812,-0.9558772942982614,0.577688047054513,13.0
2024-08-29,230.1000061035156,232.9199981689453,228.8800048828125,229.7899932861328,51906300,0.05487628221850504,0.6036391044035554,0.9313932154327631,-0.9094603806734085,0.6907276321363414,11.0
2024-08-30,230.19000244140625,230.3999938964844,227.47999572753903,229.0,52990800,0.15570230183324643,1.089916112832725,0.8743886724114418,-0.8194272927939892,0.5849707709323432,7.0
2024-09-03,228.5500030517578,229.0,221.1699981689453,222.7700042724609,50190600,0.22438283688388766,2.2438283688388765,0.9235052447766066,-0.9128358885645866,0.7251041374345458,10.0
2024-09-04,221.66000366210935,221.77999877929688,217.47999572753903,220.8500061035156,43840200,0.23764090013823339,1.6634863009676337,0.864674586802721,0.021550826728343964,0.320465872558232,7.0
2024-09-05,221.6300048828125,225.47999572753903,221.5200042724609,222.3800048828125,36615400,0.08405687509534451,1.0927393762394786,0.9213426262140274,-0.9619385460391641,0.5995955254528712,13.0
2024-09-06,223.9499969482422,225.2400054931641,219.7700042724609,220.82000732421875,48423000,-0.19303618909584153,-1.7373257018625736,0.5212727934122086,-0.9628895577043295,0.5046701997659244,9.0
2024-09-09,220.82000732421875,221.2700042724609,216.7100067138672,220.91000366210935,67180000,0.209901560264868,11.124782694038004,0.9172999877482653,-0.9610604289919138,0.520521441509837,53.0
2024-09-10,218.9199981689453,221.47999572753903,216.72999572753903,220.1100006103516,51591000,0.04433191906557315,1.5959490863606334,0.938165926374495,-0.9606615230441093,0.5541496625833687,36.0
2024-09-11,221.4600067138672,223.08999633789065,217.88999938964844,222.66000366210935,44587100,0.04093185460401906,0.36838669143617153,0.9025504440069199,-0.965136107057333,0.7114105405526712,9.0
2024-09-12,222.5,223.5500030517578,219.82000732421875,222.7700042724609,37455600,0.35474091878330166,3.9021501066163182,0.928238988853991,-0.8303095828741789,0.6070415973507023,11.0
2024-09-13,223.5800018310547,224.0399932861328,221.91000366210935,222.5,36766600,-0.1675443218222686,-1.1728102527558804,0.8471160493791103,-0.9564554980024695,0.6316926294129585,7.0
2024-09-16,216.5399932861328,217.22000122070312,213.9199981689453,216.32000732421875,59357400,0.11535324712338693,1.9610052010975778,0.8970567202195525,-0.9653972890228033,0.6950926586766304,17.0
2024-09-17,215.75,216.8999938964844,214.5,216.7899932861328,45519300,-0.04934459577004115,-0.7401689365506172,0.8688732460141182,-0.9543200246989727,0.6053967652168378,15.0
2024-09-18,217.5500030517578,222.7100067138672,217.5399932861328,220.69000244140625,59894900,-0.05039304475455234,-0.6047165370546281,0.9174402393400669,-0.9543698113411665,0.7408555925461976,12.0
2024-09-19,224.9900054931641,229.82000732421875,224.6300048828125,228.8699951171875,66781300,0.13332859280386142,1.8666002992540598,0.915632413700223,-0.8952295910567045,0.606715998200267,14.0
2024-09-20,229.97000122070312,233.08999633789065,227.6199951171875,228.1999969482422,318679900,0.12029062188230455,0.9623249750584364,0.8128923699259758,-0.9529821714386344,0.608212100404649,8.0
2024-09-23,227.33999633789065,229.4499969482422,225.80999755859372,226.47000122070312,54146000,-0.37487290440393345,-2.624110330827534,0.2425226904451847,-0.9532019952312112,0.5121432229056629,7.0
2024-09-24,228.6499938964844,229.3500061035156,225.72999572753903,227.3699951171875,43556100,0.055346640292555094,0.44277312234044075,0.9279934335500002,-0.9338983241468668,0.6117452892009089,8.0
2024-09-25,224.92999267578125,227.2899932861328,224.0200042724609,226.3699951171875,42308700,-0.009956318943295628,-0.15930110309273005,0.9275667406618595,-0.9656018847599626,0.6507841314719265,16.0
2024-09-26,227.3000030517578,228.5,225.41000366210935,227.5200042724609,36636700,0.5304053608328104,2.652026804164052,0.9306667000055313,0.09800057113170624,0.3972647239875259,5.0
2024-09-27,228.4600067138672,229.5200042724609,227.3000030517578,227.7899932861328,34026000,-0.04664182267151773,-0.37313458137214184,0.2138235028833151,-0.9505239669233561,0.37754467910027895,8.0
2024-09-30,230.0399932861328,233.0,229.6499938964844,233.0,54541900,-0.061777977459132674,-0.6177797745913267,0.8775562793016434,-0.9612587438896298,0.6722048135466869,10.0
2024-10-01,229.5200042724609,229.6499938964844,223.7400054931641,226.2100067138672,63285000,0.026957830659260874,0.5121987825259566,0.9393525626510382,-0.9633349608629942,0.6828718210694389,19.0
2024-10-02,225.88999938964844,227.3699951171875,223.0200042724609,226.77999877929688,32880600,-0.19502447664060377,-2.1452692430466413,0.9339232472702861,-0.9630189761519432,0.6908623094224463,11.0
2024-10-03,225.13999938964844,226.80999755859372,223.32000732421875,225.6699981689453,34044200,0.037700820714235306,0.30160656571388245,0.16608768701553345,-0.11835770308971405,0.09273289764179506,8.0
2024-10-04,227.8999938964844,228.0,224.1300048828125,226.8000030517578,37245100,0.10640459135174751,0.7448321394622326,0.9155252072960138,-0.24677008390426636,0.37459398301573094,7.0
2024-10-07,224.5,225.69000244140625,221.3300018310547,221.69000244140625,39505400,0.29500843593850734,2.950084359385073,0.9244967419654131,-0.9591157864779234,0.571882516840959,10.0
2024-10-08,224.3000030517578,225.97999572753903,223.25,225.7700042724609,31855700,-0.01886335201561451,-0.2074968721717596,0.9040434071794152,-0.9629317307844758,0.6035411103496392,11.0
2024-10-09,225.22999572753903,229.75,224.8300018310547,229.5399932861328,33591100,-0.15644315499812364,-1.5644315499812365,0.904338363558054,-0.9459312949329615,0.5516140888698153,10.0
2024-10-10,227.77999877929688,229.5,227.1699981689453,229.0399932861328,28183500,0.33895269508606624,2.3726688656024635,0.8965833261609077,0.030178692191839218,0.3851451351806267,7.0
2024-10-11,229.3000030517578,229.41000366210935,227.33999633789065,227.5500030517578,31759200,-0.08579848799854517,-0.7721863919869065,0.8703560316935182,-0.9412192394956946,0.6984696159850382,9.0
2024-10-14,228.6999969482422,231.72999572753903,228.6000061035156,231.3000030517578,39882100,0.2731147680431604,2.7311476804316044,0.9363262020051479,-0.8265205696225166,0.5894590050992701,10.0
2024-10-15,233.6100006103516,237.4900054931641,232.3699951171875,233.8500061035156,64751400,0.13051951128161615,1.1746756015345454,0.9128763824701309,-0.9531068792566657,0.5762506576270348,9.0
2024-10-16,231.6000061035156,232.1199951171875,229.83999633789065,231.77999877929688,34082200,0.17573506633440653,2.636025995016098,0.9277151804417372,-0.9470050437375903,0.704337784465935,15.0
2024-10-17,233.42999267578125,233.8500061035156,230.5200042724609,232.1499938964844,32993800,0.22001812983160982,2.8602356878109276,0.9337148852646351,-0.7453179731965065,0.6095599350926912,13.0
2024-10-18,236.17999267578125,236.17999267578125,234.00999450683597,235.0,46431500,0.13925428568784678,1.9495599996298552,0.9376277234405279,-0.9276070483028889,0.6238635731528862,14.0
2024-10-21,234.4499969482422,236.8500061035156,234.4499969482422,236.47999572753903,36254500,0.050604386162012814,0.5060438616201282,0.9335922840982676,-0.9126433981582522,0.6510925120195301,10.0
2024-10-22,233.88999938964844,236.22000122070312,232.6000061035156,235.8600006103516,38846600,0.2437992902705446,1.9503943221643567,0.8823774047195911,-0.8284510001540184,0.6116568728990653,8.0
2024-10-23,234.0800018310547,235.13999938964844,227.75999450683597,230.75999450683597,52287000,-0.25884257616578704,-4.659166370984167,0.930702124722302,-0.9681164170615375,0.7094367584240754,18.0
2024-10-24,229.97999572753903,230.82000732421875,228.41000366210935,230.57000732421875,31109500,-0.1433368948288262,-1.433368948288262,0.8275151997804642,-0.9560094149783254,0.578050888682607,10.0
2024-10-25,229.7400054931641,233.22000122070312,229.57000732421875,231.41000366210935,38802300,0.2466102156904526,3.9457634510472417,0.9394456278532743,-0.9614919340237975,0.6223975384391129,16.0
2024-10-28,233.32000732421875,234.72999572753903,232.5500030517578,233.3999938964844,36087100,0.07005590058508374,1.4711739122867584,0.8779573198407888,-0.9455137653276324,0.5971137314750588,21.0
2024-10-29,233.1000061035156,234.3300018310547,232.32000732421875,233.6699981689453,35417200,0.039413231838908463,0.35471908655017614,0.8859534235671163,-0.9563318639993668,0.6431843020926815,9.0
2024-10-30,232.6100006103516,233.47000122070312,229.5500030517578,230.1000061035156,47070900,0.0473536571318453,0.5208902284502983,0.8896467909216881,-0.9673244301229715,0.7089942288735969,11.0
2024-10-31,229.33999633789065,229.8300018310547,225.3699951171875,225.91000366210935,64370100,0.17850133010910618,3.213023941963911,0.9114529937505722,-0.9592587947845459,0.5320943985075958,18.0
2024-11-01,220.97000122070312,225.3500061035156,220.2700042724609,222.91000366210935,65276700,0.06082015683535825,1.3380434503778815,0.9346776232123375,-0.9662975799292326,0.6480742148326181,22.0
2024-11-04,220.9900054931641,222.7899932861328,219.7100067138672,222.00999450683597,44944500,0.2918290845428904,4.377436268143356,0.9282843424007297,-0.5634719878435135,0.4932099456179836,15.0
2024-11-05,221.8000030517578,223.9499969482422,221.13999938964844,223.4499969482422,28111300,-0.08619521980961928,-1.1205378575250506,0.8887979686260223,-0.9560416825115681,0.6464597799490746,13.0
2024-11-06,222.6100006103516,226.07000732421875,221.19000244140625,222.72000122070312,54561100,-0.049231137947312424,-0.34461796563118696,0.11898208595812321,-0.8322301059961319,0.35200746723197035,7.0
2024-11-07,224.6300048828125,227.8800048828125,224.57000732421875,227.47999572753903,42137700,0.39211682315605384,4.705401877872646,0.9288126602768898,-0.9188272096216679,0.5635559557975666,12.0
2024-11-08,227.1699981689453,228.66000366210935,226.41000366210935,226.9600067138672,38328800,0.20249628011758128,1.2149776807054877,0.9319565612822771,-0.09262469410896301,0.3719841798755237,6.0
2024-11-11,225.0,225.6999969482422,221.5,224.22999572753903,42005600,-0.028097401140257716,-0.3371688136830926,0.5329761561006308,-0.9532195581123233,0.4853056817221644,12.0
2024-11-12,224.5500030517578,225.58999633789065,223.3600006103516,224.22999572753903,40398300,0.18932565428655257,2.082582197152078,0.8666659723967314,-0.5054163690656424,0.3620550249538612,11.0
2024-11-13,224.00999450683597,226.6499938964844,222.75999450683597,225.1199951171875,48566200,0.13924534680942693,0.8354720808565617,0.8198981434106827,-0.9602997144684196,0.6091352820436462,6.0
2024-11-14,225.0200042724609,228.8699951171875,225.0,228.22000122070312,44923900,0.09931756994303535,1.688398689031601,0.9414569195359945,-0.9497163165360689,0.6872654914807148,17.0
2024-11-15,226.3999938964844,226.9199981689453,224.2700042724609,225.0,47923700,0.035318054569264255,0.21190832741558552,0.8797530457377434,-0.9661920461803675,0.5960362106374018,6.0
2024-11-18,225.25,229.7400054931641,225.1699981689453,228.0200042724609,44633700,0.15851480525452644,1.2681184420362115,0.7111535463482141,-0.5341986417770386,0.36154574782389903,8.0
2024-11-19,226.97999572753903,230.16000366210935,226.66000366210935,228.27999877929688,36211800,-0.03470781926686565,-0.4164938312023878,0.9255558690056205,-0.9377802573144436,0.6297401803061882,12.0
2024-11-20,228.05999755859372,229.92999267578125,225.88999938964844,229.0,35169600,0.027345926873385905,0.27345926873385906,0.9198534656316042,-0.9554655263200402,0.6970087877285914,10.0
2024-11-21,228.8800048828125,230.16000366210935,225.7100067138672,228.5200042724609,42108300,-0.017516452178824693,-0.14013161743059754,0.2621198841370642,-0.9093795977532864,0.3670928617045737,8.0
2024-11-22,228.05999755859372,230.72000122070312,228.05999755859372,229.8699951171875,38168300,-0.08598380256444216,-1.2897570384666324,0.9279866926372051,-0.9633629377931356,0.5784724422589035,15.0
2024-11-25,231.4600067138672,233.25,229.7400054931641,232.8699951171875,90152800,-0.012385845556855202,-0.12385845556855202,0.7898126430809498,-0.9326939694583416,0.5388514406769827,10.0
2024-11-26,233.3300018310547,235.57000732421875,233.3300018310547,235.05999755859372,45986200,-0.08903844939777628,-0.7123075951822102,0.8820405923761427,-0.9060634141787887,0.5836505063724495,8.0
2024-11-27,234.47000122070312,235.69000244140625,233.80999755859372,234.92999267578125,33498400,0.4188448540866375,4.188448540866375,0.9208445409312844,-0.09262469410896301,0.40244623973589105,10.0
2024-11-29,234.80999755859372,237.80999755859372,233.97000122070312,237.3300018310547,28481400,0.3535343500552699,2.828274800442159,0.8892823830246925,-0.07365232706069946,0.3589371580022332,8.0
2024-12-02,237.2700042724609,240.7899932861328,237.16000366210935,239.58999633789065,48137100,0.5378167766029947,4.302534212823957,0.9301759041845798,-0.19163939356803894,0.42161280793624467,8.0
2024-12-03,239.80999755859372,242.75999450683597,238.8999938964844,242.6499938964844,38861000,0.20147956387760738,2.4177547665312886,0.8370273308828473,-0.9366681901738048,0.43518284996154055,12.0
2024-12-04,242.8699951171875,244.1100006103516,241.25,243.00999450683597,44383900,0.45014459546655416,4.501445954665542,0.9178176485002041,-0.21149179339408875,0.440296925042781,10.0
2024-12-05,243.9900054931641,244.5399932861328,242.1300048828125,243.0399932861328,40033900,0.13509420631453395,0.8105652378872037,0.8052586372941732,-0.9063677974045277,0.57788198006287,6.0
2024-12-06,242.91000366210935,244.6300048828125,242.0800018310547,242.83999633789065,36870600,0.290433251298964,2.323466010391712,0.9349075499922037,-0.8768703360110521,0.6869262828975465,8.0
2024-12-09,241.8300018310547,247.2400054931641,241.75,246.75,44649200,0.23242309968918562,1.859384797513485,0.9372484516352415,-0.9329282650724053,0.7901018459795243,8.0
2024-12-10,246.88999938964844,248.2100067138672,245.33999633789065,247.7700042724609,36914800,0.3006136868562963,2.705523181706667,0.9400408156216145,-0.7075138874351978,0.537795958909997,9.0
2024-12-11,247.9600067138672,250.8000030517578,246.25999450683597,246.4900054931641,45205800,0.41856298642233014,5.441318823490292,0.9362049316987395,-0.9564931420609355,0.5750599521869553,13.0
2024-12-12,246.88999938964844,248.7400054931641,245.67999267578125,247.9600067138672,32777500,0.22775012062241634,3.416251809336245,0.9282728899270296,-0.09262469410896301,0.3437052855733958,15.0
2024-12-13,247.82000732421875,249.2899932861328,246.2400054931641,248.1300048828125,33155300,0.545925572260537,6.005181294865906,0.9243640750646591,0.008430613204836845,0.37725126606908843,11.0
2024-12-16,247.9900054931641,251.3800048828125,247.6499938964844,251.0399932861328,51694800,0.5385752608283207,7.00147839076817,0.9360963571816683,-0.09262476861476898,0.4489516880207128,13.0
2024-12-17,250.0800018310547,253.8300018310547,249.77999877929688,253.47999572753903,51356400,-0.17570493258535863,-1.7570493258535862,0.90401023440063,-0.9523629443719983,0.7124190586004983,10.0
2024-12-18,252.16000366210935,254.27999877929688,247.7400054931641,248.0500030517578,56774100,-0.07167847883991069,-0.6451063095591962,0.9296379117295146,-0.9563701073639095,0.7247693245738119,9.0
2024-12-19,247.5,252.0,247.08999633789065,249.7899932861328,60882300,0.21689406130462885,1.518258429132402,0.926751677878201,-0.9207176864147186,0.7236299914659687,7.0
2024-12-20,248.0399932861328,255.0,245.69000244140625,254.4900054931641,147495300,0.1912885711395315,1.3390199979767203,0.8615205129608512,-0.9412398003041744,0.6313085456130727,7.0
2024-12-23,254.7700042724609,255.6499938964844,253.4499969482422,255.2700042724609,40858800,0.41576257620805074,2.9103380334563553,0.9082250543870032,-0.09262469410896301,0.4607153455715147,7.0
2024-12-24,255.4900054931641,258.2099914550781,255.2899932861328,258.20001220703125,23234700,0.2795502209866589,3.0750524308532476,0.9051151433959603,-0.939556117169559,0.556716906207001,11.0
2024-12-26,258.19000244140625,260.1000061035156,257.6300048828125,259.0199890136719,27237100,0.2612678539007902,1.8288749773055315,0.928133325651288,-0.4631531871855259,0.48528743870609337,7.0
2024-12-27,257.8299865722656,258.70001220703125,253.05999755859372,255.58999633789065,42355300,0.03553116135299206,0.3553116135299206,0.8601750517264009,-0.9650598615407944,0.6218481118168825,10.0
2024-12-30,252.22999572753903,253.5,250.75,252.1999969482422,35557500,0.14251392813665525,0.9975974969565868,0.8369607888162136,-0.9248648006469011,0.6515698027073171,7.0
2024-12-31,252.44000244140625,253.27999877929688,249.42999267578125,250.4199981689453,39480700,0.2842611785745248,2.2740894285961986,0.8753724619746208,-0.09262469410896301,0.31240601580134336,8.0
2025-01-02,248.92999267578125,249.1000061035156,241.82000732421875,243.8500061035156,55740700,0.01984312981367111,0.19843129813671112,0.9228446902707219,-0.964961257763207,0.7405181913905226,10.0
2025-01-03,243.3600006103516,244.17999267578125,241.88999938964844,243.3600006103516,40244100,0.10555978731385299,1.4778370223939419,0.930763041600585,-0.958337121643126,0.6563990579072406,14.0
2025-01-06,244.30999755859372,247.3300018310547,243.1999969482422,245.0,45045600,0.012586086406372488,0.1006886912509799,0.9335921183228493,-0.9632423268631101,0.7063059541423765,8.0
2025-01-07,242.97999572753903,245.5500030517578,241.3500061035156,242.2100067138672,40856000,-0.05105439437410006,-0.6637071268633008,0.9202328212559223,-0.9569874610751867,0.6440822169443967,13.0
2025-01-08,241.9199981689453,243.7100067138672,240.0500030517578,242.6999969482422,37628900,-0.08181110769510269,-0.16362221539020538,0.09800125658512115,-0.26162347197532654,0.25429308424746405,2.0
2025-01-10,240.00999450683597,240.16000366210935,233.0,236.8500061035156,61710900,-0.19442065510277948,-1.1665239306166768,0.7039581835269928,-0.959030631929636,0.6440874549196959,6.0
2025-01-13,233.52999877929688,234.6699981689453,229.72000122070312,234.3999938964844,49630700,-0.15687013091519475,-0.9412207854911685,0.668405519798398,-0.8657857617363334,0.6717468809329353,6.0
2025-01-14,234.75,236.1199951171875,232.47000122070312,233.27999877929688,39435300,-0.09110291594905513,-0.6377204116433859,0.8182759443297982,-0.9572891527786851,0.6245249850147884,7.0
2025-01-15,234.63999938964844,238.9600067138672,234.42999267578125,237.8699951171875,39832000,0.07390348091721535,0.36951740458607674,0.5259455908089876,-0.5521501302719116,0.4507858049169615,5.0
2025-01-16,237.3500061035156,238.00999450683597,228.02999877929688,228.25999450683597,71759100,0.015454913877571622,0.18545896653085947,0.9350396990776062,-0.9669914869591594,0.6090493999591144,12.0
2025-01-17,232.1199951171875,232.2899932861328,228.47999572753903,229.97999572753903,68488300,-0.15234366233150165,-2.2851549349725246,0.9141090176999569,-0.9635980855673552,0.6605283190221558,15.0
2025-01-21,224.0,224.4199981689453,219.3800048828125,222.63999938964844,98070400,-0.1828392711468041,-3.656785422936082,0.935024106875062,-0.957170557230711,0.7203160864418331,20.0
2025-01-22,219.7899932861328,224.1199951171875,219.7899932861328,223.8300018310547,64126500,0.005646552657708526,0.045172421261668205,0.4116788301616907,-0.5981329530477524,0.39689617040549086,8.0
2025-01-23,224.7400054931641,227.02999877929688,222.3000030517578,223.66000366210935,60234800,0.0095912330568983,0.1246860297396779,0.8956042230129242,-0.9643710404634476,0.6147518087940187,13.0
2025-01-24,224.77999877929688,225.6300048828125,221.41000366210935,222.77999877929688,54697900,0.10170870998667346,0.9153783898800611,0.7872866801917553,-0.9018196668475866,0.598773003843069,9.0
2025-01-27,224.0200042724609,232.1499938964844,223.97999572753903,229.8600006103516,94863400,-0.20155040820439657,-3.0232561230659485,0.4116788934916258,-0.9631421966478229,0.4838931371669266,15.0
2025-01-28,230.8500061035156,240.19000244140625,230.80999755859372,238.25999450683597,75707600,-0.27191980403255334,-2.9911178443580866,0.8256792351603508,-0.9100266583263874,0.6233287662810761,11.0
2025-01-29,234.1199951171875,239.8600006103516,234.00999450683597,239.3600006103516,45486100,-0.1292751825725039,-2.32695328630507,0.9358392022550106,-0.9651952739804983,0.7578694775251374,18.0
2025-01-30,238.6699981689453,240.7899932861328,237.2100067138672,237.58999633789065,55658300,0.1639086959001265,3.1142652221024036,0.8966185674071312,-0.9577875472605228,0.5103223886765575,19.0
2025-01-31,247.19000244140625,247.19000244140625,233.44000244140625,236.0,100959800,0.2306977274334606,7.84372273273766,0.9293243624269962,-0.963432720862329,0.6376316444643231,34.0
2025-02-03,229.9900054931641,231.8300018310547,225.6999969482422,228.00999450683597,73063300,-0.16033654249622487,-2.565384679939598,0.939891585148871,-0.9655433045700192,0.7419350333492885,16.0
2025-02-04,227.25,233.1300048828125,226.6499938964844,232.8000030517578,45067300,0.07129442121367902,0.5703553697094321,0.9276215098798275,-0.9643853213638067,0.6710579888738509,8.0
2025-02-05,228.52999877929688,232.6699981689453,228.2700042724609,232.47000122070312,39620300,0.12086013704538345,0.6043006852269173,0.8257176149636507,-0.9643791392445564,0.7048196131250399,5.0
2025-02-06,231.2899932861328,233.8000030517578,230.42999267578125,233.22000122070312,29925300,0.20204236141095558,2.424508336931467,0.9352070447057486,-0.9413686795160174,0.6525529141824871,12.0
2025-02-07,232.6000061035156,234.0,227.25999450683597,227.6300048828125,39707200,0.20375043960909048,1.222502637654543,0.9344574557617307,-0.943682131357491,0.6605605169529071,6.0
2025-02-10,229.57000732421875,230.58999633789065,227.1999969482422,227.6499938964844,33115600,0.23141078723387587,2.0826970851048827,0.940699178725481,-0.8484463142231107,0.6361814569744569,9.0
2025-02-11,228.1999969482422,235.22999572753903,228.1300048828125,232.6199951171875,53718400,0.13769544136117806,1.5146498549729586,0.9049784354865551,-0.9477034509181976,0.5528575268197141,11.0
2025-02-12,231.1999969482422,236.9600067138672,230.67999267578125,236.8699951171875,45243300,0.26678967984238017,3.2014761581085622,0.9291167035698891,-0.7293166220188141,0.6501813447311132,12.0
2025-02-13,236.91000366210935,242.33999633789065,235.57000732421875,241.52999877929688,53614100,0.2274494324810803,2.0470448923297226,0.9321439303457737,-0.591381661593914,0.47516081731900334,9.0
2025-02-14,241.25,245.5500030517578,240.9900054931641,244.6000061035156,40896200,-0.02802504086866975,-0.3923505721613765,0.9321742225438356,-0.9269158393144608,0.6313794888725155,14.0
2025-02-18,244.1499938964844,245.17999267578125,241.83999633789065,244.47000122070312,48822500,-0.4940185049781576,-3.9521480398252606,0.1285298727452755,-0.9605293674394488,0.4617106541109878,8.0
2025-02-19,244.66000366210935,246.00999450683597,243.16000366210935,244.8699951171875,32204200,-0.017150156877257607,-0.18865172564983368,0.7889815093949437,-0.9519855370745063,0.6178697107143978,11.0
2025-02-20,244.94000244140625,246.77999877929688,244.2899932861328,245.8300018310547,32316900,0.2856103405356407,3.99854476749897,0.9337598513811827,-0.9378027375787497,0.7257001343119145,14.0
2025-02-21,245.9499969482422,248.69000244140625,245.22000122070312,245.5500030517578,53197400,0.1511868151343044,2.570175857283175,0.9318976402282715,-0.7968156095594168,0.5369367481400786,17.0
2025-02-24,244.92999267578125,248.8600006103516,244.4199981689453,247.1000061035156,51326400,0.21751527849803953,3.697759734466672,0.8632595129311085,-0.8010271824896336,0.5323536826557093,17.0
2025-02-25,248.0,250.0,244.91000366210935,247.0399932861328,48013300,-0.24968495406210423,-2.4968495406210423,0.6675246013328433,-0.9669317146763206,0.6857229182122107,10.0
2025-02-26,244.3300018310547,244.97999572753903,239.1300048828125,240.3600006103516,44433600,-0.3009650194086134,-3.0096501940861344,0.7931179087609053,-0.9162284173071384,0.6689411353212861,10.0
2025-02-27,239.41000366210935,242.4600067138672,237.05999755859372,237.3000030517578,41153600,0.2237854958511889,1.3427129751071334,0.9334347983822227,-0.8607042841613293,0.6707357609264374,6.0
2025-02-28,236.9499969482422,242.08999633789065,230.1999969482422,241.83999633789065,56833400,-0.22081653234948004,-1.5457157264463603,0.16246110200881958,-0.9679421759210527,0.513700931827633,7.0
2025-03-03,241.7899932861328,244.02999877929688,236.1100006103516,238.02999877929688,47184000,-0.10783214494585991,-0.8626571595668793,0.9013775447383523,-0.9038222311064601,0.5801640626148495,8.0
2025-03-04,237.7100067138672,240.07000732421875,234.67999267578125,235.92999267578125,53798100,0.06589615582065149,0.7248577140271664,0.9199659880250692,-0.9450325993821025,0.613661636572138,11.0
2025-03-05,235.4199981689453,236.5500030517578,229.22999572753903,235.7400054931641,47227600,0.04002297100507551,0.36020673904567957,0.838167030364275,-0.8945816643536091,0.7147815486467862,9.0
2025-03-06,234.44000244140625,237.8600006103516,233.16000366210935,235.3300018310547,45170400,0.1546393819153309,0.9278362914919853,0.42391740903258324,-0.27471664920449257,0.2795882520701793,6.0
2025-03-07,235.1100006103516,241.3699951171875,234.75999450683597,239.07000732421875,46273600,-0.13727889442816377,-0.5491155777126551,0.5295718070119619,-0.8066522739827633,0.6401013439593193,4.0
2025-03-10,235.5399932861328,236.16000366210935,224.22000122070312,227.47999572753903,72071200,-0.1422709923936054,-1.1381679391488433,0.9004067284986377,-0.9616724662482738,0.699742429117937,8.0
2025-03-11,223.80999755859372,225.83999633789065,217.4499969482422,220.83999633789065,76137400,-0.23470181628892367,-2.5817199791781604,0.7605984676629305,-0.963492916431278,0.7068074925251571,11.0
2025-03-12,220.13999938964844,221.75,214.91000366210935,216.97999572753903,62547500,0.07815286924596876,0.9378344309516251,0.8325084261596203,-0.9627964515239,0.6639804631174121,12.0
2025-03-13,215.9499969482422,216.83999633789065,208.4199981689453,209.67999267578125,61368300,-0.04124414408579469,-0.24746486451476812,0.34636250510811806,-0.9650929225608706,0.4683204224282869,6.0
2025-03-14,211.25,213.9499969482422,209.5800018310547,213.4900054931641,60107600,0.04573885338114841,0.32017197366803885,0.3767839642241597,-0.18582218885421753,0.18648761584571014,7.0
2025-03-17,213.30999755859372,215.22000122070312,209.97000122070312,214.0,48073400,-0.15394026310079628,-1.3854623679071665,0.7061914652585983,-0.9489654945209622,0.6179208078683475,9.0
2025-03-18,214.16000366210935,215.1499938964844,211.4900054931641,212.69000244140625,42432400,-0.14661015709862113,-1.4661015709862113,0.925045445561409,-0.9674364607781172,0.6875458273225061,10.0
2025-03-19,214.22000122070312,218.75999450683597,213.75,215.2400054931641,54385400,-0.3140662095642516,-2.198463466949761,0.48133209347724915,-0.963946265168488,0.6069572825891114,7.0
2025-03-20,213.9900054931641,217.4900054931641,212.22000122070312,214.1000061035156,48862900,-0.2180921803228557,-1.3085530819371343,0.9056735746562481,-0.9448071429505944,0.7688162615330004,6.0
2025-03-21,211.55999755859372,218.83999633789065,211.27999877929688,218.2700042724609,94127800,-0.24341593183238397,-2.6775752501562238,0.8393963035196066,-0.9638813668861985,0.650503958757739,11.0
2025-03-24,221.0,221.47999572753903,218.5800018310547,220.72999572753903,44299500,0.17035009583923966,1.3628007667139173,0.9316067919135094,-0.9488680884242058,0.7458693535858718,8.0
2025-03-25,220.7700042724609,224.1000061035156,220.0800018310547,223.75,34493600,0.1818415423622355,1.454732338897884,0.9284645933657885,-0.8653251389041543,0.6135478852181759,8.0
2025-03-26,223.50999450683597,225.0200042724609,220.47000122070312,221.52999877929688,34466100,0.05498974025249481,0.21995896100997925,0.8897879645228386,-0.8977833352982998,0.7330607397906117,4.0
2025-03-27,221.38999938964844,224.9900054931641,220.55999755859372,223.8500061035156,37094800,-0.0018294032973547776,-0.010976419784128666,0.9070397596806288,-0.91044532507658,0.6541518859933461,6.0
2025-03-28,221.6699981689453,223.80999755859372,217.67999267578125,217.8999938964844,39818600,0.1831365853237609,1.0988195119425654,0.8144121896475554,-0.09928222000598907,0.32318562284143293,6.0
2025-03-31,217.00999450683597,225.6199951171875,216.22999572753903,222.1300048828125,65299300,0.08623830191791057,0.4311915095895529,0.8338564056903124,-0.9443578496575356,0.6709606892435696,5.0
2025-04-01,219.80999755859372,223.67999267578125,218.8999938964844,223.19000244140625,36412700,0.19668322085635737,3.146931533701718,0.9306094031780958,-0.8950299639254808,0.5457596379594555,16.0
2025-04-02,221.32000732421875,225.19000244140625,221.0200042724609,223.88999938964844,35905900,0.1865007375470466,1.6785066379234195,0.9411935675889254,-0.8447096310555935,0.6684608546642687,9.0
2025-04-03,205.5399932861328,207.4900054931641,201.25,203.19000244140625,103419000,-0.3655128627549857,-7.310257255099714,0.9189735781401396,-0.9590386617928743,0.555419256629405,20.0
2025-04-04,193.88999938964844,199.8800048828125,187.33999633789065,188.3800048828125,125910900,-0.4826314488891512,-9.652628977783024,0.785636542364955,-0.9659807169809937,0.6029638718467256,20.0
2025-04-07,177.1999969482422,194.1499938964844,174.6199951171875,181.4600067138672,160466300,-0.4010395287679365,-10.42702774796635,0.9243712965399027,-0.9670898681506515,0.7268796582219099,26.0
2025-04-08,186.6999969482422,190.33999633789065,169.2100067138672,172.4199981689453,120859500,-0.2281481324155864,-4.3348145158961415,0.8978636190295219,-0.9645256819203496,0.7215166763612342,19.0
2025-04-09,171.9499969482422,200.6100006103516,171.88999938964844,198.8500061035156,184395900,0.011675345994856047,0.26853295788168907,0.8961408138275146,-0.9677936192601919,0.6957318046502076,23.0
2025-04-10,189.07000732421875,194.77999877929688,183.0,190.4199981689453,121880000,-0.10069069519845976,-1.8124325135722756,0.9191748276352882,-0.9642714969813824,0.7690527875355968,18.0
2025-04-11,186.1000061035156,199.5399932861328,186.05999755859372,198.1499938964844,87435900,-0.26697800357771273,-4.538626060821116,0.7942335903644562,-0.9662831760942936,0.604538901377203,17.0
2025-04-14,211.44000244140625,212.94000244140625,201.16000366210935,202.5200042724609,101352900,0.09868569227142467,2.664513691328466,0.9234935157001019,-0.9119997136294842,0.6266770060654374,27.0
2025-04-15,201.8600006103516,203.50999450683597,199.8000030517578,202.13999938964844,51343900,-0.27964167508550664,-3.076058425940573,0.803691079840064,-0.9433562122285366,0.5034805845146992,11.0
2025-04-16,198.3600006103516,200.6999969482422,192.3699951171875,194.2700042724609,59732400,0.13871639709060007,1.8033131621778011,0.9306894838809967,-0.9479285795241594,0.6508635001574231,13.0
2025-04-17,197.1999969482422,198.8300018310547,194.4199981689453,196.97999572753903,52164700,-0.1203682863746177,-1.3240511501207948,0.9175793286412954,-0.9345585154369473,0.6305139785469733,11.0
2025-04-21,193.2700042724609,193.8000030517578,189.80999755859372,193.16000366210935,46742500,-0.18842963395374163,-1.3190074376761913,0.585789168253541,-0.959140126593411,0.6659646732622823,7.0
2025-04-22,196.1199951171875,201.58999633789065,195.97000122070312,199.7400054931641,52976400,-0.27232896062460815,-2.9956185668706894,0.8292192714288831,-0.9641583561897278,0.6965240885157385,11.0
2025-04-23,206.0,208.0,202.8000030517578,204.6000061035156,52929200,-0.07499709306284785,-0.8999651167541742,0.9324899967759848,-0.8907928727567196,0.507351974631492,12.0
2025-04-24,204.88999938964844,208.8300018310547,202.94000244140625,208.3699951171875,47311000,-0.2535291157352428,-3.042349388822913,0.924608045257628,-0.9344702763482928,0.6591906019989374,12.0
2025-04-25,206.3699951171875,209.75,206.1999969482422,209.27999877929688,38222300,-0.3013529576361179,-1.5067647881805897,0.7605289593338966,-0.9348623156547546,0.8207500582072591,5.0
2025-04-28,210.0,211.5,207.4600067138672,210.13999938964844,38743100,0.05634735317693816,1.014252357184887,0.9344360027462244,-0.9640586944296956,0.7340738645663105,18.0
2025-04-29,208.69000244140625,212.2400054931641,208.3699951171875,211.2100067138672,36827600,-0.08779547332475583,-0.7901592599228024,0.8162397742271423,-0.9609631383791566,0.6199954342846106,9.0
2025-04-30,209.3000030517578,213.5800018310547,206.6699981689453,212.5,52286500,-0.3369527634543677,-4.043433161452413,0.8778917007148266,-0.9634378077462316,0.5637638119757573,12.0
2025-05-01,209.0800018310547,214.55999755859372,208.8999938964844,213.32000732421875,57365700,0.12812771805529966,3.7157038236036897,0.935722416266799,-0.9610099997371435,0.6670329720178725,29.0
2025-05-02,206.08999633789065,206.9900054931641,202.16000366210935,205.3500061035156,101010600,0.11375154897330268,3.5262980181723833,0.9347052872180939,-0.9648209502920508,0.61420264422395,31.0
2025-05-05,203.1000061035156,204.1000061035156,198.2100067138672,198.88999938964844,69018500,0.04546640338376164,0.9093280676752329,0.6576066315174103,-0.9659389536827803,0.49509571109560674,20.0
2025-05-06,198.2100067138672,200.6499938964844,197.0200042724609,198.50999450683597,51216500,-0.19301603237787882,-0.5790480971336365,0.10638105496764183,-0.7834303267300129,0.5113309445262626,3.0
2025-05-07,199.1699981689453,199.44000244140625,193.25,196.25,68536700,-0.15579136148361222,-2.1810790607705712,0.9345743078738451,-0.9651600196957588,0.5662738870115462,14.0
2025-05-08,197.72000122070312,200.0500030517578,194.67999267578125,197.4900054931641,50478900,-0.1934969914569096,-2.1284669060260057,0.9262885618954897,-0.9595363708212972,0.7672936110332776,11.0
2025-05-09,199.0,200.5399932861328,197.5399932861328,198.52999877929688,36453900,0.10806581433862447,1.0806581433862448,0.8399144746363163,-0.9321064818650484,0.5752483917826406,10.0
2025-05-12,210.97000122070312,211.2700042724609,206.75,210.7899932861328,63775800,0.22380344177979758,3.8046585102565587,0.9260969813913107,-0.9591842666268349,0.5789020955374934,17.0
2025-05-13,210.42999267578125,213.3999938964844,209.0,212.92999267578125,51909300,0.2032578103909535,2.845609345473349,0.9327954165637493,-0.9072201326489449,0.5547155557343744,14.0
2025-05-14,212.42999267578125,213.94000244140625,210.5800018310547,212.3300018310547,49325800,0.19249009690247476,2.309881162829697,0.9103596955537796,-0.884557792916894,0.4959766654394723,12.0
2025-05-15,210.9499969482422,212.9600067138672,209.5399932861328,211.4499969482422,45029500,-0.08725018566474319,-0.6980014853179455,0.8875742889940739,-0.950061084702611,0.6616587091520576,8.0
2025-05-16,212.3600006103516,212.57000732421875,209.7700042724609,211.25999450683597,54737900,0.08675728811483298,1.2146020336076617,0.936047064140439,-0.935750687494874,0.605646021250823,14.0
2025-05-19,207.91000366210935,209.47999572753903,204.25999450683597,208.77999877929688,46140500,0.0188522906973958,0.20737519767135382,0.8671437054872513,-0.9403289128094912,0.6998166518681574,11.0
2025-05-20,207.6699981689453,208.47000122070312,205.02999877929688,206.8600006103516,42496600,0.1896859666125642,1.7071736995130777,0.905561700463295,-0.9231716524809599,0.5455972246169589,9.0
2025-05-21,205.1699981689453,207.0399932861328,200.7100067138672,202.08999633789065,59211800,-0.025173694547265767,-0.2517369454726577,0.7864116653800011,-0.9647431178018451,0.5860832126651656,10.0
2025-05-22,200.7100067138672,202.75,199.6999969482422,201.3600006103516,46742400,0.2581821367717706,3.356367778033018,0.9346452783793211,-0.9002975840121508,0.6070087635333403,13.0
2025-05-23,193.6699981689453,197.6999969482422,193.4600067138672,195.2700042724609,78432900,-0.2336437264900832,-4.906518256291747,0.9321026569232345,-0.9578331727534533,0.6728497221159364,21.0
2025-05-27,198.3000030517578,200.7400054931641,197.42999267578125,200.2100067138672,56288500,0.05457119643688202,0.8731391429901123,0.9152634972706437,-0.9496028330177069,0.6372826729035351,16.0
2025-05-28,200.58999633789065,202.72999572753903,199.8999938964844,200.4199981689453,45339700,0.5219914661720395,4.175931729376316,0.9094772972166538,-0.7211243845522404,0.5655979685322385,8.0
2025-05-29,203.5800018310547,203.80999755859372,198.50999450683597,199.9499969482422,51396800,-0.07278786157257855,-0.5823028925806284,0.9053507838398218,-0.9590346068143845,0.7530535683469538,8.0
2025-05-30,199.3699951171875,201.9600067138672,196.77999877929688,200.8500061035156,70819900,0.35664154421538113,1.7832077210769057,0.8545732405036688,-0.01594807580113411,0.3898003655100972,5.0
2025-06-02,200.27999877929688,202.1300048828125,200.1199951171875,201.6999969482422,35423300,0.11966696491634304,1.3163366140797734,0.8964205319061875,-0.5254695266485214,0.48325899699052705,11.0
2025-06-03,201.3500061035156,203.7700042724609,200.9600067138672,203.2700042724609,46381600,-0.09475220952715192,-0.6632654666900635,0.9209093302488327,-0.9193515293300152,0.6103254782712481,7.0
2025-06-04,202.91000366210935,206.2400054931641,202.1000061035156,202.82000732421875,43604000,-0.09708098394589292,-1.7474577110260725,0.9263720139861107,-0.958147025667131,0.7016551871101194,18.0
2025-06-05,203.5,204.75,200.1499938964844,200.6300048828125,55126100,0.03821316124363379,0.4203447736799717,0.9341610595583916,-0.9684351133182645,0.7333492602161154,11.0
2025-06-06,203.0,205.6999969482422,202.0500030517578,203.9199981689453,46607700,0.43708627205342054,1.7483450882136822,0.9004147388041019,-0.09262476861476898,0.5351781573480586,4.0
2025-06-09,204.38999938964844,206.0,200.0200042724609,201.4499969482422,72862600,0.14564480154464643,4.369344046339393,0.9083861764520407,-0.9442506982013583,0.4072524685253158,30.0
2025-06-10,200.6000061035156,204.3500061035156,200.57000732421875,202.6699981689453,54672600,-0.15249080459276834,-2.2873620688915253,0.9198783226311207,-0.9480621134862304,0.5663295488738607,15.0
2025-06-11,203.5,204.5,198.41000366210935,198.77999877929688,60989900,-0.18627536881037735,-2.0490290569141507,0.8737948099151254,-0.9570479597896338,0.7072967969456367,11.0
2025-06-12,199.0800018310547,199.67999267578125,197.3600006103516,199.1999969482422,43904600,-0.03827469386160374,-0.574120407924056,0.8547468706965446,-0.9444245621562004,0.6331165640641027,15.0
2025-06-13,199.72999572753903,200.3699951171875,195.6999969482422,196.4499969482422,51447300,-0.1015920139849186,-0.507960069924593,0.438349281437695,-0.9295043535530567,0.5035413978907204,5.0
2025-06-16,197.3000030517578,198.69000244140625,196.55999755859372,198.4199981689453,43020700,0.17689697343545654,2.1227636812254786,0.9196355678141117,-0.0926244854927063,0.33831515685046165,12.0
2025-06-17,197.1999969482422,198.38999938964844,195.2100067138672,195.63999938964844,38856200,-0.03324427839834243,-0.26595422718673944,0.8963540457189083,-0.9044170640408993,0.6462941785453536,8.0
2025-06-18,195.94000244140625,197.57000732421875,195.07000732421875,196.5800018310547,45394700,0.26885207037308384,1.881964492611587,0.8722597444429994,-0.9077633060514927,0.5937454168297569,7.0
2025-06-20,198.2400054931641,201.6999969482422,196.8600006103516,201.0,96813500,0.0602168528130278,0.4817348225042224,0.8582750968635082,-0.8639495149254799,0.5938193537876392,8.0
2025-06-23,201.6300048828125,202.3000030517578,198.9600067138672,201.5,55814300,-0.23648572759702802,-0.9459429103881121,0.013179905712604523,-0.8458137195557356,0.40860728462173096,4.0
2025-06-24,202.58999633789065,203.44000244140625,200.1999969482422,200.3000030517578,54064000,-0.007714905155201753,-0.09257886186242104,0.9327260106801987,-0.9654255239292979,0.7237938162427802,12.0
2025-06-25,201.4499969482422,203.6699981689453,200.6199951171875,201.55999755859372,39525700,0.17049927620047872,1.875492038205266,0.9044279102236032,-0.9450046643614769,0.6169944972990611,11.0
2025-06-26,201.42999267578125,202.63999938964844,199.4600067138672,201.0,50799100,-0.10438942195226748,-1.2526730634272099,0.8977499175816774,-0.9409364257007837,0.5703694952149992,12.0
2025-06-27,201.88999938964844,203.22000122070312,200.0,201.0800018310547,73188600,0.09812235357239843,0.9812235357239842,0.9366411166265607,-0.9630145374685526,0.5305145461421137,10.0
2025-06-30,202.00999450683597,207.38999938964844,199.25999450683597,205.1699981689453,91912800,-0.20449476027861238,-2.0449476027861238,0.9306841287761927,-0.8617029916495085,0.5693849377410187,10.0
2025-07-01,206.6699981689453,210.19000244140625,206.13999938964844,207.82000732421875,78788900,0.17860814163993513,2.5005139829590917,0.9262293986976147,-0.9440593086183071,0.6613861593404885,14.0
2025-07-02,208.91000366210935,213.33999633789065,208.13999938964844,212.44000244140625,67941800,0.39302469408139584,3.9302469408139586,0.9325924944132566,-0.016651198267936707,0.38850769269310576,10.0
2025-07-03,212.1499938964844,214.6499938964844,211.80999755859372,213.5500030517578,34955800,0.45407484704628587,4.540748470462859,0.9318912979215384,-0.09262476861476898,0.47313574647099704,10.0
2025-07-07,212.67999267578125,216.22999572753903,208.8000030517578,209.9499969482422,50229000,-0.28769566499007243,-3.4523479798808694,0.8685193192213774,-0.9582529868930578,0.627207195995629,12.0
2025-07-08,210.1000061035156,211.42999267578125,208.4499969482422,210.00999450683597,42848900,-0.02311623325714698,-0.30051103234291077,0.9362883232533932,-0.9217034261673689,0.6162404157213333,13.0
2025-07-09,209.52999877929688,211.3300018310547,207.22000122070312,211.13999938964844,48749400,0.22416573017835617,4.034983143210411,0.9352072738111019,-0.9439343959093094,0.514525571963082,18.0
2025-07-10,210.50999450683597,213.47999572753903,210.02999877929688,212.41000366210935,44443600,0.22504547075368464,3.6007275320589542,0.8416366130113602,-0.9444565419107676,0.4143746011574253,16.0
2025-07-11,210.57000732421875,212.1300048828125,209.8600006103516,211.16000366210935,39765800,0.03211254219058901,0.38535050628706813,0.9305263981223106,-0.9669944881461561,0.8428463389726144,12.0
2025-07-14,209.92999267578125,210.91000366210935,207.5399932861328,208.6199951171875,38840100,-0.1724246465601027,-1.206972525920719,0.8838101229630411,-0.9546391507610679,0.8002273961171411,7.0
2025-07-15,209.22000122070312,211.88999938964844,208.9199981689453,209.1100006103516,42296300,0.20730832079425454,3.3169331327080727,0.907685786485672,-0.9476226028054953,0.583173631009373,16.0
2025-07-16,210.3000030517578,212.3999938964844,208.63999938964844,210.16000366210935,47490500,0.19186407793313265,1.9186407793313265,0.911190826445818,-0.7022589035332203,0.46972660266712657,10.0
2025-07-17,210.57000732421875,211.8000030517578,209.58999633789065,210.0200042724609,48068100,0.3489809362993886,4.187771235592663,0.9377384204417467,-0.15779095888137817,0.36897242435715466,12.0
2025-07-18,210.8699951171875,211.7899932861328,209.6999969482422,211.17999267578125,48974600,0.01798759622929188,0.23383875098079443,0.9346522446721792,-0.951629021205008,0.7357857665260037,13.0
2025-07-21,212.1000061035156,215.77999877929688,211.6300048828125,212.47999572753903,51377400,0.0638577388599515,0.638577388599515,0.9265113649889827,-0.8468670919537544,0.6575351871418176,10.0
2025-07-22,213.13999938964844,214.9499969482422,212.22999572753903,214.3999938964844,46404100,0.4503277258947492,4.503277258947492,0.8560843765735626,-0.09262481331825256,0.3093987642569335,10.0
2025-07-23,215.0,215.1499938964844,212.41000366210935,214.1499938964844,46989300,0.17176850585059988,1.5459165526553988,0.9341666586697102,-0.6288900710642338,0.4197530814509766,9.0
2025-07-24,213.8999938964844,215.69000244140625,213.52999877929688,213.75999450683597,46022600,-0.059682608981217654,-0.4177782628685236,0.8032293599098921,-0.9540086854249239,0.7136818855944314,7.0
2025-07-25,214.6999969482422,215.2400054931641,213.3999938964844,213.8800048828125,40268800,-0.22771226640113376,-2.5048349304124713,0.919355807825923,-0.9589848490431905,0.6759704941223251,11.0
2025-07-28,214.02999877929688,214.8500061035156,213.05999755859372,214.0500030517578,37858000,0.3234031463248862,5.821256633847952,0.9334712736308575,-0.8708744449540973,0.6037851285159118,18.0
2025-07-29,214.17999267578125,214.80999755859372,210.82000732421875,211.2700042724609,51411700,0.04034810443408787,0.8069620886817575,0.9334178818389773,-0.9551160233095288,0.6937736993151271,20.0
2025-07-30,211.8999938964844,212.38999938964844,207.72000122070312,209.0500030517578,45512500,0.1825960990482647,3.4693258819170296,0.9010081849992275,-0.9517358345910907,0.5348043207625206,19.0
2025-07-31,208.4900054931641,209.83999633789065,207.16000366210935,207.57000732421875,80698400,0.10438147668416302,2.5051554404199123,0.9036599714308977,-0.964858565479517,0.598973804348282,24.0
2025-08-01,210.8699951171875,213.5800018310547,201.5,202.3800048828125,104434500,0.015884242396080685,0.49241151427850127,0.9312324225902557,-0.9665158898569643,0.6035548982155462,31.0
2025-08-04,204.50999450683597,207.8800048828125,201.67999267578125,203.3500061035156,75109300,-0.04675966108010875,-0.42083694972097874,0.9305252563208342,-0.9333312157541513,0.7059502498541256,9.0
2025-08-05,203.3999938964844,205.33999633789065,202.16000366210935,202.9199981689453,44155100,-0.2086653643184238,-1.8779882788658142,0.904359482228756,-0.9658242706209421,0.7302546389358755,9.0
2025-08-06,205.6300048828125,215.3800048828125,205.58999633789065,213.25,108483100,0.2745954890882498,5.217314292676747,0.8996183909475803,-0.7939983773976564,0.5077541913117721,19.0
2025-08-07,218.8800048828125,220.8500061035156,216.5800018310547,220.02999877929688,90224800,0.0317065337439999,1.0146090798079967,0.9314793460071087,-0.9508764091879129,0.6798033625751798,32.0
2025-08-08,220.8300018310547,231.0,219.25,229.3500061035156,113854000,0.41614217896546635,5.825990505516529,0.9306119866669178,-0.949891347438097,0.5521421572353595,14.0
2025-08-11,227.9199981689453,229.55999755859372,224.75999450683597,227.17999267578125,61806100,0.31685782610796964,4.1191517394036055,0.9277087114751339,-0.9151980020105839,0.6238561847465256,13.0
2025-08-12,228.00999450683597,230.8000030517578,227.07000732421875,229.6499938964844,55626200,-0.18076515279244632,-1.4461212223395705,0.9249953683465719,-0.9613666003569961,0.6747358662476381,8.0
2025-08-13,231.07000732421875,235.0,230.42999267578125,233.3300018310547,69878500,-0.05586643187472454,-0.726263614371419,0.817733071744442,-0.8676878400146961,0.5016202423075865,13.0
2025-08-14,234.05999755859372,235.1199951171875,230.8500061035156,232.77999877929688,51916300,0.32501865095562404,2.9251678586006165,0.9345142301172018,-0.9115880541503429,0.5915517166568136,9.0
2025-08-15,234.0,234.27999877929688,229.33999633789065,231.58999633789065,56038700,0.17242660084739328,1.7242660084739327,0.9125827960669994,-0.7352047860622406,0.47006525055994125,10.0
2025-08-18,231.6999969482422,233.1199951171875,230.1100006103516,230.88999938964844,37476200,0.04040907055605203,0.32327256444841623,0.9237265810370445,-0.9456245405599475,0.8491550518142705,8.0
2025-08-19,231.27999877929688,232.8699951171875,229.3500061035156,230.55999755859372,39402600,0.11693685925142332,1.2863054517656565,0.9307698179036379,-0.939057900570333,0.6950555796960224,11.0
2025-08-20,229.97999572753903,230.47000122070312,225.7700042724609,226.00999450683597,42263900,0.07502398466957468,0.5251678926870227,0.9332099035382271,-0.9464187249541283,0.6659589864375344,7.0
2025-08-21,226.2700042724609,226.5200042724609,223.77999877929688,224.8999938964844,30621200,-0.5632389098262558,-7.322105827741325,0.34636250510811806,-0.9603709066286683,0.48407074982365955,13.0
2025-08-22,226.1699981689453,229.08999633789065,225.41000366210935,227.75999450683597,42477800,0.3172862699541908,4.1247215094044805,0.9344794321805239,-0.9260637126863003,0.5331786780783844,13.0
2025-08-25,226.47999572753903,229.3000030517578,226.22999572753903,227.16000366210935,30983100,-0.08456101762130856,-0.8456101762130857,0.9145058505237103,-0.9574936600401998,0.639867208173432,10.0
2025-08-26,226.8699951171875,229.4900054931641,224.69000244140625,229.30999755859372,54575100,-0.1715587005019188,-1.5440283045172691,0.92496557533741,-0.9204045971855521,0.6165260636901548,9.0
2025-08-27,228.6100006103516,230.8999938964844,228.25999450683597,230.4900054931641,31259500,0.015158825299956581,0.1667470782995224,0.8337464556097984,-0.9544626660645008,0.520222120902968,11.0
2025-08-28,230.82000732421875,233.41000366210935,229.33999633789065,232.55999755859372,38074700,0.5008907211013138,4.007125768810511,0.9260677043348551,-0.5268224813044071,0.5360748257259524,8.0
2025-08-29,232.50999450683597,233.3800048828125,231.3699951171875,232.13999938964844,39418400,-0.1864169182954356,-1.4913353463634849,0.9129567071795464,-0.9573440533131361,0.6740330925232343,8.0
2025-09-02,229.25,230.8500061035156,226.97000122070312,229.72000122070312,44075600,0.07295081492823859,0.8754097791388631,0.902189489454031,-0.9188154470175505,0.44894173674517995,12.0
2025-09-03,237.2100067138672,238.8500061035156,234.3600006103516,238.47000122070312,66427800,0.10352516490156236,2.3810787927359343,0.9148173462599516,-0.9668218474835157,0.6356843567680517,23.0
2025-09-04,238.4499969482422,239.8999938964844,236.7400054931641,239.77999877929688,47549400,-0.23617847369880313,-4.251212526578456,0.9347732197493315,-0.9682064857333899,0.6440807105956883,18.0
2025-09-05,240.0,241.32000732421875,238.4900054931641,239.69000244140625,54870400,0.18843751336232975,2.4496876737102866,0.9350159280002117,-0.9257669653743505,0.5723135087914831,13.0
2025-09-08,239.3000030517578,240.1499938964844,236.33999633789065,237.8800048828125,48999500,0.1767210306134075,2.12065236736089,0.9343082271516323,-0.9451427767053246,0.6553785927085715,12.0
2025-09-09,237.0,238.77999877929688,233.3600006103516,234.3500061035156,66313900,0.032882725768205195,1.183778127655387,0.9237496433779597,-0.9468308454379439,0.37795503663588664,36.0
2025-09-10,232.19000244140625,232.4199981689453,225.9499969482422,226.7899932861328,83440800,0.12018373494290492,2.6440421687439084,0.9225659379735589,-0.9546914948150516,0.6393829935572842,22.0
2025-09-11,226.8800048828125,230.4499969482422,226.6499938964844,230.02999877929688,50208600,0.1988704802468419,2.9830572037026286,0.9318806566298008,-0.9074744191020727,0.5710918499532197,15.0
2025-09-12,229.22000122070312,234.50999450683597,229.0200042724609,234.07000732421875,55824200,0.03503574738278985,0.700714947655797,0.923143851570785,-0.9418602092191577,0.5708994409487795,20.0
2025-09-15,237.0,238.19000244140625,235.02999877929688,236.6999969482422,42699500,0.31104923505336046,3.421541585586965,0.8901646360754967,-0.9657729454338551,0.538272438426299,11.0
2025-09-16,237.17999267578125,241.22000122070312,236.32000732421875,238.1499938964844,63421100,0.16520636398345231,1.6520636398345232,0.9219382591545582,-0.6765502393245697,0.555546714607909,10.0
2025-09-17,238.97000122070312,240.1000061035156,237.72999572753903,238.9900054931641,46508000,0.3044853393221274,2.435882714577019,0.9362974297255278,-0.7847898006439209,0.607604634432372,8.0
2025-09-18,239.97000122070312,241.1999969482422,236.6499938964844,237.8800048828125,44249600,0.38383016462570857,2.68681115237996,0.9047093540430069,-0.8872124701738358,0.6496392977993515,7.0
2025-09-19,241.22999572753903,246.3000030517578,240.2100067138672,245.5,163741300,0.4066499757580459,4.066499757580459,0.9128745403140783,-0.2564767897129059,0.437733758841499,10.0
2025-09-22,248.3000030517578,256.6400146484375,248.1199951171875,256.0799865722656,105517400,0.3195478979927989,4.154122673906386,0.9247531089931726,-0.9640198703855276,0.577169409657139,13.0
2025-09-23,255.8800048828125,257.3399963378906,253.5800018310547,254.42999267578125,60275200,-0.04086256229008237,-0.4903507474809885,0.8864841870963573,-0.9472671346738935,0.6626006835786816,12.0
2025-09-24,255.22000122070312,255.7400054931641,251.0399932861328,252.30999755859372,42303700,0.21197566866046852,1.9077810179442167,0.8796481378376484,-0.8836057186126709,0.6488757436502856,9.0
2025-09-25,253.2100067138672,257.1700134277344,251.7100067138672,256.8699951171875,55202100,0.17804181525627008,2.314543598331511,0.9125358741730452,-0.9547139005735517,0.6490188077242071,13.0
2025-09-26,254.1000061035156,257.6000061035156,253.77999877929688,255.4600067138672,46076300,0.3292599833304329,4.60963976662606,0.9345935303717852,-0.9543889360502362,0.629340537661713,14.0
2025-09-29,254.55999755859372,255.0,253.00999450683597,254.42999267578125,40127700,0.05749043356627226,0.5749043356627226,0.9206919223070145,-0.8786095418035984,0.5897737011670294,10.0
2025-09-30,254.8600006103516,255.9199981689453,253.1100006103516,254.6300048828125,37704300,-0.31171004553990705,-2.1819703187793493,0.6930780308321118,-0.9408907210454345,0.6538194495551037,7.0
2025-10-01,255.0399932861328,258.7900085449219,254.92999267578125,255.4499969482422,48713900,0.12131306134602603,2.0623220428824425,0.9032099824398756,-0.9647082462906837,0.5594130966781448,17.0
2025-10-02,256.5799865722656,258.17999267578125,254.1499938964844,257.1300048828125,42630200,0.16147005579180337,1.7761706137098372,0.884525042027235,-0.9657614561729133,0.6031839876867673,11.0
2025-10-03,254.6699981689453,259.239990234375,253.9499969482422,258.0199890136719,49155600,-0.07339386098707716,-0.6605447488836944,0.9377811327576637,-0.9376023062504828,0.703419600249353,9.0
2025-10-06,257.989990234375,259.07000732421875,255.0500030517578,256.69000244140625,44664100,-0.21024966106883117,-1.4717476274818182,0.5895839668810368,-0.9402944007888436,0.6979738850699888,7.0
2025-10-07,256.8099975585937,257.3999938964844,255.42999267578125,256.4800109863281,31955800,-0.27003369565742713,-3.2404043478891253,0.7569461464881897,-0.9601241545751691,0.5895510968183285,12.0
2025-10-08,256.5199890136719,258.5199890136719,256.1099853515625,258.0599975585937,36496900,0.15757055620529822,1.1029938934370875,0.867898216471076,-0.2345391809940338,0.36894087679089843,7.0
2025-10-09,257.8099975585937,258.0,253.13999938964844,254.0399932861328,38322000,0.12418453912768099,1.117660852149129,0.9343862682580948,-0.9270151536911726,0.615630157854795,9.0
2025-10-10,254.94000244140625,256.3800048828125,244.0,245.2700042724609,61999100,-0.0061774656642228365,-0.08648451929911971,0.9086586758494377,-0.9414582997560501,0.6732192759556561,14.0
2025-10-13,249.3800048828125,249.69000244140625,245.55999755859372,247.66000366210935,38142900,0.5603676504455507,5.603676504455507,0.9274007510393858,0.04401682410389185,0.3617008085217542,10.0
2025-10-14,246.6000061035156,248.8500061035156,244.6999969482422,247.7700042724609,35478000,0.3193364011434217,2.8740276102907956,0.938532330095768,-0.7125028986483812,0.5060121545694944,9.0
2025-10-15,249.4900054931641,251.82000732421875,247.47000122070312,249.33999633789065,33893600,0.15717249416879245,2.2004149183630943,0.934043150395155,-0.9446957474574447,0.5772619403972445,14.0
2025-10-16,248.25,249.0399932861328,245.1300048828125,247.4499969482422,39777000,0.4154036362389369,5.815650907345116,0.9358269646763802,-0.7976847533136606,0.504389024786453,14.0
2025-10-17,248.0200042724609,253.3800048828125,247.2700042724609,252.2899932861328,49147000,-0.01863717008382082,-0.13046019058674574,0.7530671861022711,-0.8583212103694677,0.65147237546746,7.0
2025-10-20,255.88999938964844,264.3800048828125,255.6300048828125,262.239990234375,90483000,0.36974441417260095,5.915910626761615,0.9297826569527388,-0.9246749859303236,0.500040198355555,16.0
2025-10-21,261.8800048828125,265.2900085449219,261.8299865722656,262.7699890136719,46695900,0.295505138207227,2.95505138207227,0.9287079442292452,-0.9302133452147245,0.6277991001560109,10.0
2025-10-22,262.6499938964844,262.8500061035156,255.42999267578125,258.45001220703125,45015300,-0.22412824326266462,-2.91366716241464,0.8751976490020752,-0.9670598045922816,0.7328802754905509,13.0
2025-10-23,259.94000244140625,260.6199951171875,258.010009765625,259.5799865722656,32754900,-0.10584097440975408,-1.270091692917049,0.9314740635454655,-0.9647138202562928,0.678234767774693,12.0
2025-10-24,261.19000244140625,264.1300048828125,259.17999267578125,262.82000732421875,38253700,-0.21568651008419693,-2.588238121010363,0.9343733275309205,-0.952703207731247,0.6123606905158231,12.0
2025-10-27,264.8800048828125,269.1199951171875,264.6499938964844,268.8099975585937,44888200,0.31358470460399984,3.1358470460399985,0.9348956979811192,-0.8313837833702564,0.4810177618801892,10.0
2025-10-28,268.989990234375,269.8900146484375,268.1499938964844,269.0,41534800,0.3321583521818476,4.6502169305458665,0.9186587799340487,-0.9321049517020583,0.6494350748564186,14.0
2025-10-29,269.2799987792969,271.4100036621094,267.1099853515625,269.70001220703125,51086700,0.555786212762961,7.225220765918493,0.9288686253130436,-0.045011263340711594,0.3654324759036741,13.0
2025-10-30,271.989990234375,274.1400146484375,268.4800109863281,271.3999938964844,69886500,0.02367141763679683,0.47342835273593664,0.9246132671833038,-0.9611347755417228,0.6753289147372146,20.0
2025-10-31,276.989990234375,277.32000732421875,269.1600036621094,270.3699951171875,86167100,0.3621054404947375,12.673690417315811,0.9241692777723074,-0.9673051862046123,0.4451917184098989,35.0
2025-11-03,270.4200134277344,270.8500061035156,266.25,269.04998779296875,50194600,0.06262340175453573,0.5009872140362859,0.7982107549905777,-0.9568733517080545,0.49803426261831496,8.0
2025-11-04,268.3299865722656,271.489990234375,267.6199951171875,270.0400085449219,49274800,0.33792680148035287,3.379268014803529,0.9276312664151192,-0.09262469410896301,0.3846609400837375,10.0
2025-11-05,268.6099853515625,271.70001220703125,266.92999267578125,270.1400146484375,43683100,0.19405391284575066,1.164323477074504,0.9173198323696852,-0.8156227394938469,0.581042757520231,6.0
2025-11-06,267.8900146484375,273.3999938964844,267.8900146484375,269.7699890136719,51204000,0.4302913835272193,3.8726224517449737,0.9302594978362322,-0.4753900058567524,0.47882100793411136,9.0
2025-11-07,269.79998779296875,272.2900085449219,266.7699890136719,268.4700012207031,48227400,-0.2253010175190866,-1.3518061051145196,0.8864719457924366,-0.954455248080194,0.6817380927340255,6.0
2025-11-10,268.9599914550781,273.7300109863281,267.4599914550781,269.42999267578125,41312400,-0.2716269384448727,-1.6297616306692362,0.8744722194969654,-0.9458275306969881,0.7152211223545331,6.0
2025-11-11,269.8099975585937,275.9100036621094,269.79998779296875,275.25,46208300,0.09582866887961115,0.6708006821572781,0.8812694996595383,-0.7177109848707914,0.4870542288213762,7.0
2025-11-12,275.0,275.7300109863281,271.70001220703125,273.4700012207031,48398000,-0.09208460131453143,-0.8287614118307829,0.6172543726861477,-0.9544106749817729,0.4872005212329123,9.0
2025-11-13,274.1099853515625,276.70001220703125,272.0899963378906,272.95001220703125,49602800,0.24044987831551295,3.1258484181016684,0.9143427945673466,-0.886319225654006,0.5950690205703519,13.0
2025-11-14,271.04998779296875,275.9599914550781,269.6000061035156,272.4100036621094,47431300,0.04997472053704163,0.5996966464444995,0.9338952843099833,-0.93163947109133,0.6465631580214953,12.0
2025-11-17,268.82000732421875,270.489990234375,265.7300109863281,267.4599914550781,45018300,-0.18122230435255915,-2.8995568696409464,0.8482761420309544,-0.9584491867572069,0.5915603687319229,16.0
2025-11-18,269.989990234375,270.7099914550781,265.32000732421875,267.44000244140625,45677300,0.04446829386454608,0.6225561141036451,0.9362501604482532,-0.9505905630066991,0.6932882131869317,14.0
2025-11-19,265.5299987792969,272.2099914550781,265.5,268.5599975585937,40424500,0.2721442888224764,3.810020043514669,0.9099241737276316,0.0020249485969543457,0.3342447552019836,14.0
2025-11-20,270.8299865722656,275.42999267578125,265.9200134277344,266.25,45823600,0.1371180411428213,1.3711804114282131,0.9212556648999453,-0.7381423339247704,0.6045208332843006,10.0
2025-11-21,265.95001220703125,273.3299865722656,265.6700134277344,271.489990234375,59030800,0.3473050372675061,1.7365251863375306,0.8962826561182737,0.014433085918426514,0.3666514373952859,5.0
2025-11-24,270.8999938964844,277.0,270.8999938964844,275.9200134277344,65585800,0.11808909932151437,1.1808909932151437,0.9324083421379328,-0.9625133601948619,0.5878844994935528,10.0
2025-11-25,275.2699890136719,280.3800048828125,275.25,276.9700012207031,46914200,-0.09340916682655613,-1.1209100019186735,0.9203369878232479,-0.9276462169364095,0.6555115920018197,12.0
2025-11-26,276.9599914550781,279.5299987792969,276.6300048828125,277.54998779296875,33431400,0.2998198068772371,3.8976574894040823,0.9294494241476059,-0.7821593210101128,0.4783998311285645,13.0
2025-11-28,277.260009765625,279.0,275.989990234375,278.8500061035156,20135600,0.24448804349566883,3.1783445654436946,0.9237783066928387,-0.9154817759990692,0.709690629543659,13.0
2025-12-01,278.010009765625,283.4200134277344,276.1400146484375,283.1000061035156,46587700,0.03751327105882493,0.4126459816470742,0.9235262610018253,-0.9629219034686685,0.6216927151142638,11.0
2025-12-02,283.0,287.3999938964844,282.6300048828125,286.19000244140625,53669500,0.08973626342291634,1.615252741612494,0.9317857539281249,-0.9611464459449053,0.6447488056086271,18.0
2025-12-03,286.20001220703125,288.6199951171875,283.29998779296875,284.1499938964844,43538700,0.044925351457839664,0.4941788660362363,0.931855907663703,-0.9073402481153607,0.5366639965986936,11.0
2025-12-04,284.1000061035156,284.7300109863281,278.5899963378906,280.70001220703125,43989100,0.15817704936489463,1.8981245923787355,0.8056998839601874,-0.914993841201067,0.523223503361891,12.0
2025-12-05,280.5400085449219,281.1400146484375,278.04998779296875,278.7799987792969,47265800,-0.005976048647426069,-0.07171258376911283,0.830679080914706,-0.9001469165086746,0.5718579667525959,12.0
2025-12-08,278.1300048828125,279.6700134277344,276.1499938964844,277.8900146484375,38211800,0.09199583663472108,1.287941712886095,0.792754203081131,-0.9219145514070988,0.5446006358476886,14.0
2025-12-09,278.1600036621094,280.0299987792969,276.9200134277344,277.17999267578125,32193300,-0.0627347445115447,-0.2509389780461788,0.47603099048137665,-0.8784908279776573,0.5772513932234136,4.0
2025-12-10,277.75,279.75,276.44000244140625,278.7799987792969,33038300,0.1461042874891843,1.0227300124242902,0.9183140210807323,-0.32250285148620605,0.39904064126476024,7.0
2025-12-11,279.1000061035156,279.5899963378906,273.8099975585937,278.0299987792969,33248000,0.16441421175841242,1.3153136940672994,0.9325020723044872,-0.8530225660651922,0.5372498163664798,8.0
2025-12-12,277.8999938964844,279.2200012207031,276.82000732421875,278.2799987792969,39532900,0.2741335007761206,3.8378690108656883,0.8950250670313835,-0.9464279916137457,0.5605946906389313,14.0
2025-12-15,280.1499938964844,280.1499938964844,272.8399963378906,274.1099853515625,50409100,0.26352382559950155,3.1622859071940184,0.9284695368260145,-0.902798242866993,0.4985877489905748,12.0
2025-12-16,272.82000732421875,275.5,271.7900085449219,274.6099853515625,37648600,-0.11533007281832397,-0.9226405825465918,0.9317717663943768,-0.9541601920500398,0.7182546712527864,8.0
2025-12-17,275.010009765625,276.1600036621094,271.6400146484375,271.8399963378906,50138700,0.17179773135909013,2.4051682390272617,0.9113899860531092,-0.9273384660482407,0.46800092025479934,14.0
2025-12-18,273.6099853515625,273.6300048828125,266.95001220703125,272.19000244140625,51630700,0.4745020767052968,4.2705186903476715,0.9261132283136249,0.05629601702094078,0.37731582173846173,9.0
2025-12-19,272.1499938964844,274.6000061035156,269.8999938964844,273.6700134277344,144632000,-0.3087407623728116,-0.9262222871184349,0.053048571571707726,-0.8866461645811796,0.5057530677215211,3.0
2025-12-22,272.8599853515625,273.8800048828125,270.510009765625,270.9700012207031,36571800,-0.22820232125620046,-1.3692139275372028,0.40909751132130623,-0.9448548518121243,0.613961127801247,6.0
2025-12-23,270.8399963378906,272.5,269.5599975585937,272.3599853515625,29642000,-0.2616363198806842,-0.7849089596420527,0.09800117462873459,-0.922259634360671,0.5728676788381812,3.0
2025-12-24,272.3399963378906,275.42999267578125,272.20001220703125,273.8099975585937,17910600,-0.08989033584172527,-1.0786840301007032,0.8726465916261077,-0.956718772649765,0.6158391863864832,12.0
2025-12-26,274.1600036621094,275.3699951171875,272.8599853515625,273.3999938964844,21521800,0.3113617969211191,1.2454471876844764,0.9113978836685419,-0.9303527036681771,0.8637628742997081,4.0
2025-12-29,272.69000244140625,274.3599853515625,272.3500061035156,273.760009765625,23715200,-0.04635049379430711,-0.18540197517722845,0.8564321789890528,-0.9603057811036706,0.7429159350444047,4.0
2025-12-30,272.8099975585937,274.0799865722656,272.2799987792969,273.0799865722656,22139600,-0.15460036136209965,-0.6184014454483986,0.21996703371405602,-0.9273660462349653,0.5222813900299774,4.0
2025-12-31,273.0599975585937,273.67999267578125,271.75,271.8599853515625,27293600,-0.10648170868969625,-0.9583353782072663,0.8806528151035309,-0.9627482034265995,0.6594168958587678,9.0
2026-01-02,272.260009765625,277.8399963378906,269.0,271.010009765625,37838100,-0.2522001959240207,-3.2786025470122695,0.9216953152790666,-0.959583692252636,0.5912195628374599,13.0
2026-01-05,270.6400146484375,271.510009765625,266.1400146484375,267.260009765625,45647200,0.3201196439978149,2.8810767959803343,0.9332156823948026,-0.01329144835472107,0.3671735140744708,9.0
2026-01-06,267.0,267.54998779296875,262.1199951171875,262.3599853515625,52352100,0.2567024757154286,2.0536198057234287,0.9198106527328491,-0.9450079463422298,0.628258823929662,8.0
2026-01-07,263.20001220703125,263.67999267578125,259.8099975585937,260.3299865722656,48309800,0.28802589730670053,1.7281553838402033,0.8684333357959986,-0.8252657726407051,0.6939287084411228,6.0
2026-01-08,257.0199890136719,259.2900085449219,255.6999969482422,259.0400085449219,50419300,0.19909826719335147,1.3936878703534603,0.9062941931188107,-0.7352462336421013,0.5397163687563673,7.0
2026-01-09,259.0799865722656,260.2099914550781,256.2200012207031,259.3699951171875,39997000,0.22706909887492657,2.2706909887492657,0.9314894769340754,-0.868264801800251,0.7154828086515882,10.0
2026-01-12,259.1600036621094,261.29998779296875,256.79998779296875,260.25,45263800,0.20815762846420208,3.1223644269630313,0.9383013490587473,-0.9447882287204266,0.6650349812819717,15.0
2026-01-13,258.7200012207031,261.8099975585937,258.3900146484375,261.04998779296875,45730800,0.16006071062292904,2.5609713699668646,0.9291931726038456,-0.9661023635417223,0.6106924510853754,16.0
2026-01-14,259.489990234375,261.82000732421875,256.7099914550781,259.9599914550781,40019400,0.05388652818510309,0.4310922254808247,0.935340529307723,-0.948075212072581,0.776768814407833,8.0
2026-01-15,260.6499938964844,261.0400085449219,257.04998779296875,258.2099914550781,39388600,-0.11047011841502455,-0.9942310657352209,0.9048544261604548,-0.9640612741932273,0.7603617961078949,9.0
2026-01-16,257.8999938964844,258.8999938964844,254.92999267578125,255.52999877929688,72142800,0.03701481422675507,0.2591036995872855,0.8619470773264766,-0.9598804758861661,0.771989307262116,7.0
2026-01-20,252.72999572753903,254.7899932861328,243.4199981689453,246.6999969482422,80267500,-0.18206883708222044,-1.638619533739984,0.9142564330250025,-0.9580498058348894,0.7038351530728034,9.0
2026-01-21,248.6999969482422,251.55999755859372,245.17999267578125,247.6499938964844,54641700,0.2836472235309581,1.7018833411857486,0.7168272584676743,0.005205918103456497,0.30540255508325426,6.0
2026-01-22,249.1999969482422,251.0,248.1499938964844,248.3500061035156,39708300,0.21610996189216772,2.5933195427060127,0.9336369168013334,-0.9187960159033537,0.6320458762760289,12.0
2026-01-23,247.32000732421875,249.41000366210935,244.67999267578125,248.0399932861328,41689000,-0.2704348134409104,-1.8930436940863729,0.5453311949968338,-0.9543199948966503,0.5931721794292354,7.0
2026-01-26,251.47999572753903,256.5599975585937,249.8000030517578,255.41000366210935,55969200,0.06581529398681596,1.0530447037890553,0.9304659031331539,-0.9577506277710199,0.6672511663013863,16.0
2026-01-27,259.1700134277344,261.95001220703125,258.2099914550781,258.2699890136719,49648300,0.6538107808679342,3.269053904339671,0.8952936604619026,0.03818846680223942,0.3496709577214259,5.0
2026-01-28,257.6499938964844,258.8599853515625,254.50999450683597,256.44000244140625,41288000,0.028381926007568836,0.19867348205298185,0.9355290271341801,-0.950766765512526,0.6931311341013525,7.0
2026-01-29,258.0,259.6499938964844,254.41000366210935,258.2799987792969,67253000,0.32237161516042595,14.184351067058742,0.9355265703052282,-0.965922829695046,0.6615668727069637,44.0
2026-01-30,255.1699981689453,261.8999938964844,252.17999267578125,259.4800109863281,92443400,-0.05134238887192874,-1.4889292772859335,0.9306893777102232,-0.9667764808982611,0.5575628877256692,29.0
2026-02-02,260.0299987792969,270.489990234375,259.2099914550781,270.010009765625,73913400,-0.09726414736360312,-1.2644339157268405,0.9121219497174025,-0.9635746041312814,0.638945900089198,13.0
2026-02-03,269.20001220703125,271.8800048828125,267.6099853515625,269.4800109863281,64394700,-0.048631765646860003,-0.29179059388116,0.29228098690509796,-0.9593964950181544,0.45973526526279035,6.0
2026-02-04,272.2900085449219,278.95001220703125,272.2900085449219,276.489990234375,90545700,-0.336200489577922,-3.6982053853571415,0.929257707670331,-0.9611201472580433,0.7758612165944119,11.0
2026-02-05,278.1300048828125,279.5,273.2300109863281,275.9100036621094,52977400,0.1402689010525743,0.8416134063154459,0.9219189882278442,-0.21963526867330074,0.39930987566290427,6.0
2026-02-06,277.1199951171875,280.9100036621094,276.92999267578125,278.1199951171875,50453400,0.3205444147544248,2.2438109032809734,0.9067743830382824,-0.5980961620807648,0.5054012563574769,7.0
2026-02-09,277.9100036621094,278.20001220703125,271.70001220703125,274.6199951171875,44623400,0.0742572546005249,0.4455435276031494,0.9322743993252516,-0.47944100201129913,0.465516116388611,6.0
2026-02-10,274.8900146484375,275.3699951171875,272.94000244140625,273.67999267578125,34376900,0.2198303368474756,1.5388123579323292,0.91520213522017,-0.9165497347712517,0.6654660826306908,7.0
2026-02-11,274.70001220703125,280.17999267578125,274.45001220703125,275.5,51931300,-0.09823010971939022,-1.0805312069132924,0.9332216959446669,-0.9513575388118625,0.5442901632738716,11.0
2026-02-12,275.5899963378906,275.7200012207031,260.17999267578125,261.7300109863281,81077200,-0.13009282858628365,-2.341670914553106,0.8780022654682398,-0.96004568785429,0.7178412649815772,18.0
2026-02-13,262.010009765625,262.2300109863281,255.4499969482422,255.77999877929688,56290700,-0.18818675561083686,-1.693680800497532,0.9344763457775116,-0.9675460867583752,0.8573726521741368,9.0
2026-02-17,258.04998779296875,266.2900085449219,255.5399932861328,263.8800048828125,58469100,-0.02792473416775465,-0.41887101251631975,0.9205748755484819,-0.9616913413628936,0.5511254343966085,15.0
2026-02-18,263.6000061035156,266.82000732421875,262.45001220703125,264.3500061035156,34203300,0.02393902000039816,0.09575608000159264,0.09800117462873459,-0.13302799314260483,0.10739416459749009,4.0
2026-02-19,262.6000061035156,264.4800109863281,260.04998779296875,260.5799865722656,30845300,-0.19920090038795024,-1.593607203103602,0.3500186698511243,-0.9462573304772377,0.5029999583714262,8.0
2026-02-20,258.9700012207031,264.75,258.1600036621094,264.5799865722656,42070500,-0.08065445938458045,-0.7258901344612241,0.9363888222724199,-0.9601299809291959,0.5563507627444896,9.0
2026-02-23,263.489990234375,269.42999267578125,263.3800048828125,266.17999267578125,37308200,-0.09430633423229058,-0.8487570080906153,0.8892931677401066,-0.9347020257264376,0.6919129664067183,9.0
2026-02-24,267.8599853515625,274.8900146484375,267.7099914550781,272.1400146484375,47014600,0.12081043849078317,1.449725261889398,0.9212154410779476,-0.9123318213969469,0.6451073914328531,12.0
2026-02-25,271.7799987792969,274.94000244140625,271.04998779296875,274.2300109863281,33714300,-0.18222538568079472,-0.7289015427231789,0.8775233961641788,-0.8827856089919806,0.8225087171920771,4.0
2026-02-26,274.95001220703125,276.1099853515625,270.79998779296875,272.95001220703125,32345100,0.27501741745509206,2.7501741745509207,0.8794742515310645,-0.3198722042143345,0.434502013124681,10.0
2026-02-27,272.8099975585937,272.8099975585937,262.8900146484375,264.17999267578125,72366500,-0.04455022793263197,-0.2673013675957918,0.3052056320011616,-0.9468911159783602,0.4613400304196141,6.0
2026-03-02,262.4100036621094,266.5299987792969,260.20001220703125,264.7200012207031,41827900,-0.0020441187338696588,-0.018397068604826927,0.7587238447740674,-0.9458670169115067,0.578206571158476,9.0
2026-03-03,263.4800109863281,265.5599975585937,260.1300048828125,263.75,38568900,0.13617530837655067,1.9064543172717094,0.934390826150775,-0.9475048361346126,0.6122155684166999,14.0
2026-03-04,264.6499938964844,266.1499938964844,261.4200134277344,262.5199890136719,39803100,-0.14440612862300542,-1.2996551576070487,0.2728426232933998,-0.9681658619083464,0.47497948972568416,9.0
2026-03-05,260.7900085449219,261.5599975585937,257.25,260.2900085449219,49658600,0.12287865951657295,1.1059079356491566,0.9364812280982733,-0.7858597561717033,0.5324208168483308,9.0
2026-03-06,258.6300048828125,258.7699890136719,254.3699951171875,257.4599914550781,41120000,-0.3463778682053089,-1.7318893410265446,0.02170366421341896,-0.9269796013832092,0.45362600425323685,5.0
2026-03-09,255.69000244140625,261.1499938964844,253.67999267578125,259.8800048828125,38218500,-0.23324695928022265,-0.4664939185604453,0.29774121940135956,-0.7642351379618049,0.7509306837512819,2.0
2026-03-10,257.6499938964844,262.4800109863281,256.95001220703125,260.8299865722656,30590800,0.16234391909092666,0.8117195954546332,0.9161996971815825,-0.2873256728053093,0.46669832815181184,5.0
2026-03-11,261.0899963378906,262.1300048828125,259.54998779296875,260.8099975585937,26218900,0.2683861115947366,1.6103166695684195,0.926937822252512,-0.9087451146915555,0.6478882052464254,6.0
2026-03-12,258.6600036621094,258.95001220703125,254.17999267578125,255.75999450683597,40794000,0.30194444791413844,1.2077777916565537,0.8402061844244599,-0.46486005932092667,0.6297177717579961,4.0
2026-03-13,255.47999572753903,256.3299865722656,249.5200042724609,250.1199951171875,36930000,0.04567790450528264,0.27406742703169584,0.8769483799114823,-0.9399846158921719,0.6665343835875968,6.0
2026-03-16,252.1100006103516,253.88999938964844,249.8800048828125,252.82000732421875,32074200,0.30597864696756005,1.2239145878702402,0.9282541908323765,-0.9638178069144487,0.8604932627995763,4.0
2026-03-17,252.9600067138672,255.1300048828125,252.17999267578125,254.22999572753903,32361600,-0.07807018400894271,-0.7026316560804844,0.9031498692929745,-0.9245680840685964,0.6818768254183568,9.0
2026-03-18,252.6300048828125,254.94000244140625,249.0,249.94000244140625,35757900,-0.08055012300610542,-0.6444009840488434,0.6421764213591814,-0.8996553532779217,0.44428413394292016,8.0
2026-03-19,249.3999938964844,251.8300018310547,247.3000030517578,248.9600067138672,34864100,0.11764989242973653,1.2941488167271018,0.9243901986628771,-0.7454679757356644,0.5194820948069718,11.0
2026-03-20,247.97999572753903,249.1999969482422,246.0,247.9900054931641,88331100,0.33984312920698095,2.378901904448867,0.8305446719750762,0.04925574269145727,0.29464828730212195,7.0
2026-03-23,253.97000122070312,254.6000061035156,250.27999877929688,251.4900054931641,40546100,0.02847379936526219,0.42710699047893286,0.7974279224872589,-0.8948840070515871,0.41059893671410386,15.0
2026-03-24,250.3500061035156,254.8300018310547,249.5500030517578,251.63999938964844,45152300,0.1319037393356363,1.5828448720276356,0.8793983431532979,-0.6690944731235504,0.4862094803958423,12.0
2026-03-25,254.1000061035156,255.0,251.6000061035156,252.6199951171875,28476700,-0.15928867707649866,-1.433598093688488,0.915136655792594,-0.9271599445492029,0.5888322738157787,9.0
2026-03-26,252.1199951171875,257.0,250.7700042724609,252.88999938964844,41796700,-0.14709190205287406,-2.5005623348988593,0.6949566304683685,-0.9584996066987514,0.7134116201742,17.0
2026-03-27,253.8999938964844,255.4900054931641,248.07000732421875,248.8000030517578,47900000,-0.1501885490078065,-1.3516969410702586,0.4304106989875436,-0.9609077982604504,0.46883505562646943,9.0
2026-03-30,250.07000732421875,250.8699951171875,245.50999450683597,246.6300048828125,39446200,-0.43485094979405403,-4.783360447734594,0.6525391545146704,-0.9549620598554611,0.5992591687876453,11.0
2026-03-31,247.91000366210935,255.47999572753903,247.1000061035156,253.7899932861328,49598100,-0.2656426594520991,-3.453354572877288,0.5981866996735334,-0.9231924507766962,0.45752480244198757,13.0
2026-04-01,254.0800018310547,256.17999267578125,253.3300018310547,255.6300048828125,40059400,-0.14480970767326654,-1.4480970767326653,0.9239291101694107,-0.9649618514813483,0.8100893913046058,10.0
2026-04-02,254.1999969482422,256.1300048828125,250.6499938964844,255.9199981689453,31289400,-0.10023197283347447,-0.9020877555012703,0.9101908281445503,-0.9658697489649057,0.6884650952304294,9.0
2026-04-06,256.510009765625,262.1600036621094,256.4599914550781,258.8599853515625,29329900,0.17293838085606694,1.5564454277046025,0.8843951881863177,-0.8774201348423958,0.6452148605302951,9.0
2026-04-07,256.1600036621094,256.20001220703125,245.6999969482422,253.5,62148000,0.0496512604256471,0.7447689063847065,0.9385118167847395,-0.9499370390549302,0.6446713853984354,15.0
2026-04-08,258.45001220703125,259.75,256.5299987792969,258.8999938964844,41032800,0.4051268853040205,3.6461419677361846,0.9116633422672749,-0.825690433382988,0.5881632737059597,9.0
2026-04-09,259.0,261.1199951171875,256.07000732421875,260.489990234375,28121600,-0.18569351080805063,-1.1141610648483038,0.5676077157258987,-0.9529188768938184,0.6006884936302466,6.0
2026-04-10,259.9800109863281,262.19000244140625,259.0199890136719,260.4800109863281,31291500,-0.0062306950400982586,-0.08722973056137562,0.9110442325472832,-0.9648797707632184,0.7099704004026339,14.0
2026-04-13,259.7300109863281,260.17999267578125,256.6600036621094,259.20001220703125,36234700,0.25476667083178955,1.5286000249907374,0.9354039346799254,-0.5313780531287193,0.6750061221266911,6.0
2026-04-14,259.25,261.92999267578125,257.19000244140625,258.8299865722656,48370700,-0.019543300072352093,-0.17588970065116882,0.8761718906462193,-0.9382584672421217,0.7767523885037325,9.0
2026-04-15,258.1600036621094,266.5599975585937,257.8099975585937,266.42999267578125,49913500,0.39114040629938246,3.9114040629938245,0.9296315889805555,-0.23760771751403809,0.4501440111871042,10.0
2026-04-16,266.79998779296875,267.1600036621094,261.2699890136719,263.3999938964844,43323100,0.34984187140232986,3.148576842620969,0.9322787076234818,0.011959027498960495,0.43643212001004567,9.0
2026-04-17,266.9599914550781,272.29998779296875,266.7200012207031,270.2300109863281,61436200,0.005915906901160876,0.035495441406965256,0.8189819697290659,-0.9343481250107288,0.7875625804035158,6.0
2026-04-20,270.3299865722656,274.2799987792969,270.2900085449219,273.04998779296875,36590200,0.0032489708624780177,0.03248970862478018,0.9064731169492006,-0.40367257595062256,0.3841964063397741,10.0
2026-04-21,271.5,272.79998779296875,265.3999938964844,266.1700134277344,50209800,0.10016480254891671,1.9031312484294176,0.893829058855772,-0.9443961326032877,0.4450800308223577,19.0
2026-04-22,267.82000732421875,273.739990234375,266.8699951171875,273.1700134277344,43249200,0.18124089055609974,1.9936497961170971,0.9162460099905729,-0.8448295015841722,0.48436526513176353,11.0
2026-04-23,275.04998779296875,275.7699890136719,271.6499938964844,273.42999267578125,33399600,0.2661286822209756,0.7983860466629267,0.8867292627692223,-0.09262469410896301,0.5396355362473341,3.0
2026-04-24,272.760009765625,273.0599975585937,269.6499938964844,271.0599975585937,38157100,-0.2663416188210249,-1.3317080941051245,0.0839389692991972,-0.9276601225137711,0.4145909841841972,5.0
2026-04-27,266.0899963378906,268.3599853515625,265.07000732421875,267.6099853515625,41466800,-0.15696126651018857,-1.5696126651018858,0.21266788244247437,-0.9575573150068521,0.4280294993590877,10.0
2026-04-28,272.3399963378906,273.2300109863281,268.6600036621094,270.7099914550781,40018900,0.04273102979641408,0.3418482383713126,0.8196410909295082,-0.803000632673502,0.5915834886614892,8.0
2026-04-29,267.54998779296875,271.0400085449219,267.0400085449219,270.1700134277344,30047900,0.1462031899020076,1.4620318990200758,0.8862677216529846,-0.9514512615278363,0.60427309182983,10.0
2026-04-30,270.5,276.0,268.1400146484375,271.3500061035156,91848200,0.19768714263207382,5.337552851065993,0.9326795302331448,-0.7548510134220123,0.5585534050036588,27.0
2026-05-01,278.8599853515625,287.2200012207031,278.3699951171875,280.1400146484375,79915400,0.28703381629804003,7.462879223749042,0.9301555883139372,-0.5670190155506134,0.539565874281033,26.0
2026-05-04,279.6600036621094,280.6300048828125,274.8599853515625,276.8299865722656,46668400,-0.056749275497471295,-0.6809913059696555,0.9134069047868252,-0.942340424284339,0.6260653074235862,12.0
2026-05-05,276.92999267578125,284.57000732421875,276.5,284.17999267578125,49311700,0.07089669379638508,1.1343471007421613,0.9082154110074043,-0.9119279850274324,0.5975845765314726,16.0
2026-05-06,281.9200134277344,288.0299987792969,281.07000732421875,287.510009765625,58336100,0.20785335705361582,2.286386927589774,0.9285697489976883,-0.8733141291886568,0.6987950034762288,11.0
2026-05-07,289.2699890136719,292.1300048828125,285.7799987792969,287.44000244140625,45224300,0.03105080993846059,0.3105080993846059,0.9289470538496971,-0.8992003481835127,0.6565230266266632,10.0
2026-05-08,290.010009765625,294.760009765625,290.0,293.32000732421875,52692800,0.28477621197023173,3.1325383316725492,0.8728610239923,-0.9020650871098042,0.5299982873806921,11.0
2026-05-11,291.9800109863281,293.8800048828125,290.2300109863281,292.67999267578125,42247300,-0.07428153278306127,-0.8913783933967352,0.903631679713726,-0.952885752543807,0.5251055079912524,12.0
2026-05-12,292.5599975585937,295.2699890136719,292.5599975585937,294.79998779296875,45748100,-0.15804495941847563,-2.3706743912771344,0.6810257509350777,-0.9570780992507935,0.5645349528489799,15.0
2026-05-13,293.5,300.9200134277344,293.5,298.8699951171875,52684300,0.06721590722308439,1.1426704227924347,0.916586022824049,-0.9501117439940572,0.49875203823378544,17.0
2026-05-14,299.82000732421875,300.45001220703125,295.3800048828125,298.2099914550781,35324900,-0.0549077639794525,-0.9334319876506925,0.9197981543838978,-0.9607239104807377,0.7189881685107955,17.0
2026-05-15,297.8999938964844,303.20001220703125,296.5199890136719,300.2300109863281,54862800,-0.20548422209685668,-1.6438737767748535,0.7572048716247082,-0.9592380835674703,0.572833078272638,8.0
2026-05-18,300.239990234375,300.6600036621094,294.9100036621094,297.8399963378906,34483000,-0.07536598769947886,-0.7536598769947886,0.9298288803547621,-0.8829268291592598,0.6216037712314967,10.0
2026-05-19,296.9700012207031,300.510009765625,296.3500061035156,298.9700012207031,42243600,-0.10036497758701443,-1.0036497758701444,0.854636849835515,-0.965457065962255,0.6958200252438773,10.0
2026-05-20,298.17999267578125,302.79998779296875,298.0799865722656,302.25,38229800,-0.21422837177912393,-0.6426851153373718,0.4395302087068558,-0.701203390955925,0.5883713568760216,3.0
2026-05-21,301.0599975585937,305.5400085449219,300.3999938964844,304.989990234375,42965100,0.22968887677416205,0.9187555070966482,0.4061911702156067,0.09800117462873459,0.12877129090197711,4.0
2026-05-22,306.1199951171875,311.3999938964844,305.8399963378906,308.82000732421875,43670200,0.07786937363977943,0.545085615478456,0.8203341187909245,-0.8888505138456821,0.6363144129860486,7.0
2026-05-26,309.5599975585937,311.82000732421875,307.6700134277344,308.3299865722656,48000500,-0.054410940734669566,-0.43528752587735653,0.8354406096041203,-0.9523917576298118,0.762484530683957,8.0
2026-05-27,308.3299865722656,313.260009765625,308.29998779296875,310.8500061035156,50430900,0.09745165807279674,1.071968238800764,0.9364035874605179,-0.9270178563892841,0.8053908887174769,11.0
2026-05-28,310.67999267578125,312.79998779296875,309.57000732421875,312.510009765625,48220400,-0.30088955802576883,-2.1062269061803818,0.13100077211856842,-0.9525863202288747,0.46655166842790863,7.0
2026-05-29,311.7799987792969,315.0,309.5299987792969,312.0599975585937,70026800,-0.6215532720088959,-1.8646598160266876,-0.0926254391670227,-0.9105664640665054,0.4587223083744519,3.0
2026-06-01,309.6300048828125,310.94000244140625,305.0199890136719,306.3099975585937,48849900,0.1446510785343972,1.5911618638783693,0.9253145959228277,-0.9280029255896807,0.5525823666922673,11.0
2026-06-02,307.4599914550781,315.45001220703125,306.69000244140625,315.20001220703125,44534700,0.10113500547595322,0.4045400219038129,0.20641600247472525,0.020323077216744423,0.07997818845366263,4.0
2026-06-03,314.17999267578125,316.94000244140625,308.8500061035156,310.260009765625,50836700,0.39853223294697027,4.383854562416673,0.9247860033065081,-0.4539481606334448,0.5034354952978106,11.0
2026-06-04,313.2300109863281,313.5400085449219,309.6499938964844,311.2300109863281,44869100,0.14181831991299987,1.134546559303999,0.9224197426810861,-0.9304737448692322,0.573781384425692,8.0
2026-06-05,312.8599853515625,315.1700134277344,307.1499938964844,307.3399963378906,65310500,-0.19094338035210967,-1.5275470428168774,0.5561291528865695,-0.9418665245175362,0.520988745382177,8.0
2026-06-08,308.739990234375,317.3999938964844,301.1700134277344,301.5400085449219,77949100,0.2518534372294588,7.051896242424846,0.9310183227062225,-0.9469600114971399,0.43538657391321883,28.0
2026-06-09,300.2799987792969,300.75,287.7799987792969,290.54998779296875,70108800,0.06659732235684282,1.398543769493699,0.8131766142323613,-0.9589847316965461,0.540787760110223,21.0
2026-06-10,290.739990234375,294.75,287.3800048828125,291.5799865722656,52793300,0.3965512616559863,2.379307569935918,0.8768366454169154,0.10056314058601856,0.29080228075686926,6.0
2026-06-11,293.7200012207031,297.0,289.5899963378906,295.6300048828125,42572500,-0.022453618119470775,-0.1796289449557662,0.9162935027852654,-0.577956348657608,0.46227732215502093,8.0
2026-06-12,296.0299987792969,297.1400146484375,289.6199951171875,291.1300048828125,38742100,-0.05126751804103454,-0.15380255412310362,0.44117865711450577,-0.8846009988337755,0.7256555935084001,3.0
2026-06-15,294.1199951171875,297.7799987792969,291.70001220703125,296.4200134277344,45732600,0.3119498318992555,1.871698991395533,0.8131709322333336,-0.5664973426610231,0.523771347284517,6.0
2026-06-16,295.25,300.4800109863281,293.9700012207031,299.239990234375,39874400,0.19589295133482665,1.5671436106786132,0.9119806531816721,-0.9474612502381206,0.5749419479688223,8.0
2026-06-17,300.8500061035156,302.07000732421875,294.3599853515625,295.95001220703125,42685500,0.25230445475740865,2.7753490023314953,0.9147807136178017,-0.9640915580093861,0.64457390855509,11.0
2026-06-18,298.44000244140625,300.57000732421875,295.6199951171875,297.3299865722656,44115106,0.16814359556883574,2.522153933532536,0.9227183908224106,-0.8976750578731298,0.5096251561182163,15.0
