Date,Open,High,Low,Close,Volume,sentiment_mean,sentiment_sum,sentiment_max,sentiment_min,sentiment_std,news_count
2015-01-02,26.6299991607666,26.790000915527344,26.393999099731445,26.477500915527344,26480000,0.0,0.0,0.0,0.0,0.0,0.0
2015-01-05,26.357500076293945,26.39949989318848,25.887500762939453,25.972999572753903,41182000,0.0,0.0,0.0,0.0,0.0,0.0
2015-01-06,26.024999618530277,26.06049919128418,25.27750015258789,25.332000732421875,54456000,0.0,0.0,0.0,0.0,0.0,0.0
2015-01-07,25.54750061035156,25.574499130249023,25.1825008392334,25.25749969482422,46918000,0.0,0.0,0.0,0.0,0.0,0.0
2015-01-08,25.07550048828125,25.375,24.750999450683597,25.34550094604492,73054000,0.0,0.0,0.0,0.0,0.0,0.0
2015-01-09,25.40900039672852,25.43000030517578,24.9325008392334,25.035999298095703,42000000,0.0,0.0,0.0,0.0,0.0,0.0
2015-01-12,24.96199989318848,25.013999938964844,24.545499801635746,24.85300064086914,57138000,0.0,0.0,0.0,0.0,0.0,0.0
2015-01-13,25.12849998474121,25.43000030517578,24.863000869750977,25.09000015258789,60958000,0.0,0.0,0.0,0.0,0.0,0.0
2015-01-14,25.020999908447266,25.413000106811523,24.90800094604492,25.296499252319336,52800000,0.0,0.0,0.0,0.0,0.0,0.0
2015-01-15,25.444499969482425,25.487499237060547,25.100500106811523,25.20050048828125,51068000,0.0,0.0,0.0,0.0,0.0,0.0
2015-01-16,25.15749931335449,25.542499542236328,25.15449905395508,25.52300071716309,49658000,0.0,0.0,0.0,0.0,0.0,0.0
2015-01-20,25.638500213623047,25.780500411987305,25.4685001373291,25.496999740600582,46796000,0.0,0.0,0.0,0.0,0.0,0.0
2015-01-21,25.54199981689453,26.092500686645508,25.47949981689453,26.019500732421875,46356000,0.0,0.0,0.0,0.0,0.0,0.0
2015-01-22,26.149999618530277,26.941999435424805,26.09550094604492,26.864999771118164,56068000,0.0,0.0,0.0,0.0,0.0,0.0
2015-01-23,26.901500701904297,27.27050018310547,26.787500381469727,27.09749984741211,45966000,0.0,0.0,0.0,0.0,0.0,0.0
2015-01-26,27.075000762939453,27.075000762939453,26.603500366210938,26.836000442504883,30932000,0.0,0.0,0.0,0.0,0.0,0.0
2015-01-27,26.56999969482422,26.638999938964844,26.042999267578125,26.059499740600582,39148000,0.0,0.0,0.0,0.0,0.0,0.0
2015-01-28,26.25,26.284500122070312,25.61750030517578,25.62150001525879,35822000,0.0,0.0,0.0,0.0,0.0,0.0
2015-01-29,25.645000457763672,25.75950050354004,25.173999786376957,25.661500930786133,79018000,0.0,0.0,0.0,0.0,0.0,0.0
2015-01-30,25.950000762939453,27.155000686645508,25.90900039672852,26.877500534057617,121108000,0.0,0.0,0.0,0.0,0.0,0.0
2015-02-02,26.715999603271484,26.825000762939453,26.086000442504883,26.61000061035156,75378000,0.0,0.0,0.0,0.0,0.0,0.0
2015-02-03,26.496999740600582,26.872499465942383,26.340499877929688,26.665000915527344,47062000,0.0,0.0,0.0,0.0,0.0,0.0
2015-02-04,26.65699958801269,26.837499618530277,26.25149917602539,26.30500030517578,33896000,0.0,0.0,0.0,0.0,0.0,0.0
2015-02-05,26.396499633789062,26.534500122070312,26.28199958801269,26.491500854492188,33176000,0.0,0.0,0.0,0.0,0.0,0.0
2015-02-06,26.550500869750977,27.01099967956543,26.4325008392334,26.694000244140625,42938000,0.0,0.0,0.0,0.0,0.0,0.0
2015-02-09,26.55299949645996,26.694000244140625,26.377500534057617,26.464000701904297,30314000,0.0,0.0,0.0,0.0,0.0,0.0
2015-02-10,26.607500076293945,27.049999237060547,26.458499908447266,27.007999420166016,47430000,0.0,0.0,0.0,0.0,0.0,0.0
2015-02-11,26.986499786376957,27.09749984741211,26.799999237060547,26.899999618530277,38306000,0.0,0.0,0.0,0.0,0.0,0.0
2015-02-12,26.982999801635746,27.41699981689453,26.850000381469727,27.300500869750977,48590000,0.0,0.0,0.0,0.0,0.0,0.0
2015-02-13,27.3754997253418,27.62700080871582,27.32999992370605,27.558000564575195,47382000,0.0,0.0,0.0,0.0,0.0,0.0
2015-02-17,27.558000564575195,27.649999618530277,27.163000106811523,27.2504997253418,39174000,0.0,0.0,0.0,0.0,0.0,0.0
2015-02-18,27.19099998474121,27.377500534057617,26.977500915527344,27.13249969482422,31164000,0.0,0.0,0.0,0.0,0.0,0.0
2015-02-19,27.12350082397461,27.343000411987305,27.037500381469727,27.32250022888184,30834000,0.0,0.0,0.0,0.0,0.0,0.0
2015-02-20,27.378999710083008,27.378999710083008,26.905000686645508,27.09000015258789,38234000,0.0,0.0,0.0,0.0,0.0,0.0
2015-02-23,26.950000762939453,26.96500015258789,26.600000381469727,26.75,32906000,0.0,0.0,0.0,0.0,0.0,0.0
2015-02-24,26.57749938964844,26.96999931335449,26.549999237060547,26.9325008392334,28406000,0.0,0.0,0.0,0.0,0.0,0.0
2015-02-25,26.92200088500977,27.478500366210938,26.90049934387207,27.366500854492188,40836000,0.0,0.0,0.0,0.0,0.0,0.0
2015-02-26,27.28700065612793,28.006500244140625,27.254499435424805,27.964500427246094,54032000,0.0,0.0,0.0,0.0,0.0,0.0
2015-02-27,27.90749931335449,28.47100067138672,27.85149955749512,28.131500244140625,68328000,0.0,0.0,0.0,0.0,0.0,0.0
2015-03-02,28.350000381469727,28.79949951171875,28.15749931335449,28.750999450683597,50406000,0.0,0.0,0.0,0.0,0.0,0.0
2015-03-03,28.8174991607666,29.042499542236328,28.524999618530277,28.93950080871582,50526000,0.0,0.0,0.0,0.0,0.0,0.0
2015-03-04,28.848499298095703,29.081499099731445,28.625999450683597,28.91650009155273,37964000,0.0,0.0,0.0,0.0,0.0,0.0
2015-03-05,28.981000900268555,29.15999984741211,28.911500930786133,29.07150077819824,35918000,0.0,0.0,0.0,0.0,0.0,0.0
2015-03-06,29.100000381469727,29.138999938964844,28.60300064086914,28.645000457763672,37592000,0.0,0.0,0.0,0.0,0.0,0.0
2015-03-09,28.54599952697754,28.772499084472656,28.45249938964844,28.70499992370605,23478000,0.0,0.0,0.0,0.0,0.0,0.0
2015-03-10,28.423999786376957,28.488000869750977,27.99099922180176,27.99250030517578,40080000,0.0,0.0,0.0,0.0,0.0,0.0
2015-03-11,27.989999771118164,28.208999633789062,27.77050018310547,27.784500122070312,40524000,0.0,0.0,0.0,0.0,0.0,0.0
2015-03-12,27.923999786376957,28.09199905395508,27.776500701904297,28.058500289916992,35602000,0.0,0.0,0.0,0.0,0.0,0.0
2015-03-13,27.96150016784668,28.218000411987305,27.51650047302246,27.649999618530277,35428000,0.0,0.0,0.0,0.0,0.0,0.0
2015-03-16,27.84650039672852,28.1875,27.56599998474121,28.082000732421875,36856000,0.0,0.0,0.0,0.0,0.0,0.0
2015-03-17,27.914499282836918,28.03199958801269,27.72050094604492,27.88050079345703,28892000,0.0,0.0,0.0,0.0,0.0,0.0
2015-03-18,27.886499404907227,28.32550048828125,27.674999237060547,28.308000564575195,35324000,0.0,0.0,0.0,0.0,0.0,0.0
2015-03-19,28.22599983215332,28.347999572753903,28.106000900268555,28.183500289916992,24660000,0.0,0.0,0.0,0.0,0.0,0.0
2015-03-20,28.33550071716309,28.354999542236328,28.224000930786133,28.247499465942383,44320000,0.0,0.0,0.0,0.0,0.0,0.0
2015-03-23,28.299999237060547,28.48200035095215,28.152999877929688,28.26849937438965,30234000,0.0,0.0,0.0,0.0,0.0,0.0
2015-03-24,28.427000045776367,29.0939998626709,28.40449905395508,28.87700080871582,79156000,0.0,0.0,0.0,0.0,0.0,0.0
2015-03-25,28.87849998474121,29.00349998474121,28.350000381469727,28.350000381469727,53070000,0.0,0.0,0.0,0.0,0.0,0.0
2015-03-26,28.232500076293945,28.35950088500977,27.91550064086914,28.18199920654297,49842000,0.0,0.0,0.0,0.0,0.0,0.0
2015-03-27,28.09149932861328,28.203500747680664,27.84650039672852,27.877500534057617,34552000,0.0,0.0,0.0,0.0,0.0,0.0
2015-03-30,28.012500762939453,28.107999801635746,27.839500427246094,28.05699920654297,24788000,0.0,0.0,0.0,0.0,0.0,0.0
2015-03-31,27.89699935913086,28.122499465942383,27.73349952697754,27.73500061035156,34932000,0.0,0.0,0.0,0.0,0.0,0.0
2015-04-01,27.741500854492188,27.924999237060547,27.30150032043457,27.47450065612793,38902000,0.0,0.0,0.0,0.0,0.0,0.0
2015-04-02,27.370500564575195,27.399999618530277,27.02199935913086,27.06550025939941,47760000,0.0,0.0,0.0,0.0,0.0,0.0
2015-04-06,26.941999435424805,27.277000427246094,26.78499984741211,27.19750022888184,33718000,0.0,0.0,0.0,0.0,0.0,0.0
2015-04-07,27.249500274658203,27.507999420166016,27.179500579833984,27.243000030517575,27318000,0.0,0.0,0.0,0.0,0.0,0.0
2015-04-08,27.299999237060547,27.575000762939453,27.299999237060547,27.441999435424805,28386000,0.0,0.0,0.0,0.0,0.0,0.0
2015-04-09,27.46050071716309,27.4685001373291,27.09749984741211,27.400999069213867,32366000,0.0,0.0,0.0,0.0,0.0,0.0
2015-04-10,27.478500366210938,27.49250030517578,27.249000549316406,27.427000045776367,26104000,0.0,0.0,0.0,0.0,0.0,0.0
2015-04-13,27.352500915527344,27.66349983215332,27.315000534057617,27.43199920654297,29326000,0.0,0.0,0.0,0.0,0.0,0.0
2015-04-14,27.328500747680664,27.328500747680664,26.78700065612793,26.98900032043457,47206000,0.0,0.0,0.0,0.0,0.0,0.0
2015-04-15,26.89800071716309,27.159500122070312,26.61849975585937,27.052000045776367,46962000,0.0,0.0,0.0,0.0,0.0,0.0
2015-04-16,26.917499542236328,27.261499404907227,26.905000686645508,27.176000595092773,31722000,0.0,0.0,0.0,0.0,0.0,0.0
2015-04-17,26.86549949645996,26.989999771118164,26.450000762939453,26.636999130249023,49234000,0.0,0.0,0.0,0.0,0.0,0.0
2015-04-20,26.6875,27.290000915527344,26.667499542236328,27.22649955749512,38508000,0.0,0.0,0.0,0.0,0.0,0.0
2015-04-21,27.31550025939941,27.388500213623047,27.11050033569336,27.145999908447266,29128000,0.0,0.0,0.0,0.0,0.0,0.0
2015-04-22,27.152999877929688,27.549999237060547,27.06599998474121,27.458999633789062,31806000,0.0,0.0,0.0,0.0,0.0,0.0
2015-04-23,27.52050018310547,28.058500289916992,27.503999710083008,27.87299919128418,78184000,0.0,0.0,0.0,0.0,0.0,0.0
2015-04-24,29.002500534057617,29.23500061035156,28.417499542236328,28.683000564575195,92168000,0.0,0.0,0.0,0.0,0.0,0.0
2015-04-27,28.638500213623047,28.775999069213867,28.114999771118164,28.30599975585937,48062000,0.0,0.0,0.0,0.0,0.0,0.0
2015-04-28,28.215999603271484,28.39150047302246,28.04800033569336,28.2185001373291,37178000,0.0,0.0,0.0,0.0,0.0,0.0
2015-04-29,28.02549934387207,28.29199981689453,27.950000762939453,28.069499969482425,33622000,0.0,0.0,0.0,0.0,0.0,0.0
2015-04-30,27.92799949645996,28.055500030517575,27.336000442504883,27.438499450683597,47240000,0.0,0.0,0.0,0.0,0.0,0.0
2015-05-01,27.52549934387207,27.56100082397461,27.1924991607666,27.558000564575195,36572000,0.0,0.0,0.0,0.0,0.0,0.0
2015-05-04,27.54949951171875,27.83449935913086,27.36949920654297,27.642000198364254,35260000,0.0,0.0,0.0,0.0,0.0,0.0
2015-05-05,27.507999420166016,27.63050079345703,27.11849975585937,27.152000427246094,28528000,0.0,0.0,0.0,0.0,0.0,0.0
2015-05-06,27.131999969482425,27.19650077819824,26.61199951171875,26.753999710083008,39034000,0.0,0.0,0.0,0.0,0.0,0.0
2015-05-07,26.795000076293945,27.26000022888184,26.67250061035156,27.101999282836918,31844000,0.0,0.0,0.0,0.0,0.0,0.0
2015-05-08,27.443500518798828,27.63999938964844,27.401500701904297,27.44750022888184,28226000,0.0,0.0,0.0,0.0,0.0,0.0
2015-05-11,27.42449951171875,27.668500900268555,27.280000686645508,27.28899955749512,21858000,0.0,0.0,0.0,0.0,0.0,0.0
2015-05-12,27.140499114990234,27.14800071716309,26.75,26.936500549316406,35282000,0.0,0.0,0.0,0.0,0.0,0.0
2015-05-13,27.023500442504883,27.191999435424805,26.948999404907227,26.97450065612793,24238000,0.0,0.0,0.0,0.0,0.0,0.0
2015-05-14,27.19849967956543,27.48450088500977,27.125,27.459999084472656,31736000,0.0,0.0,0.0,0.0,0.0,0.0
2015-05-15,27.519500732421875,27.530000686645508,27.125,27.324499130249023,33440000,0.0,0.0,0.0,0.0,0.0,0.0
2015-05-18,27.19099998474121,27.41699981689453,27.112499237060547,27.333499908447266,26706000,0.0,0.0,0.0,0.0,0.0,0.0
2015-05-19,27.399999618530277,27.670000076293945,27.356000900268555,27.464000701904297,47126000,0.0,0.0,0.0,0.0,0.0,0.0
2015-05-20,27.54599952697754,27.80349922180176,27.2549991607666,27.6254997253418,30840000,0.0,0.0,0.0,0.0,0.0,0.0
2015-05-21,27.51000022888184,27.88050079345703,27.46500015258789,27.840499877929688,34170000,0.0,0.0,0.0,0.0,0.0,0.0
2015-05-22,27.722999572753903,27.91200065612793,27.68099975585937,27.72599983215332,24266000,0.0,0.0,0.0,0.0,0.0,0.0
2015-05-26,27.628999710083008,27.66650009155273,27.148500442504883,27.35950088500977,37474000,0.0,0.0,0.0,0.0,0.0,0.0
2015-05-27,27.43400001525879,27.76449966430664,27.32900047302246,27.712499618530277,34844000,0.0,0.0,0.0,0.0,0.0,0.0
2015-05-28,27.68950080871582,27.788000106811523,27.540000915527344,27.708999633789062,23544000,0.0,0.0,0.0,0.0,0.0,0.0
2015-05-29,27.65999984741211,27.69700050354004,27.25200080871582,27.266000747680664,43446000,0.0,0.0,0.0,0.0,0.0,0.0
2015-06-01,27.436500549316406,27.528499603271484,27.179000854492188,27.46050071716309,33210000,0.0,0.0,0.0,0.0,0.0,0.0
2015-06-02,27.37150001525879,27.93950080871582,27.32749938964844,27.69750022888184,31842000,0.0,0.0,0.0,0.0,0.0,0.0
2015-06-03,27.7549991607666,27.89949989318848,27.607500076293945,27.76449966430664,26710000,0.0,0.0,0.0,0.0,0.0,0.0
2015-06-04,27.608999252319336,27.79800033569336,27.45599937438965,27.58449935913086,26866000,0.0,0.0,0.0,0.0,0.0,0.0
2015-06-05,27.600000381469727,27.66650009155273,27.36899948120117,27.47649955749512,24396000,0.0,0.0,0.0,0.0,0.0,0.0
2015-06-08,27.480499267578125,27.49349975585937,27.147499084472656,27.173999786376957,27336000,0.0,0.0,0.0,0.0,0.0,0.0
2015-06-09,27.17099952697754,27.242000579833984,26.9424991607666,27.107999801635746,30016000,0.0,0.0,0.0,0.0,0.0,0.0
2015-06-10,27.28499984741211,27.73900032043457,27.25550079345703,27.6299991607666,30316000,0.0,0.0,0.0,0.0,0.0,0.0
2015-06-11,27.72450065612793,27.741500854492188,27.458499908447266,27.50200080871582,25872000,0.0,0.0,0.0,0.0,0.0,0.0
2015-06-12,27.357500076293945,27.4424991607666,27.2814998626709,27.37350082397461,25468000,0.0,0.0,0.0,0.0,0.0,0.0
2015-06-15,27.136499404907227,27.20249938964844,26.96050071716309,27.149999618530277,27150000,0.0,0.0,0.0,0.0,0.0,0.0
2015-06-16,27.224000930786133,27.33449935913086,27.078500747680664,27.24349975585937,32526000,0.0,0.0,0.0,0.0,0.0,0.0
2015-06-17,27.270999908447266,27.417999267578125,27.090499877929688,27.32999992370605,24440000,0.0,0.0,0.0,0.0,0.0,0.0
2015-06-18,27.399999618530277,27.862499237060547,27.399999618530277,27.80900001525879,41192000,0.0,0.0,0.0,0.0,0.0,0.0
2015-06-19,27.826000213623047,27.89550018310547,27.613000869750977,27.875999450683597,59290000,0.0,0.0,0.0,0.0,0.0,0.0
2015-06-22,27.97050094604492,28.280500411987305,27.945499420166016,27.983999252319336,34752000,0.0,0.0,0.0,0.0,0.0,0.0
2015-06-23,27.989500045776367,28.2450008392334,27.857500076293945,28.16950035095215,31396000,0.0,0.0,0.0,0.0,0.0,0.0
2015-06-24,28.124000549316406,28.131999969482425,27.840499877929688,27.92849922180176,28924000,0.0,0.0,0.0,0.0,0.0,0.0
2015-06-25,28.01499938964844,28.15699958801269,27.87299919128418,27.897499084472656,26684000,0.0,0.0,0.0,0.0,0.0,0.0
2015-06-26,27.98550033569336,28.0,27.592500686645508,27.652999877929688,43676000,0.0,0.0,0.0,0.0,0.0,0.0
2015-06-29,27.337499618530277,27.545000076293945,27.011999130249023,27.0625,37756000,0.0,0.0,0.0,0.0,0.0,0.0
2015-06-30,27.254499435424805,27.295000076293945,26.976999282836918,27.00200080871582,34510000,0.0,0.0,0.0,0.0,0.0,0.0
2015-07-01,27.183000564575195,27.29050064086914,26.988000869750977,27.165000915527344,30760000,0.0,0.0,0.0,0.0,0.0,0.0
2015-07-02,27.23699951171875,27.399999618530277,27.17849922180176,27.367000579833984,28124000,0.0,0.0,0.0,0.0,0.0,0.0
2015-07-06,27.112499237060547,27.429000854492188,27.104999542236328,27.2810001373291,25614000,0.0,0.0,0.0,0.0,0.0,0.0
2015-07-07,27.37150001525879,27.549999237060547,26.99250030517578,27.50149917602539,33578000,0.0,0.0,0.0,0.0,0.0,0.0
2015-07-08,27.280000686645508,27.41399955749512,27.059999465942383,27.084999084472656,27662000,0.0,0.0,0.0,0.0,0.0,0.0
2015-07-09,27.4325008392334,27.444000244140625,27.231000900268555,27.232500076293945,29766000,0.0,0.0,0.0,0.0,0.0,0.0
2015-07-10,27.68549919128418,27.964500427246094,27.600000381469727,27.805500030517575,43436000,0.0,0.0,0.0,0.0,0.0,0.0
2015-07-13,27.975500106811523,28.64249992370605,27.934999465942383,28.58650016784668,41792000,0.0,0.0,0.0,0.0,0.0,0.0
2015-07-14,28.725000381469727,29.48550033569336,28.708499908447266,29.208999633789062,74832000,0.0,0.0,0.0,0.0,0.0,0.0
2015-07-15,29.187000274658203,29.434499740600582,29.010499954223636,29.197999954223636,41466000,0.0,0.0,0.0,0.0,0.0,0.0
2015-07-16,29.475000381469727,30.225000381469727,29.395999908447266,30.089000701904297,112642000,0.0,0.0,0.0,0.0,0.0,0.0
2015-07-17,34.0,35.150001525878906,33.900001525878906,34.98099899291992,257162000,0.0,0.0,0.0,0.0,0.0,0.0
2015-07-20,34.44900131225586,34.88999938964844,34.0885009765625,34.641998291015625,102436000,0.0,0.0,0.0,0.0,0.0,0.0
2015-07-21,34.24399948120117,35.279998779296875,34.20750045776367,34.76750183105469,75604000,0.0,0.0,0.0,0.0,0.0,0.0
2015-07-22,34.70100021362305,35.666500091552734,34.58100128173828,34.755001068115234,83100000,0.0,0.0,0.0,0.0,0.0,0.0
2015-07-23,34.592498779296875,34.80350112915039,33.579498291015625,33.73649978637695,76232000,0.0,0.0,0.0,0.0,0.0,0.0
2015-07-24,33.8385009765625,33.88949966430664,32.65900039672852,32.73849868774414,82622000,0.0,0.0,0.0,0.0,0.0,0.0
2015-07-27,32.57849884033203,33.35350036621094,32.57749938964844,32.91350173950195,58382000,0.0,0.0,0.0,0.0,0.0,0.0
2015-07-28,33.0880012512207,33.20500183105469,32.670501708984375,32.983001708984375,34364000,0.0,0.0,0.0,0.0,0.0,0.0
2015-07-29,33.112998962402344,33.166500091552734,32.641998291015625,33.07149887084961,36756000,0.0,0.0,0.0,0.0,0.0,0.0
2015-07-30,32.87200164794922,33.40250015258789,32.58449935913086,33.22800064086914,39606000,0.0,0.0,0.0,0.0,0.0,0.0
2015-07-31,33.23500061035156,33.25,32.86000061035156,32.875,34922000,0.0,0.0,0.0,0.0,0.0,0.0
2015-08-03,32.882999420166016,33.333499908447266,32.882999420166016,33.23600006103516,31348000,0.0,0.0,0.0,0.0,0.0,0.0
2015-08-04,33.21699905395508,33.400001525878906,33.0255012512207,33.06399917602539,26188000,0.0,0.0,0.0,0.0,0.0,0.0
2015-08-05,33.287498474121094,33.99549865722656,33.27899932861328,33.66450119018555,36448000,0.0,0.0,0.0,0.0,0.0,0.0
2015-08-06,33.699501037597656,33.73749923706055,33.0364990234375,33.50749969482422,40660000,0.0,0.0,0.0,0.0,0.0,0.0
2015-08-07,33.388999938964844,33.439998626708984,32.94350051879883,33.21950149536133,27544000,0.0,0.0,0.0,0.0,0.0,0.0
2015-08-10,33.35449981689453,33.58100128173828,33.01150131225586,33.15700149536133,34458000,0.0,0.0,0.0,0.0,0.0,0.0
2015-08-11,34.979000091552734,35.20000076293945,34.215999603271484,34.51499938964844,109880000,0.0,0.0,0.0,0.0,0.0,0.0
2015-08-12,34.7244987487793,34.79999923706055,34.0255012512207,34.57350158691406,58498000,0.0,0.0,0.0,0.0,0.0,0.0
2015-08-13,34.459999084472656,34.701499938964844,34.10900115966797,34.32550048828125,36354000,0.0,0.0,0.0,0.0,0.0,0.0
2015-08-14,34.20199966430664,34.612998962402344,34.14500045776367,34.46849822998047,27598000,0.0,0.0,0.0,0.0,0.0,0.0
2015-08-17,34.402000427246094,34.73699951171875,34.15299987792969,34.705501556396484,24680000,0.0,0.0,0.0,0.0,0.0,0.0
2015-08-18,34.55350112915039,34.78799819946289,34.26599884033203,34.436500549316406,27710000,0.0,0.0,0.0,0.0,0.0,0.0
2015-08-19,34.50550079345703,35.0099983215332,34.34000015258789,34.70199966430664,50194000,0.0,0.0,0.0,0.0,0.0,0.0
2015-08-20,34.45500183105469,34.80799865722656,33.763999938964844,33.9739990234375,57798000,0.0,0.0,0.0,0.0,0.0,0.0
2015-08-21,33.551998138427734,33.644500732421875,32.154998779296875,32.201499938964844,91880000,0.0,0.0,0.0,0.0,0.0,0.0
2015-08-24,30.030000686645508,31.38400077819824,29.65449905395508,30.905500411987305,129788000,0.0,0.0,0.0,0.0,0.0,0.0
2015-08-25,32.32350158691406,32.349998474121094,30.583499908447266,30.62350082397461,71430000,0.0,0.0,0.0,0.0,0.0,0.0
2015-08-26,32.154998779296875,33.124000549316406,31.51849937438965,32.98699951171875,87740000,0.0,0.0,0.0,0.0,0.0,0.0
2015-08-27,33.5994987487793,33.69900131225586,32.55500030517578,33.39799880981445,58974000,0.0,0.0,0.0,0.0,0.0,0.0
2015-08-28,33.28799819946289,33.349998474121094,32.6875,32.984500885009766,38836000,0.0,0.0,0.0,0.0,0.0,0.0
2015-08-31,32.71699905395508,33.22050094604492,32.317501068115234,32.39099884033203,38936000,0.0,0.0,0.0,0.0,0.0,0.0
2015-09-01,31.69050025939941,32.22200012207031,31.25300025939941,31.47800064086914,51458000,0.0,0.0,0.0,0.0,0.0,0.0
2015-09-02,31.899999618530277,32.25299835205078,31.53199958801269,32.24549865722656,37630000,0.0,0.0,0.0,0.0,0.0,0.0
2015-09-03,32.39649963378906,32.5625,31.69050025939941,31.852500915527344,34572000,0.0,0.0,0.0,0.0,0.0,0.0
2015-09-04,31.48500061035156,31.725000381469727,31.325000762939453,31.447999954223636,40478000,0.0,0.0,0.0,0.0,0.0,0.0
2015-09-08,32.04999923706055,32.25199890136719,31.645000457763672,32.194000244140625,39092000,0.0,0.0,0.0,0.0,0.0,0.0
2015-09-09,32.59400177001953,32.86800003051758,32.04499816894531,32.170501708984375,40978000,0.0,0.0,0.0,0.0,0.0,0.0
2015-09-10,32.19499969482422,32.744998931884766,32.084999084472656,32.55400085449219,27850000,0.0,0.0,0.0,0.0,0.0,0.0
2015-09-11,32.510501861572266,32.765499114990234,32.37049865722656,32.76499938964844,34892000,0.0,0.0,0.0,0.0,0.0,0.0
2015-09-14,32.78150177001953,32.79600143432617,32.474998474121094,32.62350082397461,29942000,0.0,0.0,0.0,0.0,0.0,0.0
2015-09-15,32.83549880981445,33.442501068115234,32.66699981689453,33.253501892089844,35546000,0.0,0.0,0.0,0.0,0.0,0.0
2015-09-16,33.27750015258789,33.403499603271484,33.11000061035156,33.2760009765625,26252000,0.0,0.0,0.0,0.0,0.0,0.0
2015-09-17,33.3745002746582,34.0994987487793,33.25,33.583499908447266,47752000,0.0,0.0,0.0,0.0,0.0,0.0
2015-09-18,33.25299835205078,33.492000579833984,33.00149917602539,33.04600143432617,72544000,0.0,0.0,0.0,0.0,0.0,0.0
2015-09-21,33.2755012512207,33.45000076293945,32.900001525878906,33.3489990234375,39094000,0.0,0.0,0.0,0.0,0.0,0.0
2015-09-22,32.87350082397461,32.941001892089844,32.25149917602539,32.65999984741211,54362000,0.0,0.0,0.0,0.0,0.0,0.0
2015-09-23,32.64500045776367,33.013999938964844,32.5364990234375,32.66450119018555,29160000,0.0,0.0,0.0,0.0,0.0,0.0
2015-09-24,32.44850158691406,32.8385009765625,32.10850143432617,32.74549865722656,38692000,0.0,0.0,0.0,0.0,0.0,0.0
2015-09-25,32.92900085449219,32.92900085449219,31.982999801635746,32.00749969482422,48480000,0.0,0.0,0.0,0.0,0.0,0.0
2015-09-28,31.95249938964844,32.14250183105469,30.892000198364254,31.212499618530277,47646000,0.0,0.0,0.0,0.0,0.0,0.0
2015-09-29,31.274999618530277,31.733999252319336,30.901500701904297,31.13050079345703,42130000,0.0,0.0,0.0,0.0,0.0,0.0
2015-09-30,31.59149932861328,31.965499877929688,31.457500457763672,31.918500900268555,52954000,0.0,0.0,0.0,0.0,0.0,0.0
2015-10-01,31.89699935913086,32.19200134277344,31.55599975585937,32.099998474121094,42506000,0.0,0.0,0.0,0.0,0.0,0.0
2015-10-02,31.90049934387207,32.849998474121094,31.674999237060547,32.8494987487793,48788000,0.0,0.0,0.0,0.0,0.0,0.0
2015-10-05,33.08000183105469,33.6515007019043,32.79349899291992,33.58399963378906,37960000,0.0,0.0,0.0,0.0,0.0,0.0
2015-10-06,33.467498779296875,33.939998626708984,33.15399932861328,33.582000732421875,42774000,0.0,0.0,0.0,0.0,0.0,0.0
2015-10-07,33.869998931884766,33.9370002746582,32.90549850463867,33.5,44354000,0.0,0.0,0.0,0.0,0.0,0.0
2015-10-08,33.47249984741211,33.59450149536133,32.7244987487793,33.349998474121094,39308000,0.0,0.0,0.0,0.0,0.0,0.0
2015-10-09,33.3745002746582,33.704498291015625,33.11800003051758,33.5620002746582,32124000,0.0,0.0,0.0,0.0,0.0,0.0
2015-10-12,33.45949935913086,33.89899826049805,33.36199951171875,33.82149887084961,26684000,0.0,0.0,0.0,0.0,0.0,0.0
2015-10-13,33.7130012512207,34.42300033569336,33.65549850463867,34.15850067138672,42446000,0.0,0.0,0.0,0.0,0.0,0.0
2015-10-14,34.186500549316406,34.50199890136719,33.94499969482422,34.02050018310547,31292000,0.0,0.0,0.0,0.0,0.0,0.0
2015-10-15,34.26250076293945,34.70800018310547,34.21950149536133,34.6510009765625,47156000,0.0,0.0,0.0,0.0,0.0,0.0
2015-10-16,34.77000045776367,34.81100082397461,34.45500183105469,34.76599884033203,36316000,0.0,0.0,0.0,0.0,0.0,0.0
2015-10-19,34.70000076293945,35.012001037597656,34.61050033569336,34.997501373291016,30172000,0.0,0.0,0.0,0.0,0.0,0.0
2015-10-20,34.894500732421875,34.900001525878906,33.68399810791016,34.0,52434000,0.0,0.0,0.0,0.0,0.0,0.0
2015-10-21,34.160499572753906,34.244998931884766,33.53499984741211,33.59000015258789,31952000,0.0,0.0,0.0,0.0,0.0,0.0
2015-10-22,33.77199935913086,34.40250015258789,33.584999084472656,34.05699920654297,88632000,0.0,0.0,0.0,0.0,0.0,0.0
2015-10-23,37.50299835205078,37.625,35.89699935913086,35.96649932861328,126726000,0.0,0.0,0.0,0.0,0.0,0.0
2015-10-26,36.000999450683594,36.747501373291016,36.000999450683594,36.555999755859375,48776000,0.0,0.0,0.0,0.0,0.0,0.0
2015-10-27,36.32849884033203,36.79800033569336,36.20700073242188,36.64099884033203,38778000,0.0,0.0,0.0,0.0,0.0,0.0
2015-10-28,36.650001525878906,36.868499755859375,36.36349868774414,36.84600067138672,39604000,0.0,0.0,0.0,0.0,0.0,0.0
2015-10-29,36.83150100708008,37.339500427246094,36.757999420166016,37.24250030517578,36520000,0.0,0.0,0.0,0.0,0.0,0.0
2015-10-30,37.27799987792969,37.31549835205078,36.82649993896485,36.86949920654297,39984000,0.0,0.0,0.0,0.0,0.0,0.0
2015-11-02,36.72650146484375,37.40900039672852,36.5724983215332,37.387001037597656,39914000,0.0,0.0,0.0,0.0,0.0,0.0
2015-11-03,37.27149963378906,37.584999084472656,37.05799865722656,37.44100189208984,36306000,0.0,0.0,0.0,0.0,0.0,0.0
2015-11-04,37.494998931884766,37.994998931884766,37.459999084472656,37.76549911499024,41840000,0.0,0.0,0.0,0.0,0.0,0.0
2015-11-05,37.94049835205078,38.317501068115234,37.87350082397461,38.03350067138672,45486000,0.0,0.0,0.0,0.0,0.0,0.0
2015-11-06,37.96950149536133,38.1510009765625,37.75149917602539,38.08000183105469,33544000,0.0,0.0,0.0,0.0,0.0,0.0
2015-11-09,37.92599868774414,38.165000915527344,37.45550155639648,37.73849868774414,35538000,0.0,0.0,0.0,0.0,0.0,0.0
2015-11-10,37.67399978637695,38.02999877929688,37.420501708984375,37.91299819946289,29798000,0.0,0.0,0.0,0.0,0.0,0.0
2015-11-11,38.11899948120117,38.45399856567383,37.98749923706055,38.26250076293945,41866000,0.0,0.0,0.0,0.0,0.0,0.0
2015-11-12,38.00899887084961,38.290000915527344,37.792999267578125,37.82649993896485,35452000,0.0,0.0,0.0,0.0,0.0,0.0
2015-11-13,37.70199966430664,37.76649856567383,36.9734992980957,37.00350189208984,48188000,0.0,0.0,0.0,0.0,0.0,0.0
2015-11-16,37.010501861572266,37.58549880981445,36.71649932861328,37.52099990844727,50704000,0.0,0.0,0.0,0.0,0.0,0.0
2015-11-17,37.62350082397461,37.747501373291016,37.20249938964844,37.29899978637695,38864000,0.0,0.0,0.0,0.0,0.0,0.0
2015-11-18,37.47850036621094,38.05500030517578,37.36949920654297,38.0004997253418,36266000,0.0,0.0,0.0,0.0,0.0,0.0
2015-11-19,37.98899841308594,38.1614990234375,37.86149978637695,37.99700164794922,28078000,0.0,0.0,0.0,0.0,0.0,0.0
2015-11-20,38.46500015258789,38.96599960327149,38.20500183105469,38.84999847412109,55478000,0.0,0.0,0.0,0.0,0.0,0.0
2015-11-23,38.87350082397461,39.14500045776367,38.67549896240234,38.834999084472656,34648000,0.0,0.0,0.0,0.0,0.0,0.0
2015-11-24,38.64799880981445,38.79949951171875,37.90549850463867,38.48149871826172,47880000,0.0,0.0,0.0,0.0,0.0,0.0
2015-11-25,38.58449935913086,38.650001525878906,38.32649993896485,38.4630012512207,23612000,0.0,0.0,0.0,0.0,0.0,0.0
2015-11-27,38.45800018310547,38.70000076293945,38.34999847412109,38.5984992980957,14434000,0.0,0.0,0.0,0.0,0.0,0.0
2015-11-30,38.59349822998047,38.75149917602539,38.055999755859375,38.14250183105469,33586000,0.0,0.0,0.0,0.0,0.0,0.0
2015-12-01,38.34700012207031,39.25,38.29750061035156,39.18949890136719,40398000,0.0,0.0,0.0,0.0,0.0,0.0
2015-12-02,39.26250076293945,39.65250015258789,38.82149887084961,38.89250183105469,46876000,0.0,0.0,0.0,0.0,0.0,0.0
2015-12-03,39.02799987792969,39.2239990234375,38.122501373291016,38.40999984741211,41950000,0.0,0.0,0.0,0.0,0.0,0.0
2015-12-04,38.48550033569336,39.12099838256836,38.2755012512207,38.96049880981445,49800000,0.0,0.0,0.0,0.0,0.0,0.0
2015-12-07,39.00299835205078,39.04999923706055,38.33599853515625,38.64950180053711,36626000,0.0,0.0,0.0,0.0,0.0,0.0
2015-12-08,38.22499847412109,38.932498931884766,38.1259994506836,38.75699996948242,31082000,0.0,0.0,0.0,0.0,0.0,0.0
2015-12-09,38.55500030517578,38.804500579833984,37.60049819946289,38.12749862670898,46550000,0.0,0.0,0.0,0.0,0.0,0.0
2015-12-10,38.179500579833984,38.30350112915039,37.75,38.00199890136719,32458000,0.0,0.0,0.0,0.0,0.0,0.0
2015-12-11,37.45000076293945,37.87200164794922,37.432498931884766,37.52099990844727,43184000,0.0,0.0,0.0,0.0,0.0,0.0
2015-12-14,37.5629997253418,38.20750045776367,36.8129997253418,38.12699890136719,53864000,0.0,0.0,0.0,0.0,0.0,0.0
2015-12-15,38.38949966430664,38.73749923706055,37.900001525878906,38.00450134277344,49386000,0.0,0.0,0.0,0.0,0.0,0.0
2015-12-16,38.32849884033203,39.07500076293945,37.852500915527344,38.829498291015625,53120000,0.0,0.0,0.0,0.0,0.0,0.0
2015-12-17,39.05799865722656,39.079498291015625,38.46500015258789,38.49150085449219,36510000,0.0,0.0,0.0,0.0,0.0,0.0
2015-12-18,38.36149978637695,38.70700073242188,37.829498291015625,37.84249877929688,67794000,0.0,0.0,0.0,0.0,0.0,0.0
2015-12-21,38.15250015258789,38.317501068115234,37.70750045776367,38.040000915527344,34848000,0.0,0.0,0.0,0.0,0.0,0.0
2015-12-22,38.2135009765625,38.516998291015625,38.060001373291016,38.35649871826172,36338000,0.0,0.0,0.0,0.0,0.0,0.0
2015-12-23,38.53450012207031,38.595001220703125,37.88249969482422,38.42549896240234,30594000,0.0,0.0,0.0,0.0,0.0,0.0
2015-12-24,38.42599868774414,38.459999084472656,38.21950149536133,38.29199981689453,10412000,0.0,0.0,0.0,0.0,0.0,0.0
2015-12-28,38.5,39.14099884033203,38.38650131225586,39.11199951171875,31156000,0.0,0.0,0.0,0.0,0.0,0.0
2015-12-29,39.3494987487793,39.93450164794922,39.310001373291016,39.698001861572266,38430000,0.0,0.0,0.0,0.0,0.0,0.0
2015-12-30,39.698001861572266,39.823001861572266,39.36000061035156,39.51499938964844,28566000,0.0,0.0,0.0,0.0,0.0,0.0
2015-12-31,39.39099884033203,39.416500091552734,38.86600112915039,38.9005012512207,32752000,0.0,0.0,0.0,0.0,0.0,0.0
2016-01-04,38.11000061035156,38.11000061035156,37.37699890136719,37.97200012207031,67382000,0.0,0.0,0.0,0.0,0.0,0.0
2016-01-05,38.20500183105469,38.459999084472656,37.782501220703125,38.07649993896485,45216000,0.0,0.0,0.0,0.0,0.0,0.0
2016-01-06,37.51850128173828,38.2864990234375,37.400001525878906,37.96649932861328,48206000,0.0,0.0,0.0,0.0,0.0,0.0
2016-01-07,37.324501037597656,37.76549911499024,36.76399993896485,37.04999923706055,63132000,0.0,0.0,0.0,0.0,0.0,0.0
2016-01-08,37.38999938964844,37.50600051879883,36.44599914550781,36.545501708984375,47506000,0.0,0.0,0.0,0.0,0.0,0.0
2016-01-11,36.59749984741211,36.75400161743164,35.97800064086914,36.65349960327149,50896000,0.0,0.0,0.0,0.0,0.0,0.0
2016-01-12,37.03749847412109,37.41699981689453,36.82149887084961,37.266998291015625,46816000,0.0,0.0,0.0,0.0,0.0,0.0
2016-01-13,37.46699905395508,37.650001525878906,35.8390007019043,35.97850036621094,51728000,0.0,0.0,0.0,0.0,0.0,0.0
2016-01-14,36.22200012207031,36.99449920654297,35.25,36.56949996948242,55558000,0.0,0.0,0.0,0.0,0.0,0.0
2016-01-15,35.4995002746582,36.20800018310547,35.07550048828125,35.52450180053711,76676000,0.0,0.0,0.0,0.0,0.0,0.0
2016-01-19,36.00749969482422,36.26750183105469,35.49250030517578,35.95399856567383,48724000,0.0,0.0,0.0,0.0,0.0,0.0
2016-01-20,35.29499816894531,36.34749984741211,34.388999938964844,35.928001403808594,82440000,0.0,0.0,0.0,0.0,0.0,0.0
2016-01-21,36.00849914550781,36.88349914550781,35.55550003051758,36.33349990844727,51938000,0.0,0.0,0.0,0.0,0.0,0.0
2016-01-22,37.09999847412109,37.428001403808594,37.025001525878906,37.27299880981445,47146000,0.0,0.0,0.0,0.0,0.0,0.0
2016-01-25,37.19200134277344,37.62300109863281,36.625,36.680999755859375,45340000,0.0,0.0,0.0,0.0,0.0,0.0
2016-01-26,36.760501861572266,36.97299957275391,36.3484992980957,36.68949890136719,30940000,0.0,0.0,0.0,0.0,0.0,0.0
2016-01-27,36.79449844360352,36.79449844360352,35.67250061035156,35.87900161743164,42428000,0.0,0.0,0.0,0.0,0.0,0.0
2016-01-28,36.90950012207031,37.55799865722656,36.52999877929688,37.415000915527344,62104000,0.0,0.0,0.0,0.0,0.0,0.0
2016-01-29,37.448001861572266,38.25550079345703,37.209999084472656,38.067501068115234,75808000,0.0,0.0,0.0,0.0,0.0,0.0
2016-02-01,38.5629997253418,38.87950134277344,38.06900024414063,38.53850173950195,111522000,0.0,0.0,0.0,0.0,0.0,0.0
2016-02-02,40.025001525878906,40.51750183105469,39.02999877929688,39.045501708984375,135846000,0.0,0.0,0.0,0.0,0.0,0.0
2016-02-03,39.31399917602539,39.57149887084961,36.8129997253418,37.46900177001953,131114000,0.0,0.0,0.0,0.0,0.0,0.0
2016-02-04,37.22949981689453,37.262001037597656,36.130001068115234,36.50149917602539,104922000,0.0,0.0,0.0,0.0,0.0,0.0
2016-02-05,36.275001525878906,36.33599853515625,35.00699996948242,35.1879997253418,109556000,0.0,0.0,0.0,0.0,0.0,0.0
2016-02-08,34.38399887084961,35.22600173950195,34.10049819946289,35.20800018310547,89410000,0.0,0.0,0.0,0.0,0.0,0.0
2016-02-09,34.647499084472656,36.04800033569336,34.42499923706055,35.05099868774414,84300000,0.0,0.0,0.0,0.0,0.0,0.0
2016-02-10,35.589500427246094,36.1609992980957,35.269500732421875,35.342498779296875,60314000,0.0,0.0,0.0,0.0,0.0,0.0
2016-02-11,34.81700134277344,35.61600112915039,34.55950164794922,35.31800079345703,65004000,0.0,0.0,0.0,0.0,0.0,0.0
2016-02-12,35.61050033569336,35.79999923706055,35.07899856567383,35.34450149536133,46538000,0.0,0.0,0.0,0.0,0.0,0.0
2016-02-16,35.932498931884766,36.14400100708008,35.50899887084961,35.88199996948242,43444000,0.0,0.0,0.0,0.0,0.0,0.0
2016-02-17,36.34999847412109,36.6879997253418,35.830501556396484,36.5984992980957,49154000,0.0,0.0,0.0,0.0,0.0,0.0
2016-02-18,36.698001861572266,36.79999923706055,35.77750015258789,35.8754997253418,47276000,0.0,0.0,0.0,0.0,0.0,0.0
2016-02-19,35.79499816894531,36.20149993896485,35.65599822998047,36.105499267578125,34918000,0.0,0.0,0.0,0.0,0.0,0.0
2016-02-22,36.47549819946289,36.74250030517578,36.17250061035156,36.45249938964844,37516000,0.0,0.0,0.0,0.0,0.0,0.0
2016-02-23,36.30500030517578,36.54499816894531,35.78350067138672,35.864498138427734,41332000,0.0,0.0,0.0,0.0,0.0,0.0
2016-02-24,35.53049850463867,36.06100082397461,35.10100173950195,36.04499816894531,37092000,0.0,0.0,0.0,0.0,0.0,0.0
2016-02-25,36.14649963378906,36.47549819946289,35.6614990234375,36.45600128173828,36146000,0.0,0.0,0.0,0.0,0.0,0.0
2016-02-26,36.68000030517578,36.80799865722656,36.09700012207031,36.24300003051758,42474000,0.0,0.0,0.0,0.0,0.0,0.0
2016-02-29,36.04999923706055,36.52999877929688,35.84199905395508,35.86100006103516,45068000,0.0,0.0,0.0,0.0,0.0,0.0
2016-03-01,36.06499862670898,37.11650085449219,35.93199920654297,37.10850143432617,60112000,0.0,0.0,0.0,0.0,0.0,0.0
2016-03-02,37.14350128173828,37.15599822998047,36.66249847412109,36.9739990234375,36292000,0.0,0.0,0.0,0.0,0.0,0.0
2016-03-03,36.9739990234375,37.04999923706055,36.48149871826172,36.579498291015625,40534000,0.0,0.0,0.0,0.0,0.0,0.0
2016-03-04,36.7400016784668,36.75,36.28099822998047,36.51100158691406,48516000,0.0,0.0,0.0,0.0,0.0,0.0
2016-03-07,36.25749969482422,36.36050033569336,35.25699996948242,35.63999938964844,61690000,0.0,0.0,0.0,0.0,0.0,0.0
2016-03-08,35.41949844360352,36.11249923706055,35.20000076293945,35.67649841308594,52530000,0.0,0.0,0.0,0.0,0.0,0.0
2016-03-09,35.75849914550781,36.3120002746582,35.632999420166016,36.27050018310547,39544000,0.0,0.0,0.0,0.0,0.0,0.0
2016-03-10,36.38949966430664,36.82699966430664,36.16450119018555,36.60850143432617,44616000,0.0,0.0,0.0,0.0,0.0,0.0
2016-03-11,36.997501373291016,37.244998931884766,36.834999084472656,37.243499755859375,35380000,0.0,0.0,0.0,0.0,0.0,0.0
2016-03-14,37.24850082397461,37.7130012512207,37.18299865722656,37.512001037597656,32824000,0.0,0.0,0.0,0.0,0.0,0.0
2016-03-15,37.30099868774414,37.6505012512207,37.141998291015625,37.52849960327149,29832000,0.0,0.0,0.0,0.0,0.0,0.0
2016-03-16,37.45249938964844,37.95000076293945,37.32500076293945,37.86800003051758,29306000,0.0,0.0,0.0,0.0,0.0,0.0
2016-03-17,37.88249969482422,38.266998291015625,37.86800003051758,37.92399978637695,44564000,0.0,0.0,0.0,0.0,0.0,0.0
2016-03-18,38.08150100708008,38.10699844360352,37.59099960327149,37.77050018310547,56222000,0.0,0.0,0.0,0.0,0.0,0.0
2016-03-21,37.695499420166016,38.16699981689453,37.5634994506836,38.108001708984375,28774000,0.0,0.0,0.0,0.0,0.0,0.0
2016-03-22,37.922000885009766,38.25,37.89400100708008,38.00249862670898,22096000,0.0,0.0,0.0,0.0,0.0,0.0
2016-03-23,38.16749954223633,38.26950073242188,37.80149841308594,37.87799835205078,24678000,0.0,0.0,0.0,0.0,0.0,0.0
2016-03-24,37.560001373291016,37.87799835205078,37.525001525878906,37.742000579833984,31116000,0.0,0.0,0.0,0.0,0.0,0.0
2016-03-28,37.80849838256836,37.915000915527344,37.60200119018555,37.66400146484375,21676000,0.0,0.0,0.0,0.0,0.0,0.0
2016-03-29,37.68399810791016,38.35900115966797,37.41450119018555,38.29449844360352,40062000,0.0,0.0,0.0,0.0,0.0,0.0
2016-03-30,38.41049957275391,38.865501403808594,38.37900161743164,38.41699981689453,40396000,0.0,0.0,0.0,0.0,0.0,0.0
2016-03-31,38.41699981689453,38.45399856567383,37.91249847412109,38.14500045776367,32554000,0.0,0.0,0.0,0.0,0.0,0.0
2016-04-01,37.858001708984375,38.50199890136719,37.7599983215332,38.48350143432617,31674000,0.0,0.0,0.0,0.0,0.0,0.0
2016-04-04,38.47549819946289,38.62200164794922,38.089500427246094,38.25600051879883,26924000,0.0,0.0,0.0,0.0,0.0,0.0
2016-04-05,37.90650177001953,38.14350128173828,37.77999877929688,37.92850112915039,24478000,0.0,0.0,0.0,0.0,0.0,0.0
2016-04-06,37.891998291015625,38.42100143432617,37.81499862670898,38.40349960327149,25312000,0.0,0.0,0.0,0.0,0.0,0.0
2016-04-07,38.26599884033203,38.46799850463867,37.875,38.00600051879883,25498000,0.0,0.0,0.0,0.0,0.0,0.0
2016-04-08,38.29349899291992,38.35649871826172,37.78850173950195,37.9734992980957,23434000,0.0,0.0,0.0,0.0,0.0,0.0
2016-04-11,38.272499084472656,38.36100006103516,37.867000579833984,37.87699890136719,31774000,0.0,0.0,0.0,0.0,0.0,0.0
2016-04-12,37.92150115966797,38.24599838256836,37.57849884033203,38.21599960327149,27388000,0.0,0.0,0.0,0.0,0.0,0.0
2016-04-13,38.51549911499024,38.78749847412109,38.22949981689453,38.59550094604492,35426000,0.0,0.0,0.0,0.0,0.0,0.0
2016-04-14,38.76800155639648,38.980499267578125,38.6609992980957,38.76950073242188,26992000,0.0,0.0,0.0,0.0,0.0,0.0
2016-04-15,38.775001525878906,39.04650115966797,38.74649810791016,39.0,31712000,0.0,0.0,0.0,0.0,0.0,0.0
2016-04-18,39.009498596191406,39.4275016784668,38.88050079345703,39.38399887084961,33540000,0.0,0.0,0.0,0.0,0.0,0.0
2016-04-19,39.525001525878906,39.54750061035156,38.51350021362305,38.8125,43952000,0.0,0.0,0.0,0.0,0.0,0.0
2016-04-20,38.95800018310547,38.983001708984375,38.5634994506836,38.74599838256836,34262000,0.0,0.0,0.0,0.0,0.0,0.0
2016-04-21,38.865501403808594,39.08399963378906,38.57749938964844,39.0,77628000,0.0,0.0,0.0,0.0,0.0,0.0
2016-04-22,37.195499420166016,37.69599914550781,36.51850128173828,36.88850021362305,140798000,0.0,0.0,0.0,0.0,0.0,0.0
2016-04-25,36.76750183105469,37.24399948120117,36.755001068115234,37.11050033569336,49442000,0.0,0.0,0.0,0.0,0.0,0.0
2016-04-26,37.22100067138672,37.27949905395508,36.01599884033203,36.26850128173828,55864000,0.0,0.0,0.0,0.0,0.0,0.0
2016-04-27,36.26599884033203,36.35749816894531,35.45399856567383,36.073001861572266,66262000,0.0,0.0,0.0,0.0,0.0,0.0
2016-04-28,36.16450119018555,36.4630012512207,35.15999984741211,35.25299835205078,62590000,0.0,0.0,0.0,0.0,0.0,0.0
2016-04-29,35.20600128173828,35.605499267578125,35.18899917602539,35.39400100708008,58278000,0.0,0.0,0.0,0.0,0.0,0.0
2016-05-02,35.59600067138672,35.77050018310547,35.31800079345703,35.72050094604492,33476000,0.0,0.0,0.0,0.0,0.0,0.0
2016-05-03,35.625,35.66849899291992,35.36650085449219,35.422000885009766,38620000,0.0,0.0,0.0,0.0,0.0,0.0
2016-05-04,35.3385009765625,35.752498626708984,35.20249938964844,35.56850051879883,34172000,0.0,0.0,0.0,0.0,0.0,0.0
2016-05-05,35.75,35.877498626708984,35.47249984741211,35.73550033569336,29668000,0.0,0.0,0.0,0.0,0.0,0.0
2016-05-06,35.61000061035156,36.29949951171875,35.59749984741211,36.25899887084961,39952000,0.0,0.0,0.0,0.0,0.0,0.0
2016-05-09,36.334999084472656,36.714500427246094,36.17499923706055,36.45650100708008,38074000,0.0,0.0,0.0,0.0,0.0,0.0
2016-05-10,36.74800109863281,37.0,36.58050155639648,36.96900177001953,32634000,0.0,0.0,0.0,0.0,0.0,0.0
2016-05-11,37.0260009765625,37.040000915527344,36.39500045776367,36.52750015258789,29834000,0.0,0.0,0.0,0.0,0.0,0.0
2016-05-12,36.59999847412109,36.76850128173828,36.2135009765625,36.40349960327149,27094000,0.0,0.0,0.0,0.0,0.0,0.0
2016-05-13,36.33100128173828,36.56449890136719,36.17549896240234,36.24150085449219,25244000,0.0,0.0,0.0,0.0,0.0,0.0
2016-05-16,36.21599960327149,36.63399887084961,36.0,36.51499938964844,22538000,0.0,0.0,0.0,0.0,0.0,0.0
2016-05-17,36.553001403808594,36.79249954223633,35.900001525878906,36.009498596191406,33404000,0.0,0.0,0.0,0.0,0.0,0.0
2016-05-18,35.92499923706055,36.27849960327149,35.750999450683594,36.0890007019043,32536000,0.0,0.0,0.0,0.0,0.0,0.0
2016-05-19,35.915000915527344,36.025001525878906,35.515499114990234,35.765499114990234,30598000,0.0,0.0,0.0,0.0,0.0,0.0
2016-05-20,35.823001861572266,36.3849983215332,35.7504997253418,36.08549880981445,34798000,0.0,0.0,0.0,0.0,0.0,0.0
2016-05-23,35.999000549316406,36.17499923706055,35.84700012207031,35.86249923706055,24816000,0.0,0.0,0.0,0.0,0.0,0.0
2016-05-24,35.99250030517578,36.709999084472656,35.98249816894531,36.6515007019043,37884000,0.0,0.0,0.0,0.0,0.0,0.0
2016-05-25,36.75,36.99449920654297,36.630001068115234,36.90499877929688,32216000,0.0,0.0,0.0,0.0,0.0,0.0
2016-05-26,36.79999923706055,37.05500030517578,36.650001525878906,36.84650039672852,27202000,0.0,0.0,0.0,0.0,0.0,0.0
2016-05-27,36.8754997253418,37.39550018310547,36.85049819946289,37.380001068115234,34802000,0.0,0.0,0.0,0.0,0.0,0.0
2016-05-31,37.4379997253418,37.67399978637695,37.27849960327149,37.442501068115234,42484000,0.0,0.0,0.0,0.0,0.0,0.0
2016-06-01,37.42350006103516,37.56850051879883,37.21699905395508,37.42300033569336,20788000,0.0,0.0,0.0,0.0,0.0,0.0
2016-06-02,37.30500030517578,37.3650016784668,36.84999847412109,37.2135009765625,33916000,0.0,0.0,0.0,0.0,0.0,0.0
2016-06-03,37.074501037597656,37.074501037597656,36.695499420166016,36.792999267578125,24608000,0.0,0.0,0.0,0.0,0.0,0.0
2016-06-06,36.92499923706055,36.92499923706055,36.41450119018555,36.50299835205078,29992000,0.0,0.0,0.0,0.0,0.0,0.0
2016-06-07,36.66350173950195,36.83549880981445,36.540000915527344,36.554500579833984,24314000,0.0,0.0,0.0,0.0,0.0,0.0
2016-06-08,36.97499847412109,37.19049835205078,36.78850173950195,37.14649963378906,32314000,0.0,0.0,0.0,0.0,0.0,0.0
2016-06-09,36.85350036621094,37.19649887084961,36.82500076293945,37.1259994506836,19180000,0.0,0.0,0.0,0.0,0.0,0.0
2016-06-10,36.79750061035156,36.98199844360352,36.5255012512207,36.65950012207031,29050000,0.0,0.0,0.0,0.0,0.0,0.0
2016-06-13,36.49100112915039,36.95000076293945,36.49100112915039,36.59400177001953,23354000,0.0,0.0,0.0,0.0,0.0,0.0
2016-06-14,36.46549987792969,36.79999923706055,36.32500076293945,36.66249847412109,26584000,0.0,0.0,0.0,0.0,0.0,0.0
2016-06-15,36.74599838256836,36.85749816894531,36.56549835205078,36.609500885009766,23234000,0.0,0.0,0.0,0.0,0.0,0.0
2016-06-16,36.39799880981445,36.51950073242188,35.777000427246094,36.212501525878906,45002000,0.0,0.0,0.0,0.0,0.0,0.0
2016-06-17,36.06949996948242,36.06949996948242,35.055999755859375,35.212501525878906,82262000,0.0,0.0,0.0,0.0,0.0,0.0
2016-06-20,35.515499114990234,35.79349899291992,35.27050018310547,35.30649948120117,45654000,0.0,0.0,0.0,0.0,0.0,0.0
2016-06-21,35.502498626708984,35.76900100708008,35.233001708984375,35.444000244140625,30318000,0.0,0.0,0.0,0.0,0.0,0.0
2016-06-22,35.70249938964844,35.71049880981445,35.29399871826172,35.52349853515625,29058000,0.0,0.0,0.0,0.0,0.0,0.0
2016-06-23,35.52750015258789,35.74399948120117,35.01250076293945,35.743499755859375,42500000,0.0,0.0,0.0,0.0,0.0,0.0
2016-06-24,34.50849914550781,35.25,34.24549865722656,34.2599983215332,95436000,0.0,0.0,0.0,0.0,0.0,0.0
2016-06-27,34.1245002746582,34.166500091552734,33.632999420166016,34.05699920654297,58146000,0.0,0.0,0.0,0.0,0.0,0.0
2016-06-28,34.56850051879883,34.637001037597656,34.24250030517578,34.5629997253418,38246000,0.0,0.0,0.0,0.0,0.0,0.0
2016-06-29,34.7130012512207,34.974998474121094,34.63399887084961,34.759498596191406,43124000,0.0,0.0,0.0,0.0,0.0,0.0
2016-06-30,34.88249969482422,35.188499450683594,34.744998931884766,35.17649841308594,42250000,0.0,0.0,0.0,0.0,0.0,0.0
2016-07-01,35.255001068115234,35.62649917602539,35.186500549316406,35.51250076293945,30984000,0.0,0.0,0.0,0.0,0.0,0.0
2016-07-05,35.2504997253418,35.40599822998047,34.95650100708008,35.24449920654297,28440000,0.0,0.0,0.0,0.0,0.0,0.0
2016-07-06,34.992000579833984,35.650001525878906,34.95000076293945,35.44850158691406,28902000,0.0,0.0,0.0,0.0,0.0,0.0
2016-07-07,35.50550079345703,35.50849914550781,35.03350067138672,35.362998962402344,21174000,0.0,0.0,0.0,0.0,0.0,0.0
2016-07-08,35.52799987792969,35.89500045776367,35.40549850463867,35.888999938964844,29946000,0.0,0.0,0.0,0.0,0.0,0.0
2016-07-11,35.97100067138672,36.44649887084961,35.94350051879883,36.36000061035156,28822000,0.0,0.0,0.0,0.0,0.0,0.0
2016-07-12,36.59600067138672,36.77999877929688,36.375,36.6254997253418,26468000,0.0,0.0,0.0,0.0,0.0,0.0
2016-07-13,36.7760009765625,36.7760009765625,36.45100021362305,36.4739990234375,20436000,0.0,0.0,0.0,0.0,0.0,0.0
2016-07-14,36.696998596191406,36.80699920654297,36.52949905395508,36.790000915527344,21408000,0.0,0.0,0.0,0.0,0.0,0.0
2016-07-15,37.04999923706055,37.04999923706055,36.73199844360352,36.78150177001953,32342000,0.0,0.0,0.0,0.0,0.0,0.0
2016-07-18,36.89550018310547,37.75699996948242,36.82550048828125,37.65999984741211,38698000,0.0,0.0,0.0,0.0,0.0,0.0
2016-07-19,37.493499755859375,37.829498291015625,37.42449951171875,37.670501708984375,30436000,0.0,0.0,0.0,0.0,0.0,0.0
2016-07-20,37.70249938964844,38.03200149536133,37.70249938964844,37.854000091552734,22502000,0.0,0.0,0.0,0.0,0.0,0.0
2016-07-21,37.84999847412109,37.907501220703125,37.57600021362305,37.72050094604492,19062000,0.0,0.0,0.0,0.0,0.0,0.0
2016-07-22,37.86600112915039,37.97249984741211,37.632999420166016,37.9640007019043,20920000,0.0,0.0,0.0,0.0,0.0,0.0
2016-07-25,37.88399887084961,37.99100112915039,37.70349884033203,37.8759994506836,21466000,0.0,0.0,0.0,0.0,0.0,0.0
2016-07-26,37.8759994506836,37.9630012512207,37.63750076293945,37.88249969482422,23792000,0.0,0.0,0.0,0.0,0.0,0.0
2016-07-27,37.94850158691406,38.22249984741211,37.79650115966797,38.0984992980957,32172000,0.0,0.0,0.0,0.0,0.0,0.0
2016-07-28,38.44200134277344,38.44850158691406,37.954498291015625,38.29199981689453,73464000,0.0,0.0,0.0,0.0,0.0,0.0
2016-07-29,39.885501861572266,40.196998596191406,39.5,39.56700134277344,101810000,0.0,0.0,0.0,0.0,0.0,0.0
2016-08-01,39.33349990844727,40.3745002746582,39.25199890136719,40.047000885009766,60594000,0.0,0.0,0.0,0.0,0.0,0.0
2016-08-02,39.86650085449219,40.11600112915039,39.72650146484375,40.00600051879883,39928000,0.0,0.0,0.0,0.0,0.0,0.0
2016-08-03,39.82350158691406,39.97700119018555,39.6510009765625,39.94599914550781,29206000,0.0,0.0,0.0,0.0,0.0,0.0
2016-08-04,39.9119987487793,40.0099983215332,39.69599914550781,39.86249923706055,21520000,0.0,0.0,0.0,0.0,0.0,0.0
2016-08-05,40.00550079345703,40.36100006103516,39.89049911499024,40.34650039672852,36146000,0.0,0.0,0.0,0.0,0.0,0.0
2016-08-08,40.29999923706055,40.380001068115234,40.08449935913086,40.26150131225586,24426000,0.0,0.0,0.0,0.0,0.0,0.0
2016-08-09,40.2244987487793,40.666500091552734,40.20299911499024,40.374000549316406,32154000,0.0,0.0,0.0,0.0,0.0,0.0
2016-08-10,40.352500915527344,40.54399871826172,40.324501037597656,40.42449951171875,18370000,0.0,0.0,0.0,0.0,0.0,0.0
2016-08-11,40.52349853515625,40.69400024414063,40.29999923706055,40.40999984741211,25646000,0.0,0.0,0.0,0.0,0.0,0.0
2016-08-12,40.25450134277344,40.359500885009766,40.18199920654297,40.352500915527344,17946000,0.0,0.0,0.0,0.0,0.0,0.0
2016-08-15,40.36050033569336,40.56800079345703,40.20149993896485,40.29800033569336,18596000,0.0,0.0,0.0,0.0,0.0,0.0
2016-08-16,40.17499923706055,40.2130012512207,39.84999847412109,40.05950164794922,21158000,0.0,0.0,0.0,0.0,0.0,0.0
2016-08-17,40.0,40.28150177001953,39.81499862670898,40.27099990844727,21322000,0.0,0.0,0.0,0.0,0.0,0.0
2016-08-18,40.26800155639648,40.400001525878906,40.08150100708008,40.13750076293945,17292000,0.0,0.0,0.0,0.0,0.0,0.0
2016-08-19,39.98949813842773,40.061500549316406,39.84400177001953,39.98249816894531,22416000,0.0,0.0,0.0,0.0,0.0,0.0
2016-08-22,39.92549896240234,39.96500015258789,39.71649932861328,39.84749984741211,17056000,0.0,0.0,0.0,0.0,0.0,0.0
2016-08-23,40.02399826049805,40.04999923706055,39.79949951171875,39.829498291015625,18350000,0.0,0.0,0.0,0.0,0.0,0.0
2016-08-24,39.84299850463867,39.92300033569336,39.53799819946289,39.68000030517578,25672000,0.0,0.0,0.0,0.0,0.0,0.0
2016-08-25,39.59999847412109,39.73600006103516,39.36149978637695,39.56499862670898,24054000,0.0,0.0,0.0,0.0,0.0,0.0
2016-08-26,39.6245002746582,39.970001220703125,39.47050094604492,39.6609992980957,24978000,0.0,0.0,0.0,0.0,0.0,0.0
2016-08-29,39.65250015258789,39.92599868774414,39.51599884033203,39.79100036621094,15474000,0.0,0.0,0.0,0.0,0.0,0.0
2016-08-30,39.64400100708008,39.900001525878906,39.4734992980957,39.59600067138672,23348000,0.0,0.0,0.0,0.0,0.0,0.0
2016-08-31,39.47999954223633,39.57849884033203,39.36000061035156,39.49250030517578,21428000,0.0,0.0,0.0,0.0,0.0,0.0
2016-09-01,39.5989990234375,39.64450073242188,39.31650161743164,39.56999969482422,26070000,0.0,0.0,0.0,0.0,0.0,0.0
2016-09-02,39.76350021362305,39.85499954223633,39.66299819946289,39.84349822998047,26998000,0.0,0.0,0.0,0.0,0.0,0.0
2016-09-06,39.91949844360352,40.54449844360352,39.77149963378906,40.4010009765625,39790000,0.0,0.0,0.0,0.0,0.0,0.0
2016-09-07,40.39649963378906,40.52999877929688,40.18600082397461,40.39950180053711,22906000,0.0,0.0,0.0,0.0,0.0,0.0
2016-09-08,40.26100158691406,40.42100143432617,40.05049896240234,40.141998291015625,23554000,0.0,0.0,0.0,0.0,0.0,0.0
2016-09-09,39.9384994506836,40.087501525878906,39.40250015258789,39.42399978637695,37752000,0.0,0.0,0.0,0.0,0.0,0.0
2016-09-12,39.22600173950195,40.00849914550781,39.17499923706055,39.94100189208984,37274000,0.0,0.0,0.0,0.0,0.0,0.0
2016-09-13,39.70050048828125,39.78950119018555,39.21649932861328,39.43600082397461,36180000,0.0,0.0,0.0,0.0,0.0,0.0
2016-09-14,39.37649917602539,39.81650161743164,39.37649917602539,39.52299880981445,25842000,0.0,0.0,0.0,0.0,0.0,0.0
2016-09-15,39.5004997253418,40.182498931884766,39.43299865722656,40.061500549316406,31144000,0.0,0.0,0.0,0.0,0.0,0.0
2016-09-16,39.95100021362305,39.95100021362305,39.680999755859375,39.89849853515625,42612000,0.0,0.0,0.0,0.0,0.0,0.0
2016-09-19,40.05550003051758,40.199501037597656,39.678001403808594,39.76950073242188,22990000,0.0,0.0,0.0,0.0,0.0,0.0
2016-09-20,40.0,40.13750076293945,39.91299819946289,39.98899841308594,20984000,0.0,0.0,0.0,0.0,0.0,0.0
2016-09-21,40.0629997253418,40.295501708984375,39.80149841308594,40.25149917602539,26970000,0.0,0.0,0.0,0.0,0.0,0.0
2016-09-22,40.5,40.95299911499024,40.385501861572266,40.79750061035156,35186000,0.0,0.0,0.0,0.0,0.0,0.0
2016-09-23,40.75699996948242,40.84999847412109,40.63650131225586,40.74800109863281,28234000,0.0,0.0,0.0,0.0,0.0,0.0
2016-09-26,40.49100112915039,40.50400161743164,40.022499084472656,40.13249969482422,29454000,0.0,0.0,0.0,0.0,0.0,0.0
2016-09-27,40.09149932861328,40.67449951171875,40.09149932861328,40.5364990234375,27346000,0.0,0.0,0.0,0.0,0.0,0.0
2016-09-28,40.20399856567383,40.51250076293945,40.13899993896485,40.50299835205078,29406000,0.0,0.0,0.0,0.0,0.0,0.0
2016-09-29,40.36149978637695,40.695499420166016,40.042999267578125,40.13199996948242,27000000,0.0,0.0,0.0,0.0,0.0,0.0
2016-09-30,40.18000030517578,40.40449905395508,40.07500076293945,40.20299911499024,33204000,0.0,0.0,0.0,0.0,0.0,0.0
2016-10-03,40.12749862670898,40.17699813842773,39.811500549316406,40.01900100708008,29784000,0.0,0.0,0.0,0.0,0.0,0.0
2016-10-04,40.25,40.32500076293945,39.98350143432617,40.13949966430664,25174000,0.0,0.0,0.0,0.0,0.0,0.0
2016-10-05,40.29999923706055,40.42499923706055,40.03549957275391,40.061500549316406,24276000,0.0,0.0,0.0,0.0,0.0,0.0
2016-10-06,40.20399856567383,40.34749984741211,40.0255012512207,40.15399932861328,21998000,0.0,0.0,0.0,0.0,0.0,0.0
2016-10-07,40.29650115966797,40.297000885009766,39.84099960327149,40.03549957275391,23262000,0.0,0.0,0.0,0.0,0.0,0.0
2016-10-10,40.19649887084961,40.86899948120117,40.11199951171875,40.70849990844727,29922000,0.0,0.0,0.0,0.0,0.0,0.0
2016-10-11,40.70849990844727,40.99300003051758,40.368499755859375,40.47850036621094,34432000,0.0,0.0,0.0,0.0,0.0,0.0
2016-10-12,40.59799957275391,40.72499847412109,40.4275016784668,40.5885009765625,18158000,0.0,0.0,0.0,0.0,0.0,0.0
2016-10-13,40.30350112915039,40.32799911499024,39.930999755859375,40.20399856567383,27380000,0.0,0.0,0.0,0.0,0.0,0.0
2016-10-14,40.372501373291016,40.50450134277344,40.11600112915039,40.22999954223633,22238000,0.0,0.0,0.0,0.0,0.0,0.0
2016-10-17,40.29949951171875,40.67449951171875,40.19150161743164,40.34199905395508,21128000,0.0,0.0,0.0,0.0,0.0,0.0
2016-10-18,40.71049880981445,41.44049835205078,40.666500091552734,41.074501037597656,45786000,0.0,0.0,0.0,0.0,0.0,0.0
2016-10-19,41.14400100708008,41.4900016784668,41.14400100708008,41.34199905395508,30002000,0.0,0.0,0.0,0.0,0.0,0.0
2016-10-20,41.37799835205078,41.42350006103516,41.02750015258789,41.08150100708008,27878000,0.0,0.0,0.0,0.0,0.0,0.0
2016-10-21,41.0,41.214500427246094,40.91550064086914,41.20299911499024,32316000,0.0,0.0,0.0,0.0,0.0,0.0
2016-10-24,41.50450134277344,41.89699935913086,41.45199966430664,41.7869987487793,28952000,0.0,0.0,0.0,0.0,0.0,0.0
2016-10-25,41.92499923706055,41.92499923706055,41.26499938964844,41.4275016784668,37814000,0.0,0.0,0.0,0.0,0.0,0.0
2016-10-26,41.35599899291992,41.385501861572266,40.817501068115234,41.10499954223633,35898000,0.0,0.0,0.0,0.0,0.0,0.0
2016-10-27,41.1505012512207,41.32899856567383,40.730499267578125,40.86750030517578,59470000,0.0,0.0,0.0,0.0,0.0,0.0
2016-10-28,41.49700164794922,41.95000076293945,40.84999847412109,40.97800064086914,87098000,0.0,0.0,0.0,0.0,0.0,0.0
2016-10-31,41.12149810791016,41.13150024414063,40.400001525878906,40.494998931884766,44854000,0.0,0.0,0.0,0.0,0.0,0.0
2016-11-01,40.54349899291992,40.698001861572266,39.91299819946289,40.27399826049805,47118000,0.0,0.0,0.0,0.0,0.0,0.0
2016-11-02,40.3380012512207,40.3380012512207,39.25,39.42100143432617,47014000,0.0,0.0,0.0,0.0,0.0,0.0
2016-11-03,39.22499847412109,39.5,38.93149948120117,39.109500885009766,43504000,0.0,0.0,0.0,0.0,0.0,0.0
2016-11-04,38.56499862670898,39.42399978637695,38.54999923706055,39.05500030517578,39412000,0.0,0.0,0.0,0.0,0.0,0.0
2016-11-07,39.747501373291016,40.25,39.64500045776367,40.10150146484375,39852000,0.0,0.0,0.0,0.0,0.0,0.0
2016-11-08,40.10150146484375,40.80199813842773,39.98099899291992,40.5989990234375,35382000,0.0,0.0,0.0,0.0,0.0,0.0
2016-11-09,40.09149932861328,40.58549880981445,39.60200119018555,40.27949905395508,61970000,0.0,0.0,0.0,0.0,0.0,0.0
2016-11-10,40.5,40.50299835205078,38.4114990234375,39.01449966430664,118192000,0.0,0.0,0.0,0.0,0.0,0.0
2016-11-11,38.84049987792969,38.86449813842773,38.277000427246094,38.587501525878906,71852000,0.0,0.0,0.0,0.0,0.0,0.0
2016-11-14,38.5880012512207,38.5890007019043,37.179500579833984,37.6609992980957,73766000,0.0,0.0,0.0,0.0,0.0,0.0
2016-11-15,38.27349853515625,39.012001037597656,38.26100158691406,38.757999420166016,58878000,0.0,0.0,0.0,0.0,0.0,0.0
2016-11-16,38.52099990844727,39.17499923706055,38.31650161743164,38.999000549316406,35968000,0.0,0.0,0.0,0.0,0.0,0.0
2016-11-17,39.125,39.44499969482422,38.99250030517578,39.30799865722656,30674000,0.0,0.0,0.0,0.0,0.0,0.0
2016-11-18,39.35850143432617,39.56449890136719,38.76750183105469,38.79850006103516,36126000,0.0,0.0,0.0,0.0,0.0,0.0
2016-11-21,38.90499877929688,39.32749938964844,38.81499862670898,39.2400016784668,32616000,0.0,0.0,0.0,0.0,0.0,0.0
2016-11-22,39.449501037597656,39.6884994506836,39.1870002746582,39.25,27884000,0.0,0.0,0.0,0.0,0.0,0.0
2016-11-23,39.47600173950195,39.47600173950195,38.63249969482422,38.95000076293945,26260000,0.0,0.0,0.0,0.0,0.0,0.0
2016-11-25,39.13050079345703,39.14500045776367,38.90950012207031,39.01150131225586,12270000,0.0,0.0,0.0,0.0,0.0,0.0
2016-11-28,38.91749954223633,39.98699951171875,38.90499877929688,39.28950119018555,51508000,0.0,0.0,0.0,0.0,0.0,0.0
2016-11-29,39.41899871826172,39.821998596191406,39.266998291015625,39.47200012207031,31240000,0.0,0.0,0.0,0.0,0.0,0.0
2016-11-30,39.45500183105469,39.57550048828125,38.657501220703125,38.79399871826172,45582000,0.0,0.0,0.0,0.0,0.0,0.0
2016-12-01,38.9275016784668,38.93000030517578,37.667999267578125,38.21649932861328,57342000,0.0,0.0,0.0,0.0,0.0,0.0
2016-12-02,38.095001220703125,38.525001525878906,37.95000076293945,38.22299957275391,34376000,0.0,0.0,0.0,0.0,0.0,0.0
2016-12-05,38.5,39.0,38.3484992980957,38.9109992980957,33770000,0.0,0.0,0.0,0.0,0.0,0.0
2016-12-06,39.009498596191406,39.26399993896485,38.66600036621094,38.80899810791016,34682000,0.0,0.0,0.0,0.0,0.0,0.0
2016-12-07,38.997501373291016,39.59999847412109,38.67649841308594,39.57350158691406,40588000,0.0,0.0,0.0,0.0,0.0,0.0
2016-12-08,39.647499084472656,39.95000076293945,39.39550018310547,39.75849914550781,32250000,0.0,0.0,0.0,0.0,0.0,0.0
2016-12-09,39.96500015258789,40.497501373291016,39.90250015258789,40.47249984741211,38090000,0.0,0.0,0.0,0.0,0.0,0.0
2016-12-12,40.24100112915039,40.567501068115234,40.22650146484375,40.39500045776367,32572000,0.0,0.0,0.0,0.0,0.0,0.0
2016-12-13,40.61949920654297,41.21500015258789,40.59700012207031,40.766998291015625,42564000,0.0,0.0,0.0,0.0,0.0,0.0
2016-12-14,40.79600143432617,41.2130012512207,40.63899993896485,40.89450073242188,35994000,0.0,0.0,0.0,0.0,0.0,0.0
2016-12-15,40.86800003051758,41.150001525878906,40.59999847412109,40.782501220703125,35394000,0.0,0.0,0.0,0.0,0.0,0.0
2016-12-16,40.91550064086914,40.959999084472656,40.40599822998047,40.492000579833984,51978000,0.0,0.0,0.0,0.0,0.0,0.0
2016-12-19,40.4640007019043,40.81100082397461,40.22499847412109,40.625,25272000,0.0,0.0,0.0,0.0,0.0,0.0
2016-12-20,40.66849899291992,40.824501037597656,40.54999923706055,40.7599983215332,25438000,0.0,0.0,0.0,0.0,0.0,0.0
2016-12-21,40.7859992980957,40.7859992980957,40.255001068115234,40.61000061035156,29192000,0.0,0.0,0.0,0.0,0.0,0.0
2016-12-22,40.45500183105469,40.55350112915039,40.30149841308594,40.48400115966797,22632000,0.0,0.0,0.0,0.0,0.0,0.0
2016-12-23,40.4005012512207,40.54850006103516,40.25550079345703,40.38999938964844,15310000,0.0,0.0,0.0,0.0,0.0,0.0
2016-12-27,40.43399810791016,40.79999923706055,40.290000915527344,40.49649810791016,19520000,0.0,0.0,0.0,0.0,0.0,0.0
2016-12-28,40.666500091552734,40.666500091552734,40.12200164794922,40.22850036621094,24296000,0.0,0.0,0.0,0.0,0.0,0.0
2016-12-29,40.11650085449219,40.28749847412109,39.90700149536133,40.14400100708008,21148000,0.0,0.0,0.0,0.0,0.0,0.0
2016-12-30,40.16049957275391,40.16450119018555,39.48099899291992,39.622501373291016,34718000,0.0,0.0,0.0,0.0,0.0,0.0
2017-01-03,40.03099822998047,40.571998596191406,39.84450149536133,40.4005012512207,39180000,0.0,0.0,0.0,0.0,0.0,0.0
2017-01-04,40.49449920654297,40.67150115966797,40.20550155639648,40.38850021362305,30306000,0.0,0.0,0.0,0.0,0.0,0.0
2017-01-05,40.375,40.6870002746582,40.29600143432617,40.6510009765625,26810000,0.0,0.0,0.0,0.0,0.0,0.0
2017-01-06,40.7495002746582,41.448001861572266,40.57500076293945,41.260501861572266,40342000,0.0,0.0,0.0,0.0,0.0,0.0
2017-01-09,41.31850051879883,41.52149963378906,41.08100128173828,41.35900115966797,28178000,0.0,0.0,0.0,0.0,0.0,0.0
2017-01-10,41.35350036621094,41.47050094604492,41.15700149536133,41.30049896240234,23948000,0.0,0.0,0.0,0.0,0.0,0.0
2017-01-11,41.33100128173828,41.494998931884766,41.07350158691406,41.49300003051758,26508000,0.0,0.0,0.0,0.0,0.0,0.0
2017-01-12,41.41899871826172,41.51900100708008,41.05049896240234,41.47650146484375,26990000,0.0,0.0,0.0,0.0,0.0,0.0
2017-01-13,41.54999923706055,41.73249816894531,41.47600173950195,41.547000885009766,25804000,0.0,0.0,0.0,0.0,0.0,0.0
2017-01-17,41.5,41.50899887084961,41.15999984741211,41.37300109863281,28818000,0.0,0.0,0.0,0.0,0.0,0.0
2017-01-18,41.4900016784668,41.490501403808594,41.20399856567383,41.45100021362305,20554000,0.0,0.0,0.0,0.0,0.0,0.0
2017-01-19,41.45000076293945,41.650001525878906,41.198001861572266,41.21849822998047,21410000,0.0,0.0,0.0,0.0,0.0,0.0
2017-01-20,41.454498291015625,41.46200180053711,41.22999954223633,41.40850067138672,26124000,0.0,0.0,0.0,0.0,0.0,0.0
2017-01-23,41.58050155639648,42.277000427246094,41.435001373291016,42.22150039672852,49148000,0.0,0.0,0.0,0.0,0.0,0.0
2017-01-24,42.3489990234375,42.57600021362305,42.11399841308594,42.47650146484375,33768000,0.0,0.0,0.0,0.0,0.0,0.0
2017-01-25,42.6775016784668,42.93949890136719,42.48699951171875,42.92250061035156,33108000,0.0,0.0,0.0,0.0,0.0,0.0
2017-01-26,42.95249938964844,43.04999923706055,42.5260009765625,42.8489990234375,69866000,0.0,0.0,0.0,0.0,0.0,0.0
2017-01-27,42.95000076293945,43.34999847412109,42.095001220703125,42.25149917602539,75050000,0.0,0.0,0.0,0.0,0.0,0.0
2017-01-30,41.85300064086914,41.86149978637695,41.05149841308594,41.19150161743164,70338000,0.0,0.0,0.0,0.0,0.0,0.0
2017-01-31,40.97499847412109,41.15349960327149,40.66999816894531,41.009498596191406,40404000,0.0,0.0,0.0,0.0,0.0,0.0
2017-02-01,41.20000076293945,41.20000076293945,40.61249923706055,40.762001037597656,45020000,0.0,0.0,0.0,0.0,0.0,0.0
2017-02-02,40.75,41.22800064086914,40.602500915527344,40.91299819946289,33784000,0.0,0.0,0.0,0.0,0.0,0.0
2017-02-03,41.15650177001953,41.30649948120117,40.96749877929688,41.00650024414063,30562000,0.0,0.0,0.0,0.0,0.0,0.0
2017-02-06,41.04600143432617,41.11949920654297,40.714500427246094,41.08100128173828,27018000,0.0,0.0,0.0,0.0,0.0,0.0
2017-02-07,41.275001525878906,41.59600067138672,41.16450119018555,41.46149826049805,33332000,0.0,0.0,0.0,0.0,0.0,0.0
2017-02-08,41.5265007019043,41.712501525878906,41.25550079345703,41.49399948120117,26044000,0.0,0.0,0.0,0.0,0.0,0.0
2017-02-09,41.58649826049805,41.5989990234375,41.32500076293945,41.50299835205078,23884000,0.0,0.0,0.0,0.0,0.0,0.0
2017-02-10,41.647499084472656,41.85749816894531,41.5255012512207,41.74250030517578,28302000,0.0,0.0,0.0,0.0,0.0,0.0
2017-02-13,41.8849983215332,42.08700180053711,41.8125,41.948001861572266,25914000,0.0,0.0,0.0,0.0,0.0,0.0
2017-02-14,41.98849868774414,42.09999847412109,41.791500091552734,42.00149917602539,27266000,0.0,0.0,0.0,0.0,0.0,0.0
2017-02-15,41.94049835205078,42.0885009765625,41.81100082397461,41.86600112915039,27144000,0.0,0.0,0.0,0.0,0.0,0.0
2017-02-16,41.92499923706055,42.134498596191406,41.86299896240234,42.10850143432617,20102000,0.0,0.0,0.0,0.0,0.0,0.0
2017-02-17,42.06549835205078,42.34700012207031,41.98899841308594,42.32749938964844,29224000,0.0,0.0,0.0,0.0,0.0,0.0
2017-02-21,42.39950180053711,42.61000061035156,42.32749938964844,42.4635009765625,25206000,0.0,0.0,0.0,0.0,0.0,0.0
2017-02-22,42.400001525878906,42.68949890136719,42.33549880981445,42.56800079345703,24488000,0.0,0.0,0.0,0.0,0.0,0.0
2017-02-23,42.55400085449219,42.63100051879883,42.125,42.54999923706055,27734000,0.0,0.0,0.0,0.0,0.0,0.0
2017-02-24,42.38249969482422,42.417999267578125,42.14799880981445,42.39049911499024,26924000,0.0,0.0,0.0,0.0,0.0,0.0
2017-02-27,42.247501373291016,42.53350067138672,42.1505012512207,42.48350143432617,20206000,0.0,0.0,0.0,0.0,0.0,0.0
2017-02-28,42.36750030517578,42.44150161743164,42.071998596191406,42.24649810791016,27662000,0.0,0.0,0.0,0.0,0.0,0.0
2017-03-01,42.56900024414063,42.900001525878906,42.45100021362305,42.837501525878906,36374000,0.0,0.0,0.0,0.0,0.0,0.0
2017-03-02,42.81549835205078,42.824501037597656,42.43600082397461,42.49250030517578,25018000,0.0,0.0,0.0,0.0,0.0,0.0
2017-03-03,42.446998596191406,42.54100036621094,42.23550033569336,42.45399856567383,20100000,0.0,0.0,0.0,0.0,0.0,0.0
2017-03-06,42.34299850463867,42.446998596191406,42.05849838256836,42.36349868774414,20958000,0.0,0.0,0.0,0.0,0.0,0.0
2017-03-07,42.36299896240234,42.666500091552734,42.2760009765625,42.557498931884766,20774000,0.0,0.0,0.0,0.0,0.0,0.0
2017-03-08,42.65599822998047,42.84650039672852,42.5625,42.68199920654297,20576000,0.0,0.0,0.0,0.0,0.0,0.0
2017-03-09,42.68450164794922,43.03549957275391,42.63349914550781,42.891998291015625,26954000,0.0,0.0,0.0,0.0,0.0,0.0
2017-03-10,43.1349983215332,43.21149826049805,42.88050079345703,43.070499420166016,26732000,0.0,0.0,0.0,0.0,0.0,0.0
2017-03-13,43.041500091552734,43.35649871826172,43.04100036621094,43.229000091552734,23332000,0.0,0.0,0.0,0.0,0.0,0.0
2017-03-14,43.1875,43.37900161743164,43.00650024414063,43.295501708984375,21234000,0.0,0.0,0.0,0.0,0.0,0.0
2017-03-15,43.39699935913086,43.49399948120117,43.06499862670898,43.41949844360352,26658000,0.0,0.0,0.0,0.0,0.0,0.0
2017-03-16,43.5265007019043,43.635501861572266,43.3759994506836,43.5,22090000,0.0,0.0,0.0,0.0,0.0,0.0
2017-03-17,43.68399810791016,43.72100067138672,43.41849899291992,43.618499755859375,37366000,0.0,0.0,0.0,0.0,0.0,0.0
2017-03-20,43.4739990234375,43.516998291015625,43.23350143432617,43.39550018310547,30844000,0.0,0.0,0.0,0.0,0.0,0.0
2017-03-21,43.50299835205078,43.67350006103516,42.384498596191406,42.50699996948242,50760000,0.0,0.0,0.0,0.0,0.0,0.0
2017-03-22,42.4739990234375,42.76750183105469,42.34999847412109,42.4900016784668,27334000,0.0,0.0,0.0,0.0,0.0,0.0
2017-03-23,42.06949996948242,42.08449935913086,41.650001525878906,41.98249816894531,65754000,0.0,0.0,0.0,0.0,0.0,0.0
2017-03-24,42.09999847412109,42.20000076293945,41.45500183105469,41.75699996948242,42114000,0.0,0.0,0.0,0.0,0.0,0.0
2017-03-27,41.40449905395508,42.06900024414063,41.21500015258789,41.92549896240234,38692000,0.0,0.0,0.0,0.0,0.0,0.0
2017-03-28,41.984500885009766,42.27000045776367,41.61349868774414,42.03150177001953,30384000,0.0,0.0,0.0,0.0,0.0,0.0
2017-03-29,42.13750076293945,42.579498291015625,42.06900024414063,42.493499755859375,29146000,0.0,0.0,0.0,0.0,0.0,0.0
2017-03-30,42.5989990234375,42.59999847412109,42.3385009765625,42.4739990234375,18988000,0.0,0.0,0.0,0.0,0.0,0.0
2017-03-31,42.34149932861328,42.47800064086914,42.262001037597656,42.38999938964844,28820000,0.0,0.0,0.0,0.0,0.0,0.0
2017-04-03,42.4375,42.95000076293945,42.37649917602539,42.837501525878906,39388000,0.0,0.0,0.0,0.0,0.0,0.0
2017-04-04,42.400001525878906,42.650001525878906,42.3754997253418,42.62850189208984,26970000,0.0,0.0,0.0,0.0,0.0,0.0
2017-04-05,42.73550033569336,43.02949905395508,42.3759994506836,42.445499420166016,37104000,0.0,0.0,0.0,0.0,0.0,0.0
2017-04-06,42.47499847412109,42.679500579833984,42.20000076293945,42.255001068115234,30672000,0.0,0.0,0.0,0.0,0.0,0.0
2017-04-07,42.25,42.29399871826172,41.8650016784668,42.10499954223633,22232000,0.0,0.0,0.0,0.0,0.0,0.0
2017-04-10,42.07699966430664,42.33700180053711,42.03950119018555,42.084999084472656,20924000,0.0,0.0,0.0,0.0,0.0,0.0
2017-04-11,42.084999084472656,42.23149871826172,41.72999954223633,41.99399948120117,19486000,0.0,0.0,0.0,0.0,0.0,0.0
2017-04-12,41.92300033569336,42.18600082397461,41.87950134277344,42.073001861572266,22716000,0.0,0.0,0.0,0.0,0.0,0.0
2017-04-13,42.05199813842773,42.186500549316406,41.89250183105469,42.00899887084961,21474000,0.0,0.0,0.0,0.0,0.0,0.0
2017-04-17,42.06900024414063,42.78200149536133,42.05149841308594,42.75650024414063,20982000,0.0,0.0,0.0,0.0,0.0,0.0
2017-04-18,42.62699890136719,42.86949920654297,42.5625,42.699501037597656,18724000,0.0,0.0,0.0,0.0,0.0,0.0
2017-04-19,42.86949920654297,43.0099983215332,42.67649841308594,42.82550048828125,21606000,0.0,0.0,0.0,0.0,0.0,0.0
2017-04-20,42.98699951171875,43.19649887084961,42.875,43.00400161743164,23776000,0.0,0.0,0.0,0.0,0.0,0.0
2017-04-21,43.03099822998047,43.12200164794922,42.88650131225586,42.9474983215332,23458000,0.0,0.0,0.0,0.0,0.0,0.0
2017-04-24,43.422000885009766,43.99800109863281,43.30550003051758,43.94649887084961,33930000,0.0,0.0,0.0,0.0,0.0,0.0
2017-04-25,44.11299896240234,44.61249923706055,43.9640007019043,44.44200134277344,40760000,0.0,0.0,0.0,0.0,0.0,0.0
2017-04-26,44.56949996948242,44.64950180053711,44.25749969482422,44.45700073242188,26466000,0.0,0.0,0.0,0.0,0.0,0.0
2017-04-27,44.5,44.66899871826172,44.35900115966797,44.571998596191406,46846000,0.0,0.0,0.0,0.0,0.0,0.0
2017-04-28,46.45000076293945,46.79499816894531,46.1609992980957,46.22600173950195,76918000,0.0,0.0,0.0,0.0,0.0,0.0
2017-05-01,46.20750045776367,46.79100036621094,46.040000915527344,46.64099884033203,46556000,0.0,0.0,0.0,0.0,0.0,0.0
2017-05-02,46.66350173950195,47.14950180053711,46.54999923706055,46.85449981689453,35026000,0.0,0.0,0.0,0.0,0.0,0.0
2017-05-03,46.8025016784668,47.5099983215332,46.760501861572266,47.42250061035156,36496000,0.0,0.0,0.0,0.0,0.0,0.0
2017-05-04,47.51449966430664,47.95700073242188,47.368499755859375,47.73600006103516,38752000,0.0,0.0,0.0,0.0,0.0,0.0
2017-05-05,47.83599853515625,47.922000885009766,47.40499877929688,47.51399993896485,32310000,0.0,0.0,0.0,0.0,0.0,0.0
2017-05-08,47.372501373291016,48.04949951171875,47.369998931884766,47.93450164794922,37534000,0.0,0.0,0.0,0.0,0.0,0.0
2017-05-09,48.06650161743164,48.11000061035156,47.720001220703125,47.83549880981445,33758000,0.0,0.0,0.0,0.0,0.0,0.0
2017-05-10,47.81100082397461,47.83549880981445,47.492000579833984,47.742000579833984,22920000,0.0,0.0,0.0,0.0,0.0,0.0
2017-05-11,47.56449890136719,47.89950180053711,47.43050003051758,47.79449844360352,20622000,0.0,0.0,0.0,0.0,0.0,0.0
2017-05-12,47.89250183105469,47.89899826049805,47.60300064086914,47.75699996948242,24298000,0.0,0.0,0.0,0.0,0.0,0.0
2017-05-15,47.76449966430664,48.1349983215332,47.64099884033203,47.96099853515625,26754000,0.0,0.0,0.0,0.0,0.0,0.0
2017-05-16,48.1775016784668,48.29499816894531,48.01750183105469,48.230499267578125,22030000,0.0,0.0,0.0,0.0,0.0,0.0
2017-05-17,47.98500061035156,48.04949951171875,47.00299835205078,47.10850143432617,48982000,0.0,0.0,0.0,0.0,0.0,0.0
2017-05-18,47.15999984741211,47.70899963378906,47.0634994506836,47.525001525878906,36010000,0.0,0.0,0.0,0.0,0.0,0.0
2017-05-19,47.64099884033203,47.97800064086914,47.59999847412109,47.73249816894531,27206000,0.0,0.0,0.0,0.0,0.0,0.0
2017-05-22,47.84999847412109,48.24100112915039,47.82799911499024,48.20349884033203,27748000,0.0,0.0,0.0,0.0,0.0,0.0
2017-05-23,48.49800109863281,48.72549819946289,48.22499847412109,48.52750015258789,30908000,0.0,0.0,0.0,0.0,0.0,0.0
2017-05-24,48.76300048828125,48.90599822998047,48.58150100708008,48.88050079345703,22660000,0.0,0.0,0.0,0.0,0.0,0.0
2017-05-25,48.95000076293945,49.78900146484375,48.89099884033203,49.59299850463867,39082000,0.0,0.0,0.0,0.0,0.0,0.0
2017-05-26,49.59999847412109,49.81949996948242,49.36800003051758,49.66350173950195,32728000,0.0,0.0,0.0,0.0,0.0,0.0
2017-05-30,49.625,49.88100051879883,49.56800079345703,49.80849838256836,30324000,0.0,0.0,0.0,0.0,0.0,0.0
2017-05-31,49.81050109863281,49.97999954223633,49.08399963378906,49.35449981689453,34482000,0.0,0.0,0.0,0.0,0.0,0.0
2017-06-01,49.54800033569336,49.65700149536133,49.06449890136719,49.41450119018555,26128000,0.0,0.0,0.0,0.0,0.0,0.0
2017-06-02,49.429500579833984,49.82400131225586,49.35350036621094,49.805999755859375,34710000,0.0,0.0,0.0,0.0,0.0,0.0
2017-06-05,49.89450073242188,50.369998931884766,49.772499084472656,50.19400024414063,27578000,0.0,0.0,0.0,0.0,0.0,0.0
2017-06-06,50.16550064086914,50.43050003051758,49.7400016784668,49.83399963378906,31042000,0.0,0.0,0.0,0.0,0.0,0.0
2017-06-07,49.954498291015625,50.195499420166016,49.79349899291992,50.07500076293945,27482000,0.0,0.0,0.0,0.0,0.0,0.0
2017-06-08,50.21149826049805,50.27999877929688,49.83100128173828,50.2140007019043,33758000,0.0,0.0,0.0,0.0,0.0,0.0
2017-06-09,50.27450180053711,50.275001525878906,47.66849899291992,48.50600051879883,72958000,0.0,0.0,0.0,0.0,0.0,0.0
2017-06-12,47.93600082397461,48.400001525878906,46.84000015258789,48.09049987792969,84042000,0.0,0.0,0.0,0.0,0.0,0.0
2017-06-13,48.60200119018555,48.89550018310547,48.10049819946289,48.525001525878906,40108000,0.0,0.0,0.0,0.0,0.0,0.0
2017-06-14,48.775001525878906,48.98500061035156,47.97549819946289,48.39649963378906,30110000,0.0,0.0,0.0,0.0,0.0,0.0
2017-06-15,47.4010009765625,48.03400039672852,47.01850128173828,48.00899887084961,48552000,0.0,0.0,0.0,0.0,0.0,0.0
2017-06-16,47.89550018310547,47.997501373291016,47.435001373291016,47.930999755859375,51184000,0.0,0.0,0.0,0.0,0.0,0.0
2017-06-19,48.48249816894531,48.96500015258789,48.40999984741211,48.76100158691406,29376000,0.0,0.0,0.0,0.0,0.0,0.0
2017-06-20,48.76549911499024,49.03950119018555,48.40999984741211,48.449501037597656,25946000,0.0,0.0,0.0,0.0,0.0,0.0
2017-06-21,48.53950119018555,48.977500915527344,48.47249984741211,48.929500579833984,23232000,0.0,0.0,0.0,0.0,0.0,0.0
2017-06-22,48.84349822998047,49.025001525878906,48.66550064086914,48.83100128173828,20190000,0.0,0.0,0.0,0.0,0.0,0.0
2017-06-23,48.775001525878906,49.33100128173828,48.72299957275391,49.304500579833984,31280000,0.0,0.0,0.0,0.0,0.0,0.0
2017-06-26,49.5,49.699501037597656,48.51649856567383,48.60449981689453,30358000,0.0,0.0,0.0,0.0,0.0,0.0
2017-06-27,48.08000183105469,48.36100006103516,47.35449981689453,47.40449905395508,48872000,0.0,0.0,0.0,0.0,0.0,0.0
2017-06-28,47.53300094604492,48.1619987487793,46.80799865722656,48.05049896240234,54912000,0.0,0.0,0.0,0.0,0.0,0.0
2017-06-29,47.567501068115234,47.58300018310547,46.47999954223633,46.89099884033203,64134000,0.0,0.0,0.0,0.0,0.0,0.0
2017-06-30,47.199501037597656,47.25,46.480499267578125,46.48400115966797,45754000,0.0,0.0,0.0,0.0,0.0,0.0
2017-07-03,46.6609992980957,46.71200180053711,45.76549911499024,45.97299957275391,33896000,0.0,0.0,0.0,0.0,0.0,0.0
2017-07-05,46.209999084472656,46.81449890136719,45.93149948120117,46.61299896240234,41882000,0.0,0.0,0.0,0.0,0.0,0.0
2017-07-06,46.25,46.80699920654297,45.99250030517578,46.384498596191406,40298000,0.0,0.0,0.0,0.0,0.0,0.0
2017-07-07,46.54949951171875,47.233001708984375,46.48949813842773,47.04050064086914,33266000,0.0,0.0,0.0,0.0,0.0,0.0
2017-07-10,47.09749984741211,47.65650177001953,47.09749984741211,47.54999923706055,29030000,0.0,0.0,0.0,0.0,0.0,0.0
2017-07-11,47.5260009765625,47.74449920654297,47.25600051879883,47.67649841308594,29224000,0.0,0.0,0.0,0.0,0.0,0.0
2017-07-12,48.042999267578125,48.48149871826172,47.85200119018555,48.382999420166016,32042000,0.0,0.0,0.0,0.0,0.0,0.0
2017-07-13,48.540000915527344,48.935001373291016,48.2400016784668,48.442501068115234,30492000,0.0,0.0,0.0,0.0,0.0,0.0
2017-07-14,48.70000076293945,48.87699890136719,48.50749969482422,48.84550094604492,21592000,0.0,0.0,0.0,0.0,0.0,0.0
2017-07-17,48.81600189208984,49.16749954223633,48.540000915527344,48.79800033569336,33210000,0.0,0.0,0.0,0.0,0.0,0.0
2017-07-18,48.667999267578125,49.54249954223633,48.60200119018555,49.34749984741211,28266000,0.0,0.0,0.0,0.0,0.0,0.0
2017-07-19,49.5004997253418,49.77999877929688,49.35049819946289,49.63850021362305,28242000,0.0,0.0,0.0,0.0,0.0,0.0
2017-07-20,49.84999847412109,49.93399810791016,49.23099899291992,49.609500885009766,28368000,0.0,0.0,0.0,0.0,0.0,0.0
2017-07-21,49.45000076293945,49.75550079345703,49.20849990844727,49.69200134277344,29266000,0.0,0.0,0.0,0.0,0.0,0.0
2017-07-24,49.70500183105469,50.30950164794922,49.51350021362305,49.91550064086914,79690000,0.0,0.0,0.0,0.0,0.0,0.0
2017-07-25,48.53499984741211,48.83649826049805,48.18999862670898,48.45149993896485,118672000,0.0,0.0,0.0,0.0,0.0,0.0
2017-07-26,48.63899993896485,48.6974983215332,48.01150131225586,48.26549911499024,44432000,0.0,0.0,0.0,0.0,0.0,0.0
2017-07-27,48.45899963378906,48.47600173950195,46.85300064086914,47.6254997253418,74358000,0.0,0.0,0.0,0.0,0.0,0.0
2017-07-28,47.39950180053711,48.089500427246094,47.26549911499024,47.916500091552734,36276000,0.0,0.0,0.0,0.0,0.0,0.0
2017-07-31,48.0,48.05950164794922,47.08649826049805,47.275001525878906,45670000,0.0,0.0,0.0,0.0,0.0,0.0
2017-08-01,47.39049911499024,47.7244987487793,47.24800109863281,47.32799911499024,28052000,0.0,0.0,0.0,0.0,0.0,0.0
2017-08-02,47.41849899291992,47.45500183105469,46.6259994506836,47.38199996948242,40788000,0.0,0.0,0.0,0.0,0.0,0.0
2017-08-03,47.45500183105469,47.5,46.97200012207031,47.01499938964844,22478000,0.0,0.0,0.0,0.0,0.0,0.0
2017-08-04,47.1974983215332,47.37699890136719,46.9900016784668,47.28950119018555,25092000,0.0,0.0,0.0,0.0,0.0,0.0
2017-08-07,47.3759994506836,47.448001861572266,47.17499923706055,47.28749847412109,28916000,0.0,0.0,0.0,0.0,0.0,0.0
2017-08-08,47.214500427246094,47.6245002746582,47.124000549316406,47.20949935913086,30102000,0.0,0.0,0.0,0.0,0.0,0.0
2017-08-09,46.92250061035156,47.1879997253418,46.69599914550781,47.00400161743164,28018000,0.0,0.0,0.0,0.0,0.0,0.0
2017-08-10,46.75,46.81499862670898,46.0890007019043,46.179500579833984,54148000,0.0,0.0,0.0,0.0,0.0,0.0
2017-08-11,46.18550109863281,46.667999267578125,46.06100082397461,46.50450134277344,32334000,0.0,0.0,0.0,0.0,0.0,0.0
2017-08-14,46.95349884033203,47.05199813842773,46.7244987487793,46.94649887084961,23012000,0.0,0.0,0.0,0.0,0.0,0.0
2017-08-15,47.05149841308594,47.15349960327149,46.83200073242188,46.90399932861328,22130000,0.0,0.0,0.0,0.0,0.0,0.0
2017-08-16,47.0625,47.494998931884766,47.00199890136719,47.2135009765625,26906000,0.0,0.0,0.0,0.0,0.0,0.0
2017-08-17,47.147499084472656,47.19049835205078,46.38199996948242,46.382999420166016,33914000,0.0,0.0,0.0,0.0,0.0,0.0
2017-08-18,46.3489990234375,46.55099868774414,46.17250061035156,46.30899810791016,26748000,0.0,0.0,0.0,0.0,0.0,0.0
2017-08-21,46.28850173950195,46.41249847412109,45.93000030517578,46.04349899291992,26024000,0.0,0.0,0.0,0.0,0.0,0.0
2017-08-22,46.34799957275391,47.09799957275391,46.30849838256836,47.02000045776367,35502000,0.0,0.0,0.0,0.0,0.0,0.0
2017-08-23,46.84999847412109,47.27149963378906,46.762001037597656,47.12900161743164,22690000,0.0,0.0,0.0,0.0,0.0,0.0
2017-08-24,47.18550109863281,47.31549835205078,46.5369987487793,46.84450149536133,25892000,0.0,0.0,0.0,0.0,0.0,0.0
2017-08-25,46.96049880981445,47.0364990234375,46.505001068115234,46.525001525878906,23746000,0.0,0.0,0.0,0.0,0.0,0.0
2017-08-28,46.59400177001953,46.74250030517578,46.30550003051758,46.40650177001953,20988000,0.0,0.0,0.0,0.0,0.0,0.0
2017-08-29,45.997501373291016,46.90950012207031,45.96549987792969,46.78749847412109,23172000,0.0,0.0,0.0,0.0,0.0,0.0
2017-08-30,46.78350067138672,47.292999267578125,46.70249938964844,47.18149948120117,22406000,0.0,0.0,0.0,0.0,0.0,0.0
2017-08-31,47.31499862670898,47.86000061035156,47.3125,47.762001037597656,33866000,0.0,0.0,0.0,0.0,0.0,0.0
2017-09-01,47.87350082397461,47.916500091552734,47.51399993896485,47.5994987487793,20858000,0.0,0.0,0.0,0.0,0.0,0.0
2017-09-05,47.34299850463867,47.56949996948242,46.77999877929688,47.07400131225586,29148000,0.0,0.0,0.0,0.0,0.0,0.0
2017-09-06,47.19350051879883,47.22499847412109,46.63399887084961,47.10100173950195,27830000,0.0,0.0,0.0,0.0,0.0,0.0
2017-09-07,47.212501525878906,47.525001525878906,46.87649917602539,47.49449920654297,22332000,0.0,0.0,0.0,0.0,0.0,0.0
2017-09-08,47.48500061035156,47.53499984741211,47.0004997253418,47.070499420166016,19998000,0.0,0.0,0.0,0.0,0.0,0.0
2017-09-11,47.36000061035156,47.63399887084961,47.04999923706055,47.16450119018555,26748000,0.0,0.0,0.0,0.0,0.0,0.0
2017-09-12,47.34600067138672,47.40449905395508,46.875,47.33250045776367,25696000,0.0,0.0,0.0,0.0,0.0,0.0
2017-09-13,47.275001525878906,47.64250183105469,47.23699951171875,47.52199935913086,21908000,0.0,0.0,0.0,0.0,0.0,0.0
2017-09-14,47.29999923706055,47.4015007019043,46.917999267578125,47.00650024414063,28548000,0.0,0.0,0.0,0.0,0.0,0.0
2017-09-15,47.00450134277344,47.087501525878906,46.5625,46.76449966430664,39886000,0.0,0.0,0.0,0.0,0.0,0.0
2017-09-18,46.7504997253418,46.84299850463867,46.27000045776367,46.48749923706055,29474000,0.0,0.0,0.0,0.0,0.0,0.0
2017-09-19,46.670501708984375,46.89699935913086,46.33300018310547,46.84299850463867,24854000,0.0,0.0,0.0,0.0,0.0,0.0
2017-09-20,46.88650131225586,47.5,46.875,47.37699890136719,40080000,0.0,0.0,0.0,0.0,0.0,0.0
2017-09-21,47.40650177001953,47.63999938964844,46.96900177001953,47.37749862670898,27414000,0.0,0.0,0.0,0.0,0.0,0.0
2017-09-22,47.13850021362305,47.5,47.04199981689453,47.16299819946289,21496000,0.0,0.0,0.0,0.0,0.0,0.0
2017-09-25,46.97249984741211,46.98749923706055,46.22549819946289,46.7140007019043,37468000,0.0,0.0,0.0,0.0,0.0,0.0
2017-09-26,46.83449935913086,47.20399856567383,46.75600051879883,46.87149810791016,33454000,0.0,0.0,0.0,0.0,0.0,0.0
2017-09-27,47.137001037597656,48.27149963378906,47.09749984741211,47.994998931884766,46692000,0.0,0.0,0.0,0.0,0.0,0.0
2017-09-28,47.8125,48.30899810791016,47.77750015258789,48.240501403808594,28018000,0.0,0.0,0.0,0.0,0.0,0.0
2017-09-29,48.29999923706055,48.79050064086914,48.29999923706055,48.68600082397461,40622000,0.0,0.0,0.0,0.0,0.0,0.0
2017-10-02,48.782501220703125,48.887001037597656,48.09749984741211,48.37350082397461,30782000,0.0,0.0,0.0,0.0,0.0,0.0
2017-10-03,48.37799835205078,48.62200164794922,48.135501861572266,48.604000091552734,21666000,0.0,0.0,0.0,0.0,0.0,0.0
2017-10-04,48.5880012512207,48.720001220703125,48.28049850463867,48.3390007019043,21156000,0.0,0.0,0.0,0.0,0.0,0.0
2017-10-05,48.63949966430664,49.32550048828125,48.51350021362305,49.259498596191406,35618000,0.0,0.0,0.0,0.0,0.0,0.0
2017-10-06,49.0,49.7130012512207,48.92549896240234,49.68199920654297,31060000,0.0,0.0,0.0,0.0,0.0,0.0
2017-10-09,49.75,50.02299880981445,49.57500076293945,49.615501403808594,25910000,0.0,0.0,0.0,0.0,0.0,0.0
2017-10-10,49.76499938964844,49.87350082397461,49.05550003051758,49.38999938964844,23268000,0.0,0.0,0.0,0.0,0.0,0.0
2017-10-11,49.45199966430664,50.37850189208984,49.39699935913086,50.282501220703125,36300000,0.0,0.0,0.0,0.0,0.0,0.0
2017-10-12,50.19200134277344,50.57699966430664,50.05500030517578,50.282501220703125,30614000,0.0,0.0,0.0,0.0,0.0,0.0
2017-10-13,50.45550155639648,50.73799896240234,50.35300064086914,50.39350128173828,26552000,0.0,0.0,0.0,0.0,0.0,0.0
2017-10-16,50.48149871826172,50.59999847412109,50.07600021362305,50.46749877929688,21420000,0.0,0.0,0.0,0.0,0.0,0.0
2017-10-17,50.37200164794922,50.72800064086914,50.3025016784668,50.54999923706055,20260000,0.0,0.0,0.0,0.0,0.0,0.0
2017-10-18,50.5525016784668,50.81549835205078,50.26599884033203,50.637001037597656,25596000,0.0,0.0,0.0,0.0,0.0,0.0
2017-10-19,50.23749923706055,50.36600112915039,49.8650016784668,50.09199905395508,34284000,0.0,0.0,0.0,0.0,0.0,0.0
2017-10-20,50.352500915527344,50.432498931884766,50.11349868774414,50.25350189208984,32120000,0.0,0.0,0.0,0.0,0.0,0.0
2017-10-23,50.25899887084961,50.28950119018555,49.15499877929688,49.277000427246094,32786000,0.0,0.0,0.0,0.0,0.0,0.0
2017-10-24,49.32500076293945,49.4630012512207,48.854000091552734,49.42449951171875,28902000,0.0,0.0,0.0,0.0,0.0,0.0
2017-10-25,49.3134994506836,49.72150039672852,48.88600158691406,49.573001861572266,30574000,0.0,0.0,0.0,0.0,0.0,0.0
2017-10-26,49.92350006103516,50.32550048828125,49.52349853515625,49.57099914550781,47396000,0.0,0.0,0.0,0.0,0.0,0.0
2017-10-27,51.54949951171875,53.180999755859375,51.34249877929688,51.68349838256836,103682000,0.0,0.0,0.0,0.0,0.0,0.0
2017-10-30,51.45800018310547,51.99150085449219,51.11650085449219,51.65650177001953,46804000,0.0,0.0,0.0,0.0,0.0,0.0
2017-10-31,51.650001525878906,52.04999923706055,51.31499862670898,51.652000427246094,30326000,0.0,0.0,0.0,0.0,0.0,0.0
2017-11-01,51.81600189208984,52.39300155639648,51.70000076293945,52.130001068115234,43262000,0.0,0.0,0.0,0.0,0.0,0.0
2017-11-02,51.9995002746582,52.2760009765625,51.43299865722656,52.14849853515625,26694000,0.0,0.0,0.0,0.0,0.0,0.0
2017-11-03,52.13750076293945,52.53300094604492,51.88249969482422,52.4995002746582,27770000,0.0,0.0,0.0,0.0,0.0,0.0
2017-11-06,52.45500183105469,52.62950134277344,52.09999847412109,52.13399887084961,18294000,0.0,0.0,0.0,0.0,0.0,0.0
2017-11-07,52.48249816894531,52.670501708984375,52.150001525878906,52.61949920654297,26104000,0.0,0.0,0.0,0.0,0.0,0.0
2017-11-08,52.50249862670898,53.134498596191406,52.352500915527344,52.91450119018555,24276000,0.0,0.0,0.0,0.0,0.0,0.0
2017-11-09,52.400001525878906,52.54399871826172,51.79249954223633,52.38600158691406,35892000,0.0,0.0,0.0,0.0,0.0,0.0
2017-11-10,52.19350051879883,52.33150100708008,52.06100082397461,52.20750045776367,19442000,0.0,0.0,0.0,0.0,0.0,0.0
2017-11-13,52.040000915527344,52.4370002746582,51.9630012512207,52.060001373291016,18814000,0.0,0.0,0.0,0.0,0.0,0.0
2017-11-14,51.88600158691406,52.1150016784668,51.46649932861328,52.08200073242188,21012000,0.0,0.0,0.0,0.0,0.0,0.0
2017-11-15,51.75,51.98149871826172,51.53799819946289,51.820499420166016,18106000,0.0,0.0,0.0,0.0,0.0,0.0
2017-11-16,51.9375,52.5880012512207,51.900001525878906,52.42350006103516,23768000,0.0,0.0,0.0,0.0,0.0,0.0
2017-11-17,52.4900016784668,52.54999923706055,51.686500549316406,51.79449844360352,26712000,0.0,0.0,0.0,0.0,0.0,0.0
2017-11-20,51.79999923706055,51.935001373291016,51.63399887084961,51.733001708984375,17526000,0.0,0.0,0.0,0.0,0.0,0.0
2017-11-21,52.00199890136719,52.51950073242188,51.95700073242188,52.51499938964844,22206000,0.0,0.0,0.0,0.0,0.0,0.0
2017-11-22,52.55799865722656,52.77149963378906,52.36249923706055,52.59600067138672,14538000,0.0,0.0,0.0,0.0,0.0,0.0
2017-11-24,52.71950149536133,53.00350189208984,52.59600067138672,52.82600021362305,16492000,0.0,0.0,0.0,0.0,0.0,0.0
2017-11-27,52.92850112915039,53.652000427246094,52.73849868774414,53.60049819946289,35430000,0.0,0.0,0.0,0.0,0.0,0.0
2017-11-28,53.699501037597656,54.0,52.72700119018555,53.16450119018555,36424000,0.0,0.0,0.0,0.0,0.0,0.0
2017-11-29,52.80899810791016,52.9384994506836,51.48249816894531,51.86899948120117,55866000,0.0,0.0,0.0,0.0,0.0,0.0
2017-11-30,51.99700164794922,52.20700073242188,51.50350189208984,51.80849838256836,45092000,0.0,0.0,0.0,0.0,0.0,0.0
2017-12-01,51.52050018310547,51.86199951171875,50.845001220703125,51.25350189208984,37762000,0.0,0.0,0.0,0.0,0.0,0.0
2017-12-04,51.38999938964844,51.56700134277344,50.46099853515625,50.59349822998047,38778000,0.0,0.0,0.0,0.0,0.0,0.0
2017-12-05,50.54949951171875,51.83399963378906,50.11600112915039,50.97999954223633,38998000,0.0,0.0,0.0,0.0,0.0,0.0
2017-12-06,50.82600021362305,51.979000091552734,50.76549911499024,51.63600158691406,28710000,0.0,0.0,0.0,0.0,0.0,0.0
2017-12-07,51.80350112915039,52.44599914550781,51.76800155639648,52.22850036621094,30866000,0.0,0.0,0.0,0.0,0.0,0.0
2017-12-08,52.59049987792969,52.82099914550781,52.292999267578125,52.46900177001953,31170000,0.0,0.0,0.0,0.0,0.0,0.0
2017-12-11,52.55550003051758,52.79999923706055,52.20600128173828,52.5984992980957,23254000,0.0,0.0,0.0,0.0,0.0,0.0
2017-12-12,52.5,53.125,52.243499755859375,52.4384994506836,33882000,0.0,0.0,0.0,0.0,0.0,0.0
2017-12-13,52.604000091552734,52.77399826049805,52.32899856567383,52.56949996948242,27680000,0.0,0.0,0.0,0.0,0.0,0.0
2017-12-14,52.77450180053711,53.354000091552734,52.68000030517578,52.87350082397461,30962000,0.0,0.0,0.0,0.0,0.0,0.0
2017-12-15,53.18899917602539,53.76250076293945,53.00450134277344,53.59999847412109,63760000,0.0,0.0,0.0,0.0,0.0,0.0
2017-12-18,53.8224983215332,54.324501037597656,53.51850128173828,54.25450134277344,30292000,0.0,0.0,0.0,0.0,0.0,0.0
2017-12-19,54.1510009765625,54.24850082397461,53.61349868774414,53.98899841308594,26350000,0.0,0.0,0.0,0.0,0.0,0.0
2017-12-20,54.04600143432617,54.061500549316406,53.43000030517578,53.678001403808594,28728000,0.0,0.0,0.0,0.0,0.0,0.0
2017-12-21,53.76950073242188,53.8759994506836,53.45000076293945,53.54249954223633,25640000,0.0,0.0,0.0,0.0,0.0,0.0
2017-12-22,53.5,53.58599853515625,53.38199996948242,53.44300079345703,17788000,0.0,0.0,0.0,0.0,0.0,0.0
2017-12-26,53.43199920654297,53.44300079345703,52.93199920654297,53.29249954223633,18376000,0.0,0.0,0.0,0.0,0.0,0.0
2017-12-27,53.33000183105469,53.41350173950195,52.91899871826172,53.0099983215332,22324000,0.0,0.0,0.0,0.0,0.0,0.0
2017-12-28,53.11249923706055,53.242000579833984,52.66899871826172,52.79750061035156,19884000,0.0,0.0,0.0,0.0,0.0,0.0
2017-12-29,52.77450180053711,52.90250015258789,52.6349983215332,52.66999816894531,23606000,0.0,0.0,0.0,0.0,0.0,0.0
2018-01-02,52.6510009765625,53.79899978637695,52.6510009765625,53.66049957275391,31766000,0.0,0.0,0.0,0.0,0.0,0.0
2018-01-03,53.69649887084961,54.80500030517578,53.67150115966797,54.57600021362305,31318000,0.0,0.0,0.0,0.0,0.0,0.0
2018-01-04,54.85449981689453,55.20399856567383,54.7130012512207,54.78799819946289,26052000,0.0,0.0,0.0,0.0,0.0,0.0
2018-01-05,55.17250061035156,55.67900085449219,55.09000015258789,55.51449966430664,30250000,0.0,0.0,0.0,0.0,0.0,0.0
2018-01-08,55.54999923706055,55.95800018310547,55.5,55.71049880981445,24644000,0.0,0.0,0.0,0.0,0.0,0.0
2018-01-09,55.922000885009766,55.922000885009766,55.40999984741211,55.63949966430664,26808000,0.0,0.0,0.0,0.0,0.0,0.0
2018-01-10,55.34999847412109,55.63899993896485,55.19900131225586,55.50699996948242,20734000,0.0,0.0,0.0,0.0,0.0,0.0
2018-01-11,55.615501403808594,55.74250030517578,55.32400131225586,55.602500915527344,22424000,0.0,0.0,0.0,0.0,0.0,0.0
2018-01-12,55.505001068115234,56.56499862670898,55.4005012512207,56.532501220703125,38586000,0.0,0.0,0.0,0.0,0.0,0.0
2018-01-16,57.01549911499024,57.44400024414063,56.33300018310547,56.53499984741211,36462000,0.0,0.0,0.0,0.0,0.0,0.0
2018-01-17,56.81800079345703,56.96599960327149,56.17449951171875,56.95500183105469,27830000,0.0,0.0,0.0,0.0,0.0,0.0
2018-01-18,56.96749877929688,57.02949905395508,56.22299957275391,56.79850006103516,27498000,0.0,0.0,0.0,0.0,0.0,0.0
2018-01-19,56.9015007019043,57.18899917602539,56.625,57.17499923706055,30552000,0.0,0.0,0.0,0.0,0.0,0.0
2018-01-22,57.19100189208984,58.34400177001953,57.09099960327149,58.20800018310547,29550000,0.0,0.0,0.0,0.0,0.0,0.0
2018-01-23,58.53099822998047,58.92549896240234,58.36249923706055,58.80849838256836,39138000,0.0,0.0,0.0,0.0,0.0,0.0
2018-01-24,59.249000549316406,59.352500915527344,58.369998931884766,58.56449890136719,37128000,0.0,0.0,0.0,0.0,0.0,0.0
2018-01-25,59.03549957275391,59.25,58.59199905395508,59.10699844360352,29984000,0.0,0.0,0.0,0.0,0.0,0.0
2018-01-26,59.37649917602539,59.37799835205078,58.4015007019043,59.37799835205078,42170000,0.0,0.0,0.0,0.0,0.0,0.0
2018-01-29,59.400001525878906,59.900001525878906,59.20299911499024,59.32400131225586,31494000,0.0,0.0,0.0,0.0,0.0,0.0
2018-01-30,58.88600158691406,59.39649963378906,58.72549819946289,58.868499755859375,37338000,0.0,0.0,0.0,0.0,0.0,0.0
2018-01-31,59.19049835205078,59.31600189208984,58.60499954223633,59.11100006103516,36022000,0.0,0.0,0.0,0.0,0.0,0.0
2018-02-01,58.79949951171875,59.372501373291016,58.46799850463867,59.079498291015625,73514000,0.0,0.0,0.0,0.0,0.0,0.0
2018-02-02,56.37099838256836,56.56499862670898,55.55849838256836,55.959999084472656,117842000,0.0,0.0,0.0,0.0,0.0,0.0
2018-02-05,55.03049850463867,55.7495002746582,52.83700180053711,53.11949920654297,83550000,0.0,0.0,0.0,0.0,0.0,0.0
2018-02-06,51.69900131225586,54.36899948120117,51.5004997253418,54.22150039672852,76630000,0.0,0.0,0.0,0.0,0.0,0.0
2018-02-07,54.24850082397461,54.32649993896485,52.73099899291992,52.77050018310547,51942000,0.0,0.0,0.0,0.0,0.0,0.0
2018-02-08,52.993499755859375,53.19649887084961,50.23500061035156,50.385501861572266,66792000,0.0,0.0,0.0,0.0,0.0,0.0
2018-02-09,51.29399871826172,52.58599853515625,49.84999847412109,52.3134994506836,98360000,0.0,0.0,0.0,0.0,0.0,0.0
2018-02-12,52.83349990844727,53.27849960327149,52.27450180053711,52.72800064086914,56240000,0.0,0.0,0.0,0.0,0.0,0.0
2018-02-13,52.5,53.06100082397461,52.34600067138672,52.70700073242188,31586000,0.0,0.0,0.0,0.0,0.0,0.0
2018-02-14,52.71599960327149,53.77349853515625,52.4900016784668,53.6349983215332,41304000,0.0,0.0,0.0,0.0,0.0,0.0
2018-02-15,54.17250061035156,54.70500183105469,53.36149978637695,54.56800079345703,37396000,0.0,0.0,0.0,0.0,0.0,0.0
2018-02-16,54.66899871826172,55.41550064086914,54.57749938964844,54.775001525878906,39948000,0.0,0.0,0.0,0.0,0.0,0.0
2018-02-20,54.63800048828125,55.81449890136719,54.5,55.179500579833984,33754000,0.0,0.0,0.0,0.0,0.0,0.0
2018-02-21,55.45500183105469,56.810001373291016,55.3754997253418,55.6875,41486000,0.0,0.0,0.0,0.0,0.0,0.0
2018-02-22,55.95849990844727,56.27299880981445,55.25749969482422,55.494998931884766,28010000,0.0,0.0,0.0,0.0,0.0,0.0
2018-02-23,55.93299865722656,56.45000076293945,55.422000885009766,56.40449905395508,25292000,0.0,0.0,0.0,0.0,0.0,0.0
2018-02-26,56.59299850463867,57.209999084472656,56.46699905395508,57.185001373291016,30912000,0.0,0.0,0.0,0.0,0.0,0.0
2018-02-27,57.185001373291016,57.212501525878906,55.839500427246094,55.8754997253418,42964000,0.0,0.0,0.0,0.0,0.0,0.0
2018-02-28,56.09999847412109,56.38249969482422,55.150001525878906,55.19599914550781,49292000,0.0,0.0,0.0,0.0,0.0,0.0
2018-03-01,55.47700119018555,55.5634994506836,53.36449813842773,53.570499420166016,55338000,0.0,0.0,0.0,0.0,0.0,0.0
2018-03-02,52.89899826049805,54.34450149536133,52.50550079345703,54.20700073242188,50162000,0.0,0.0,0.0,0.0,0.0,0.0
2018-03-05,53.90650177001953,55.05899810791016,53.61349868774414,54.73799896240234,28648000,0.0,0.0,0.0,0.0,0.0,0.0
2018-03-06,55.10499954223633,55.28150177001953,54.72499847412109,55.04499816894531,23382000,0.0,0.0,0.0,0.0,0.0,0.0
2018-03-07,54.64099884033203,55.810001373291016,54.49549865722656,55.75199890136719,30748000,0.0,0.0,0.0,0.0,0.0,0.0
2018-03-08,55.86000061035156,56.571998596191406,55.86000061035156,56.46900177001953,33862000,0.0,0.0,0.0,0.0,0.0,0.0
2018-03-09,56.97499847412109,58.04999923706055,56.714500427246094,58.04199981689453,42662000,0.0,0.0,0.0,0.0,0.0,0.0
2018-03-12,58.25249862670898,58.90800094604492,57.959999084472656,58.29650115966797,44306000,0.0,0.0,0.0,0.0,0.0,0.0
2018-03-13,58.59149932861328,58.900001525878906,56.72850036621094,56.99549865722656,43140000,0.0,0.0,0.0,0.0,0.0,0.0
2018-03-14,57.290000915527344,57.98799896240234,57.11750030517578,57.44449996948242,41870000,0.0,0.0,0.0,0.0,0.0,0.0
2018-03-15,57.47850036621094,58.125,56.78300094604492,57.53049850463867,33382000,0.0,0.0,0.0,0.0,0.0,0.0
2018-03-16,57.76750183105469,57.84049987792969,56.56800079345703,56.72100067138672,58656000,0.0,0.0,0.0,0.0,0.0,0.0
2018-03-19,55.88800048828125,55.96849822998047,54.44599914550781,55.00350189208984,63656000,0.0,0.0,0.0,0.0,0.0,0.0
2018-03-20,54.91999816894531,55.27750015258789,54.12099838256836,54.790000915527344,54598000,0.0,0.0,0.0,0.0,0.0,0.0
2018-03-21,54.62850189208984,55.435001373291016,54.36050033569336,54.70000076293945,44898000,0.0,0.0,0.0,0.0,0.0,0.0
2018-03-22,54.0004997253418,54.19599914550781,52.48199844360352,52.657501220703125,69312000,0.0,0.0,0.0,0.0,0.0,0.0
2018-03-23,52.56850051879883,53.3390007019043,51.243499755859375,51.32749938964844,49880000,0.0,0.0,0.0,0.0,0.0,0.0
2018-03-26,52.52999877929688,52.9635009765625,50.52899932861328,52.704498291015625,65984000,0.0,0.0,0.0,0.0,0.0,0.0
2018-03-27,53.19499969482422,53.22700119018555,49.88100051879883,50.34700012207031,60816000,0.0,0.0,0.0,0.0,0.0,0.0
2018-03-28,50.09550094604492,51.2495002746582,49.20000076293945,50.25899887084961,77698000,0.0,0.0,0.0,0.0,0.0,0.0
2018-03-29,50.56050109863281,52.40250015258789,50.20199966430664,51.85699844360352,69338000,0.0,0.0,0.0,0.0,0.0,0.0
2018-04-02,51.38100051879883,51.97650146484375,49.712501525878906,50.63150024414063,65068000,0.0,0.0,0.0,0.0,0.0,0.0
2018-04-03,50.807498931884766,51.25,49.86249923706055,50.93399810791016,51322000,0.0,0.0,0.0,0.0,0.0,0.0
2018-04-04,49.9114990234375,51.637001037597656,49.82550048828125,51.48550033569336,50724000,0.0,0.0,0.0,0.0,0.0,0.0
2018-04-05,52.31949996948242,52.33549880981445,51.20000076293945,51.63199996948242,35836000,0.0,0.0,0.0,0.0,0.0,0.0
2018-04-06,51.15499877929688,51.79999923706055,50.3125,50.497501373291016,40134000,0.0,0.0,0.0,0.0,0.0,0.0
2018-04-09,51.00199890136719,52.22949981689453,50.959999084472656,51.00450134277344,33220000,0.0,0.0,0.0,0.0,0.0,0.0
2018-04-10,51.51300048828125,52.06050109863281,50.77050018310547,51.82500076293945,36620000,0.0,0.0,0.0,0.0,0.0,0.0
2018-04-11,51.59999847412109,51.79349899291992,50.959999084472656,51.25299835205078,34060000,0.0,0.0,0.0,0.0,0.0,0.0
2018-04-12,51.57350158691406,52.23249816894531,51.3025016784668,51.86449813842773,32896000,0.0,0.0,0.0,0.0,0.0,0.0
2018-04-13,52.34450149536133,52.64899826049805,51.50749969482422,51.80199813842773,25410000,0.0,0.0,0.0,0.0,0.0,0.0
2018-04-16,52.27750015258789,52.57149887084961,51.69599914550781,52.30500030517578,29776000,0.0,0.0,0.0,0.0,0.0,0.0
2018-04-17,53.060001373291016,54.25,52.85449981689453,53.96799850463867,54584000,0.0,0.0,0.0,0.0,0.0,0.0
2018-04-18,53.95050048828125,54.09999847412109,53.5260009765625,53.76950073242188,31126000,0.0,0.0,0.0,0.0,0.0,0.0
2018-04-19,53.45100021362305,54.8754997253418,53.45100021362305,54.47249984741211,39884000,0.0,0.0,0.0,0.0,0.0,0.0
2018-04-20,54.2135009765625,54.73749923706055,53.60499954223633,53.86600112915039,42434000,0.0,0.0,0.0,0.0,0.0,0.0
2018-04-23,54.14899826049805,54.400001525878906,53.33399963378906,53.69049835205078,69590000,0.0,0.0,0.0,0.0,0.0,0.0
2018-04-24,52.959999084472656,53.2244987487793,50.64300155639648,51.13199996948242,128220000,0.0,0.0,0.0,0.0,0.0,0.0
2018-04-25,51.48749923706055,51.80350112915039,50.85049819946289,51.14950180053711,57860000,0.0,0.0,0.0,0.0,0.0,0.0
2018-04-26,51.6609992980957,52.60100173950195,51.022499084472656,52.16550064086914,50926000,0.0,0.0,0.0,0.0,0.0,0.0
2018-04-27,52.277000427246094,52.584999084472656,51.37950134277344,51.5724983215332,40746000,0.0,0.0,0.0,0.0,0.0,0.0
2018-04-30,51.72100067138672,51.91849899291992,50.915000915527344,50.92900085449219,34492000,0.0,0.0,0.0,0.0,0.0,0.0
2018-05-01,50.81499862670898,52.08649826049805,50.53049850463867,52.03749847412109,35326000,0.0,0.0,0.0,0.0,0.0,0.0
2018-05-02,51.70000076293945,52.19900131225586,51.15800094604492,51.3025016784668,34698000,0.0,0.0,0.0,0.0,0.0,0.0
2018-05-03,51.26850128173828,51.53450012207031,50.39450073242188,51.31499862670898,39282000,0.0,0.0,0.0,0.0,0.0,0.0
2018-05-04,50.980499267578125,52.59400177001953,50.90250015258789,52.54999923706055,36892000,0.0,0.0,0.0,0.0,0.0,0.0
2018-05-07,52.69449996948242,53.25,52.51350021362305,52.97299957275391,34400000,0.0,0.0,0.0,0.0,0.0,0.0
2018-05-08,53.23099899291992,53.26150131225586,52.58200073242188,52.929500579833984,26030000,0.0,0.0,0.0,0.0,0.0,0.0
2018-05-09,53.20500183105469,54.70000076293945,53.105499267578125,54.4474983215332,47160000,0.0,0.0,0.0,0.0,0.0,0.0
2018-05-10,54.75,55.47050094604492,54.69400024414063,55.27349853515625,36414000,0.0,0.0,0.0,0.0,0.0,0.0
2018-05-11,55.02050018310547,55.45050048828125,54.86100006103516,55.16899871826172,30504000,0.0,0.0,0.0,0.0,0.0,0.0
2018-05-14,55.27849960327149,55.907501220703125,55.2400016784668,55.33000183105469,39338000,0.0,0.0,0.0,0.0,0.0,0.0
2018-05-15,54.845001220703125,54.95600128173828,53.93899917602539,54.243499755859375,35738000,0.0,0.0,0.0,0.0,0.0,0.0
2018-05-16,54.25450134277344,54.71900177001953,54.08150100708008,54.204498291015625,25628000,0.0,0.0,0.0,0.0,0.0,0.0
2018-05-17,54.073001861572266,54.54999923706055,53.82099914550781,54.0629997253418,25738000,0.0,0.0,0.0,0.0,0.0,0.0
2018-05-18,53.29999923706055,53.686500549316406,53.23400115966797,53.48199844360352,35482000,0.0,0.0,0.0,0.0,0.0,0.0
2018-05-21,53.95000076293945,54.665000915527344,53.900001525878906,54.20050048828125,25180000,0.0,0.0,0.0,0.0,0.0,0.0
2018-05-22,54.4900016784668,54.59000015258789,53.61299896240234,53.76549911499024,22226000,0.0,0.0,0.0,0.0,0.0,0.0
2018-05-23,53.5,54.400001525878906,53.34799957275391,54.29800033569336,23740000,0.0,0.0,0.0,0.0,0.0,0.0
2018-05-24,54.345001220703125,54.35599899291992,53.6150016784668,54.272499084472656,20604000,0.0,0.0,0.0,0.0,0.0,0.0
2018-05-25,54.32749938964844,54.47850036621094,54.130001068115234,54.20399856567383,22224000,0.0,0.0,0.0,0.0,0.0,0.0
2018-05-29,53.79999923706055,54.06700134277344,53.15399932861328,53.40349960327149,36076000,0.0,0.0,0.0,0.0,0.0,0.0
2018-05-30,53.67399978637695,53.949501037597656,53.32749938964844,53.87350082397461,28686000,0.0,0.0,0.0,0.0,0.0,0.0
2018-05-31,54.09999847412109,55.5,53.900001525878906,55.0,79368000,0.0,0.0,0.0,0.0,0.0,0.0
2018-06-01,55.64350128173828,56.90800094604492,55.60049819946289,56.75,63202000,0.0,0.0,0.0,0.0,0.0,0.0
2018-06-04,56.92499923706055,57.89300155639648,56.84999847412109,57.652000427246094,44754000,0.0,0.0,0.0,0.0,0.0,0.0
2018-06-05,57.733001708984375,58.05500030517578,57.37300109863281,57.55099868774414,32964000,0.0,0.0,0.0,0.0,0.0,0.0
2018-06-06,57.63850021362305,57.73550033569336,56.81600189208984,57.34749984741211,34934000,0.0,0.0,0.0,0.0,0.0,0.0
2018-06-07,57.229000091552734,57.29349899291992,56.305999755859375,56.72100067138672,36108000,0.0,0.0,0.0,0.0,0.0,0.0
2018-06-08,56.56050109863281,56.93899917602539,56.1614990234375,56.635501861572266,27284000,0.0,0.0,0.0,0.0,0.0,0.0
2018-06-11,56.64699935913086,57.387001037597656,56.56999969482422,57.04499816894531,24796000,0.0,0.0,0.0,0.0,0.0,0.0
2018-06-12,57.05099868774414,57.4375,57.05099868774414,57.40950012207031,26092000,0.0,0.0,0.0,0.0,0.0,0.0
2018-06-13,57.61399841308594,57.78200149536133,57.16899871826172,57.21149826049805,34302000,0.0,0.0,0.0,0.0,0.0,0.0
2018-06-14,57.61050033569336,58.29949951171875,57.52999877929688,58.00550079345703,35422000,0.0,0.0,0.0,0.0,0.0,0.0
2018-06-15,57.99599838256836,58.195499420166016,57.68450164794922,57.9635009765625,44438000,0.0,0.0,0.0,0.0,0.0,0.0
2018-06-18,57.634498596191406,59.20650100708008,57.54999923706055,59.17900085449219,33038000,0.0,0.0,0.0,0.0,0.0,0.0
2018-06-19,58.50550079345703,59.14049911499024,58.08050155639648,58.93450164794922,47282000,0.0,0.0,0.0,0.0,0.0,0.0
2018-06-20,59.165000915527344,60.074501037597656,59.10150146484375,59.20349884033203,51686000,0.0,0.0,0.0,0.0,0.0,0.0
2018-06-21,59.2755012512207,59.51649856567383,58.17399978637695,58.47200012207031,44966000,0.0,0.0,0.0,0.0,0.0,0.0
2018-06-22,58.574501037597656,58.75,57.98249816894531,58.464500427246094,34220000,0.0,0.0,0.0,0.0,0.0,0.0
2018-06-25,57.75,57.79949951171875,55.994998931884766,56.9640007019043,57682000,0.0,0.0,0.0,0.0,0.0,0.0
2018-06-26,57.20700073242188,57.34349822998047,56.45000076293945,56.63100051879883,34688000,0.0,0.0,0.0,0.0,0.0,0.0
2018-06-27,56.79999923706055,57.31050109863281,55.834999084472656,55.84700012207031,34538000,0.0,0.0,0.0,0.0,0.0,0.0
2018-06-28,55.61949920654297,56.70000076293945,55.30350112915039,56.3390007019043,29726000,0.0,0.0,0.0,0.0,0.0,0.0
2018-06-29,56.615501403808594,57.06800079345703,56.35100173950195,56.45949935913086,31562000,0.0,0.0,0.0,0.0,0.0,0.0
2018-07-02,55.76750183105469,57.14950180053711,55.33000183105469,57.105499267578125,23216000,0.0,0.0,0.0,0.0,0.0,0.0
2018-07-03,57.47100067138672,57.49549865722656,55.72150039672852,55.81399917602539,16448000,0.0,0.0,0.0,0.0,0.0,0.0
2018-07-05,56.22999954223633,57.20700073242188,56.15599822998047,57.06449890136719,28594000,0.0,0.0,0.0,0.0,0.0,0.0
2018-07-06,57.0885009765625,57.810001373291016,56.86199951171875,57.75400161743164,21820000,0.0,0.0,0.0,0.0,0.0,0.0
2018-07-09,58.0,58.39649963378906,57.86149978637695,58.36399841308594,21584000,0.0,0.0,0.0,0.0,0.0,0.0
2018-07-10,58.4995002746582,58.67499923706055,58.12799835205078,58.35699844360352,21334000,0.0,0.0,0.0,0.0,0.0,0.0
2018-07-11,57.78099822998047,59.02199935913086,57.76850128173828,58.573001861572266,33252000,0.0,0.0,0.0,0.0,0.0,0.0
2018-07-12,58.74300003051758,60.0994987487793,58.65499877929688,60.0629997253418,44148000,0.0,0.0,0.0,0.0,0.0,0.0
2018-07-13,60.13999938964844,60.52199935913086,59.76449966430664,60.22100067138672,32612000,0.0,0.0,0.0,0.0,0.0,0.0
2018-07-16,60.19049835205078,60.43550109863281,59.66999816894531,59.82550048828125,26784000,0.0,0.0,0.0,0.0,0.0,0.0
2018-07-17,59.137001037597656,60.9379997253418,59.09999847412109,60.65399932861328,40162000,0.0,0.0,0.0,0.0,0.0,0.0
2018-07-18,60.42649841308594,61.079498291015625,60.22800064086914,60.64550018310547,38948000,0.0,0.0,0.0,0.0,0.0,0.0
2018-07-19,60.33250045776367,60.82400131225586,59.88650131225586,59.95500183105469,38338000,0.0,0.0,0.0,0.0,0.0,0.0
2018-07-20,59.96200180053711,60.53850173950195,59.829498291015625,59.89400100708008,37938000,0.0,0.0,0.0,0.0,0.0,0.0
2018-07-23,59.78300094604492,60.755001068115234,59.60049819946289,60.54999923706055,65446000,0.0,0.0,0.0,0.0,0.0,0.0
2018-07-24,63.54999923706055,63.75,62.20700073242188,62.907501220703125,107600000,0.0,0.0,0.0,0.0,0.0,0.0
2018-07-25,62.63100051879883,63.9119987487793,62.45249938964844,63.797000885009766,51104000,0.0,0.0,0.0,0.0,0.0,0.0
2018-07-26,63.35900115966797,64.37000274658203,63.150001525878906,64.2750015258789,54686000,0.0,0.0,0.0,0.0,0.0,0.0
2018-07-27,64.45600128173828,64.5719985961914,62.2244987487793,62.64450073242188,48362000,0.0,0.0,0.0,0.0,0.0,0.0
2018-07-30,62.25249862670898,62.64450073242188,61.20849990844727,61.50199890136719,43896000,0.0,0.0,0.0,0.0,0.0,0.0
2018-07-31,61.58549880981445,62.06050109863281,60.80950164794922,61.36100006103516,39382000,0.0,0.0,0.0,0.0,0.0,0.0
2018-08-01,61.95550155639648,62.29499816894531,61.24700164794922,61.64950180053711,36994000,0.0,0.0,0.0,0.0,0.0,0.0
2018-08-02,60.92499923706055,62.22050094604492,60.90299987792969,62.05649948120117,34704000,0.0,0.0,0.0,0.0,0.0,0.0
2018-08-03,62.25899887084961,62.32600021362305,61.47100067138672,61.90800094604492,21264000,0.0,0.0,0.0,0.0,0.0,0.0
2018-08-06,62.08050155639648,62.12300109863281,61.5265007019043,61.88349914550781,22114000,0.0,0.0,0.0,0.0,0.0,0.0
2018-08-07,62.60049819946289,63.30400085449219,62.59000015258789,62.79199981689453,42506000,0.0,0.0,0.0,0.0,0.0,0.0
2018-08-08,62.83599853515625,63.58599853515625,62.60599899291992,63.06650161743164,34344000,0.0,0.0,0.0,0.0,0.0,0.0
2018-08-09,63.13650131225586,63.59799957275391,63.005001068115234,63.22299957275391,27326000,0.0,0.0,0.0,0.0,0.0,0.0
2018-08-10,62.95899963378906,63.060001373291016,62.358001708984375,62.6254997253418,26602000,0.0,0.0,0.0,0.0,0.0,0.0
2018-08-13,62.560001373291016,63.29850006103516,62.35150146484375,62.43199920654297,27500000,0.0,0.0,0.0,0.0,0.0,0.0
2018-08-14,62.625,63.02949905395508,61.97700119018555,62.90700149536133,28080000,0.0,0.0,0.0,0.0,0.0,0.0
2018-08-15,62.2140007019043,62.5989990234375,61.3120002746582,61.61100006103516,37052000,0.0,0.0,0.0,0.0,0.0,0.0
2018-08-16,62.0994987487793,62.185001373291016,60.98149871826172,61.20299911499024,32176000,0.0,0.0,0.0,0.0,0.0,0.0
2018-08-17,61.10200119018555,61.34749984741211,60.20000076293945,60.79249954223633,33092000,0.0,0.0,0.0,0.0,0.0,0.0
2018-08-20,61.03300094604492,61.295501708984375,60.435001373291016,61.09749984741211,22218000,0.0,0.0,0.0,0.0,0.0,0.0
2018-08-21,61.1510009765625,61.63800048828125,60.75149917602539,60.87049865722656,23082000,0.0,0.0,0.0,0.0,0.0,0.0
2018-08-22,60.71099853515625,61.32649993896485,60.6609992980957,61.087501525878906,22296000,0.0,0.0,0.0,0.0,0.0,0.0
2018-08-23,60.99399948120117,61.75849914550781,60.96749877929688,61.05799865722656,24666000,0.0,0.0,0.0,0.0,0.0,0.0
2018-08-24,61.29999923706055,61.869998931884766,61.07099914550781,61.837501525878906,24454000,0.0,0.0,0.0,0.0,0.0,0.0
2018-08-27,62.20700073242188,62.89350128173828,62.03400039672852,62.8134994506836,28580000,0.0,0.0,0.0,0.0,0.0,0.0
2018-08-28,62.79499816894531,62.82799911499024,62.14849853515625,62.292999267578125,27330000,0.0,0.0,0.0,0.0,0.0,0.0
2018-08-29,62.75,63.35850143432617,62.63999938964844,63.23249816894531,36926000,0.0,0.0,0.0,0.0,0.0,0.0
2018-08-30,63.16999816894531,63.4744987487793,62.36050033569336,62.72200012207031,30104000,0.0,0.0,0.0,0.0,0.0,0.0
2018-08-31,62.61050033569336,62.62749862670898,61.28749847412109,61.59000015258789,42308000,0.0,0.0,0.0,0.0,0.0,0.0
2018-09-04,61.1259994506836,61.39350128173828,60.32799911499024,60.56549835205078,41458000,0.0,0.0,0.0,0.0,0.0,0.0
2018-09-05,60.46099853515625,60.743499755859375,58.766998291015625,59.95500183105469,53988000,0.0,0.0,0.0,0.0,0.0,0.0
2018-09-06,59.92850112915039,59.949501037597656,58.18050003051758,59.199501037597656,46854000,0.0,0.0,0.0,0.0,0.0,0.0
2018-09-07,58.59999847412109,59.4275016784668,58.4635009765625,58.87950134277344,32658000,0.0,0.0,0.0,0.0,0.0,0.0
2018-09-10,59.209999084472656,59.33300018310547,58.53049850463867,58.75299835205078,27670000,0.0,0.0,0.0,0.0,0.0,0.0
2018-09-11,58.55500030517578,59.547000885009766,58.29750061035156,59.4995002746582,29254000,0.0,0.0,0.0,0.0,0.0,0.0
2018-09-12,59.09999847412109,59.53450012207031,58.30799865722656,58.58000183105469,35716000,0.0,0.0,0.0,0.0,0.0,0.0
2018-09-13,58.98500061035156,59.39300155639648,58.46099853515625,59.10699844360352,40068000,0.0,0.0,0.0,0.0,0.0,0.0
2018-09-14,59.400001525878906,59.400001525878906,58.67599868774414,58.89899826049805,24176000,0.0,0.0,0.0,0.0,0.0,0.0
2018-09-17,58.88850021362305,59.09099960327149,57.92300033569336,57.99150085449219,34096000,0.0,0.0,0.0,0.0,0.0,0.0
2018-09-18,58.132999420166016,59.06650161743164,58.07149887084961,58.355499267578125,32314000,0.0,0.0,0.0,0.0,0.0,0.0
2018-09-19,58.448001861572266,58.8134994506836,57.930999755859375,58.7135009765625,25962000,0.0,0.0,0.0,0.0,0.0,0.0
2018-09-20,59.03350067138672,59.70000076293945,58.8125,59.57849884033203,29244000,0.0,0.0,0.0,0.0,0.0,0.0
2018-09-21,59.74599838256836,59.82899856567383,58.60300064086914,58.60599899291992,91222000,0.0,0.0,0.0,0.0,0.0,0.0
2018-09-24,57.97050094604492,59.259498596191406,57.57500076293945,58.97800064086914,31150000,0.0,0.0,0.0,0.0,0.0,0.0
2018-09-25,59.212501525878906,59.84299850463867,58.704498291015625,59.69449996948242,33152000,0.0,0.0,0.0,0.0,0.0,0.0
2018-09-26,59.68450164794922,60.36199951171875,59.27000045776367,59.70299911499024,37650000,0.0,0.0,0.0,0.0,0.0,0.0
2018-09-27,60.0,60.84299850463867,59.90250015258789,60.36800003051758,36274000,0.0,0.0,0.0,0.0,0.0,0.0
2018-09-28,60.204498291015625,60.42250061035156,59.89149856567383,60.354000091552734,35612000,0.0,0.0,0.0,0.0,0.0,0.0
2018-10-01,60.650001525878906,61.209999084472656,60.15950012207031,60.42649841308594,33164000,0.0,0.0,0.0,0.0,0.0,0.0
2018-10-02,60.33349990844727,61.22600173950195,59.983001708984375,60.38199996948242,40180000,0.0,0.0,0.0,0.0,0.0,0.0
2018-10-03,60.59999847412109,60.70899963378906,60.10749816894531,60.57649993896485,26246000,0.0,0.0,0.0,0.0,0.0,0.0
2018-10-04,60.25149917602539,60.29499816894531,58.192501068115234,58.85350036621094,46576000,0.0,0.0,0.0,0.0,0.0,0.0
2018-10-05,58.79999923706055,59.09999847412109,57.71599960327149,58.39149856567383,31852000,0.0,0.0,0.0,0.0,0.0,0.0
2018-10-08,58.0,58.792999267578125,56.77000045776367,57.79600143432617,46190000,0.0,0.0,0.0,0.0,0.0,0.0
2018-10-09,57.56549835205078,58.07749938964844,57.20849990844727,57.25849914550781,33690000,0.0,0.0,0.0,0.0,0.0,0.0
2018-10-10,56.81999969482422,56.85100173950195,54.57550048828125,54.608001708984375,58980000,0.0,0.0,0.0,0.0,0.0,0.0
2018-10-11,53.95199966430664,55.803001403808594,53.79449844360352,54.5369987487793,67696000,0.0,0.0,0.0,0.0,0.0,0.0
2018-10-12,55.98199844360352,56.291500091552734,54.75149917602539,56.027000427246094,49370000,0.0,0.0,0.0,0.0,0.0,0.0
2018-10-15,55.900001525878906,56.09000015258789,54.9109992980957,55.12200164794922,30074000,0.0,0.0,0.0,0.0,0.0,0.0
2018-10-16,55.67399978637695,56.81850051879883,55.587501525878906,56.65399932861328,38378000,0.0,0.0,0.0,0.0,0.0,0.0
2018-10-17,57.0,57.34999847412109,55.70000076293945,56.37950134277344,35652000,0.0,0.0,0.0,0.0,0.0,0.0
2018-10-18,56.5,56.61750030517578,54.31700134277344,54.89550018310547,46152000,0.0,0.0,0.0,0.0,0.0,0.0
2018-10-19,55.18550109863281,56.04750061035156,54.85150146484375,55.25899887084961,41286000,0.0,0.0,0.0,0.0,0.0,0.0
2018-10-22,55.6254997253418,56.08449935913086,55.0,55.56850051879883,27116000,0.0,0.0,0.0,0.0,0.0,0.0
2018-10-23,54.56449890136719,55.900001525878906,53.95050048828125,55.74549865722656,37686000,0.0,0.0,0.0,0.0,0.0,0.0
2018-10-24,55.75,55.83100128173828,52.75299835205078,52.85599899291992,49286000,0.0,0.0,0.0,0.0,0.0,0.0
2018-10-25,54.01499938964844,55.89099884033203,53.77750015258789,55.179500579833984,72956000,0.0,0.0,0.0,0.0,0.0,0.0
2018-10-26,52.416500091552734,55.84999847412109,52.11149978637695,54.1875,106438000,0.0,0.0,0.0,0.0,0.0,0.0
2018-10-29,54.82699966430664,55.44150161743164,50.36000061035156,51.73649978637695,81290000,0.0,0.0,0.0,0.0,0.0,0.0
2018-10-30,51.0004997253418,52.54499816894531,50.69850158691406,52.47549819946289,59768000,0.0,0.0,0.0,0.0,0.0,0.0
2018-10-31,53.40999984741211,55.400001525878906,53.40999984741211,54.52899932861328,70916000,0.0,0.0,0.0,0.0,0.0,0.0
2018-11-01,54.56999969482422,54.994998931884766,53.89099884033203,54.29899978637695,40132000,0.0,0.0,0.0,0.0,0.0,0.0
2018-11-02,54.45000076293945,54.900001525878906,53.382999420166016,53.574501037597656,43438000,0.0,0.0,0.0,0.0,0.0,0.0
2018-11-05,53.62649917602539,53.66749954223633,51.70000076293945,52.7864990234375,45358000,0.0,0.0,0.0,0.0,0.0,0.0
2018-11-06,52.7509994506836,53.99100112915039,52.68050003051758,53.47850036621094,28660000,0.0,0.0,0.0,0.0,0.0,0.0
2018-11-07,54.17449951171875,55.49649810791016,54.02949905395508,55.4119987487793,43388000,0.0,0.0,0.0,0.0,0.0,0.0
2018-11-08,55.3650016784668,55.4109992980957,54.21799850463867,54.73149871826172,33694000,0.0,0.0,0.0,0.0,0.0,0.0
2018-11-09,54.20100021362305,54.41749954223633,53.2130012512207,53.85100173950195,34860000,0.0,0.0,0.0,0.0,0.0,0.0
2018-11-12,53.65650177001953,53.70500183105469,52.01750183105469,52.46799850463867,34002000,0.0,0.0,0.0,0.0,0.0,0.0
2018-11-13,52.740501403808594,53.33349990844727,52.02000045776367,52.39849853515625,25750000,0.0,0.0,0.0,0.0,0.0,0.0
2018-11-14,53.0,53.28950119018555,52.05550003051758,52.729000091552734,34666000,0.0,0.0,0.0,0.0,0.0,0.0
2018-11-15,52.573001861572266,53.94350051879883,52.06449890136719,53.5525016784668,41584000,0.0,0.0,0.0,0.0,0.0,0.0
2018-11-16,53.26150131225586,53.62200164794922,52.744998931884766,53.41350173950195,35366000,0.0,0.0,0.0,0.0,0.0,0.0
2018-11-19,53.16949844360352,53.400001525878906,51.14350128173828,51.37099838256836,45684000,0.0,0.0,0.0,0.0,0.0,0.0
2018-11-20,50.36449813842773,51.86750030517578,50.11050033569336,51.522499084472656,54458000,0.0,0.0,0.0,0.0,0.0,0.0
2018-11-21,52.26549911499024,52.73550033569336,51.97299957275391,52.17150115966797,29698000,0.0,0.0,0.0,0.0,0.0,0.0
2018-11-23,51.67499923706055,52.150001525878906,51.42599868774414,51.505001068115234,14178000,0.0,0.0,0.0,0.0,0.0,0.0
2018-11-26,52.20000076293945,52.84999847412109,51.98849868774414,52.797000885009766,31558000,0.0,0.0,0.0,0.0,0.0,0.0
2018-11-27,52.56700134277344,53.3380012512207,52.275001525878906,52.61399841308594,33048000,0.0,0.0,0.0,0.0,0.0,0.0
2018-11-28,52.87300109863281,54.64300155639648,52.147499084472656,54.589500427246094,46042000,0.0,0.0,0.0,0.0,0.0,0.0
2018-11-29,54.17649841308594,55.00749969482422,54.09999847412109,54.729000091552734,31004000,0.0,0.0,0.0,0.0,0.0,0.0
2018-11-30,54.78150177001953,55.48249816894531,54.15900039672852,55.48249816894531,59668000,0.0,0.0,0.0,0.0,0.0,0.0
2018-12-03,56.608001708984375,56.75,55.58649826049805,55.81800079345703,57532000,0.0,0.0,0.0,0.0,0.0,0.0
2018-12-04,55.64950180053711,55.71200180053711,53.03900146484375,53.12350082397461,45630000,0.0,0.0,0.0,0.0,0.0,0.0
2018-12-06,52.25,53.97100067138672,52.124000549316406,53.90399932861328,47436000,0.0,0.0,0.0,0.0,0.0,0.0
2018-12-07,53.61149978637695,54.25149917602539,51.96849822998047,52.32899856567383,42682000,0.0,0.0,0.0,0.0,0.0,0.0
2018-12-10,52.14699935913086,52.97999954223633,51.650001525878906,52.65900039672852,33652000,0.0,0.0,0.0,0.0,0.0,0.0
2018-12-11,53.34700012207031,53.52000045776367,52.505001068115234,53.08250045776367,33852000,0.0,0.0,0.0,0.0,0.0,0.0
2018-12-12,53.854000091552734,54.58649826049805,53.5984992980957,53.686500549316406,28960000,0.0,0.0,0.0,0.0,0.0,0.0
2018-12-13,53.78350067138672,54.42100143432617,53.2495002746582,53.67699813842773,24986000,0.0,0.0,0.0,0.0,0.0,0.0
2018-12-14,53.0009994506836,53.58599853515625,52.46849822998047,52.58549880981445,36358000,0.0,0.0,0.0,0.0,0.0,0.0
2018-12-17,52.35049819946289,53.11899948120117,50.83150100708008,51.282501220703125,49932000,0.0,0.0,0.0,0.0,0.0,0.0
2018-12-18,51.70000076293945,52.984500885009766,51.52399826049805,52.170501708984375,43640000,0.0,0.0,0.0,0.0,0.0,0.0
2018-12-19,52.36449813842773,53.78549957275391,50.97150039672852,51.77299880981445,58264000,0.0,0.0,0.0,0.0,0.0,0.0
2018-12-20,51.29999923706055,52.37200164794922,50.39300155639648,51.17900085449219,53674000,0.0,0.0,0.0,0.0,0.0,0.0
2018-12-21,51.60200119018555,51.88349914550781,49.05950164794922,49.5625,104656000,0.0,0.0,0.0,0.0,0.0,0.0
2018-12-24,49.21599960327149,50.60599899291992,48.882999420166016,49.23350143432617,36360000,0.0,0.0,0.0,0.0,0.0,0.0
2018-12-26,49.89950180053711,52.42250061035156,49.63249969482422,52.39250183105469,46318000,0.0,0.0,0.0,0.0,0.0,0.0
2018-12-27,51.310001373291016,52.66699981689453,50.34999847412109,52.64500045776367,45996000,0.0,0.0,0.0,0.0,0.0,0.0
2018-12-28,52.97499847412109,53.21149826049805,52.09999847412109,52.33399963378906,34398000,0.0,0.0,0.0,0.0,0.0,0.0
2018-12-31,52.89149856567383,53.14950180053711,51.652000427246094,52.24800109863281,33110000,0.0,0.0,0.0,0.0,0.0,0.0
2019-01-02,51.36000061035156,53.03950119018555,51.26399993896485,52.73400115966797,31868000,0.0,0.0,0.0,0.0,0.0,0.0
2019-01-03,52.53350067138672,53.3129997253418,51.118499755859375,51.27349853515625,41960000,0.0,0.0,0.0,0.0,0.0,0.0
2019-01-04,52.12799835205078,54.0,51.84299850463867,53.90349960327149,46022000,0.0,0.0,0.0,0.0,0.0,0.0
2019-01-07,54.04850006103516,54.1349983215332,53.13199996948242,53.79600143432617,47446000,0.0,0.0,0.0,0.0,0.0,0.0
2019-01-08,54.29999923706055,54.66749954223633,53.41749954223633,54.26850128173828,35414000,0.0,0.0,0.0,0.0,0.0,0.0
2019-01-09,54.39950180053711,54.58200073242188,53.71849822998047,54.08250045776367,26998000,0.0,0.0,0.0,0.0,0.0,0.0
2019-01-10,53.74700164794922,53.990501403808594,53.23400115966797,53.94150161743164,26598000,0.0,0.0,0.0,0.0,0.0,0.0
2019-01-11,53.494998931884766,53.66849899291992,52.82149887084961,53.2234992980957,30864000,0.0,0.0,0.0,0.0,0.0,0.0
2019-01-14,52.66699981689453,52.92250061035156,52.4275016784668,52.57550048828125,28490000,0.0,0.0,0.0,0.0,0.0,0.0
2019-01-15,52.9005012512207,54.41350173950195,52.72200012207031,54.32550048828125,37518000,0.0,0.0,0.0,0.0,0.0,0.0
2019-01-16,54.5,55.11800003051758,54.4005012512207,54.47549819946289,38280000,0.0,0.0,0.0,0.0,0.0,0.0
2019-01-17,54.39950180053711,55.03499984741211,54.16299819946289,54.95600128173828,24896000,0.0,0.0,0.0,0.0,0.0,0.0
2019-01-18,55.429500579833984,55.900001525878906,54.9640007019043,55.3650016784668,44892000,0.0,0.0,0.0,0.0,0.0,0.0
2019-01-22,54.79999923706055,54.94850158691406,53.54449844360352,53.93149948120117,39632000,0.0,0.0,0.0,0.0,0.0,0.0
2019-01-23,54.34299850463867,54.647499084472656,53.37850189208984,54.22050094604492,25194000,0.0,0.0,0.0,0.0,0.0,0.0
2019-01-24,54.1254997253418,54.400001525878906,53.5009994506836,54.20000076293945,29114000,0.0,0.0,0.0,0.0,0.0,0.0
2019-01-25,54.71149826049805,55.167999267578125,54.59000015258789,55.07550048828125,23260000,0.0,0.0,0.0,0.0,0.0,0.0
2019-01-28,54.50350189208984,54.66849899291992,53.730499267578125,53.99300003051758,29334000,0.0,0.0,0.0,0.0,0.0,0.0
2019-01-29,54.05199813842773,54.23649978637695,53.30099868774414,53.50299835205078,19704000,0.0,0.0,0.0,0.0,0.0,0.0
2019-01-30,53.86800003051758,54.97600173950195,53.83200073242188,54.89950180053711,29452000,0.0,0.0,0.0,0.0,0.0,0.0
2019-01-31,55.61199951171875,56.38349914550781,55.26250076293945,56.29449844360352,40232000,0.0,0.0,0.0,0.0,0.0,0.0
2019-02-01,56.11449813842773,56.720001220703125,55.712501525878906,55.930999755859375,33116000,0.0,0.0,0.0,0.0,0.0,0.0
2019-02-04,55.95050048828125,57.117000579833984,55.8754997253418,57.07099914550781,78408000,0.0,0.0,0.0,0.0,0.0,0.0
2019-02-05,56.48149871826172,57.63850021362305,56.18000030517578,57.59349822998047,82296000,0.0,0.0,0.0,0.0,0.0,0.0
2019-02-06,57.4635009765625,57.70000076293945,55.917999267578125,56.14450073242188,48256000,0.0,0.0,0.0,0.0,0.0,0.0
2019-02-07,55.59099960327149,55.5994987487793,54.679500579833984,55.295501708984375,38298000,0.0,0.0,0.0,0.0,0.0,0.0
2019-02-08,54.74399948120117,55.255001068115234,54.71200180053711,55.11899948120117,21766000,0.0,0.0,0.0,0.0,0.0,0.0
2019-02-11,55.1875,55.67150115966797,55.0,55.10599899291992,18498000,0.0,0.0,0.0,0.0,0.0,0.0
2019-02-12,55.55049896240234,56.64300155639648,55.55049896240234,56.37900161743164,35036000,0.0,0.0,0.0,0.0,0.0,0.0
2019-02-13,56.652000427246094,57.14250183105469,56.29999923706055,56.43149948120117,28042000,0.0,0.0,0.0,0.0,0.0,0.0
2019-02-14,56.25,56.80649948120117,55.85449981689453,56.459999084472656,21106000,0.0,0.0,0.0,0.0,0.0,0.0
2019-02-15,56.96500015258789,56.96500015258789,55.83599853515625,55.98149871826172,27826000,0.0,0.0,0.0,0.0,0.0,0.0
2019-02-19,55.83200073242188,56.48199844360352,55.83200073242188,56.32550048828125,21980000,0.0,0.0,0.0,0.0,0.0,0.0
2019-02-20,56.44400024414063,56.54650115966797,55.587501525878906,56.02949905395508,24090000,0.0,0.0,0.0,0.0,0.0,0.0
2019-02-21,55.93899917602539,55.95750045776367,54.89899826049805,55.21049880981445,33272000,0.0,0.0,0.0,0.0,0.0,0.0
2019-02-22,55.48500061035156,55.86249923706055,55.025001525878906,55.82799911499024,29436000,0.0,0.0,0.0,0.0,0.0,0.0
2019-02-25,56.09650039672852,56.27000045776367,55.70550155639648,55.86650085449219,26208000,0.0,0.0,0.0,0.0,0.0,0.0
2019-02-26,55.71849822998047,56.321998596191406,55.334999084472656,56.10049819946289,35026000,0.0,0.0,0.0,0.0,0.0,0.0
2019-02-27,55.70050048828125,56.2864990234375,55.428001403808594,56.14450073242188,22092000,0.0,0.0,0.0,0.0,0.0,0.0
2019-02-28,55.95000076293945,56.699501037597656,55.920501708984375,56.32749938964844,27422000,0.0,0.0,0.0,0.0,0.0,0.0
2019-03-01,56.54999923706055,57.5,56.54999923706055,57.42599868774414,34086000,0.0,0.0,0.0,0.0,0.0,0.0
2019-03-04,57.72800064086914,58.2760009765625,56.91249847412109,57.67100143432617,35490000,0.0,0.0,0.0,0.0,0.0,0.0
2019-03-05,57.79999923706055,58.824501037597656,57.6510009765625,58.45949935913086,40094000,0.0,0.0,0.0,0.0,0.0,0.0
2019-03-06,58.5880012512207,58.73699951171875,58.15250015258789,58.24700164794922,23602000,0.0,0.0,0.0,0.0,0.0,0.0
2019-03-07,58.025001525878906,58.17900085449219,57.08549880981445,57.54249954223633,30086000,0.0,0.0,0.0,0.0,0.0,0.0
2019-03-08,56.69499969482422,57.67250061035156,56.5099983215332,57.49850082397461,23694000,0.0,0.0,0.0,0.0,0.0,0.0
2019-03-11,57.59999847412109,58.99549865722656,57.57849884033203,58.9630012512207,30032000,0.0,0.0,0.0,0.0,0.0,0.0
2019-03-12,59.1150016784668,60.28549957275391,59.1150016784668,59.86249923706055,42220000,0.0,0.0,0.0,0.0,0.0,0.0
2019-03-13,60.29650115966797,60.35599899291992,59.89550018310547,59.95299911499024,25888000,0.0,0.0,0.0,0.0,0.0,0.0
2019-03-14,59.95100021362305,60.23500061035156,59.561500549316406,59.62649917602539,27302000,0.0,0.0,0.0,0.0,0.0,0.0
2019-03-15,59.900001525878906,60.08599853515625,59.35049819946289,59.51499938964844,51886000,0.0,0.0,0.0,0.0,0.0,0.0
2019-03-18,59.484500885009766,59.747501373291016,59.07400131225586,59.4275016784668,24442000,0.0,0.0,0.0,0.0,0.0,0.0
2019-03-19,59.58599853515625,60.170501708984375,59.47299957275391,60.12300109863281,29788000,0.0,0.0,0.0,0.0,0.0,0.0
2019-03-20,60.06999969482422,61.4995002746582,59.97949981689453,61.32149887084961,41508000,0.0,0.0,0.0,0.0,0.0,0.0
2019-03-21,61.0,61.821998596191406,60.82899856567383,61.80649948120117,28150000,0.0,0.0,0.0,0.0,0.0,0.0
2019-03-22,61.442501068115234,61.68149948120117,60.29999923706055,60.38249969482422,34422000,0.0,0.0,0.0,0.0,0.0,0.0
2019-03-25,59.97800064086914,60.47200012207031,59.5,59.86899948120117,27576000,0.0,0.0,0.0,0.0,0.0,0.0
2019-03-26,60.259498596191406,60.38249969482422,59.0880012512207,59.492000579833984,30752000,0.0,0.0,0.0,0.0,0.0,0.0
2019-03-27,59.59600067138672,59.59600067138672,58.21149826049805,58.9005012512207,29428000,0.0,0.0,0.0,0.0,0.0,0.0
2019-03-28,58.775001525878906,58.86249923706055,58.17150115966797,58.61349868774414,22402000,0.0,0.0,0.0,0.0,0.0,0.0
2019-03-29,59.00899887084961,59.19850158691406,58.31900024414063,58.84450149536133,30890000,0.0,0.0,0.0,0.0,0.0,0.0
2019-04-01,59.37699890136719,60.0099983215332,59.31800079345703,59.94900131225586,27706000,0.0,0.0,0.0,0.0,0.0,0.0
2019-04-02,60.00249862670898,60.29050064086914,59.5620002746582,60.277000427246094,18288000,0.0,0.0,0.0,0.0,0.0,0.0
2019-04-03,60.6349983215332,61.02999877929688,60.25400161743164,60.54050064086914,22180000,0.0,0.0,0.0,0.0,0.0,0.0
2019-04-04,60.56449890136719,61.02750015258789,60.45199966430664,60.97249984741211,21022000,0.0,0.0,0.0,0.0,0.0,0.0
2019-04-05,60.96500015258789,61.01950073242188,60.50149917602539,60.5724983215332,20012000,0.0,0.0,0.0,0.0,0.0,0.0
2019-04-08,60.55550003051758,60.6974983215332,60.23500061035156,60.41400146484375,21750000,0.0,0.0,0.0,0.0,0.0,0.0
2019-04-09,60.09450149536133,60.35749816894531,59.91899871826172,60.134498596191406,19668000,0.0,0.0,0.0,0.0,0.0,0.0
2019-04-10,60.25450134277344,60.446998596191406,60.03300094604492,60.3224983215332,15510000,0.0,0.0,0.0,0.0,0.0,0.0
2019-04-11,60.44499969482422,60.637001037597656,60.22700119018555,60.47949981689453,16998000,0.0,0.0,0.0,0.0,0.0,0.0
2019-04-12,60.78099822998047,61.15250015258789,60.66450119018555,61.13650131225586,24312000,0.0,0.0,0.0,0.0,0.0,0.0
2019-04-15,61.204498291015625,61.46500015258789,60.72800064086914,61.32649993896485,23796000,0.0,0.0,0.0,0.0,0.0,0.0
2019-04-16,61.5,61.79899978637695,61.25199890136719,61.59550094604492,22622000,0.0,0.0,0.0,0.0,0.0,0.0
2019-04-17,61.84999847412109,62.255001068115234,61.64500045776367,62.00699996948242,30366000,0.0,0.0,0.0,0.0,0.0,0.0
2019-04-18,62.25,62.297000885009766,61.97050094604492,62.07350158691406,24750000,0.0,0.0,0.0,0.0,0.0,0.0
2019-04-22,61.83349990844727,62.71699905395508,61.66849899291992,62.6879997253418,19084000,0.0,0.0,0.0,0.0,0.0,0.0
2019-04-23,62.83200073242188,63.72150039672852,62.5984992980957,63.52949905395508,31868000,0.0,0.0,0.0,0.0,0.0,0.0
2019-04-24,63.52949905395508,63.70000076293945,62.990501403808594,63.00249862670898,23396000,0.0,0.0,0.0,0.0,0.0,0.0
2019-04-25,63.51499938964844,63.63999938964844,62.900001525878906,63.367000579833984,31344000,0.0,0.0,0.0,0.0,0.0,0.0
2019-04-26,63.66899871826172,63.945499420166016,63.25,63.87099838256836,27228000,0.0,0.0,0.0,0.0,0.0,0.0
2019-04-29,64.02549743652344,64.84850311279297,63.58549880981445,64.80999755859375,72368000,0.0,0.0,0.0,0.0,0.0,0.0
2019-04-30,59.53150177001953,60.04899978637695,59.150001525878906,59.948001861572266,133178000,0.0,0.0,0.0,0.0,0.0,0.0
2019-05-01,59.875,59.962501525878906,58.58399963378906,58.66600036621094,74340000,0.0,0.0,0.0,0.0,0.0,0.0
2019-05-02,58.630001068115234,58.96900177001953,57.916500091552734,58.32550048828125,45098000,0.0,0.0,0.0,0.0,0.0,0.0
2019-05-03,58.87049865722656,59.56999969482422,58.6775016784668,59.477500915527344,41588000,0.0,0.0,0.0,0.0,0.0,0.0
2019-05-06,58.59999847412109,59.77149963378906,58.55799865722656,59.67300033569336,31774000,0.0,0.0,0.0,0.0,0.0,0.0
2019-05-07,59.29050064086914,59.73849868774414,58.25,58.94300079345703,36604000,0.0,0.0,0.0,0.0,0.0,0.0
2019-05-08,58.86449813842773,59.2135009765625,58.38150024414063,58.53900146484375,25520000,0.0,0.0,0.0,0.0,0.0,0.0
2019-05-09,58.130001068115234,58.70349884033203,57.73199844360352,58.39849853515625,29556000,0.0,0.0,0.0,0.0,0.0,0.0
2019-05-10,58.44200134277344,58.81399917602539,57.31850051879883,58.38199996948242,31650000,0.0,0.0,0.0,0.0,0.0,0.0
2019-05-13,57.262001037597656,57.5984992980957,56.275001525878906,56.829498291015625,45626000,0.0,0.0,0.0,0.0,0.0,0.0
2019-05-14,57.11600112915039,57.243499755859375,56.17649841308594,56.24300003051758,40392000,0.0,0.0,0.0,0.0,0.0,0.0
2019-05-15,56.12749862670898,58.915000915527344,56.06999969482422,58.540000915527344,59302000,0.0,0.0,0.0,0.0,0.0,0.0
2019-05-16,58.59199905395508,59.70800018310547,58.42250061035156,59.22499847412109,35308000,0.0,0.0,0.0,0.0,0.0,0.0
2019-05-17,58.791500091552734,59.31449890136719,58.32099914550781,58.43899917602539,25362000,0.0,0.0,0.0,0.0,0.0,0.0
2019-05-20,57.650001525878906,57.650001525878906,56.90700149536133,57.233001708984375,30602000,0.0,0.0,0.0,0.0,0.0,0.0
2019-05-21,57.7239990234375,57.900001525878906,57.16550064086914,57.72200012207031,20562000,0.0,0.0,0.0,0.0,0.0,0.0
2019-05-22,57.5625,58.18899917602539,57.54999923706055,57.79249954223633,18826000,0.0,0.0,0.0,0.0,0.0,0.0
2019-05-23,57.30350112915039,57.50249862670898,56.65800094604492,57.266998291015625,25214000,0.0,0.0,0.0,0.0,0.0,0.0
2019-05-24,57.59999847412109,57.71799850463867,56.83549880981445,56.93050003051758,18554000,0.0,0.0,0.0,0.0,0.0,0.0
2019-05-28,57.07400131225586,57.824501037597656,56.93349838256836,56.97800064086914,20948000,0.0,0.0,0.0,0.0,0.0,0.0
2019-05-29,56.6349983215332,56.75,55.59749984741211,55.99700164794922,36230000,0.0,0.0,0.0,0.0,0.0,0.0
2019-05-30,56.00749969482422,56.34000015258789,55.79499816894531,56.070499420166016,18088000,0.0,0.0,0.0,0.0,0.0,0.0
2019-05-31,55.28200149536133,55.66999816894531,55.16749954223633,55.32500076293945,31582000,0.0,0.0,0.0,0.0,0.0,0.0
2019-06-03,53.34650039672852,53.34999847412109,51.35150146484375,51.9370002746582,96890000,0.0,0.0,0.0,0.0,0.0,0.0
2019-06-04,52.2244987487793,52.922000885009766,51.80149841308594,52.7244987487793,60512000,0.0,0.0,0.0,0.0,0.0,0.0
2019-06-05,52.75,52.84049987792969,51.650001525878906,52.23199844360352,46988000,0.0,0.0,0.0,0.0,0.0,0.0
2019-06-06,52.31050109863281,52.5,51.7755012512207,52.38800048828125,29020000,0.0,0.0,0.0,0.0,0.0,0.0
2019-06-07,52.7140007019043,53.67150115966797,52.557498931884766,53.41849899291992,43828000,0.0,0.0,0.0,0.0,0.0,0.0
2019-06-10,53.84999847412109,54.742000579833984,53.76399993896485,54.13800048828125,28510000,0.0,0.0,0.0,0.0,0.0,0.0
2019-06-11,54.8494987487793,55.20050048828125,53.97850036621094,54.05199813842773,33508000,0.0,0.0,0.0,0.0,0.0,0.0
2019-06-12,53.997501373291016,54.1259994506836,53.47999954223633,53.95500183105469,23670000,0.0,0.0,0.0,0.0,0.0,0.0
2019-06-13,54.23550033569336,54.829498291015625,54.12850189208984,54.55049896240234,20814000,0.0,0.0,0.0,0.0,0.0,0.0
2019-06-14,54.48699951171875,54.73799896240234,54.07400131225586,54.31499862670898,24582000,0.0,0.0,0.0,0.0,0.0,0.0
2019-06-17,54.45500183105469,55.06399917602539,54.400001525878906,54.69449996948242,19770000,0.0,0.0,0.0,0.0,0.0,0.0
2019-06-18,55.57500076293945,55.93899917602539,55.03950119018555,55.262001037597656,34526000,0.0,0.0,0.0,0.0,0.0,0.0
2019-06-19,55.36199951171875,55.47150039672852,54.80149841308594,55.22549819946289,26714000,0.0,0.0,0.0,0.0,0.0,0.0
2019-06-20,56.084999084472656,56.13600158691406,55.34999847412109,55.65999984741211,24018000,0.0,0.0,0.0,0.0,0.0,0.0
2019-06-21,55.49300003051758,56.32849884033203,55.48600006103516,56.26850128173828,50774000,0.0,0.0,0.0,0.0,0.0,0.0
2019-06-24,56.0,56.17850112915039,55.66550064086914,55.834999084472656,24236000,0.0,0.0,0.0,0.0,0.0,0.0
2019-06-25,55.75400161743164,55.78499984741211,54.22999954223633,54.37900161743164,31644000,0.0,0.0,0.0,0.0,0.0,0.0
2019-06-26,54.54999923706055,54.75600051879883,53.68450164794922,54.01599884033203,34698000,0.0,0.0,0.0,0.0,0.0,0.0
2019-06-27,54.337501525878906,54.42300033569336,53.79249954223633,53.83150100708008,24078000,0.0,0.0,0.0,0.0,0.0,0.0
2019-06-28,53.86149978637695,54.13999938964844,53.68999862670898,54.13999938964844,33672000,0.0,0.0,0.0,0.0,0.0,0.0
2019-07-01,55.05199813842773,55.429500579833984,54.76649856567383,55.0,29196000,0.0,0.0,0.0,0.0,0.0,0.0
2019-07-02,55.24150085449219,55.64450073242188,54.98350143432617,55.630001068115234,20630000,0.0,0.0,0.0,0.0,0.0,0.0
2019-07-03,55.92499923706055,56.39950180053711,55.74250030517578,56.14950180053711,20154000,0.0,0.0,0.0,0.0,0.0,0.0
2019-07-05,55.96849822998047,56.73249816894531,55.875,56.63349914550781,29794000,0.0,0.0,0.0,0.0,0.0,0.0
2019-07-08,56.29349899291992,56.36050033569336,55.5880012512207,55.839500427246094,29888000,0.0,0.0,0.0,0.0,0.0,0.0
2019-07-09,55.51599884033203,56.39300155639648,55.35749816894531,56.214500427246094,29472000,0.0,0.0,0.0,0.0,0.0,0.0
2019-07-10,56.61600112915039,57.117000579833984,56.53300094604492,57.045501708984375,30710000,0.0,0.0,0.0,0.0,0.0,0.0
2019-07-11,57.30799865722656,57.6619987487793,56.97650146484375,57.20399856567383,26004000,0.0,0.0,0.0,0.0,0.0,0.0
2019-07-12,57.14649963378906,57.375,56.928001403808594,57.266998291015625,21878000,0.0,0.0,0.0,0.0,0.0,0.0
2019-07-15,57.266998291015625,57.53400039672852,57.0,57.5255012512207,21164000,0.0,0.0,0.0,0.0,0.0,0.0
2019-07-16,57.33649826049805,57.92900085449219,57.33649826049805,57.67300033569336,25352000,0.0,0.0,0.0,0.0,0.0,0.0
2019-07-17,57.54600143432617,57.922000885009766,57.33100128173828,57.33700180053711,19538000,0.0,0.0,0.0,0.0,0.0,0.0
2019-07-18,57.09999847412109,57.40850067138672,56.64300155639648,57.36199951171875,25450000,0.0,0.0,0.0,0.0,0.0,0.0
2019-07-19,57.46599960327149,57.57899856567383,56.5625,56.57749938964844,23184000,0.0,0.0,0.0,0.0,0.0,0.0
2019-07-22,56.77349853515625,57.0009994506836,56.260501861572266,56.96049880981445,28914000,0.0,0.0,0.0,0.0,0.0,0.0
2019-07-23,57.17250061035156,57.44300079345703,56.64250183105469,57.40250015258789,20648000,0.0,0.0,0.0,0.0,0.0,0.0
2019-07-24,56.63100051879883,57.27299880981445,56.42549896240234,56.98649978637695,27192000,0.0,0.0,0.0,0.0,0.0,0.0
2019-07-25,56.9474983215332,57.179500579833984,56.18550109863281,56.797000885009766,54762000,0.0,0.0,0.0,0.0,0.0,0.0
2019-07-26,61.400001525878906,63.41949844360352,61.400001525878906,62.26100158691406,121216000,0.0,0.0,0.0,0.0,0.0,0.0
2019-07-29,62.125,62.449501037597656,61.5099983215332,62.09199905395508,41382000,0.0,0.0,0.0,0.0,0.0,0.0
2019-07-30,61.34999847412109,61.84550094604492,61.26599884033203,61.400001525878906,28616000,0.0,0.0,0.0,0.0,0.0,0.0
2019-07-31,61.243499755859375,61.74549865722656,60.40900039672852,60.90999984741211,39960000,0.0,0.0,0.0,0.0,0.0,0.0
2019-08-01,60.88150024414063,61.81499862670898,60.34999847412109,60.5890007019043,35426000,0.0,0.0,0.0,0.0,0.0,0.0
2019-08-02,60.150001525878906,60.47499847412109,59.5,59.81600189208984,34910000,0.0,0.0,0.0,0.0,0.0,0.0
2019-08-05,58.64849853515625,58.84400177001953,57.13750076293945,57.73749923706055,47840000,0.0,0.0,0.0,0.0,0.0,0.0
2019-08-06,58.2760009765625,59.06999969482422,58.07649993896485,58.55400085449219,36014000,0.0,0.0,0.0,0.0,0.0,0.0
2019-08-07,57.88999938964844,58.993499755859375,57.54199981689453,58.795501708984375,30686000,0.0,0.0,0.0,0.0,0.0,0.0
2019-08-08,59.32149887084961,60.31399917602539,58.70000076293945,60.30950164794922,30116000,0.0,0.0,0.0,0.0,0.0,0.0
2019-08-09,59.9995002746582,60.22299957275391,59.24449920654297,59.44499969482422,20418000,0.0,0.0,0.0,0.0,0.0,0.0
2019-08-12,59.0,59.28049850463867,58.43600082397461,58.72499847412109,22064000,0.0,0.0,0.0,0.0,0.0,0.0
2019-08-13,58.71749877929688,60.27149963378906,58.64950180053711,59.83649826049805,28434000,0.0,0.0,0.0,0.0,0.0,0.0
2019-08-14,58.80350112915039,59.13949966430664,58.05350112915039,58.212501525878906,35430000,0.0,0.0,0.0,0.0,0.0,0.0
2019-08-15,58.42150115966797,58.82099914550781,58.150001525878906,58.46599960327149,28506000,0.0,0.0,0.0,0.0,0.0,0.0
2019-08-16,59.03950119018555,59.19200134277344,58.650001525878906,58.96049880981445,24916000,0.0,0.0,0.0,0.0,0.0,0.0
2019-08-19,59.59149932861328,60.46950149536133,59.52000045776367,60.02199935913086,24450000,0.0,0.0,0.0,0.0,0.0,0.0
2019-08-20,59.76750183105469,59.900001525878906,59.15250015258789,59.17649841308594,20206000,0.0,0.0,0.0,0.0,0.0,0.0
2019-08-21,59.79100036621094,60.02799987792969,59.39599990844727,59.57899856567383,14152000,0.0,0.0,0.0,0.0,0.0,0.0
2019-08-22,59.68999862670898,59.93899917602539,58.945499420166016,59.57600021362305,17352000,0.0,0.0,0.0,0.0,0.0,0.0
2019-08-23,59.25849914550781,59.78350067138672,57.5,57.67900085449219,36254000,0.0,0.0,0.0,0.0,0.0,0.0
2019-08-26,57.97249984741211,58.59299850463867,57.74250030517578,58.55899810791016,21166000,0.0,0.0,0.0,0.0,0.0,0.0
2019-08-27,59.150001525878906,59.25,58.22800064086914,58.54100036621094,23460000,0.0,0.0,0.0,0.0,0.0,0.0
2019-08-28,58.243499755859375,58.92499923706055,58.01250076293945,58.6875,16810000,0.0,0.0,0.0,0.0,0.0,0.0
2019-08-29,59.32099914550781,59.95949935913086,59.26399993896485,59.71200180053711,19636000,0.0,0.0,0.0,0.0,0.0,0.0
2019-08-30,60.01750183105469,60.01750183105469,59.2859992980957,59.5265007019043,18064000,0.0,0.0,0.0,0.0,0.0,0.0
2019-09-03,59.09249877929688,59.45399856567383,58.18550109863281,58.477500915527344,25908000,0.0,0.0,0.0,0.0,0.0,0.0
2019-09-04,58.97249984741211,59.24399948120117,58.57649993896485,59.11349868774414,21312000,0.0,0.0,0.0,0.0,0.0,0.0
2019-09-05,59.68299865722656,60.70000076293945,59.634498596191406,60.609500885009766,26394000,0.0,0.0,0.0,0.0,0.0,0.0
2019-09-06,60.45700073242188,60.647499084472656,60.16299819946289,60.31600189208984,18972000,0.0,0.0,0.0,0.0,0.0,0.0
2019-09-09,60.354000091552734,61.02750015258789,59.65850067138672,60.26350021362305,31854000,0.0,0.0,0.0,0.0,0.0,0.0
2019-09-10,59.804500579833984,60.5,59.80049896240234,60.28499984741211,27922000,0.0,0.0,0.0,0.0,0.0,0.0
2019-09-11,60.19449996948242,61.12350082397461,60.11399841308594,61.0,23522000,0.0,0.0,0.0,0.0,0.0,0.0
2019-09-12,61.17350006103516,62.12099838256836,61.12799835205078,61.74850082397461,31644000,0.0,0.0,0.0,0.0,0.0,0.0
2019-09-13,61.605499267578125,62.0525016784668,61.354000091552734,62.00149917602539,23676000,0.0,0.0,0.0,0.0,0.0,0.0
2019-09-16,61.52199935913086,61.95100021362305,61.259498596191406,61.58150100708008,28218000,0.0,0.0,0.0,0.0,0.0,0.0
2019-09-17,61.58150100708008,61.75,61.16749954223633,61.49399948120117,20806000,0.0,0.0,0.0,0.0,0.0,0.0
2019-09-18,61.512001037597656,61.8120002746582,60.82350158691406,61.63249969482422,17440000,0.0,0.0,0.0,0.0,0.0,0.0
2019-09-19,61.61600112915039,62.21699905395508,61.615501403808594,61.9375,16554000,0.0,0.0,0.0,0.0,0.0,0.0
2019-09-20,61.68199920654297,62.13999938964844,61.17900085449219,61.492000579833984,37692000,0.0,0.0,0.0,0.0,0.0,0.0
2019-09-23,61.32849884033203,61.98400115966797,61.18899917602539,61.734500885009766,20798000,0.0,0.0,0.0,0.0,0.0,0.0
2019-09-24,62.0,62.355499267578125,60.53200149536133,60.916500091552734,35804000,0.0,0.0,0.0,0.0,0.0,0.0
2019-09-25,60.80049896240234,62.4010009765625,60.459999084472656,62.297000885009766,26798000,0.0,0.0,0.0,0.0,0.0,0.0
2019-09-26,62.10699844360352,62.23350143432617,61.59099960327149,62.11449813842773,23166000,0.0,0.0,0.0,0.0,0.0,0.0
2019-09-27,62.14149856567383,62.2495002746582,60.7599983215332,61.29750061035156,34122000,0.0,0.0,0.0,0.0,0.0,0.0
2019-09-30,61.02999877929688,61.37049865722656,60.67100143432617,61.05699920654297,24470000,0.0,0.0,0.0,0.0,0.0,0.0
2019-10-01,61.1245002746582,61.64300155639648,60.27750015258789,60.29999923706055,24504000,0.0,0.0,0.0,0.0,0.0,0.0
2019-10-02,59.82500076293945,59.9379997253418,58.63150024414063,58.89599990844727,33030000,0.0,0.0,0.0,0.0,0.0,0.0
2019-10-03,59.16699981689453,59.54999923706055,58.15700149536133,59.47150039672852,28368000,0.0,0.0,0.0,0.0,0.0,0.0
2019-10-04,59.714500427246094,60.62300109863281,59.54850006103516,60.54800033569336,24282000,0.0,0.0,0.0,0.0,0.0,0.0
2019-10-07,60.34999847412109,60.945499420166016,60.21799850463867,60.41249847412109,17040000,0.0,0.0,0.0,0.0,0.0,0.0
2019-10-08,59.9384994506836,60.34349822998047,59.4739990234375,59.50650024414063,20086000,0.0,0.0,0.0,0.0,0.0,0.0
2019-10-09,60.06650161743164,60.42300033569336,59.90599822998047,60.119998931884766,15948000,0.0,0.0,0.0,0.0,0.0,0.0
2019-10-10,59.93000030517578,60.78099822998047,59.89300155639648,60.4734992980957,12842000,0.0,0.0,0.0,0.0,0.0,0.0
2019-10-11,61.20149993896485,61.4375,60.68199920654297,60.78549957275391,22330000,0.0,0.0,0.0,0.0,0.0,0.0
2019-10-14,60.69449996948242,61.29399871826172,60.59400177001953,60.88850021362305,13296000,0.0,0.0,0.0,0.0,0.0,0.0
2019-10-15,61.07500076293945,62.35649871826172,61.04600143432617,62.11199951171875,27584000,0.0,0.0,0.0,0.0,0.0,0.0
2019-10-16,62.09049987792969,62.70949935913086,61.92649841308594,62.150001525878906,22986000,0.0,0.0,0.0,0.0,0.0,0.0
2019-10-17,62.56999969482422,63.1875,62.493499755859375,62.63999938964844,20958000,0.0,0.0,0.0,0.0,0.0,0.0
2019-10-18,62.734500885009766,62.90549850463867,62.00699996948242,62.22050094604492,31624000,0.0,0.0,0.0,0.0,0.0,0.0
2019-10-21,62.435001373291016,62.67549896240234,61.9995002746582,62.2140007019043,18094000,0.0,0.0,0.0,0.0,0.0,0.0
2019-10-22,62.2239990234375,62.436500549316406,61.99250030517578,62.060001373291016,22862000,0.0,0.0,0.0,0.0,0.0,0.0
2019-10-23,62.010501861572266,62.902000427246094,62.010501861572266,62.88150024414063,21282000,0.0,0.0,0.0,0.0,0.0,0.0
2019-10-24,62.95550155639648,63.14500045776367,62.61750030517578,62.95550155639648,20224000,0.0,0.0,0.0,0.0,0.0,0.0
2019-10-25,62.59999847412109,63.400001525878906,62.45750045776367,63.21500015258789,27104000,0.0,0.0,0.0,0.0,0.0,0.0
2019-10-28,63.75,64.96199798583984,63.615501403808594,64.4489974975586,65428000,0.0,0.0,0.0,0.0,0.0,0.0
2019-10-29,63.79999923706055,64.04000091552734,62.78049850463867,63.03300094604492,52654000,0.0,0.0,0.0,0.0,0.0,0.0
2019-10-30,62.75749969482422,63.4010009765625,62.532501220703125,63.03499984741211,29204000,0.0,0.0,0.0,0.0,0.0,0.0
2019-10-31,63.0,63.32600021362305,62.4739990234375,62.93999862670898,31904000,0.0,0.0,0.0,0.0,0.0,0.0
2019-11-01,63.290000915527344,63.650001525878906,62.98550033569336,63.61249923706055,28812000,0.0,0.0,0.0,0.0,0.0,0.0
2019-11-04,63.80550003051758,64.625,63.80550003051758,64.48049926757812,30632000,0.0,0.0,0.0,0.0,0.0,0.0
2019-11-05,64.55999755859375,64.86199951171875,64.46900177001953,64.5719985961914,25148000,0.0,0.0,0.0,0.0,0.0,0.0
2019-11-06,64.50450134277344,64.64949798583984,64.1135025024414,64.55049896240234,24626000,0.0,0.0,0.0,0.0,0.0,0.0
2019-11-07,64.71399688720703,66.13249969482422,64.6875,65.34700012207031,45140000,0.0,0.0,0.0,0.0,0.0,0.0
2019-11-08,65.07599639892578,65.85549926757812,65.07599639892578,65.44999694824219,30392000,0.0,0.0,0.0,0.0,0.0,0.0
2019-11-11,65.19999694824219,65.24500274658203,64.79350280761719,64.91400146484375,17234000,0.0,0.0,0.0,0.0,0.0,0.0
2019-11-12,64.92849731445312,65.46749877929688,64.71199798583984,64.8604965209961,28852000,0.0,0.0,0.0,0.0,0.0,0.0
2019-11-13,64.65899658203125,65.1259994506836,64.60749816894531,64.80899810791016,20538000,0.0,0.0,0.0,0.0,0.0,0.0
2019-11-14,64.75,65.78600311279297,64.6969985961914,65.4574966430664,28948000,0.0,0.0,0.0,0.0,0.0,0.0
2019-11-15,65.75250244140625,66.677001953125,65.59449768066406,66.677001953125,39286000,0.0,0.0,0.0,0.0,0.0,0.0
2019-11-18,66.61699676513672,66.69599914550781,65.80799865722656,65.99199676513672,27984000,0.0,0.0,0.0,0.0,0.0,0.0
2019-11-19,66.33149719238281,66.33149719238281,65.5885009765625,65.62950134277344,21864000,0.0,0.0,0.0,0.0,0.0,0.0
2019-11-20,65.56800079345703,65.6604995727539,64.46050262451172,65.09300231933594,28892000,0.0,0.0,0.0,0.0,0.0,0.0
2019-11-21,64.9625015258789,65.55599975585938,64.5374984741211,65.00700378417969,25546000,0.0,0.0,0.0,0.0,0.0,0.0
2019-11-22,65.1500015258789,65.34500122070312,64.46800231933594,64.68350219726562,27776000,0.0,0.0,0.0,0.0,0.0,0.0
2019-11-25,64.81300354003906,65.52050018310547,64.78050231933594,65.28199768066406,23590000,0.0,0.0,0.0,0.0,0.0,0.0
2019-11-26,65.49549865722656,65.70050048828125,65.2020034790039,65.6500015258789,21910000,0.0,0.0,0.0,0.0,0.0,0.0
2019-11-27,65.77100372314453,65.88200378417969,65.47350311279297,65.60649871826172,18808000,0.0,0.0,0.0,0.0,0.0,0.0
2019-11-29,65.33000183105469,65.49749755859375,65.1614990234375,65.20449829101562,12802000,0.0,0.0,0.0,0.0,0.0,0.0
2019-12-02,65.12799835205078,65.27200317382812,64.01899719238281,64.44300079345703,26538000,0.0,0.0,0.0,0.0,0.0,0.0
2019-12-03,63.93299865722656,64.86150360107422,63.852500915527344,64.73699951171875,25270000,0.0,0.0,0.0,0.0,0.0,0.0
2019-12-04,65.30500030517578,66.2135009765625,65.15249633789062,65.9469985961914,35506000,0.0,0.0,0.0,0.0,0.0,0.0
2019-12-05,66.3499984741211,66.39900207519531,65.71600341796875,66.3479995727539,24408000,0.0,0.0,0.0,0.0,0.0,0.0
2019-12-06,66.63749694824219,67.12349700927734,66.5615005493164,66.96949768066406,32968000,0.0,0.0,0.0,0.0,0.0,0.0
2019-12-09,66.94300079345703,67.87750244140625,66.80349731445312,67.14949798583984,30842000,0.0,0.0,0.0,0.0,0.0,0.0
2019-12-10,66.99700164794922,67.4000015258789,66.69999694824219,67.14450073242188,17606000,0.0,0.0,0.0,0.0,0.0,0.0
2019-12-11,67.41500091552734,67.49449920654297,67.05500030517578,67.2125015258789,20480000,0.0,0.0,0.0,0.0,0.0,0.0
2019-12-12,67.1604995727539,67.72899627685547,66.91000366210938,67.42449951171875,29114000,0.0,0.0,0.0,0.0,0.0,0.0
2019-12-13,67.3949966430664,67.56749725341797,67.08300018310547,67.34349822998047,33170000,0.0,0.0,0.0,0.0,0.0,0.0
2019-12-16,67.75,68.17649841308594,67.53050231933594,68.03500366210938,28128000,0.0,0.0,0.0,0.0,0.0,0.0
2019-12-17,68.12049865722656,68.21649932861328,67.53849792480469,67.74449920654297,32948000,0.0,0.0,0.0,0.0,0.0,0.0
2019-12-18,67.8499984741211,67.97149658203125,67.52300262451172,67.59549713134766,23330000,0.0,0.0,0.0,0.0,0.0,0.0
2019-12-19,67.59549713134766,67.87650299072266,67.4375,67.8219985961914,28922000,0.0,0.0,0.0,0.0,0.0,0.0
2019-12-20,68.15499877929688,68.19999694824219,67.5364990234375,67.56099700927734,50090000,0.0,0.0,0.0,0.0,0.0,0.0
2019-12-23,67.9365005493164,68.09249877929688,67.4000015258789,67.53150177001953,19936000,0.0,0.0,0.0,0.0,0.0,0.0
2019-12-24,67.510498046875,67.60050201416016,67.20850372314453,67.22149658203125,13468000,0.0,0.0,0.0,0.0,0.0,0.0
2019-12-26,67.32749938964844,68.16000366210938,67.27549743652344,68.12349700927734,23662000,0.0,0.0,0.0,0.0,0.0,0.0
2019-12-27,68.19999694824219,68.35250091552734,67.6500015258789,67.73200225830078,23212000,0.0,0.0,0.0,0.0,0.0,0.0
2019-12-30,67.84049987792969,67.8499984741211,66.89199829101562,66.9854965209961,19994000,0.0,0.0,0.0,0.0,0.0,0.0
2019-12-31,66.78949737548828,67.03299713134766,66.60649871826172,66.96949768066406,19514000,0.0,0.0,0.0,0.0,0.0,0.0
2020-01-02,67.42050170898438,68.43399810791016,67.32450103759766,68.43399810791016,27278000,0.0,0.0,0.0,0.0,0.0,0.0
2020-01-03,67.4000015258789,68.6875,67.36599731445312,68.07599639892578,23408000,0.0,0.0,0.0,0.0,0.0,0.0
2020-01-06,67.58149719238281,69.91600036621094,67.55000305175781,69.8905029296875,46768000,0.0,0.0,0.0,0.0,0.0,0.0
2020-01-07,70.02300262451172,70.17500305175781,69.5780029296875,69.75550079345703,34330000,0.0,0.0,0.0,0.0,0.0,0.0
2020-01-08,69.74099731445312,70.59249877929688,69.63150024414062,70.25199890136719,35314000,0.0,0.0,0.0,0.0,0.0,0.0
2020-01-09,71.09649658203125,71.43399810791016,70.510498046875,70.989501953125,33200000,0.0,0.0,0.0,0.0,0.0,0.0
2020-01-10,71.47350311279297,71.74700164794922,70.9800033569336,71.447998046875,26258000,0.0,0.0,0.0,0.0,0.0,0.0
2020-01-13,71.76249694824219,72.0739974975586,71.26850128173828,72.00150299072266,30730000,0.0,0.0,0.0,0.0,0.0,0.0
2020-01-14,72.0,72.13150024414062,71.38849639892578,71.52950286865234,26076000,0.0,0.0,0.0,0.0,0.0,0.0
2020-01-15,71.6510009765625,72.03900146484375,71.58300018310547,71.95999908447266,21550000,0.0,0.0,0.0,0.0,0.0,0.0
2020-01-16,72.27249908447266,72.53500366210938,72.0,72.50800323486328,26080000,0.0,0.0,0.0,0.0,0.0,0.0
2020-01-17,73.12699890136719,74.02749633789062,72.82749938964844,73.97599792480469,52424000,0.0,0.0,0.0,0.0,0.0,0.0
2020-01-21,73.94999694824219,74.49400329589844,73.510498046875,74.11250305175781,48930000,0.0,0.0,0.0,0.0,0.0,0.0
2020-01-22,74.48650360107422,75.02899932861328,74.13300323486328,74.19349670410156,28458000,0.0,0.0,0.0,0.0,0.0,0.0
2020-01-23,74.37750244140625,74.67500305175781,74.01599884033203,74.2344970703125,26650000,0.0,0.0,0.0,0.0,0.0,0.0
2020-01-24,74.64099884033203,74.70999908447266,73.15899658203125,73.30850219726562,29786000,0.0,0.0,0.0,0.0,0.0,0.0
2020-01-27,71.5770034790039,71.8290023803711,70.9749984741211,71.58650207519531,34132000,0.0,0.0,0.0,0.0,0.0,0.0
2020-01-28,72.08699798583984,72.73999786376953,71.51799774169922,72.5250015258789,29724000,0.0,0.0,0.0,0.0,0.0,0.0
2020-01-29,72.9229965209961,73.20700073242188,72.26950073242188,72.83499908447266,21566000,0.0,0.0,0.0,0.0,0.0,0.0
2020-01-30,71.90499877929688,72.76249694824219,71.75,72.7125015258789,27110000,0.0,0.0,0.0,0.0,0.0,0.0
2020-01-31,73.39299774169922,73.4834976196289,71.35299682617188,71.63899993896484,43822000,0.0,0.0,0.0,0.0,0.0,0.0
2020-02-03,73.0824966430664,74.31500244140625,72.83049774169922,74.12999725341797,71636000,0.0,0.0,0.0,0.0,0.0,0.0
2020-02-04,72.72450256347656,73.36699676513672,71.10150146484375,72.27050018310547,95880000,0.0,0.0,0.0,0.0,0.0,0.0
2020-02-05,73.18049621582031,73.22899627685547,71.48400115966797,72.30249786376953,36376000,0.0,0.0,0.0,0.0,0.0,0.0
2020-02-06,72.5989990234375,74.0780029296875,72.52400207519531,73.79850006103516,37822000,0.0,0.0,0.0,0.0,0.0,0.0
2020-02-07,73.36949920654297,74.26249694824219,73.27050018310547,73.95549774169922,28360000,0.0,0.0,0.0,0.0,0.0,0.0
2020-02-10,73.86150360107422,75.44400024414062,73.76000213623047,75.43299865722656,38302000,0.0,0.0,0.0,0.0,0.0,0.0
2020-02-11,75.66349792480469,76.49400329589844,75.27249908447266,75.50299835205078,34852000,0.0,0.0,0.0,0.0,0.0,0.0
2020-02-12,75.79299926757812,76.01499938964844,75.43350219726562,75.93150329589844,31042000,0.0,0.0,0.0,0.0,0.0,0.0
2020-02-13,75.5,76.29750061035156,75.19999694824219,75.66950225830078,22914000,0.0,0.0,0.0,0.0,0.0,0.0
2020-02-14,75.72650146484375,76.00250244140625,75.27749633789062,75.9365005493164,23198000,0.0,0.0,0.0,0.0,0.0,0.0
2020-02-18,75.71700286865234,76.52799987792969,75.55049896240234,75.97200012207031,25642000,0.0,0.0,0.0,0.0,0.0,0.0
2020-02-19,76.36000061035156,76.53700256347656,76.04900360107422,76.24349975585938,22746000,0.0,0.0,0.0,0.0,0.0,0.0
2020-02-20,75.95050048828125,76.35350036621094,75.21299743652344,75.84950256347656,25962000,0.0,0.0,0.0,0.0,0.0,0.0
2020-02-21,75.22899627685547,75.54750061035156,73.92449951171875,74.1729965209961,42520000,0.0,0.0,0.0,0.0,0.0,0.0
2020-02-24,71.15249633789062,71.81900024414062,70.3395004272461,70.99299621582031,49560000,0.0,0.0,0.0,0.0,0.0,0.0
2020-02-25,71.55000305175781,71.84249877929688,69.02100372314453,69.31600189208984,51580000,0.0,0.0,0.0,0.0,0.0,0.0
2020-02-26,69.7490005493164,70.68350219726562,68.82749938964844,69.52349853515625,49776000,0.0,0.0,0.0,0.0,0.0,0.0
2020-02-27,67.95700073242188,68.47000122070312,65.71199798583984,65.74749755859375,62290000,0.0,0.0,0.0,0.0,0.0,0.0
2020-02-28,63.71549987792969,67.12249755859375,63.41049957275391,66.9625015258789,80198000,0.0,0.0,0.0,0.0,0.0,0.0
2020-03-02,67.56950378417969,69.37349700927734,66.26000213623047,69.31600189208984,55430000,0.0,0.0,0.0,0.0,0.0,0.0
2020-03-03,69.88400268554688,70.40950012207031,66.46199798583984,66.88600158691406,56602000,0.0,0.0,0.0,0.0,0.0,0.0
2020-03-04,67.947998046875,69.13899993896484,66.8499984741211,69.08000183105469,47598000,0.0,0.0,0.0,0.0,0.0,0.0
2020-03-05,67.27749633789062,67.68150329589844,65.08200073242188,65.73799896240234,54380000,0.0,0.0,0.0,0.0,0.0,0.0
2020-03-06,63.497501373291016,65.13749694824219,62.86050033569336,64.78700256347656,64640000,0.0,0.0,0.0,0.0,0.0,0.0
2020-03-09,60.24800109863281,62.63650131225586,59.902000427246094,60.78950119018555,69252000,0.0,0.0,0.0,0.0,0.0,0.0
2020-03-10,62.71950149536133,63.79249954223633,60.72549819946289,63.75849914550781,54872000,0.0,0.0,0.0,0.0,0.0,0.0
2020-03-11,62.41350173950195,62.84650039672852,59.55699920654297,60.54499816894531,54732000,0.0,0.0,0.0,0.0,0.0,0.0
2020-03-12,56.13100051879883,59.4375,55.42350006103516,55.57749938964844,94326000,0.0,0.0,0.0,0.0,0.0,0.0
2020-03-13,58.7495002746582,60.720001220703125,55.61449813842773,60.7135009765625,79400000,0.0,0.0,0.0,0.0,0.0,0.0
2020-03-16,54.480499267578125,57.27349853515625,53.354000091552734,53.650001525878906,96520000,0.0,0.0,0.0,0.0,0.0,0.0
2020-03-17,54.53200149536133,56.29999923706055,52.45500183105469,55.90299987792969,83194000,0.0,0.0,0.0,0.0,0.0,0.0
2020-03-18,52.99700164794922,55.2495002746582,51.84999847412109,54.55950164794922,93044000,0.0,0.0,0.0,0.0,0.0,0.0
2020-03-19,54.4109992980957,57.63050079345703,52.77750015258789,55.58349990844727,74064000,0.0,0.0,0.0,0.0,0.0,0.0
2020-03-20,56.54499816894531,56.92399978637695,53.10499954223633,53.41049957275391,82878000,0.0,0.0,0.0,0.0,0.0,0.0
2020-03-23,52.81850051879883,53.34550094604492,50.44350051879883,52.70650100708008,83672000,0.0,0.0,0.0,0.0,0.0,0.0
2020-03-24,55.19900131225586,56.666500091552734,54.32149887084961,56.5004997253418,72468000,0.0,0.0,0.0,0.0,0.0,0.0
2020-03-25,56.229000091552734,57.30849838256836,54.1505012512207,55.08100128173828,90324000,0.0,0.0,0.0,0.0,0.0,0.0
2020-03-26,55.73600006103516,58.57400131225586,54.60150146484375,58.14599990844727,76562000,0.0,0.0,0.0,0.0,0.0,0.0
2020-03-27,56.37350082397461,57.5525016784668,55.20000076293945,55.51300048828125,62794000,0.0,0.0,0.0,0.0,0.0,0.0
2020-03-30,56.63199996948242,57.54999923706055,54.92449951171875,57.31549835205078,58736000,0.0,0.0,0.0,0.0,0.0,0.0
2020-03-31,57.436500549316406,58.66999816894531,56.83599853515625,58.09749984741211,65228000,0.0,0.0,0.0,0.0,0.0,0.0
2020-04-01,56.20000076293945,56.47100067138672,54.67449951171875,55.10499954223633,51970000,0.0,0.0,0.0,0.0,0.0,0.0
2020-04-02,55.0,56.13850021362305,54.65650177001953,55.85150146484375,56410000,0.0,0.0,0.0,0.0,0.0,0.0
2020-04-03,55.73550033569336,55.93949890136719,53.75400161743164,54.6349983215332,51374000,0.0,0.0,0.0,0.0,0.0,0.0
2020-04-06,56.650001525878906,59.53749847412109,56.25,59.15950012207031,63320000,0.0,0.0,0.0,0.0,0.0,0.0
2020-04-07,60.85049819946289,61.03900146484375,58.86249923706055,59.12799835205078,61620000,0.0,0.0,0.0,0.0,0.0,0.0
2020-04-08,60.15499877929688,60.744998931884766,59.1974983215332,60.34999847412109,40334000,0.0,0.0,0.0,0.0,0.0,0.0
2020-04-09,60.90900039672852,61.0994987487793,59.62099838256836,60.32849884033203,54028000,0.0,0.0,0.0,0.0,0.0,0.0
2020-04-13,60.07500076293945,60.72600173950195,59.11650085449219,60.52050018310547,38702000,0.0,0.0,0.0,0.0,0.0,0.0
2020-04-14,61.99850082397461,63.78749847412109,61.42699813842773,63.26150131225586,63358000,0.0,0.0,0.0,0.0,0.0,0.0
2020-04-15,62.32550048828125,63.75550079345703,61.70000076293945,62.8650016784668,42236000,0.0,0.0,0.0,0.0,0.0,0.0
2020-04-16,63.35699844360352,63.667999267578125,61.90999984741211,62.87149810791016,57896000,0.0,0.0,0.0,0.0,0.0,0.0
2020-04-17,64.08499908447266,64.5,63.29999923706055,63.95000076293945,51050000,0.0,0.0,0.0,0.0,0.0,0.0
2020-04-20,63.49449920654297,63.84099960327149,62.821998596191406,63.057498931884766,35292000,0.0,0.0,0.0,0.0,0.0,0.0
2020-04-21,62.135501861572266,62.5,60.25,60.608001708984375,49648000,0.0,0.0,0.0,0.0,0.0,0.0
2020-04-22,62.05550003051758,63.99399948120117,61.86000061035156,62.920501708984375,46296000,0.0,0.0,0.0,0.0,0.0,0.0
2020-04-23,63.2869987487793,64.40750122070312,63.0265007019043,63.55849838256836,34202000,0.0,0.0,0.0,0.0,0.0,0.0
2020-04-24,62.75,63.885501861572266,62.20000076293945,63.83000183105469,37402000,0.0,0.0,0.0,0.0,0.0,0.0
2020-04-27,64.5999984741211,64.70500183105469,63.25299835205078,63.542999267578125,44186000,0.0,0.0,0.0,0.0,0.0,0.0
2020-04-28,64.16000366210938,64.23799896240234,61.51900100708008,61.62950134277344,80700000,0.0,0.0,0.0,0.0,0.0,0.0
2020-04-29,67.25,68.00749969482422,66.33650207519531,67.10900115966797,108358000,0.0,0.0,0.0,0.0,0.0,0.0
2020-04-30,66.56800079345703,67.5,66.07499694824219,67.33499908447266,55842000,0.0,0.0,0.0,0.0,0.0,0.0
2020-05-01,66.20449829101562,67.57150268554688,65.48300170898438,65.86599731445312,48872000,0.0,0.0,0.0,0.0,0.0,0.0
2020-05-04,65.40650177001953,66.22350311279297,64.80049896240234,66.1449966430664,30806000,0.0,0.0,0.0,0.0,0.0,0.0
2020-05-05,66.875,68.55049896240234,66.75150299072266,67.45099639892578,39666000,0.0,0.0,0.0,0.0,0.0,0.0
2020-05-06,67.9000015258789,68.43450164794922,67.25650024414062,67.27149963378906,31732000,0.0,0.0,0.0,0.0,0.0,0.0
2020-05-07,68.06549835205078,68.80000305175781,67.62699890136719,68.46399688720703,30652000,0.0,0.0,0.0,0.0,0.0,0.0
2020-05-08,69.09100341796875,69.83200073242188,68.60050201416016,69.21700286865234,33326000,0.0,0.0,0.0,0.0,0.0,0.0
2020-05-11,68.8395004272461,70.77649688720703,68.7750015258789,70.17949676513672,32718000,0.0,0.0,0.0,0.0,0.0,0.0
2020-05-12,70.41100311279297,70.71649932861328,68.72550201416016,68.75900268554688,33918000,0.0,0.0,0.0,0.0,0.0,0.0
2020-05-13,68.80799865722656,69.2665023803711,66.40049743652344,67.41649627685547,40368000,0.0,0.0,0.0,0.0,0.0,0.0
2020-05-14,66.6760025024414,67.86849975585938,66.16500091552734,67.84300231933594,36660000,0.0,0.0,0.0,0.0,0.0,0.0
2020-05-15,67.41300201416016,68.72899627685547,66.94999694824219,68.65299987792969,41544000,0.0,0.0,0.0,0.0,0.0,0.0
2020-05-18,68.0790023803711,69.63800048828125,67.70999908447266,69.25900268554688,47094000,0.0,0.0,0.0,0.0,0.0,0.0
2020-05-19,69.27400207519531,69.62449645996094,68.68800354003906,68.72000122070312,31586000,0.0,0.0,0.0,0.0,0.0,0.0
2020-05-20,69.45800018310547,70.60150146484375,69.37100219726562,70.45800018310547,38262000,0.0,0.0,0.0,0.0,0.0,0.0
2020-05-21,70.54949951171875,70.822998046875,69.71949768066406,70.3375015258789,30894000,0.0,0.0,0.0,0.0,0.0,0.0
2020-05-22,70.19499969482422,70.8499984741211,69.79750061035156,70.66200256347656,28544000,0.0,0.0,0.0,0.0,0.0,0.0
2020-05-26,72.0979995727539,72.25550079345703,70.97000122070312,71.06849670410156,44590000,0.0,0.0,0.0,0.0,0.0,0.0
2020-05-27,71.0,71.26750183105469,69.7300033569336,71.01399993896484,31684000,0.0,0.0,0.0,0.0,0.0,0.0
2020-05-28,70.0,72.2229995727539,69.9540023803711,70.91200256347656,35170000,0.0,0.0,0.0,0.0,0.0,0.0
2020-05-29,71.02149963378906,71.83650207519531,70.79900360107422,71.6760025024414,37044000,0.0,0.0,0.0,0.0,0.0,0.0
2020-06-01,71.28500366210938,72.0790023803711,71.11399841308594,71.74349975585938,25162000,0.0,0.0,0.0,0.0,0.0,0.0
2020-06-02,71.75,72.1500015258789,71.08049774169922,72.1155014038086,23442000,0.0,0.0,0.0,0.0,0.0,0.0
2020-06-03,72.13500213623047,72.45050048828125,71.58100128173828,71.9625015258789,27732000,0.0,0.0,0.0,0.0,0.0,0.0
2020-06-04,71.83899688720703,72.06600189208984,70.30049896240234,70.71499633789062,26982000,0.0,0.0,0.0,0.0,0.0,0.0
2020-06-05,70.78199768066406,72.31500244140625,70.38099670410156,72.0009994506836,42642000,0.0,0.0,0.0,0.0,0.0,0.0
2020-06-08,71.31400299072266,72.44999694824219,71.2239990234375,72.4020004272461,33878000,0.0,0.0,0.0,0.0,0.0,0.0
2020-06-09,72.26200103759766,73.38999938964844,72.11799621582031,72.60399627685547,33624000,0.0,0.0,0.0,0.0,0.0,0.0
2020-06-10,73.07550048828125,73.63849639892578,72.71800231933594,73.23500061035156,31762000,0.0,0.0,0.0,0.0,0.0,0.0
2020-06-11,72.05149841308594,72.58000183105469,69.92050170898438,70.09500122070312,47144000,0.0,0.0,0.0,0.0,0.0,0.0
2020-06-12,71.29299926757812,71.72550201416016,69.29000091552734,70.64600372314453,36676000,0.0,0.0,0.0,0.0,0.0,0.0
2020-06-15,69.47450256347656,71.25,69.36000061035156,71.03700256347656,30468000,0.0,0.0,0.0,0.0,0.0,0.0
2020-06-16,72.44999694824219,72.8584976196289,71.44950103759766,72.32350158691406,30648000,0.0,0.0,0.0,0.0,0.0,0.0
2020-06-17,72.64700317382812,73.11000061035156,71.75650024414062,72.62699890136719,30610000,0.0,0.0,0.0,0.0,0.0,0.0
2020-06-18,72.49250030517578,72.64849853515625,71.31199645996094,71.70600128173828,34862000,0.0,0.0,0.0,0.0,0.0,0.0
2020-06-19,72.0,72.2249984741211,70.94999694824219,71.23200225830078,52784000,0.0,0.0,0.0,0.0,0.0,0.0
2020-06-22,71.25050354003906,72.54750061035156,70.95950317382812,72.53299713134766,29442000,0.0,0.0,0.0,0.0,0.0,0.0
2020-06-23,72.5999984741211,73.76000213623047,72.25,73.1989974975586,37752000,0.0,0.0,0.0,0.0,0.0,0.0
2020-06-24,73.16400146484375,73.78949737548828,71.5,71.63500213623047,31592000,0.0,0.0,0.0,0.0,0.0,0.0
2020-06-25,71.56099700927734,72.11599731445312,70.97699737548828,72.05500030517578,23958000,0.0,0.0,0.0,0.0,0.0,0.0
2020-06-26,71.63150024414062,71.85099792480469,67.75,68.12699890136719,97640000,0.0,0.0,0.0,0.0,0.0,0.0
2020-06-29,68.01699829101562,69.9000015258789,67.5824966430664,69.8584976196289,45074000,0.0,0.0,0.0,0.0,0.0,0.0
2020-06-30,69.84400177001953,71.19999694824219,69.34649658203125,70.90249633789062,40286000,0.0,0.0,0.0,0.0,0.0,0.0
2020-07-01,70.95850372314453,72.42400360107422,70.70899963378906,72.0999984741211,42182000,0.0,0.0,0.0,0.0,0.0,0.0
2020-07-02,72.59200286865234,74.4260025024414,72.55349731445312,73.49649810791016,57218000,0.0,0.0,0.0,0.0,0.0,0.0
2020-07-06,74.40750122070312,75.5,73.8489990234375,74.98249816894531,44712000,0.0,0.0,0.0,0.0,0.0,0.0
2020-07-07,74.80650329589844,76.06600189208984,74.48500061035156,74.49600219726562,42364000,0.0,0.0,0.0,0.0,0.0,0.0
2020-07-08,75.04000091552734,75.55850219726562,74.61499786376953,75.18000030517578,31766000,0.0,0.0,0.0,0.0,0.0,0.0
2020-07-09,75.49649810791016,76.45700073242188,74.77950286865234,75.93299865722656,41836000,0.0,0.0,0.0,0.0,0.0,0.0
2020-07-10,75.6624984741211,77.06700134277344,75.03600311279297,76.95050048828125,35918000,0.0,0.0,0.0,0.0,0.0,0.0
2020-07-13,77.49700164794922,78.81800079345703,75.3280029296875,75.61150360107422,42954000,0.0,0.0,0.0,0.0,0.0,0.0
2020-07-14,74.6395034790039,76.13999938964844,74.29650115966797,76.04299926757812,38108000,0.0,0.0,0.0,0.0,0.0,0.0
2020-07-15,76.1614990234375,76.81649780273438,74.8915023803711,75.84400177001953,31026000,0.0,0.0,0.0,0.0,0.0,0.0
2020-07-16,75.07499694824219,75.79550170898438,74.41349792480469,75.74600219726562,26484000,0.0,0.0,0.0,0.0,0.0,0.0
2020-07-17,75.84549713134766,76.17150115966797,74.90499877929688,75.84249877929688,34264000,0.0,0.0,0.0,0.0,0.0,0.0
2020-07-20,75.75,78.45050048828125,75.13500213623047,78.19200134277344,30166000,0.0,0.0,0.0,0.0,0.0,0.0
2020-07-21,79.25150299072266,79.35250091552734,77.63099670410156,77.7959976196289,27486000,0.0,0.0,0.0,0.0,0.0,0.0
2020-07-22,77.7854995727539,78.3489990234375,77.1614990234375,78.24250030517578,24482000,0.0,0.0,0.0,0.0,0.0,0.0
2020-07-23,78.29650115966797,78.51750183105469,75.42949676513672,75.8375015258789,33910000,0.0,0.0,0.0,0.0,0.0,0.0
2020-07-24,74.95950317382812,75.77149963378906,74.37950134277344,75.4104995727539,29902000,0.0,0.0,0.0,0.0,0.0,0.0
2020-07-27,75.66300201416016,76.87799835205078,75.61650085449219,76.47149658203125,27124000,0.0,0.0,0.0,0.0,0.0,0.0
2020-07-28,76.25,76.30049896240234,75.0260009765625,75.18250274658203,30910000,0.0,0.0,0.0,0.0,0.0,0.0
2020-07-29,75.25,76.66649627685547,75.15049743652344,76.17549896240234,22676000,0.0,0.0,0.0,0.0,0.0,0.0
2020-07-30,74.89849853515625,77.04450225830078,74.75849914550781,76.91850280761719,36042000,0.0,0.0,0.0,0.0,0.0,0.0
2020-07-31,74.85250091552734,75.2509994506836,72.69999694824219,74.39749908447266,91468000,0.0,0.0,0.0,0.0,0.0,0.0
2020-08-03,74.55000305175781,74.8864974975586,73.58599853515625,74.13800048828125,45482000,0.0,0.0,0.0,0.0,0.0,0.0
2020-08-04,74.33550262451172,74.65550231933594,73.20149993896484,73.66500091552734,37212000,0.0,0.0,0.0,0.0,0.0,0.0
2020-08-05,73.84100341796875,74.5,73.56099700927734,73.95449829101562,29134000,0.0,0.0,0.0,0.0,0.0,0.0
2020-08-06,73.80750274658203,75.3134994506836,73.59500122070312,75.24749755859375,33306000,0.0,0.0,0.0,0.0,0.0,0.0
2020-08-07,75.4520034790039,76.00450134277344,74.3134994506836,74.91850280761719,27718000,0.0,0.0,0.0,0.0,0.0,0.0
2020-08-10,74.54000091552734,75.35749816894531,73.87449645996094,74.84100341796875,20546000,0.0,0.0,0.0,0.0,0.0,0.0
2020-08-11,74.69999694824219,75.52200317382812,73.90950012207031,74.0270004272461,31098000,0.0,0.0,0.0,0.0,0.0,0.0
2020-08-12,74.35600280761719,75.58350372314453,74.25,75.36199951171875,22512000,0.0,0.0,0.0,0.0,0.0,0.0
2020-08-13,75.4104995727539,76.84850311279297,75.4104995727539,75.8324966430664,22388000,0.0,0.0,0.0,0.0,0.0,0.0
2020-08-14,75.68049621582031,75.989501953125,74.94999694824219,75.23149871826172,21942000,0.0,0.0,0.0,0.0,0.0,0.0
2020-08-17,75.79850006103516,76.18900299072266,75.25,75.81199645996094,19990000,0.0,0.0,0.0,0.0,0.0,0.0
2020-08-18,76.30599975585938,77.86849975585938,76.08350372314453,77.78900146484375,28378000,0.0,0.0,0.0,0.0,0.0,0.0
2020-08-19,77.62449645996094,78.44300079345703,77.0,77.23049926757812,30472000,0.0,0.0,0.0,0.0,0.0,0.0
2020-08-20,76.99849700927734,79.00849914550781,76.7229995727539,78.8125,26382000,0.0,0.0,0.0,0.0,0.0,0.0
2020-08-21,78.58999633789062,79.59400177001953,78.1155014038086,78.77850341796875,34838000,0.0,0.0,0.0,0.0,0.0,0.0
2020-08-24,79.62349700927734,80.43900299072266,78.75199890136719,79.25749969482422,25638000,0.0,0.0,0.0,0.0,0.0,0.0
2020-08-25,79.00499725341797,80.44400024414062,78.89399719238281,80.2925033569336,25150000,0.0,0.0,0.0,0.0,0.0,0.0
2020-08-26,80.31500244140625,82.6395034790039,80.04900360107422,82.20649719238281,52188000,0.0,0.0,0.0,0.0,0.0,0.0
2020-08-27,82.33049774169922,82.39949798583984,80.94049835205078,81.4260025024414,31350000,0.0,0.0,0.0,0.0,0.0,0.0
2020-08-28,81.47350311279297,82.06749725341797,81.28050231933594,81.97149658203125,22418000,0.0,0.0,0.0,0.0,0.0,0.0
2020-08-31,82.17849731445312,82.2249984741211,81.2665023803711,81.47650146484375,26422000,0.0,0.0,0.0,0.0,0.0,0.0
2020-09-01,81.60800170898438,82.96099853515625,81.47650146484375,82.75399780273438,22652000,0.0,0.0,0.0,0.0,0.0,0.0
2020-09-02,83.40049743652344,86.30500030517578,83.0094985961914,85.86949920654297,49522000,0.0,0.0,0.0,0.0,0.0,0.0
2020-09-03,84.97599792480469,85.0,80.385498046875,81.47550201416016,63726000,0.0,0.0,0.0,0.0,0.0,0.0
2020-09-04,80.44999694824219,81.74949645996094,76.89849853515625,79.06050109863281,55850000,0.0,0.0,0.0,0.0,0.0,0.0
2020-09-08,76.25,77.77749633789062,75.82499694824219,76.18000030517578,54032000,0.0,0.0,0.0,0.0,0.0,0.0
2020-09-09,77.44499969482422,77.93599700927734,76.25849914550781,77.36150360107422,39242000,0.0,0.0,0.0,0.0,0.0,0.0
2020-09-10,77.50900268554688,78.68299865722656,76.0,76.30249786376953,33024000,0.0,0.0,0.0,0.0,0.0,0.0
2020-09-11,76.40750122070312,76.93499755859375,74.6510009765625,75.78800201416016,30706000,0.0,0.0,0.0,0.0,0.0,0.0
2020-09-14,76.5824966430664,77.8499984741211,75.25550079345703,75.44149780273438,42660000,0.0,0.0,0.0,0.0,0.0,0.0
2020-09-15,76.39450073242188,77.54949951171875,76.1050033569336,76.75599670410156,23042000,0.0,0.0,0.0,0.0,0.0,0.0
2020-09-16,77.1240005493164,77.71849822998047,75.57949829101562,75.60449981689453,22128000,0.0,0.0,0.0,0.0,0.0,0.0
2020-09-17,74.29049682617188,74.93299865722656,73.12300109863281,74.35199737548828,40008000,0.0,0.0,0.0,0.0,0.0,0.0
2020-09-18,74.41500091552734,74.76000213623047,71.58100128173828,72.55449676513672,63056000,0.0,0.0,0.0,0.0,0.0,0.0
2020-09-21,71.58100128173828,72.00299835205078,70.13400268554688,71.50700378417969,56908000,0.0,0.0,0.0,0.0,0.0,0.0
2020-09-22,72.51599884033203,73.19850158691406,71.4749984741211,72.99099731445312,33950000,0.0,0.0,0.0,0.0,0.0,0.0
2020-09-23,72.60449981689453,72.65399932861328,70.13400268554688,70.46949768066406,37726000,0.0,0.0,0.0,0.0,0.0,0.0
2020-09-24,70.13400268554688,71.89949798583984,70.10749816894531,71.14299774169922,34552000,0.0,0.0,0.0,0.0,0.0,0.0
2020-09-25,71.25250244140625,72.2969970703125,70.38400268554688,71.9530029296875,30326000,0.0,0.0,0.0,0.0,0.0,0.0
2020-09-28,73.59950256347656,73.64949798583984,72.31400299072266,72.93299865722656,30784000,0.0,0.0,0.0,0.0,0.0,0.0
2020-09-29,73.19550323486328,73.5999984741211,72.69999694824219,73.3010025024414,31816000,0.0,0.0,0.0,0.0,0.0,0.0
2020-09-30,73.0469970703125,74.30999755859375,72.78800201416016,73.27999877929688,40924000,0.0,0.0,0.0,0.0,0.0,0.0
2020-10-01,74.18299865722656,74.75350189208984,73.83999633789062,74.3949966430664,32884000,0.0,0.0,0.0,0.0,0.0,0.0
2020-10-02,72.98149871826172,73.95149993896484,72.36750030517578,72.77999877929688,31222000,0.0,0.0,0.0,0.0,0.0,0.0
2020-10-05,73.13249969482422,74.23500061035156,73.00450134277344,74.1415023803711,21602000,0.0,0.0,0.0,0.0,0.0,0.0
2020-10-06,73.7750015258789,74.22599792480469,72.25050354003906,72.5510025024414,26096000,0.0,0.0,0.0,0.0,0.0,0.0
2020-10-07,72.96549987792969,73.44850158691406,71.6614990234375,72.95700073242188,36108000,0.0,0.0,0.0,0.0,0.0,0.0
2020-10-08,73.27249908447266,74.40149688720703,73.27249908447266,74.17150115966797,26076000,0.0,0.0,0.0,0.0,0.0,0.0
2020-10-09,74.64299774169922,75.59249877929688,74.3499984741211,75.52249908447266,32966000,0.0,0.0,0.0,0.0,0.0,0.0
2020-10-12,76.9000015258789,79.4209976196289,76.46499633789062,78.22949981689453,55344000,0.0,0.0,0.0,0.0,0.0,0.0
2020-10-13,78.85050201416016,79.25800323486328,77.93150329589844,78.35350036621094,39072000,0.0,0.0,0.0,0.0,0.0,0.0
2020-10-14,78.7300033569336,79.19249725341797,77.29499816894531,78.1719970703125,33174000,0.0,0.0,0.0,0.0,0.0,0.0
2020-10-15,77.2249984741211,78.56999969482422,77.05650329589844,77.77349853515625,31210000,0.0,0.0,0.0,0.0,0.0,0.0
2020-10-16,78.09149932861328,78.885498046875,77.88300323486328,78.38500213623047,34194000,0.0,0.0,0.0,0.0,0.0,0.0
2020-10-19,78.79650115966797,79.19650268554688,76.14600372314453,76.49749755859375,29734000,0.0,0.0,0.0,0.0,0.0,0.0
2020-10-20,76.15550231933594,78.69200134277344,76.0250015258789,77.55400085449219,41670000,0.0,0.0,0.0,0.0,0.0,0.0
2020-10-21,78.49250030517578,80.75700378417969,78.35700225830078,79.29949951171875,60322000,0.0,0.0,0.0,0.0,0.0,0.0
2020-10-22,79.25,80.6709976196289,78.8740005493164,80.33300018310547,30512000,0.0,0.0,0.0,0.0,0.0,0.0
2020-10-23,80.75250244140625,81.70600128173828,80.59549713134766,81.64900207519531,30548000,0.0,0.0,0.0,0.0,0.0,0.0
2020-10-26,80.75,81.47899627685547,78.38899993896484,79.2145004272461,35826000,0.0,0.0,0.0,0.0,0.0,0.0
2020-10-27,79.44650268554688,80.0999984741211,78.84950256347656,79.94400024414062,25902000,0.0,0.0,0.0,0.0,0.0,0.0
2020-10-28,77.50050354003906,77.69049835205078,75.42400360107422,75.54000091552734,45174000,0.0,0.0,0.0,0.0,0.0,0.0
2020-10-29,75.85099792480469,79.43699645996094,75.82749938964844,77.84400177001953,55406000,0.0,0.0,0.0,0.0,0.0,0.0
2020-10-30,83.37200164794922,84.06600189208984,80.07849884033203,80.80549621582031,99878000,0.0,0.0,0.0,0.0,0.0,0.0
2020-11-02,81.177001953125,82.91200256347656,80.71199798583984,81.21600341796875,44228000,0.0,0.0,0.0,0.0,0.0,0.0
2020-11-03,81.53800201416016,82.94999694824219,80.60549926757812,82.28299713134766,31432000,0.0,0.0,0.0,0.0,0.0,0.0
2020-11-04,85.27899932861328,88.50150299072266,85.1500015258789,87.2925033569336,71342000,0.0,0.0,0.0,0.0,0.0,0.0
2020-11-05,88.52249908447266,89.59100341796875,87.05149841308594,88.125,39758000,0.0,0.0,0.0,0.0,0.0,0.0
2020-11-06,87.56700134277344,88.42500305175781,86.83399963378906,87.98650360107422,28622000,0.0,0.0,0.0,0.0,0.0,0.0
2020-11-09,89.79900360107422,90.84449768066406,87.87750244140625,88.07099914550781,53440000,0.0,0.0,0.0,0.0,0.0,0.0
2020-11-10,86.4885025024414,87.96900177001953,85.80599975585938,86.88600158691406,43022000,0.0,0.0,0.0,0.0,0.0,0.0
2020-11-11,87.41999816894531,88.1449966430664,87.15299987792969,87.36150360107422,31838000,0.0,0.0,0.0,0.0,0.0,0.0
2020-11-12,87.0999984741211,88.2490005493164,86.89849853515625,87.14099884033203,26474000,0.0,0.0,0.0,0.0,0.0,0.0
2020-11-13,87.4000015258789,88.85649871826172,86.79900360107422,88.61299896240234,29744000,0.0,0.0,0.0,0.0,0.0,0.0
2020-11-16,88.20700073242188,89.71700286865234,88.06649780273438,88.70149993896484,25468000,0.0,0.0,0.0,0.0,0.0,0.0
2020-11-17,88.39299774169922,88.85700225830078,87.97450256347656,88.08300018310547,21314000,0.0,0.0,0.0,0.0,0.0,0.0
2020-11-18,87.83200073242188,88.25,86.92849731445312,87.03199768066406,20108000,0.0,0.0,0.0,0.0,0.0,0.0
2020-11-19,86.6614990234375,88.17449951171875,86.5009994506836,87.92849731445312,20106000,0.0,0.0,0.0,0.0,0.0,0.0
2020-11-20,88.0999984741211,88.41799926757812,86.75,86.81900024414062,27694000,0.0,0.0,0.0,0.0,0.0,0.0
2020-11-23,87.01100158691406,87.29949951171875,85.50900268554688,86.37799835205078,22530000,0.0,0.0,0.0,0.0,0.0,0.0
2020-11-24,86.375,88.3239974975586,86.0364990234375,88.19499969482422,27984000,0.0,0.0,0.0,0.0,0.0,0.0
2020-11-25,88.3905029296875,88.51899719238281,87.41799926757812,88.20649719238281,19600000,0.0,0.0,0.0,0.0,0.0,0.0
2020-11-27,88.22699737548828,89.85050201416016,88.22699737548828,89.35099792480469,14790000,0.0,0.0,0.0,0.0,0.0,0.0
2020-11-30,88.78250122070312,89.01699829101562,87.39199829101562,87.72000122070312,32418000,0.0,0.0,0.0,0.0,0.0,0.0
2020-12-01,88.33300018310547,91.08599853515624,88.15149688720703,89.76799774169922,37350000,0.0,0.0,0.0,0.0,0.0,0.0
2020-12-02,89.76799774169922,91.63700103759766,89.25849914550781,91.24849700927734,29424000,0.0,0.0,0.0,0.0,0.0,0.0
2020-12-03,91.0270004272461,92.19149780273438,90.8499984741211,91.09200286865234,24728000,0.0,0.0,0.0,0.0,0.0,0.0
2020-12-04,91.01100158691406,91.4749984741211,90.67949676513672,91.18800354003906,20544000,0.0,0.0,0.0,0.0,0.0,0.0
2020-12-07,90.77749633789062,91.4645004272461,90.1520004272461,90.85150146484376,22288000,0.0,0.0,0.0,0.0,0.0,0.0
2020-12-08,90.4260025024414,90.79850006103516,89.56400299072266,90.56649780273438,19936000,0.0,0.0,0.0,0.0,0.0,0.0
2020-12-09,90.51799774169922,91.4185028076172,88.0999984741211,88.89299774169922,31728000,0.0,0.0,0.0,0.0,0.0,0.0
2020-12-10,88.12999725341797,88.74949645996094,86.67649841308594,88.38249969482422,28688000,0.0,0.0,0.0,0.0,0.0,0.0
2020-12-11,88.0,88.8655014038086,87.63700103759766,88.73999786376953,18628000,0.0,0.0,0.0,0.0,0.0,0.0
2020-12-14,88.53600311279297,89.48999786376953,87.45649719238281,87.61299896240234,33050000,0.0,0.0,0.0,0.0,0.0,0.0
2020-12-15,87.99299621582031,88.19999694824219,87.08350372314453,88.05400085449219,21352000,0.0,0.0,0.0,0.0,0.0,0.0
2020-12-16,88.45549774169922,88.45549774169922,87.4530029296875,87.8594970703125,24676000,0.0,0.0,0.0,0.0,0.0,0.0
2020-12-17,88.19650268554688,88.33550262451172,86.55750274658203,87.02549743652344,34880000,0.0,0.0,0.0,0.0,0.0,0.0
2020-12-18,87.30850219726562,87.41799926757812,85.75,86.31099700927734,85256000,0.0,0.0,0.0,0.0,0.0,0.0
2020-12-21,85.45649719238281,86.8499984741211,84.69999694824219,86.72799682617188,33974000,0.0,0.0,0.0,0.0,0.0,0.0
2020-12-22,86.46649932861328,86.63050079345703,85.28900146484375,86.01100158691406,20370000,0.0,0.0,0.0,0.0,0.0,0.0
2020-12-23,86.19650268554688,87.20549774169922,86.05999755859375,86.4114990234375,22974000,0.0,0.0,0.0,0.0,0.0,0.0
2020-12-24,86.44999694824219,87.12049865722656,86.21749877929688,86.70800018310547,9312000,0.0,0.0,0.0,0.0,0.0,0.0
2020-12-28,87.24549865722656,89.3499984741211,87.09100341796875,88.697998046875,27650000,0.0,0.0,0.0,0.0,0.0,0.0
2020-12-29,89.36150360107422,89.42350006103516,87.75550079345703,87.88800048828125,19726000,0.0,0.0,0.0,0.0,0.0,0.0
2020-12-30,88.25,88.38800048828125,86.4000015258789,86.8125,21026000,0.0,0.0,0.0,0.0,0.0,0.0
2020-12-31,86.8635025024414,87.875,86.80449676513672,87.63200378417969,21070000,0.0,0.0,0.0,0.0,0.0,0.0
2021-01-04,88.0,88.12449645996094,85.35700225830078,86.30650329589844,37324000,0.0,0.0,0.0,0.0,0.0,0.0
2021-01-05,86.25450134277344,87.34149932861328,85.84500122070312,87.00250244140625,20360000,0.0,0.0,0.0,0.0,0.0,0.0
2021-01-06,85.01300048828125,87.19850158691406,84.80500030517578,86.14399719238281,46588000,0.0,0.0,0.0,0.0,0.0,0.0
2021-01-07,86.33799743652344,88.89099884033203,86.33799743652344,88.71700286865234,41936000,0.0,0.0,0.0,0.0,0.0,0.0
2021-01-08,88.85800170898438,89.96800231933594,88.06099700927734,89.8915023803711,35484000,0.0,0.0,0.0,0.0,0.0,0.0
2021-01-11,88.85099792480469,89.21900177001953,87.60700225830078,87.81449890136719,34796000,0.0,0.0,0.0,0.0,0.0,0.0
2021-01-12,87.26799774169922,88.3949966430664,85.81900024414062,86.87149810791016,29528000,0.0,0.0,0.0,0.0,0.0,0.0
2021-01-13,86.36599731445312,87.81950378417969,86.36599731445312,87.36250305175781,23432000,0.0,0.0,0.0,0.0,0.0,0.0
2021-01-14,87.44349670410156,88.37750244140625,86.30349731445312,86.5459976196289,29212000,0.0,0.0,0.0,0.0,0.0,0.0
2021-01-15,86.45099639892578,87.38099670410156,85.58550262451172,86.38099670410156,31444000,0.0,0.0,0.0,0.0,0.0,0.0
2021-01-19,87.1500015258789,90.19200134277344,86.6415023803711,89.22350311279297,41660000,0.0,0.0,0.0,0.0,0.0,0.0
2021-01-20,91.31849670410156,94.98600006103516,90.97550201416016,94.00350189208984,64152000,0.0,0.0,0.0,0.0,0.0,0.0
2021-01-21,94.68250274658205,96.60399627685548,93.97049713134766,94.2074966430664,58634000,0.0,0.0,0.0,0.0,0.0,0.0
2021-01-22,94.572998046875,95.21949768066406,93.8249969482422,94.62799835205078,32744000,0.0,0.0,0.0,0.0,0.0,0.0
2021-01-25,95.63700103759766,96.09100341796876,92.95800018310548,94.71399688720705,50586000,0.0,0.0,0.0,0.0,0.0,0.0
2021-01-26,94.29949951171876,95.7874984741211,93.80650329589844,95.39749908447266,31462000,0.0,0.0,0.0,0.0,0.0,0.0
2021-01-27,93.74549865722656,94.02349853515624,89.86399841308594,90.9469985961914,82512000,0.0,0.0,0.0,0.0,0.0,0.0
2021-01-28,91.5500030517578,94.39949798583984,91.5500030517578,92.66000366210938,55278000,0.0,0.0,0.0,0.0,0.0,0.0
2021-01-29,91.70099639892578,92.3769989013672,90.0780029296875,91.36799621582033,44530000,0.0,0.0,0.0,0.0,0.0,0.0
2021-02-01,92.22949981689452,95.7770004272461,92.22949981689452,94.65350341796876,40252000,0.0,0.0,0.0,0.0,0.0,0.0
2021-02-02,95.65650177001952,97.46849822998048,95.31849670410156,95.95600128173828,66332000,0.0,0.0,0.0,0.0,0.0,0.0
2021-02-03,103.28050231933594,105.33100128173828,100.67749786376952,102.94400024414062,97882000,0.0,0.0,0.0,0.0,0.0,0.0
2021-02-04,103.03099822998048,103.46499633789062,101.75499725341795,102.68150329589844,48596000,0.0,0.0,0.0,0.0,0.0,0.0
2021-02-05,102.97799682617188,104.7969970703125,102.5,104.44149780273438,29866000,0.0,0.0,0.0,0.0,0.0,0.0
2021-02-08,105.0,105.75,103.1675033569336,104.22599792480467,28828000,0.0,0.0,0.0,0.0,0.0,0.0
2021-02-09,103.73999786376952,104.92549896240234,103.5,103.76950073242188,21892000,0.0,0.0,0.0,0.0,0.0,0.0
2021-02-10,104.15699768066406,104.94400024414062,102.61199951171876,104.3239974975586,25102000,0.0,0.0,0.0,0.0,0.0,0.0
2021-02-11,104.5500030517578,104.6999969482422,103.44300079345705,104.4375,20480000,0.0,0.0,0.0,0.0,0.0,0.0
2021-02-12,103.9885025024414,104.9749984741211,103.67849731445312,104.75150299072266,18990000,0.0,0.0,0.0,0.0,0.0,0.0
2021-02-16,104.5875015258789,107.25700378417967,104.5875015258789,105.53500366210938,31004000,0.0,0.0,0.0,0.0,0.0,0.0
2021-02-17,104.6989974975586,106.12200164794922,104.4175033569336,105.93099975585938,20294000,0.0,0.0,0.0,0.0,0.0,0.0
2021-02-18,105.25,106.09950256347656,104.66649627685548,105.29049682617188,22546000,0.0,0.0,0.0,0.0,0.0,0.0
2021-02-19,105.3895034790039,105.9290008544922,104.17150115966795,104.44049835205078,37938000,0.0,0.0,0.0,0.0,0.0,0.0
2021-02-22,102.68000030517578,104.0165023803711,102.4000015258789,102.71299743652344,29466000,0.0,0.0,0.0,0.0,0.0,0.0
2021-02-23,100.69950103759766,103.625,99.5114974975586,103.00599670410156,34658000,0.0,0.0,0.0,0.0,0.0,0.0
2021-02-24,101.5019989013672,104.41600036621094,101.37650299072266,104.19049835205078,22608000,0.0,0.0,0.0,0.0,0.0,0.0
2021-02-25,102.79650115966795,104.1500015258789,100.32450103759766,100.79750061035156,41548000,0.0,0.0,0.0,0.0,0.0,0.0
2021-02-26,101.49749755859376,102.82599639892578,100.05049896240234,101.09549713134766,40042000,0.0,0.0,0.0,0.0,0.0,0.0
2021-03-01,102.4000015258789,103.8115005493164,101.72100067138672,103.48300170898438,26060000,0.0,0.0,0.0,0.0,0.0,0.0
2021-03-02,103.24199676513672,104.73699951171876,102.83350372314452,103.2239990234375,25564000,0.0,0.0,0.0,0.0,0.0,0.0
2021-03-03,102.59750366210938,103.79949951171876,99.6999969482422,100.57050323486328,33892000,0.0,0.0,0.0,0.0,0.0,0.0
2021-03-04,100.74349975585938,103.72949981689452,100.27149963378906,101.69650268554688,49216000,0.0,0.0,0.0,0.0,0.0,0.0
2021-03-05,103.05750274658205,105.30999755859376,101.38899993896484,104.85350036621094,53100000,0.0,0.0,0.0,0.0,0.0,0.0
2021-03-08,104.2030029296875,105.68699645996094,100.2594985961914,100.375,36868000,0.0,0.0,0.0,0.0,0.0,0.0
2021-03-09,102.4875030517578,103.1959991455078,101.77999877929688,102.01799774169922,33920000,0.0,0.0,0.0,0.0,0.0,0.0
2021-03-10,103.06999969482422,103.06999969482422,100.96649932861328,101.80950164794922,27100000,0.0,0.0,0.0,0.0,0.0,0.0
2021-03-11,102.91100311279295,105.5634994506836,102.82250213623048,105.0270004272461,27702000,0.0,0.0,0.0,0.0,0.0,0.0
2021-03-12,103.82050323486328,103.88050079345705,101.62100219726562,102.5,33818000,0.0,0.0,0.0,0.0,0.0,0.0
2021-03-15,102.2490005493164,102.74949645996094,101.3895034790039,102.72200012207033,26168000,0.0,0.0,0.0,0.0,0.0,0.0
2021-03-16,103.29949951171876,105.68399810791016,102.9645004272461,104.19450378417967,31900000,0.0,0.0,0.0,0.0,0.0,0.0
2021-03-17,103.42350006103516,104.9499969482422,102.20600128173828,104.11100006103516,26382000,0.0,0.0,0.0,0.0,0.0,0.0
2021-03-18,102.40899658203124,103.4375,100.95899963378906,101.06700134277344,31700000,0.0,0.0,0.0,0.0,0.0,0.0
2021-03-19,101.48650360107422,101.85199737548828,100.14649963378906,101.3479995727539,46072000,0.0,0.0,0.0,0.0,0.0,0.0
2021-03-22,101.38150024414062,102.41699981689452,100.6999969482422,101.53450012207033,33536000,0.0,0.0,0.0,0.0,0.0,0.0
2021-03-23,101.99749755859376,103.20549774169922,101.4000015258789,102.06649780273438,28510000,0.0,0.0,0.0,0.0,0.0,0.0
2021-03-24,102.58799743652344,103.37999725341795,101.4499969482422,101.62650299072266,25218000,0.0,0.0,0.0,0.0,0.0,0.0
2021-03-25,101.45249938964844,102.28199768066406,99.80449676513672,101.6230010986328,35616000,0.0,0.0,0.0,0.0,0.0,0.0
2021-03-26,101.5895004272461,101.96949768066406,100.19249725341795,101.23650360107422,27978000,0.0,0.0,0.0,0.0,0.0,0.0
2021-03-29,101.10800170898438,102.46050262451172,100.27249908447266,102.28949737548828,26492000,0.0,0.0,0.0,0.0,0.0,0.0
2021-03-30,102.64900207519533,103.1334991455078,101.80750274658205,102.32350158691406,27312000,0.0,0.0,0.0,0.0,0.0,0.0
2021-03-31,102.72000122070312,104.31300354003906,102.3499984741211,103.1259994506836,42570000,0.0,0.0,0.0,0.0,0.0,0.0
2021-04-01,104.6125030517578,106.7874984741211,104.57150268554688,106.48899841308594,39880000,0.0,0.0,0.0,0.0,0.0,0.0
2021-04-05,107.35749816894533,111.44950103759766,107.260498046875,110.947998046875,48510000,0.0,0.0,0.0,0.0,0.0,0.0
2021-04-06,110.5459976196289,111.4000015258789,110.0895004272461,110.46299743652344,35240000,0.0,0.0,0.0,0.0,0.0,0.0
2021-04-07,110.65499877929688,112.2249984741211,110.65499877929688,111.95149993896484,24134000,0.0,0.0,0.0,0.0,0.0,0.0
2021-04-08,113.1999969482422,113.5895004272461,112.15049743652344,112.52149963378906,28664000,0.0,0.0,0.0,0.0,0.0,0.0
2021-04-09,112.27200317382812,113.69850158691406,111.86299896240234,113.53350067138672,26146000,0.0,0.0,0.0,0.0,0.0,0.0
2021-04-12,112.70600128173828,112.84449768066406,111.39099884033205,112.2310028076172,25024000,0.0,0.0,0.0,0.0,0.0,0.0
2021-04-13,112.54949951171876,113.17350006103516,112.15249633789062,112.72149658203124,25682000,0.0,0.0,0.0,0.0,0.0,0.0
2021-04-14,113.37149810791016,113.37149810791016,111.8010025024414,112.09549713134766,21002000,0.0,0.0,0.0,0.0,0.0,0.0
2021-04-15,113.09750366210938,114.8000030517578,112.55850219726562,114.2624969482422,29174000,0.0,0.0,0.0,0.0,0.0,0.0
2021-04-16,114.46199798583984,114.71199798583984,113.5459976196289,114.1374969482422,26282000,0.0,0.0,0.0,0.0,0.0,0.0
2021-04-19,113.50900268554688,115.20449829101562,113.50900268554688,114.48799896240234,30290000,0.0,0.0,0.0,0.0,0.0,0.0
2021-04-20,114.87449645996094,114.9499969482422,112.8560028076172,113.95050048828124,22288000,0.0,0.0,0.0,0.0,0.0,0.0
2021-04-21,113.60250091552734,114.0,112.24099731445312,113.9175033569336,23204000,0.0,0.0,0.0,0.0,0.0,0.0
2021-04-22,113.7699966430664,114.44400024414062,112.01599884033205,112.6259994506836,24146000,0.0,0.0,0.0,0.0,0.0,0.0
2021-04-23,113.3499984741211,115.30599975585938,113.0625,114.99649810791016,29066000,0.0,0.0,0.0,0.0,0.0,0.0
2021-04-26,115.22599792480467,116.22650146484376,114.86599731445312,115.49649810791016,32038000,0.0,0.0,0.0,0.0,0.0,0.0
2021-04-27,115.88150024414062,115.92250061035156,114.30799865722656,114.54900360107422,44386000,0.0,0.0,0.0,0.0,0.0,0.0
2021-04-28,119.625,121.56900024414062,117.66100311279295,117.9520034790039,81106000,0.0,0.0,0.0,0.0,0.0,0.0
2021-04-29,119.46150207519533,120.20800018310548,118.69249725341795,119.63800048828124,41234000,0.0,0.0,0.0,0.0,0.0,0.0
2021-04-30,118.4010009765625,119.09249877929688,117.3280029296875,117.6750030517578,44856000,0.0,0.0,0.0,0.0,0.0,0.0
2021-05-03,118.24549865722656,119.07749938964844,116.7750015258789,117.15399932861328,28242000,0.0,0.0,0.0,0.0,0.0,0.0
2021-05-04,115.67749786376952,116.24949645996094,112.83399963378906,115.34149932861328,44818000,0.0,0.0,0.0,0.0,0.0,0.0
2021-05-05,116.43150329589844,116.75,115.41400146484376,115.7385025024414,26636000,0.0,0.0,0.0,0.0,0.0,0.0
2021-05-06,115.31649780273438,116.86750030517578,114.6520004272461,116.86750030517578,25190000,0.0,0.0,0.0,0.0,0.0,0.0
2021-05-07,118.19450378417967,118.5625,117.30799865722656,117.59649658203124,28898000,0.0,0.0,0.0,0.0,0.0,0.0
2021-05-10,116.40699768066406,116.5500030517578,114.22699737548828,114.5875015258789,30914000,0.0,0.0,0.0,0.0,0.0,0.0
2021-05-11,112.15350341796876,114.01399993896484,111.6959991455078,113.50299835205078,34186000,0.0,0.0,0.0,0.0,0.0,0.0
2021-05-12,111.30950164794922,112.39900207519533,109.68099975585938,110.0124969482422,46376000,0.0,0.0,0.0,0.0,0.0,0.0
2021-05-13,111.30599975585938,111.97200012207033,110.33599853515624,111.4520034790039,33204000,0.0,0.0,0.0,0.0,0.0,0.0
2021-05-14,112.927001953125,114.23600006103516,112.5,113.91899871826172,31996000,0.0,0.0,0.0,0.0,0.0,0.0
2021-05-17,113.17849731445312,114.48899841308594,112.77549743652344,114.4459991455078,21598000,0.0,0.0,0.0,0.0,0.0,0.0
2021-05-18,115.11750030517578,115.38400268554688,113.1094970703125,113.12349700927734,22204000,0.0,0.0,0.0,0.0,0.0,0.0
2021-05-19,111.42150115966795,113.74949645996094,111.27200317382812,113.5749969482422,23684000,0.0,0.0,0.0,0.0,0.0,0.0
2021-05-20,114.5500030517578,115.5999984741211,114.1760025024414,115.34750366210938,32352000,0.0,0.0,0.0,0.0,0.0,0.0
2021-05-21,115.87049865722656,115.94450378417967,114.46499633789062,114.7064971923828,40632000,0.0,0.0,0.0,0.0,0.0,0.0
2021-05-24,115.74449920654295,118.27749633789062,115.5979995727539,118.052001953125,31832000,0.0,0.0,0.0,0.0,0.0,0.0
2021-05-25,118.5999984741211,119.1999969482422,117.75,118.14350128173828,22440000,0.0,0.0,0.0,0.0,0.0,0.0
2021-05-26,118.32599639892578,119.44950103759766,118.322998046875,119.0155029296875,21572000,0.0,0.0,0.0,0.0,0.0,0.0
2021-05-27,119.45249938964844,119.45249938964844,117.81300354003906,118.13400268554688,35224000,0.0,0.0,0.0,0.0,0.0,0.0
2021-05-28,118.72100067138672,118.80349731445312,117.64250183105467,117.84249877929688,21482000,0.0,0.0,0.0,0.0,0.0,0.0
2021-06-01,118.72200012207033,119.2854995727539,117.71399688720705,119.05899810791016,23354000,0.0,0.0,0.0,0.0,0.0,0.0
2021-06-02,119.4574966430664,119.68199920654295,117.61799621582033,118.52950286865234,21158000,0.0,0.0,0.0,0.0,0.0,0.0
2021-06-03,117.2864990234375,117.85099792480467,116.47599792480467,117.37899780273438,18696000,0.0,0.0,0.0,0.0,0.0,0.0
2021-06-04,118.4635009765625,119.95149993896484,118.12049865722656,119.67849731445312,24458000,0.0,0.0,0.0,0.0,0.0,0.0
2021-06-07,119.47200012207033,120.22550201416016,119.0500030517578,120.11499786376952,24120000,0.0,0.0,0.0,0.0,0.0,0.0
2021-06-08,120.60050201416016,120.97599792480467,119.73899841308594,119.9219970703125,24240000,0.0,0.0,0.0,0.0,0.0,0.0
2021-06-09,120.57150268554688,120.6439971923828,119.84500122070312,120.39700317382812,17942000,0.0,0.0,0.0,0.0,0.0,0.0
2021-06-10,120.34600067138672,121.8000030517578,120.18900299072266,121.75650024414062,25904000,0.0,0.0,0.0,0.0,0.0,0.0
2021-06-11,122.0,122.08599853515624,120.947998046875,121.51000213623048,21958000,0.0,0.0,0.0,0.0,0.0,0.0
2021-06-14,121.61299896240234,122.4459991455078,120.9000015258789,122.44550323486328,22098000,0.0,0.0,0.0,0.0,0.0,0.0
2021-06-15,122.4499969482422,122.77549743652344,121.05599975585938,121.41950225830078,21562000,0.0,0.0,0.0,0.0,0.0,0.0
2021-06-16,121.5719985961914,121.88600158691406,119.47000122070312,120.77249908447266,26472000,0.0,0.0,0.0,0.0,0.0,0.0
2021-06-17,120.69750213623048,122.52249908447266,120.5,121.74349975585938,25842000,0.0,0.0,0.0,0.0,0.0,0.0
2021-06-18,121.36699676513672,121.60299682617188,120.01499938964844,120.11100006103516,46116000,0.0,0.0,0.0,0.0,0.0,0.0
2021-06-21,120.50050354003906,122.0,119.89849853515624,121.8125,27414000,0.0,0.0,0.0,0.0,0.0,0.0
2021-06-22,121.75,122.4000015258789,121.06400299072266,122.33049774169922,22390000,0.0,0.0,0.0,0.0,0.0,0.0
2021-06-23,122.09349822998048,123.09549713134766,121.83450317382812,122.1269989013672,19148000,0.0,0.0,0.0,0.0,0.0,0.0
2021-06-24,122.6999969482422,123.05549621582033,122.3000030517578,122.5,21362000,0.0,0.0,0.0,0.0,0.0,0.0
2021-06-25,122.0,122.63300323486328,121.56500244140624,122.5084991455078,34594000,0.0,0.0,0.0,0.0,0.0,0.0
2021-06-28,122.67849731445312,122.78500366210938,121.40550231933594,122.53600311279295,28526000,0.0,0.0,0.0,0.0,0.0,0.0
2021-06-29,122.67050170898438,123.02100372314452,121.69100189208984,122.27249908447266,23108000,0.0,0.0,0.0,0.0,0.0,0.0
2021-06-30,121.99449920654295,122.25700378417967,121.35449981689452,122.0895004272461,24474000,0.0,0.0,0.0,0.0,0.0,0.0
2021-07-01,121.7249984741211,122.58699798583984,121.53150177001952,122.44450378417967,18110000,0.0,0.0,0.0,0.0,0.0,0.0
2021-07-02,123.1500015258789,125.40399932861328,123.05950164794922,125.25749969482422,25982000,0.0,0.0,0.0,0.0,0.0,0.0
2021-07-06,125.64849853515624,126.4280014038086,124.5824966430664,126.19000244140624,26404000,0.0,0.0,0.0,0.0,0.0,0.0
2021-07-07,127.16200256347656,127.28399658203124,126.15299987792967,126.4739990234375,24060000,0.0,0.0,0.0,0.0,0.0,0.0
2021-07-08,124.0260009765625,125.59549713134766,124.02200317382812,125.04399871826172,23790000,0.0,0.0,0.0,0.0,0.0,0.0
2021-07-09,125.0250015258789,125.7344970703125,124.55149841308594,125.51850128173828,18632000,0.0,0.0,0.0,0.0,0.0,0.0
2021-07-12,126.1780014038086,127.06950378417967,125.61100006103516,126.97550201416016,17668000,0.0,0.0,0.0,0.0,0.0,0.0
2021-07-13,127.03849792480467,128.0574951171875,126.67449951171876,127.34149932861328,19240000,0.0,0.0,0.0,0.0,0.0,0.0
2021-07-14,127.95800018310548,129.32650756835938,127.91449737548828,128.23699951171875,23742000,0.0,0.0,0.0,0.0,0.0,0.0
2021-07-15,128.6490020751953,128.6999969482422,126.52999877929688,127.00499725341795,24218000,0.0,0.0,0.0,0.0,0.0,0.0
2021-07-16,127.66300201416016,127.8115005493164,126.15350341796876,126.97000122070312,20424000,0.0,0.0,0.0,0.0,0.0,0.0
2021-07-19,126.0895004272461,126.20500183105467,123.50499725341795,124.5780029296875,27968000,0.0,0.0,0.0,0.0,0.0,0.0
2021-07-20,125.52749633789062,127.04299926757812,124.35050201416016,126.20950317382812,26312000,0.0,0.0,0.0,0.0,0.0,0.0
2021-07-21,126.1334991455078,127.59600067138672,126.02349853515624,127.54900360107422,20746000,0.0,0.0,0.0,0.0,0.0,0.0
2021-07-22,127.84400177001952,128.48300170898438,127.4990005493164,128.42149353027344,14302000,0.0,0.0,0.0,0.0,0.0,0.0
2021-07-23,130.4304962158203,133.3990020751953,129.80050659179688,133.01499938964844,41506000,0.0,0.0,0.0,0.0,0.0,0.0
2021-07-26,133.32850646972656,134.23699951171875,132.30149841308594,134.03500366210938,30572000,0.0,0.0,0.0,0.0,0.0,0.0
2021-07-27,134.25050354003906,134.3990020751953,130.10400390625,131.89999389648438,54710000,0.0,0.0,0.0,0.0,0.0,0.0
2021-07-28,136.31199645996094,138.2969970703125,135.27749633789062,136.093994140625,95130000,0.0,0.0,0.0,0.0,0.0,0.0
2021-07-29,136.14999389648438,136.66099548339844,135.54299926757812,135.77749633789062,31716000,0.0,0.0,0.0,0.0,0.0,0.0
2021-07-30,135.03500366210938,135.30450439453125,134.2550048828125,134.72650146484375,25576000,0.0,0.0,0.0,0.0,0.0,0.0
2021-08-02,135.11700439453125,135.3365020751953,133.79400634765625,134.85450744628906,21634000,0.0,0.0,0.0,0.0,0.0,0.0
2021-08-03,135.13499450683594,135.73199462890625,133.3195037841797,135.6300048828125,20762000,0.0,0.0,0.0,0.0,0.0,0.0
2021-08-04,135.34950256347656,135.64950561523438,134.48699951171875,135.12550354003906,19676000,0.0,0.0,0.0,0.0,0.0,0.0
2021-08-05,135.6804962158203,136.35000610351562,134.8459930419922,136.25149536132812,17870000,0.0,0.0,0.0,0.0,0.0,0.0
2021-08-06,136.04200744628906,136.47250366210938,135.2100067138672,135.73849487304688,20488000,0.0,0.0,0.0,0.0,0.0,0.0
2021-08-09,135.9425048828125,137.1840057373047,135.33949279785156,136.91299438476562,17760000,0.0,0.0,0.0,0.0,0.0,0.0
2021-08-10,137.3419952392578,137.7725067138672,136.364501953125,136.8070068359375,19414000,0.0,0.0,0.0,0.0,0.0,0.0
2021-08-11,137.18150329589844,137.6824951171875,136.27149963378906,136.2790069580078,15352000,0.0,0.0,0.0,0.0,0.0,0.0
2021-08-12,135.97549438476562,137.3000030517578,135.42550659179688,137.19400024414062,16506000,0.0,0.0,0.0,0.0,0.0,0.0
2021-08-13,137.25,137.85650634765625,137.0330047607422,137.7274932861328,15948000,0.0,0.0,0.0,0.0,0.0,0.0
2021-08-16,137.52499389648438,138.3625030517578,135.2989959716797,138.3094940185547,22384000,0.0,0.0,0.0,0.0,0.0,0.0
2021-08-17,137.75,138.2655029296875,136.08200073242188,136.6614990234375,21716000,0.0,0.0,0.0,0.0,0.0,0.0
2021-08-18,136.5,137.10450744628906,135.32150268554688,135.44900512695312,19258000,0.0,0.0,0.0,0.0,0.0,0.0
2021-08-19,134.4355010986328,136.3524932861328,134.25,135.67999267578125,21782000,0.0,0.0,0.0,0.0,0.0,0.0
2021-08-20,136.0,137.5540008544922,135.25,137.42950439453125,31194000,0.0,0.0,0.0,0.0,0.0,0.0
2021-08-23,137.96949768066406,140.87449645996094,137.6074981689453,140.04150390625,28454000,0.0,0.0,0.0,0.0,0.0,0.0
2021-08-24,140.6114959716797,142.0800018310547,140.3385009765625,141.26150512695312,19268000,0.0,0.0,0.0,0.0,0.0,0.0
2021-08-25,141.625,142.1894989013672,141.37600708007812,142.07899475097656,15848000,0.0,0.0,0.0,0.0,0.0,0.0
2021-08-26,141.75,142.41749572753906,141.35699462890625,141.4405059814453,20610000,0.0,0.0,0.0,0.0,0.0,0.0
2021-08-27,141.65249633789062,144.5124969482422,141.4969940185547,144.00399780273438,28780000,0.0,0.0,0.0,0.0,0.0,0.0
2021-08-30,144.39999389648438,145.9705047607422,144.16299438476562,144.5904998779297,24434000,0.0,0.0,0.0,0.0,0.0,0.0
2021-08-31,145.14700317382812,145.17149353027344,144.281005859375,144.69749450683594,22448000,0.0,0.0,0.0,0.0,0.0,0.0
2021-09-01,145.0,146.25399780273438,144.8834991455078,145.2154998779297,21936000,0.0,0.0,0.0,0.0,0.0,0.0
2021-09-02,145.21600341796875,145.51950073242188,143.18499755859375,143.28700256347656,32342000,0.0,0.0,0.0,0.0,0.0,0.0
2021-09-03,143.08050537109375,144.15499877929688,142.40049743652344,143.739501953125,19850000,0.0,0.0,0.0,0.0,0.0,0.0
2021-09-07,143.83450317382812,144.56500244140625,143.61900329589844,144.28050231933594,20124000,0.0,0.0,0.0,0.0,0.0,0.0
2021-09-08,144.10000610351562,144.39999389648438,143.0,143.6909942626953,18344000,0.0,0.0,0.0,0.0,0.0,0.0
2021-09-09,143.8404998779297,144.3105010986328,143.17750549316406,143.54100036621094,15314000,0.0,0.0,0.0,0.0,0.0,0.0
2021-09-10,144.21249389648438,144.718505859375,140.73800659179688,140.87600708007812,36840000,0.0,0.0,0.0,0.0,0.0,0.0
2021-09-13,141.94949340820312,142.9499969482422,141.25,142.33250427246094,22094000,0.0,0.0,0.0,0.0,0.0,0.0
2021-09-14,142.99549865722656,143.36300659179688,141.75,142.54449462890625,19674000,0.0,0.0,0.0,0.0,0.0,0.0
2021-09-15,142.77149963378906,144.45050048828125,141.34750366210938,144.42950439453125,27408000,0.0,0.0,0.0,0.0,0.0,0.0
2021-09-16,143.95050048828125,144.3000030517578,142.40150451660156,143.61000061035156,26190000,0.0,0.0,0.0,0.0,0.0,0.0
2021-09-17,143.03050231933594,143.4499969482422,140.47000122070312,140.8000030517578,53384000,0.0,0.0,0.0,0.0,0.0,0.0
2021-09-20,138.1614990234375,139.0,136.32200622558594,138.71949768066406,46518000,0.0,0.0,0.0,0.0,0.0,0.0
2021-09-21,139.74949645996094,140.01150512695312,138.2779998779297,139.0330047607422,25332000,0.0,0.0,0.0,0.0,0.0,0.0
2021-09-22,139.3040008544922,140.88699340820312,138.55149841308594,140.2834930419922,25056000,0.0,0.0,0.0,0.0,0.0,0.0
2021-09-23,140.9875030517578,141.69650268554688,140.40150451660156,141.21600341796875,20952000,0.0,0.0,0.0,0.0,0.0,0.0
2021-09-24,140.5384979248047,142.33050537109375,140.24099731445312,142.21499633789062,22984000,0.0,0.0,0.0,0.0,0.0,0.0
2021-09-27,140.80450439453125,141.93850708007812,140.0675048828125,141.07200622558594,21882000,0.0,0.0,0.0,0.0,0.0,0.0
2021-09-28,138.65499877929688,139.09649658203125,135.36000061035156,135.8300018310547,45772000,0.0,0.0,0.0,0.0,0.0,0.0
2021-09-29,136.97999572753906,137.1510009765625,133.86500549316406,134.35350036621094,30848000,0.0,0.0,0.0,0.0,0.0,0.0
2021-09-30,134.26150512695312,135.54249572753906,133.55599975585938,133.67599487304688,37996000,0.0,0.0,0.0,0.0,0.0,0.0
2021-10-01,134.44749450683594,136.91050720214844,134.072998046875,136.54299926757812,35360000,0.0,0.0,0.0,0.0,0.0,0.0
2021-10-04,135.9604949951172,135.9604949951172,131.0500030517578,133.6595001220703,51202000,0.0,0.0,0.0,0.0,0.0,0.0
2021-10-05,134.04100036621094,137.22450256347656,134.04100036621094,136.0229949951172,32404000,0.0,0.0,0.0,0.0,0.0,0.0
2021-10-06,134.75,137.75,134.5500030517578,137.56500244140625,24364000,0.0,0.0,0.0,0.0,0.0,0.0
2021-10-07,138.89199829101562,140.04200744628906,138.6510009765625,139.22500610351562,25110000,0.0,0.0,0.0,0.0,0.0,0.0
2021-10-08,139.57699584960938,140.33099365234375,139.21749877929688,139.78550720214844,26526000,0.0,0.0,0.0,0.0,0.0,0.0
2021-10-11,139.29200744628906,140.71200561523438,138.85899353027344,138.91400146484375,17954000,0.0,0.0,0.0,0.0,0.0,0.0
2021-10-12,139.47999572753906,139.5070037841797,135.75999450683594,136.44900512695312,36332000,0.0,0.0,0.0,0.0,0.0,0.0
2021-10-13,137.40249633789062,138.0,136.5189971923828,137.58200073242188,19654000,0.0,0.0,0.0,0.0,0.0,0.0
2021-10-14,139.4739990234375,141.33749389648438,138.8249969482422,141.1510009765625,31894000,0.0,0.0,0.0,0.0,0.0,0.0
2021-10-15,141.614501953125,141.71800231933594,140.7550048828125,141.3679962158203,30274000,0.0,0.0,0.0,0.0,0.0,0.0
2021-10-18,141.07650756835938,142.79600524902344,141.0695037841797,142.7779998779297,20396000,0.0,0.0,0.0,0.0,0.0,0.0
2021-10-19,143.3874969482422,143.66250610351562,142.60000610351562,143.23699951171875,20164000,0.0,0.0,0.0,0.0,0.0,0.0
2021-10-20,143.33799743652344,143.54600524902344,141.37649536132812,141.7689971923828,23288000,0.0,0.0,0.0,0.0,0.0,0.0
2021-10-21,141.7689971923828,142.156005859375,140.5,141.88600158691406,26292000,0.0,0.0,0.0,0.0,0.0,0.0
2021-10-22,139.14999389648438,140.58299255371094,136.05599975585938,137.56649780273438,50588000,0.0,0.0,0.0,0.0,0.0,0.0
2021-10-25,137.5500030517578,138.0,135.4239959716797,137.44700622558594,34412000,0.0,0.0,0.0,0.0,0.0,0.0
2021-10-26,139.2635040283203,140.08299255371094,138.30450439453125,139.30850219726562,49236000,0.0,0.0,0.0,0.0,0.0,0.0
2021-10-27,139.40499877929688,148.64999389648438,139.40499877929688,146.21749877929688,85782000,0.0,0.0,0.0,0.0,0.0,0.0
2021-10-28,147.13450622558594,147.1580047607422,144.6269989013672,145.8489990234375,36206000,0.0,0.0,0.0,0.0,0.0,0.0
2021-10-29,145.0780029296875,148.24200439453125,144.64950561523438,148.04600524902344,43320000,0.0,0.0,0.0,0.0,0.0,0.0
2021-11-01,148.04600524902344,148.04600524902344,143.22549438476562,143.4969940185547,46924000,0.0,0.0,0.0,0.0,0.0,0.0
2021-11-02,144.57949829101562,146.60899353027344,144.3354949951172,145.4324951171875,33482000,0.0,0.0,0.0,0.0,0.0,0.0
2021-11-03,145.90049743652344,146.66900634765625,144.59100341796875,146.59800720214844,27494000,0.0,0.0,0.0,0.0,0.0,0.0
2021-11-04,147.12449645996094,149.73350524902344,146.30799865722656,148.2675018310547,38412000,0.0,0.0,0.0,0.0,0.0,0.0
2021-11-05,149.16949462890625,150.32749938964844,148.19700622558594,148.8520050048828,38354000,0.0,0.0,0.0,0.0,0.0,0.0
2021-11-08,149.8249969482422,150.61500549316406,148.4304962158203,149.031005859375,23052000,0.0,0.0,0.0,0.0,0.0,0.0
2021-11-09,149.23300170898438,149.83450317382812,147.2449951171875,148.9185028076172,19530000,0.0,0.0,0.0,0.0,0.0,0.0
2021-11-10,147.5,148.07000732421875,144.53750610351562,145.89349365234375,29970000,0.0,0.0,0.0,0.0,0.0,0.0
2021-11-11,146.489501953125,147.53550720214844,145.60049438476562,145.76649475097656,16518000,0.0,0.0,0.0,0.0,0.0,0.0
2021-11-12,146.61549377441406,148.85000610351562,145.41099548339844,148.67799377441406,22360000,0.0,0.0,0.0,0.0,0.0,0.0
2021-11-15,148.90049743652344,149.54949951171875,147.5749969482422,148.45199584960938,23508000,0.0,0.0,0.0,0.0,0.0,0.0
2021-11-16,148.14950561523438,148.7624969482422,147.3125,147.87600708007812,18904000,0.0,0.0,0.0,0.0,0.0,0.0
2021-11-17,148.02749633789062,148.5594940185547,147.24000549316406,148.0469970703125,19594000,0.0,0.0,0.0,0.0,0.0,0.0
2021-11-18,148.2415008544922,150.58050537109375,147.88450622558594,149.8385009765625,35608000,0.0,0.0,0.0,0.0,0.0,0.0
2021-11-19,149.97549438476562,150.9665069580078,148.8990020751953,148.92649841308594,33682000,0.0,0.0,0.0,0.0,0.0,0.0
2021-11-22,149.33250427246094,149.82949829101562,146.1475067138672,146.302001953125,30594000,0.0,0.0,0.0,0.0,0.0,0.0
2021-11-23,146.1529998779297,146.66000366210938,144.11500549316406,145.78199768066406,27218000,0.0,0.0,0.0,0.0,0.0,0.0
2021-11-24,145.47349548339844,146.24949645996094,144.3730010986328,146.1199951171875,18040000,0.0,0.0,0.0,0.0,0.0,0.0
2021-11-26,144.34849548339844,144.5574951171875,141.84249877929688,142.18299865722656,30470000,0.0,0.0,0.0,0.0,0.0,0.0
2021-11-29,144.0,146.29750061035156,143.89349365234375,145.53050231933594,32596000,0.0,0.0,0.0,0.0,0.0,0.0
2021-11-30,145.0084991455078,146.0,141.60150146484375,141.8975067138672,42068000,0.0,0.0,0.0,0.0,0.0,0.0
2021-12-01,144.0,145.95050048828125,140.91200256347656,141.05149841308594,34020000,0.0,0.0,0.0,0.0,0.0,0.0
2021-12-02,141.25,143.864501953125,140.21449279785156,142.96600341796875,29194000,0.0,0.0,0.0,0.0,0.0,0.0
2021-12-03,143.68099975585938,144.39999389648438,140.30099487304688,142.00149536132812,41230000,0.0,0.0,0.0,0.0,0.0,0.0
2021-12-06,143.04049682617188,143.8524932861328,140.14999389648438,143.15499877929688,30618000,0.0,0.0,0.0,0.0,0.0,0.0
2021-12-07,145.59649658203125,147.531005859375,145.2274932861328,147.26950073242188,32240000,0.0,0.0,0.0,0.0,0.0,0.0
2021-12-08,147.59649658203125,148.39300537109375,146.406005859375,148.18649291992188,24270000,0.0,0.0,0.0,0.0,0.0,0.0
2021-12-09,147.59100341796875,149.10000610351562,147.11500549316406,147.6385040283203,23270000,0.0,0.0,0.0,0.0,0.0,0.0
2021-12-10,148.6999969482422,148.9774932861328,146.70399475097656,148.00149536132812,24458000,0.0,0.0,0.0,0.0,0.0,0.0
2021-12-13,147.781494140625,147.97000122070312,145.5175018310547,145.82650756835938,27070000,0.0,0.0,0.0,0.0,0.0,0.0
2021-12-14,143.96800231933594,144.47999572753906,141.21499633789062,143.90699768066406,38446000,0.0,0.0,0.0,0.0,0.0,0.0
2021-12-15,143.40899658203125,146.7209930419922,141.67799377441406,146.4409942626953,36370000,0.0,0.0,0.0,0.0,0.0,0.0
2021-12-16,147.17050170898438,147.677001953125,143.60699462890625,144.44500732421875,33650000,0.0,0.0,0.0,0.0,0.0,0.0
2021-12-17,142.5,143.83450317382812,141.3000030517578,141.72500610351562,50416000,0.0,0.0,0.0,0.0,0.0,0.0
2021-12-20,140.0,141.77450561523438,139.3209991455078,141.60699462890625,27192000,0.0,0.0,0.0,0.0,0.0,0.0
2021-12-21,142.05349731445312,143.86900329589844,140.50250244140625,143.47250366210938,28756000,0.0,0.0,0.0,0.0,0.0,0.0
2021-12-22,143.0675048828125,146.5,143.0675048828125,146.4149932861328,26322000,0.0,0.0,0.0,0.0,0.0,0.0
2021-12-23,146.5,148.24349975585938,146.45199584960938,146.91650390625,26384000,0.0,0.0,0.0,0.0,0.0,0.0
2021-12-27,147.25599670410156,148.343994140625,147.16949462890625,147.906494140625,15976000,0.0,0.0,0.0,0.0,0.0,0.0
2021-12-28,148.23599243164062,148.2989959716797,146.05450439453125,146.68699645996094,18200000,0.0,0.0,0.0,0.0,0.0,0.0
2021-12-29,146.64450073242188,147.41700744628906,145.6475067138672,146.65499877929688,17788000,0.0,0.0,0.0,0.0,0.0,0.0
2021-12-30,146.69400024414062,147.3000030517578,145.9945068359375,146.20050048828125,15688000,0.0,0.0,0.0,0.0,0.0,0.0
2021-12-31,146.0500030517578,146.69850158691406,144.8520050048828,144.8520050048828,18136000,0.0,0.0,0.0,0.0,0.0,0.0
2022-01-03,145.05499267578125,145.8509979248047,143.71299743652344,144.9915008544922,28646000,0.0,0.0,0.0,0.0,0.0,0.0
2022-01-04,145.39599609375,146.48500061035156,143.7165069580078,144.39950561523438,28400000,0.0,0.0,0.0,0.0,0.0,0.0
2022-01-05,144.4199981689453,144.49949645996094,137.68800354003906,137.77499389648438,54618000,0.0,0.0,0.0,0.0,0.0,0.0
2022-01-06,136.99850463867188,139.94000244140625,136.55850219726562,137.74749755859375,37348000,0.0,0.0,0.0,0.0,0.0,0.0
2022-01-07,138.14549255371094,138.44850158691406,135.76649475097656,137.01699829101562,29760000,0.0,0.0,0.0,0.0,0.0,0.0
2022-01-10,135.0780029296875,138.8195037841797,133.1645050048828,138.66949462890625,44408000,0.0,0.0,0.0,0.0,0.0,0.0
2022-01-11,138.0070037841797,140.21600341796875,136.6925048828125,139.73599243164062,28730000,0.0,0.0,0.0,0.0,0.0,0.0
2022-01-12,141.14999389648438,142.60800170898438,140.6945037841797,141.4304962158203,26108000,0.0,0.0,0.0,0.0,0.0,0.0
2022-01-13,141.5399932861328,142.85000610351562,138.40899658203125,138.58700561523438,31436000,0.0,0.0,0.0,0.0,0.0,0.0
2022-01-14,137.07899475097656,140.74200439453125,136.99850463867188,139.48049926757812,29662000,0.0,0.0,0.0,0.0,0.0,0.0
2022-01-18,136.1750030517578,137.13150024414062,135.43850708007812,135.9980010986328,34872000,0.0,0.0,0.0,0.0,0.0,0.0
2022-01-19,136.52349853515625,137.95950317382812,135.0155029296875,135.1165008544922,28648000,0.0,0.0,0.0,0.0,0.0,0.0
2022-01-20,136.25,137.62600708007812,132.96449279785156,133.3074951171875,29908000,0.0,0.0,0.0,0.0,0.0,0.0
2022-01-21,132.593505859375,134.86549377441406,130.0865020751953,130.35150146484375,55652000,0.0,0.0,0.0,0.0,0.0,0.0
2022-01-24,125.97799682617188,131.2030029296875,124.5,130.8040008544922,76622000,0.0,0.0,0.0,0.0,0.0,0.0
2022-01-25,128.74000549316406,129.3990020751953,126.50050354003906,126.93499755859376,46960000,0.0,0.0,0.0,0.0,0.0,0.0
2022-01-26,131.11900329589844,133.0,127.14199829101562,129.23300170898438,49130000,0.0,0.0,0.0,0.0,0.0,0.0
2022-01-27,131.3040008544922,132.65249633789062,128.9324951171875,129.0050048828125,31950000,0.0,0.0,0.0,0.0,0.0,0.0
2022-01-28,129.65899658203125,133.35650634765625,128.48500061035156,133.3509979248047,34362000,0.0,0.0,0.0,0.0,0.0,0.0
2022-01-31,134.16200256347656,135.47300720214844,132.20950317382812,135.30349731445312,39986000,0.0,0.0,0.0,0.0,0.0,0.0
2022-02-01,137.59449768066406,137.79299926757812,134.36849975585938,137.6439971923828,68644000,0.0,0.0,0.0,0.0,0.0,0.0
2022-02-02,151.25,151.54649353027344,145.5225067138672,148.0,123200000,0.0,0.0,0.0,0.0,0.0,0.0
2022-02-03,145.70550537109375,149.6750030517578,142.66549682617188,143.08999633789062,71518000,0.0,0.0,0.0,0.0,0.0,0.0
2022-02-04,143.4445037841797,144.875,140.51499938964844,143.29299926757812,57998000,0.0,0.0,0.0,0.0,0.0,0.0
2022-02-07,144.25,144.25,138.89999389648438,139.2010040283203,54974000,0.0,0.0,0.0,0.0,0.0,0.0
2022-02-08,139.02650451660156,140.0,137.01400756835938,139.3990020751953,54284000,0.0,0.0,0.0,0.0,0.0,0.0
2022-02-09,140.9635009765625,142.52450561523438,140.18699645996094,141.5919952392578,40144000,0.0,0.0,0.0,0.0,0.0,0.0
2022-02-10,139.70350646972656,141.4844970703125,137.95700073242188,138.6199951171875,39330000,0.0,0.0,0.0,0.0,0.0,0.0
2022-02-11,138.60000610351562,139.156494140625,133.39999389648438,134.28250122070312,39958000,0.0,0.0,0.0,0.0,0.0,0.0
2022-02-14,133.25650024414062,136.3000030517578,133.25650024414062,135.5260009765625,34302000,0.0,0.0,0.0,0.0,0.0,0.0
2022-02-15,137.57049560546875,138.10850524902344,135.82150268554688,136.60850524902344,26680000,0.0,0.0,0.0,0.0,0.0,0.0
2022-02-16,136.64649963378906,138.08599853515625,134.9239959716797,137.73800659179688,25022000,0.0,0.0,0.0,0.0,0.0,0.0
2022-02-17,136.2429962158203,137.11349487304688,132.47850036621094,132.53900146484375,38950000,0.0,0.0,0.0,0.0,0.0,0.0
2022-02-18,133.4669952392578,134.07000732421875,130.19650268554688,130.4029998779297,45620000,0.0,0.0,0.0,0.0,0.0,0.0
2022-02-22,129.83799743652344,132.1804962158203,128.22349548339844,129.81350708007812,44990000,0.0,0.0,0.0,0.0,0.0,0.0
2022-02-23,131.64849853515625,132.05099487304688,127.52749633789062,127.58799743652344,32786000,0.0,0.0,0.0,0.0,0.0,0.0
2022-02-24,124.95349884033205,133.0,124.95349884033205,132.6909942626953,54456000,0.0,0.0,0.0,0.0,0.0,0.0
2022-02-25,133.552001953125,135.27149963378906,131.75149536132812,134.45950317382812,36406000,0.0,0.0,0.0,0.0,0.0,0.0
2022-02-28,133.0500030517578,135.75149536132812,132.59249877929688,135.0570068359375,38864000,0.0,0.0,0.0,0.0,0.0,0.0
2022-03-01,134.8784942626953,136.2554931640625,133.218505859375,134.06149291992188,26496000,0.0,0.0,0.0,0.0,0.0,0.0
2022-03-02,134.6280059814453,135.2624969482422,133.07150268554688,134.57150268554688,23520000,0.0,0.0,0.0,0.0,0.0,0.0
2022-03-03,136.00999450683594,136.4394989013672,133.02549743652344,133.89950561523438,24604000,0.0,0.0,0.0,0.0,0.0,0.0
2022-03-04,132.92750549316406,133.85150146484375,130.33749389648438,131.906494140625,30430000,0.0,0.0,0.0,0.0,0.0,0.0
2022-03-07,131.48800659179688,131.73500061035156,126.29499816894533,126.37850189208984,45112000,0.0,0.0,0.0,0.0,0.0,0.0
2022-03-08,126.25,131.25,125.67449951171876,127.10449981689452,40428000,0.0,0.0,0.0,0.0,0.0,0.0
2022-03-09,131.25,133.73550415039062,129.90049743652344,133.4199981689453,37026000,0.0,0.0,0.0,0.0,0.0,0.0
2022-03-10,131.26600646972656,133.27200317382812,130.91250610351562,132.42950439453125,27102000,0.0,0.0,0.0,0.0,0.0,0.0
2022-03-11,133.48849487304688,133.79550170898438,129.63150024414062,129.87049865722656,31526000,0.0,0.0,0.0,0.0,0.0,0.0
2022-03-14,130.25,130.40899658203125,125.2750015258789,125.95099639892578,38812000,0.0,0.0,0.0,0.0,0.0,0.0
2022-03-15,126.97599792480467,129.85450744628906,125.72049713134766,129.197998046875,30920000,0.0,0.0,0.0,0.0,0.0,0.0
2022-03-16,130.73300170898438,133.33299255371094,128.7344970703125,133.28050231933594,35576000,0.0,0.0,0.0,0.0,0.0,0.0
2022-03-17,133.1490020751953,134.08050537109375,132.18499755859375,133.83900451660156,28264000,0.0,0.0,0.0,0.0,0.0,0.0
2022-03-18,133.42449951171875,136.24400329589844,132.2584991455078,136.12550354003906,44566000,0.0,0.0,0.0,0.0,0.0,0.0
2022-03-21,136.1634979248047,137.0500030517578,134.09249877929688,136.10150146484375,26832000,0.0,0.0,0.0,0.0,0.0,0.0
2022-03-22,136.10150146484375,141.0500030517578,136.10150146484375,139.8679962158203,35496000,0.0,0.0,0.0,0.0,0.0,0.0
2022-03-23,138.70249938964844,139.5885009765625,137.8350067138672,138.27549743652344,25154000,0.0,0.0,0.0,0.0,0.0,0.0
2022-03-24,139.1999969482422,141.61900329589844,137.75050354003906,141.57200622558594,26396000,0.0,0.0,0.0,0.0,0.0,0.0
2022-03-25,141.91600036621094,142.03500366210938,139.7375030517578,141.67300415039062,24126000,0.0,0.0,0.0,0.0,0.0,0.0
2022-03-28,140.90049743652344,142.00250244140625,139.81149291992188,141.45550537109375,35050000,0.0,0.0,0.0,0.0,0.0,0.0
2022-03-29,142.6475067138672,143.7935028076172,142.0384979248047,142.5054931640625,34318000,0.0,0.0,0.0,0.0,0.0,0.0
2022-03-30,142.4600067138672,142.7205047607422,141.60000610351562,141.93850708007812,19884000,0.0,0.0,0.0,0.0,0.0,0.0
2022-03-31,142.05299377441406,142.10800170898438,139.02450561523438,139.0675048828125,37524000,0.0,0.0,0.0,0.0,0.0,0.0
2022-04-01,139.5,140.4709930419922,138.3074951171875,140.15049743652344,25942000,0.0,0.0,0.0,0.0,0.0,0.0
2022-04-04,140.35850524902344,143.71200561523438,140.3105010986328,142.97149658203125,25942000,0.0,0.0,0.0,0.0,0.0,0.0
2022-04-05,142.86900329589844,142.99049377441406,140.38250732421875,140.59100341796875,21418000,0.0,0.0,0.0,0.0,0.0,0.0
2022-04-06,138.75,139.36050415039062,135.51699829101562,136.54800415039062,32468000,0.0,0.0,0.0,0.0,0.0,0.0
2022-04-07,136.00999450683594,137.1645050048828,134.2274932861328,135.8885040283203,26234000,0.0,0.0,0.0,0.0,0.0,0.0
2022-04-08,135.58349609375,135.6699981689453,132.9654998779297,133.28750610351562,25142000,0.0,0.0,0.0,0.0,0.0,0.0
2022-04-11,131.82350158691406,132.09249877929688,128.6685028076172,128.82350158691406,36884000,0.0,0.0,0.0,0.0,0.0,0.0
2022-04-12,131.60000610351562,131.60000610351562,126.78900146484376,127.7145004272461,32710000,0.0,0.0,0.0,0.0,0.0,0.0
2022-04-13,128.0,130.33399963378906,127.74099731445312,129.8939971923828,27928000,0.0,0.0,0.0,0.0,0.0,0.0
2022-04-14,130.47950744628906,130.47950744628906,126.60099792480467,126.7300033569336,31598000,0.0,0.0,0.0,0.0,0.0,0.0
2022-04-18,127.0,128.21249389648438,126.18199920654295,127.67649841308594,20808000,0.0,0.0,0.0,0.0,0.0,0.0
2022-04-19,127.69149780273438,130.33299255371094,126.99949645996094,130.00900268554688,26490000,0.0,0.0,0.0,0.0,0.0,0.0
2022-04-20,130.89199829101562,131.3990020751953,127.5,128.0399932861328,31696000,0.0,0.0,0.0,0.0,0.0,0.0
2022-04-21,129.25,130.09849548339844,124.52649688720705,124.8144989013672,36446000,0.0,0.0,0.0,0.0,0.0,0.0
2022-04-22,125.0,125.4020004272461,118.9250030517578,119.635498046875,56884000,0.0,0.0,0.0,0.0,0.0,0.0
2022-04-25,119.10099792480467,123.27749633789062,118.51100158691406,123.0739974975586,46128000,0.0,0.0,0.0,0.0,0.0,0.0
2022-04-26,122.29450225830078,122.51000213623048,118.51100158691406,118.6500015258789,73054000,0.0,0.0,0.0,0.0,0.0,0.0
2022-04-27,114.46949768066406,117.24199676513672,112.73650360107422,114.29450225830078,91820000,0.0,0.0,0.0,0.0,0.0,0.0
2022-04-28,116.41500091552734,119.64949798583984,114.11499786376952,118.52249908447266,48884000,0.0,0.0,0.0,0.0,0.0,0.0
2022-04-29,116.7344970703125,117.91999816894533,113.8144989013672,114.1094970703125,42676000,0.0,0.0,0.0,0.0,0.0,0.0
2022-05-02,113.40499877929688,116.74549865722656,112.5999984741211,116.58300018310548,35534000,0.0,0.0,0.0,0.0,0.0,0.0
2022-05-03,116.43049621582033,118.44200134277344,116.03450012207033,117.33399963378906,24968000,0.0,0.0,0.0,0.0,0.0,0.0
2022-05-04,117.03150177001952,122.85449981689452,115.11599731445312,122.26100158691406,49916000,0.0,0.0,0.0,0.0,0.0,0.0
2022-05-05,120.2040023803711,121.03900146484376,115.00550079345705,116.50550079345705,45840000,0.0,0.0,0.0,0.0,0.0,0.0
2022-05-06,115.18450164794922,117.57150268554688,114.0155029296875,115.74649810791016,39710000,0.0,0.0,0.0,0.0,0.0,0.0
2022-05-09,113.25,115.0770034790039,112.00050354003906,112.51100158691406,40802000,0.0,0.0,0.0,0.0,0.0,0.0
2022-05-10,115.50749969482422,116.25,112.90049743652344,114.3949966430664,39900000,0.0,0.0,0.0,0.0,0.0,0.0
2022-05-11,113.23650360107422,116.364501953125,113.23650360107422,113.60250091552734,37534000,0.0,0.0,0.0,0.0,0.0,0.0
2022-05-12,111.37750244140624,114.29499816894533,109.82450103759766,112.84400177001952,53836000,0.0,0.0,0.0,0.0,0.0,0.0
2022-05-13,114.53299713134766,117.875,113.6050033569336,116.05049896240234,35038000,0.0,0.0,0.0,0.0,0.0,0.0
2022-05-16,114.95549774169922,116.16999816894533,113.8895034790039,114.44499969482422,25990000,0.0,0.0,0.0,0.0,0.0,0.0
2022-05-17,116.84049987792967,116.9000015258789,114.87000274658205,116.4729995727539,23054000,0.0,0.0,0.0,0.0,0.0,0.0
2022-05-18,115.0,115.4000015258789,111.55549621582033,111.89949798583984,35126000,0.0,0.0,0.0,0.0,0.0,0.0
2022-05-19,111.43150329589844,113.01000213623048,110.0,110.38400268554688,34144000,0.0,0.0,0.0,0.0,0.0,0.0
2022-05-20,111.95099639892578,112.18350219726562,105.79650115966795,108.90799713134766,48962000,0.0,0.0,0.0,0.0,0.0,0.0
2022-05-23,109.5875015258789,112.14749908447266,108.74099731445312,111.48799896240234,37184000,0.0,0.0,0.0,0.0,0.0,0.0
2022-05-24,105.77200317382812,106.45850372314452,101.8844985961914,105.97000122070312,76780000,0.0,0.0,0.0,0.0,0.0,0.0
2022-05-25,104.9854965209961,106.5,103.85649871826172,105.80500030517578,40258000,0.0,0.0,0.0,0.0,0.0,0.0
2022-05-26,105.677001953125,108.64949798583984,105.2249984741211,107.7925033569336,37948000,0.0,0.0,0.0,0.0,0.0,0.0
2022-05-27,109.48300170898438,112.31800079345705,109.13849639892578,112.31649780273438,37914000,0.0,0.0,0.0,0.0,0.0,0.0
2022-05-31,112.74649810791016,115.73500061035156,112.07849884033205,113.76200103759766,50012000,0.0,0.0,0.0,0.0,0.0,0.0
2022-06-01,114.8550033569336,117.10150146484376,113.25,113.89199829101562,36606000,0.0,0.0,0.0,0.0,0.0,0.0
2022-06-02,114.0,117.89949798583984,112.94650268554688,117.62249755859376,37992000,0.0,0.0,0.0,0.0,0.0,0.0
2022-06-03,116.0625,116.32150268554688,113.51850128173828,114.54100036621094,26136000,0.0,0.0,0.0,0.0,0.0,0.0
2022-06-06,116.70449829101562,119.34700012207033,116.16400146484376,116.82050323486328,33542000,0.0,0.0,0.0,0.0,0.0,0.0
2022-06-07,115.48049926757812,117.69100189208984,115.052001953125,117.14949798583984,31590000,0.0,0.0,0.0,0.0,0.0,0.0
2022-06-08,116.7614974975586,118.57050323486328,116.5999984741211,117.19400024414062,26108000,0.0,0.0,0.0,0.0,0.0,0.0
2022-06-09,116.32749938964844,118.29900360107422,114.7760009765625,114.83550262451172,25798000,0.0,0.0,0.0,0.0,0.0,0.0
2022-06-10,112.44499969482422,113.27899932861328,110.36599731445312,111.1614990234375,41452000,0.0,0.0,0.0,0.0,0.0,0.0
2022-06-13,106.7864990234375,108.79149627685548,106.11900329589844,106.39250183105467,47252000,0.0,0.0,0.0,0.0,0.0,0.0
2022-06-14,106.53500366210938,107.92449951171876,105.8000030517578,106.71549987792967,33706000,0.0,0.0,0.0,0.0,0.0,0.0
2022-06-15,108.54499816894533,111.42350006103516,107.66950225830078,109.7645034790039,39698000,0.0,0.0,0.0,0.0,0.0,0.0
2022-06-16,107.22100067138672,108.64849853515624,105.13800048828124,106.03350067138672,51684000,0.0,0.0,0.0,0.0,0.0,0.0
2022-06-17,106.03350067138672,108.69950103759766,105.0459976196289,107.14350128173828,51376000,0.0,0.0,0.0,0.0,0.0,0.0
2022-06-21,108.92949676513672,112.489501953125,108.5999984741211,111.54399871826172,47416000,0.0,0.0,0.0,0.0,0.0,0.0
2022-06-22,110.55650329589844,113.34649658203124,110.38249969482422,111.4875030517578,30774000,0.0,0.0,0.0,0.0,0.0,0.0
2022-06-23,112.23149871826172,112.74250030517578,110.50050354003906,112.24199676513672,28362000,0.0,0.0,0.0,0.0,0.0,0.0
2022-06-24,112.99500274658205,118.0790023803711,112.95249938964844,117.9749984741211,41164000,0.0,0.0,0.0,0.0,0.0,0.0
2022-06-27,118.27300262451172,118.57949829101562,115.17949676513672,115.83350372314452,36420000,0.0,0.0,0.0,0.0,0.0,0.0
2022-06-28,115.80249786376952,117.30950164794922,111.8479995727539,112.00749969482422,35792000,0.0,0.0,0.0,0.0,0.0,0.0
2022-06-29,111.552001953125,113.1604995727539,110.87249755859376,111.70149993896484,24716000,0.0,0.0,0.0,0.0,0.0,0.0
2022-06-30,110.0,110.88800048828124,106.75,108.96299743652344,43170000,0.0,0.0,0.0,0.0,0.0,0.0
2022-07-01,107.93299865722656,109.25,106.73049926757812,108.7375030517578,35476000,0.0,0.0,0.0,0.0,0.0,0.0
2022-07-05,107.10050201416016,113.3769989013672,105.73149871826172,113.26300048828124,39342000,0.0,0.0,0.0,0.0,0.0,0.0
2022-07-06,113.302001953125,115.5895004272461,111.47599792480467,114.5719985961914,37432000,0.0,0.0,0.0,0.0,0.0,0.0
2022-07-07,115.08000183105467,119.1894989013672,114.83350372314452,118.78299713134766,40936000,0.0,0.0,0.0,0.0,0.0,0.0
2022-07-08,117.25,119.68499755859376,116.90149688720705,119.35350036621094,38238000,0.0,0.0,0.0,0.0,0.0,0.0
2022-07-11,117.9980010986328,117.9980010986328,115.33049774169922,115.67649841308594,31196000,0.0,0.0,0.0,0.0,0.0,0.0
2022-07-12,116.21499633789062,116.9739990234375,113.69000244140624,114.02050018310548,29960000,0.0,0.0,0.0,0.0,0.0,0.0
2022-07-13,111.70099639892578,114.1959991455078,111.20149993896484,111.35350036621094,43722000,0.0,0.0,0.0,0.0,0.0,0.0
2022-07-14,110.21050262451172,111.09300231933594,108.3730010986328,110.36750030517578,37004000,0.0,0.0,0.0,0.0,0.0,0.0
2022-07-15,112.00050354003906,113.1405029296875,110.9000015258789,111.77749633789062,46770000,0.0,0.0,0.0,0.0,0.0,0.0
2022-07-18,112.63999938964844,113.68000030517578,108.37000274658205,109.02999877929688,43164600,0.0,0.0,0.0,0.0,0.0,0.0
2022-07-19,110.8499984741211,114.0199966430664,109.55999755859376,113.80999755859376,36530900,0.0,0.0,0.0,0.0,0.0,0.0
2022-07-20,113.16999816894533,115.4000015258789,112.4800033569336,113.9000015258789,35600400,0.0,0.0,0.0,0.0,0.0,0.0
2022-07-21,114.27999877929688,114.5500030517578,111.11000061035156,114.33999633789062,32676200,0.0,0.0,0.0,0.0,0.0,0.0
2022-07-22,111.0,112.33999633789062,106.5,107.9000015258789,48901200,0.0,0.0,0.0,0.0,0.0,0.0
2022-07-25,108.41000366210938,109.87000274658205,106.3000030517578,107.51000213623048,34690900,0.0,0.0,0.0,0.0,0.0,0.0
2022-07-26,106.5999984741211,107.1999969482422,104.06999969482422,105.0199966430664,47991000,0.0,0.0,0.0,0.0,0.0,0.0
2022-07-27,109.26000213623048,113.91000366210938,108.01000213623048,113.05999755859376,59858500,0.0,0.0,0.0,0.0,0.0,0.0
2022-07-28,112.37000274658205,114.33999633789062,111.45999908447266,114.22000122070312,32816600,0.0,0.0,0.0,0.0,0.0,0.0
2022-07-29,113.08000183105467,116.70999908447266,113.05999755859376,116.31999969482422,37223400,0.0,0.0,0.0,0.0,0.0,0.0
2022-08-01,115.3000030517578,116.72000122070312,114.33999633789062,114.86000061035156,26034300,0.0,0.0,0.0,0.0,0.0,0.0
2022-08-02,114.0,116.3499984741211,113.72000122070312,115.12999725341795,20236000,0.0,0.0,0.0,0.0,0.0,0.0
2022-08-03,115.70999908447266,118.62000274658205,115.4800033569336,118.08000183105467,28499000,0.0,0.0,0.0,0.0,0.0,0.0
2022-08-04,117.4800033569336,118.77999877929688,116.88999938964844,118.19000244140624,21602900,0.0,0.0,0.0,0.0,0.0,0.0
2022-08-05,116.2300033569336,118.11000061035156,116.0,117.47000122070312,19159500,0.0,0.0,0.0,0.0,0.0,0.0
2022-08-08,118.38999938964844,120.1500015258789,116.87999725341795,117.3000030517578,19138300,0.0,0.0,0.0,0.0,0.0,0.0
2022-08-09,117.13999938964844,117.31999969482422,115.70999908447266,116.62999725341795,19086500,0.0,0.0,0.0,0.0,0.0,0.0
2022-08-10,118.77999877929688,120.91999816894533,118.41000366210938,119.6999969482422,30930400,0.0,0.0,0.0,0.0,0.0,0.0
2022-08-11,121.27999877929688,121.48999786376952,118.55999755859376,118.83999633789062,24293700,0.0,0.0,0.0,0.0,0.0,0.0
2022-08-12,120.26000213623048,121.68000030517578,119.45999908447266,121.68000030517578,19096300,0.0,0.0,0.0,0.0,0.0,0.0
2022-08-15,121.12999725341795,122.3000030517578,120.61000061035156,122.08000183105467,19494800,0.0,0.0,0.0,0.0,0.0,0.0
2022-08-16,121.5199966430664,122.43000030517578,120.63999938964844,121.6999969482422,19041200,0.0,0.0,0.0,0.0,0.0,0.0
2022-08-17,120.12000274658205,121.29000091552734,119.37999725341795,119.5500030517578,22847000,0.0,0.0,0.0,0.0,0.0,0.0
2022-08-18,119.43000030517578,120.81999969482422,118.72000122070312,120.16999816894533,17987700,0.0,0.0,0.0,0.0,0.0,0.0
2022-08-19,119.05999755859376,119.1500015258789,116.76000213623048,117.20999908447266,21809500,0.0,0.0,0.0,0.0,0.0,0.0
2022-08-22,115.1999969482422,115.62999725341795,113.8499984741211,114.23999786376952,21456600,0.0,0.0,0.0,0.0,0.0,0.0
2022-08-23,113.4800033569336,115.01000213623048,113.43000030517578,113.86000061035156,15870400,0.0,0.0,0.0,0.0,0.0,0.0
2022-08-24,113.5,114.77999877929688,112.87000274658205,113.69000244140624,17734600,0.0,0.0,0.0,0.0,0.0,0.0
2022-08-25,114.23999786376952,116.72000122070312,114.11000061035156,116.6500015258789,16956800,0.0,0.0,0.0,0.0,0.0,0.0
2022-08-26,114.72000122070312,115.12000274658205,110.19000244140624,110.33999633789062,37245700,0.0,0.0,0.0,0.0,0.0,0.0
2022-08-29,109.98999786376952,110.9499969482422,108.8000030517578,109.41999816894533,21191200,0.0,0.0,0.0,0.0,0.0,0.0
2022-08-30,110.16999816894533,110.5,107.8000030517578,108.94000244140624,27513300,0.0,0.0,0.0,0.0,0.0,0.0
2022-08-31,110.6500015258789,110.8499984741211,108.12999725341795,108.22000122070312,28627000,0.0,0.0,0.0,0.0,0.0,0.0
2022-09-01,108.27999877929688,110.4499969482422,107.36000061035156,109.73999786376952,28360900,0.0,0.0,0.0,0.0,0.0,0.0
2022-09-02,110.58999633789062,110.73999786376952,107.26000213623048,107.8499984741211,24160700,0.0,0.0,0.0,0.0,0.0,0.0
2022-09-06,107.3000030517578,108.02999877929688,105.77999877929688,106.80999755859376,25068300,0.0,0.0,0.0,0.0,0.0,0.0
2022-09-07,107.05999755859376,109.9800033569336,106.9000015258789,109.4499969482422,23167000,0.0,0.0,0.0,0.0,0.0,0.0
2022-09-08,108.04000091552734,109.5999984741211,107.16000366210938,108.37999725341795,24238300,0.0,0.0,0.0,0.0,0.0,0.0
2022-09-09,109.06999969482422,110.98999786376952,109.0199966430664,110.6500015258789,23197700,0.0,0.0,0.0,0.0,0.0,0.0
2022-09-12,110.98999786376952,111.62000274658205,109.93000030517578,110.86000061035156,22966800,0.0,0.0,0.0,0.0,0.0,0.0
2022-09-13,107.8000030517578,108.3000030517578,104.08999633789062,104.31999969482422,38172900,0.0,0.0,0.0,0.0,0.0,0.0
2022-09-14,104.56999969482422,105.27999877929688,103.66000366210938,105.0,26395100,0.0,0.0,0.0,0.0,0.0,0.0
2022-09-15,104.02999877929688,105.2699966430664,102.3499984741211,102.91000366210938,34188300,0.0,0.0,0.0,0.0,0.0,0.0
2022-09-16,102.06999969482422,103.12999725341795,100.94000244140624,102.8000030517578,42797200,0.0,0.0,0.0,0.0,0.0,0.0
2022-09-19,101.75,103.33000183105467,101.5500030517578,103.06999969482422,23036800,0.0,0.0,0.0,0.0,0.0,0.0
2022-09-20,102.08000183105467,102.37000274658205,100.5199966430664,101.13999938964844,26517100,0.0,0.0,0.0,0.0,0.0,0.0
2022-09-21,101.66999816894533,102.87999725341795,99.2699966430664,99.27999877929688,31487300,0.0,0.0,0.0,0.0,0.0,0.0
2022-09-22,98.81999969482422,101.23999786376952,98.79000091552734,100.13999938964844,34298600,0.0,0.0,0.0,0.0,0.0,0.0
2022-09-23,99.62999725341795,99.66000366210938,97.47000122070312,98.73999786376952,31625400,0.0,0.0,0.0,0.0,0.0,0.0
2022-09-26,98.0999984741211,99.87999725341795,97.8000030517578,98.16999816894533,27072700,0.0,0.0,0.0,0.0,0.0,0.0
2022-09-27,99.43000030517578,100.0,96.87000274658205,97.5,30072800,0.0,0.0,0.0,0.0,0.0,0.0
2022-09-28,97.6500015258789,100.6999969482422,97.11000061035156,100.0500030517578,32466300,0.0,0.0,0.0,0.0,0.0,0.0
2022-09-29,98.63999938964844,98.63999938964844,95.95999908447266,97.41999816894533,31047200,0.0,0.0,0.0,0.0,0.0,0.0
2022-09-30,97.0500030517578,98.9000015258789,95.55999755859376,95.6500015258789,32941500,0.0,0.0,0.0,0.0,0.0,0.0
2022-10-03,96.76000213623048,99.29000091552734,96.5199966430664,98.63999938964844,27982000,0.0,0.0,0.0,0.0,0.0,0.0
2022-10-04,100.44000244140624,101.83999633789062,100.37999725341795,101.63999938964844,28850800,0.0,0.0,0.0,0.0,0.0,0.0
2022-10-05,99.83000183105467,101.93000030517578,98.8000030517578,101.43000030517578,22176900,0.0,0.0,0.0,0.0,0.0,0.0
2022-10-06,100.68000030517578,102.93000030517578,100.58999633789062,101.41999816894533,22324000,0.0,0.0,0.0,0.0,0.0,0.0
2022-10-07,99.8499984741211,100.52999877929688,98.3000030517578,98.68000030517578,27502800,0.0,0.0,0.0,0.0,0.0,0.0
2022-10-10,99.0,99.0999984741211,97.01000213623048,97.86000061035156,18225100,0.0,0.0,0.0,0.0,0.0,0.0
2022-10-11,97.43000030517578,99.25,96.30999755859376,97.18000030517578,26507100,0.0,0.0,0.0,0.0,0.0,0.0
2022-10-12,97.3000030517578,98.75,96.73999786376952,97.55999755859376,21876400,0.0,0.0,0.0,0.0,0.0,0.0
2022-10-13,95.1500015258789,99.77999877929688,94.37999725341795,99.05999755859376,34574500,0.0,0.0,0.0,0.0,0.0,0.0
2022-10-14,99.98999786376952,100.69000244140624,96.37000274658205,96.55999755859376,25410700,0.0,0.0,0.0,0.0,0.0,0.0
2022-10-17,98.86000061035156,100.93000030517578,98.83000183105467,99.97000122070312,28419200,0.0,0.0,0.0,0.0,0.0,0.0
2022-10-18,103.12999725341795,103.47000122070312,99.97000122070312,100.7699966430664,24060700,0.0,0.0,0.0,0.0,0.0,0.0
2022-10-19,100.01000213623048,101.0199966430664,98.91999816894533,99.62999725341795,23811100,0.0,0.0,0.0,0.0,0.0,0.0
2022-10-20,100.0,102.31999969482422,99.38999938964844,99.97000122070312,25323200,0.0,0.0,0.0,0.0,0.0,0.0
2022-10-21,97.8499984741211,101.30999755859376,97.72000122070312,101.12999725341795,32458700,0.0,0.0,0.0,0.0,0.0,0.0
2022-10-24,101.8000030517578,102.75,99.9800033569336,102.5199966430664,27176400,0.0,0.0,0.0,0.0,0.0,0.0
2022-10-25,102.9000015258789,104.81999969482422,102.72000122070312,104.4800033569336,40611400,0.0,0.0,0.0,0.0,0.0,0.0
2022-10-26,96.43000030517578,98.30999755859376,94.69000244140624,94.93000030517578,88114100,0.0,0.0,0.0,0.0,0.0,0.0
2022-10-27,94.5199966430664,95.43000030517578,91.8000030517578,92.22000122070312,60710900,0.0,0.0,0.0,0.0,0.0,0.0
2022-10-28,92.2699966430664,96.5500030517578,92.12999725341795,96.29000091552734,43697300,0.0,0.0,0.0,0.0,0.0,0.0
2022-10-31,95.41999816894533,96.02999877929688,93.9800033569336,94.51000213623048,31675000,0.0,0.0,0.0,0.0,0.0,0.0
2022-11-01,95.4499969482422,96.02999877929688,90.37000274658205,90.47000122070312,47161400,0.0,0.0,0.0,0.0,0.0,0.0
2022-11-02,90.94000244140624,91.18000030517578,86.87999725341797,86.97000122070312,57038300,0.0,0.0,0.0,0.0,0.0,0.0
2022-11-03,86.31999969482422,86.5199966430664,83.33999633789062,83.43000030517578,61288000,0.0,0.0,0.0,0.0,0.0,0.0
2022-11-04,85.4000015258789,86.63999938964844,83.70999908447266,86.58000183105469,51124900,0.0,0.0,0.0,0.0,0.0,0.0
2022-11-07,87.27999877929688,88.9000015258789,86.8499984741211,88.48999786376953,34078900,0.0,0.0,0.0,0.0,0.0,0.0
2022-11-08,88.9000015258789,90.31999969482422,87.58999633789062,88.9000015258789,30429000,0.0,0.0,0.0,0.0,0.0,0.0
2022-11-09,88.44999694824219,89.44000244140625,87.27999877929688,87.31999969482422,31769100,0.0,0.0,0.0,0.0,0.0,0.0
2022-11-10,92.25,94.38999938964844,91.61000061035156,93.94000244140624,51620100,0.0,0.0,0.0,0.0,0.0,0.0
2022-11-11,94.69000244140624,96.93000030517578,93.91999816894533,96.41000366210938,33090500,0.0,0.0,0.0,0.0,0.0,0.0
2022-11-14,95.08999633789062,96.79000091552734,94.51000213623048,95.6999969482422,30179500,0.0,0.0,0.0,0.0,0.0,0.0
2022-11-15,98.26000213623048,100.13999938964844,96.70999908447266,98.44000244140624,41640800,0.0,0.0,0.0,0.0,0.0,0.0
2022-11-16,97.9000015258789,99.63999938964844,97.63999938964844,98.8499984741211,29105200,0.0,0.0,0.0,0.0,0.0,0.0
2022-11-17,96.97000122070312,99.27999877929688,96.79000091552734,98.36000061035156,26052600,0.0,0.0,0.0,0.0,0.0,0.0
2022-11-18,98.7699966430664,98.9000015258789,96.37000274658205,97.43000030517578,28342300,0.0,0.0,0.0,0.0,0.0,0.0
2022-11-21,97.29000091552734,98.4000015258789,95.36000061035156,95.5999984741211,21647400,0.0,0.0,0.0,0.0,0.0,0.0
2022-11-22,95.9499969482422,97.22000122070312,94.0500030517578,97.0500030517578,23438500,0.0,0.0,0.0,0.0,0.0,0.0
2022-11-23,97.08999633789062,98.76000213623048,97.08999633789062,98.45999908447266,18868100,0.0,0.0,0.0,0.0,0.0,0.0
2022-11-25,98.23999786376952,98.63999938964844,97.4000015258789,97.45999908447266,9701400,0.0,0.0,0.0,0.0,0.0,0.0
2022-11-28,97.04000091552734,97.58000183105467,95.61000061035156,96.0500030517578,26237500,0.0,0.0,0.0,0.0,0.0,0.0
2022-11-29,95.7300033569336,96.12000274658205,94.11000061035156,95.19000244140624,20061700,0.0,0.0,0.0,0.0,0.0,0.0
2022-11-30,94.81999969482422,101.04000091552734,94.41999816894533,100.98999786376952,43647500,0.0,0.0,0.0,0.0,0.0,0.0
2022-12-01,101.0199966430664,102.25,100.25,100.98999786376952,28687100,0.0,0.0,0.0,0.0,0.0,0.0
2022-12-02,99.0500030517578,100.7699966430664,98.9000015258789,100.44000244140624,21480700,0.0,0.0,0.0,0.0,0.0,0.0
2022-12-05,99.4000015258789,101.37999725341795,99.0,99.4800033569336,24405100,0.0,0.0,0.0,0.0,0.0,0.0
2022-12-06,99.3000030517578,99.77999877929688,96.41999816894533,96.9800033569336,24910700,0.0,0.0,0.0,0.0,0.0,0.0
2022-12-07,96.41000366210938,96.87999725341795,94.72000122070312,94.94000244140624,31045400,0.0,0.0,0.0,0.0,0.0,0.0
2022-12-08,95.37999725341795,95.58000183105467,93.4499969482422,93.70999908447266,32213300,0.0,0.0,0.0,0.0,0.0,0.0
2022-12-09,93.7699966430664,94.26000213623048,92.75,92.83000183105467,28225400,0.0,0.0,0.0,0.0,0.0,0.0
2022-12-12,92.70999908447266,93.55999755859376,91.61000061035156,93.30999755859376,29420000,0.0,0.0,0.0,0.0,0.0,0.0
2022-12-13,97.76000213623048,99.52999877929688,95.02999877929688,95.62999725341795,40593700,0.0,0.0,0.0,0.0,0.0,0.0
2022-12-14,95.1999969482422,96.87000274658205,93.5999984741211,95.06999969482422,28733600,0.0,0.0,0.0,0.0,0.0,0.0
2022-12-15,93.12999725341795,93.63999938964844,90.01000213623047,90.86000061035156,40107000,0.0,0.0,0.0,0.0,0.0,0.0
2022-12-16,90.76000213623048,91.33000183105467,89.5199966430664,90.26000213623048,58011800,0.0,0.0,0.0,0.0,0.0,0.0
2022-12-19,90.26000213623048,90.55999755859376,88.20999908447266,88.44000244140625,29493000,0.0,0.0,0.0,0.0,0.0,0.0
2022-12-20,88.11000061035156,89.18000030517578,87.44000244140625,89.0199966430664,23453800,0.0,0.0,0.0,0.0,0.0,0.0
2022-12-21,89.08000183105469,90.22000122070312,88.31999969482422,89.58000183105469,24745600,0.0,0.0,0.0,0.0,0.0,0.0
2022-12-22,88.16000366210938,88.54000091552734,86.31999969482422,87.76000213623047,27658300,0.0,0.0,0.0,0.0,0.0,0.0
2022-12-23,87.11000061035156,89.55000305175781,87.06999969482422,89.2300033569336,23003000,0.0,0.0,0.0,0.0,0.0,0.0
2022-12-27,88.80000305175781,88.94000244140625,87.01000213623047,87.38999938964844,20097300,0.0,0.0,0.0,0.0,0.0,0.0
2022-12-28,86.9800033569336,88.04000091552734,85.94000244140625,86.0199966430664,19523200,0.0,0.0,0.0,0.0,0.0,0.0
2022-12-29,86.62000274658203,88.8499984741211,86.61000061035156,88.44999694824219,23333500,0.0,0.0,0.0,0.0,0.0,0.0
2022-12-30,86.9800033569336,88.30000305175781,86.56999969482422,88.2300033569336,23986300,0.0,0.0,0.0,0.0,0.0,0.0
2023-01-03,89.58999633789062,91.0500030517578,88.5199966430664,89.12000274658203,28131200,0.0,0.0,0.0,0.0,0.0,0.0
2023-01-04,90.3499984741211,90.6500015258789,87.2699966430664,88.08000183105469,34854800,0.0,0.0,0.0,0.0,0.0,0.0
2023-01-05,87.47000122070312,87.56999969482422,85.9000015258789,86.19999694824219,27194400,0.0,0.0,0.0,0.0,0.0,0.0
2023-01-06,86.79000091552734,87.69000244140625,84.86000061035156,87.33999633789062,41381500,0.0,0.0,0.0,0.0,0.0,0.0
2023-01-09,88.36000061035156,90.05000305175781,87.86000061035156,88.0199966430664,29003900,0.0,0.0,0.0,0.0,0.0,0.0
2023-01-10,85.9800033569336,88.66999816894531,85.83000183105469,88.41999816894531,30467800,0.0,0.0,0.0,0.0,0.0,0.0
2023-01-11,89.18000030517578,91.5999984741211,89.01000213623047,91.5199966430664,26862000,0.0,0.0,0.0,0.0,0.0,0.0
2023-01-12,91.4800033569336,91.87000274658205,89.75,91.12999725341795,30258100,0.0,0.0,0.0,0.0,0.0,0.0
2023-01-13,90.8499984741211,92.19000244140624,90.12999725341795,92.12000274658205,26329200,0.0,0.0,0.0,0.0,0.0,0.0
2023-01-17,92.05999755859376,92.25,90.05000305175781,91.29000091552734,32602400,0.0,0.0,0.0,0.0,0.0,0.0
2023-01-18,92.13999938964844,92.8000030517578,90.63999938964844,91.12000274658205,29116700,0.0,0.0,0.0,0.0,0.0,0.0
2023-01-19,90.72000122070312,93.61000061035156,90.62999725341795,93.0500030517578,37000400,0.0,0.0,0.0,0.0,0.0,0.0
2023-01-20,95.0999984741211,98.3000030517578,95.0199966430664,98.0199966430664,63191100,0.0,0.0,0.0,0.0,0.0,0.0
2023-01-23,97.9499969482422,100.04000091552734,97.5,99.79000091552734,40005100,0.0,0.0,0.0,0.0,0.0,0.0
2023-01-24,98.0999984741211,99.61000061035156,97.1999969482422,97.6999969482422,33078500,0.0,0.0,0.0,0.0,0.0,0.0
2023-01-25,95.56999969482422,96.16000366210938,93.76000213623048,95.22000122070312,42330000,0.0,0.0,0.0,0.0,0.0,0.0
2023-01-26,96.5,97.56999969482422,95.37999725341795,97.5199966430664,30114000,0.0,0.0,0.0,0.0,0.0,0.0
2023-01-27,97.30999755859376,100.31999969482422,97.30999755859376,99.37000274658205,33879800,0.0,0.0,0.0,0.0,0.0,0.0
2023-01-30,97.4800033569336,98.29000091552734,96.4000015258789,96.94000244140624,27226200,0.0,0.0,0.0,0.0,0.0,0.0
2023-01-31,96.87000274658205,98.87999725341795,96.81999969482422,98.83999633789062,29870700,0.0,0.0,0.0,0.0,0.0,0.0
2023-02-01,98.70999908447266,101.19000244140624,97.58000183105467,100.43000030517578,35531100,0.0,0.0,0.0,0.0,0.0,0.0
2023-02-02,105.8000030517578,107.8499984741211,105.61000061035156,107.73999786376952,69883800,0.0,0.0,0.0,0.0,0.0,0.0
2023-02-03,102.93000030517578,107.80999755859376,102.58000183105467,104.77999877929688,65309300,0.0,0.0,0.0,0.0,0.0,0.0
2023-02-06,102.4000015258789,104.36000061035156,101.87999725341795,102.9000015258789,31999600,0.0,0.0,0.0,0.0,0.0,0.0
2023-02-07,103.22000122070312,108.18000030517578,103.12000274658205,107.63999938964844,49010200,0.0,0.0,0.0,0.0,0.0,0.0
2023-02-08,102.0500030517578,103.13999938964844,98.04000091552734,99.37000274658205,94743500,0.0,0.0,0.0,0.0,0.0,0.0
2023-02-09,100.0,100.02999877929688,93.62999725341795,95.01000213623048,119455000,0.0,0.0,0.0,0.0,0.0,0.0
2023-02-10,95.4499969482422,96.75,94.25,94.56999969482422,54980700,0.0,0.0,0.0,0.0,0.0,0.0
2023-02-13,94.73999786376952,95.1999969482422,93.83999633789062,94.61000061035156,50076100,0.0,0.0,0.0,0.0,0.0,0.0
2023-02-14,94.43000030517578,94.8499984741211,92.26000213623048,94.68000030517578,54726100,0.0,0.0,0.0,0.0,0.0,0.0
2023-02-15,94.48999786376952,97.12000274658205,94.1500015258789,96.94000244140624,50169000,0.0,0.0,0.0,0.0,0.0,0.0
2023-02-16,95.37000274658205,97.68000030517578,94.73999786376952,95.51000213623048,42462600,0.0,0.0,0.0,0.0,0.0,0.0
2023-02-17,94.8499984741211,95.55999755859376,93.20999908447266,94.3499984741211,34284100,0.0,0.0,0.0,0.0,0.0,0.0
2023-02-21,93.0,93.0999984741211,91.72000122070312,91.79000091552734,33629300,0.0,0.0,0.0,0.0,0.0,0.0
2023-02-22,91.6999969482422,92.11000061035156,90.61000061035156,91.6500015258789,30884000,0.0,0.0,0.0,0.0,0.0,0.0
2023-02-23,91.91999816894533,91.94000244140624,89.76000213623047,90.88999938964844,41206400,0.0,0.0,0.0,0.0,0.0,0.0
2023-02-24,89.44000244140625,89.88999938964844,88.58000183105469,89.12999725341797,36585100,0.0,0.0,0.0,0.0,0.0,0.0
2023-02-27,89.87000274658203,90.16000366210938,89.33999633789062,89.87000274658203,27502300,0.0,0.0,0.0,0.0,0.0,0.0
2023-02-28,89.33000183105469,91.2300033569336,89.31999969482422,90.05999755859375,30142000,0.0,0.0,0.0,0.0,0.0,0.0
2023-03-01,89.9800033569336,91.02999877929688,89.66999816894531,90.36000061035156,31111200,0.0,0.0,0.0,0.0,0.0,0.0
2023-03-02,89.66000366210938,92.27999877929688,89.58999633789062,92.0,32204400,0.0,0.0,0.0,0.0,0.0,0.0
2023-03-03,92.4800033569336,93.7300033569336,92.4499969482422,93.6500015258789,35160100,0.0,0.0,0.0,0.0,0.0,0.0
2023-03-06,94.0199966430664,95.97000122070312,94.0,95.12999725341795,32639300,0.0,0.0,0.0,0.0,0.0,0.0
2023-03-07,94.9800033569336,95.66999816894533,93.52999877929688,93.86000061035156,27835500,0.0,0.0,0.0,0.0,0.0,0.0
2023-03-08,94.12000274658205,95.95999908447266,94.0,94.25,34103300,0.0,0.0,0.0,0.0,0.0,0.0
2023-03-09,94.0500030517578,95.52999877929688,91.9000015258789,92.31999969482422,28813500,0.0,0.0,0.0,0.0,0.0,0.0
2023-03-10,92.16999816894533,92.79000091552734,90.4000015258789,90.62999725341795,35941000,0.0,0.0,0.0,0.0,0.0,0.0
2023-03-13,90.08999633789062,92.56999969482422,89.41999816894531,91.11000061035156,37335600,0.0,0.0,0.0,0.0,0.0,0.0
2023-03-14,92.55999755859376,94.36000061035156,92.44000244140624,93.97000122070312,36050200,0.0,0.0,0.0,0.0,0.0,0.0
2023-03-15,93.22000122070312,96.93000030517578,92.63999938964844,96.11000061035156,50622100,0.0,0.0,0.0,0.0,0.0,0.0
2023-03-16,96.1999969482422,101.19000244140624,95.5,100.31999969482422,65492000,0.0,0.0,0.0,0.0,0.0,0.0
2023-03-17,100.26000213623048,102.83999633789062,100.0999984741211,101.62000274658205,61028500,0.0,0.0,0.0,0.0,0.0,0.0
2023-03-20,100.12000274658205,101.75,99.87000274658205,101.22000122070312,32960400,0.0,0.0,0.0,0.0,0.0,0.0
2023-03-21,101.25,105.0999984741211,101.22000122070312,104.91999816894533,42110300,0.0,0.0,0.0,0.0,0.0,0.0
2023-03-22,104.2699966430664,106.58999633789062,103.33000183105467,103.37000274658205,43427400,0.0,0.0,0.0,0.0,0.0,0.0
2023-03-23,105.05999755859376,106.3000030517578,104.45999908447266,105.5999984741211,40797800,0.0,0.0,0.0,0.0,0.0,0.0
2023-03-24,104.98999786376952,105.48999786376952,103.83999633789062,105.44000244140624,30393300,0.0,0.0,0.0,0.0,0.0,0.0
2023-03-27,104.62000274658205,104.76000213623048,101.93000030517578,102.45999908447266,31120900,0.0,0.0,0.0,0.0,0.0,0.0
2023-03-28,102.44000244140624,102.4499969482422,99.73999786376952,101.02999877929688,32057900,0.0,0.0,0.0,0.0,0.0,0.0
2023-03-29,102.27999877929688,102.48999786376952,100.6500015258789,101.38999938964844,28779600,0.0,0.0,0.0,0.0,0.0,0.0
2023-03-30,100.91000366210938,101.16000366210938,99.77999877929688,100.88999938964844,33086200,0.0,0.0,0.0,0.0,0.0,0.0
2023-03-31,101.3000030517578,103.88999938964844,101.04000091552734,103.7300033569336,36863400,0.0,0.0,0.0,0.0,0.0,0.0
2023-04-03,102.38999938964844,104.52999877929688,101.93000030517578,104.36000061035156,25035400,0.0,0.0,0.0,0.0,0.0,0.0
2023-04-04,104.33000183105467,105.58000183105467,104.04000091552734,104.72000122070312,24420100,0.0,0.0,0.0,0.0,0.0,0.0
2023-04-05,105.77999877929688,106.0999984741211,103.66000366210938,104.47000122070312,28290500,0.0,0.0,0.0,0.0,0.0,0.0
2023-04-06,105.26000213623048,109.16999816894533,104.33000183105467,108.41999816894533,48711500,0.0,0.0,0.0,0.0,0.0,0.0
2023-04-10,106.9800033569336,107.58999633789062,105.12000274658205,106.44000244140624,27067400,0.0,0.0,0.0,0.0,0.0,0.0
2023-04-11,106.5500030517578,106.7300033569336,104.68000030517578,105.3499984741211,26311800,0.0,0.0,0.0,0.0,0.0,0.0
2023-04-12,106.58000183105467,106.75,104.33999633789062,104.63999938964844,24370300,0.0,0.0,0.0,0.0,0.0,0.0
2023-04-13,105.83999633789062,107.48999786376952,105.83999633789062,107.43000030517578,24843600,0.0,0.0,0.0,0.0,0.0,0.0
2023-04-14,106.88999938964844,108.94000244140624,106.83999633789062,108.87000274658205,26578000,0.0,0.0,0.0,0.0,0.0,0.0
2023-04-17,104.66000366210938,106.16000366210938,104.5199966430664,105.97000122070312,37571200,0.0,0.0,0.0,0.0,0.0,0.0
2023-04-18,106.48999786376952,106.54000091552734,104.06999969482422,104.5,26596400,0.0,0.0,0.0,0.0,0.0,0.0
2023-04-19,103.58000183105467,104.9800033569336,103.06999969482422,104.18000030517578,20905700,0.0,0.0,0.0,0.0,0.0,0.0
2023-04-20,103.91000366210938,106.25,103.87000274658205,105.29000091552734,27820800,0.0,0.0,0.0,0.0,0.0,0.0
2023-04-21,105.47000122070312,106.0,104.77999877929688,105.41000366210938,25800100,0.0,0.0,0.0,0.0,0.0,0.0
2023-04-24,105.48999786376952,106.62999725341795,104.6999969482422,105.97000122070312,23542800,0.0,0.0,0.0,0.0,0.0,0.0
2023-04-25,105.83000183105467,106.69000244140624,103.83999633789062,103.8499984741211,46664100,0.0,0.0,0.0,0.0,0.0,0.0
2023-04-26,104.91999816894533,106.3499984741211,102.62999725341795,103.70999908447266,53347600,0.0,0.0,0.0,0.0,0.0,0.0
2023-04-27,104.4499969482422,108.37000274658205,103.54000091552734,107.58999633789062,50089200,0.0,0.0,0.0,0.0,0.0,0.0
2023-04-28,107.04000091552734,107.3499984741211,105.08999633789062,107.33999633789062,36139800,0.0,0.0,0.0,0.0,0.0,0.0
2023-05-01,106.83999633789062,107.98999786376952,106.81999969482422,107.1999969482422,26681700,0.0,0.0,0.0,0.0,0.0,0.0
2023-05-02,107.13999938964844,107.1999969482422,103.70999908447266,105.31999969482422,30997200,0.0,0.0,0.0,0.0,0.0,0.0
2023-05-03,105.52999877929688,107.48999786376952,104.95999908447266,105.41000366210938,21795400,0.0,0.0,0.0,0.0,0.0,0.0
2023-05-04,105.48999786376952,105.5999984741211,103.97000122070312,104.69000244140624,23419500,0.0,0.0,0.0,0.0,0.0,0.0
2023-05-05,104.81999969482422,105.87999725341795,104.11000061035156,105.56999969482422,26639300,0.0,0.0,0.0,0.0,0.0,0.0
2023-05-08,105.18000030517578,107.95999908447266,105.16000366210938,107.7699966430664,26511400,0.0,0.0,0.0,0.0,0.0,0.0
2023-05-09,108.38999938964844,110.1500015258789,107.19000244140624,107.3499984741211,36360100,0.0,0.0,0.0,0.0,0.0,0.0
2023-05-10,107.97000122070312,112.94000244140624,107.93000030517578,111.75,63153400,0.0,0.0,0.0,0.0,0.0,0.0
2023-05-11,115.4000015258789,117.91999816894533,114.41000366210938,116.56999969482422,78900000,0.0,0.0,0.0,0.0,0.0,0.0
2023-05-12,116.68000030517578,118.02999877929688,116.11000061035156,117.51000213623048,41102300,0.0,0.0,0.0,0.0,0.0,0.0
2023-05-15,116.11000061035156,118.4800033569336,116.01000213623048,116.51000213623048,36266800,0.0,0.0,0.0,0.0,0.0,0.0
2023-05-16,116.48999786376952,120.75,116.43000030517578,119.51000213623048,45035600,0.0,0.0,0.0,0.0,0.0,0.0
2023-05-17,119.61000061035156,121.66999816894533,118.88999938964844,120.83999633789062,33323600,0.0,0.0,0.0,0.0,0.0,0.0
2023-05-18,120.9499969482422,123.30999755859376,120.83000183105467,122.83000183105467,35234200,0.0,0.0,0.0,0.0,0.0,0.0
2023-05-19,123.5500030517578,125.97000122070312,122.1500015258789,122.76000213623048,41353400,0.0,0.0,0.0,0.0,0.0,0.0
2023-05-22,122.94000244140624,126.43000030517578,122.73999786376952,125.0500030517578,35253000,0.0,0.0,0.0,0.0,0.0,0.0
2023-05-23,124.16000366210938,124.62999725341795,122.20999908447266,122.55999755859376,34046300,0.0,0.0,0.0,0.0,0.0,0.0
2023-05-24,121.12000274658205,121.91000366210938,119.86000061035156,120.9000015258789,34182600,0.0,0.0,0.0,0.0,0.0,0.0
2023-05-25,124.5199966430664,125.31999969482422,121.95999908447266,123.4800033569336,42317000,0.0,0.0,0.0,0.0,0.0,0.0
2023-05-26,123.16999816894533,125.26000213623048,122.4499969482422,124.61000061035156,35635900,0.0,0.0,0.0,0.0,0.0,0.0
2023-05-30,125.63999938964844,125.66000366210938,122.0,123.66999816894533,35076700,0.0,0.0,0.0,0.0,0.0,0.0
2023-05-31,122.75,124.05999755859376,122.5,122.87000274658205,37325800,0.0,0.0,0.0,0.0,0.0,0.0
2023-06-01,122.81999969482422,124.41999816894533,122.62000274658205,123.72000122070312,30772700,0.0,0.0,0.0,0.0,0.0,0.0
2023-06-02,123.98999786376952,126.1500015258789,123.76000213623048,124.66999816894533,26980100,0.0,0.0,0.0,0.0,0.0,0.0
2023-06-05,124.01000213623048,127.43000030517578,123.83999633789062,126.01000213623048,32305500,0.0,0.0,0.0,0.0,0.0,0.0
2023-06-06,126.01000213623048,128.2899932861328,125.36000061035156,127.30999755859376,26638300,0.0,0.0,0.0,0.0,0.0,0.0
2023-06-07,126.97000122070312,129.0399932861328,122.12000274658205,122.5,52539000,0.0,0.0,0.0,0.0,0.0,0.0
2023-06-08,122.2300033569336,123.2300033569336,121.23999786376952,122.13999938964844,29389200,0.0,0.0,0.0,0.0,0.0,0.0
2023-06-09,122.25,123.76000213623048,121.91000366210938,122.2300033569336,23778300,0.0,0.0,0.0,0.0,0.0,0.0
2023-06-12,122.79000091552734,124.0500030517578,121.66000366210938,123.63999938964844,28306400,0.0,0.0,0.0,0.0,0.0,0.0
2023-06-13,124.9800033569336,125.16000366210938,123.18000030517578,123.83000183105467,22278300,0.0,0.0,0.0,0.0,0.0,0.0
2023-06-14,123.0999984741211,124.0500030517578,121.4499969482422,123.66999816894533,30592300,0.0,0.0,0.0,0.0,0.0,0.0
2023-06-15,123.13999938964844,125.45999908447266,122.4000015258789,125.08999633789062,35246300,0.0,0.0,0.0,0.0,0.0,0.0
2023-06-16,125.93000030517578,126.11000061035156,123.27999877929688,123.52999877929688,45535600,0.0,0.0,0.0,0.0,0.0,0.0
2023-06-20,122.93000030517578,124.56999969482422,122.13999938964844,123.0999984741211,26097500,0.0,0.0,0.0,0.0,0.0,0.0
2023-06-21,122.4000015258789,122.66000366210938,120.0999984741211,120.5500030517578,30306300,0.0,0.0,0.0,0.0,0.0,0.0
2023-06-22,120.0,123.23999786376952,118.83000183105467,123.1500015258789,26952200,0.0,0.0,0.0,0.0,0.0,0.0
2023-06-23,121.37999725341795,122.79000091552734,121.05999755859376,122.33999633789062,34913600,0.0,0.0,0.0,0.0,0.0,0.0
2023-06-26,120.76000213623048,122.0,118.2699966430664,118.33999633789062,33969900,0.0,0.0,0.0,0.0,0.0,0.0
2023-06-27,117.08000183105467,119.08000183105467,116.0999984741211,118.33000183105467,39535900,0.0,0.0,0.0,0.0,0.0,0.0
2023-06-28,117.08999633789062,120.38999938964844,116.8499984741211,120.18000030517578,27091400,0.0,0.0,0.0,0.0,0.0,0.0
2023-06-29,119.23999786376952,120.05999755859376,118.3000030517578,119.0999984741211,24090900,0.0,0.0,0.0,0.0,0.0,0.0
2023-06-30,120.16999816894533,121.08000183105467,119.69000244140624,119.6999969482422,29532200,0.0,0.0,0.0,0.0,0.0,0.0
2023-07-03,119.23999786376952,120.19000244140624,118.81999969482422,119.9000015258789,14467900,0.0,0.0,0.0,0.0,0.0,0.0
2023-07-05,119.23999786376952,122.61000061035156,119.2300033569336,121.75,27584800,0.0,0.0,0.0,0.0,0.0,0.0
2023-07-06,119.8000030517578,120.3000030517578,118.4000015258789,120.11000061035156,24745200,0.0,0.0,0.0,0.0,0.0,0.0
2023-07-07,120.0999984741211,121.0500030517578,119.4000015258789,119.4800033569336,21709500,0.0,0.0,0.0,0.0,0.0,0.0
2023-07-10,118.3000030517578,118.30999755859376,116.13999938964844,116.4499969482422,35315200,0.0,0.0,0.0,0.0,0.0,0.0
2023-07-11,116.29000091552734,117.70999908447266,115.3499984741211,117.13999938964844,23078800,0.0,0.0,0.0,0.0,0.0,0.0
2023-07-12,118.8000030517578,120.33000183105467,118.41000366210938,118.93000030517578,30404400,0.0,0.0,0.0,0.0,0.0,0.0
2023-07-13,120.93000030517578,124.83000183105467,120.4499969482422,124.54000091552734,44297900,0.0,0.0,0.0,0.0,0.0,0.0
2023-07-14,124.8000030517578,126.77999877929688,123.48999786376952,125.41999816894533,33283100,0.0,0.0,0.0,0.0,0.0,0.0
2023-07-17,125.94000244140624,127.0999984741211,124.1999969482422,124.6500015258789,25716200,0.0,0.0,0.0,0.0,0.0,0.0
2023-07-18,124.5999984741211,124.68000030517578,122.95999908447266,123.76000213623048,26193600,0.0,0.0,0.0,0.0,0.0,0.0
2023-07-19,124.5999984741211,125.18000030517578,121.8000030517578,122.02999877929688,37224000,0.0,0.0,0.0,0.0,0.0,0.0
2023-07-20,121.41999816894533,124.08999633789062,118.22000122070312,119.1999969482422,37906800,0.0,0.0,0.0,0.0,0.0,0.0
2023-07-21,120.62000274658205,120.98999786376952,118.7300033569336,120.0199966430664,72937900,0.0,0.0,0.0,0.0,0.0,0.0
2023-07-24,121.66000366210938,123.0,120.9800033569336,121.52999877929688,29686100,0.0,0.0,0.0,0.0,0.0,0.0
2023-07-25,121.36000061035156,123.1500015258789,121.0199966430664,122.20999908447266,52509600,0.0,0.0,0.0,0.0,0.0,0.0
2023-07-26,130.07000732421875,130.97999572753906,128.32000732421875,129.27000427246094,61682100,0.0,0.0,0.0,0.0,0.0,0.0
2023-07-27,131.6699981689453,133.24000549316406,128.7899932861328,129.39999389648438,44952100,0.0,0.0,0.0,0.0,0.0,0.0
2023-07-28,130.77999877929688,133.74000549316406,130.57000732421875,132.5800018310547,36591200,0.0,0.0,0.0,0.0,0.0,0.0
2023-07-31,132.72999572753906,133.52999877929688,131.77999877929688,132.72000122070312,28055500,0.0,0.0,0.0,0.0,0.0,0.0
2023-08-01,130.77999877929688,132.6300048828125,130.67999267578125,131.5500030517578,23166800,0.0,0.0,0.0,0.0,0.0,0.0
2023-08-02,129.4499969482422,130.08999633789062,127.55999755859376,128.3800048828125,26273300,0.0,0.0,0.0,0.0,0.0,0.0
2023-08-03,127.97000122070312,129.38999938964844,127.41999816894533,128.4499969482422,20089500,0.0,0.0,0.0,0.0,0.0,0.0
2023-08-04,129.27999877929688,131.50999450683594,127.91000366210938,128.11000061035156,26147200,0.0,0.0,0.0,0.0,0.0,0.0
2023-08-07,129.16000366210938,131.61000061035156,129.02000427246094,131.52999877929688,22746300,0.0,0.0,0.0,0.0,0.0,0.0
2023-08-08,130.6199951171875,131.50999450683594,129.5399932861328,131.39999389648438,23535200,0.0,0.0,0.0,0.0,0.0,0.0
2023-08-09,131.66000366210938,132.0399932861328,129.0,129.66000366210938,24912900,0.0,0.0,0.0,0.0,0.0,0.0
2023-08-10,131.32000732421875,132.0500030517578,129.4499969482422,129.69000244140625,20857800,0.0,0.0,0.0,0.0,0.0,0.0
2023-08-11,128.66000366210938,129.92999267578125,128.1699981689453,129.55999755859375,19591100,0.0,0.0,0.0,0.0,0.0,0.0
2023-08-14,129.38999938964844,131.3699951171875,128.9600067138672,131.3300018310547,24695600,0.0,0.0,0.0,0.0,0.0,0.0
2023-08-15,131.10000610351562,131.4199981689453,129.27999877929688,129.77999877929688,19770700,0.0,0.0,0.0,0.0,0.0,0.0
2023-08-16,128.6999969482422,130.27999877929688,127.87000274658205,128.6999969482422,25216100,0.0,0.0,0.0,0.0,0.0,0.0
2023-08-17,129.8000030517578,131.99000549316406,129.2899932861328,129.9199981689453,33446300,0.0,0.0,0.0,0.0,0.0,0.0
2023-08-18,128.50999450683594,129.25,126.37999725341795,127.45999908447266,30504800,0.0,0.0,0.0,0.0,0.0,0.0
2023-08-21,127.18000030517578,128.72999572753906,126.55999755859376,128.3699951171875,25248700,0.0,0.0,0.0,0.0,0.0,0.0
2023-08-22,128.50999450683594,130.27999877929688,128.32000732421875,129.0800018310547,22054900,0.0,0.0,0.0,0.0,0.0,0.0
2023-08-23,130.17999267578125,133.41000366210938,129.8699951171875,132.3699951171875,27819700,0.0,0.0,0.0,0.0,0.0,0.0
2023-08-24,133.9499969482422,134.25,129.57000732421875,129.77999877929688,28500700,0.0,0.0,0.0,0.0,0.0,0.0
2023-08-25,129.5399932861328,130.75999450683594,127.25,129.8800048828125,26762900,0.0,0.0,0.0,0.0,0.0,0.0
2023-08-28,131.30999755859375,132.5399932861328,130.13999938964844,131.00999450683594,20543300,0.0,0.0,0.0,0.0,0.0,0.0
2023-08-29,132.24000549316406,136.57000732421875,132.24000549316406,134.57000732421875,43075600,0.0,0.0,0.0,0.0,0.0,0.0
2023-08-30,134.77999877929688,136.27999877929688,134.07000732421875,135.8800048828125,28315800,0.0,0.0,0.0,0.0,0.0,0.0
2023-08-31,136.00999450683594,138.0,135.7899932861328,136.1699981689453,30053800,0.0,0.0,0.0,0.0,0.0,0.0
2023-09-01,137.4600067138672,137.4600067138672,134.85000610351562,135.66000366210938,21543700,0.0,0.0,0.0,0.0,0.0,0.0
2023-09-05,135.44000244140625,136.4199981689453,134.5800018310547,135.77000427246094,19403100,0.0,0.0,0.0,0.0,0.0,0.0
2023-09-06,136.02000427246094,136.52999877929688,133.6699981689453,134.4600067138672,18684500,0.0,0.0,0.0,0.0,0.0,0.0
2023-09-07,133.58999633789062,135.5800018310547,132.9499969482422,135.25999450683594,18844300,0.0,0.0,0.0,0.0,0.0,0.0
2023-09-08,134.91000366210938,136.66000366210938,134.85000610351562,136.3800048828125,23558300,0.0,0.0,0.0,0.0,0.0,0.0
2023-09-11,136.5399932861328,137.47999572753906,135.7899932861328,136.9199981689453,20763400,0.0,0.0,0.0,0.0,0.0,0.0
2023-09-12,136.25999450683594,136.8699951171875,135.19000244140625,135.33999633789062,18405500,0.0,0.0,0.0,0.0,0.0,0.0
2023-09-13,135.08999633789062,136.89999389648438,134.14999389648438,136.7100067138672,20749500,0.0,0.0,0.0,0.0,0.0,0.0
2023-09-14,137.60000610351562,138.6999969482422,136.24000549316406,138.10000610351562,24751000,0.0,0.0,0.0,0.0,0.0,0.0
2023-09-15,137.97999572753906,138.52000427246094,136.47999572753906,137.39999389648438,38919600,0.0,0.0,0.0,0.0,0.0,0.0
2023-09-18,136.61000061035156,139.16000366210938,136.61000061035156,138.2100067138672,21861300,0.0,0.0,0.0,0.0,0.0,0.0
2023-09-19,137.4199981689453,138.41000366210938,136.6199951171875,138.0399932861328,20353700,0.0,0.0,0.0,0.0,0.0,0.0
2023-09-20,138.0800018310547,138.0800018310547,133.6199951171875,133.74000549316406,29927500,0.0,0.0,0.0,0.0,0.0,0.0
2023-09-21,131.44000244140625,132.22999572753906,130.07000732421875,130.44000244140625,31503900,0.0,0.0,0.0,0.0,0.0,0.0
2023-09-22,130.75999450683594,132.02999877929688,129.60000610351562,130.25,26397300,0.0,0.0,0.0,0.0,0.0,0.0
2023-09-25,129.8300018310547,131.1699981689453,128.9600067138672,131.11000061035156,20094600,0.0,0.0,0.0,0.0,0.0,0.0
2023-09-26,129.77000427246094,130.36000061035156,127.22000122070312,128.57000732421875,25718700,0.0,0.0,0.0,0.0,0.0,0.0
2023-09-27,128.57000732421875,130.89999389648438,128.57000732421875,130.5399932861328,22746500,0.0,0.0,0.0,0.0,0.0,0.0
2023-09-28,129.83999633789062,133.3000030517578,129.7899932861328,132.30999755859375,22513100,0.0,0.0,0.0,0.0,0.0,0.0
2023-09-29,133.27999877929688,134.0500030517578,130.36000061035156,130.86000061035156,30859800,0.0,0.0,0.0,0.0,0.0,0.0
2023-10-02,131.2100067138672,134.4199981689453,131.1699981689453,134.1699981689453,22288000,0.0,0.0,0.0,0.0,0.0,0.0
2023-10-03,133.94000244140625,134.25999450683594,131.83999633789062,132.42999267578125,22989400,0.0,0.0,0.0,0.0,0.0,0.0
2023-10-04,132.7899932861328,135.57000732421875,132.52999877929688,135.24000549316406,26752300,0.0,0.0,0.0,0.0,0.0,0.0
2023-10-05,135.07000732421875,135.49000549316406,133.4499969482422,135.07000732421875,19832600,0.0,0.0,0.0,0.0,0.0,0.0
2023-10-06,134.00999450683594,138.16000366210938,134.00999450683594,137.5800018310547,27597600,0.0,0.0,0.0,0.0,0.0,0.0
2023-10-09,136.94000244140625,138.94000244140625,135.61000061035156,138.4199981689453,19278100,0.0,0.0,0.0,0.0,0.0,0.0
2023-10-10,138.5,139.72000122070312,137.3300018310547,138.05999755859375,27786600,0.0,0.0,0.0,0.0,0.0,0.0
2023-10-11,138.5800018310547,141.11000061035156,138.5800018310547,140.5500030517578,25884300,0.0,0.0,0.0,0.0,0.0,0.0
2023-10-12,141.0500030517578,141.22000122070312,138.25999450683594,138.97000122070312,24765500,0.0,0.0,0.0,0.0,0.0,0.0
2023-10-13,139.3800048828125,140.0,136.6199951171875,137.36000061035156,23420500,0.0,0.0,0.0,0.0,0.0,0.0
2023-10-16,138.1699981689453,139.6300048828125,137.99000549316406,139.10000610351562,28501900,0.0,0.0,0.0,0.0,0.0,0.0
2023-10-17,138.6300048828125,139.89999389648438,137.17999267578125,139.72000122070312,23515800,0.0,0.0,0.0,0.0,0.0,0.0
2023-10-18,139.4499969482422,140.72000122070312,137.3800048828125,137.9600067138672,23375000,0.0,0.0,0.0,0.0,0.0,0.0
2023-10-19,138.5,139.66000366210938,137.3800048828125,137.75,26066000,0.0,0.0,0.0,0.0,0.0,0.0
2023-10-20,137.3300018310547,137.8699951171875,135.0800018310547,135.60000610351562,26335700,0.0,0.0,0.0,0.0,0.0,0.0
2023-10-23,135.0399932861328,137.66000366210938,133.9499969482422,136.5,26317900,0.0,0.0,0.0,0.0,0.0,0.0
2023-10-24,137.8300018310547,139.36000061035156,137.4199981689453,138.80999755859375,44814300,0.0,0.0,0.0,0.0,0.0,0.0
2023-10-25,128.16000366210938,128.30999755859375,125.06999969482422,125.61000061035156,84366200,0.0,0.0,0.0,0.0,0.0,0.0
2023-10-26,123.2699966430664,124.33000183105467,121.2699966430664,122.27999877929688,57061100,0.0,0.0,0.0,0.0,0.0,0.0
2023-10-27,122.87999725341795,123.30999755859376,120.20999908447266,122.16999816894533,44566500,0.0,0.0,0.0,0.0,0.0,0.0
2023-10-30,123.20999908447266,125.4000015258789,122.75,124.45999908447266,28940100,0.0,0.0,0.0,0.0,0.0,0.0
2023-10-31,125.05999755859376,125.37000274658205,122.69000244140624,124.08000183105467,26292300,0.0,0.0,0.0,0.0,0.0,0.0
2023-11-01,124.06999969482422,126.48999786376952,123.72000122070312,126.4499969482422,30082400,0.0,0.0,0.0,0.0,0.0,0.0
2023-11-02,128.4199981689453,128.97999572753906,126.93000030517578,127.48999786376952,27124600,0.0,0.0,0.0,0.0,0.0,0.0
2023-11-03,128.02000427246094,129.52999877929688,127.86000061035156,129.10000610351562,26393100,0.0,0.0,0.0,0.0,0.0,0.0
2023-11-06,129.0500030517578,130.33999633789062,128.6699981689453,130.25,19052700,0.0,0.0,0.0,0.0,0.0,0.0
2023-11-07,130.7100067138672,131.91000366210938,129.8800048828125,130.97000122070312,29757300,0.0,0.0,0.0,0.0,0.0,0.0
2023-11-08,130.97000122070312,132.2100067138672,130.77999877929688,131.83999633789062,26425800,0.0,0.0,0.0,0.0,0.0,0.0
2023-11-09,131.9600067138672,132.5500030517578,130.07000732421875,130.24000549316406,23747800,0.0,0.0,0.0,0.0,0.0,0.0
2023-11-10,130.10000610351562,132.8000030517578,129.41000366210938,132.58999633789062,26913300,0.0,0.0,0.0,0.0,0.0,0.0
2023-11-13,131.77999877929688,132.58999633789062,131.25,132.08999633789062,18324800,0.0,0.0,0.0,0.0,0.0,0.0
2023-11-14,134.19000244140625,135.6999969482422,133.32000732421875,133.6199951171875,32395200,0.0,0.0,0.0,0.0,0.0,0.0
2023-11-15,134.8699951171875,135.02999877929688,133.57000732421875,134.6199951171875,23861500,0.0,0.0,0.0,0.0,0.0,0.0
2023-11-16,135.19000244140625,137.22000122070312,134.32000732421875,136.92999267578125,28013200,0.0,0.0,0.0,0.0,0.0,0.0
2023-11-17,136.0,136.05999755859375,133.64999389648438,135.30999755859375,37240600,0.0,0.0,0.0,0.0,0.0,0.0
2023-11-20,133.69000244140625,136.66000366210938,133.6199951171875,136.25,27815500,0.0,0.0,0.0,0.0,0.0,0.0
2023-11-21,136.2899932861328,137.17999267578125,135.9600067138672,136.97000122070312,22635300,0.0,0.0,0.0,0.0,0.0,0.0
2023-11-22,137.47000122070312,139.4199981689453,137.47000122070312,138.49000549316406,17813900,0.0,0.0,0.0,0.0,0.0,0.0
2023-11-24,138.02999877929688,138.1300048828125,135.99000549316406,136.69000244140625,12514300,0.0,0.0,0.0,0.0,0.0,0.0
2023-11-27,136.02999877929688,138.4199981689453,136.0,136.41000366210938,23436500,0.0,0.0,0.0,0.0,0.0,0.0
2023-11-28,136.0800018310547,137.25,135.4199981689453,137.1999969482422,18730000,0.0,0.0,0.0,0.0,0.0,0.0
2023-11-29,137.57000732421875,138.2899932861328,134.83999633789062,134.99000549316406,23967200,0.0,0.0,0.0,0.0,0.0,0.0
2023-11-30,135.0500030517578,135.5500030517578,131.27999877929688,132.52999877929688,38988300,0.0,0.0,0.0,0.0,0.0,0.0
2023-12-01,131.86000061035156,132.11000061035156,130.6699981689453,131.86000061035156,31442300,0.0,0.0,0.0,0.0,0.0,0.0
2023-12-04,129.8800048828125,130.02999877929688,127.9000015258789,129.27000427246094,36669900,0.0,0.0,0.0,0.0,0.0,0.0
2023-12-05,128.9499969482422,132.13999938964844,128.25,130.99000549316406,27384800,0.0,0.0,0.0,0.0,0.0,0.0
2023-12-06,131.44000244140625,131.83999633789062,129.8800048828125,130.02000427246094,23576200,0.0,0.0,0.0,0.0,0.0,0.0
2023-12-07,135.0399932861328,138.55999755859375,134.6999969482422,136.92999267578125,56767100,0.0,0.0,0.0,0.0,0.0,0.0
2023-12-08,134.1999969482422,136.39999389648438,134.02999877929688,134.99000549316406,32260100,0.0,0.0,0.0,0.0,0.0,0.0
2023-12-11,132.3800048828125,133.33999633789062,131.36000061035156,133.2899932861328,31138000,0.0,0.0,0.0,0.0,0.0,0.0
2023-12-12,131.80999755859375,133.0,131.25999450683594,132.52000427246094,29032800,0.0,0.0,0.0,0.0,0.0,0.0
2023-12-13,133.3800048828125,133.5,131.57000732421875,132.57000732421875,30104800,0.0,0.0,0.0,0.0,0.0,0.0
2023-12-14,133.3800048828125,133.72000122070312,129.69000244140625,131.94000244140625,38722400,0.0,0.0,0.0,0.0,0.0,0.0
2023-12-15,131.6199951171875,133.50999450683594,131.17999267578125,132.60000610351562,50847100,0.0,0.0,0.0,0.0,0.0,0.0
2023-12-18,132.6300048828125,137.14999389648438,132.42999267578125,135.8000030517578,32258000,0.0,0.0,0.0,0.0,0.0,0.0
2023-12-19,136.83999633789062,137.47000122070312,136.0800018310547,136.64999389648438,25476800,0.0,0.0,0.0,0.0,0.0,0.0
2023-12-20,138.97000122070312,141.6999969482422,138.07000732421875,138.33999633789062,49107200,0.0,0.0,0.0,0.0,0.0,0.0
2023-12-21,139.49000549316406,140.69000244140625,139.17999267578125,140.4199981689453,27488300,0.0,0.0,0.0,0.0,0.0,0.0
2023-12-22,140.77000427246094,141.99000549316406,140.7100067138672,141.49000549316406,26532200,0.0,0.0,0.0,0.0,0.0,0.0
2023-12-26,141.58999633789062,142.67999267578125,141.19000244140625,141.52000427246094,16780300,0.0,0.0,0.0,0.0,0.0,0.0
2023-12-27,141.58999633789062,142.0800018310547,139.88999938964844,140.3699951171875,19628600,0.0,0.0,0.0,0.0,0.0,0.0
2023-12-28,140.77999877929688,141.13999938964844,139.75,140.22999572753906,16045700,0.0,0.0,0.0,0.0,0.0,0.0
2023-12-29,139.6300048828125,140.36000061035156,138.77999877929688,139.69000244140625,18733000,0.0,0.0,0.0,0.0,0.0,0.0
2024-01-02,138.5500030517578,139.4499969482422,136.47999572753906,138.1699981689453,23711200,0.0,0.0,0.0,0.0,0.0,0.0
2024-01-03,137.25,139.6300048828125,137.0800018310547,138.9199981689453,24212100,0.0,0.0,0.0,0.0,0.0,0.0
2024-01-04,138.4199981689453,139.16000366210938,136.35000610351562,136.38999938964844,27137700,0.0,0.0,0.0,0.0,0.0,0.0
2024-01-05,136.75,137.16000366210938,135.14999389648438,135.72999572753906,22513900,0.0,0.0,0.0,0.0,0.0,0.0
2024-01-08,136.2899932861328,139.00999450683594,136.25999450683594,138.83999633789062,21404000,0.0,0.0,0.0,0.0,0.0,0.0
2024-01-09,138.5,141.49000549316406,138.14999389648438,140.9499969482422,24759600,0.0,0.0,0.0,0.0,0.0,0.0
2024-01-10,141.0,143.0,140.91000366210938,142.27999877929688,21320200,0.0,0.0,0.0,0.0,0.0,0.0
2024-01-11,143.49000549316406,145.22000122070312,140.63999938964844,142.0800018310547,24008700,0.0,0.0,0.0,0.0,0.0,0.0
2024-01-12,142.6699981689453,143.1999969482422,141.82000732421875,142.64999389648438,18785500,0.0,0.0,0.0,0.0,0.0,0.0
2024-01-16,142.0,144.35000610351562,141.4499969482422,142.49000549316406,22670500,0.0,0.0,0.0,0.0,0.0,0.0
2024-01-17,141.35000610351562,141.83999633789062,138.89999389648438,141.47000122070312,20968600,0.0,0.0,0.0,0.0,0.0,0.0
2024-01-18,142.0500030517578,144.2100067138672,141.99000549316406,143.47999572753906,25746400,0.0,0.0,0.0,0.0,0.0,0.0
2024-01-19,144.74000549316406,146.4499969482422,144.3800048828125,146.3800048828125,34271900,0.0,0.0,0.0,0.0,0.0,0.0
2024-01-22,147.10000610351562,148.38999938964844,145.83999633789062,145.99000549316406,32200400,0.0,0.0,0.0,0.0,0.0,0.0
2024-01-23,145.88999938964844,147.17999267578125,145.5,147.0399932861328,21636100,0.0,0.0,0.0,0.0,0.0,0.0
2024-01-24,148.5399932861328,149.85000610351562,148.10000610351562,148.6999969482422,25233500,0.0,0.0,0.0,0.0,0.0,0.0
2024-01-25,150.07000732421875,153.0500030517578,149.5399932861328,151.8699951171875,29149100,0.0,0.0,0.0,0.0,0.0,0.0
2024-01-26,151.10000610351562,152.5399932861328,151.00999450683594,152.19000244140625,26115500,0.0,0.0,0.0,0.0,0.0,0.0
2024-01-29,152.05999755859375,153.77999877929688,151.42999267578125,153.50999450683594,27784300,0.0,0.0,0.0,0.0,0.0,0.0
2024-01-30,152.8000030517578,153.6199951171875,151.19000244140625,151.4600067138672,36331800,0.0,0.0,0.0,0.0,0.0,0.0
2024-01-31,143.6199951171875,144.0,139.8699951171875,140.10000610351562,71910000,0.0,0.0,0.0,0.0,0.0,0.0
2024-02-01,142.1199951171875,143.05999755859375,140.7899932861328,141.16000366210938,40466500,0.0,0.0,0.0,0.0,0.0,0.0
2024-02-02,139.25999450683594,142.6199951171875,136.5,142.3800048828125,62499600,0.0,0.0,0.0,0.0,0.0,0.0
2024-02-05,142.82000732421875,145.47000122070312,142.77999877929688,143.67999267578125,38505400,0.0,0.0,0.0,0.0,0.0,0.0
2024-02-06,144.64999389648438,145.36000061035156,143.19000244140625,144.10000610351562,29128200,0.0,0.0,0.0,0.0,0.0,0.0
2024-02-07,144.75999450683594,145.6199951171875,143.92999267578125,145.5399932861328,25208900,0.0,0.0,0.0,0.0,0.0,0.0
2024-02-08,145.8300018310547,146.3300018310547,145.10000610351562,145.91000366210938,22563800,0.0,0.0,0.0,0.0,0.0,0.0
2024-02-09,146.67999267578125,149.44000244140625,146.17999267578125,149.0,26829500,0.0,0.0,0.0,0.0,0.0,0.0
2024-02-12,148.4199981689453,149.33999633789062,147.3699951171875,147.52999877929688,21564100,0.0,0.0,0.0,0.0,0.0,0.0
2024-02-13,144.9199981689453,146.6699981689453,143.69000244140625,145.13999938964844,27837700,0.0,0.0,0.0,0.0,0.0,0.0
2024-02-14,146.0800018310547,146.52000427246094,144.08999633789062,145.94000244140625,22704200,0.0,0.0,0.0,0.0,0.0,0.0
2024-02-15,143.13999938964844,143.52000427246094,140.4600067138672,142.77000427246094,37590700,0.0,0.0,0.0,0.0,0.0,0.0
2024-02-16,142.99000549316406,143.19000244140625,140.13999938964844,140.52000427246094,31468900,0.0,0.0,0.0,0.0,0.0,0.0
2024-02-20,139.66000366210938,142.0800018310547,139.49000549316406,141.1199951171875,25144700,0.0,0.0,0.0,0.0,0.0,0.0
2024-02-21,141.4499969482422,142.69000244140625,140.67999267578125,142.5500030517578,23223300,0.0,0.0,0.0,0.0,0.0,0.0
2024-02-22,144.92999267578125,145.0,142.8000030517578,144.08999633789062,27191900,0.0,0.0,0.0,0.0,0.0,0.0
2024-02-23,143.6699981689453,144.67999267578125,143.42999267578125,143.9600067138672,19493800,0.0,0.0,0.0,0.0,0.0,0.0
2024-02-26,142.13999938964844,142.44000244140625,137.38999938964844,137.57000732421875,53641800,0.0,0.0,0.0,0.0,0.0,0.0
2024-02-27,138.02000427246094,139.25,137.08999633789062,138.8800048828125,33099200,0.0,0.0,0.0,0.0,0.0,0.0
2024-02-28,137.89999389648438,138.00999450683594,135.41000366210938,136.3800048828125,37328600,0.0,0.0,0.0,0.0,0.0,0.0
2024-02-29,137.27999877929688,138.86000061035156,136.39999389648438,138.4600067138672,42133000,0.0,0.0,0.0,0.0,0.0,0.0
2024-03-01,138.42999267578125,138.8699951171875,136.9199981689453,137.13999938964844,31151100,0.0,0.0,0.0,0.0,0.0,0.0
2024-03-04,135.66000366210938,135.66000366210938,131.91000366210938,133.35000610351562,55999400,0.0,0.0,0.0,0.0,0.0,0.0
2024-03-05,131.8800048828125,133.24000549316406,130.6699981689453,132.6699981689453,40194800,0.0,0.0,0.0,0.0,0.0,0.0
2024-03-06,133.1199951171875,133.5800018310547,130.85000610351562,131.39999389648438,35318600,0.0,0.0,0.0,0.0,0.0,0.0
2024-03-07,132.7899932861328,134.94000244140625,131.61000061035156,134.3800048828125,37738200,0.0,0.0,0.0,0.0,0.0,0.0
2024-03-08,134.2100067138672,138.08999633789062,134.0,135.41000366210938,39370400,0.0,0.0,0.0,0.0,0.0,0.0
2024-03-11,136.1300048828125,139.10000610351562,136.1300048828125,137.6699981689453,32437800,0.0,0.0,0.0,0.0,0.0,0.0
2024-03-12,137.02999877929688,139.3800048828125,137.02999877929688,138.5,27563400,0.0,0.0,0.0,0.0,0.0,0.0
2024-03-13,139.0,141.08999633789062,138.99000549316406,139.7899932861328,23347200,0.0,0.0,0.0,0.0,0.0,0.0
2024-03-14,141.19000244140625,143.58999633789062,140.4600067138672,143.10000610351562,42753400,0.0,0.0,0.0,0.0,0.0,0.0
2024-03-15,142.5,143.17999267578125,140.02999877929688,141.17999267578125,49475400,0.0,0.0,0.0,0.0,0.0,0.0
2024-03-18,148.61000061035156,152.14999389648438,147.1699981689453,147.67999267578125,69273700,0.0,0.0,0.0,0.0,0.0,0.0
2024-03-19,148.16000366210938,148.7899932861328,146.0800018310547,147.02999877929688,24070400,0.0,0.0,0.0,0.0,0.0,0.0
2024-03-20,148.0,148.86000061035156,146.74000549316406,148.74000549316406,21311500,0.0,0.0,0.0,0.0,0.0,0.0
2024-03-21,149.47000122070312,150.3699951171875,146.89999389648438,147.60000610351562,24755600,0.0,0.0,0.0,0.0,0.0,0.0
2024-03-22,149.1199951171875,151.5800018310547,148.97999572753906,150.77000427246094,29211800,0.0,0.0,0.0,0.0,0.0,0.0
2024-03-25,149.94000244140625,150.3800048828125,147.82000732421875,150.07000732421875,19229300,0.0,0.0,0.0,0.0,0.0,0.0
2024-03-26,150.22000122070312,152.25999450683594,149.97999572753906,150.6699981689453,22149100,0.0,0.0,0.0,0.0,0.0,0.0
2024-03-27,151.17999267578125,151.63999938964844,148.89999389648438,150.8699951171875,22879200,0.0,0.0,0.0,0.0,0.0,0.0
2024-03-28,150.85000610351562,151.42999267578125,150.1699981689453,150.92999267578125,24485400,0.0,0.0,0.0,0.0,0.0,0.0
2024-04-01,150.69000244140625,155.74000549316406,150.61000061035156,155.49000549316406,31730800,0.0,0.0,0.0,0.0,0.0,0.0
2024-04-02,153.5,154.6999969482422,152.14999389648438,154.55999755859375,24586000,0.0,0.0,0.0,0.0,0.0,0.0
2024-04-03,153.60000610351562,155.0800018310547,152.72999572753906,154.9199981689453,24705000,0.0,0.0,0.0,0.0,0.0,0.0
2024-04-04,153.5,154.77000427246094,150.4499969482422,150.52999877929688,34724700,0.0,0.0,0.0,0.0,0.0,0.0
2024-04-05,150.02999877929688,153.4199981689453,149.60000610351562,152.5,23459200,0.0,0.0,0.0,0.0,0.0,0.0
2024-04-08,152.77999877929688,155.27000427246094,152.61000061035156,154.85000610351562,20702000,0.0,0.0,0.0,0.0,0.0,0.0
2024-04-09,156.08999633789062,158.55999755859375,155.19000244140625,156.60000610351562,31079500,0.0,0.0,0.0,0.0,0.0,0.0
2024-04-10,156.2100067138672,156.61000061035156,154.67999267578125,156.13999938964844,22838600,0.0,0.0,0.0,0.0,0.0,0.0
2024-04-11,156.91000366210938,159.67999267578125,156.4600067138672,159.41000366210938,27166400,0.0,0.0,0.0,0.0,0.0,0.0
2024-04-12,157.9600067138672,160.22000122070312,157.13999938964844,157.72999572753906,25353700,0.0,0.0,0.0,0.0,0.0,0.0
2024-04-15,158.86000061035156,159.24000549316406,154.58999633789062,154.86000061035156,27136500,0.0,0.0,0.0,0.0,0.0,0.0
2024-04-16,154.19000244140625,155.64999389648438,153.42999267578125,154.39999389648438,20779500,0.0,0.0,0.0,0.0,0.0,0.0
2024-04-17,155.6199951171875,157.0800018310547,154.5800018310547,155.47000122070312,21763100,0.0,0.0,0.0,0.0,0.0,0.0
2024-04-18,155.33999633789062,156.94000244140625,154.6199951171875,156.00999450683594,19883000,0.0,0.0,0.0,0.0,0.0,0.0
2024-04-19,156.1999969482422,156.36000061035156,152.3000030517578,154.08999633789062,32615600,0.0,0.0,0.0,0.0,0.0,0.0
2024-04-22,154.30999755859375,157.63999938964844,154.05999755859375,156.27999877929688,26446200,0.0,0.0,0.0,0.0,0.0,0.0
2024-04-23,156.9600067138672,158.97000122070312,156.27999877929688,158.25999450683594,21151600,0.0,0.0,0.0,0.0,0.0,0.0
2024-04-24,157.49000549316406,159.57000732421875,157.1699981689453,159.1300048828125,22779100,0.0,0.0,0.0,0.0,0.0,0.0
2024-04-25,151.3300018310547,156.49000549316406,150.8699951171875,156.0,57109700,0.0,0.0,0.0,0.0,0.0,0.0
2024-04-26,174.3699951171875,174.7100067138672,169.64999389648438,171.9499969482422,64665300,0.0,0.0,0.0,0.0,0.0,0.0
2024-04-29,169.05999755859375,169.5500030517578,165.2100067138672,166.14999389648438,45610000,0.0,0.0,0.0,0.0,0.0,0.0
2024-04-30,165.61000061035156,168.10000610351562,162.60000610351562,162.77999877929688,33562900,0.0,0.0,0.0,0.0,0.0,0.0
2024-05-01,164.3000030517578,167.1199951171875,163.08999633789062,163.86000061035156,33493200,0.0,0.0,0.0,0.0,0.0,0.0
2024-05-02,164.7899932861328,166.72999572753906,163.88999938964844,166.6199951171875,24294500,0.0,0.0,0.0,0.0,0.0,0.0
2024-05-03,167.55999755859375,167.9600067138672,163.0500030517578,167.24000549316406,34662400,0.0,0.0,0.0,0.0,0.0,0.0
2024-05-06,167.4600067138672,168.13999938964844,166.02999877929688,168.10000610351562,21871300,0.0,0.0,0.0,0.0,0.0,0.0
2024-05-07,168.5,171.75999450683594,168.38999938964844,171.25,28039700,0.0,0.0,0.0,0.0,0.0,0.0
2024-05-08,169.0,170.14999389648438,168.74000549316406,169.3800048828125,19569100,0.0,0.0,0.0,0.0,0.0,0.0
2024-05-09,169.38999938964844,170.69000244140625,168.17999267578125,169.9600067138672,15346700,0.0,0.0,0.0,0.0,0.0,0.0
2024-05-10,168.02999877929688,169.85000610351562,166.19000244140625,168.64999389648438,29799900,0.0,0.0,0.0,0.0,0.0,0.0
2024-05-13,164.25999450683594,169.27999877929688,164.0,169.13999938964844,31327600,0.0,0.0,0.0,0.0,0.0,0.0
2024-05-14,169.77000427246094,171.25,168.8000030517578,170.33999633789062,25127100,0.0,0.0,0.0,0.0,0.0,0.0
2024-05-15,170.6300048828125,172.64999389648438,170.50999450683594,172.50999450683594,26948400,0.0,0.0,0.0,0.0,0.0,0.0
2024-05-16,173.2899932861328,175.1199951171875,172.69000244140625,174.17999267578125,27867900,0.0,0.0,0.0,0.0,0.0,0.0
2024-05-17,174.17999267578125,176.27000427246094,173.69000244140625,176.05999755859375,24479300,0.0,0.0,0.0,0.0,0.0,0.0
2024-05-20,176.19000244140625,178.77000427246094,176.0800018310547,176.9199981689453,22554400,0.0,0.0,0.0,0.0,0.0,0.0
2024-05-21,176.89999389648438,178.14999389648438,175.80999755859375,177.85000610351562,16989400,0.0,0.0,0.0,0.0,0.0,0.0
2024-05-22,176.63999938964844,177.14999389648438,175.2100067138672,176.3800048828125,17880000,0.0,0.0,0.0,0.0,0.0,0.0
2024-05-23,177.07000732421875,178.25,172.9499969482422,173.5500030517578,21024900,0.0,0.0,0.0,0.0,0.0,0.0
2024-05-24,174.97999572753906,175.77000427246094,173.64999389648438,174.99000549316406,16579400,0.0,0.0,0.0,0.0,0.0,0.0
2024-05-28,174.4499969482422,177.27000427246094,174.3699951171875,176.39999389648438,20572200,0.0,0.0,0.0,0.0,0.0,0.0
2024-05-29,175.42999267578125,176.83999633789062,174.72000122070312,175.89999389648438,23388700,0.0,0.0,0.0,0.0,0.0,0.0
2024-05-30,175.1999969482422,175.22000122070312,171.7899932861328,172.11000061035156,22931500,0.0,0.0,0.0,0.0,0.0,0.0
2024-05-31,171.86000061035156,173.05999755859375,169.44000244140625,172.5,37638900,0.0,0.0,0.0,0.0,0.0,0.0
2024-06-03,172.5399932861328,174.52999877929688,171.16000366210938,173.1699981689453,27459100,0.0,0.0,0.0,0.0,0.0,0.0
2024-06-04,173.27999877929688,173.85000610351562,171.88999938964844,173.7899932861328,26879600,0.0,0.0,0.0,0.0,0.0,0.0
2024-06-05,175.1999969482422,176.64999389648438,173.92999267578125,175.41000366210938,22068500,0.0,0.0,0.0,0.0,0.0,0.0
2024-06-06,175.89999389648438,177.14999389648438,175.75,176.72999572753906,23251000,0.0,0.0,0.0,0.0,0.0,0.0
2024-06-07,177.0500030517578,177.8699951171875,174.3000030517578,174.4600067138672,19661400,0.0,0.0,0.0,0.0,0.0,0.0
2024-06-10,174.97000122070312,177.05999755859375,172.75999450683594,175.00999450683594,23726700,0.0,0.0,0.0,0.0,0.0,0.0
2024-06-11,176.22000122070312,176.83999633789062,173.77000427246094,176.6199951171875,21540600,0.0,0.0,0.0,0.0,0.0,0.0
2024-06-12,178.25,180.41000366210935,176.11000061035156,177.7899932861328,27864700,0.0,0.0,0.0,0.0,0.0,0.0
2024-06-13,176.11000061035156,176.74000549316406,174.8800048828125,175.16000366210938,20913300,0.0,0.0,0.0,0.0,0.0,0.0
2024-06-14,174.22000122070312,177.05999755859375,174.14999389648438,176.7899932861328,18063600,0.0,0.0,0.0,0.0,0.0,0.0
2024-06-17,175.4600067138672,178.36000061035156,174.80999755859375,177.24000549316406,19618500,0.0,0.0,0.0,0.0,0.0,0.0
2024-06-18,177.13999938964844,177.38999938964844,174.10000610351562,175.08999633789062,21869900,0.0,0.0,0.0,0.0,0.0,0.0
2024-06-20,175.3699951171875,177.2899932861328,174.99000549316406,176.3000030517578,20160100,0.0,0.0,0.0,0.0,0.0,0.0
2024-06-21,177.0,180.8500061035156,176.61000061035156,179.6300048828125,57759000,0.0,0.0,0.0,0.0,0.0,0.0
2024-06-24,180.16000366210935,180.88999938964844,178.6699981689453,179.22000122070312,18298000,0.0,0.0,0.0,0.0,0.0,0.0
2024-06-25,179.6199951171875,184.2899932861328,179.4199981689453,184.02999877929688,23130200,0.0,0.0,0.0,0.0,0.0,0.0
2024-06-26,182.6300048828125,184.50999450683597,182.47999572753903,183.8800048828125,19839000,0.0,0.0,0.0,0.0,0.0,0.0
2024-06-27,184.17999267578125,186.0500030517578,184.0200042724609,185.41000366210935,18848900,0.0,0.0,0.0,0.0,0.0,0.0
2024-06-28,184.32000732421875,185.1300048828125,181.9600067138672,182.1499938964844,29156600,0.0,0.0,0.0,0.0,0.0,0.0
2024-07-01,183.02999877929688,183.8800048828125,181.3000030517578,182.9900054931641,16006100,0.0,0.0,0.0,0.0,0.0,0.0
2024-07-02,182.0500030517578,185.57000732421875,181.55999755859372,185.2400054931641,17372500,0.0,0.0,0.0,0.0,0.0,0.0
2024-07-03,184.8500061035156,186.08999633789065,184.0,185.82000732421875,10242100,0.0,0.0,0.0,0.0,0.0,0.0
2024-07-05,185.8600006103516,190.8600006103516,185.8000030517578,190.6000061035156,20967500,0.0,0.0,0.0,0.0,0.0,0.0
2024-07-08,189.8999938964844,190.1699981689453,187.77999877929688,189.02999877929688,21035900,0.0,0.0,0.0,0.0,0.0,0.0
2024-07-09,190.30999755859372,191.3600006103516,188.72000122070312,188.97999572753903,15121400,0.0,0.0,0.0,0.0,0.0,0.0
2024-07-10,189.1499938964844,191.75,189.02999877929688,191.17999267578125,15952500,0.0,0.0,0.0,0.0,0.0,0.0
2024-07-11,189.8500061035156,190.8600006103516,185.0800018310547,185.57000732421875,25625800,0.0,0.0,0.0,0.0,0.0,0.0
2024-07-12,185.0800018310547,187.1100006103516,184.4900054931641,185.07000732421875,22898400,0.0,0.0,0.0,0.0,0.0,0.0
2024-07-15,184.9199981689453,188.2400054931641,184.9199981689453,186.52999877929688,16474000,0.0,0.0,0.0,0.0,0.0,0.0
2024-07-16,187.3600006103516,188.67999267578125,183.3699951171875,183.9199981689453,18290700,0.0,0.0,0.0,0.0,0.0,0.0
2024-07-17,182.97000122070312,183.5500030517578,179.89999389648438,181.0200042724609,20734100,0.0,0.0,0.0,0.0,0.0,0.0
2024-07-18,181.92999267578125,182.5,176.47000122070312,177.69000244140625,25315700,0.0,0.0,0.0,0.0,0.0,0.0
2024-07-19,178.8800048828125,180.2899932861328,177.1300048828125,177.66000366210938,18881900,0.0,0.0,0.0,0.0,0.0,0.0
2024-07-22,180.58999633789065,182.6999969482422,180.22999572753903,181.6699981689453,24100300,0.0,0.0,0.0,0.0,0.0,0.0
2024-07-23,182.0500030517578,183.6100006103516,181.5399932861328,181.7899932861328,36352700,0.0,0.0,0.0,0.0,0.0,0.0
2024-07-24,173.60000610351562,176.19000244140625,171.82000732421875,172.6300048828125,49585200,0.0,0.0,0.0,0.0,0.0,0.0
2024-07-25,172.52000427246094,173.4199981689453,167.19000244140625,167.27999877929688,44852000,0.0,0.0,0.0,0.0,0.0,0.0
2024-07-26,167.14999389648438,168.08999633789062,164.05999755859375,167.0,41336900,0.0,0.0,0.0,0.0,0.0,0.0
2024-07-29,168.8300018310547,170.42999267578125,167.99000549316406,169.52999877929688,20293800,0.0,0.0,0.0,0.0,0.0,0.0
2024-07-30,170.24000549316406,171.22999572753906,168.44000244140625,170.2899932861328,18959700,0.0,0.0,0.0,0.0,0.0,0.0
2024-07-31,173.24000549316406,174.25,170.00999450683594,171.5399932861328,25729100,0.0,0.0,0.0,0.0,0.0,0.0
2024-08-01,170.25,174.0500030517578,168.8800048828125,170.75999450683594,24531400,0.0,0.0,0.0,0.0,0.0,0.0
2024-08-02,166.44000244140625,168.50999450683594,164.6699981689453,166.66000366210938,29130100,0.0,0.0,0.0,0.0,0.0,0.0
2024-08-05,155.5,164.42999267578125,154.92999267578125,159.25,53630700,0.0,0.0,0.0,0.0,0.0,0.0
2024-08-06,159.3300018310547,160.57000732421875,156.41000366210938,158.2899932861328,49004600,0.0,0.0,0.0,0.0,0.0,0.0
2024-08-07,161.25,162.97999572753906,158.47000122070312,158.94000244140625,25138600,0.0,0.0,0.0,0.0,0.0,0.0
2024-08-08,160.50999450683594,163.69000244140625,160.2100067138672,162.02999877929688,25578800,0.0,0.0,0.0,0.0,0.0,0.0
2024-08-09,160.00999450683594,163.7899932861328,159.05999755859375,163.6699981689453,28602300,0.0,0.0,0.0,0.0,0.0,0.0
2024-08-12,164.35000610351562,164.89999389648438,161.83999633789062,162.2899932861328,15895300,0.0,0.0,0.0,0.0,0.0,0.0
2024-08-13,163.41000366210938,164.72999572753906,162.97000122070312,164.16000366210938,18551700,0.0,0.0,0.0,0.0,0.0,0.0
2024-08-14,162.39999389648438,163.22000122070312,157.7100067138672,160.3699951171875,40591100,0.0,0.0,0.0,0.0,0.0,0.0
2024-08-15,160.5,161.63999938964844,159.61000061035156,161.3000030517578,31524300,0.0,0.0,0.0,0.0,0.0,0.0
2024-08-16,161.47000122070312,165.05999755859375,161.1300048828125,162.9600067138672,24208600,0.0,0.0,0.0,0.0,0.0,0.0
2024-08-19,165.27999877929688,166.69000244140625,164.25999450683594,166.6699981689453,22416200,0.0,0.0,0.0,0.0,0.0,0.0
2024-08-20,166.89999389648438,168.63999938964844,166.82000732421875,167.17999267578125,18341500,0.0,0.0,0.0,0.0,0.0,0.0
2024-08-21,165.14999389648438,166.85000610351562,164.6699981689453,165.85000610351562,22902000,0.0,0.0,0.0,0.0,0.0,0.0
2024-08-22,167.25999450683594,167.58999633789062,163.30999755859375,163.8000030517578,22493300,0.0,0.0,0.0,0.0,0.0,0.0
2024-08-23,164.72000122070312,166.17999267578125,163.8300018310547,165.6199951171875,13955700,0.0,0.0,0.0,0.0,0.0,0.0
2024-08-26,166.3800048828125,167.5500030517578,164.4600067138672,166.16000366210938,14190400,0.0,0.0,0.0,0.0,0.0,0.0
2024-08-27,165.83999633789062,166.44000244140625,164.4600067138672,164.67999267578125,11821900,0.0,0.0,0.0,0.0,0.0,0.0
2024-08-28,165.0399932861328,165.60000610351562,161.52999877929688,162.85000610351562,16407400,0.0,0.0,0.0,0.0,0.0,0.0
2024-08-29,164.30999755859375,165.97000122070312,160.25,161.77999877929688,19699800,0.0,0.0,0.0,0.0,0.0,0.0
2024-08-30,162.6199951171875,163.66000366210938,161.69000244140625,163.3800048828125,22123800,0.0,0.0,0.0,0.0,0.0,0.0
2024-09-03,161.72000122070312,161.85000610351562,156.47999572753906,157.36000061035156,38945300,0.0,0.0,0.0,0.0,0.0,0.0
2024-09-04,156.66000366210938,159.0,155.9600067138672,156.4499969482422,19353800,0.0,0.0,0.0,0.0,0.0,0.0
2024-09-05,156.3000030517578,159.4499969482422,155.97999572753906,157.24000549316406,18688700,0.0,0.0,0.0,0.0,0.0,0.0
2024-09-06,157.3000030517578,157.8300018310547,150.5500030517578,150.9199981689453,37912100,0.0,0.0,0.0,0.0,0.0,0.0
2024-09-09,152.50999450683594,153.39999389648438,147.22000122070312,148.7100067138672,39260500,0.0,0.0,0.0,0.0,0.0,0.0
2024-09-10,150.4499969482422,151.27000427246094,148.33999633789062,148.66000366210938,31118800,0.0,0.0,0.0,0.0,0.0,0.0
2024-09-11,149.9199981689453,151.5,147.52000427246094,151.16000366210938,29607700,0.0,0.0,0.0,0.0,0.0,0.0
2024-09-12,153.8000030517578,154.82000732421875,152.64999389648438,154.69000244140625,29621500,0.0,0.0,0.0,0.0,0.0,0.0
2024-09-13,155.42999267578125,158.3800048828125,155.2100067138672,157.4600067138672,29591200,0.0,0.0,0.0,0.0,0.0,0.0
2024-09-16,157.30999755859375,158.25,156.60000610351562,158.05999755859375,18379800,0.0,0.0,0.0,0.0,0.0,0.0
2024-09-17,159.02000427246094,160.5500030517578,158.3800048828125,159.32000732421875,20715600,0.0,0.0,0.0,0.0,0.0,0.0
2024-09-18,159.86000061035156,160.5,158.60000610351562,159.80999755859375,23677300,0.0,0.0,0.0,0.0,0.0,0.0
2024-09-19,163.7100067138672,163.7899932861328,161.33999633789062,162.13999938964844,26587700,0.0,0.0,0.0,0.0,0.0,0.0
2024-09-20,163.5,163.72999572753906,162.05999755859375,163.58999633789062,40896400,0.0,0.0,0.0,0.0,0.0,0.0
2024-09-23,164.35000610351562,165.49000549316406,161.6699981689453,161.85000610351562,24150900,0.0,0.0,0.0,0.0,0.0,0.0
2024-09-24,163.02999877929688,163.22000122070312,160.69000244140625,162.2899932861328,23332100,0.0,0.0,0.0,0.0,0.0,0.0
2024-09-25,161.47000122070312,162.80999755859375,161.3000030517578,161.49000549316406,18869200,0.0,0.0,0.0,0.0,0.0,0.0
2024-09-26,163.63999938964844,164.0800018310547,162.27999877929688,162.72999572753906,20319300,0.0,0.0,0.0,0.0,0.0,0.0
2024-09-27,162.80999755859375,165.6999969482422,162.6300048828125,163.9499969482422,21101300,0.0,0.0,0.0,0.0,0.0,0.0
2024-09-30,163.32000732421875,166.14999389648438,163.25999450683594,165.85000610351562,20413900,0.0,0.0,0.0,0.0,0.0,0.0
2024-10-01,167.69000244140625,169.16000366210938,164.5800018310547,166.99000549316406,28338100,0.0,0.0,0.0,0.0,0.0,0.0
2024-10-02,166.4199981689453,167.52000427246094,164.72999572753906,165.86000061035156,17760200,0.0,0.0,0.0,0.0,0.0,0.0
2024-10-03,164.41000366210938,166.63999938964844,163.9199981689453,165.86000061035156,15073100,0.0,0.0,0.0,0.0,0.0,0.0
2024-10-04,168.05999755859375,168.22999572753906,165.47999572753906,167.05999755859375,19047400,0.0,0.0,0.0,0.0,0.0,0.0
2024-10-07,167.72000122070312,168.47999572753906,162.75,162.97999572753906,22463100,0.0,0.0,0.0,0.0,0.0,0.0
2024-10-08,163.94000244140625,164.72999572753906,162.8699951171875,164.3800048828125,23072700,0.0,0.0,0.0,0.0,0.0,0.0
2024-10-09,163.4499969482422,164.83999633789062,159.74000549316406,161.86000061035156,31181800,0.0,0.0,0.0,0.0,0.0,0.0
2024-10-10,160.8699951171875,163.07000732421875,160.39999389648438,162.0800018310547,14144100,0.0,0.0,0.0,0.0,0.0,0.0
2024-10-11,162.1300048828125,163.89999389648438,161.24000549316406,163.24000549316406,15344300,0.0,0.0,0.0,0.0,0.0,0.0
2024-10-14,163.63999938964844,166.22999572753906,163.39999389648438,164.9600067138672,19016100,0.0,0.0,0.0,0.0,0.0,0.0
2024-10-15,165.7899932861328,167.67999267578125,164.6300048828125,165.4600067138672,20247200,0.0,0.0,0.0,0.0,0.0,0.0
2024-10-16,164.52999877929688,165.8000030517578,163.74000549316406,165.16000366210938,16406000,0.0,0.0,0.0,0.0,0.0,0.0
2024-10-17,165.72999572753906,166.3699951171875,162.75999450683594,162.92999267578125,21453400,0.0,0.0,0.0,0.0,0.0,0.0
2024-10-18,163.19000244140625,164.7100067138672,163.0800018310547,163.4199981689453,19757700,0.0,0.0,0.0,0.0,0.0,0.0
2024-10-21,162.9499969482422,164.5,162.6199951171875,164.07000732421875,20946500,0.0,0.0,0.0,0.0,0.0,0.0
2024-10-22,162.97999572753906,165.77000427246094,162.97999572753906,165.13999938964844,16568100,0.0,0.0,0.0,0.0,0.0,0.0
2024-10-23,164.75999450683594,165.82000732421875,161.92999267578125,162.77999877929688,18280500,0.0,0.0,0.0,0.0,0.0,0.0
2024-10-24,162.8300018310547,163.3300018310547,161.00999450683594,162.72000122070312,22412500,0.0,0.0,0.0,0.0,0.0,0.0
2024-10-25,163.6699981689453,165.58999633789062,163.4199981689453,165.27000427246094,19828900,0.0,0.0,0.0,0.0,0.0,0.0
2024-10-28,168.75,168.75,163.9499969482422,166.72000122070312,32138600,0.0,0.0,0.0,0.0,0.0,0.0
2024-10-29,167.72999572753906,170.3800048828125,167.08999633789062,169.67999267578125,42169000,0.0,0.0,0.0,0.0,0.0,0.0
2024-10-30,180.67999267578125,182.0200042724609,174.05999755859375,174.4600067138672,68890800,0.0,0.0,0.0,0.0,0.0,0.0
2024-10-31,173.1300048828125,176.82000732421875,171.0,171.11000061035156,44769000,0.0,0.0,0.0,0.0,0.0,0.0
2024-11-01,170.07000732421875,172.32000732421875,168.8800048828125,171.2899932861328,31796500,0.0,0.0,0.0,0.0,0.0,0.0
2024-11-04,169.92999267578125,170.72999572753906,168.00999450683594,169.24000549316406,21492700,0.0,0.0,0.0,0.0,0.0,0.0
2024-11-05,169.42999267578125,170.52999877929688,168.83999633789062,169.74000549316406,18242100,0.0,0.0,0.0,0.0,0.0,0.0
2024-11-06,173.8000030517578,176.94000244140625,173.5,176.50999450683594,33695500,0.0,0.0,0.0,0.0,0.0,0.0
2024-11-07,177.41000366210938,181.0800018310547,177.19000244140625,180.75,25352900,0.0,0.0,0.0,0.0,0.0,0.0
2024-11-08,180.6499938964844,180.8999938964844,178.0800018310547,178.35000610351562,22006200,0.0,0.0,0.0,0.0,0.0,0.0
2024-11-11,178.5800018310547,180.5500030517578,178.47000122070312,180.3500061035156,17450400,0.0,0.0,0.0,0.0,0.0,0.0
2024-11-12,179.82000732421875,182.4900054931641,179.38999938964844,181.6199951171875,25134900,0.0,0.0,0.0,0.0,0.0,0.0
2024-11-13,180.4600067138672,180.9600067138672,178.5399932861328,178.8800048828125,23184000,0.0,0.0,0.0,0.0,0.0,0.0
2024-11-14,178.27999877929688,178.82000732421875,174.32000732421875,175.5800018310547,31007500,0.0,0.0,0.0,0.0,0.0,0.0
2024-11-15,173.72999572753906,174.13999938964844,171.22000122070312,172.49000549316406,32504600,0.0,0.0,0.0,0.0,0.0,0.0
2024-11-18,173.4199981689453,175.44000244140625,172.89999389648438,175.3000030517578,20135300,0.0,0.0,0.0,0.0,0.0,0.0
2024-11-19,173.72000122070312,178.8699951171875,173.55999755859375,178.1199951171875,23434900,0.0,0.0,0.0,0.0,0.0,0.0
2024-11-20,177.33999633789062,177.67999267578125,173.77999877929688,175.97999572753906,18997100,0.0,0.0,0.0,0.0,0.0,0.0
2024-11-21,173.89999389648438,174.1300048828125,163.6999969482422,167.6300048828125,59734400,0.0,0.0,0.0,0.0,0.0,0.0
2024-11-22,165.85000610351562,166.4600067138672,163.89999389648438,164.75999450683594,38604600,0.0,0.0,0.0,0.0,0.0,0.0
2024-11-25,166.08999633789062,168.6300048828125,165.61000061035156,167.64999389648438,33135300,0.0,0.0,0.0,0.0,0.0,0.0
2024-11-26,167.6300048828125,169.82000732421875,167.5800018310547,169.1199951171875,20486700,0.0,0.0,0.0,0.0,0.0,0.0
2024-11-27,169.0,169.47999572753906,168.02000427246094,169.22999572753906,19266500,0.0,0.0,0.0,0.0,0.0,0.0
2024-11-29,168.5,169.42999267578125,167.16000366210938,168.9499969482422,14257200,0.0,0.0,0.0,0.0,0.0,0.0
2024-12-02,168.77000427246094,172.0800018310547,168.57000732421875,171.49000549316406,23789100,0.0,0.0,0.0,0.0,0.0,0.0
2024-12-03,171.49000549316406,172.67999267578125,170.85000610351562,171.33999633789062,22248700,0.0,0.0,0.0,0.0,0.0,0.0
2024-12-04,171.14999389648438,174.91000366210938,171.05999755859375,174.3699951171875,31615100,0.0,0.0,0.0,0.0,0.0,0.0
2024-12-05,175.36000061035156,176.05999755859375,172.3300018310547,172.63999938964844,21356200,0.0,0.0,0.0,0.0,0.0,0.0
2024-12-06,172.02999877929688,175.0800018310547,171.86000061035156,174.7100067138672,21462400,0.0,0.0,0.0,0.0,0.0,0.0
2024-12-09,173.9600067138672,176.25999450683594,173.64999389648438,175.3699951171875,25389600,0.0,0.0,0.0,0.0,0.0,0.0
2024-12-10,182.8500061035156,186.3600006103516,181.0500030517578,185.1699981689453,54813000,0.0,0.0,0.0,0.0,0.0,0.0
2024-12-11,185.30999755859372,195.6100006103516,184.8500061035156,195.3999938964844,67894100,0.0,0.0,0.0,0.0,0.0,0.0
2024-12-12,195.0,195.17999267578125,191.7100067138672,191.9600067138672,34817500,0.0,0.0,0.0,0.0,0.0,0.0
2024-12-13,191.00999450683597,192.72999572753903,189.63999938964844,189.82000732421875,25143500,0.0,0.0,0.0,0.0,0.0,0.0
2024-12-16,192.8699951171875,199.0,192.6199951171875,196.66000366210935,44934900,0.0,0.0,0.0,0.0,0.0,0.0
2024-12-17,197.25,201.4199981689453,194.97999572753903,195.4199981689453,43504000,0.0,0.0,0.0,0.0,0.0,0.0
2024-12-18,195.22000122070312,197.0,187.7400054931641,188.3999938964844,34166100,0.0,0.0,0.0,0.0,0.0,0.0
2024-12-19,191.6300048828125,193.02999877929688,188.3800048828125,188.50999450683597,32265200,0.0,0.0,0.0,0.0,0.0,0.0
2024-12-20,185.77999877929688,192.88999938964844,185.22000122070312,191.41000366210935,63462900,0.0,0.0,0.0,0.0,0.0,0.0
2024-12-23,192.6199951171875,195.1000061035156,190.1499938964844,194.6300048828125,25675000,0.0,0.0,0.0,0.0,0.0,0.0
2024-12-24,194.83999633789065,196.1100006103516,193.77999877929688,196.1100006103516,10403300,0.0,0.0,0.0,0.0,0.0,0.0
2024-12-26,195.1499938964844,196.75,194.3800048828125,195.6000061035156,12046600,0.0,0.0,0.0,0.0,0.0,0.0
2024-12-27,194.9499969482422,195.32000732421875,190.6499938964844,192.75999450683597,18891400,0.0,0.0,0.0,0.0,0.0,0.0
2024-12-30,189.8000030517578,192.5500030517578,189.1199951171875,191.2400054931641,14264700,0.0,0.0,0.0,0.0,0.0,0.0
2024-12-31,191.0800018310547,191.9600067138672,188.50999450683597,189.3000030517578,17466900,0.0,0.0,0.0,0.0,0.0,0.0
2025-01-02,190.6499938964844,192.0,187.5,189.42999267578125,20370800,0.0,0.0,0.0,0.0,0.0,0.0
2025-01-03,191.3699951171875,193.2100067138672,189.97999572753903,191.7899932861328,18596200,0.0,0.0,0.0,0.0,0.0,0.0
2025-01-06,193.97999572753903,198.22000122070312,193.8500061035156,196.8699951171875,29563600,0.0,0.0,0.0,0.0,0.0,0.0
2025-01-07,197.1100006103516,201.0,194.6000061035156,195.4900054931641,26487200,0.0,0.0,0.0,0.0,0.0,0.0
2025-01-08,192.57000732421875,196.2899932861328,192.3800048828125,193.9499969482422,24864800,0.0,0.0,0.0,0.0,0.0,0.0
2025-01-10,194.3000030517578,196.5200042724609,190.30999755859372,192.0399932861328,26665200,0.0,0.0,0.0,0.0,0.0,0.0
2025-01-13,190.07000732421875,191.17999267578125,187.3600006103516,191.00999450683597,21823700,0.0,0.0,0.0,0.0,0.0,0.0
2025-01-14,191.2400054931641,191.97999572753903,188.30999755859372,189.66000366210935,17174900,0.0,0.0,0.0,0.0,0.0,0.0
2025-01-15,193.08999633789065,196.3600006103516,191.8600006103516,195.5500030517578,21776000,0.0,0.0,0.0,0.0,0.0,0.0
2025-01-16,194.13999938964844,195.47999572753903,192.80999755859372,192.91000366210935,17815400,0.0,0.0,0.0,0.0,0.0,0.0
2025-01-17,196.52999877929688,197.22999572753903,193.75,196.0,27735100,0.0,0.0,0.0,0.0,0.0,0.0
2025-01-21,199.07000732421875,202.2899932861328,197.8699951171875,198.0500030517578,29971300,0.0,0.0,0.0,0.0,0.0,0.0
2025-01-22,199.05999755859372,200.47999572753903,197.52999877929688,198.3699951171875,26200600,0.0,0.0,0.0,0.0,0.0,0.0
2025-01-23,198.13999938964844,200.3000030517578,195.1999969482422,197.97999572753903,26951400,0.0,0.0,0.0,0.0,0.0,0.0
2025-01-24,198.1000061035156,200.8999938964844,198.0,200.2100067138672,23877500,0.0,0.0,0.0,0.0,0.0,0.0
2025-01-27,192.41000366210935,196.8800048828125,190.72999572753903,191.80999755859372,41728900,0.0,0.0,0.0,0.0,0.0,0.0
2025-01-28,192.75,195.47999572753903,190.67999267578125,195.3000030517578,24157900,0.0,0.0,0.0,0.0,0.0,0.0
2025-01-29,195.55999755859372,196.7899932861328,193.42999267578125,195.41000366210935,18218300,0.0,0.0,0.0,0.0,0.0,0.0
2025-01-30,198.0,201.3999938964844,197.6699981689453,200.8699951171875,24354700,0.0,0.0,0.0,0.0,0.0,0.0
2025-01-31,202.0,205.47999572753903,201.8000030517578,204.0200042724609,32001100,0.0,0.0,0.0,0.0,0.0,0.0
2025-02-03,200.69000244140625,203.75,200.1000061035156,201.22999572753903,27838300,0.0,0.0,0.0,0.0,0.0,0.0
2025-02-04,203.38999938964844,207.0500030517578,202.80999755859372,206.3800048828125,43856400,0.0,0.0,0.0,0.0,0.0,0.0
2025-02-05,191.07000732421875,192.75,188.02999877929688,191.3300018310547,70373900,0.0,0.0,0.0,0.0,0.0,0.0
2025-02-06,189.5,192.1000061035156,188.72000122070312,191.6000061035156,29297400,0.0,0.0,0.0,0.0,0.0,0.0
2025-02-07,191.0500030517578,191.17999267578125,183.2400054931641,185.33999633789065,49315000,0.0,0.0,0.0,0.0,0.0,0.0
2025-02-10,187.3500061035156,188.1999969482422,185.8600006103516,186.47000122070312,23105600,0.0,0.0,0.0,0.0,0.0,0.0
2025-02-11,185.02999877929688,186.94000244140625,184.27999877929688,185.32000732421875,21239500,0.0,0.0,0.0,0.0,0.0,0.0
2025-02-12,183.22000122070312,185.1100006103516,181.8300018310547,183.6100006103516,22072600,0.0,0.0,0.0,0.0,0.0,0.0
2025-02-13,184.32000732421875,186.27999877929688,183.13999938964844,186.13999938964844,21402500,0.0,0.0,0.0,0.0,0.0,0.0
2025-02-14,185.05999755859372,186.3999938964844,184.32000732421875,185.22999572753903,20448400,0.0,0.0,0.0,0.0,0.0,0.0
2025-02-18,185.6000061035156,185.9600067138672,181.7400054931641,183.7700042724609,29916700,0.0,0.0,0.0,0.0,0.0,0.0
2025-02-19,184.07000732421875,185.4600067138672,183.58999633789065,185.2700042724609,19549400,0.0,0.0,0.0,0.0,0.0,0.0
2025-02-20,184.8000030517578,185.30999755859372,182.72000122070312,184.55999755859372,20441500,0.0,0.0,0.0,0.0,0.0,0.0
2025-02-21,185.1499938964844,185.33999633789065,179.0800018310547,179.66000366210938,35199200,0.0,0.0,0.0,0.0,0.0,0.0
2025-02-24,181.9900054931641,183.1199951171875,178.88999938964844,179.25,29854200,0.0,0.0,0.0,0.0,0.0,0.0
2025-02-25,178.0399932861328,178.74000549316406,174.69000244140625,175.4199981689453,41913400,0.0,0.0,0.0,0.0,0.0,0.0
2025-02-26,175.07000732421875,176.0800018310547,171.5800018310547,172.72999572753906,35431300,0.0,0.0,0.0,0.0,0.0,0.0
2025-02-27,173.99000549316406,174.55999755859375,167.94000244140625,168.5,39991000,0.0,0.0,0.0,0.0,0.0,0.0
2025-02-28,168.67999267578125,170.61000061035156,166.77000427246094,170.27999877929688,48130600,0.0,0.0,0.0,0.0,0.0,0.0
2025-03-03,171.92999267578125,173.3699951171875,165.92999267578125,167.00999450683594,40770500,0.0,0.0,0.0,0.0,0.0,0.0
2025-03-04,166.24000549316406,173.2899932861328,165.8000030517578,170.9199981689453,45388000,0.0,0.0,0.0,0.0,0.0,0.0
2025-03-05,170.52000427246094,173.77999877929688,169.05999755859375,173.02000427246094,30954900,0.0,0.0,0.0,0.0,0.0,0.0
2025-03-06,170.52999877929688,174.80999755859375,170.5,172.35000610351562,28302000,0.0,0.0,0.0,0.0,0.0,0.0
2025-03-07,171.25999450683594,174.97000122070312,170.27000427246094,173.86000061035156,27385800,0.0,0.0,0.0,0.0,0.0,0.0
2025-03-10,168.25999450683594,168.4600067138672,163.69000244140625,165.8699951171875,43604000,0.0,0.0,0.0,0.0,0.0,0.0
2025-03-11,164.91000366210938,166.75,161.3699951171875,164.0399932861328,39587400,0.0,0.0,0.0,0.0,0.0,0.0
2025-03-12,166.5800018310547,167.63999938964844,163.52999877929688,167.11000061035156,28372400,0.0,0.0,0.0,0.0,0.0,0.0
2025-03-13,166.0399932861328,166.1300048828125,162.11000061035156,162.75999450683594,31756200,0.0,0.0,0.0,0.0,0.0,0.0
2025-03-14,163.27000427246094,166.49000549316406,162.4499969482422,165.49000549316406,31995900,0.0,0.0,0.0,0.0,0.0,0.0
2025-03-17,165.02999877929688,166.3000030517578,163.6699981689453,164.2899932861328,31184300,0.0,0.0,0.0,0.0,0.0,0.0
2025-03-18,163.67999267578125,164.25,156.72000122070312,160.6699981689453,42074800,0.0,0.0,0.0,0.0,0.0,0.0
2025-03-19,161.75999450683594,165.8699951171875,161.0,163.88999938964844,34275600,0.0,0.0,0.0,0.0,0.0,0.0
2025-03-20,161.57000732421875,164.88999938964844,160.9600067138672,162.8000030517578,28138500,0.0,0.0,0.0,0.0,0.0,0.0
2025-03-21,161.2100067138672,164.24000549316406,160.88999938964844,163.99000549316406,36625800,0.0,0.0,0.0,0.0,0.0,0.0
2025-03-24,167.07000732421875,168.32000732421875,165.13999938964844,167.67999267578125,30879100,0.0,0.0,0.0,0.0,0.0,0.0
2025-03-25,168.97999572753906,170.6300048828125,168.32000732421875,170.55999755859375,24174400,0.0,0.0,0.0,0.0,0.0,0.0
2025-03-26,169.0,169.61000061035156,164.83999633789062,165.05999755859375,28901600,0.0,0.0,0.0,0.0,0.0,0.0
2025-03-27,164.6300048828125,165.4199981689453,162.0,162.24000549316406,24508300,0.0,0.0,0.0,0.0,0.0,0.0
2025-03-28,160.49000549316406,161.82000732421875,153.6300048828125,154.3300018310547,48669300,0.0,0.0,0.0,0.0,0.0,0.0
2025-03-31,153.11000061035156,155.5399932861328,150.66000366210938,154.63999938964844,54603500,0.0,0.0,0.0,0.0,0.0,0.0
2025-04-01,153.6199951171875,158.10000610351562,153.6199951171875,157.07000732421875,30672900,0.0,0.0,0.0,0.0,0.0,0.0
2025-04-02,155.14999389648438,158.41000366210938,154.6999969482422,157.0399932861328,25041700,0.0,0.0,0.0,0.0,0.0,0.0
2025-04-03,151.11000061035156,152.77999877929688,150.38999938964844,150.72000122070312,46883400,0.0,0.0,0.0,0.0,0.0,0.0
2025-04-04,148.00999450683594,151.07000732421875,145.3800048828125,145.60000610351562,62259500,0.0,0.0,0.0,0.0,0.0,0.0
2025-04-07,141.5500030517578,152.85000610351562,140.52999877929688,146.75,76794100,0.0,0.0,0.0,0.0,0.0,0.0
2025-04-08,151.22000122070312,152.24000549316406,143.02999877929688,144.6999969482422,52200200,0.0,0.0,0.0,0.0,0.0,0.0
2025-04-09,144.4199981689453,159.5500030517578,143.91000366210938,158.7100067138672,70406200,0.0,0.0,0.0,0.0,0.0,0.0
2025-04-10,156.5399932861328,157.72000122070312,149.92999267578125,152.82000732421875,48022000,0.0,0.0,0.0,0.0,0.0,0.0
2025-04-11,152.89999389648438,157.6699981689453,152.82000732421875,157.13999938964844,33636200,0.0,0.0,0.0,0.0,0.0,0.0
2025-04-14,160.0,161.72000122070312,157.55999755859375,159.07000732421875,30333000,0.0,0.0,0.0,0.0,0.0,0.0
2025-04-15,159.1300048828125,159.64999389648438,155.2100067138672,156.30999755859375,27551500,0.0,0.0,0.0,0.0,0.0,0.0
2025-04-16,153.10000610351562,155.88999938964844,151.50999450683594,153.3300018310547,28187400,0.0,0.0,0.0,0.0,0.0,0.0
2025-04-17,154.2899932861328,154.67999267578125,148.5,151.16000366210938,33046600,0.0,0.0,0.0,0.0,0.0,0.0
2025-04-21,148.8800048828125,148.9499969482422,146.10000610351562,147.6699981689453,26049100,0.0,0.0,0.0,0.0,0.0,0.0
2025-04-22,148.88999938964844,152.19000244140625,148.5399932861328,151.47000122070312,26971800,0.0,0.0,0.0,0.0,0.0,0.0
2025-04-23,155.61000061035156,157.52999877929688,153.80999755859375,155.35000610351562,31128800,0.0,0.0,0.0,0.0,0.0,0.0
2025-04-24,156.14999389648438,159.58999633789062,155.7899932861328,159.27999877929688,45894000,0.0,0.0,0.0,0.0,0.0,0.0
2025-04-25,165.07000732421875,166.10000610351562,161.0399932861328,161.9600067138672,56034000,0.0,0.0,0.0,0.0,0.0,0.0
2025-04-28,162.42999267578125,163.14999389648438,158.60000610351562,160.61000061035156,29745800,0.0,0.0,0.0,0.0,0.0,0.0
2025-04-29,160.32000732421875,160.74000549316406,157.52000427246094,160.16000366210938,26809000,0.0,0.0,0.0,0.0,0.0,0.0
2025-04-30,157.97999572753906,159.27000427246094,155.39999389648438,158.8000030517578,34981100,0.0,0.0,0.0,0.0,0.0,0.0
2025-05-01,160.4499969482422,161.9499969482422,158.91000366210938,161.3000030517578,30203200,0.0,0.0,0.0,0.0,0.0,0.0
2025-05-02,163.41000366210938,164.97000122070312,161.8699951171875,164.02999877929688,25715000,0.0,0.0,0.0,0.0,0.0,0.0
2025-05-05,163.0,165.38999938964844,162.72000122070312,164.2100067138672,21341800,0.0,0.0,0.0,0.0,0.0,0.0
2025-05-06,162.1699981689453,164.8000030517578,161.19000244140625,163.22999572753906,21277200,0.0,0.0,0.0,0.0,0.0,0.0
2025-05-07,164.0800018310547,165.0,147.83999633789062,151.3800048828125,127490100,0.0,0.0,0.0,0.0,0.0,0.0
2025-05-08,155.0,155.92999267578125,152.89999389648438,154.27999877929688,57498700,0.0,0.0,0.0,0.0,0.0,0.0
2025-05-09,154.1699981689453,155.0500030517578,152.1999969482422,152.75,32435300,0.0,0.0,0.0,0.0,0.0,0.0
2025-05-12,157.49000549316406,159.10000610351562,156.25,158.4600067138672,44138800,0.0,0.0,0.0,0.0,0.0,0.0
2025-05-13,158.7899932861328,160.57000732421875,156.16000366210938,159.52999877929688,42382100,0.0,0.0,0.0,0.0,0.0,0.0
2025-05-14,159.9600067138672,167.0,159.61000061035156,165.3699951171875,48755900,0.0,0.0,0.0,0.0,0.0,0.0
2025-05-15,165.83999633789062,166.2100067138672,162.3699951171875,163.9600067138672,33146700,0.0,0.0,0.0,0.0,0.0,0.0
2025-05-16,167.72999572753906,169.35000610351562,165.6199951171875,166.19000244140625,42846900,0.0,0.0,0.0,0.0,0.0,0.0
2025-05-19,164.50999450683594,166.63999938964844,164.22000122070312,166.5399932861328,30426100,0.0,0.0,0.0,0.0,0.0,0.0
2025-05-20,166.42999267578125,168.5,162.89999389648438,163.97999572753906,46607700,0.0,0.0,0.0,0.0,0.0,0.0
2025-05-21,163.69000244140625,173.13999938964844,163.55999755859375,168.55999755859375,73416000,0.0,0.0,0.0,0.0,0.0,0.0
2025-05-22,171.85000610351562,176.77000427246094,170.7100067138672,170.8699951171875,74864400,0.0,0.0,0.0,0.0,0.0,0.0
2025-05-23,169.05999755859375,169.9600067138672,167.88999938964844,168.47000122070312,35211400,0.0,0.0,0.0,0.0,0.0,0.0
2025-05-27,170.16000366210938,173.1699981689453,170.0,172.89999389648438,37995700,0.0,0.0,0.0,0.0,0.0,0.0
2025-05-28,173.16000366210938,175.27000427246094,171.91000366210938,172.36000061035156,34784000,0.0,0.0,0.0,0.0,0.0,0.0
2025-05-29,174.0,174.4199981689453,170.6300048828125,171.86000061035156,29317300,0.0,0.0,0.0,0.0,0.0,0.0
2025-05-30,171.35000610351562,172.2100067138672,167.44000244140625,171.74000549316406,52639900,0.0,0.0,0.0,0.0,0.0,0.0
2025-06-02,167.83999633789062,169.8699951171875,167.38999938964844,169.02999877929688,38612300,0.0,0.0,0.0,0.0,0.0,0.0
2025-06-03,167.49000549316406,168.47999572753906,165.27999877929688,166.17999267578125,45084900,0.0,0.0,0.0,0.0,0.0,0.0
2025-06-04,166.74000549316406,168.22000122070312,166.36000061035156,168.0500030517578,26900800,0.0,0.0,0.0,0.0,0.0,0.0
2025-06-05,170.33999633789062,170.92999267578125,167.58999633789062,168.2100067138672,36379100,0.0,0.0,0.0,0.0,0.0,0.0
2025-06-06,170.8300018310547,174.5,170.8300018310547,173.67999267578125,35731800,0.0,0.0,0.0,0.0,0.0,0.0
2025-06-09,174.5399932861328,176.47000122070312,174.3699951171875,176.08999633789062,28935900,0.0,0.0,0.0,0.0,0.0,0.0
2025-06-10,176.1999969482422,181.1100006103516,174.91000366210938,178.60000610351562,61766100,0.0,0.0,0.0,0.0,0.0,0.0
2025-06-11,179.77000427246094,180.3699951171875,176.75,177.35000610351562,31646800,0.0,0.0,0.0,0.0,0.0,0.0
2025-06-12,176.17999267578125,176.72000122070312,174.75,175.6999969482422,20941900,0.0,0.0,0.0,0.0,0.0,0.0
2025-06-13,172.44000244140625,177.1300048828125,172.38999938964844,174.6699981689453,27663100,0.0,0.0,0.0,0.0,0.0,0.0
2025-06-16,174.72999572753906,176.94000244140625,174.64999389648438,176.77000427246094,27389200,0.0,0.0,0.0,0.0,0.0,0.0
2025-06-17,175.6999969482422,177.36000061035156,174.5800018310547,175.9499969482422,24973000,0.0,0.0,0.0,0.0,0.0,0.0
2025-06-18,176.00999450683594,176.55999755859375,173.1999969482422,173.32000732421875,28707500,0.0,0.0,0.0,0.0,0.0,0.0
2025-06-20,173.9499969482422,174.33999633789062,165.4600067138672,166.63999938964844,75659900,0.0,0.0,0.0,0.0,0.0,0.0
2025-06-23,166.27000427246094,167.33999633789062,162.0,165.19000244140625,57671000,0.0,0.0,0.0,0.0,0.0,0.0
2025-06-24,166.9199981689453,168.22000122070312,166.1300048828125,166.77000427246094,40524300,0.0,0.0,0.0,0.0,0.0,0.0
2025-06-25,167.6300048828125,172.36000061035156,167.5500030517578,170.67999267578125,35479000,0.0,0.0,0.0,0.0,0.0,0.0
2025-06-26,172.42999267578125,173.69000244140625,169.94000244140625,173.5399932861328,31796700,0.0,0.0,0.0,0.0,0.0,0.0
2025-06-27,173.5399932861328,178.67999267578125,171.72999572753906,178.52999877929688,108140200,0.0,0.0,0.0,0.0,0.0,0.0
2025-06-30,180.77999877929688,181.22999572753903,174.5800018310547,176.22999572753906,63378900,0.0,0.0,0.0,0.0,0.0,0.0
2025-07-01,175.74000549316406,176.08999633789062,173.52999877929688,175.83999633789062,35904500,0.0,0.0,0.0,0.0,0.0,0.0
2025-07-02,175.5399932861328,178.86000061035156,175.07000732421875,178.63999938964844,29128900,0.0,0.0,0.0,0.0,0.0,0.0
2025-07-03,178.5,179.6699981689453,177.0500030517578,179.52999877929688,21689700,0.0,0.0,0.0,0.0,0.0,0.0
2025-07-07,179.05999755859375,179.3000030517578,175.67999267578125,176.7899932861328,34175600,0.0,0.0,0.0,0.0,0.0,0.0
2025-07-08,177.85000610351562,177.9499969482422,172.80999755859375,174.36000061035156,40442500,0.0,0.0,0.0,0.0,0.0,0.0
2025-07-09,175.25,179.44000244140625,172.77000427246094,176.6199951171875,43025600,0.0,0.0,0.0,0.0,0.0,0.0
2025-07-10,175.6300048828125,178.42999267578125,174.3800048828125,177.6199951171875,29252400,0.0,0.0,0.0,0.0,0.0,0.0
2025-07-11,176.7899932861328,181.42999267578125,176.47999572753906,180.19000244140625,34282900,0.0,0.0,0.0,0.0,0.0,0.0
2025-07-14,181.00999450683597,183.6699981689453,179.67999267578125,181.55999755859372,32536600,0.0,0.0,0.0,0.0,0.0,0.0
2025-07-15,182.80999755859372,184.22000122070312,181.6000061035156,182.0,33448300,0.0,0.0,0.0,0.0,0.0,0.0
2025-07-16,183.2400054931641,184.3300018310547,182.02999877929688,182.97000122070312,33104200,0.0,0.0,0.0,0.0,0.0,0.0
2025-07-17,182.13999938964844,184.05999755859372,180.47999572753903,183.5800018310547,31992600,0.0,0.0,0.0,0.0,0.0,0.0
2025-07-18,185.3999938964844,186.4199981689453,183.7100067138672,185.05999755859372,34014500,0.0,0.0,0.0,0.0,0.0,0.0
2025-07-21,186.25,190.2899932861328,186.1499938964844,190.1000061035156,45803100,0.0,0.0,0.0,0.0,0.0,0.0
2025-07-22,191.5,191.6499938964844,187.4600067138672,191.33999633789065,44660200,0.0,0.0,0.0,0.0,0.0,0.0
2025-07-23,191.5,192.52999877929688,189.17999267578125,190.22999572753903,58681900,0.0,0.0,0.0,0.0,0.0,0.0
2025-07-24,197.02999877929688,197.9499969482422,191.0,192.1699981689453,74881700,0.0,0.0,0.0,0.0,0.0,0.0
2025-07-25,191.97999572753903,194.3300018310547,191.25999450683597,193.17999267578125,39785900,0.0,0.0,0.0,0.0,0.0,0.0
2025-07-28,193.6499938964844,194.0500030517578,190.83999633789065,192.5800018310547,38139500,0.0,0.0,0.0,0.0,0.0,0.0
2025-07-29,192.42999267578125,195.9199981689453,192.0800018310547,195.75,41389200,0.0,0.0,0.0,0.0,0.0,0.0
2025-07-30,195.6000061035156,197.6000061035156,194.69000244140625,196.52999877929688,32445400,0.0,0.0,0.0,0.0,0.0,0.0
2025-07-31,195.7100067138672,195.9900054931641,191.08999633789065,191.8999938964844,51329200,0.0,0.0,0.0,0.0,0.0,0.0
2025-08-01,189.02999877929688,190.8300018310547,187.82000732421875,189.1300048828125,34832200,0.0,0.0,0.0,0.0,0.0,0.0
2025-08-04,190.2899932861328,195.2700042724609,190.1199951171875,195.0399932861328,31547400,0.0,0.0,0.0,0.0,0.0,0.0
2025-08-05,194.7100067138672,197.8600006103516,193.88999938964844,194.6699981689453,31602300,0.0,0.0,0.0,0.0,0.0,0.0
2025-08-06,194.5,196.6300048828125,193.6699981689453,196.08999633789065,21562900,0.0,0.0,0.0,0.0,0.0,0.0
2025-08-07,197.05999755859372,197.5399932861328,194.3300018310547,196.5200042724609,26321800,0.0,0.0,0.0,0.0,0.0,0.0
2025-08-08,197.22000122070312,202.6100006103516,197.1699981689453,201.4199981689453,39161800,0.0,0.0,0.0,0.0,0.0,0.0
2025-08-11,200.94000244140625,201.47999572753903,199.07000732421875,201.0,25832400,0.0,0.0,0.0,0.0,0.0,0.0
2025-08-12,201.3699951171875,204.5,200.58999633789065,203.33999633789065,30397900,0.0,0.0,0.0,0.0,0.0,0.0
2025-08-13,204.1300048828125,204.52999877929688,197.50999450683597,201.9600067138672,28342900,0.0,0.0,0.0,0.0,0.0,0.0
2025-08-14,201.5,204.44000244140625,201.22999572753903,202.94000244140625,25230400,0.0,0.0,0.0,0.0,0.0,0.0
2025-08-15,203.8500061035156,206.44000244140625,201.27999877929688,203.8999938964844,34931400,0.0,0.0,0.0,0.0,0.0,0.0
2025-08-18,204.1999969482422,205.2700042724609,202.4900054931641,203.5,18526600,0.0,0.0,0.0,0.0,0.0,0.0
2025-08-19,203.02999877929688,203.44000244140625,199.9600067138672,201.57000732421875,24240200,0.0,0.0,0.0,0.0,0.0,0.0
2025-08-20,200.72999572753903,201.27999877929688,196.6000061035156,199.32000732421875,28955500,0.0,0.0,0.0,0.0,0.0,0.0
2025-08-21,199.75,202.47999572753903,199.42999267578125,199.75,19774600,0.0,0.0,0.0,0.0,0.0,0.0
2025-08-22,202.72999572753903,208.5399932861328,201.3000030517578,206.08999633789065,42827000,0.0,0.0,0.0,0.0,0.0,0.0
2025-08-25,206.42999267578125,210.5200042724609,205.27999877929688,208.4900054931641,29928900,0.0,0.0,0.0,0.0,0.0,0.0
2025-08-26,207.50999450683597,207.8500061035156,205.6999969482422,207.13999938964844,28464100,0.0,0.0,0.0,0.0,0.0,0.0
2025-08-27,205.6999969482422,208.91000366210935,205.6499938964844,207.47999572753903,23022900,0.0,0.0,0.0,0.0,0.0,0.0
2025-08-28,207.25,212.22000122070312,206.8999938964844,211.63999938964844,32339300,0.0,0.0,0.0,0.0,0.0,0.0
2025-08-29,210.50999450683597,214.6499938964844,210.1999969482422,212.91000366210935,39728400,0.0,0.0,0.0,0.0,0.0,0.0
2025-09-02,208.44000244140625,211.67999267578125,206.1999969482422,211.3500061035156,47523000,0.0,0.0,0.0,0.0,0.0,0.0
2025-09-03,226.2100067138672,231.30999755859372,224.7899932861328,230.66000366210935,103336100,0.0,0.0,0.0,0.0,0.0,0.0
2025-09-04,229.6499938964844,232.3699951171875,226.1100006103516,232.3000030517578,51684200,0.0,0.0,0.0,0.0,0.0,0.0
2025-09-05,232.1999969482422,235.75999450683597,231.8999938964844,235.0,46588900,0.0,0.0,0.0,0.0,0.0,0.0
2025-09-08,235.47000122070312,238.1300048828125,233.6699981689453,234.0399932861328,32474700,0.0,0.0,0.0,0.0,0.0,0.0
2025-09-09,234.1699981689453,240.47000122070312,233.22999572753903,239.6300048828125,38061000,0.0,0.0,0.0,0.0,0.0,0.0
2025-09-10,238.8999938964844,241.66000366210935,237.8500061035156,239.1699981689453,35141100,0.0,0.0,0.0,0.0,0.0,0.0
2025-09-11,239.8800048828125,242.25,236.25,240.3699951171875,30599300,0.0,0.0,0.0,0.0,0.0,0.0
2025-09-12,240.3699951171875,242.0800018310547,238.0,240.8000030517578,26771600,0.0,0.0,0.0,0.0,0.0,0.0
2025-09-15,244.66000366210935,252.41000366210935,244.66000366210935,251.6100006103516,58383800,0.0,0.0,0.0,0.0,0.0,0.0
2025-09-16,252.0800018310547,253.0399932861328,249.47000122070312,251.16000366210935,34109700,0.0,0.0,0.0,0.0,0.0,0.0
2025-09-17,251.22000122070312,251.6000061035156,246.27999877929688,249.52999877929688,34108000,0.0,0.0,0.0,0.0,0.0,0.0
2025-09-18,251.67999267578125,253.9900054931641,249.8000030517578,252.02999877929688,31239500,0.0,0.0,0.0,0.0,0.0,0.0
2025-09-19,253.25,256.0,251.80999755859372,254.72000122070312,55571400,0.0,0.0,0.0,0.0,0.0,0.0
2025-09-22,254.42999267578125,255.77999877929688,250.3000030517578,252.52999877929688,32290500,0.0,0.0,0.0,0.0,0.0,0.0
2025-09-23,253.0399932861328,254.3600006103516,250.47999572753903,251.66000366210935,26628000,0.0,0.0,0.0,0.0,0.0,0.0
2025-09-24,251.66000366210935,252.3500061035156,246.44000244140625,247.13999938964844,28201000,0.0,0.0,0.0,0.0,0.0,0.0
2025-09-25,244.3999938964844,246.4900054931641,240.7400054931641,245.7899932861328,31020400,0.0,0.0,0.0,0.0,0.0,0.0
2025-09-26,247.07000732421875,249.4199981689453,245.97000122070312,246.5399932861328,18503200,0.0,0.0,0.0,0.0,0.0,0.0
2025-09-29,247.8500061035156,251.1499938964844,242.7700042724609,244.0500030517578,32505800,0.0,0.0,0.0,0.0,0.0,0.0
2025-09-30,242.80999755859372,243.2899932861328,239.25,243.1000061035156,34724300,0.0,0.0,0.0,0.0,0.0,0.0
2025-10-01,240.75,246.3000030517578,238.6100006103516,244.8999938964844,31658200,0.0,0.0,0.0,0.0,0.0,0.0
2025-10-02,245.1499938964844,246.80999755859372,242.3000030517578,245.69000244140625,25483300,0.0,0.0,0.0,0.0,0.0,0.0
2025-10-03,244.4900054931641,246.3000030517578,241.66000366210935,245.3500061035156,30249600,0.0,0.0,0.0,0.0,0.0,0.0
2025-10-06,244.77999877929688,251.32000732421875,244.5800018310547,250.42999267578125,28894700,0.0,0.0,0.0,0.0,0.0,0.0
2025-10-07,248.2700042724609,250.44000244140625,245.5200042724609,245.75999450683597,23181300,0.0,0.0,0.0,0.0,0.0,0.0
2025-10-08,244.9600067138672,246.00999450683597,243.82000732421875,244.6199951171875,21307100,0.0,0.0,0.0,0.0,0.0,0.0
2025-10-09,244.47000122070312,244.75999450683597,239.1499938964844,241.52999877929688,27892100,0.0,0.0,0.0,0.0,0.0,0.0
2025-10-10,241.42999267578125,244.08999633789065,235.83999633789065,236.57000732421875,33180300,0.0,0.0,0.0,0.0,0.0,0.0
2025-10-13,240.2100067138672,244.5,239.7100067138672,244.1499938964844,24995000,0.0,0.0,0.0,0.0,0.0,0.0
2025-10-14,241.22999572753903,247.1199951171875,240.50999450683597,245.4499969482422,22111600,0.0,0.0,0.0,0.0,0.0,0.0
2025-10-15,247.25,252.1100006103516,245.9900054931641,251.02999877929688,27007700,0.0,0.0,0.0,0.0,0.0,0.0
2025-10-16,251.7700042724609,256.9599914550781,250.1000061035156,251.4600067138672,27997200,0.0,0.0,0.0,0.0,0.0,0.0
2025-10-17,250.75999450683597,254.22000122070312,247.80999755859372,253.3000030517578,29671600,0.0,0.0,0.0,0.0,0.0,0.0
2025-10-20,254.69000244140625,257.3299865722656,254.22999572753903,256.54998779296875,22350200,0.0,0.0,0.0,0.0,0.0,0.0
2025-10-21,254.7400054931641,254.8800048828125,244.1499938964844,250.4600067138672,47312100,0.0,0.0,0.0,0.0,0.0,0.0
2025-10-22,254.3699951171875,256.3599853515625,249.2899932861328,251.69000244140625,35029400,0.0,0.0,0.0,0.0,0.0,0.0
2025-10-23,252.97999572753903,255.0399932861328,251.8500061035156,253.0800018310547,19901400,0.0,0.0,0.0,0.0,0.0,0.0
2025-10-24,256.5799865722656,261.67999267578125,255.32000732421875,259.9200134277344,28655100,0.0,0.0,0.0,0.0,0.0,0.0
2025-10-27,264.82000732421875,270.1400146484375,264.2799987792969,269.2699890136719,35235200,0.0,0.0,0.0,0.0,0.0,0.0
2025-10-28,269.69000244140625,270.7300109863281,266.5,267.4700012207031,29738600,0.0,0.0,0.0,0.0,0.0,0.0
2025-10-29,267.75,275.3399963378906,267.6700134277344,274.57000732421875,43580300,0.0,0.0,0.0,0.0,0.0,0.0
2025-10-30,291.5899963378906,291.5899963378906,280.0599975585937,281.4800109863281,74876000,0.0,0.0,0.0,0.0,0.0,0.0
2025-10-31,283.2099914550781,286.0,277.0299987792969,281.19000244140625,39267900,0.0,0.0,0.0,0.0,0.0,0.0
2025-11-03,282.17999267578125,285.5299987792969,279.79998779296875,283.7200012207031,29786000,0.0,0.0,0.0,0.0,0.0,0.0
2025-11-04,276.75,281.2699890136719,276.260009765625,277.5400085449219,30078400,0.0,0.0,0.0,0.0,0.0,0.0
2025-11-05,278.8699951171875,286.4200134277344,277.3399963378906,284.3099975585937,31010300,0.0,0.0,0.0,0.0,0.0,0.0
2025-11-06,285.3299865722656,288.3500061035156,281.1400146484375,284.75,37173600,0.0,0.0,0.0,0.0,0.0,0.0
2025-11-07,283.2099914550781,283.7799987792969,275.19000244140625,278.8299865722656,34479600,0.0,0.0,0.0,0.0,0.0,0.0
2025-11-10,284.4200134277344,290.79998779296875,282.8599853515625,290.1000061035156,29557300,0.0,0.0,0.0,0.0,0.0,0.0
2025-11-11,287.75,291.9200134277344,287.32000732421875,291.3099975585937,19842100,0.0,0.0,0.0,0.0,0.0,0.0
2025-11-12,291.67999267578125,292.010009765625,283.69000244140625,286.7099914550781,24829900,0.0,0.0,0.0,0.0,0.0,0.0
2025-11-13,282.3399963378906,282.8399963378906,277.239990234375,278.57000732421875,29494000,0.0,0.0,0.0,0.0,0.0,0.0
2025-11-14,271.4100036621094,278.5599975585937,270.70001220703125,276.4100036621094,31647200,0.0,0.0,0.0,0.0,0.0,0.0
2025-11-17,285.7799987792969,293.95001220703125,283.57000732421875,285.0199890136719,52670200,0.0,0.0,0.0,0.0,0.0,0.0
2025-11-18,287.9200134277344,288.79998779296875,278.20001220703125,284.2799987792969,49158700,0.0,0.0,0.0,0.0,0.0,0.0
2025-11-19,287.1600036621094,303.8099975585937,286.6300048828125,292.8099975585937,68198900,0.0,0.0,0.0,0.0,0.0,0.0
2025-11-20,304.5400085449219,306.4200134277344,288.6700134277344,289.45001220703125,62025200,0.0,0.0,0.0,0.0,0.0,0.0
2025-11-21,296.4200134277344,303.9200134277344,293.8500061035156,299.6600036621094,74137700,0.0,0.0,0.0,0.0,0.0,0.0
2025-11-24,311.1300048828125,319.4800109863281,309.6000061035156,318.5799865722656,85165100,0.0,0.0,0.0,0.0,0.0,0.0
2025-11-25,326.2099914550781,328.8299865722656,317.6499938964844,323.44000244140625,88632100,0.0,0.0,0.0,0.0,0.0,0.0
2025-11-26,320.67999267578125,324.5,316.7900085449219,319.95001220703125,51373400,0.0,0.0,0.0,0.0,0.0,0.0
2025-11-28,323.3699951171875,326.8500061035156,316.7900085449219,320.17999267578125,26018600,0.0,0.0,0.0,0.0,0.0,0.0
2025-12-01,317.70001220703125,319.8500061035156,313.8900146484375,314.8900146484375,41183000,0.0,0.0,0.0,0.0,0.0,0.0
2025-12-02,316.739990234375,318.3800048828125,313.9100036621094,315.8099975585937,35854700,0.0,0.0,0.0,0.0,0.0,0.0
2025-12-03,315.8900146484375,321.5799865722656,314.1000061035156,319.6300048828125,41838300,0.0,0.0,0.0,0.0,0.0,0.0
2025-12-04,322.2300109863281,322.3599853515625,314.70001220703125,317.6199951171875,31240900,0.0,0.0,0.0,0.0,0.0,0.0
2025-12-05,319.489990234375,323.1600036621094,319.1700134277344,321.2699890136719,28851700,0.0,0.0,0.0,0.0,0.0,0.0
2025-12-08,320.04998779296875,320.44000244140625,311.2200012207031,313.7200012207031,33909400,0.0,0.0,0.0,0.0,0.0,0.0
2025-12-09,312.3699951171875,317.989990234375,311.8999938964844,317.0799865722656,30194000,0.0,0.0,0.0,0.0,0.0,0.0
2025-12-10,315.8299865722656,321.3099975585937,314.67999267578125,320.2099914550781,33428900,0.0,0.0,0.0,0.0,0.0,0.0
2025-12-11,320.0799865722656,321.1199951171875,308.6000061035156,312.42999267578125,42353700,0.0,0.0,0.0,0.0,0.0,0.0
2025-12-12,313.70001220703125,314.8699951171875,305.5599975585937,309.2900085449219,35940200,0.0,0.0,0.0,0.0,0.0,0.0
2025-12-15,311.32000732421875,311.4200134277344,304.8800048828125,308.2200012207031,29151900,0.0,0.0,0.0,0.0,0.0,0.0
2025-12-16,304.95001220703125,310.7699890136719,302.5899963378906,306.57000732421875,30585000,0.0,0.0,0.0,0.0,0.0,0.0
2025-12-17,308.010009765625,308.0899963378906,296.1199951171875,296.7200012207031,43930400,0.0,0.0,0.0,0.0,0.0,0.0
2025-12-18,301.7200012207031,303.9599914550781,299.2300109863281,302.4599914550781,33518000,0.0,0.0,0.0,0.0,0.0,0.0
2025-12-19,301.7300109863281,307.25,300.9700012207031,307.1600036621094,59943200,0.0,0.0,0.0,0.0,0.0,0.0
2025-12-22,309.8800048828125,310.1300048828125,305.29998779296875,309.7799987792969,26429900,0.0,0.0,0.0,0.0,0.0,0.0
2025-12-23,309.6300048828125,314.94000244140625,309.32000732421875,314.3500061035156,25478700,0.0,0.0,0.0,0.0,0.0,0.0
2025-12-24,314.7699890136719,315.0799865722656,311.9200134277344,314.0899963378906,10097400,0.0,0.0,0.0,0.0,0.0,0.0
2025-12-26,314.4800109863281,315.0899963378906,312.2799987792969,313.510009765625,10899000,0.0,0.0,0.0,0.0,0.0,0.0
2025-12-29,311.3699951171875,314.0199890136719,310.6199951171875,313.5599975585937,19621800,0.0,0.0,0.0,0.0,0.0,0.0
2025-12-30,312.5,316.95001220703125,312.4599914550781,313.8500061035156,17380900,0.0,0.0,0.0,0.0,0.0,0.0
2025-12-31,312.8500061035156,314.5799865722656,311.44000244140625,313.0,16377700,0.0,0.0,0.0,0.0,0.0,0.0
2026-01-02,316.8999938964844,322.5,310.3299865722656,315.1499938964844,32009400,0.0,0.0,0.0,0.0,0.0,0.0
2026-01-05,317.6600036621094,319.0199890136719,314.6300048828125,316.5400085449219,30195600,0.0,0.0,0.0,0.0,0.0,0.0
2026-01-06,316.3999938964844,320.94000244140625,311.7799987792969,314.3399963378906,31212100,0.0,0.0,0.0,0.0,0.0,0.0
2026-01-07,314.3599853515625,326.1499938964844,314.19000244140625,321.9800109863281,35104400,0.0,0.0,0.0,0.0,0.0,0.0
2026-01-08,328.9700012207031,330.32000732421875,321.5,325.44000244140625,31896100,0.0,0.0,0.0,0.0,0.0,0.0
2026-01-09,327.0899963378906,330.8299865722656,325.79998779296875,328.57000732421875,26214200,0.0,0.0,0.0,0.0,0.0,0.0
2026-01-12,325.79998779296875,334.0400085449219,325.0,331.8599853515625,33923900,0.0,0.0,0.0,0.0,0.0,0.0
2026-01-13,334.95001220703125,340.489990234375,333.6199951171875,335.9700012207031,33517600,0.0,0.0,0.0,0.0,0.0,0.0
2026-01-14,335.0599975585937,336.5199890136719,330.4800109863281,335.8399963378906,28525600,0.0,0.0,0.0,0.0,0.0,0.0
2026-01-15,337.6499938964844,337.69000244140625,330.739990234375,332.7799987792969,28442400,0.0,0.0,0.0,0.0,0.0,0.0
2026-01-16,334.4100036621094,334.6499938964844,327.70001220703125,330.0,40341600,0.0,0.0,0.0,0.0,0.0,0.0
2026-01-20,320.8699951171875,327.7300109863281,320.42999267578125,322.0,35361000,0.0,0.0,0.0,0.0,0.0,0.0
2026-01-21,320.9200134277344,332.4800109863281,319.3500061035156,328.3800048828125,35386600,0.0,0.0,0.0,0.0,0.0,0.0
2026-01-22,334.45001220703125,335.1499938964844,328.75,330.5400085449219,26253600,0.0,0.0,0.0,0.0,0.0,0.0
2026-01-23,332.489990234375,333.69000244140625,327.45001220703125,327.92999267578125,27280000,0.0,0.0,0.0,0.0,0.0,0.0
2026-01-26,327.8099975585937,335.8399963378906,327.0,333.260009765625,26042100,0.0,0.0,0.0,0.0,0.0,0.0
2026-01-27,335.3699951171875,337.9100036621094,333.4800109863281,334.54998779296875,21636200,0.0,0.0,0.0,0.0,0.0,0.0
2026-01-28,336.0599975585937,337.5400085449219,331.94000244140625,336.010009765625,27434400,0.0,0.0,0.0,0.0,0.0,0.0
2026-01-29,340.29998779296875,342.2900085449219,326.5400085449219,338.25,39785600,0.0,0.0,0.0,0.0,0.0,0.0
2026-01-30,340.0,340.0,332.2900085449219,338.0,31024000,0.0,0.0,0.0,0.0,0.0,0.0
2026-02-02,336.2200012207031,344.8299865722656,335.6300048828125,343.69000244140625,32006100,0.0,0.0,0.0,0.0,0.0,0.0
2026-02-03,347.3399963378906,349.0,337.4700012207031,339.7099914550781,36506700,0.0,0.0,0.0,0.0,0.0,0.0
2026-02-04,342.9599914550781,343.3099975585937,328.5199890136719,333.0400085449219,70618400,0.0,0.0,0.0,0.0,0.0,0.0
2026-02-05,312.2200012207031,332.69000244140625,306.4599914550781,331.25,88205800,0.0,0.0,0.0,0.0,0.0,0.0
2026-02-06,327.17999267578125,330.3800048828125,319.9200134277344,322.8599853515625,56380500,0.0,0.0,0.0,0.0,0.0,0.0
2026-02-09,320.92999267578125,327.70001220703125,317.260009765625,324.32000732421875,39640100,0.0,0.0,0.0,0.0,0.0,0.0
2026-02-10,320.9700012207031,321.6700134277344,314.6099853515625,318.5799865722656,39170000,0.0,0.0,0.0,0.0,0.0,0.0
2026-02-11,318.9700012207031,321.0599975585937,309.6600036621094,310.9599914550781,45406400,0.0,0.0,0.0,0.0,0.0,0.0
2026-02-12,312.0899963378906,316.239990234375,307.20001220703125,309.0,47761300,0.0,0.0,0.0,0.0,0.0,0.0
2026-02-13,307.7300109863281,308.6300048828125,303.7099914550781,305.7200012207031,38499700,0.0,0.0,0.0,0.0,0.0,0.0
2026-02-17,300.0400085449219,304.44000244140625,296.25,302.0199890136719,39247600,0.0,0.0,0.0,0.0,0.0,0.0
2026-02-18,302.0899963378906,305.3800048828125,301.25,303.3299865722656,28482100,0.0,0.0,0.0,0.0,0.0,0.0
2026-02-19,301.82000732421875,305.4700012207031,300.0400085449219,302.8500061035156,25834400,0.0,0.0,0.0,0.0,0.0,0.0
2026-02-20,304.32000732421875,316.5,303.8999938964844,314.9800109863281,53210800,0.0,0.0,0.0,0.0,0.0,0.0
2026-02-23,319.04998779296875,319.5199890136719,309.8699951171875,311.489990234375,31423000,0.0,0.0,0.0,0.0,0.0,0.0
2026-02-24,310.5199890136719,312.2699890136719,305.92999267578125,310.8999938964844,25615600,0.0,0.0,0.0,0.0,0.0,0.0
2026-02-25,312.0599975585937,313.6400146484375,309.44000244140625,312.8999938964844,29963600,0.0,0.0,0.0,0.0,0.0,0.0
2026-02-26,312.6400146484375,313.1400146484375,302.3500061035156,307.3800048828125,36431200,0.0,0.0,0.0,0.0,0.0,0.0
2026-02-27,304.1400146484375,312.3699951171875,303.79998779296875,311.760009765625,44640600,0.0,0.0,0.0,0.0,0.0,0.0
2026-03-02,303.2300109863281,308.489990234375,301.29998779296875,306.5199890136719,34790200,0.0,0.0,0.0,0.0,0.0,0.0
2026-03-03,298.5899963378906,303.94000244140625,296.7099914550781,303.5799865722656,35497000,0.0,0.0,0.0,0.0,0.0,0.0
2026-03-04,302.8900146484375,305.4700012207031,300.75,303.1300048828125,29536200,0.0,0.0,0.0,0.0,0.0,0.0
2026-03-05,303.0400085449219,303.29998779296875,297.989990234375,300.8800048828125,35752300,0.0,0.0,0.0,0.0,0.0,0.0
2026-03-06,296.0899963378906,300.5299987792969,295.17999267578125,298.5199890136719,25576900,0.0,0.0,0.0,0.0,0.0,0.0
2026-03-09,294.3599853515625,306.79998779296875,294.0799865722656,306.3599853515625,29312100,0.0,0.0,0.0,0.0,0.0,0.0
2026-03-10,306.1700134277344,309.510009765625,305.57000732421875,307.0400085449219,23239700,0.0,0.0,0.0,0.0,0.0,0.0
2026-03-11,306.75,311.4200134277344,305.9200134277344,308.70001220703125,24125700,0.0,0.0,0.0,0.0,0.0,0.0
2026-03-12,306.82000732421875,308.94000244140625,301.0299987792969,303.54998779296875,24928300,0.0,0.0,0.0,0.0,0.0,0.0
2026-03-13,307.010009765625,307.69000244140625,300.44000244140625,302.2799987792969,23693100,0.0,0.0,0.0,0.0,0.0,0.0
2026-03-16,304.3500061035156,306.489990234375,303.0199890136719,305.5599975585937,23519700,0.0,0.0,0.0,0.0,0.0,0.0
2026-03-17,305.8599853515625,311.4200134277344,305.5,310.9200134277344,21955200,0.0,0.0,0.0,0.0,0.0,0.0
2026-03-18,309.2699890136719,312.4700012207031,306.92999267578125,307.69000244140625,20009800,0.0,0.0,0.0,0.0,0.0,0.0
2026-03-19,304.010009765625,308.0599975585937,302.3500061035156,307.1300048828125,25075800,0.0,0.0,0.0,0.0,0.0,0.0
2026-03-20,305.4599914550781,306.0,298.2699890136719,301.0,44364100,0.0,0.0,0.0,0.0,0.0,0.0
2026-03-23,302.1099853515625,305.9800109863281,300.92999267578125,302.0599975585937,29326900,0.0,0.0,0.0,0.0,0.0,0.0
2026-03-24,299.20001220703125,299.9200134277344,290.3299865722656,290.44000244140625,36864300,0.0,0.0,0.0,0.0,0.0,0.0
2026-03-25,293.44000244140625,296.0,289.239990234375,290.92999267578125,29460700,0.0,0.0,0.0,0.0,0.0,0.0
2026-03-26,287.9100036621094,287.95001220703125,278.5,280.9200134277344,39080600,0.0,0.0,0.0,0.0,0.0,0.0
2026-03-27,277.2799987792969,279.3699951171875,273.95001220703125,274.3399963378906,35890600,0.0,0.0,0.0,0.0,0.0,0.0
2026-03-30,276.4200134277344,277.0899963378906,272.1099853515625,273.5,35141200,0.0,0.0,0.0,0.0,0.0,0.0
2026-03-31,278.0400085449219,288.0799865722656,277.0899963378906,287.5599975585937,43875400,0.0,0.0,0.0,0.0,0.0,0.0
2026-04-01,290.8399963378906,300.5199890136719,290.4100036621094,297.3900146484375,37684500,0.0,0.0,0.0,0.0,0.0,0.0
2026-04-02,290.69000244140625,298.0799865722656,289.45001220703125,295.7699890136719,21666500,0.0,0.0,0.0,0.0,0.0,0.0
2026-04-06,295.8699951171875,300.6199951171875,295.17999267578125,299.989990234375,16945500,0.0,0.0,0.0,0.0,0.0,0.0
2026-04-07,302.7300109863281,305.6300048828125,297.7200012207031,305.4599914550781,23205400,0.0,0.0,0.0,0.0,0.0,0.0
2026-04-08,320.45001220703125,322.0799865722656,315.0199890136719,317.32000732421875,33547100,0.0,0.0,0.0,0.0,0.0,0.0
2026-04-09,315.9100036621094,319.5400085449219,311.0599975585937,318.489990234375,23739200,0.0,0.0,0.0,0.0,0.0,0.0
2026-04-10,320.0199890136719,321.8299865722656,316.32000732421875,317.239990234375,19152600,0.0,0.0,0.0,0.0,0.0,0.0
2026-04-13,317.1400146484375,321.6300048828125,315.4700012207031,321.3099975585937,18866400,0.0,0.0,0.0,0.0,0.0,0.0
2026-04-14,324.7900085449219,333.2900085449219,323.75,332.9100036621094,27721400,0.0,0.0,0.0,0.0,0.0,0.0
2026-04-15,332.8900146484375,337.4800109863281,330.8999938964844,337.1199951171875,24918800,0.0,0.0,0.0,0.0,0.0,0.0
2026-04-16,338.75,339.8800048828125,334.5199890136719,336.0199890136719,20541500,0.0,0.0,0.0,0.0,0.0,0.0
2026-04-17,337.6499938964844,342.32000732421875,336.239990234375,341.67999267578125,25581900,0.0,0.0,0.0,0.0,0.0,0.0
2026-04-20,340.760009765625,341.3999938964844,336.6099853515625,337.4200134277344,18784200,0.0,0.0,0.0,0.0,0.0,0.0
2026-04-21,337.69000244140625,339.3399963378906,331.3500061035156,332.2900085449219,23123800,0.0,0.0,0.0,0.0,0.0,0.0
2026-04-22,337.0199890136719,339.82000732421875,335.1700134277344,339.32000732421875,20293000,0.0,0.0,0.0,0.0,0.0,0.0
2026-04-23,341.17999267578125,341.9599914550781,336.17999267578125,338.8900146484375,18650300,0.0,0.0,0.0,0.0,0.0,0.0
2026-04-24,338.7300109863281,345.2699890136719,335.3900146484375,344.3999938964844,26426100,0.0,0.0,0.0,0.0,0.0,0.0
2026-04-27,345.9800109863281,353.17999267578125,342.7300109863281,350.3399963378906,28576900,0.0,0.0,0.0,0.0,0.0,0.0
2026-04-28,348.54998779296875,352.4200134277344,346.1199951171875,349.7799987792969,27824100,0.0,0.0,0.0,0.0,0.0,0.0
2026-04-29,347.57000732421875,355.7900085449219,344.2099914550781,349.94000244140625,35376300,0.0,0.0,0.0,0.0,0.0,0.0
2026-04-30,374.0700073242188,385.8399963378906,365.8200073242188,384.7999877929688,72040000,0.0,0.0,0.0,0.0,0.0,0.0
2026-05-01,381.6300048828125,386.760009765625,379.0499877929688,385.6900024414063,30105200,0.0,0.0,0.0,0.0,0.0,0.0
2026-05-04,385.6300048828125,387.3800048828125,379.7900085449219,383.25,26298600,0.0,0.0,0.0,0.0,0.0,0.0
2026-05-05,386.2300109863281,392.8200073242188,384.0199890136719,388.4299926757813,23878600,0.0,0.0,0.0,0.0,0.0,0.0
2026-05-06,394.25,399.8500061035156,392.760009765625,398.0400085449219,31308500,0.0,0.0,0.0,0.0,0.0,0.0
2026-05-07,399.9200134277344,400.1000061035156,392.6799926757813,397.989990234375,24433500,0.0,0.0,0.0,0.0,0.0,0.0
2026-05-08,397.0,402.0,396.3599853515625,400.7999877929688,21461800,0.0,0.0,0.0,0.0,0.0,0.0
2026-05-11,393.6499938964844,397.4400024414063,388.4700012207031,388.6400146484375,30753700,0.0,0.0,0.0,0.0,0.0,0.0
2026-05-12,387.3399963378906,388.5199890136719,382.7699890136719,387.3500061035156,26017500,0.0,0.0,0.0,0.0,0.0,0.0
2026-05-13,385.6000061035156,403.7000122070313,385.0,402.6199951171875,28144600,0.0,0.0,0.0,0.0,0.0,0.0
2026-05-14,397.2799987792969,402.9299926757813,395.8399963378906,401.0700073242188,21136700,0.0,0.0,0.0,0.0,0.0,0.0
2026-05-15,396.3200073242188,399.5400085449219,393.1799926757813,396.7799987792969,20309700,0.0,0.0,0.0,0.0,0.0,0.0
2026-05-18,395.6900024414063,408.6099853515625,394.5299987792969,396.9400024414063,26837200,0.0,0.0,0.0,0.0,0.0,0.0
2026-05-19,396.9599914550781,397.1499938964844,386.1099853515625,387.6600036621094,39545700,0.0,0.0,0.0,0.0,0.0,0.0
2026-05-20,387.7000122070313,393.8599853515625,382.8999938964844,388.9100036621094,31744400,0.0,0.0,0.0,0.0,0.0,0.0
2026-05-21,385.7000122070313,392.5,383.0199890136719,387.6600036621094,24852800,0.0,0.0,0.0,0.0,0.0,0.0
2026-05-22,387.3500061035156,388.739990234375,381.7699890136719,382.9700012207031,20442100,0.0,0.0,0.0,0.0,0.0,0.0
2026-05-26,384.510009765625,389.260009765625,382.6000061035156,388.8800048828125,27747400,0.0,0.0,0.0,0.0,0.0,0.0
2026-05-27,386.6700134277344,393.8800048828125,385.8999938964844,388.8299865722656,23087300,0.0,0.0,0.0,0.0,0.0,0.0
2026-05-28,388.0,391.8699951171875,385.1600036621094,390.1300048828125,24357500,0.0,0.0,0.0,0.0,0.0,0.0
2026-05-29,385.239990234375,385.239990234375,378.4599914550781,380.3399963378906,44415800,0.0,0.0,0.0,0.0,0.0,0.0
2026-06-01,376.5199890136719,378.55999755859375,373.5199890136719,376.3699951171875,28672100,0.0,0.0,0.0,0.0,0.0,0.0
2026-06-02,366.5899963378906,373.5400085449219,358.44000244140625,361.8500061035156,50412300,0.0,0.0,0.0,0.0,0.0,0.0
2026-06-03,362.0299987792969,366.4500122070313,358.0799865722656,358.989990234375,55441600,0.0,0.0,0.0,0.0,0.0,0.0
2026-06-04,358.8999938964844,373.25,358.2099914550781,372.1900024414063,44055500,0.0,0.0,0.0,0.0,0.0,0.0
2026-06-05,366.3399963378906,372.0799865722656,364.1199951171875,368.5299987792969,37471200,0.0,0.0,0.0,0.0,0.0,0.0
2026-06-08,365.1799926757813,366.2000122070313,360.5299987792969,363.30999755859375,27942500,0.0,0.0,0.0,0.0,0.0,0.0
2026-06-09,367.0899963378906,372.0799865722656,357.29998779296875,364.260009765625,29535100,0.0,0.0,0.0,0.0,0.0,0.0
2026-06-10,363.1900024414063,368.55999755859375,355.20001220703125,356.3800048828125,32357100,0.0,0.0,0.0,0.0,0.0,0.0
2026-06-11,355.92999267578125,358.79998779296875,346.3599853515625,357.7699890136719,35538200,0.0,0.0,0.0,0.0,0.0,0.0
2026-06-12,362.6199951171875,366.5700073242188,354.94000244140625,359.67999267578125,24704600,0.0,0.0,0.0,0.0,0.0,0.0
2026-06-15,367.9299926757813,372.989990234375,366.5499877929688,369.3500061035156,27727500,0.0,0.0,0.0,0.0,0.0,0.0
2026-06-16,369.6000061035156,376.0,367.05999755859375,373.25,24876100,0.0,0.0,0.0,0.0,0.0,0.0
2026-06-17,369.1300048828125,372.3299865722656,362.0199890136719,363.7900085449219,24496700,0.0,0.0,0.0,0.0,0.0,0.0
2026-06-18,365.75,367.6600036621094,358.6700134277344,366.8045043945313,13653187,0.0,0.0,0.0,0.0,0.0,0.0
