date,sentiment_mean,sentiment_sum,sentiment_max,sentiment_min,sentiment_std,news_count
2015-01-02,-0.2639904897660017,-0.7919714692980051,0.12484068050980568,-0.834336644038558,0.504694018236242,3
2015-01-03,0.12285516411066055,0.12285516411066055,0.12285516411066055,0.12285516411066055,0.0,1
2015-01-05,-0.7250355705618858,-0.7250355705618858,-0.7250355705618858,-0.7250355705618858,0.0,1
2015-01-06,-0.3681666385382414,-1.1044999156147242,-0.028041716665029526,-0.9532702323049307,0.5089428885447981,3
2015-01-07,0.21181262331083417,2.1181262331083417,0.9111919142305851,-0.9447989091277122,0.5921580187132048,10
2015-01-08,0.6664152592420578,0.6664152592420578,0.6664152592420578,0.6664152592420578,0.0,1
2015-01-09,-0.1209928368528684,-0.7259570211172104,0.8296265602111816,-0.8241929188370705,0.6164780579356597,6
2015-01-12,-0.6974064286798238,-3.4870321433991194,-0.02348235994577408,-0.9612928368151188,0.40205775734136895,5
2015-01-13,0.5089196315035224,2.544598157517612,0.9193176459521055,0.1384153999388218,0.3429192949310156,5
2015-01-14,-0.013413329209600176,-0.09389330446720123,0.9284890536218882,-0.9538290593773127,0.6835557481415674,7
2015-01-15,0.15951594648261866,0.9570956788957119,0.9013522397726774,-0.9605703037232161,0.6917533805798858,6
2015-01-16,-0.29803157147640985,-1.788189428858459,0.03227503318339586,-0.9192796237766743,0.4219478028180248,6
2015-01-20,-0.7137615857645869,-0.7137615857645869,-0.7137615857645869,-0.7137615857645869,0.0,1
2015-01-21,0.4958010856062174,0.9916021712124348,0.9080281294882298,0.08357404172420502,0.5829770762349109,2
2015-01-22,0.07544210537647207,0.45265263225883245,0.43486638087779284,-0.3534989170730114,0.25315612268281684,6
2015-01-23,0.2509349122022589,0.7528047366067767,0.8667541183531284,-0.20848607271909714,0.5544192184864049,3
2015-01-26,-0.551834957441315,-2.20733982976526,0.025594688951969147,-0.9553785501047969,0.4640420228916512,4
2015-01-27,0.49575500562787056,0.49575500562787056,0.49575500562787056,0.49575500562787056,0.0,1
2015-01-28,-0.06522589073412949,-0.5870330166071653,0.9294425863772631,-0.8724939748644829,0.521721224857511,9
2015-01-29,-0.035515047144144773,-0.07103009428828955,0.7984486222267151,-0.8694787165150046,1.1794027317507016,2
2015-01-30,0.4194178725592792,0.8388357451185584,0.8428419893607497,-0.004006244242191315,0.5988121286164891,2
2015-02-02,-0.016339268907904624,-0.08169634453952312,0.39872027561068535,-0.86262172088027,0.5132022445155708,5
2015-02-03,-0.03951004892587662,-0.03951004892587662,-0.03951004892587662,-0.03951004892587662,0.0,1
2015-02-04,0.0036150552332401276,0.0036150552332401276,0.0036150552332401276,0.0036150552332401276,0.0,1
2015-02-05,-0.131274851039052,-0.262549702078104,0.16144856438040733,-0.42399826645851135,0.41397342411037297,2
2015-02-06,0.03655785396695137,0.18278926983475685,0.8603027164936066,-0.8343212027102709,0.6074055543581888,5
2015-02-09,0.34075533226132393,1.7037766613066196,0.6704824715852737,-0.198025893419981,0.37913264663117774,5
2015-02-10,0.1773130614310503,0.7092522457242012,0.7090890407562256,-0.8399673141539097,0.7236005845661366,4
2015-02-11,-0.04984111494074265,-0.44857003446668386,0.13813816290348768,-0.6640749350190163,0.24782790037810112,9
2015-02-12,-0.13259444246068597,-0.26518888492137194,0.3533342657610774,-0.6185231506824493,0.6872069695136562,2
2015-02-13,-0.14656720931331316,-0.4397016279399395,0.034165870398283005,-0.42445382475852966,0.2442582922350638,3
2015-02-17,0.20148756944884857,1.2089254166930914,0.9023050796240568,-0.8821569941937923,0.6463428074798934,6
2015-02-18,-0.3692689083982259,-1.4770756335929036,0.16043138038367033,-0.9074083380401134,0.5384821545502309,4
2015-02-19,0.06638930613795917,0.1991679184138775,0.8676778599619865,-0.6754498519003391,0.7732796756502982,3
2015-02-20,0.021159771643579007,0.21159771643579006,0.8348610661923885,-0.5843383073806763,0.55971660156402,10
2015-02-23,-0.17770669795572758,-0.35541339591145515,-0.0074850283563137054,-0.34792836755514145,0.24072979375728307,2
2015-02-24,0.193998355950628,1.357988491654396,0.726909602060914,-0.09632516652345657,0.2953782451908656,7
2015-02-25,0.5145343840122223,1.0290687680244446,0.7427724152803421,0.2862963527441025,0.32277731926870956,2
2015-02-26,0.057207352947443724,0.2288294117897749,0.9042571373283863,-0.858678637072444,0.7218386092553645,4
2015-02-27,0.7536685736849904,1.5073371473699808,0.9027275089174509,0.6046096384525299,0.21080116779863842,2
2015-03-01,0.05645022168755531,0.05645022168755531,0.05645022168755531,0.05645022168755531,0.0,1
2015-03-02,-0.8966353982686996,-0.8966353982686996,-0.8966353982686996,-0.8966353982686996,0.0,1
2015-03-04,-0.00041883811354637146,-0.00041883811354637146,-0.00041883811354637146,-0.00041883811354637146,0.0,1
2015-03-05,0.14355257857176992,1.2919732071459293,0.9286265764385462,-0.45289865881204605,0.4380638547351684,9
2015-03-06,-0.44134427926370073,-3.0894099548459053,0.12298887968063354,-0.9309202935546637,0.4964788222470003,7
2015-03-07,-0.06873307377099991,-0.06873307377099991,-0.06873307377099991,-0.06873307377099991,0.0,1
2015-03-09,-0.10609341785311699,-0.42437367141246796,0.9067451078444719,-0.9496289175003767,0.8140698895419158,4
2015-03-10,0.007147293537855148,0.007147293537855148,0.007147293537855148,0.007147293537855148,0.0,1
2015-03-11,-0.048567591390262045,-0.2914055483415723,0.9262703163549304,-0.9352018665522337,0.8166913018774433,6
2015-03-12,0.4552635196596384,1.8210540786385536,0.9298773314803839,0.03094392828643322,0.3862103774747465,4
2015-03-13,-0.29043883457779884,-0.5808776691555977,0.3479347191751003,-0.928812388330698,0.90279653757766,2
2015-03-14,-0.9427860267460346,-0.9427860267460346,-0.9427860267460346,-0.9427860267460346,0.0,1
2015-03-16,-0.07503281533718109,-0.07503281533718109,-0.07503281533718109,-0.07503281533718109,0.0,1
2015-03-17,0.11619974114000797,0.11619974114000797,0.11619974114000797,0.11619974114000797,0.0,1
2015-03-18,-0.2768199521427353,-3.321839425712824,0.910937674343586,-0.9181361477822065,0.518596029223266,12
2015-03-19,-0.3815327732202907,-1.1445983196608722,-0.023970216512680054,-0.962747089099139,0.5077800568760997,3
2015-03-20,-0.38376564159989357,-1.1512969247996807,0.0138116255402565,-0.8721876926720142,0.44993141593345864,3
2015-03-23,-0.030623607337474823,-0.030623607337474823,-0.030623607337474823,-0.030623607337474823,0.0,1
2015-03-24,-0.016166262949506443,-0.048498788848519325,0.1552636008709669,-0.3062364459037781,0.25259100792862776,3
2015-03-25,0.263962085172534,1.31981042586267,0.9017614610493183,-0.9455889174714684,0.7605998084171992,5
2015-03-27,0.12182141716281573,0.7309285029768944,0.8967022188007832,-0.9183742869645357,0.6396462718008107,6
2015-03-30,0.5201841133336226,1.5605523400008678,0.9326249845325947,-0.12574833631515503,0.5665044214088799,3
2015-03-31,-0.0029112007468938828,-0.011644802987575531,0.9094700627028942,-0.862585935741663,0.7241254027964924,4
2015-04-01,-0.8235237188637257,-0.8235237188637257,-0.8235237188637257,-0.8235237188637257,0.0,1
2015-04-02,0.3063993570394814,1.2255974281579256,0.5084202438592911,0.08265379257500172,0.21516548918331058,4
2015-04-03,0.21246090872834125,0.6373827261850238,0.8191864378750324,-0.9472026564180851,1.0046581318293544,3
2015-04-06,-0.4441502168774605,-0.888300433754921,0.0014817118644714355,-0.8897821456193924,0.6302187174533208,2
2015-04-07,0.0038328529335558414,0.015331411734223366,0.7039855867624283,-0.9517541248351336,0.7198427201013897,4
2015-04-08,0.16511670574545861,0.825583528727293,0.8154678698629141,-0.40776021778583527,0.48261444603483405,5
2015-04-09,-0.4374313987791538,-0.8748627975583076,-0.1735859513282776,-0.7012768462300301,0.37313381015542696,2
2015-04-10,0.026129286736249924,0.026129286736249924,0.026129286736249924,0.026129286736249924,0.0,1
2015-04-11,-0.794953141361475,-0.794953141361475,-0.794953141361475,-0.794953141361475,0.0,1
2015-04-12,0.0012101531028747559,0.0012101531028747559,0.0012101531028747559,0.0012101531028747559,0.0,1
2015-04-13,-0.029179309029132128,-0.11671723611652851,0.8842911794781685,-0.9310611877590418,0.741354647776006,4
2015-04-14,-0.5511033665388823,-1.6533100996166468,-0.2796946316957474,-0.9392470438033342,0.34492409478871605,3
2015-04-15,-0.14487644781668982,-1.7385173738002777,0.9240749254822731,-0.957454014569521,0.707625620461031,12
2015-04-16,-0.2647406626492739,-0.7942219879478216,0.15588517487049103,-0.9412684179842472,0.5916509488158043,3
2015-04-17,-0.30843057483434677,-0.6168611496686935,0.3370862305164337,-0.9539473801851273,0.912898620866827,2
2015-04-20,0.11907876376062632,0.47631505504250526,0.43342094123363495,-0.287947591394186,0.32874134140962497,4
2015-04-21,-0.3872593006119132,-1.936296503059566,0.5084205567836761,-0.9174640374258161,0.6633488419657462,5
2015-04-22,-0.46401362027972937,-0.9280272405594587,0.022551484405994415,-0.9505787249654531,0.6881069700240354,2
2015-04-23,-0.3657082673162222,-1.828541336581111,0.17038749158382416,-0.814024543389678,0.47988561635915156,5
2015-04-24,-0.07880379492416978,-0.15760758984833956,0.7411190569400787,-0.8987266467884183,1.1595460172060463,2
2015-04-27,-0.002233929932117462,-0.002233929932117462,-0.002233929932117462,-0.002233929932117462,0.0,1
2015-04-28,-0.9469016026705503,-0.9469016026705503,-0.9469016026705503,-0.9469016026705503,0.0,1
2015-04-29,-0.11776311974972486,-1.0598680777475238,0.8373891934752464,-0.9483167147263885,0.5613441177928569,9
2015-04-30,-0.9437060551717877,-0.9437060551717877,-0.9437060551717877,-0.9437060551717877,0.0,1
2015-05-01,-0.455463033169508,-0.910926066339016,0.0011563003063201904,-0.9120823666453362,0.6457572542432792,2
2015-05-04,0.7201248551718891,1.4402497103437781,0.9318293472751975,0.5084203630685806,0.2993953639478066,2
2015-05-05,-0.04616749519482255,-0.0923349903896451,0.8545665927231312,-0.9469015831127763,1.2738303632253298,2
2015-05-06,-0.1549231299302644,-1.3943081693723798,0.5740306433290243,-0.9628979796543717,0.5998060176254277,9
2015-05-07,-0.7308189794421196,-1.4616379588842392,-0.5004529654979706,-0.9611849933862686,0.32578674122964507,2
2015-05-08,0.11040214511255424,0.3312064353376627,0.5084205567836761,-0.4863489270210266,0.5263198497379079,3
2015-05-11,0.34292954734216136,1.028788642026484,0.5084205567836761,0.020649030804634094,0.27913702287682784,3
2015-05-12,-0.3941636858507991,-0.7883273717015982,0.16225135326385498,-0.9505787249654531,0.7868896946242999,2
2015-05-13,0.10967337852343917,0.4386935140937567,0.5084205567836761,-0.05917014554142952,0.2681271182751004,4
2015-05-14,-0.20432407222688198,-0.40864814445376396,0.5084205567836761,-0.9170687012374401,1.0079731208553113,2
2015-05-15,-0.24400313734076917,-0.9760125493630767,0.7584713846445084,-0.897297503426671,0.8006915978290009,4
2015-05-18,-0.1658504547085613,-0.6634018188342452,0.045167422853410244,-0.7152562737464905,0.36698237215441887,4
2015-05-19,0.006425302475690842,0.006425302475690842,0.006425302475690842,0.006425302475690842,0.0,1
2015-05-20,-0.2722090194001794,-1.0888360776007175,-0.03725777938961983,-0.48946014046669006,0.2122628467250992,4
2015-05-21,0.2914001941680908,0.5828003883361816,0.5084205567836761,0.0743798315525055,0.30691314012208776,2
2015-05-22,-0.013940338976681232,-0.0418210169300437,0.8905089125037193,-0.9280182374641299,0.9093018101405808,3
2015-05-23,0.1605174709111452,0.1605174709111452,0.1605174709111452,0.1605174709111452,0.0,1
2015-05-26,-0.7193551734089851,-2.8774206936359406,-0.22761238366365433,-0.9317761790007353,0.33054722335793074,4
2015-05-27,-0.1250428600857655,-0.37512858025729656,0.5084205567836761,-0.8266089968383312,0.670115260684797,3
2015-05-28,-0.5661940949503332,-2.264776379801333,-0.009438194334506989,-0.9469015831127763,0.46123973017175174,4
2015-05-29,-0.4731842023320496,-0.9463684046640992,0.000533178448677063,-0.9469015831127763,0.6699375446319634,2
2015-06-01,-0.937274269759655,-0.937274269759655,-0.937274269759655,-0.937274269759655,0.0,1
2015-06-02,-0.28050615433603526,-1.4025307716801763,0.9118014071136713,-0.9440817041322589,0.7636686519552033,5
2015-06-03,-0.13568344650169215,-0.8141006790101528,0.8533714152872562,-0.8378038108348846,0.6162072019131628,6
2015-06-04,-0.4804039290174842,-1.9216157160699368,0.004529919475317001,-0.937274269759655,0.5119646260383884,4
2015-06-05,-0.02691554029782613,-0.1614932417869568,0.647292897105217,-0.9372742772102356,0.5846276194808238,6
2015-06-06,0.15970338974148035,0.15970338974148035,0.15970338974148035,0.15970338974148035,0.0,1
2015-06-08,-0.3666024632751942,-1.8330123163759708,0.053486358374357224,-0.9410005863755941,0.5010771115925188,5
2015-06-09,-0.21682898700237274,-3.252434805035591,0.8447376992553473,-0.9059162884950638,0.5780232099898047,15
2015-06-10,0.05526707470417023,0.27633537352085114,0.5084205567836761,-0.7386949509382248,0.49138691733997436,5
2015-06-11,0.030554774682968855,0.24443819746375084,0.8212640136480331,-0.8169583640992641,0.595319232275444,8
2015-06-12,-0.32503588444420267,-2.275251191109419,0.2735929824411869,-0.937274269759655,0.45410570515685,7
2015-06-15,0.17939973327641687,2.1527967993170023,0.9340994991362095,-0.892466351389885,0.6743455943612916,12
2015-06-16,0.26419455334544184,1.320972766727209,0.7133482880890369,-0.004393763840198517,0.32567002194174377,5
2015-06-17,0.04073967356234789,0.6110951034352183,0.9332163967192173,-0.9362283973023295,0.7618521220323351,15
2015-06-18,-0.08271424782772858,-0.7444282304495573,0.9005075432360172,-0.8332531005144119,0.5131917509806645,9
2015-06-19,-0.04706684287105288,-0.32946790009737015,0.3621271550655365,-0.9440816920250654,0.43108674453289825,7
2015-06-20,0.21040379907935858,0.42080759815871716,0.9097638223320246,-0.4889562241733074,0.9890444298654834,2
2015-06-21,-0.040598027408123016,-0.040598027408123016,-0.040598027408123016,-0.040598027408123016,0.0,1
2015-06-22,0.2145415481645614,1.7163323853164911,0.8320846799761057,-0.6805713698267937,0.4750232037114019,8
2015-06-23,0.43000445468351245,1.7200178187340498,0.904475511983037,0.0008642189204692841,0.37892237299523807,4
2015-06-24,-0.36459446866065265,-3.6459446866065264,0.4521198160946369,-0.9333355706185102,0.5587538228704197,10
2015-06-25,-0.4008707730099559,-1.2026123190298676,0.5084205120801926,-0.9526867317035794,0.7934419015883136,3
2015-06-26,-0.11327604576945305,-0.2265520915389061,0.5084205120801926,-0.7349726036190987,0.8792117037916383,2
2015-06-29,-0.3947583925910294,-2.3685503555461764,0.2524982374161482,-0.937274269759655,0.48555189590616576,6
2015-06-30,-0.262284704297781,-3.934270564466715,0.14307017344981432,-0.9479219159111381,0.36581966640559266,15
2015-07-01,-0.03289994081625572,-0.4276992306113243,0.8482156023383141,-0.8782769627869129,0.5300816841629641,13
2015-07-02,-0.536416512564756,-4.291332100518048,0.030244801193475723,-0.9510259544476867,0.4067024308990919,8
2015-07-06,-0.0789137366893036,-0.5523961568251252,0.7822811910882592,-0.9440816976130009,0.6461632143737829,7
2015-07-07,-0.5960886819288135,-2.9804434096440673,-0.028294119983911514,-0.9528125869110227,0.3790386900424811,5
2015-07-08,-0.2809919480403716,-9.272734285332263,0.8260139394551516,-0.9525767732411623,0.5043592196422139,33
2015-07-09,-0.30790305766277015,-3.694836691953242,0.5084205120801926,-0.9362720847129822,0.4979260799400287,12
2015-07-10,0.2298918656176991,2.069026790559292,0.8275280464440584,-0.051170431077480316,0.3138852126462178,9
2015-07-13,0.05519125824794173,0.5519125824794173,0.9267734689638019,-0.73759326338768,0.48295462111834325,10
2015-07-14,-0.21833451706916093,-1.0916725853458047,0.0020532459020614624,-0.9593445183709264,0.41477059421989243,5
2015-07-15,-0.06015363149344921,-0.36092178896069527,-0.0007627494633197784,-0.21149500831961632,0.07585080317291917,6
2015-07-16,-0.08005223928817681,-0.5603656750172377,0.5835677832365036,-0.6286172959953547,0.42473152177856577,7
2015-07-17,-0.26273314375430346,-1.0509325750172138,0.03823703154921532,-0.9056485779583454,0.43475259453977594,4
2015-07-20,0.19631597523887953,0.5889479257166386,0.7960146553814411,-0.20271321386098862,0.5287395603478912,3
2015-07-21,-0.4139749314635992,-1.2419247943907976,-0.01130816899240017,-0.9440816976130009,0.4792674929796062,3
2015-07-22,-0.31023767590522766,-0.930713027715683,0.0038193464279174805,-0.937274269759655,0.5430298866079882,3
2015-07-23,-0.5192066884289185,-1.5576200652867556,-0.0014277845621109009,-0.927575396373868,0.4726682694500445,3
2015-07-24,-0.3104326859116554,-1.5521634295582771,0.007927417755126953,-0.937274269759655,0.4139534255347374,5
2015-07-27,-0.06534871156327426,-0.26139484625309706,0.7280949726700783,-0.9440817041322589,0.6850806377373003,4
2015-07-28,-0.07490175652007262,-0.4494105391204357,0.27465780079364777,-0.500452384352684,0.28706860747007,6
2015-07-29,0.09622543537989259,1.154705224558711,0.8490953594446182,-0.9540111869573593,0.5060983900270329,12
2015-07-30,-0.21859749632754497,-1.5301824742928147,-0.004190433770418167,-0.9440817041322589,0.3381584249917964,7
2015-07-31,-0.4690349129959941,-0.9380698259919882,-0.017682205885648727,-0.9203876201063395,0.6383091198092617,2
2015-08-03,-0.5597903452192744,-1.679371035657823,-0.0013502389192581177,-0.9440817041322589,0.49490554001548315,3
2015-08-04,-0.27489435905590653,-1.0995774362236261,0.006075076758861542,-0.8140246104449034,0.3813763928171649,4
2015-08-05,-0.08421847503632307,-0.5053108502179384,0.5084202438592911,-0.35842993296682835,0.31579897444209865,6
2015-08-06,-0.49471500228780013,-2.9682900137268007,-0.00023600459098815918,-0.9559121574275196,0.4282524080402384,6
2015-08-07,-0.6192184084405502,-1.8576552253216505,-0.002900227904319763,-0.9386809971183538,0.5338668783703621,3
2015-08-10,0.14276021967331567,0.42828065901994705,0.5164491012692451,-0.07455167174339294,0.3250550733622197,3
2015-08-11,0.01919845910742879,0.07679383642971516,0.040593624114990234,-0.003349689766764641,0.017962894215695094,4
2015-08-12,-0.3182182901849349,-0.9546548705548048,-0.006524631753563881,-0.937274269759655,0.536122578806459,3
2015-08-13,-0.3970563933253288,-3.5735075399279594,0.46612339466810226,-0.9482812378555536,0.5407338135046579,9
2015-08-14,0.1200823001563549,0.6004115007817745,0.5084202438592911,-0.2722059562802315,0.2878650710577258,5
2015-08-17,-0.29878720082342625,-1.195148803293705,0.08606857061386108,-0.8372303694486618,0.4227463380053519,4
2015-08-18,-0.16898556286469102,-1.0139133771881461,0.8785429429262877,-0.9440816976130009,0.6871494138290903,6
2015-08-19,-0.04018219546056711,-0.5223685409873724,0.8960115239024162,-0.937274269759655,0.46939936237732316,13
2015-08-20,-0.21653790687295524,-2.3819169756025076,0.8051548525691032,-0.9606120437383652,0.5350396757435635,11
2015-08-21,-0.6557863713707774,-6.557863713707775,0.8484639972448349,-0.9681043704040349,0.608739359834146,10
2015-08-24,-0.26215757689389746,-4.980993960984051,0.8980043195188046,-0.9622450470924377,0.5492443402205482,19
2015-08-25,-0.037390651647001505,-0.7104223812930286,0.9175350796431303,-0.9628692241385579,0.6619700000435699,19
2015-08-26,-0.1441521073381106,-0.8649126440286636,0.8921864181756973,-0.9503768440335989,0.8630430953743128,6
2015-08-27,-0.3492985279299319,-2.794388223439455,0.1326177455484867,-0.9591291034594178,0.4502157265035588,8
2015-08-28,-0.08649484088851346,-0.7784535679966211,0.859610453248024,-0.9573650704696774,0.7543063963482958,9
2015-08-30,0.07834979146718979,0.07834979146718979,0.07834979146718979,0.07834979146718979,0.0,1
2015-08-31,-0.610393168249478,-3.6623590094968677,-0.011044308543205261,-0.9610411673784256,0.4144511658677471,6
2015-09-01,-0.3467375713932727,-4.854325999505818,0.8967281840741634,-0.9635289823636413,0.6067892673429957,14
2015-09-02,-0.3554726354777813,-0.7109452709555626,0.24032217264175415,-0.9512674435973167,0.8425810980341228,2
2015-09-03,0.1778426691889763,0.5335280075669289,0.7718615606427193,-0.7467537969350815,0.8114858598422825,3
2015-09-04,-0.46550567394920755,-3.258539717644453,-0.008961372077465057,-0.9554281616583467,0.465421856203052,7
2015-09-06,-0.475415266584605,-0.95083053316921,-0.024265164509415627,-0.9265653686597943,0.638022593020739,2
2015-09-07,0.4320959895849228,0.4320959895849228,0.4320959895849228,0.4320959895849228,0.0,1
2015-09-08,-0.05233408076067766,-0.15700224228203297,0.5084205567836761,-0.6733069717884064,0.5931607425358758,3
2015-09-09,-0.18299841259916624,-1.646985713392496,0.8040591552853584,-0.9510742938145995,0.6043532493358184,9
2015-09-10,0.02566339299082756,0.1283169649541378,0.8367814645171165,-0.9252718091011047,0.7625039842172533,5
2015-09-11,0.11834491308157642,0.7100694784894586,0.49326735734939575,-0.3745995759963989,0.29033471540488015,6
2015-09-13,0.11683387495577335,0.11683387495577335,0.11683387495577335,0.11683387495577335,0.0,1
2015-09-14,-0.1742300528101623,-1.742300528101623,0.20441405475139618,-0.9605346834287047,0.3411786262401843,10
2015-09-15,-0.15247584786266088,-0.7623792393133044,0.5084205120801926,-0.9629843411967158,0.5498657240066305,5
2015-09-16,-0.41636307444423437,-0.8327261488884687,-0.01870153844356537,-0.8140246104449034,0.5623783374462629,2
2015-09-17,-0.14703743536631728,-6.322609720751643,0.9273784346878529,-0.9569172840565443,0.5738610606222632,43
2015-09-18,-0.46014978441720206,-2.7608987065032125,0.04007602483034134,-0.9494945192709565,0.5243851019243663,6
2015-09-21,-0.30097504146397114,-0.6019500829279423,-0.0015443675220012665,-0.600405715405941,0.4234589200792499,2
2015-09-22,-0.7497949292883277,-3.7489746464416385,0.056636299937963486,-0.9677776796743274,0.4509921073066526,5
2015-09-23,-0.48633177019655704,-3.8906541615724564,0.19997098296880722,-0.9339220803231001,0.4409567492568953,8
2015-09-24,-0.17755773922960674,-2.4858083492144942,0.9092946834862232,-0.9585947636514902,0.5523564322158234,14
2015-09-25,0.266599427908659,0.533198855817318,0.49952393770217896,0.03367491811513901,0.32940500075910073,2
2015-09-26,-0.9660315057262778,-0.9660315057262778,-0.9660315057262778,-0.9660315057262778,0.0,1
2015-09-27,0.022306932136416435,0.04461386427283287,0.07572965323925018,-0.031115788966417313,0.07555113672250284,2
2015-09-28,-0.12234339921269566,-0.9787471937015653,0.6616111733019352,-0.9641972938552499,0.5589095452065743,8
2015-09-29,-0.2758349161595106,-2.4825142454355955,0.9276519361883402,-0.9176290910691023,0.5886235157855206,9
2015-09-30,-0.05743685473377506,-0.6892422568053007,0.9340009558945894,-0.9300220347940922,0.6237109092184978,12
2015-10-01,-0.48043813183903694,-0.9608762636780739,-0.009220674633979797,-0.9516555890440941,0.6664021188063554,2
2015-10-02,-0.5933075572292392,-7.71299824398011,0.16379153728485107,-0.9591682907193899,0.44058135860742786,13
2015-10-03,-0.5341664627194405,-0.5341664627194405,-0.5341664627194405,-0.5341664627194405,0.0,1
2015-10-05,-0.3948047891259193,-1.9740239456295967,0.6941966116428375,-0.8833367452025414,0.6223920181858574,5
2015-10-06,-0.45991166327148675,-2.299558316357434,-0.0053557418286800385,-0.9441419197246432,0.45337862510528576,5
2015-10-07,-0.34005322058995563,-1.020159661769867,0.0358828604221344,-0.864080548286438,0.4679014824319233,3
2015-10-08,-0.12917186529375613,-1.033374922350049,0.9251212943345308,-0.9623703807592392,0.6061467065420286,8
2015-10-09,-0.055454403162002563,-0.11090880632400513,0.030542820692062378,-0.1414516270160675,0.12161844030085368,2
2015-10-12,0.3884262517094612,0.7768525034189224,0.843296006321907,-0.06644350290298462,0.6432829760862426,2
2015-10-14,0.14558261260390282,1.0190782882273197,0.9405970741063356,-0.9462097864598036,0.8077296059911117,7
2015-10-15,-0.6316801415135463,-1.895040424540639,-0.008619410917162895,-0.9661956029012799,0.5400757540852207,3
2015-10-16,-0.33276715502142906,-0.6655343100428581,0.0009573474526405334,-0.6664916574954987,0.47195771749504273,2
2015-10-19,0.3216772334029277,0.9650317002087831,0.9062354136258364,-0.009135453030467033,0.5077066452141838,3
2015-10-20,-0.3488077949732542,-0.6976155899465084,0.2294947411864996,-0.927110331133008,0.817843289791881,2
2015-10-21,-0.7241095404606313,-2.896438161842525,-0.16211691312491894,-0.9619938768446445,0.38094437705695466,4
2015-10-22,0.09397238151480754,0.5638342890888453,0.7577005922794342,-0.8887082058936357,0.5965539400957207,6
2015-10-23,-0.2552972720004618,-1.0211890880018473,0.5084205120801926,-0.7730015888810158,0.6240776376989815,4
2015-10-26,-0.03911108570173383,-0.07822217140346766,0.8658595327287912,-0.9440817041322589,1.2798217221336157,2
2015-10-27,-0.47402310045436025,-0.9480462009087205,-0.003964496776461601,-0.9440817041322589,0.6647632524314439,2
2015-10-28,-0.18309528939425945,-1.4647623151540756,0.6970027759671211,-0.9572996310889721,0.6373095029879514,8
2015-10-29,-0.08470716513693333,-0.2541214954108,0.6688408255577087,-0.9410005863755941,0.8098239379748596,3
2015-10-30,0.12181508141968932,0.8527055699378252,0.9276099801063538,-0.9440816976130009,0.7807049992017916,7
2015-11-02,0.30504828474173945,1.8302897084504366,0.8844064213335514,-0.0424217414110899,0.35835041445844795,6
2015-11-03,0.43613428622484207,0.8722685724496841,0.8185307830572128,0.053737789392471313,0.5407903120242991,2
2015-11-04,-0.25999205306704554,-1.8199443714693189,0.6149504780769348,-0.9595693508163095,0.6202980573121548,7
2015-11-05,-0.2669850512673812,-1.8688953588716686,0.8313962444663048,-0.9577772109769285,0.7385423274910213,7
2015-11-06,-0.2470712277572602,-1.9765698220580816,0.8963960893452168,-0.9356989897787571,0.748268091149916,8
2015-11-09,-0.26713882107287645,-1.3356941053643823,0.5354188345372677,-0.9628835273906589,0.6613701476483972,5
2015-11-10,-0.39269214728847146,-1.5707685891538858,0.005575727671384811,-0.9440816920250654,0.47326025516198844,4
2015-11-11,-0.4223223065491766,-1.6892892261967063,0.0008085258305072784,-0.9440817041322589,0.49284493885686403,4
2015-11-12,-0.25351504429376553,-3.549210620112717,0.8944524303078651,-0.9440817041322589,0.5591186790073683,14
2015-11-13,-0.33348116860724986,-1.3339246744289994,0.871663817204535,-0.9582501780241728,0.8595458648917891,4
2015-11-15,-0.7818866726011038,-0.7818866726011038,-0.7818866726011038,-0.7818866726011038,0.0,1
2015-11-16,0.17929876630660146,1.4343901304528117,0.8365824110805988,-0.9585447274148464,0.5698096311193664,8
2015-11-17,-0.18349933959543704,-0.9174966979771852,0.26787202060222626,-0.9587113782763481,0.4663841882446157,5
2015-11-18,0.04786883410997689,0.3829506728798151,0.9107589591294527,-0.9083206169307232,0.7091612878080159,8
2015-11-19,-0.17778702532606466,-1.2445091772824526,0.9037895854562521,-0.9521213015541434,0.6546909602766693,7
2015-11-20,0.40739040821790695,1.2221712246537209,0.801481556147337,-0.08773088827729225,0.4531335465614107,3
2015-11-22,-0.0017742365598678589,-0.0017742365598678589,-0.0017742365598678589,-0.0017742365598678589,0.0,1
2015-11-23,-0.017545780166983604,-0.07018312066793442,0.8919820226728916,-0.9275755286216736,0.7429543145730091,4
2015-11-24,-0.12078906352130267,-1.5702578257769346,0.8916215375065804,-0.9691901737824082,0.661765838718809,13
2015-11-25,0.16799960595866045,0.5039988178759813,0.5084202438592911,-0.01776868663728237,0.29522315047343806,3
2015-11-27,-0.5021635118871928,-2.5108175594359636,0.034311745315790176,-0.9440816976130009,0.45274790001120296,5
2015-11-30,-0.38727500464301556,-3.0982000371441245,-0.006963210180401802,-0.9440816920250654,0.450103518811529,8
2015-12-01,-0.21009170729666948,-1.4706419510766864,0.8370729964226484,-0.9538679486140609,0.6163282869291101,7
2015-12-02,-0.2617042229717804,-4.710676013492048,0.9197353068739176,-0.9667416969314218,0.7557510464818553,18
2015-12-03,-0.21127913695656592,-5.70453669782728,0.9195746574550867,-0.9505787147209048,0.582847913056826,27
2015-12-04,0.43946451631685096,2.636787097901106,0.8174403458833694,-0.19447943568229675,0.42581951101143733,6
2015-12-06,-0.0006812438368797302,-0.0013624876737594604,0.002389863133430481,-0.0037523508071899414,0.004343201128911247,2
2015-12-07,-0.2529971114444462,-2.782968225888908,0.7749119140207767,-0.9612753512337804,0.6153769423437174,11
2015-12-08,-0.7038201770434777,-4.222921062260866,0.04224390909075737,-0.9646140141412616,0.40624679726412893,6
2015-12-09,-0.5817412147298455,-2.326964858919382,0.004641745239496231,-0.9445313457399607,0.44222569574079995,4
2015-12-10,-0.2339188739657402,-1.169594369828701,0.06309770047664642,-0.600349098443985,0.3143342342664299,5
2015-12-11,0.05338456388562918,0.10676912777125835,0.15879754163324833,-0.052028413861989975,0.14907646278081627,2
2015-12-14,-0.5326521145179868,-2.130608458071947,0.018718669191002846,-0.9642093004658818,0.5060121652581173,4
2015-12-15,0.4247078631306067,3.3976629050448537,0.9251379314810038,-0.09285986609756947,0.46606340135026825,8
2015-12-16,0.06526983226649463,1.3053966453298926,0.9289763085544109,-0.9647323917597532,0.7305100146235787,20
2015-12-17,-0.0775823425501585,-0.155164685100317,-0.046784739941358566,-0.10837994515895844,0.04355438729794188,2
2015-12-18,-0.5572153981775045,-2.7860769908875227,0.012191874906420708,-0.9372742846608162,0.5042930888245208,5
2015-12-21,-0.2893295392394066,-1.446647696197033,0.007612606510519981,-0.9379553068429232,0.3948235065208255,5
2015-12-22,0.3450190480798483,0.6900380961596966,0.9035338796675205,-0.21349578350782394,0.7898592496178112,2
2015-12-23,0.02464463748037815,0.02464463748037815,0.02464463748037815,0.02464463748037815,0.0,1
2015-12-24,0.005142036825418472,0.005142036825418472,0.005142036825418472,0.005142036825418472,0.0,1
2015-12-29,0.09604451572522521,0.38417806290090084,0.7631482221186161,-0.8403381798416376,0.7100165042545964,4
2015-12-30,-0.379595910354207,-2.2775754621252418,0.9180766865611076,-0.9454150376841426,0.7436925931820855,6
2015-12-31,-0.19310004287399352,-0.7724001714959741,0.2994723320007324,-0.960118361748755,0.5547220834467415,4
2016-01-04,-0.9423103691078722,-1.8846207382157445,-0.9306733533740044,-0.9539473848417401,0.016457225476385055,2
2016-01-05,-0.37705399639283615,-2.262323978357017,-0.056134093552827835,-0.9304640693590045,0.414392456199016,6
2016-01-06,-0.23760397173464298,-1.425623830407858,0.45938970893621445,-0.9539473801851273,0.5280138305168248,6
2016-01-07,-0.17721429408993572,-2.8354287054389715,0.8913191501051188,-0.9517371049150825,0.5649247121516633,16
2016-01-08,-0.23588628855844337,-3.538294328376651,0.8721321374177933,-0.9556249268352985,0.5377663292590802,15
2016-01-10,-0.2552899873505036,-0.7658699620515108,0.03952327370643616,-0.8394737876951694,0.5059253307000121,3
2016-01-11,-0.4248662830019991,-3.8237965470179915,0.3102201819419861,-0.9552520215511322,0.48194840225793806,9
2016-01-12,-0.05531335715204477,-0.4425068572163582,0.7909353468567133,-0.9242589082568884,0.6043701574019865,8
2016-01-13,-0.30356711568310857,-7.285610776394606,0.9371513854712248,-0.9606911949813366,0.634123804765449,24
2016-01-14,-0.07632872670029218,-0.9922734471037984,0.9247361868619919,-0.964880314655602,0.5861239045655295,13
2016-01-15,-0.5350718031238232,-3.7455026218667626,0.35221205838024616,-0.9539473848417401,0.49611063038916375,7
2016-01-18,-0.3540025055408478,-0.3540025055408478,-0.3540025055408478,-0.3540025055408478,0.0,1
2016-01-19,-0.09877457916736603,-0.9877457916736603,0.5084203630685806,-0.8562998250126839,0.3419271966387887,10
2016-01-20,-0.20588675187900662,-0.8235470075160265,0.12226647138595581,-0.9552425090223551,0.5050121267251115,4
2016-01-21,-0.12183074554538026,-2.0711226742714643,0.8800168856978416,-0.926453061401844,0.5464545303072499,17
2016-01-22,-0.38777136450840366,-3.489942280575633,0.03874108009040356,-0.9423512183129787,0.3833397267575032,9
2016-01-25,-0.3529657556542328,-2.47076028957963,0.08030156791210175,-0.9440816976130009,0.47100933657714633,7
2016-01-26,-0.4813698660582304,-3.369589062407613,-0.03782352991402149,-0.9479291029274464,0.36372675843674035,7
2016-01-27,-0.17517499192891753,-2.977974862791598,0.933602835983038,-0.9304640740156174,0.5530916441149559,17
2016-01-28,-0.6300935822849473,-1.8902807468548417,-0.13452619314193726,-0.9573059240356088,0.43646212651182636,3
2016-01-29,-0.03193826647475362,-0.12775306589901447,-0.015106968581676483,-0.057739464566111565,0.02033804055139643,4
2016-02-01,-0.5170413446612656,-2.0681653786450624,-0.05801835656166077,-0.9304640796035528,0.40098837326577774,4
2016-02-02,-0.41123500293386833,-2.8786450205370784,0.04476667381823063,-0.9653713079169393,0.48508315647465355,7
2016-02-03,-0.33737229499965904,-1.6868614749982953,0.6171995401382446,-0.9539473848417401,0.6350829713376333,5
2016-02-04,-0.2035184963606298,-1.6281479708850384,0.1405380591750145,-0.9225862119346857,0.39457218911966635,8
2016-02-05,0.19310789631510322,2.1241868594661355,0.918777335435152,-0.9581708507612348,0.6344619105045031,11
2016-02-08,-0.35513892411612547,-4.616806013509631,0.14565285947173834,-0.9636388262733817,0.4064886386052256,13
2016-02-09,-0.37809541329209295,-2.6466678930446506,0.1414254903793335,-0.9517544256523252,0.517373724798179,7
2016-02-10,0.17073060129769146,1.3658448103815317,0.9277925472706556,-0.5063365548849106,0.42947550135272333,8
2016-02-11,-0.612241773516871,-4.897934188134968,-0.03717188350856304,-0.9462918117642403,0.352892387237638,8
2016-02-12,-0.27053446450736374,-2.16427571605891,0.05401474982500076,-0.9529368160292506,0.35203783082242174,8
2016-02-13,-0.34497687593102455,-0.34497687593102455,-0.34497687593102455,-0.34497687593102455,0.0,1
2016-02-14,-0.4297253470867872,-0.8594506941735744,-0.15284369513392448,-0.70660699903965,0.39156978736400544,2
2016-02-16,-0.0392490055412054,-0.39249005541205406,0.8698711227625608,-0.9112809412181377,0.5038724602967345,10
2016-02-17,-0.1277493026573211,-1.0219944212585688,0.266838937997818,-0.8876544758677483,0.3560867832015804,8
2016-02-18,-0.317215397540066,-2.854938577860594,0.9253311809152365,-0.9644578108564019,0.762121570307771,9
2016-02-19,0.6414246708154678,0.6414246708154678,0.6414246708154678,0.6414246708154678,0.0,1
2016-02-22,0.3688055680443843,2.212833408266306,0.8938893973827362,-0.0517210029065609,0.40438780398763546,6
2016-02-23,-0.8749429993331432,-1.7498859986662865,-0.8194219246506691,-0.9304640740156174,0.07851865681348441,2
2016-02-24,0.08065159725291389,0.5645611807703972,0.9150762613862753,-0.94664650503546,0.7588396880515077,7
2016-02-25,-0.6060192746420702,-1.8180578239262104,-0.05104118026793003,-0.9645345751196146,0.4874071887535678,3
2016-02-26,-0.5075893369503319,-5.075893369503319,-0.04100843146443367,-0.9635308431461453,0.3519370486831834,10
2016-02-29,-0.36633150798401665,-2.5643205558881164,0.5084203630685806,-0.9496553698554635,0.5226838191226444,7
2016-03-01,-0.3377396197368701,-1.0132188592106104,-0.031952809542417526,-0.9290293324738741,0.51217233673722,3
2016-03-02,0.035675675069030965,0.6778378263115883,0.8790418803691864,-0.9345784150063992,0.5787368677779628,19
2016-03-03,0.05325761716812849,0.26628808584064245,0.9175039567053318,-0.9160704044625163,0.699749529713764,5
2016-03-04,-0.25335257189969224,-3.8002885784953833,0.9051050897687674,-0.9633322497829795,0.7055972452915742,15
2016-03-07,-0.2358261768706143,-2.358261768706143,0.8732129512354732,-0.917377345263958,0.5539399619157707,10
2016-03-08,-0.04054076001048088,-0.2027038000524044,0.4135613590478897,-0.35733428597450256,0.28388826369876546,5
2016-03-09,-0.5631120100410448,-5.068008090369403,0.08298590127378702,-0.967533047311008,0.43984208581737594,9
2016-03-10,-0.3004558816448682,-2.7041029348038137,0.928827652707696,-0.9670709944330156,0.624979640379908,9
2016-03-11,-0.01215286273509264,-0.02430572547018528,0.013333581387996674,-0.03763930685818195,0.03604327493553697,2
2016-03-13,0.09605382714006636,1.7289688885211945,0.7210686784237623,-0.2756086066365242,0.20106041741635292,18
2016-03-14,0.03189266273485763,0.2232486391440034,0.9057497251778841,-0.9535171901807189,0.7645727095248684,7
2016-03-15,-0.026230955868959425,-0.13115477934479713,0.9021436460316181,-0.9304640740156174,0.6482356383488965,5
2016-03-16,-0.441387883387506,-9.269145551137626,0.9276107344776392,-0.9611373832449317,0.4945958527755702,21
2016-03-17,-0.28419709722088143,-3.1261680694296956,0.858870018273592,-0.9509989535436034,0.6607357018729841,11
2016-03-18,0.3952872520312667,0.7905745040625334,0.7814033776521683,0.009171126410365105,0.5460506615040327,2
2016-03-21,0.06447071279399097,0.7736485535278916,0.9170856066048145,-0.9299854654818773,0.6624430728046745,12
2016-03-22,-0.48621093132533133,-1.9448437253013253,-0.036939192563295364,-0.9372673137113452,0.5073163569022021,4
2016-03-23,-0.6543150419602171,-5.2345203356817365,-0.036489127203822136,-0.9612989705055952,0.312687082106472,8
2016-03-24,-0.1824412589194253,-1.4595300713554025,0.9288990646600723,-0.9492965349927545,0.7628606537620426,8
2016-03-27,-0.9195164404809475,-0.9195164404809475,-0.9195164404809475,-0.9195164404809475,0.0,1
2016-03-28,-0.515123689857622,-3.090742139145732,-0.027909427881240845,-0.8536457996815443,0.38843565464010754,6
2016-03-29,-0.10791281717164176,-0.7553897202014923,0.824731107801199,-0.9304640740156174,0.585595426539276,7
2016-03-30,0.4968273211270571,1.4904819633811712,0.7814039587974548,-0.03884734399616718,0.46420977421493814,3
2016-03-31,0.1119719020401438,0.6718314122408628,0.7924342378973961,-0.057982297614216805,0.3347929721852322,6
2016-04-01,-0.315637211004893,-0.946911633014679,-0.03162204474210739,-0.8460612967610359,0.45974540836391264,3
2016-04-03,0.15438314154744148,0.15438314154744148,0.15438314154744148,0.15438314154744148,0.0,1
2016-04-04,-0.17255885992199183,-1.2079120194539428,0.8615197911858559,-0.9440817041322589,0.7771613817444604,7
2016-04-05,-0.42130103101953864,-3.7917092791758478,0.8788797035813332,-0.9654384232126176,0.6725056302351138,9
2016-04-06,-0.18852877534098095,-1.6967589780688286,0.9053971357643604,-0.790073174983263,0.5253918879478192,9
2016-04-07,0.16091633271425962,0.8045816635712981,0.927496287971735,-0.9498384026810527,0.7739543571358869,5
2016-04-08,-0.4274172279983759,-1.7096689119935036,0.2673618495464325,-0.9600882958620787,0.6278119264677552,4
2016-04-11,-0.3129945344602068,-1.877967206761241,0.9040881171822548,-0.9456088449805975,0.738892432562579,6
2016-04-12,-0.24670268595218658,-2.960432231426239,0.7294206991791725,-0.9117932710796595,0.5594289861131112,12
2016-04-13,0.35673441947437823,2.853875355795026,0.9177168868482113,-0.6008064933121204,0.5475020262933775,8
2016-04-14,-0.2952696615830064,-1.7716179694980383,0.31608229130506516,-0.8685761243104935,0.4599102986604942,6
2016-04-15,-0.021058601792901754,-0.12635161075741053,0.5560521110892296,-0.8864118475466967,0.48455930211598885,6
2016-04-18,0.3444363431384166,2.0666180588304996,0.9229271113872528,-0.03586098179221153,0.4193126339613518,6
2016-04-19,0.23810741243263087,0.7143222372978926,0.7520401775836945,-0.03321382589638233,0.4453102594883336,3
2016-04-20,-0.1450688373297453,-0.5802753493189812,0.05798777937889099,-0.5269447267055511,0.2732709880734215,4
2016-04-21,0.02403025492094457,0.19224203936755657,0.9373225271701813,-0.9304640740156174,0.6206385522044664,8
2016-04-22,0.09940082145233949,0.5964049287140369,0.8929950930178165,-0.9004127532243729,0.6057098452999119,6
2016-04-23,-0.0028920285403728485,-0.0028920285403728485,-0.0028920285403728485,-0.0028920285403728485,0.0,1
2016-04-25,-0.2083545107394457,-1.0417725536972284,1.8194317817687988e-05,-0.9440816976130009,0.4119511401570062,5
2016-04-26,-0.40191818634048104,-1.6076727453619242,-0.027946729212999344,-0.9635585807263851,0.4469452648124305,4
2016-04-27,-0.2559613035991788,-3.839419553987682,0.5173213556408882,-0.9434690531343222,0.4485986703101875,15
2016-04-28,-0.10542592437316974,-0.6325555462390184,0.07806141674518585,-0.7150955982506275,0.30231173752713864,6
2016-04-29,-0.19420792981982232,-0.9710396490991116,-0.008826546370983124,-0.3373995814472437,0.15803337200863782,5
2016-04-30,0.20957756228744984,0.4191551245748997,0.3853796049952507,0.03377551957964897,0.24862163309026605,2
2016-05-02,-0.1964684988238982,-1.3752794917672873,0.5084202438592911,-0.934240935370326,0.520202803798534,7
2016-05-03,-0.0015492645713190238,-0.018591174855828285,0.8514994010329247,-0.8160910420119762,0.39003377675359713,12
2016-05-04,-0.15811206367132918,-2.2135688913986087,0.9200444240123034,-0.9611333170905709,0.49906251851881295,14
2016-05-05,-0.2931766230612993,-1.4658831153064966,0.10135145857930183,-0.8703033272176981,0.3918254846777274,5
2016-05-06,-0.004069173165286581,-0.04883007798343897,0.8870427310466766,-0.9571152692660689,0.6633303016153909,12
2016-05-07,-0.04638089518994093,-0.09276179037988186,0.7801533993333578,-0.8729151897132397,1.1688960090813272,2
2016-05-09,-0.0007616595498153142,-0.005331616848707199,0.8006841167807579,-0.7172588109970093,0.44946335285697636,7
2016-05-10,0.27558422088623047,1.6535053253173828,0.8943601623177528,-0.05094427987933159,0.3869536243052266,6
2016-05-11,-0.15805105814202267,-1.7385616395622492,0.8510169945657253,-0.9297940023243427,0.4905721377515763,11
2016-05-12,-0.2658744831569493,-1.0634979326277971,0.0073957256972789764,-0.9512022379785776,0.4589042249824671,4
2016-05-13,-0.31570949622740346,-0.9471284886822104,0.019344689324498177,-0.9365759445354342,0.5382495255140758,3
2016-05-14,0.8992703016847372,0.8992703016847372,0.8992703016847372,0.8992703016847372,0.0,1
2016-05-16,0.11048275865614414,0.5524137932807207,0.5819826126098633,-0.05457374267280102,0.26502064657814606,5
2016-05-17,-0.09253089409321547,-0.5551853645592928,0.3558673541992903,-0.8111406527459621,0.38400769559942155,6
2016-05-18,-0.4081160563354691,-6.121740845032036,0.930000726133585,-0.9633226916193962,0.6121256566821165,15
2016-05-19,-0.021602177593324865,-0.15121524315327406,0.7148542478680611,-0.9440817041322589,0.48864643597987706,7
2016-05-20,0.05041077919304371,0.10082155838608742,0.13109888322651386,-0.030277324840426445,0.11411021104630473,2
2016-05-23,-0.23674345687031745,-1.1837172843515873,0.08015933632850647,-0.9196719285100698,0.40138891166303536,5
2016-05-24,-0.39697070357700187,-1.1909121107310057,-0.02794671431183815,-0.9324836526066065,0.47469537440078624,3
2016-05-25,-0.3208969620366891,-1.9253817722201347,0.19798363745212555,-0.9613322578370571,0.5074642908727416,6
2016-05-26,-0.22534076936010802,-1.5773853855207562,0.9139601532369852,-0.9297941261902452,0.606076938589033,7
2016-05-27,0.06267854985263613,0.5641069486737251,0.9038106948137283,-0.958838177844882,0.7272246119773913,9
2016-05-30,-0.3459406401962042,-0.3459406401962042,-0.3459406401962042,-0.3459406401962042,0.0,1
2016-05-31,0.039716457249596715,0.3177316579967737,0.6613849699497223,-0.9440816920250654,0.5495448986321441,8
2016-06-01,0.035719697506955035,0.4643560675904155,0.9311466906219721,-0.9673052560538054,0.7696001549225872,13
2016-06-02,-0.5350307959597558,-2.140123183839023,-0.029430091381072998,-0.9410005928948522,0.40063557123100957,4
2016-06-03,-0.3313435586885764,-4.307466262951493,0.8479884900152683,-0.9609747529029846,0.5378427258717755,13
2016-06-04,0.20913447020575404,0.4182689404115081,0.30085042398422956,0.11741851642727852,0.129705945719504,2
2016-06-06,-0.1710462016875253,-2.90778542868793,0.8134162575006485,-0.9584772670641541,0.5066601020261361,17
2016-06-07,-0.005713529768399894,-0.045708238147199154,0.5084202289581299,-0.7253401260823011,0.36667886918637066,8
2016-06-08,-0.16702269789363658,-1.169158885255456,0.8015218321233988,-0.955137612298131,0.6827964471041108,7
2016-06-09,-0.4074297155089238,-6.926305163651705,0.8795241750776768,-0.9478589901700616,0.5568752977406576,17
2016-06-10,-0.21511355182155967,-1.290681310929358,0.4192643389105797,-0.881386655382812,0.47902890892478367,6
2016-06-11,-0.83936055470258,-0.83936055470258,-0.83936055470258,-0.83936055470258,0.0,1
2016-06-13,-0.43024453179289895,-2.581467190757394,0.0030449368059635162,-0.814024543389678,0.3815433316879089,6
2016-06-14,-0.392104861433976,-5.097363198641688,0.377291944809258,-0.9653254100121558,0.47257920706052425,13
2016-06-15,0.025701951111356418,0.38552926667034626,0.7278946004807949,-0.9182819612324238,0.5105900316477084,15
2016-06-16,-0.5718280591277612,-5.146452532149851,0.011233765631914139,-0.9577137241140008,0.42211449576595406,9
2016-06-17,-0.3843769021332264,-1.5375076085329056,0.06395363807678223,-0.9304640740156174,0.4780937954848733,4
2016-06-20,-0.23443309888243674,-2.3443309888243675,0.10908140428364277,-0.6937991175800562,0.3025670642325652,10
2016-06-21,-0.23608831821807794,-1.6526182275265455,0.055973608046770096,-0.9225579276680946,0.3831576059366566,7
2016-06-22,-0.3898962086532265,-3.119169669225812,0.5084208101034164,-0.923952791839838,0.5685204734177058,8
2016-06-23,-0.02327089011669159,-0.2559797912836075,0.5084208101034164,-0.8241502270102501,0.35744017868786143,11
2016-06-24,-0.27950787728297566,-11.739330845884979,0.581312557682395,-0.9644386488944292,0.49486677299348125,42
2016-06-25,-0.2770696319639683,-0.8312088958919048,-0.014301612973213196,-0.7378071025013924,0.4003235893044766,3
2016-06-27,-0.33246727029864603,-4.322074513882399,0.7916036210954189,-0.9593787090852857,0.614660166854359,13
2016-06-28,-0.14622139232233167,-2.63198506180197,0.8085267841815948,-0.9338848805055022,0.47062832319526005,18
2016-06-29,-0.18036406068131328,-1.4429124854505062,0.5084208101034164,-0.926476864144206,0.48747969071184194,8
2016-06-30,-0.21418950078077614,-3.4270320124924183,0.7814041078090668,-0.9639804372563958,0.5734468108114854,16
2016-07-01,-0.08290918357670307,-0.6632734686136246,0.9056068118661642,-0.9576876517385244,0.5246061410254704,8
2016-07-05,-0.47418530844151974,-3.793482467532158,0.001740291714668274,-0.9480563402175903,0.44616852807511825,8
2016-07-06,-0.25315224280690446,-4.303588127717376,0.814295157790184,-0.9366350490599871,0.5538124449199343,17
2016-07-07,-0.14567633101250976,-1.165410648100078,0.37025584280490875,-0.9560199482366443,0.5113610430999044,8
2016-07-08,-0.41810098419395775,-5.435312794521451,0.7152559906244278,-0.9351502303034067,0.5267054175439669,13
2016-07-09,-0.00591253861784935,-0.00591253861784935,-0.00591253861784935,-0.00591253861784935,0.0,1
2016-07-11,-0.16091403965320852,-1.4482263568788767,0.7449911627918482,-0.9569686017930508,0.5199805565187245,9
2016-07-12,-0.00331643054431135,-0.03648073598742485,0.8580072708427906,-0.6676886081695557,0.4330977850699345,11
2016-07-13,-0.3663036534562707,-4.761947494931519,0.045123460702598095,-0.9622941613197327,0.4088218300372621,13
2016-07-14,-0.2775515128547947,-3.330618154257536,0.7890281155705452,-0.9403044059872627,0.5110219167621777,12
2016-07-15,-0.39962066538058794,-5.195068649947643,0.8561891056597233,-0.9127064943313599,0.48993906986439467,13
2016-07-16,0.016273364424705505,0.016273364424705505,0.016273364424705505,0.016273364424705505,0.0,1
2016-07-18,-0.07415828166995198,-1.1865325067192316,0.5231601297855377,-0.8745708726346493,0.3461386099847116,16
2016-07-19,-0.15921914918969074,-1.910629790276289,0.10758306831121445,-0.9435118939727545,0.3710504664263065,12
2016-07-20,0.2390187606215477,2.390187606215477,0.8018523678183556,-0.057135265320539474,0.3518596226496199,10
2016-07-21,-0.2816360257565975,-3.3796323090791702,0.14415286481380463,-0.9596587289124727,0.3984460690827848,12
2016-07-22,-0.11623928854241967,-1.1623928854241967,0.9122504144906998,-0.9609949132427573,0.4992062416728011,10
2016-07-24,-0.27131997359295684,-0.8139599207788706,0.08340765349566936,-0.742258919402957,0.42492367002764303,3
2016-07-25,-0.12972932402044535,-1.2972932402044535,0.5440195947885513,-0.9518799260258675,0.45079575378874875,10
2016-07-26,0.06435175478044483,0.5791657930240035,0.5913831740617752,-0.9489656211808324,0.4531248301256886,9
2016-07-27,-0.13408969647975433,-2.4136145366355777,0.911756094545126,-0.9502615975216031,0.48871851905842495,18
2016-07-28,-0.5543761637061835,-2.771880818530917,0.0030447226017713547,-0.9274492971599102,0.4785579161638354,5
2016-07-29,-0.061925941690181695,-0.7431113002821803,0.7951079234480858,-0.9462890792638063,0.48881371841358673,12
2016-07-30,-0.018577507386604946,-0.055732522159814835,0.02296343259513378,-0.08556336909532547,0.0585670530465657,3
2016-08-01,-0.3660392064601183,-3.660392064601183,0.06757277622818947,-0.9649714585393667,0.4759210893468915,10
2016-08-02,-0.9652089728042483,-0.9652089728042483,-0.9652089728042483,-0.9652089728042483,0.0,1
2016-08-03,-0.10604573376476764,-0.5302286688238382,0.8594431160017848,-0.9047402450814843,0.779037174169285,5
2016-08-04,-0.3061453130794689,-2.4491625046357512,0.9273659884929657,-0.961995399557054,0.6971682112986427,8
2016-08-05,0.029158379084297588,0.20410865359008312,0.6277870386838913,-0.537377281114459,0.4636630827615923,7
2016-08-06,-0.8872476713731885,-1.774495342746377,-0.8545530065894127,-0.9199423361569643,0.04623723835445776,2
2016-08-08,-0.16314539639279246,-0.9788723783567548,0.741836704313755,-0.9581060009077191,0.6652047686389517,6
2016-08-09,0.1357928952202201,0.8147573713213205,0.43290698528289795,-0.03915812447667122,0.2234021384960423,6
2016-08-10,-0.16629538954132134,-1.496658505871892,0.3323828876018524,-0.9570648735389113,0.46613887241531576,9
2016-08-11,0.18587687914259732,1.4870150331407785,0.7091291323304176,-0.570949137210846,0.5081381057368297,8
2016-08-12,-0.4084987957030535,-1.633995182812214,0.004313057288527489,-0.9579582177102566,0.4722349830164293,4
2016-08-15,0.018071508966386318,0.14457207173109055,0.7138393968343735,-0.8855461850762367,0.4761647768541329,8
2016-08-16,0.09395106788724661,0.7516085430979729,0.8913277201354504,-0.9501182120293379,0.6618986526427684,8
2016-08-17,-0.13398339899013872,-3.0816181767731905,0.9123602472245693,-0.9469968657940626,0.5874380008938355,23
2016-08-18,-0.029085608509679634,-0.1745136510580778,0.913145337253809,-0.8780286721885204,0.6082826572260082,6
2016-08-19,-0.19559272761560148,-1.7603345485404134,0.6184514472261071,-0.940129566937685,0.4831689322871795,9
2016-08-20,0.03364649973809719,0.03364649973809719,0.03364649973809719,0.03364649973809719,0.0,1
2016-08-22,-0.1375403213314712,-2.2006451413035393,0.9074538499116898,-0.9525462817400694,0.5664005103459846,16
2016-08-23,-0.2880192333832383,-2.592173100449145,0.90516746789217,-0.9563011722639203,0.6420297737949009,9
2016-08-24,-0.26817065405731016,-3.4862185027450323,0.8075464740395546,-0.9637623457238078,0.4864497007127767,13
2016-08-25,-0.13403171044774354,-1.0722536835819483,0.431261601857841,-0.9567765099927783,0.5078419444299175,8
2016-08-26,0.05983343330444768,0.9573349328711629,0.9311741143465042,-0.9424324771389365,0.5359442502570713,16
2016-08-28,0.1951126679778099,0.1951126679778099,0.1951126679778099,0.1951126679778099,0.0,1
2016-08-29,0.04887139215134084,0.7819422744214535,0.9273743350058794,-0.7534305769950151,0.5719106146365458,16
2016-08-30,-0.24197145563084632,-1.9357716450467706,0.4213835038244724,-0.833649542182684,0.44467174627535844,8
2016-08-31,-0.3674040574580431,-3.674040574580431,0.17200501263141632,-0.9581096768379211,0.4925979981883065,10
2016-09-01,-0.47441478206643034,-3.3209034744650126,0.9303335212171078,-0.962141933850944,0.7231861097821513,7
2016-09-02,-0.2845093723652618,-3.9831312131136656,0.7983350232243538,-0.9540418637916446,0.6889351752317975,14
2016-09-06,-0.04409569605357117,-0.39686126448214054,0.9003477469086647,-0.952322730794549,0.662129210322853,9
2016-09-07,-0.17002277603993812,-2.0402733124792576,0.8803610503673553,-0.963169707916677,0.615321508646195,12
2016-09-08,-0.19242161150193876,-1.731794503517449,0.35719025135040283,-0.9009242141619325,0.39875679801910596,9
2016-09-09,-0.023803748317401518,-0.2618412314914167,0.8648297372274101,-0.9626715062186122,0.6147408502718628,11
2016-09-10,-0.9307474503293633,-0.9307474503293633,-0.9307474503293633,-0.9307474503293633,0.0,1
2016-09-11,-0.40887120459228754,-0.8177424091845751,0.010598281398415565,-0.8283406905829906,0.5932194360897234,2
2016-09-12,-0.0709273338317871,-1.4185466766357422,0.9087555892765522,-0.9513777764514089,0.5935776797962375,20
2016-09-13,-0.07477194845676421,-1.8692987114191055,0.9248815542086959,-0.9645261205732822,0.49579559080462504,25
2016-09-14,-0.21477386504411697,-2.1477386504411697,0.5404695421457291,-0.9454323928803205,0.5511893578125067,10
2016-09-15,-0.05111783758426706,-0.30670702550560236,0.9012923017144203,-0.9110135724768043,0.7980046958671663,6
2016-09-16,-0.49139653448946774,-1.965586137957871,0.7725550830364227,-0.9527026414871216,0.843790476520632,4
2016-09-17,-0.8477719239890575,-0.8477719239890575,-0.8477719239890575,-0.8477719239890575,0.0,1
2016-09-19,-0.2674724765121937,-1.3373623825609684,0.740803137421608,-0.9473366644233465,0.6288345613312544,5
2016-09-20,-0.14744806869162452,-1.3270326182246208,0.37092433869838715,-0.9411438228562474,0.42551056108437924,9
2016-09-21,0.1697407430037856,3.055333374068141,0.9308794196695089,-0.9591248370707035,0.5315058678263825,18
2016-09-22,0.30894573327774805,1.8536743996664882,0.8401610944420099,-0.5570432469248772,0.5579000820011519,6
2016-09-23,0.07645783554762602,0.3822891777381301,0.6699034348130226,-0.9647558527067304,0.6539852999936809,5
2016-09-24,-0.8833898883312941,-0.8833898883312941,-0.8833898883312941,-0.8833898883312941,0.0,1
2016-09-25,-0.8589746002107859,-0.8589746002107859,-0.8589746002107859,-0.8589746002107859,0.0,1
2016-09-26,-0.13260484260639974,-0.9282338982447982,0.9235058464109898,-0.9628799064084888,0.6320529635825594,7
2016-09-27,-0.3292041769665148,-2.9628375926986337,0.3974358318373561,-0.9027190394699574,0.5192968884653114,9
2016-09-28,0.13157243855918446,1.5788692627102137,0.87707738019526,-0.9584976397454739,0.6597594752737826,12
2016-09-29,-0.2201188694064816,-1.3207132164388895,0.10533757694065571,-0.9375343695282936,0.39971547140837516,6
2016-09-30,-0.3071285566048963,-2.149899896234274,0.00983431190252304,-0.938818221911788,0.33099450777416073,7
2016-10-03,-0.2867401388606855,-2.0071809720247984,0.022910870611667633,-0.8522678725421429,0.3634476292091827,7
2016-10-04,-0.531809450709261,-4.254475605674088,0.25369138084352016,-0.9485491933301091,0.5168276936470982,8
2016-10-05,-0.20157017651945353,-1.4109912356361747,0.8977911416441202,-0.9642217373475432,0.9275202710287977,7
2016-10-06,-0.7945616582408548,-3.9728082912042737,-0.5758215989917517,-0.9363665170967579,0.15550294831185824,5
2016-10-07,-0.27128447693857277,-2.9841292463243008,0.9216594845056534,-0.9420232605189085,0.6236470367234257,11
2016-10-08,0.019478172063827515,0.019478172063827515,0.019478172063827515,0.019478172063827515,0.0,1
2016-10-09,0.25567999482154846,0.25567999482154846,0.25567999482154846,0.25567999482154846,0.0,1
2016-10-10,-0.3926763931910197,-2.356058359146118,0.006468050181865692,-0.9131843633949757,0.37321565938482415,6
2016-10-11,-0.4085239330306649,-1.6340957321226597,0.3620956055819988,-0.9478216245770454,0.6492371626184849,4
2016-10-12,-0.020438581601613097,-0.18394723441451788,0.896272037178278,-0.9558127420023084,0.6065009990987188,9
2016-10-13,-0.3811415105126798,-3.811415105126798,0.624253660440445,-0.9638528442010283,0.6392440564739378,10
2016-10-14,-0.5878682832699269,-4.702946266159415,0.002116657793521881,-0.9616678953170776,0.40152063548144,8
2016-10-17,-0.2031849587801844,-2.4382195053622127,0.5405334532260895,-0.9561656937003136,0.5400670262406801,12
2016-10-18,0.30669630505144596,1.5334815252572298,0.8966754581779242,0.0032399483025074005,0.4011456277624995,5
2016-10-19,0.03145049894228578,0.31450498942285776,0.8664243407547474,-0.9395989654585719,0.44484718049966127,10
2016-10-20,-0.4396947384811938,-5.276336861774325,0.009171118959784508,-0.9596908707171679,0.4595888781062703,12
2016-10-21,-0.31616430000091594,-1.8969858000054955,0.2039727345108986,-0.9485491933301091,0.46688318070778745,6
2016-10-22,0.06371556455269456,0.12743112910538912,0.10472194757312536,0.022709181532263756,0.057991783011359044,2
2016-10-24,-0.00568083052833875,-0.0340849831700325,0.8444528691470623,-0.9334994088858366,0.6731572338210728,6
2016-10-25,-0.0057908298913389444,-0.023163319565355778,0.6965413242578506,-0.9541850835084915,0.6958998605193423,4
2016-10-26,-0.44527986211081344,-1.3358395863324404,0.01759340614080429,-0.9527026358991861,0.48667966480252156,3
2016-10-27,-0.5630521615967155,-2.8152608079835773,0.8843113891780376,-0.956782822497189,0.8102096492495741,5
2016-10-28,-0.2326787165676554,-3.490180748514831,0.6137510593980551,-0.9516940163448453,0.46811748186776825,15
2016-10-31,-0.33515374455600977,-1.340614978224039,-0.003360578790307045,-0.8556330874562263,0.4045078357877688,4
2016-11-01,-0.2914365992570917,-3.4972391910851,0.8723646067082882,-0.9485491933301091,0.6413505694418344,12
2016-11-02,-0.1373128474556974,-1.9223798643797636,0.9140362460166216,-0.9485491933301091,0.5238431857395107,14
2016-11-03,-0.29887200202792885,-2.9887200202792883,0.767818346619606,-0.9604862183332443,0.5989083150539791,10
2016-11-04,-0.20006013416092505,-2.2006614757701755,0.8444528691470623,-0.956906327046454,0.5312308321877075,11
2016-11-06,-0.14803951419889927,-0.29607902839779854,0.018093638122081757,-0.3141726665198803,0.2349477571721266,2
2016-11-07,0.04184580577368086,0.46030386351048946,0.7821089625358582,-0.5586567521095276,0.4002973778250959,11
2016-11-08,-0.3536503579552201,-7.780307875014842,0.6578197777271271,-0.9575759628787637,0.47567999535436273,22
2016-11-09,0.037348038292423426,2.0914901443757117,0.8874403685331345,-0.9647125755436718,0.5746639185413506,56
2016-11-10,-0.2237154382883626,-3.803162450902164,0.8500546105206013,-0.9648837437853217,0.6059866835923322,17
2016-11-11,-0.20506206496308246,-1.2303723897784948,0.02770342491567135,-0.9485493116080761,0.3756368325871795,6
2016-11-14,-0.5049318112432957,-3.029590867459774,-0.0056321509182453156,-0.9560325713828206,0.38695925748584103,6
2016-11-15,-0.15425349585711956,-1.6967884544283152,0.8444528989493847,-0.9143075775355101,0.5741171197406483,11
2016-11-16,-0.2214492273383907,-1.5501445913687348,0.780831990763545,-0.9485491868108511,0.5987820313633525,7
2016-11-17,0.2345855657809547,1.642098960466683,0.9205634202808142,-0.9590754127129912,0.7529900057171612,7
2016-11-18,0.33402402435118955,2.004144146107137,0.9245866434648633,-0.7045333385467529,0.6436317022765745,6
2016-11-20,0.006125316023826599,0.006125316023826599,0.006125316023826599,0.006125316023826599,0.0,1
2016-11-21,0.3292205200220148,0.9876615600660443,0.7390620559453964,0.012683145701885223,0.3720696577806393,3
2016-11-22,0.20605970397591591,1.0302985198795795,0.6355537846684456,-0.00988772138953209,0.29478209172656467,5
2016-11-23,0.00814240849153562,0.08956649340689182,0.8778064027428627,-0.9547020234167576,0.46115140406975985,11
2016-11-25,-0.2414790153503418,-1.207395076751709,0.0042055025696754456,-0.5824699606746435,0.2795150521942432,5
2016-11-28,-0.43029297422617674,-1.721171896904707,0.015585517510771751,-0.9485491868108511,0.5112781885222412,4
2016-11-29,-0.42210396472364664,-2.9547277530655265,0.03421725705265999,-0.9454216910526156,0.4148445030916285,7
2016-11-30,-0.04468355254669275,-0.6255697356536984,0.9206282831728458,-0.9498351057991385,0.6234712090731996,14
2016-12-01,-0.12590590734034776,-1.2590590734034777,0.892266895622015,-0.9176329579204321,0.6274507126347943,10
2016-12-02,-0.4367752342174451,-2.6206514053046703,0.46775953471660614,-0.9469646755605936,0.5440727332843193,6
2016-12-04,-0.23427503649145365,-0.9371001459658146,-0.00945582240819931,-0.6716970950365067,0.2991111868610947,4
2016-12-05,0.045463962169984974,0.27278377301990986,0.8922668769955635,-0.7338552996516228,0.5502043644540228,6
2016-12-06,-0.19553107406116194,-1.7597796665504575,0.8845782745629549,-0.947411241941154,0.6157997674942904,9
2016-12-07,-0.2974595818668604,-0.8923787456005812,0.060800470411777496,-0.9411438088864088,0.5586352158157306,3
2016-12-08,-0.14102112843344608,-0.8461267706006765,0.84868935495615,-0.9370964039117098,0.6332933261589904,6
2016-12-09,-0.05886296555399895,-0.29431482776999474,0.8758831359446049,-0.81324228271842,0.6254491187017696,5
2016-12-12,0.8624431105951468,2.5873293317854404,0.8891228437423706,0.8324570842087269,0.028477197142957177,3
2016-12-13,0.028963247127830983,0.1448162356391549,0.8922670260071754,-0.950314967893064,0.8133121580042518,5
2016-12-14,0.14920632896775549,3.282539237290621,0.9294532388448715,-0.9631966697052121,0.5602626534218518,22
2016-12-15,-0.09472751002758742,-0.47363755013793707,0.35598306357860565,-0.9414909100160003,0.4945082995633399,5
2016-12-16,0.03414422247026648,0.23900955729186535,0.8444528691470623,-0.4848480522632599,0.4669230620999572,7
2016-12-19,-0.3668692767476806,-4.769300597719848,0.9047336876392365,-0.9658584510907531,0.5334348427503042,13
2016-12-20,0.027567730492187872,0.24810957442969084,0.8947945907711983,-0.8184155859053135,0.5244034754185336,9
2016-12-21,-0.03864854946732521,-0.2705398462712765,0.27362865023314953,-0.4141079783439636,0.20645141732894196,7
2016-12-22,0.03009727969765663,0.12038911879062653,0.1420098952949047,-0.08957219496369362,0.0948956733692399,4
2016-12-23,0.024750936590135098,0.12375468295067549,0.6599847255274653,-0.6125455275177956,0.45045060487674343,5
2016-12-27,-0.23296914795147522,-1.6307840356603265,0.8444528989493847,-0.9512233203276992,0.6708390999958395,7
2016-12-28,0.2253533937036991,1.802827149629593,0.9114767853170633,-0.7713728919625282,0.5682464658188661,8
2016-12-29,-0.14155558004443133,-0.9908890603110194,0.7159609273076057,-0.9589308379217982,0.7260863140600904,7
2016-12-30,0.004686577511685235,0.032806042581796646,0.9295865409076214,-0.9485493116080761,0.5439058122408351,7
2017-01-03,0.2203379087150097,1.1016895435750484,0.8772352933883667,-0.8241492435336113,0.7055032421826333,5
2017-01-04,-0.04986187573522329,-0.49861875735223293,0.8968420028686523,-0.8368005193769932,0.4498667495764192,10
2017-01-05,-0.48011419009417294,-2.4005709504708648,0.2470337450504303,-0.9596977988258004,0.639372259191439,5
2017-01-06,-0.5839482794022736,-9.92712074983865,0.8232321813702583,-0.9522388502955437,0.4455810690066766,17
2017-01-07,-0.2694617956876755,-0.2694617956876755,-0.2694617956876755,-0.2694617956876755,0.0,1
2017-01-08,-0.0385167021304369,-0.0385167021304369,-0.0385167021304369,-0.0385167021304369,0.0,1
2017-01-09,-0.4838925302028656,-0.9677850604057312,-0.019235873594880104,-0.9485491868108511,0.6571237456219511,2
2017-01-10,-0.004954437104364236,-0.029726622626185417,0.8656252510845661,-0.9551395606249571,0.5773337253888544,6
2017-01-11,-0.25966598957099696,-2.8563258852809668,0.7924793288111687,-0.9556274842470884,0.5260090408955381,11
2017-01-12,-0.6444968346816798,-3.866981008090079,0.08587770257145166,-0.9506631456315517,0.37945813247422583,6
2017-01-13,0.04069906217046082,0.32559249736368656,0.7382704094052315,-0.8650209605693817,0.4719170634902042,8
2017-01-15,-0.08387373946607113,-0.08387373946607113,-0.08387373946607113,-0.08387373946607113,0.0,1
2017-01-16,0.010020043700933456,0.010020043700933456,0.010020043700933456,0.010020043700933456,0.0,1
2017-01-17,0.3125403665471822,2.5003229323774576,0.9127129791304469,-0.9506631456315517,0.6087067919520939,8
2017-01-18,0.09229549310273594,0.8306594379246235,0.9169168155640364,-0.9485491868108511,0.7379504428643971,9
2017-01-19,0.3032319569028914,1.8193917414173484,0.8444528691470623,-0.17541106417775154,0.41440921398589703,6
2017-01-20,-0.1020693271420896,-1.020693271420896,0.8922670260071754,-0.945191697217524,0.5769472158700367,10
2017-01-21,0.05800005793571472,0.05800005793571472,0.05800005793571472,0.05800005793571472,0.0,1
2017-01-23,0.0165902448611127,0.1493122037500143,0.9171499349176884,-0.9485491868108511,0.6462844116312725,9
2017-01-24,0.2715212572365999,1.3576062861829996,0.8444528989493847,0.047691598534584045,0.32377974565419254,5
2017-01-25,0.013148381258361042,0.10518705006688833,0.7498752027750015,-0.7629739604890347,0.4162025774022948,8
2017-01-26,-0.37563225212083623,-4.131954773329198,0.2499224841594696,-0.9435621667653322,0.46308488538532666,11
2017-01-27,0.20269466587342322,2.4323359904810786,0.9227088019251823,-0.9485493116080761,0.6625879488290268,12
2017-01-30,-0.1857203235849738,-0.9286016179248691,0.38646453619003296,-0.8871223954483867,0.47860776362323576,5
2017-01-31,-0.2926232486497611,-2.3409859891980886,0.17671877890825272,-0.9513880182057619,0.47308457816206423,8
2017-02-01,0.07566341259516776,1.5132682519033551,0.9260309506207705,-0.9605068750679493,0.5425115659594576,20
2017-02-02,0.058088514452370316,0.7551506878808141,0.850211987271905,-0.9556189207360148,0.4686889915709212,13
2017-02-03,-0.0015059316700155084,-0.016565248370170593,0.924571955576539,-0.962884372100234,0.6560081141964569,11
2017-02-04,-0.4655246902257204,-0.9310493804514408,-0.15781586058437824,-0.7732335198670626,0.4351660001407383,2
2017-02-05,-0.6830181777477264,-0.6830181777477264,-0.6830181777477264,-0.6830181777477264,0.0,1
2017-02-06,-0.1476109172217548,-0.5904436688870192,0.07728054746985435,-0.7094967439770699,0.3760921262463682,4
2017-02-07,-0.18358943458380445,-1.285126042086631,0.8382479548454285,-0.9628574927337468,0.5996694046138934,7
2017-02-08,-0.2984676407650113,-1.4923382038250566,0.28498122096061707,-0.9092931794002652,0.46209639715844725,5
2017-02-09,-0.3303508697491553,-2.973157827742398,0.26931142900139093,-0.8756803404539824,0.36821474943494537,9
2017-02-10,-0.12133240350522101,-0.9706592280417681,0.6709938496351242,-0.7100746259093285,0.43983822578102605,8
2017-02-12,0.838692843914032,0.838692843914032,0.838692843914032,0.838692843914032,0.0,1
2017-02-13,-0.1715807903558016,-1.7158079035580158,0.7984626814723015,-0.9274755977094173,0.5185627567601239,10
2017-02-14,0.24155540438368917,0.9662216175347567,0.8694317117333412,-0.027946699410676956,0.42079563712747003,4
2017-02-15,0.1225664772791788,0.9805318182334304,0.8967853076756,-0.1351342387497425,0.32344651235197874,8
2017-02-16,-0.19536226838827134,-1.9536226838827133,0.7388971913605928,-0.9611117355525494,0.4935070954067208,10
2017-02-17,0.02103266790509224,0.1051633395254612,0.43643603287637234,-0.30945446714758873,0.26686197899626557,5
2017-02-18,-0.11344941891729832,-0.11344941891729832,-0.11344941891729832,-0.11344941891729832,0.0,1
2017-02-19,0.22319138888269663,0.44638277776539326,0.35030834935605526,0.096074428409338,0.1797705295090684,2
2017-02-20,0.020432342309504747,0.040864684619009495,0.031153890304267406,0.009710794314742088,0.015162558583827413,2
2017-02-21,-0.15855809906497598,-0.6342323962599039,0.2078925371170044,-0.8235124759376049,0.45522799001268843,4
2017-02-22,-0.14840025676844212,-1.9292033379897475,0.9060209766030312,-0.9402826866135001,0.6561350091857849,13
2017-02-23,0.14431701484136283,1.1545361187309027,0.9352508578449488,-0.9532416649162769,0.5804631102627666,8
2017-02-24,-0.44958029392485815,-2.697481763549149,-0.02605036459863186,-0.9075182685628533,0.39500976175460534,6
2017-02-25,0.06546319089829922,0.06546319089829922,0.06546319089829922,0.06546319089829922,0.0,1
2017-02-27,-0.14061292689293622,-0.7030646344646811,0.9329081485047936,-0.8806853257119656,0.7457010999242186,5
2017-02-28,-0.12196911139679807,-0.8537837797775865,0.40018925815820694,-0.8667284548282623,0.40892760824895263,7
2017-03-01,0.030075261493523915,0.45112892240285873,0.913575479760766,-0.9095596969127655,0.6031237914850391,15
2017-03-02,-0.13924161600880325,-1.113932928070426,0.8873190116137266,-0.8127446100115776,0.5147405359467725,8
2017-03-03,0.3786975330828379,4.544370396994054,0.9338044542819262,-0.2890663966536522,0.4823537214635913,12
2017-03-06,0.030297466154609407,0.21208226308226585,0.8257844597101212,-0.8690628632903099,0.5104413869846044,7
2017-03-07,0.2553531845203704,2.298178660683334,0.9029360320419073,-0.9391566216945648,0.6341518555122128,9
2017-03-08,-0.11340308709380527,-1.3608370451256633,0.5069178640842438,-0.9510599123314023,0.42077696577986745,12
2017-03-09,-0.030244321934878825,-0.15122160967439413,0.8556398274376988,-0.9169665668159723,0.8041862032500412,5
2017-03-10,-0.06465171958552673,-1.0344275133684278,0.8869110643863678,-0.885773092508316,0.6047793157988481,16
2017-03-11,-0.22493223442385593,-0.6747967032715678,0.0363788241520524,-0.6301502026617527,0.3558049112683625,3
2017-03-12,-0.22623644396662712,-0.22623644396662712,-0.22623644396662712,-0.22623644396662712,0.0,1
2017-03-13,0.09032942308112979,0.36131769232451916,0.9009794108569622,-0.5180093199014664,0.5911233865496193,4
2017-03-14,0.09094630825248631,1.0004093907773495,0.8298473805189133,-0.7728639543056488,0.4000943155286764,11
2017-03-15,0.23975002113729715,4.315500380471349,0.9295538924634457,-0.7957977671176195,0.563919358049535,18
2017-03-16,0.17074445262551308,0.6829778105020523,0.6998392064124346,-0.26809611544013023,0.41783532263813117,4
2017-03-17,-0.20023069940507413,-2.002306994050741,0.1383896991610527,-0.6810668557882309,0.303643299916316,10
2017-03-18,-0.0594831183552742,-0.1189662367105484,0.02049338072538376,-0.13945961743593216,0.11310384967098586,2
2017-03-19,-0.00918513908982277,-0.00918513908982277,-0.00918513908982277,-0.00918513908982277,0.0,1
2017-03-20,-0.13171192056809863,-1.5805430468171835,0.7808568272739649,-0.9264738708734512,0.49749069493034254,12
2017-03-21,-0.26347110932692885,-3.1616533119231462,0.8863012865185738,-0.9661155231297016,0.732321713153898,12
2017-03-22,-0.37943270718235345,-7.9680868508294225,0.731098122894764,-0.9003031998872757,0.5358991962214669,21
2017-03-23,0.038511993984381356,0.23107196390628815,0.8573950529098511,-0.4935748055577278,0.444673928066717,6
2017-03-24,0.17986910518569252,2.15842926222831,0.9193970169872046,-0.7935418225824833,0.5841092675174514,12
2017-03-25,0.29432842694222927,0.8829852808266878,0.8673048242926598,-0.0008238628506660461,0.4962877496124645,3
2017-03-27,-0.22324752470012754,-1.7859801976010203,0.8526011407375336,-0.9010914349928498,0.6130280663216172,8
2017-03-28,0.10199548533329597,1.3259413093328476,0.9239573050290346,-0.7693191319704056,0.4426472991827538,13
2017-03-29,-0.2474357249836127,-1.4846143499016762,0.32164979353547096,-0.8479067534208298,0.47945776923889416,6
2017-03-30,0.1456380095332861,1.602018104866147,0.8840928636491299,-0.9425285905599594,0.6406167402790205,11
2017-03-31,0.1982099579181522,1.5856796633452177,0.9075851868838072,-0.9267728943377733,0.7508854900297935,8
2017-04-01,-0.04151654243469238,-0.04151654243469238,-0.04151654243469238,-0.04151654243469238,0.0,1
2017-04-02,-0.05210946872830391,-0.05210946872830391,-0.05210946872830391,-0.05210946872830391,0.0,1
2017-04-03,-0.5086725033819676,-2.5433625169098377,0.04254256375133991,-0.9563403129577637,0.5050606258217285,5
2017-04-04,-0.427741743857041,-1.710966975428164,0.08269019704312086,-0.9055774742737412,0.5371440872078359,4
2017-04-05,-0.3328178160591051,-2.662542528472841,0.1838802546262741,-0.924962337128818,0.4210120305374024,8
2017-04-06,-0.1254214808344841,-0.6271074041724205,0.09006422199308872,-0.5497017204761505,0.2533659530684025,5
2017-04-07,-0.3345884133595973,-5.353414613753557,0.7413033805787563,-0.9619620023295283,0.5976467936709271,16
2017-04-10,-0.10056999822457631,-0.6034199893474579,0.9227811936289072,-0.7788408994674683,0.6544848387027415,6
2017-04-11,-0.4579933672212064,-3.6639469377696514,0.8488659579306841,-0.9604051038622856,0.6524530221062798,8
2017-04-12,-0.06527697760611773,-0.39166186563670635,0.8433129787445068,-0.9012039341032505,0.8630706975795311,6
2017-04-13,-0.8356809144218763,-2.507042743265629,-0.5821487680077553,-0.9640114223584533,0.21957085281301883,3
2017-04-14,-0.05497652292251587,-0.05497652292251587,-0.05497652292251587,-0.05497652292251587,0.0,1
2017-04-15,0.028734236334760983,0.08620270900428295,0.15279305912554264,-0.04069094359874725,0.10769234432607236,3
2017-04-16,0.06815839558839798,0.06815839558839798,0.06815839558839798,0.06815839558839798,0.0,1
2017-04-18,-0.6495343699519124,-4.546740589663386,-0.16656364500522614,-0.9626924647018313,0.2712935846734575,7
2017-04-19,-0.03389404450232784,-0.20336426701396704,0.8456370942294598,-0.9312939196825027,0.7782690354906664,6
2017-04-20,-0.8523144274950027,-0.8523144274950027,-0.8523144274950027,-0.8523144274950027,0.0,1
2017-04-21,-0.3223968264646828,-1.2895873058587313,0.023572340607643127,-0.947180675342679,0.45923857785959293,4
2017-04-22,0.0023923516273498535,0.0023923516273498535,0.0023923516273498535,0.0023923516273498535,0.0,1
2017-04-23,-0.34526540463169414,-1.0357962138950825,-0.026620402932167053,-0.8829205743968487,0.4682804567774653,3
2017-04-24,-0.052700029184611946,-0.6851003793999553,0.8958706650882959,-0.8669846653938293,0.5829499418866656,13
2017-04-25,-0.15412771073170006,-1.2330216858536005,0.1600996907800436,-0.9187495745718479,0.39654635217590073,8
2017-04-26,0.01585458271438256,0.25367332343012094,0.9259534114971757,-0.8929481729865074,0.5100355300962343,16
2017-04-27,-0.06245170507047858,-0.43716193549335003,0.2423676773905754,-0.34748702868819237,0.2193889375913498,7
2017-04-28,-0.1756733333459124,-1.4053866667672992,0.357665978372097,-0.9042152613401413,0.41043590601666224,8
2017-04-29,0.0631686826236546,0.1263373652473092,0.11578284297138453,0.010554522275924683,0.07440765913663237,2
2017-04-30,0.031650360673666,0.031650360673666,0.031650360673666,0.031650360673666,0.0,1
2017-05-01,-0.2624800717458129,-2.887280789203942,0.2959192916750908,-0.9548568641766906,0.4211570010324142,11
2017-05-02,0.12897084054670163,0.9027958838269114,0.9152875011786819,-0.1971019096672535,0.3998829631654538,7
2017-05-03,0.06497384062302965,0.4548168843612075,0.7935480736196041,-0.9151118863373995,0.5158503585127409,7
2017-05-04,-0.44959077533955377,-2.6975446520373225,0.44514182209968567,-0.9438647897914052,0.5728895152875951,6
2017-05-05,-0.21558768964476055,-1.940289206802845,0.8748061843216419,-0.9548682030290365,0.693079669989569,9
2017-05-06,0.13890028931200504,0.13890028931200504,0.13890028931200504,0.13890028931200504,0.0,1
2017-05-08,0.014287790283560753,0.05715116113424301,0.03680555149912834,-0.03799763321876526,0.03506173746615741,4
2017-05-09,-0.35502486512996256,-2.8401989210397005,0.8018373111262918,-0.9567499756813049,0.6267838664987256,8
2017-05-10,-0.16727510350756347,-0.6691004140302539,0.08067541103810072,-0.8036546856164932,0.4267852592279889,4
2017-05-11,-0.3117154488960902,-1.8702926933765411,0.07221696339547634,-0.9411601945757866,0.464353061983029,6
2017-05-12,-0.3016514787450433,-1.206605914980173,0.1580381654202938,-0.7284288369119167,0.4239030289538127,4
2017-05-15,0.08476739500959714,0.2543021850287914,0.16350657865405083,0.039191415533423424,0.06847199083170662,3
2017-05-16,-0.5646946257911623,-3.3881677547469735,0.0280972458422184,-0.943968859501183,0.41473957850114423,6
2017-05-17,-0.3355158207938075,-3.355158207938075,0.1605505868792534,-0.9094035718590021,0.38522002518622905,10
2017-05-18,-0.00934684268819789,-0.11216211225837469,0.8667515264824033,-0.7705938145518303,0.4900513597543784,12
2017-05-19,-0.3529791308566928,-1.764895654283464,0.9054099079221487,-0.9634342817589641,0.8055740906049936,5
2017-05-21,-0.20502107962965965,-0.20502107962965965,-0.20502107962965965,-0.20502107962965965,0.0,1
2017-05-22,-0.6199117243910829,-1.8597351731732488,-0.0007592141628265381,-0.9425184829160571,0.5363601096377353,3
2017-05-23,-0.378336586846182,-4.918375629000366,0.3053396940231323,-0.9483221024274826,0.4410781995624695,13
2017-05-24,0.05794550505067621,0.8112370707094669,0.9285799860954285,-0.7316562235355377,0.6926456198830024,14
2017-05-25,-0.1690753367729485,-1.014452020637691,0.10741934273391962,-0.8437710758298635,0.3484607909952389,6
2017-05-26,0.022012832574546337,0.044025665149092674,0.05269312672317028,-0.008667461574077606,0.04338848808257989,2
2017-05-27,-0.14273163489997387,-0.7136581744998693,0.4872884899377823,-0.8414978682994843,0.5297824428518866,5
2017-05-30,-0.2224963832208339,-3.782438514754176,0.9081045649945736,-0.8969312813133001,0.5214190066152015,17
2017-05-31,-0.37108739869048196,-6.679573176428676,0.7384850606322289,-0.9514536270871758,0.5302117171941082,18
2017-06-01,-0.0822344608604908,-0.5756412260234356,0.9253359511494637,-0.8807648662477732,0.5580838840437142,7
2017-06-02,-0.3225931969160835,-0.9677795907482505,0.027367956936359406,-0.9282261794432998,0.5266081098447152,3
2017-06-05,-0.3546840570634231,-2.8374724565073848,0.5749112293124199,-0.961015141569078,0.5511463848851771,8
2017-06-06,0.11892647451410691,1.427117694169283,0.9288236200809479,-0.21002179011702538,0.3727235405689104,12
2017-06-07,-0.06155389423171679,-0.7386467307806015,0.5063070952892303,-0.952565111219883,0.34582168822904075,12
2017-06-08,-0.2093793289411975,-4.8157245656475425,0.8806524770334363,-0.9138249270617962,0.4450530129772689,23
2017-06-09,0.03634289316833019,0.18171446584165096,0.6689347513020039,-0.5124316979199648,0.42001706439027714,5
2017-06-10,-0.1446690633893013,-0.1446690633893013,-0.1446690633893013,-0.1446690633893013,0.0,1
2017-06-11,-0.4617094015702605,-0.923418803140521,0.026145361363887787,-0.9495641645044088,0.6899308222097836,2
2017-06-12,-0.33613654917904306,-2.3529558442533016,-0.02794671431183815,-0.7512729167938232,0.32343742364867606,7
2017-06-13,-0.06448440026077959,-0.5803596023470163,0.4463730351999402,-0.8650685148313642,0.39329878586295314,9
2017-06-14,0.12634754572063683,1.2634754572063684,0.912627125158906,-0.8840988017618656,0.4743398971961087,10
2017-06-15,0.03481037276131766,0.24367260932922363,0.9017403684556484,-0.9424964562058449,0.6128896585381571,7
2017-06-16,-0.001800587134701865,-0.012604109942913055,0.8779239021241665,-0.9255451997742057,0.5214579073539429,7
2017-06-19,0.3844572794623673,0.7689145589247346,0.7249923059716821,0.04392225295305252,0.4815892529525544,2
2017-06-20,-0.18987846871217093,-0.5696354061365128,0.2092248871922493,-0.7509135641157627,0.5001328599611883,3
2017-06-21,-0.41608694288879633,-0.8321738857775927,-0.013373326510190964,-0.8188005592674017,0.5695230580349395,2
2017-06-22,-0.4631460104137659,-0.9262920208275318,-0.17817191779613495,-0.7481201030313969,0.4030142267048202,2
2017-06-26,-0.16317029224915636,-1.4685326302424073,0.7057960331439972,-0.9575712801888585,0.5149394303676857,9
2017-06-27,-0.3675610916689038,-4.410733100026846,0.06682036817073822,-0.9147057933732867,0.37939909939094507,12
2017-06-28,-0.23603082727640867,-1.416184963658452,0.014714324846863747,-0.9040643125772476,0.3744567571238599,6
2017-06-29,-0.02047001654282212,-0.20470016542822123,0.4399863416329026,-0.6656804569065571,0.284995877973804,10
2017-06-30,-0.20706417358347348,-1.4494492150843143,0.6467408910393715,-0.8269670233130455,0.4951303945340634,7
2017-07-02,-0.052094755694270134,-0.052094755694270134,-0.052094755694270134,-0.052094755694270134,0.0,1
2017-07-03,-0.21466351649723947,-0.8586540659889579,0.06231989897787571,-0.9464374063536525,0.4889569848510959,4
2017-07-04,0.20915102399885654,0.4183020479977131,0.4445406198501587,-0.026238571852445602,0.3328911588944331,2
2017-07-05,-0.10363977344795353,-2.176435242407024,0.9169120620936155,-0.9675326412543654,0.6405795610112192,21
2017-07-06,0.07999287638813257,0.3199715055525303,0.8857692182064056,-0.7032760828733444,0.6536399114827892,4
2017-07-07,0.1986621570540592,1.5892972564324737,0.911474971100688,-0.9575029769912362,0.6539612086475552,8
2017-07-08,-0.15691386070102453,-0.31382772140204906,0.09827271290123463,-0.4121004343032837,0.3608883133238349,2
2017-07-10,0.2950155511498451,0.8850466534495354,0.9342654272913933,-0.02794673666357994,0.5536166914152275,3
2017-07-11,-0.29260548561190564,-3.511265827342868,0.8355606906116009,-0.955679340288043,0.6123093241097562,12
2017-07-12,0.026504553987511566,0.37106375582516193,0.914928400889039,-0.9532202314585447,0.6333070892783572,14
2017-07-13,0.036563271284103395,0.36563271284103394,0.7123985961079597,-0.6897859610617161,0.35778202097126277,10
2017-07-14,0.11094695469364524,0.44378781877458096,0.5334874540567398,-0.04821704886853695,0.28205264230207167,4
2017-07-15,-0.020029768347740173,-0.020029768347740173,-0.020029768347740173,-0.020029768347740173,0.0,1
2017-07-17,-0.4741392533760518,-1.8965570135042071,0.02548060193657875,-0.9546411288902164,0.5465356691854825,4
2017-07-18,-0.1661578508792445,-1.329262807033956,0.5405598655343056,-0.9554182505235076,0.4977208220883095,8
2017-07-19,-0.0895261898636818,-1.342892847955227,0.9033093024045229,-0.9080133084207773,0.5351453247703415,15
2017-07-20,-0.18557120259437296,-1.6701408233493567,0.8445977671071887,-0.8955397848039865,0.6405244340725627,9
2017-07-21,-0.4795139718335122,-3.8361117746680975,0.020579487085342407,-0.9234659131616354,0.38318238142681793,8
2017-07-22,0.06216616462916136,0.12433232925832272,0.15134381502866745,-0.027011485770344734,0.12611624265554797,2
2017-07-23,-0.25202531926333904,-0.25202531926333904,-0.25202531926333904,-0.25202531926333904,0.0,1
2017-07-24,-0.3251459587365389,-1.6257297936826944,0.18243825435638428,-0.7902507930994034,0.4390952508979543,5
2017-07-25,-0.014927927235310728,-0.164207199588418,0.9248455092310905,-0.9364315094426274,0.6372114529748196,11
2017-07-26,0.13129551232688957,2.3633192218840122,0.8755325935781002,-0.9588824491947889,0.5508276230883384,18
2017-07-27,0.020043138259400923,0.2405176591128111,0.9192537851631641,-0.9619826702401042,0.7095537475711857,12
2017-07-28,-0.3231480905993117,-2.9083328153938055,0.6330855935811996,-0.9232442881911993,0.5539762995574704,9
2017-07-29,-0.09729122805098693,-0.2918736841529608,0.00858871079981327,-0.16590626537799835,0.09302488291853432,3
2017-07-30,0.04632386192679405,0.04632386192679405,0.04632386192679405,0.04632386192679405,0.0,1
2017-07-31,-0.04708267850801349,-0.47082678508013487,0.8478252375498414,-0.721870519220829,0.5527442410570549,10
2017-08-01,-0.2484969568571874,-1.7394786980003119,-0.02794673666357994,-0.762492110952735,0.29765971583788836,7
2017-08-02,-0.14912616447187388,-1.9386401381343603,0.7926487624645233,-0.9186881855130196,0.5944525011639229,13
2017-08-03,-0.5206895424053073,-3.1241372544318438,-0.014335531741380692,-0.8767608292400837,0.39171797924374707,6
2017-08-04,-0.047838831902481616,-0.3827106552198529,0.8271646201610565,-0.7191519010812044,0.4867189815507558,8
2017-08-07,0.48197065686274854,3.3737945980392396,0.9176419693976641,-0.02794671431183815,0.40483314284539823,7
2017-08-08,-0.05646942409553698,-0.7905719373375177,0.7368558030575514,-0.9614682206884027,0.4414537731138633,14
2017-08-09,-0.2347326397895813,-2.347326397895813,0.18281171843409538,-0.8915902059525251,0.39439796831478025,10
2017-08-10,0.00963813304487202,0.08674319740384817,0.8232304155826569,-0.8667393885552883,0.4627723259528247,9
2017-08-11,-0.04677045419812202,-0.23385227099061012,0.24536839127540588,-0.3023260273039341,0.23448993223897563,5
2017-08-12,-0.08095531389117241,-0.40477656945586205,0.7955288048833609,-0.8683342095464468,0.6449174384104832,5
2017-08-14,-0.005582823418080807,-0.027914117090404034,0.9241347732022405,-0.9412287138402462,0.6620887241195891,5
2017-08-15,-0.21159887092653662,-1.692790967412293,0.9265598431229591,-0.9106260044500232,0.5824591603520138,8
2017-08-16,-0.40889861149822965,-6.951276395469904,0.8639024551957846,-0.959493518806994,0.5019462036714379,17
2017-08-17,-0.3368138180607382,-5.725834907032549,0.8974440433084965,-0.9337641568854451,0.540236778338683,17
2017-08-18,-0.3611575122922659,-4.695047659799457,0.6332130851224065,-0.9167011007666588,0.4331381720915242,13
2017-08-19,0.0657993433997035,0.0657993433997035,0.0657993433997035,0.0657993433997035,0.0,1
2017-08-20,0.008992577902972698,0.017985155805945396,0.040127746760845184,-0.022142590954899788,0.044031778065579695,2
2017-08-21,0.06265199929475784,0.12530399858951569,0.06274283304810524,0.06256116554141045,0.00012845832590514114,2
2017-08-22,-0.3965970209799707,-3.965970209799707,0.384410148486495,-0.936860260553658,0.4765611307673909,10
2017-08-23,-0.470936038531363,-5.180296423844993,0.5210942644625902,-0.9592886110767722,0.5134554702596664,11
2017-08-24,-0.3964184893993661,-3.1713479151949286,0.24146960861980915,-0.9611938819289207,0.5199958341849745,8
2017-08-25,-0.0908578036352992,-1.362867054529488,0.5109501630067825,-0.8877213671803474,0.4317272226737687,15
2017-08-26,0.012452244758605957,0.012452244758605957,0.012452244758605957,0.012452244758605957,0.0,1
2017-08-27,-0.6467704297974706,-1.2935408595949411,-0.6334089040756226,-0.6601319555193186,0.018896050889834416,2
2017-08-28,-0.03677034191787243,-0.07354068383574486,-0.027946699410676956,-0.0455939844250679,0.012478514903207578,2
2017-08-29,-0.3655470249775265,-5.117658349685371,0.03180044889450073,-0.9510044669732451,0.4313630195514942,14
2017-08-30,-0.37806496783517873,-4.914844581857324,0.15404174849390984,-0.949843468144536,0.43696123332916154,13
2017-08-31,0.09869329284199259,1.0856262212619185,0.7312765140086412,-0.38042300194501877,0.311041491155759,11
2017-09-01,-0.06581090258744855,-0.7897308310493827,0.8851779121905565,-0.9073071861639619,0.56914487510911,12
2017-09-02,-0.030422694981098175,-0.030422694981098175,-0.030422694981098175,-0.030422694981098175,0.0,1
2017-09-03,-0.6950869783759117,-2.780347913503647,-0.21217358112335205,-0.9574669320136309,0.33004888498756657,4
2017-09-05,-0.14505319605814293,-2.320851136930287,0.8752117343246937,-0.9285892806947231,0.5165866895363412,16
2017-09-06,0.14366742611552277,4.3100227834656835,0.9019618146121502,-0.9393287459388375,0.6098999719809245,30
2017-09-07,0.14294660991678634,3.0018788082525134,0.92007627338171,-0.8468406982719898,0.5506163504056973,21
2017-09-08,-0.09891208708286285,-0.9891208708286285,0.7533916085958481,-0.6978866495192051,0.44701991622995935,10
2017-09-10,0.03070073574781418,0.03070073574781418,0.03070073574781418,0.03070073574781418,0.0,1
2017-09-11,-0.2888822940488656,-1.7332937642931938,0.034139156341552734,-0.9177059549838305,0.4588575680562633,6
2017-09-12,-0.13539154936249057,-0.8123492961749434,0.6630857102572918,-0.9359622364863753,0.5965047321232068,6
2017-09-13,0.23775979178026319,0.9510391671210527,0.8018935117870569,-0.6149341240525246,0.6887537820389561,4
2017-09-14,-0.16754614392464812,-1.8430075831711292,0.6828737473115325,-0.940200375393033,0.5816341820977081,11
2017-09-15,-0.11862952378578484,-0.9490361902862787,0.8812969252467155,-0.8693165741860867,0.7293180118049609,8
2017-09-16,0.009551484137773514,0.009551484137773514,0.009551484137773514,0.009551484137773514,0.0,1
2017-09-18,-0.24999281773343682,-2.4999281773343682,0.8716517221182585,-0.9644745085388422,0.6144415825281762,10
2017-09-19,-0.389341405925474,-5.450779682956636,0.5095753259956837,-0.8978982595726848,0.46208964171143724,14
2017-09-20,-0.1419237534282729,-3.4061700822785497,0.932358879595995,-0.961877123452723,0.5924861538836987,24
2017-09-21,-0.29935106686833834,-2.694159601815045,0.8892983021214604,-0.9456476215273142,0.6975521625984421,9
2017-09-22,-0.23044268926605582,-1.382656135596335,0.1558164544403553,-0.9299479471519589,0.4636273194114019,6
2017-09-23,-0.42739414516836405,-0.8547882903367281,-0.053464172407984734,-0.8013241179287434,0.5288168388555304,2
2017-09-24,-0.04656962025910616,-0.09313924051821232,0.07057941891252995,-0.16371865943074226,0.16567376001550474,2
2017-09-25,-0.13177961875733576,-2.5038127563893795,0.9154562875628471,-0.9610548475757241,0.5324650678438577,19
2017-09-26,-0.23131186854360358,-6.4767323192209005,0.8844858482480049,-0.9417088991031051,0.5184218237294406,28
2017-09-27,0.21639225572686305,2.3803148129954934,0.7790243057534099,-0.8579049147665501,0.4613612307617687,11
2017-09-28,-0.1975091964704916,-1.5800735717639327,0.9195556826889515,-0.9562586350366473,0.553603480701376,8
2017-09-29,-0.40536066171314034,-2.8375246319919825,0.04959685727953911,-0.9480845145881176,0.4772506597948995,7
2017-10-02,-0.2618583197084566,-3.142299836501479,0.8549031987786293,-0.8778461162000895,0.5745896244425186,12
2017-10-03,0.006948172401350278,0.09032624121755362,0.9180101044476032,-0.9438653597608209,0.49806686865675015,13
2017-10-04,-0.47961366884410384,-2.398068344220519,0.05542667955160141,-0.9430461842566729,0.43766072545541573,5
2017-10-05,0.01673582158982754,0.16735821589827538,0.8047788310796022,-0.9016434419900179,0.6222038575343007,10
2017-10-06,-0.3072102595504154,-5.222574412357062,0.7808347418904305,-0.9598210155963898,0.6806617462412518,17
2017-10-07,-0.933696623891592,-0.933696623891592,-0.933696623891592,-0.933696623891592,0.0,1
2017-10-09,0.003802788443863392,0.015211153775453568,0.4105107542127371,-0.4880855605006218,0.3733458720940219,4
2017-10-10,-0.11398395104333758,-0.9118716083467007,0.9084064923226833,-0.9643701519817114,0.66042870465574,8
2017-10-11,0.04348134820942174,0.9565896606072783,0.9103690246120095,-0.9385275412350893,0.5680726780040144,22
2017-10-12,-0.11175942607223988,-1.0058348346501589,0.5547554865479469,-0.9446438290178776,0.44377056485978694,9
2017-10-13,-0.1194214530599614,-2.8661148734390736,0.9219204299151897,-0.9603664884343743,0.576062269759874,24
2017-10-15,-0.22966208308935165,-0.22966208308935165,-0.22966208308935165,-0.22966208308935165,0.0,1
2017-10-16,-0.1351137704681605,-2.70227540936321,0.7080738693475723,-0.929338188841939,0.4287582615891189,20
2017-10-17,0.07873952533118427,1.5747905066236854,0.8979577049612999,-0.9627140983939171,0.5468599793688544,20
2017-10-18,-0.2553416279737245,-2.8087579077109694,0.8977965340018272,-0.9579741060733795,0.6847139432284763,11
2017-10-19,-0.33651236571105464,-4.711173119954765,0.4835245758295059,-0.9648500205948949,0.4842418750762405,14
2017-10-20,0.12929870933294296,1.1636883839964867,0.8856072686612606,-0.7832144983112812,0.4694186550830609,9
2017-10-22,-0.034909024834632874,-0.034909024834632874,-0.034909024834632874,-0.034909024834632874,0.0,1
2017-10-23,-0.04831785376050642,-0.338224976323545,0.7545659802854061,-0.9151786547154188,0.6478191752538214,7
2017-10-24,-0.087247604271397,-0.697980834171176,0.3628380727022886,-0.849528830498457,0.34386310246552776,8
2017-10-25,-0.020087636510531106,-0.3013145476579666,0.8774888142943382,-0.95888776704669,0.5872677451994303,15
2017-10-26,-0.10150849755154923,-1.6241359608247876,0.9256595019251108,-0.8891310021281242,0.4274338380277907,16
2017-10-27,-0.03463087818370415,-0.45020141638815403,0.893178928643465,-0.958601200953126,0.6538334812860858,13
2017-10-28,-0.5791890472173691,-1.7375671416521072,-0.42645449936389923,-0.7850130833685398,0.18508088736181544,3
2017-10-29,-0.13994023203849792,-0.13994023203849792,-0.13994023203849792,-0.13994023203849792,0.0,1
2017-10-30,-0.24361327209044248,-3.8978123534470797,0.18985138460993767,-0.8729778155684471,0.344959356849678,16
2017-10-31,0.02914026118814945,0.14570130594074726,0.9255364518612623,-0.8240951150655746,0.6190062134559288,5
2017-11-01,0.011518076620995998,0.17277114931493998,0.9374513030052185,-0.9310497976839542,0.5052874930649234,15
2017-11-02,0.16018737223930657,2.562997955828905,0.8794006146490574,-0.3693605214357376,0.3725885373858129,16
2017-11-03,-0.27305115829221904,-2.1844092663377523,0.8352746553719044,-0.9230368975549936,0.7162747531159886,8
2017-11-05,-0.7312715910375118,-1.4625431820750237,-0.5682433322072029,-0.8942998498678207,0.23055677468789415,2
2017-11-06,-0.04345098964404315,-0.3476079171523452,0.16783297061920166,-0.31463273614645004,0.17147084944943095,8
2017-11-07,-0.4405225180089474,-0.8810450360178947,0.023571640253067017,-0.9046166762709618,0.6563282528322663,2
2017-11-08,-0.060213654115796086,-0.6021365411579609,0.7626489363610744,-0.9217467708513141,0.6011762669093452,10
2017-11-09,-0.25476247095502913,-2.038099767640233,0.1371423602104187,-0.8998495656996965,0.3724512803002406,8
2017-11-10,-0.1875486159697175,-0.75019446387887,9.8496675491333e-06,-0.7195409964770079,0.354759687569952,4
2017-11-13,0.024980710819363594,0.12490355409681797,0.6561646312475204,-0.644746545702219,0.4727202219760952,5
2017-11-14,-0.19750731298699975,-0.790029251947999,0.023323174566030502,-0.8243051171302795,0.41795337093431895,4
2017-11-15,-0.2752868749878623,-3.0281556248664856,0.017465872690081596,-0.7391827199608088,0.2888049693810133,11
2017-11-16,0.088145399838686,1.3221809975802898,0.6842271462082863,-0.9439431754872203,0.4260990115106827,15
2017-11-17,0.39498026948422194,1.5799210779368877,0.807179644703865,-0.005086645483970642,0.343443131360683,4
2017-11-18,0.005935918539762497,0.005935918539762497,0.005935918539762497,0.005935918539762497,0.0,1
2017-11-20,-0.5061804991215467,-2.5309024956077337,-0.3559837229549885,-0.7732704598456621,0.15776688263505093,5
2017-11-21,0.008474098751321435,0.06779279001057148,0.7699856199324131,-0.7982113379985094,0.44427211476923983,8
2017-11-22,-0.4417741321293371,-3.0924189249053597,0.45622825622558594,-0.9398597460240126,0.56694522741584,7
2017-11-24,-0.33929259013384583,-1.696462950669229,0.2689603203907609,-0.7465293761342764,0.45513405621486097,5
2017-11-27,0.1880748582771048,1.5045988662168384,0.8668621713295579,-0.8866164404898882,0.6549055176307007,8
2017-11-28,-0.16151117003307894,-4.199290420860052,0.8698263503611088,-0.9275803519412875,0.4427742534609387,26
2017-11-29,0.1345980144771082,1.8843722026795149,0.916896590963006,-0.5175516381859779,0.3952484240246251,14
2017-11-30,-0.14089064740321852,-3.0995942428708076,0.8978542890399694,-0.9520362140610814,0.5857333036308348,22
2017-12-01,-0.2270761950686574,-5.676904876716435,0.9161815159022808,-0.9650967894122005,0.5400925966485557,25
2017-12-02,-0.4184053232893348,-0.8368106465786695,-0.006824493408203125,-0.8299861531704664,0.58206319163067,2
2017-12-03,-0.10033437982201576,-0.10033437982201576,-0.10033437982201576,-0.10033437982201576,0.0,1
2017-12-04,-0.009381022420711815,-0.07504817936569452,0.9207346569746733,-0.932614398188889,0.4966189679383308,8
2017-12-05,-0.13747220734755197,-2.0620831102132797,0.6582584530115128,-0.9432947030290961,0.47383742719230026,15
2017-12-06,-0.22319694503676146,-1.7855755602940917,0.14777858927845955,-0.9254547413438559,0.4271766877498514,8
2017-12-07,0.08704628717775147,1.0445554461330175,0.8654681146144867,-0.5822575315833092,0.4307031666573906,12
2017-12-08,-0.1272714901715517,-0.7636289410293102,0.7027914077043533,-0.8901385795325041,0.5415750779563296,6
2017-12-11,-0.26823070034798646,-2.4140763031318784,0.4403928816318512,-0.9396587237715721,0.4785762148039489,9
2017-12-12,-0.4713539824421917,-3.2994778770953417,0.3903971537947655,-0.9582875147461891,0.5353375565731384,7
2017-12-13,0.252674505324854,7.832909665070474,0.9281163830310106,-0.9431003434583545,0.4935275814091032,31
2017-12-14,-0.32419130554128633,-6.1596348052844405,0.8909592144191265,-0.9368236726149917,0.5473775845535384,19
2017-12-15,0.12788879363374275,1.4067767299711704,0.9148886138573289,-0.9364747935906053,0.6270590115468796,11
2017-12-18,0.08070892603559927,0.887798186391592,0.7968542343005538,-0.8142149783670902,0.431321633040874,11
2017-12-19,-0.01609061410029729,-0.24135921150445938,0.6644131867215037,-0.9084122022613883,0.42223543471536623,15
2017-12-20,-0.17110933072399348,-2.7377492915838957,0.9048571027815342,-0.9549759868532419,0.598424343576094,16
2017-12-21,-0.07915815773109595,-0.4749489463865757,0.40361400693655014,-0.7613976784050465,0.37890623990236766,6
2017-12-22,-0.05695936754345894,-0.5695936754345894,0.7527499124407768,-0.9342570090666413,0.5459148337770392,10
2017-12-26,-0.6245860112830997,-2.4983440451323986,0.0759248435497284,-0.9246641360223293,0.4707301806583438,4
2017-12-27,0.033276884350925684,0.06655376870185137,0.15663367416709661,-0.09007990546524525,0.17445284516883622,2
2017-12-28,-0.3441224075853825,-1.7206120379269123,0.8148409090936184,-0.9114048816263676,0.7732700992709197,5
2017-12-29,-0.18114644626621157,-1.4491715701296926,0.2015265915542841,-0.8997281473129988,0.42644405010710856,8
2018-01-01,0.13107091560959816,0.13107091560959816,0.13107091560959816,0.13107091560959816,0.0,1
2018-01-02,-0.13851816145082316,-0.8311089687049389,0.8422714285552502,-0.903148828074336,0.6010774398767927,6
2018-01-03,-0.3179857753838102,-4.769786630757153,0.9220714643597603,-0.9586094487458467,0.6520856523999898,15
2018-01-04,-0.15298373508267105,-1.2238698806613684,0.8851890936493874,-0.8494364991784096,0.5983125289222405,8
2018-01-05,-0.2537752778402397,-1.7764269448816776,0.003940042108297348,-0.9384423233568668,0.34998981455647243,7
2018-01-06,0.24820156457523504,0.7446046937257051,0.4288356602191925,0.09924513846635818,0.16706311402492985,3
2018-01-08,0.024763305205851793,0.09905322082340717,0.5651279836893082,-0.5748735889792442,0.4671952261012035,4
2018-01-09,0.1481553857613887,1.037087700329721,0.928781732916832,-0.7504617096856236,0.5192777437085883,7
2018-01-10,-0.02691078574086229,-0.16146471444517374,0.8451033560559154,-0.7524140030145645,0.6080270835978063,6
2018-01-11,-0.017735561089856283,-0.24829785525798798,0.8942300006747246,-0.903291966766119,0.4998737103773581,14
2018-01-12,0.21887329613996875,1.969859665259719,0.9311367720365524,-0.6228929478675127,0.5850498586379416,9
2018-01-13,-0.32928041244546574,-0.9878412373363972,-0.020612746477127075,-0.8617878742516041,0.46311131442357656,3
2018-01-14,0.7834630971774459,0.7834630971774459,0.7834630971774459,0.7834630971774459,0.0,1
2018-01-15,-0.1267460286617279,-0.1267460286617279,-0.1267460286617279,-0.1267460286617279,0.0,1
2018-01-16,-0.25178062915802,-2.01424503326416,0.4304320141673088,-0.9076668508350849,0.5117557653201008,8
2018-01-17,-0.04321354581043124,-0.6914167329668999,0.9062825553119183,-0.961281874217093,0.7280240568801342,16
2018-01-18,-0.20000305275122324,-3.0000457912683487,0.8934141229838133,-0.9498052466660738,0.6293763605886828,15
2018-01-19,-0.06284766586031765,-1.0055626537650824,0.8917901366949081,-0.9309231340885162,0.5471679976820377,16
2018-01-20,-0.9239588463678956,-0.9239588463678956,-0.9239588463678956,-0.9239588463678956,0.0,1
2018-01-22,0.15292862973486385,1.835143556818366,0.8643009476363659,-0.9517981484532356,0.5293913054415195,12
2018-01-23,-0.024573941630395977,-0.27031335793435574,0.8047693753615022,-0.8678138023242354,0.5167695332190404,11
2018-01-24,-0.1096976458095014,-1.096976458095014,0.720117180608213,-0.8964709807187319,0.519250922641993,10
2018-01-25,0.18602750440024668,1.67424753960222,0.9342395327985287,-0.2879192791879177,0.45590362147898444,9
2018-01-26,0.1566758029576805,1.4100822266191244,0.8042161790654063,-0.19119678437709808,0.32053682254199733,9
2018-01-28,0.4929766037190954,1.4789298111572862,0.9238617764785886,0.2035462912172079,0.380421749765584,3
2018-01-29,-0.21454876381903887,-1.9309388743713498,0.8974196407943964,-0.9078616164624691,0.5817014936822646,9
2018-01-30,-0.544993631541729,-1.089987263083458,-0.4655860234051943,-0.6244012396782637,0.1122993163822955,2
2018-01-31,-0.13787485839566216,-2.2059977343305945,0.9344756174832582,-0.9077562615275383,0.5910915631898677,16
2018-02-01,-0.28383800397730535,-2.5545420357957482,0.6711632069200277,-0.9648567931726575,0.5469841112527405,9
2018-02-02,-0.2510793171823025,-2.00863453745842,0.7344666831195354,-0.8659828417003155,0.5324711639405356,8
2018-02-05,-0.1593057943641075,-2.230281121097505,0.9150594566017389,-0.9641775013878942,0.7437796405992422,14
2018-02-06,-0.1656328731946446,-6.1284163082018495,0.9196950793266296,-0.9545062007382512,0.5151467998440318,37
2018-02-07,0.037761350095804246,0.7929883520118892,0.8800539802759886,-0.9497793037444353,0.6203476805178634,21
2018-02-08,-0.2776623761610073,-4.720260394737124,0.9106514193117619,-0.9533650912344456,0.6167697241981236,17
2018-02-09,-0.10351486665507158,-1.5527229998260736,0.8969741426408291,-0.954893653281033,0.6716091519019147,15
2018-02-12,-0.08243471723315972,-1.154086041264236,0.9152025077491999,-0.963448628783226,0.6135171726895593,14
2018-02-13,-0.15455431956797838,-1.8546518348157406,0.9287663772702217,-0.9590057209134102,0.6567097488459999,12
2018-02-14,-0.02457642729083697,-0.36864640936255455,0.8495288267731667,-0.952303702943027,0.5491548593452059,15
2018-02-15,-0.45566949527710676,-4.101025457493961,0.4371008761227131,-0.9370238585397601,0.5052958611158123,9
2018-02-16,-0.3730619320645928,-3.7306193206459284,0.148020900785923,-0.9207437466830015,0.3660856917428039,10
2018-02-17,0.572248550131917,0.572248550131917,0.572248550131917,0.572248550131917,0.0,1
2018-02-18,0.004255574196577072,0.004255574196577072,0.004255574196577072,0.004255574196577072,0.0,1
2018-02-20,-0.3079661838710308,-1.539830919355154,0.6117857843637466,-0.7843068595975637,0.5973486228978503,5
2018-02-21,0.21367947539935508,1.9231152785941958,0.8834302686154842,-0.9621278615668416,0.6648841843195881,9
2018-02-22,-0.026170954522159364,-0.23553859069943428,0.475198682397604,-0.6883071940392256,0.32271458540032594,9
2018-02-23,-0.30604216928973244,-8.263138570822775,0.9141199514269829,-0.9546442963182926,0.525623987359119,27
2018-02-26,-0.32324374622354907,-1.9394624773412943,0.03515860065817833,-0.7833625078201294,0.3594913381045455,6
2018-02-27,-0.3142734826542437,-3.7712817918509245,0.9011491406708956,-0.9595238771289587,0.533014906542036,12
2018-02-28,-0.24704931676387787,-1.4822959005832672,0.07735968381166458,-0.8291251175105572,0.42253307877325,6
2018-03-01,-0.06211189764392812,-2.546587803401053,0.9020294435322285,-0.9309920333325863,0.4932168201916468,41
2018-03-02,-0.689628936453826,-6.206660428084433,-0.02109774388372898,-0.9526476068422198,0.3873390298472353,9
2018-03-05,-0.14499793170640865,-2.17496897559613,0.9303769618272781,-0.9310276601463556,0.5967648662675832,15
2018-03-06,-0.4679233618080616,-7.486773788928986,0.8645241595804691,-0.9622018253430724,0.5616066665718945,16
2018-03-07,-0.1530176969649999,-3.519407030194998,0.9097790271043777,-0.9593040384352207,0.5124865315960626,23
2018-03-08,-0.029337540845431033,-0.6160883577540517,0.5054540634155273,-0.846611337736249,0.3330532873131431,21
2018-03-09,0.19392579649057654,3.4906643368303776,0.9246997162699699,-0.923151783645153,0.5263163731628917,18
2018-03-11,0.6628041565418243,0.6628041565418243,0.6628041565418243,0.6628041565418243,0.0,1
2018-03-12,-0.03943865350447595,-0.4732638420537114,0.9100172873586416,-0.9269017362967134,0.4920995934683799,12
2018-03-13,-0.15111895038613252,-4.23133061081171,0.82834417745471,-0.9198118541389704,0.43782385264260115,28
2018-03-14,-0.13004357053863783,-3.511176404543221,0.9106241464614868,-0.9615496834740043,0.6199791308407306,27
2018-03-15,0.04793661801765362,1.006668978370726,0.8498368300497532,-0.9457348864525557,0.49217139414781524,21
2018-03-16,0.09874889254570007,0.6912422478199005,0.7904618512839079,-0.5522670969367027,0.47074863172875936,7
2018-03-17,0.02364194020628929,0.02364194020628929,0.02364194020628929,0.02364194020628929,0.0,1
2018-03-19,-0.15103687273545396,-1.3593318546190858,0.831228612922132,-0.933223333209753,0.6310019084993581,9
2018-03-20,0.09650122130719516,1.254515876993537,0.9061120422556996,-0.962616047821939,0.6198305024089823,13
2018-03-21,0.04061459144577384,1.3808961091563106,0.9238088224083185,-0.9618664793670177,0.5844256554241227,34
2018-03-22,-0.09309304308365374,-1.5825817324221134,0.905363978818059,-0.9600396817550063,0.6187397165801635,17
2018-03-23,-0.27263026115925687,-5.179974962025881,0.8415821101516485,-0.9589335415512323,0.5017759015862879,19
2018-03-25,0.927239335142076,0.927239335142076,0.927239335142076,0.927239335142076,0.0,1
2018-03-26,0.061597144645121366,1.1087486036121845,0.8700075754895806,-0.9275757987052202,0.6335501412196456,18
2018-03-27,-0.020111977588385344,-0.20111977588385344,0.9157286658883095,-0.9593325583264232,0.5919908259855647,10
2018-03-28,0.03937715026549995,0.3937715026549995,0.8220863724127412,-0.9585019941441715,0.5862331955904609,10
2018-03-29,-0.3193819519132376,-1.5969097595661879,0.5839072056114674,-0.8959297388792038,0.6075613825064207,5
2018-03-31,-0.0790963638573885,-0.0790963638573885,-0.0790963638573885,-0.0790963638573885,0.0,1
2018-04-02,-0.2862187889404595,-2.5759691004641354,0.7904006764292717,-0.9613615861162543,0.6973524364662915,9
2018-04-03,0.026564861329174357,0.5047323652543128,0.9211598485708237,-0.9638871592469513,0.6605818659639822,19
2018-04-04,-0.12153656362955059,-4.253779727034271,0.9316326268017292,-0.9545247871428728,0.5708774608833467,35
2018-04-05,0.0575965867293152,0.6335624540224671,0.8555102748796344,-0.9560356074944139,0.6456185361921273,11
2018-04-06,-0.1368898188300205,-4.5173640213906765,0.9297940228134394,-0.9601147873327136,0.6826065516327486,33
2018-04-07,0.7740425392985344,0.7740425392985344,0.7740425392985344,0.7740425392985344,0.0,1
2018-04-08,-0.7072687037289143,-1.4145374074578285,-0.6594744473695755,-0.755062960088253,0.06759128554691342,2
2018-04-09,0.06638672718634972,1.7260549068450928,0.9113842621445656,-0.8713165484368801,0.5719251802717756,26
2018-04-10,0.029979296083397725,1.0192960668355227,0.9079581322148442,-0.8601405965164304,0.6347609445219767,34
2018-04-11,-0.1519626560053084,-6.230468896217644,0.9227300770580769,-0.9594390401616693,0.5104575579918051,41
2018-04-12,0.1458311075876866,5.104088765569031,0.919444328173995,-0.9381364891305566,0.4883013391680036,35
2018-04-13,-0.31765177707450515,-12.3884193059057,0.7229515612125397,-0.9588575502857566,0.4931842383678958,39
2018-04-14,-0.7921037264168262,-0.7921037264168262,-0.7921037264168262,-0.7921037264168262,0.0,1
2018-04-15,-0.4949827119708061,-0.4949827119708061,-0.4949827119708061,-0.4949827119708061,0.0,1
2018-04-16,-0.238188412310856,-7.383840781636536,0.9288454484194517,-0.9433203069493175,0.6092095332735297,31
2018-04-17,-0.0026589519903063774,-0.06647379975765944,0.9307146277278662,-0.9397711157798767,0.575326253989809,25
2018-04-18,-0.14543515680513033,-3.4904437633231282,0.901236648671329,-0.9535839650779963,0.6253212155956205,24
2018-04-19,-0.07560080610901902,-2.8728306321427226,0.9112680805847049,-0.9586165333166718,0.6069561112297468,38
2018-04-20,-0.25736817190619676,-4.889995266217738,0.913922131061554,-0.9611089606769383,0.7248012369930268,19
2018-04-22,-0.2927493378520012,-0.5854986757040024,0.1734597012400627,-0.7589583769440651,0.6593191459849252,2
2018-04-23,-0.2558565016247724,-4.861273530870676,0.8317072782665491,-0.9547020522877574,0.5937843562535242,19
2018-04-24,-0.031024540520527145,-0.6825398914515972,0.9093977557495236,-0.9553984114900231,0.6122516380008731,22
2018-04-25,-0.4888303068000823,-2.932981840800494,0.9116192543879151,-0.9606711156666279,0.7829881273257899,6
2018-04-26,0.09760898108860212,1.3665257352404296,0.8653399609029293,-0.9591268501244485,0.5318890745951786,14
2018-04-27,0.19195044307929018,4.414860190823674,0.9165135324001312,-0.9528123196214437,0.5582717440349795,23
2018-04-29,0.009902369230985641,0.009902369230985641,0.009902369230985641,0.009902369230985641,0.0,1
2018-04-30,-0.000425124673971108,-0.008927618153393269,0.9172497168183327,-0.9437679350376129,0.5252989792473429,21
2018-05-01,-0.17251344304531813,-3.2777554178610444,0.903143897652626,-0.9602551469579339,0.6064409172866692,19
2018-05-02,-0.1710399080378314,-4.104957792907953,0.8940174952149391,-0.9426344707608223,0.5228137747150973,24
2018-05-03,-0.45495894451492597,-6.369425223208964,0.18006310239434242,-0.9575032638385892,0.46060499898470414,14
2018-05-04,0.03621543856570497,0.5794470170512795,0.9176488220691681,-0.9600774357095361,0.7457895831357839,16
2018-05-06,-0.7746654525399208,-0.7746654525399208,-0.7746654525399208,-0.7746654525399208,0.0,1
2018-05-07,-0.17664143927395343,-1.7664143927395344,0.4433406591415405,-0.8772328197956085,0.5252740535460356,10
2018-05-08,-0.2537748123150925,-10.912316929548979,0.9140188759192824,-0.9623720571398735,0.5764061865228798,43
2018-05-09,0.07984607866300004,1.1178451012820005,0.8933398444205523,-0.9546399191021919,0.6148414184207015,14
2018-05-10,0.2566406875072668,3.0796882500872016,0.9211846776306629,-0.6492415964603424,0.5756037872357701,12
2018-05-11,-0.09959632675680849,-1.7927338816225529,0.8891251906752586,-0.8820097427815199,0.4715781167074082,18
2018-05-13,-0.33391161262989044,-0.33391161262989044,-0.33391161262989044,-0.33391161262989044,0.0,1
2018-05-14,0.3589412961155176,3.589412961155176,0.8696468099951744,-0.17834754288196564,0.3978850049185878,10
2018-05-15,-0.39914421246880116,-6.78545161196962,0.8103544190526009,-0.9599738018587232,0.602442418624353,17
2018-05-16,0.01494183111935854,0.2689529601484537,0.8921040743589401,-0.8800872843712568,0.6244835839622268,18
2018-05-17,-0.12293230630457401,-3.0733076576143503,0.8753497991710901,-0.9462488880380988,0.6522160402855208,25
2018-05-18,-0.22449149583515368,-4.26533842086792,0.9109409023076296,-0.9616519929841161,0.6355220297024097,19
2018-05-19,0.9306916929781437,0.9306916929781437,0.9306916929781437,0.9306916929781437,0.0,1
2018-05-20,0.34100957168266177,2.0460574300959706,0.8620630167424679,-0.10210766643285751,0.3752848274440149,6
2018-05-21,0.10159834765869638,2.336761996150017,0.9322690516710281,-0.9574416605755687,0.6352004277047009,23
2018-05-22,0.05951826093304488,1.6069930451922119,0.9184263274073601,-0.9659039811231196,0.6698181139809446,27
2018-05-23,-0.15130338756367565,-3.782584689091891,0.9280983619391918,-0.9596860352903605,0.7137451186548674,25
2018-05-24,-0.3639417771767411,-16.37737997295335,0.8984853783622384,-0.9609140884131193,0.571956081376078,45
2018-05-25,-0.21428470810254416,-1.9285623729228973,0.8688284792006016,-0.9514576429501176,0.7415237708759692,9
2018-05-27,0.009902369230985641,0.009902369230985641,0.009902369230985641,0.009902369230985641,0.0,1
2018-05-29,-0.35992627482240397,-5.39889412233606,0.5362192988395691,-0.9600314060226083,0.5644738915466713,15
2018-05-30,0.15575237116879886,4.2053140215575695,0.9064746759831905,-0.8893646998330951,0.5779392132960172,27
2018-05-31,-0.08765111517693315,-3.0677890311926603,0.9216664172708988,-0.955700708553195,0.6458399017643467,35
2018-06-01,-0.14197876325084102,-3.833426607772708,0.8858337663114071,-0.9594567660242319,0.548187393029397,27
2018-06-03,-0.941879159770906,-0.941879159770906,-0.941879159770906,-0.941879159770906,0.0,1
2018-06-04,-0.34947756005244124,-3.145298040471971,0.8207087507471442,-0.9419976621866226,0.5893739070564064,9
2018-06-05,-0.10035548137966543,-1.605687702074647,0.8070229589939117,-0.9517798162996769,0.549192862093029,16
2018-06-06,-0.04685248496631781,-0.8433447293937206,0.8602903783321381,-0.9634403148666024,0.6225304151541731,18
2018-06-07,-0.24039957579225302,-2.644395333714783,0.4568750709295273,-0.9547283882275224,0.5045703583233743,11
2018-06-08,-0.22379503417760133,-2.2379503417760134,0.8077525645494461,-0.9638037355616689,0.6274525902141477,10
2018-06-11,0.1003210783403899,1.4044950967654586,0.9033961500972509,-0.9363520257174969,0.5987847378557835,14
2018-06-12,0.042105950622095004,1.136860666796565,0.895499812439084,-0.8524052780121565,0.42846996160402473,27
2018-06-13,0.16703059304771678,4.67685660533607,0.9313304033130407,-0.9371387613937259,0.5670508430649546,28
2018-06-14,-0.04426188432964785,-1.2835946455597878,0.845606405287981,-0.9152128603309393,0.513923059093599,29
2018-06-15,-0.32626991567667574,-7.830477976240218,0.8677095957100391,-0.9594453852623701,0.556190132465983,24
2018-06-18,-0.29848499743578333,-3.5818199692294,0.8944379724562168,-0.955870951525867,0.7223304664879594,12
2018-06-19,-0.3968841607682407,-7.937683215364814,0.9140957873314619,-0.9601726764813066,0.5473370458968219,20
2018-06-20,0.09088031271178472,1.7267259415239096,0.9161168541759253,-0.881197165697813,0.5167979237253721,19
2018-06-21,-0.5473482337256428,-8.757571739610285,0.5571417054161429,-0.9647665936499834,0.4713747624807868,16
2018-06-22,-0.03421831770489613,-0.513274765573442,0.8673863708972931,-0.9155530631542206,0.6406220904864074,15
2018-06-24,0.05524979531764984,0.05524979531764984,0.05524979531764984,0.05524979531764984,0.0,1
2018-06-25,-0.6379742024179834,-8.293664631433785,0.045731302350759506,-0.9603977613151073,0.40838171065189993,13
2018-06-26,0.16260935154197545,4.715671194717288,0.931618420407176,-0.9510855805128813,0.5269464223595703,29
2018-06-27,0.0365293730981648,0.7305874619632959,0.8481283532455564,-0.931342663243413,0.42413142342578064,20
2018-06-28,0.046940374188125134,0.46940374188125134,0.8957790480926633,-0.9430314106866717,0.5488506876694362,10
2018-06-29,0.012907906311253707,0.1936185946688056,0.7296745916828513,-0.922533979639411,0.49758365891008816,15
2018-07-02,-0.40637388913374806,-3.6573650022037327,0.5521538583561778,-0.9599063815549016,0.5732887841775908,9
2018-07-03,0.1182789613625833,0.8279527295380831,0.8559830784797668,-0.37135763466358185,0.41855920840604466,7
2018-07-04,-0.4840508718043566,-0.9681017436087132,-0.12510093301534653,-0.8430008105933666,0.5076318716484103,2
2018-07-05,-0.10276666733746727,-3.083000020124018,0.8883405663073063,-0.9560106107965112,0.5011732438243516,30
2018-07-06,0.18651246023364365,2.238149522803724,0.9241787362843752,-0.8299982324242592,0.5925290178086545,12
2018-07-09,-0.035713424906134605,-0.5357013735920191,0.8830979391932487,-0.9065453056246042,0.5441364336096509,15
2018-07-10,-0.15357180731371045,-2.1500053023919463,0.09406517446041107,-0.9194479649886489,0.33417163865397465,14
2018-07-11,-0.005234730714518163,-0.09422515286132693,0.9070648159831762,-0.9600573712959886,0.7386326135982625,18
2018-07-12,0.23942633803401675,8.379921831190586,0.9188842829316854,-0.929186993278563,0.5493822761906786,35
2018-07-13,-0.2903417815581303,-6.387519194278866,0.9305438119918108,-0.9591740989126265,0.5561138640296049,22
2018-07-16,-0.2912773979170358,-4.951715764589608,0.8508391194045544,-0.9556466192007065,0.5052477179272143,17
2018-07-17,-0.04219302393567677,-1.097018622327596,0.9289922211319208,-0.9488424025475979,0.6428516677079694,26
2018-07-18,-0.03638626169413328,-0.8732702806591988,0.923633998259902,-0.9466027030721307,0.6426962417126253,24
2018-07-19,-0.2404576184760247,-5.049609987996519,0.8191620530560613,-0.9600396333262324,0.5866505536118324,21
2018-07-20,-0.052420160062611104,-1.3105040015652776,0.9010658357292414,-0.9576131654903293,0.5643922652925647,25
2018-07-22,0.4966699853539467,0.4966699853539467,0.4966699853539467,0.4966699853539467,0.0,1
2018-07-23,-0.07485354122367095,-1.6467779069207609,0.9286038335412741,-0.9508506334386766,0.6699548919760352,22
2018-07-24,0.28178703064393057,5.353953582234681,0.9273876864463091,-0.8954416215419769,0.6115267564706357,19
2018-07-25,0.32416994413360956,6.483398882672191,0.9132866635918617,-0.9158284971490502,0.5677369453914255,20
2018-07-26,-0.14567303843796253,-3.4961529225111008,0.8829186772927642,-0.9437518576160073,0.5618034816555864,24
2018-07-27,0.49691208607206744,10.435153807513416,0.9383522840216756,-0.90763043705374,0.4899889418759235,21
2018-07-29,-0.8817523261532187,-0.8817523261532187,-0.8817523261532187,-0.8817523261532187,0.0,1
2018-07-31,0.33936795871704817,0.6787359174340963,0.9279232528060675,-0.24918733537197113,0.8323428791071766,2
2018-08-03,-0.059709981083869934,-1.2539096027612686,0.8959161937236786,-0.9643379794433713,0.6690649843951476,21
2018-08-06,-0.07771031350757067,-1.0102340755984187,0.9080146290361881,-0.9485062258318067,0.5415926975246781,13
2018-08-07,0.4537457339465618,4.083711605519056,0.871611762791872,-0.7733734101057053,0.5180906363587108,9
2018-08-08,-0.3902821240148374,-5.463949736207724,0.5484153926372528,-0.9506010580807924,0.5353185356599781,14
2018-08-09,-0.27374356891959906,-1.0949742756783962,0.21814146637916565,-0.7220926210284233,0.5166305298653175,4
2018-08-10,-0.5310727256084127,-7.435018158517778,0.6669153813272715,-0.9600732084363699,0.5708191593163809,14
2018-08-13,-0.6369579538392524,-1.9108738615177572,0.0028148889541625977,-0.959848003461957,0.5540676759787524,3
2018-08-14,-0.015380084780710084,-0.21532118692994118,0.8769624596461654,-0.9552650768309832,0.6775628772252147,14
2018-08-15,-0.1753057640666763,-2.6295864610001445,0.9071566704660654,-0.9605071498081088,0.6567793630566472,15
2018-08-16,0.04583710903922717,0.6875566355884075,0.8806662671267986,-0.8851870764046907,0.5639425582690664,15
2018-08-17,-0.015840538602788,-0.253448617644608,0.8307636082172394,-0.9485174464061856,0.5533856618470664,16
2018-08-19,-0.3519218172878027,-0.7038436345756054,0.009902369230985641,-0.713746003806591,0.5116966717694829,2
2018-08-20,-0.016822703648358583,-0.37009948026388884,0.8479148643091321,-0.8294694162905216,0.4539964604547368,22
2018-08-21,-0.11293435348745655,-3.8397680185735226,0.8650403581559658,-0.9599653733894229,0.6005044095899442,34
2018-08-22,-0.08337491929817659,-2.167747901752591,0.9198543392121792,-0.9567660596221685,0.635573733934383,26
2018-08-23,-0.14817153418372417,-4.296974491328001,0.9064593315124512,-0.9659115122631192,0.6557999032057856,29
2018-08-24,0.0014737296228607495,0.022105944342911243,0.8809152506291866,-0.9375689560547471,0.6414945328593895,15
2018-08-26,-0.3165258690714836,-0.3165258690714836,-0.3165258690714836,-0.3165258690714836,0.0,1
2018-08-27,0.35456732558933174,3.900240581482649,0.8698121607303619,-0.6055714003741741,0.4448830681116118,11
2018-08-28,-0.08982974952086806,-0.8982974952086806,0.63509801030159,-0.9492463106289506,0.5822687412603178,10
2018-08-29,0.19627576787024736,3.7292395895347,0.9182891519740224,-0.8134994804859161,0.586250054200044,19
2018-08-30,-0.27830871093002235,-6.122791640460491,0.8914446104317904,-0.9598767468705773,0.5959518161815379,22
2018-08-31,-0.10301825273092147,-2.7814928237348795,0.7607461838051677,-0.9320147885009646,0.5423892960430489,27
2018-09-01,-0.9276131065562367,-0.9276131065562367,-0.9276131065562367,-0.9276131065562367,0.0,1
2018-09-04,-0.21187426436405915,-2.754365436732769,0.9210933139547706,-0.9602639079093933,0.633388576711256,13
2018-09-05,-0.13579166004353244,-3.123208181001246,0.9235582984983921,-0.9426737576723099,0.6545060902672986,23
2018-09-06,-0.13814447449985892,-2.7628894899971783,0.920385698787868,-0.9490004233084619,0.7361104531090272,20
2018-09-07,-0.0903638304832081,-1.89764044014737,0.9316740082576871,-0.9564397176727653,0.6300484327218344,21
2018-09-08,0.11379720084369183,0.11379720084369183,0.11379720084369183,0.11379720084369183,0.0,1
2018-09-10,-0.0406667474149303,-0.4473342215642333,0.45816053450107574,-0.957432477734983,0.4231916212623216,11
2018-09-11,-0.1623325631643335,-2.4349884474650025,0.9205308873206377,-0.9557850332930684,0.6297103340188139,15
2018-09-12,0.14798949246427842,4.143705788999796,0.921923216432333,-0.9578427588567138,0.6381884479473949,28
2018-09-13,0.0781700094588674,1.0162101229652762,0.9186354018747807,-0.915536536835134,0.64754967974362,13
2018-09-14,0.049301663879305124,0.49301663879305124,0.8595805577933788,-0.9349900586530566,0.639560498119811,10
2018-09-15,0.29856949485838413,0.29856949485838413,0.29856949485838413,0.29856949485838413,0.0,1
2018-09-16,-0.24129198615749678,-0.7238759584724903,0.14693539589643478,-0.8588252160698175,0.5406703996356964,3
2018-09-17,-0.06816945992410182,-1.7042364981025457,0.9010732471942902,-0.9491610936820507,0.6642693589816092,25
2018-09-18,-0.13063785314559936,-3.265946328639984,0.8831127285957336,-0.9254855904728174,0.5801627721375232,25
2018-09-19,-0.0637554853844146,-0.7650658246129751,0.862632256001234,-0.9105540290474892,0.581282215474158,12
2018-09-20,0.20481814765794712,2.252999624237418,0.8853927105665207,-0.8834326155483723,0.5880767590758896,11
2018-09-21,-0.19373317412100732,-3.099730785936117,0.8857689052820206,-0.93047328107059,0.5201262732618804,16
2018-09-22,0.009902369230985641,0.009902369230985641,0.009902369230985641,0.009902369230985641,0.0,1
2018-09-24,-0.1952220081196477,-2.3426640974357724,0.8662103852257133,-0.9474305873736739,0.6639089498937665,12
2018-09-25,-0.16098465319149768,-2.09280049148947,0.721738874912262,-0.8651978010311723,0.4372574573741401,13
2018-09-26,0.07714875486302883,3.625991478562355,0.9368410352617502,-0.9028410203754902,0.5216993054768956,47
2018-09-27,0.11165065271779895,0.8932052217423916,0.8176066130399704,-0.48794759809970856,0.3860012238188483,8
2018-09-28,-0.22765053239547545,-4.097709583118558,0.4444666262716055,-0.941410481929779,0.4599468895567976,18
2018-09-30,0.3793595815077424,0.7587191630154848,0.7438643239438534,0.014854839071631432,0.51548755030246,2
2018-10-01,0.44103978348097633,9.261835453100502,0.926925640553236,-0.882487278431654,0.5190218381914641,21
2018-10-02,-0.22883922901625434,-4.119106122292578,0.9038855778053403,-0.9545391807332635,0.5447731328886473,18
2018-10-03,0.13777208873070776,2.7554417746141553,0.9060564506798983,-0.9448772892355919,0.6556491414968341,20
2018-10-04,-0.43425173638388515,-3.474013891071081,0.3389745056629181,-0.9603843558579683,0.5667594614252062,8
2018-10-05,0.23819833521086436,3.0965783577412367,0.9238681439310312,-0.9202573262155056,0.5449128352969264,13
2018-10-06,-0.03705211170017719,-0.03705211170017719,-0.03705211170017719,-0.03705211170017719,0.0,1
2018-10-07,0.3811936192214489,0.3811936192214489,0.3811936192214489,0.3811936192214489,0.0,1
2018-10-08,-0.5911518293432891,-2.9557591467164457,0.7810902753844857,-0.9466703929938376,0.7673250755672648,5
2018-10-09,-0.14501645442630565,-2.030230361968279,0.9304456654936075,-0.9559318460524082,0.5928764179074798,14
2018-10-10,-0.3560394046916848,-7.476827498525381,0.5968199912458658,-0.9573530284687877,0.5648795019326943,21
2018-10-11,-0.13497711513907865,-3.5094049936160445,0.9326596697792411,-0.9245207998901606,0.5501390441951168,26
2018-10-12,-0.057872856470445794,-0.8680928470566869,0.8769837580621243,-0.962486969307065,0.6340086087951049,15
2018-10-13,-0.029322729911655188,-0.058645459823310375,0.11248976457864046,-0.17113522440195084,0.20055315302213594,2
2018-10-14,-0.2416014105081558,-1.2080070525407791,0.05595789849758148,-0.9235195461660624,0.4157784874668665,5
2018-10-15,-0.4057359912122289,-6.086039868183434,0.5949079319834709,-0.952110038138926,0.5034652878129467,15
2018-10-16,-0.005208597208062808,-0.07812895812094212,0.8870499804615974,-0.7538433577865362,0.5472171009819325,15
2018-10-17,-0.34962605009786785,-6.992521001957357,0.8540971428155899,-0.9601705819368362,0.5636691279867622,20
2018-10-18,-0.25459234519595547,-3.5642928327433765,0.9211929440498352,-0.961604387499392,0.6765550111634295,14
2018-10-19,-0.05269409846514463,-0.7904114769771695,0.8637401610612869,-0.9394095400348306,0.6218669306858104,15
2018-10-22,-0.2219392970825235,-1.9974536737427115,0.8016684725880623,-0.9421863984316587,0.6530209906295449,9
2018-10-23,-0.23954483302077278,-3.8327173283323646,0.9104274604469538,-0.9595910785719752,0.6081733579533859,16
2018-10-24,-0.42044171918183565,-10.511042979545891,0.9037709981203079,-0.9559474987909198,0.46790630903773417,25
2018-10-25,0.02584397518897758,0.43934757821261883,0.8875373974442482,-0.9252378270030022,0.46967579016479827,17
2018-10-26,-0.3911813004873693,-5.8677195073105395,0.046133123338222504,-0.9629616225138307,0.44441333874370714,15
2018-10-29,-0.12304945732466877,-1.4765934878960252,0.8557485528290272,-0.9542222302407026,0.5548831285698277,12
2018-10-30,0.19046180951409042,1.5236944761127234,0.8825703151524067,-0.463163822889328,0.5040091073842042,8
2018-10-31,0.193376724421978,1.93376724421978,0.8866348303854465,-0.9547505984082818,0.6759055761067327,10
2018-11-01,0.3071297573624179,4.914076117798686,0.9280320154502988,-0.929313593544066,0.5634006530327546,16
2018-11-02,-0.04367628179412956,-1.0482307630591094,0.9135281927883625,-0.9644616162404418,0.5894880899518363,24
2018-11-04,0.0863706860691309,0.0863706860691309,0.0863706860691309,0.0863706860691309,0.0,1
2018-11-05,0.09860122692771256,1.577619630843401,0.9090998210012913,-0.8291280008852482,0.5487271836532707,16
2018-11-06,-0.15677883233875037,-1.5677883233875036,0.3731359541416168,-0.953276670537889,0.5136337956329353,10
2018-11-07,0.0074643817996340135,0.1567520177923143,0.8848408507183194,-0.9576867651194334,0.6181146171367347,21
2018-11-08,-0.3645894799148664,-7.291789598297328,0.6688666604459286,-0.9542044578120112,0.4958722367987068,20
2018-11-09,-0.16476962382439525,-3.295392476487905,0.9259876050055027,-0.9598717372864485,0.5795795663483786,20
2018-11-10,-0.07407138869166374,-0.07407138869166374,-0.07407138869166374,-0.07407138869166374,0.0,1
2018-11-12,-0.4233685778971348,-3.810317201074213,0.764178978279233,-0.9598207697272301,0.6665517046756306,9
2018-11-13,0.0033358903601765633,0.04003068432211876,0.9267085287719965,-0.93983209785074,0.6193838408826853,12
2018-11-14,-0.15087739034788683,-1.2070191227830946,0.8624688051640987,-0.9468892482109368,0.7095923953175071,8
2018-11-15,-0.21719591066241264,-5.429897766560316,0.9122752882540226,-0.9501883340999484,0.5996457451649392,25
2018-11-16,-0.013275080426995243,-0.1858511259779334,0.9172215797007084,-0.9286549733951688,0.6429732656649348,14
2018-11-17,0.009902369230985641,0.009902369230985641,0.009902369230985641,0.009902369230985641,0.0,1
2018-11-19,-0.7172663050393263,-4.303597830235958,0.1267477422952652,-0.9469500170089304,0.4264735719745944,6
2018-11-20,-0.22251720324641577,-6.007964487653226,0.9358881041407585,-0.9604626568034291,0.6349216176330146,27
2018-11-21,-0.03622965132817626,-0.3622965132817626,0.8764379173517227,-0.952517475001514,0.6431048998360017,10
2018-11-23,-0.45906010661274194,-2.2953005330637097,0.009902369230985641,-0.9559038728475571,0.46072109318030036,5
2018-11-25,-0.7018381065378586,-2.105514319613576,-0.36960838735103607,-0.9166874270886183,0.2918175584470879,3
2018-11-26,0.09625272660826643,1.4437908991239965,0.8962460914626718,-0.9520167703740299,0.5348830664989801,15
2018-11-27,-0.1255154347163625,-3.0123704331927,0.9352698251605034,-0.9521235856227577,0.6616636148026311,24
2018-11-28,-0.19154737541746153,-7.278800265863538,0.8838072121143341,-0.9641919545829296,0.5465446255915034,38
2018-11-29,-0.17475236142770603,-4.543561397120357,0.8354811258614063,-0.9379041977226734,0.5314151067374375,26
2018-11-30,-0.06519433859735728,-1.6298584649339318,0.9125301456078887,-0.9530013091862202,0.5954934230555382,25
2018-12-01,0.05501703359186649,0.11003406718373299,0.21239270456135273,-0.10235863737761974,0.2225628082726132,2
2018-12-02,-0.28793520480394363,-0.28793520480394363,-0.28793520480394363,-0.28793520480394363,0.0,1
2018-12-03,0.22659954047188735,5.891588052269071,0.9299495834857225,-0.9620478353463113,0.5896117299489428,26
2018-12-04,-0.2399496685986112,-9.837936412543058,0.9286495391279459,-0.962791258469224,0.599921930328544,41
2018-12-05,0.18773696583230048,3.0037914533168077,0.9246485680341721,-0.8703994862735271,0.6807572634073159,16
2018-12-06,-0.30894773145732674,-7.105797823518515,0.9308132715523243,-0.9601623779162765,0.6315478206477856,23
2018-12-07,-0.21894360601436347,-6.130420968402177,0.9036673698574305,-0.9457270498387516,0.6172409752812839,28
2018-12-08,-0.5846605114638805,-0.5846605114638805,-0.5846605114638805,-0.5846605114638805,0.0,1
2018-12-09,-0.5593186300247908,-1.6779558900743723,-0.07743143662810326,-0.8042204920202494,0.4173453225255612,3
2018-12-10,-0.42416145528356236,-6.362421829253435,0.5682537890970707,-0.9603333752602339,0.5151153653532929,15
2018-12-11,-0.18639588554868022,-6.896647765301168,0.9198991730809212,-0.9599142735823989,0.5490252649246479,37
2018-12-12,-0.01863242714741343,-0.6893998044542968,0.8435307368636131,-0.9622459877282381,0.525821585556352,37
2018-12-13,-0.13977919772944666,-3.0751423500478268,0.7380454074591398,-0.9268596097826958,0.4685196729740753,22
2018-12-14,-0.4526962817513517,-6.337747944518924,0.09004030004143715,-0.9568847930058837,0.44134880495897366,14
2018-12-16,-0.02901831641793251,-0.02901831641793251,-0.02901831641793251,-0.02901831641793251,0.0,1
2018-12-17,-0.2938730432996871,-7.9345721690915525,0.9223098624497652,-0.9544825963675976,0.5355406508946239,27
2018-12-18,-0.08777847496623342,-1.9311264492571354,0.8787084147334099,-0.9659042712301016,0.6016813702526558,22
2018-12-19,-0.070561235352682,-2.751888178754598,0.9047600049525499,-0.9645845405757427,0.6425061693396017,39
2018-12-20,-0.3487296564981523,-14.297915916424245,0.8608768470585346,-0.9661918133497238,0.5633802581120544,41
2018-12-21,-0.21569538191677287,-8.412119894754142,0.9281388651579618,-0.9594607632607222,0.5372731955688241,39
2018-12-22,-0.220832921564579,-0.662498764693737,-0.1206636130809784,-0.38453544676303864,0.14294907615051644,3
2018-12-23,-0.1351133540738374,-1.0809068325906992,0.43750549107789993,-0.8502548839896917,0.4569354651718184,8
2018-12-24,-0.2994830258456724,-4.192762361839414,0.15919367969036102,-0.9357832949608564,0.3641837499706445,14
2018-12-25,-0.4246832759430011,-1.2740498278290033,-0.11777864396572113,-0.8455963414162397,0.37706510361169127,3
2018-12-26,0.22334784650328485,4.913652623072267,0.8922598250210285,-0.8533649295568466,0.4330437481056646,22
2018-12-27,-0.48311939769375484,-9.179268556181341,0.6256446558982134,-0.9640316758304834,0.5254085188533498,19
2018-12-28,-0.015093492111191154,-0.24149587377905846,0.9070549821481109,-0.9231158150359988,0.5964496779673527,16
2018-12-29,0.8730447761093577,2.619134328328073,0.9073476577177644,0.8195491274818778,0.046940571015719315,3
2018-12-30,0.08089704439043999,0.16179408878087997,0.12933014333248138,0.03246394544839859,0.06849474539159295,2
2018-12-31,-0.13800882956442925,-1.7941147843375802,0.8860498629510403,-0.9659016663208604,0.5204013254548953,13
2019-01-01,-0.02368290815502405,-0.0473658163100481,-0.01986532285809517,-0.027500493451952934,0.005398880902432945,2
2019-01-02,-0.11258883113399722,-2.9273096094839275,0.8703200295567513,-0.9519896674901247,0.5841904422719195,26
2019-01-03,-0.3273485019820294,-17.676819107029587,0.9280999414622784,-0.9673401145264506,0.5910227317657037,54
2019-01-04,-0.10739333956639786,-6.55099371355027,0.910368193872273,-0.9477385692298412,0.529704668375589,61
2019-01-06,0.44236423075199127,0.8847284615039825,0.9086266309022903,-0.0238981693983078,0.659394609917184,2
2019-01-07,-0.026713778313837554,-0.5075617879629135,0.9201695378869772,-0.9306239634752274,0.5175901397028317,19
2019-01-08,0.06802542730500656,1.9047119645401835,0.9059501737356186,-0.9599443459883332,0.6440329136650315,28
2019-01-09,-0.05953323864801364,-3.27432812564075,0.9267254378646612,-0.9627499403432012,0.5573741674815081,55
2019-01-10,-0.31594485013435286,-11.374014604836702,0.9272717144340277,-0.9599620895460248,0.575383853470338,36
2019-01-11,-0.15550429086116227,-1.710547199472785,0.7822398832067847,-0.9480415098369122,0.5927253827675616,11
2019-01-12,-0.9309925632551312,-0.9309925632551312,-0.9309925632551312,-0.9309925632551312,0.0,1
2019-01-13,-0.7098199166357517,-0.7098199166357517,-0.7098199166357517,-0.7098199166357517,0.0,1
2019-01-14,-0.18033418781124055,-4.328020507469773,0.9012083122506738,-0.9558601789176464,0.594675459359207,24
2019-01-15,-0.00544029656642427,-0.1305671175941825,0.9045975618064404,-0.9175226967781782,0.49652163758402057,24
2019-01-16,-0.21589485520561194,-6.260950800962746,0.8646761700510979,-0.954590605571866,0.5483652199550625,29
2019-01-17,-0.08465331407307192,-3.6400925051420927,0.9165067542344332,-0.9560836823657155,0.547239947748164,43
2019-01-18,0.14614559430629015,3.6536398576572537,0.9002751605585217,-0.9201887892559171,0.6186429449893418,25
2019-01-21,0.009902369230985641,0.009902369230985641,0.009902369230985641,0.009902369230985641,0.0,1
2019-01-22,-0.2627854766044766,-13.139273830223829,0.9224890377372503,-0.960901060141623,0.5179442263455514,50
2019-01-23,-0.03758561109385357,-2.179965443443507,0.9405509429052472,-0.9553479552268982,0.5987690579170942,58
2019-01-24,-0.02534903253295592,-1.596989049576223,0.9086758252233267,-0.9557136809453368,0.6079131201039428,63
2019-01-25,-0.02761739531558925,-1.9056002767756581,0.9121566247195005,-0.9571526981890202,0.4444248096314461,69
2019-01-28,-0.10194746194821265,-4.587635787669569,0.9302883297204971,-0.9605163214728236,0.5764985656727785,45
2019-01-29,-0.12553081407677383,-5.021232563070953,0.9368867296725512,-0.960951704531908,0.6132070025223876,40
2019-01-30,0.1171859109401703,5.859295547008514,0.9316055849194527,-0.9327527545392513,0.5653859426567075,50
2019-01-31,0.17138025231127227,9.597294129431248,0.9367075823247433,-0.9664151174947619,0.5032816247153419,56
2019-02-01,0.03519251964126642,1.3725082660093904,0.9292792063206434,-0.9386579571291804,0.5985009929309426,39
2019-02-03,0.009902354329824448,0.009902354329824448,0.009902354329824448,0.009902354329824448,0.0,1
2019-02-04,-0.020548766195450142,-0.4726216224953532,0.9329658597707748,-0.9644319880753756,0.6088502839655371,23
2019-02-05,-0.08251333043153863,-2.6404265738092363,0.9336579106748104,-0.961252601351589,0.5685858198174856,32
2019-02-06,-0.0936028222553432,-3.744112890213728,0.9324103761464357,-0.9559438992291689,0.6244430066795856,40
2019-02-07,-0.0861973606236279,-2.1549340155906975,0.8903855681419373,-0.9482085248455405,0.6394935786403206,25
2019-02-08,-0.32194347901269793,-8.048586975317448,0.8902864865958691,-0.9599100695922971,0.5760813795892983,25
2019-02-10,0.02672664076089859,0.02672664076089859,0.02672664076089859,0.02672664076089859,0.0,1
2019-02-11,-0.22678237950259988,-2.494606174528599,0.606070589274168,-0.9410379510372877,0.5796426531688897,11
2019-02-12,0.15141068079641887,4.239499062299728,0.9021986573934555,-0.8830409655347466,0.4349588654755588,28
2019-02-13,0.02501165719392399,0.6002797726541758,0.9308955408632755,-0.9455349696800113,0.5686384109227522,24
2019-02-14,-0.26202514032140756,-10.218980472534895,0.8322513476014137,-0.9569881437346339,0.5194228990590799,39
2019-02-15,0.05271625257235892,2.4776638709008694,0.9381239851936698,-0.963537928648293,0.5224424788798551,47
2019-02-17,0.0016900412738323212,0.0016900412738323212,0.0016900412738323212,0.0016900412738323212,0.0,1
2019-02-19,-0.10547513610799797,-3.375204355455935,0.9034354481846094,-0.9563980223610997,0.5394441075879439,32
2019-02-20,-0.13860561456531287,-5.5442245826125145,0.8691378980875015,-0.9577464442700148,0.47884786545444114,40
2019-02-21,-0.1247705993468337,-4.117429778445512,0.9310976751148701,-0.9566108155995607,0.6655407402125789,33
2019-02-22,0.25386521936609197,9.900743555277586,0.922770606353879,-0.9128263555467129,0.523530455210991,39
2019-02-24,0.8299584349927803,4.979750609956682,0.9070518603548408,0.7367591019719839,0.0579773174014611,6
2019-02-25,0.1084440476996334,2.0604369062930346,0.9380308594554663,-0.9024743810296059,0.5842479122294355,19
2019-02-26,-0.059874860893772995,-1.377121800556779,0.8961461409926414,-0.9540079487487674,0.5378835748713903,23
2019-02-27,0.1609394683386199,6.437578733544797,0.9336526142433286,-0.9414129378274083,0.6639775322485048,40
2019-02-28,-0.033313435483723876,-1.665671774186194,0.9360385593026876,-0.9586068000644445,0.6501403437552494,50
2019-03-01,0.12189334388822318,2.4378668777644634,0.928422573953867,-0.9586107991635799,0.5891776595375524,20
2019-03-03,0.2763055868446827,1.3815279342234135,0.7678225114941597,-0.15923070162534714,0.40103330895809547,5
2019-03-04,-0.18368033963170918,-4.040967471897602,0.897357408888638,-0.9520123079419136,0.5217542558141326,22
2019-03-05,-0.16319621618216237,-3.4271205398254097,0.8871224839240313,-0.9521421841345727,0.5786008763964303,21
2019-03-06,-0.2969998640806547,-10.394995242822915,0.9247647132724524,-0.9590299921110272,0.645683436755628,35
2019-03-07,-0.23561872453548205,-9.1891302568838,0.9045398188754916,-0.9600106682628393,0.5695430258012388,39
2019-03-08,-0.029866043703052503,-0.8661152673885226,0.931421559303999,-0.957530920393765,0.705392495067684,29
2019-03-10,0.07834098916500806,0.39170494582504034,0.8831683993339539,-0.5328669846057892,0.6890005253033907,5
2019-03-11,0.1408528595790267,3.5213214894756675,0.932668162509799,-0.9138766396790743,0.5821097386254244,25
2019-03-12,0.009174480441619049,0.2018385697156191,0.9273255756124854,-0.9203033670783043,0.6386489508156931,22
2019-03-13,0.14777507466663206,2.068851045332849,0.8558812942355871,-0.7106595523655415,0.5323940010234441,14
2019-03-14,-0.12585493209771811,-2.5170986419543624,0.7542134681716561,-0.9563426785171032,0.5414772208945471,20
2019-03-15,-0.14778571812292704,-1.9212143355980515,0.9264015760272741,-0.9487230172380805,0.5987189738716978,13
2019-03-18,0.30956410161323017,2.7860769145190716,0.9335146052762866,-0.9354935316368937,0.5490145199746251,9
2019-03-19,-0.04688150412403047,-1.3126821154728532,0.92222560942173,-0.9555088551715016,0.5281163473335319,28
2019-03-20,-0.18089539285283535,-7.235815714113414,0.904444320127368,-0.9599340157583356,0.6120725145693622,40
2019-03-21,-0.04042857699096203,-0.6468572318553925,0.895765446126461,-0.927141647785902,0.5610393804173408,16
2019-03-22,-0.27648148836568,-6.9120372091419995,0.7535142488777637,-0.9632288813591003,0.5163929854107339,25
2019-03-23,0.006172101944684982,0.006172101944684982,0.006172101944684982,0.006172101944684982,0.0,1
2019-03-24,-0.20117235416546464,-0.8046894166618586,0.14022633992135525,-0.5751089975237846,0.32819991458746844,4
2019-03-25,0.014897195573307966,0.28304671589285135,0.934762085787952,-0.9340220149606466,0.6067265903294863,19
2019-03-26,-0.15662939527205058,-2.192811533808708,0.897237055003643,-0.921702055260539,0.48160096923770146,14
2019-03-27,-0.2123115942813456,-2.123115942813456,0.9243954699486494,-0.9490836998447776,0.6075296969084696,10
2019-03-28,-0.23136131872275942,-4.395865055732429,0.8252762239426374,-0.9400059841573238,0.5625628431269439,19
2019-03-29,-0.10569783851790887,-2.7481438014656305,0.9342999421060085,-0.93379648309201,0.588174354865612,26
2019-03-31,0.010951612144708633,0.010951612144708633,0.010951612144708633,0.010951612144708633,0.0,1
2019-04-01,-0.1668929144401442,-1.8358220588415861,0.7062013074755669,-0.9376298198476434,0.605045531382283,11
2019-04-02,-0.20777142461298442,-8.518628409132361,0.9222256038337946,-0.9572999747470021,0.5742283966245798,41
2019-04-03,0.05340869964233467,1.121582692489028,0.9028193531557918,-0.8504364266991615,0.5240248911507862,21
2019-04-04,0.10567977763195005,3.8044719947502017,0.9305433854460716,-0.96384890191257,0.5498942394456156,36
2019-04-05,0.12736740704117852,2.802082954905927,0.9275121185928583,-0.9153413288295269,0.660181046837599,22
2019-04-07,-0.11867299918085336,-0.5933649959042668,0.5135420588776469,-0.7958920169621706,0.49669707633115734,5
2019-04-08,-0.06451797813431105,-1.4193955189548433,0.8743940442800522,-0.9499220019206405,0.6485901771542796,22
2019-04-09,-0.4107797455508262,-9.858713893219829,0.9043105263262987,-0.9602492637932301,0.6752460174452954,24
2019-04-10,0.08283143120763056,2.816268661059439,0.9120023734867573,-0.937985684722662,0.5476048004741471,34
2019-04-11,-0.12989174261689185,-3.2472935654222965,0.9167761839926243,-0.9616690585389733,0.7052283205762876,25
2019-04-12,0.05045774159952998,0.6054928991943598,0.8722451608628035,-0.8823956437408924,0.5831109265413739,12
2019-04-14,0.13078146521002054,0.13078146521002054,0.13078146521002054,0.13078146521002054,0.0,1
2019-04-15,-0.23631915788313276,-4.490063999779522,0.6848378702998161,-0.9512933297082782,0.5591835424426124,19
2019-04-16,-0.0025637312127011164,-0.017946118488907814,0.931721668690443,-0.8323222696781158,0.6485711082579176,7
2019-04-17,0.08796497729296486,2.1111594550311565,0.8818083927035332,-0.9377155024558306,0.5302544236621614,24
2019-04-18,-0.24692379257868272,-9.13618032541126,0.8831406719982624,-0.8780537396669388,0.4582381467774151,37
2019-04-20,-0.9443386262282729,-0.9443386262282729,-0.9443386262282729,-0.9443386262282729,0.0,1
2019-04-21,-0.45511013828217983,-0.9102202765643597,-0.1960250437259674,-0.7141952328383923,0.36640165453011136,2
2019-04-22,-0.39890278472254675,-3.5901250625029206,0.2595976945012808,-0.9490212853997946,0.4463221795147981,9
2019-04-23,0.22840464622713624,4.568092924542725,0.9320473317056894,-0.7115770727396011,0.5376668865765019,20
2019-04-24,-0.11324128927662969,-0.9059303142130375,0.9271960258483887,-0.9590848805382848,0.677873424876055,8
2019-04-25,-0.09548644597331683,-0.572918675839901,0.7142479419708252,-0.7361616771668196,0.5468230303612901,6
2019-04-26,0.2036336426591051,5.905375637114048,0.9296670537441969,-0.9501042729243636,0.665159693249029,29
2019-04-28,0.013432025909423828,0.013432025909423828,0.013432025909423828,0.013432025909423828,0.0,1
2019-04-29,0.13892491152953534,2.917423142120242,0.9241820052266121,-0.840908981859684,0.5892265125336605,21
2019-04-30,-0.24356095974023143,-5.845463033765554,0.8958212919533253,-0.9582573929801583,0.5829652060219228,24
2019-05-01,0.10641256007007681,2.766726561821997,0.9291220083832741,-0.9596692742779851,0.6126690180815497,26
2019-05-02,-0.0761964344419539,-1.523928688839078,0.9272642787545919,-0.8745770044624805,0.5883752096707497,20
2019-05-03,-0.027214653754852852,-1.4423766490072012,0.9220716189593077,-0.9592657657340169,0.5648670774883087,53
2019-05-05,0.07651806529611349,0.15303613059222698,0.10305190086364746,0.04998422972857952,0.03752451012138415,2
2019-05-06,-0.03149769809984025,-1.3229033201932907,0.9247789354994893,-0.9645636198110878,0.608882954696521,42
2019-05-07,-0.2136632497422397,-6.623560742009431,0.8983846977353096,-0.9603368802927434,0.6460034314158443,31
2019-05-08,-0.1336901953051749,-5.080227421596646,0.9249192345887423,-0.9434656174853444,0.6419267700582263,38
2019-05-09,-0.10625990387052298,-3.93161644320935,0.9222611859440804,-0.9600100433453918,0.5450943243920099,37
2019-05-10,-0.03005610450377895,-1.0820197621360421,0.9255791679024696,-0.9555538250133395,0.6035601604442152,36
2019-05-12,-0.09351914003491402,-0.6546339802443981,0.4501986838877201,-0.793175458908081,0.3868343734986823,7
2019-05-13,-0.05712972176843323,-3.6563021931797266,0.9093579463660717,-0.9598076371476054,0.5630438563148424,64
2019-05-14,0.06602816616909371,2.971267477609217,0.9346672147512436,-0.8831364084035158,0.5828399455572392,45
2019-05-15,-0.08339815579990788,-3.419324387796223,0.9106974452733994,-0.9475212804973125,0.6028752206849116,41
2019-05-16,-0.2548417879430496,-5.861361122690141,0.8882435113191605,-0.9639473063871264,0.471016088159938,23
2019-05-17,-0.13492596056312323,-3.3731490140780807,0.9160599205642939,-0.954711857251823,0.5276523708834101,25
2019-05-19,-0.31363722107683617,-1.8818233264610171,0.8669003546237946,-0.9518491458147764,0.7464217695979182,6
2019-05-20,-0.37933965597767383,-10.621510367374867,0.8142732121050358,-0.9499735562130809,0.5280091224653654,28
2019-05-21,-0.04670929533011954,-1.3545695645734668,0.8404703848063946,-0.9451673300936818,0.5327344607236879,29
2019-05-22,-0.17827026824008174,-11.944107972085476,0.9347621351480484,-0.9633355131372809,0.5685227946516835,67
2019-05-23,0.08730191074400431,3.666680251248181,0.9219233058393002,-0.9565146500244737,0.6383345526084292,42
2019-05-24,-0.07603528640111504,-1.7488115872256458,0.9288875851780176,-0.9451208612881601,0.5711101880534444,23
2019-05-25,0.40202705189585686,0.8040541037917137,0.9239751696586609,-0.11992106586694717,0.7381461069952668,2
2019-05-26,0.18270748481154442,0.18270748481154442,0.18270748481154442,0.18270748481154442,0.0,1
2019-05-27,-0.13082677125930786,-0.13082677125930786,-0.13082677125930786,-0.13082677125930786,0.0,1
2019-05-28,-0.18036926607601345,-2.1644311929121614,0.6794036207720637,-0.8417971506714821,0.466777884719789,12
2019-05-29,-0.18617348474938245,-7.819286359474063,0.9104606434702873,-0.9495695838704705,0.49882687216199734,42
2019-05-30,-0.12425503214555127,-6.088496575132012,0.9296927247196436,-0.9590979870408773,0.6059153482486732,49
2019-05-31,-0.06288731154665107,-3.836126004345715,0.9055127156898379,-0.9639611840248108,0.5854910707559823,61
2019-06-01,0.15582827385514975,0.15582827385514975,0.15582827385514975,0.15582827385514975,0.0,1
2019-06-02,-0.023236986249685287,-0.023236986249685287,-0.023236986249685287,-0.023236986249685287,0.0,1
2019-06-03,-0.223779684290863,-5.818271791562438,0.9279613774269819,-0.9571945397183299,0.6518135181675684,26
2019-06-04,-0.0028309753503311763,-0.21798510197550058,0.9342204481363297,-0.9662830894812942,0.6543414239402822,77
2019-06-05,0.01482704451497076,0.8747956263832748,0.9213168192654848,-0.9606670862995088,0.6536902109300858,59
2019-06-06,-0.056177678576204926,-2.6965285716578364,0.9314192766323686,-0.947461792267859,0.5735014015430215,48
2019-06-07,-0.007105849460155393,-0.34108077408745885,0.931543093174696,-0.9561650156974792,0.5866404249532506,48
2019-06-08,0.7617954307546219,2.2853862922638655,0.9228228740394115,0.5078245550394058,0.22256406362476744,3
2019-06-09,-0.42040525330230594,-0.8408105066046119,0.023939499631524086,-0.864750006236136,0.6283983759683445,2
2019-06-10,-0.07819530356493665,-3.2060074461624026,0.8827147576957941,-0.9183722082525492,0.5551152677488451,41
2019-06-11,0.08140631238134896,3.3376588076353073,0.9176861234009266,-0.9533033650368452,0.5785266274170673,41
2019-06-12,-0.13259846731291516,-3.049764748197049,0.9213723829016089,-0.9681948651559651,0.6630695004202719,23
2019-06-13,-0.22487565672823362,-7.870647985488176,0.9174979422241449,-0.9361987095326185,0.49951841728281965,35
2019-06-14,-0.31428135158089193,-7.228471086360514,0.9285832215100527,-0.9633991150185466,0.5587371565055697,23
2019-06-16,0.17090788204222918,0.34181576408445835,0.7680634539574385,-0.4262476898729801,0.8445055086491511,2
2019-06-17,-0.3301346458960325,-6.602692917920649,0.815511841326952,-0.9645995888859034,0.5863634886736373,20
2019-06-18,0.13144277376480973,6.835024235770106,0.9124769056215882,-0.9335295567288995,0.49546304061771135,52
2019-06-19,0.03931550896511628,2.0444064661860466,0.9260603431612253,-0.9633581126108766,0.6280406583974081,52
2019-06-20,-0.04720222325995564,-2.3601111629977822,0.9099171292036772,-0.9391302894800901,0.552354754385128,50
2019-06-21,0.037310481621799146,1.6416611913591623,0.93464938364923,-0.9589210078120232,0.5560488463363072,44
2019-06-22,0.1711507779546082,0.6846031118184328,0.7082424107939005,-0.6787499021738768,0.649321016177986,4
2019-06-23,-0.2541941169183701,-1.0167764676734805,0.1496947892010212,-0.9275035737082362,0.4792682717410906,4
2019-06-24,-0.14313869222410416,-5.439270304515958,0.8514518681913614,-0.9383973637595773,0.49864447914668986,38
2019-06-25,-0.07156440623006538,-5.438894873484969,0.9181336462497711,-0.949980678036809,0.585053096384875,76
2019-06-26,0.1619748653843999,7.288868942297995,0.926021016202867,-0.9035225035622716,0.5162011302873823,45
2019-06-27,-0.08942973387560674,-2.5040325485169888,0.8905995674431324,-0.9646427100524306,0.5939168291244193,28
2019-06-28,-0.0340961199919028,-0.4773456798866391,0.7887039510533214,-0.9004684071987867,0.5136985927116959,14
2019-06-29,0.8692939765751362,0.8692939765751362,0.8692939765751362,0.8692939765751362,0.0,1
2019-06-30,0.4419889245182276,0.8839778490364552,0.7861904054880142,0.09778744354844093,0.48677440257637705,2
2019-07-01,0.06294741221548368,1.5107378931716084,0.9258566349744797,-0.9317364320158958,0.5668165956682146,24
2019-07-02,-0.3604122790154712,-10.451956091448665,0.8627974120900035,-0.9633607193827629,0.5855396593937555,29
2019-07-03,0.10465457854682908,1.7791278352960944,0.8799244649708271,-0.9656898574903607,0.5989056519210124,17
2019-07-05,-0.18624468493418625,-4.842361808288842,0.9108792319893837,-0.9667781493626535,0.6105764671592802,26
2019-07-07,-0.10379033721983433,-0.4151613488793373,0.06962364539504051,-0.2856411971151829,0.17112155484723093,4
2019-07-08,-0.17686908999457956,-3.537381799891591,0.8996995529159904,-0.954476997256279,0.6385861339128374,20
2019-07-09,-0.2104707302798222,-8.62929994147271,0.8746747057884932,-0.9615639271214604,0.5877823417998976,41
2019-07-10,-0.018840435054153205,-0.9420217527076602,0.9089563731104136,-0.9393129050731659,0.5580900058339671,50
2019-07-11,-0.06506117630749941,-3.2530588153749704,0.9222339894622564,-0.9543122975155711,0.5023244149703507,50
2019-07-12,-0.16533637545736773,-4.629418512806296,0.8574568070471287,-0.9138759821653366,0.4685680318790744,28
2019-07-13,-0.036214261005322136,-0.10864278301596642,0.7700411379337311,-0.8760518729686737,0.8235601823237589,3
2019-07-14,-0.4745500129647553,-0.9491000259295106,0.0029390156269073486,-0.9520390415564179,0.6752714601186839,2
2019-07-15,-0.12105054423833887,-3.631516327150166,0.9225973691791296,-0.9482064321637154,0.527488845353009,30
2019-07-16,-0.049144877693974055,-1.2777668200433254,0.9217480700463057,-0.9633987629786134,0.6837341732862228,26
2019-07-17,-0.23621670249849558,-5.196767454966903,0.8916232585906982,-0.9539083270356059,0.6166092981230923,22
2019-07-18,-0.07121923742815853,-2.848769497126341,0.9070728067308664,-0.9281942006200552,0.5166911976002756,40
2019-07-19,-0.15422476569656282,-6.168990627862513,0.8819443015381694,-0.9241786180064082,0.5415505206245078,40
2019-07-21,0.709793626020352,2.129380878061056,0.905441265553236,0.5306357741355896,0.1879460665236598,3
2019-07-22,-0.07482477111209716,-3.1426403867080808,0.9378234837204218,-0.9379423344507813,0.5764156437049733,42
2019-07-23,0.03699095081537962,0.8877828195691109,0.8924454282969236,-0.9234719034284353,0.588275461631634,24
2019-07-24,-0.1410942217335105,-3.386261321604252,0.9131457647308707,-0.8390697920694947,0.5046208801983286,24
2019-07-25,0.07287221744523517,2.0404220884665847,0.9308028304949403,-0.9573349729180336,0.6406615752441717,28
2019-07-26,0.10545739715264456,3.9019236946478486,0.9351083021610975,-0.9655373189598322,0.605444345775652,37
2019-07-28,0.23068462746838728,0.6920538824051619,0.9086468983441591,-0.23443596810102463,0.6005295945667856,3
2019-07-29,-0.20858486619545147,-3.3373578591272235,0.9360167942941189,-0.9512023748829961,0.569289000399994,16
2019-07-30,-0.1905741447582841,-3.811482895165682,0.9334395853802562,-0.9565059719607234,0.5937377978867091,20
2019-07-31,-0.21171450789810883,-9.527152855414897,0.9253755081444979,-0.9491532994434237,0.5629612181885726,45
2019-08-01,-0.013112018030369654,-0.41958457697182894,0.9259002469480038,-0.9554846538230777,0.7022247376105051,32
2019-08-02,-0.18683016765862703,-7.473206706345081,0.9103490253910422,-0.967768999747932,0.613704093276806,40
2019-08-03,-0.8207974620163441,-0.8207974620163441,-0.8207974620163441,-0.8207974620163441,0.0,1
2019-08-04,-0.2798716202378273,-0.8396148607134819,0.04204811900854111,-0.896973941475153,0.5345934670868105,3
2019-08-05,-0.22233547191338046,-10.227431708015501,0.913662739098072,-0.9600538024678826,0.6155823855033326,46
2019-08-06,-0.29111647153539316,-12.226891804486513,0.9251442402601242,-0.9611948151141405,0.557021104155187,42
2019-08-07,-0.3272070159236419,-9.489003461785614,0.9285173527896404,-0.9643971975892782,0.6767900806226574,29
2019-08-08,-0.4489888202709456,-8.081798764877021,0.8235089834779501,-0.9432460339739919,0.5892993796060142,18
2019-08-09,-0.03435025652870536,-0.3435025652870536,0.9277239376679063,-0.9560661418363452,0.688070867732698,10
2019-08-10,-0.1182423047721386,-0.3547269143164158,0.3840518444776535,-0.7379050888121128,0.5701126093708397,3
2019-08-11,0.4731593965552747,0.9463187931105494,0.9074549237266183,0.03886386938393116,0.6141866246036871,2
2019-08-12,-0.16575051081036368,-5.138265835121274,0.9222329668700695,-0.9530485477298498,0.6132781588797775,31
2019-08-13,-0.10172989212929509,-4.374385361559689,0.9037998244166374,-0.9602199168875813,0.5842468138281419,43
2019-08-14,-0.2859887707464654,-8.293674351647496,0.8850539643317461,-0.9602476777508855,0.585279959528644,29
2019-08-15,-0.17564453514513828,-10.363027573563159,0.919864003546536,-0.9336336078122258,0.5887494362167708,59
2019-08-16,-0.1538884907372688,-2.923881324008107,0.8491741437464952,-0.90184445399791,0.5811688036762389,19
2019-08-18,-0.9105989597737789,-0.9105989597737789,-0.9105989597737789,-0.9105989597737789,0.0,1
2019-08-19,-0.013776040121324752,-0.5234895246103406,0.9087274055927992,-0.940847497433424,0.5589773666347899,38
2019-08-20,-0.1936267517817517,-5.808802553452551,0.9290562998503447,-0.9603566834703088,0.5186189427185783,30
2019-08-21,-0.06688048428407421,-3.611546151340008,0.8946069395169616,-0.9586608866229653,0.589486046664957,54
2019-08-22,-0.3271212472923492,-6.215303698554635,0.8859323151409626,-0.9426483316347003,0.5871517184776935,19
2019-08-23,-0.06484144196174173,-2.788182004354894,0.8483890742063522,-0.9636340495198965,0.5501433235243494,43
2019-08-25,-0.33004362471401694,-1.6502181235700846,0.05455176718533039,-0.9363089576363564,0.45581327262672366,5
2019-08-26,0.24813133126665507,7.692071269266307,0.9141481909900904,-0.8544537797570229,0.5392623525864036,31
2019-08-27,-0.22652913958710783,-3.850995372980833,0.5616130828857422,-0.9521999917924404,0.46884896346722404,17
2019-08-28,-0.13705738426910508,-2.467032916843891,0.8503697626292706,-0.8926849775016308,0.5778598588002491,18
2019-08-29,-0.14104404769694576,-3.6671452401205897,0.934741323813796,-0.9305870402604342,0.6544646856122013,26
2019-08-30,-0.24990235252136533,-5.4978517554700375,0.9217231031507254,-0.9612348163500428,0.6277541565005726,22
2019-09-01,0.1194285714466657,0.8360000001266599,0.7743864879012108,-0.8869495345279574,0.5138707057215536,7
2019-09-02,-0.9396654423326254,-0.9396654423326254,-0.9396654423326254,-0.9396654423326254,0.0,1
2019-09-03,-0.12982800533926045,-3.5053561441600323,0.9003337174654007,-0.9058926925063133,0.572224875159774,27
2019-09-04,-0.14923921908037022,-5.820329544134438,0.9179116040468216,-0.9535525627434254,0.6362219269500212,39
2019-09-05,0.027208442240953444,0.5441688448190689,0.8626046180725098,-0.8463531136512756,0.5682396285760354,20
2019-09-06,-0.01798771003839271,-0.5216435911133885,0.9300663862377405,-0.9624441713094711,0.6571950766331006,29
2019-09-07,-0.8317581973969936,-0.8317581973969936,-0.8317581973969936,-0.8317581973969936,0.0,1
2019-09-08,-0.15243648178875446,-0.4573094453662634,0.3988205697387457,-0.8428823165595531,0.6324449798171727,3
2019-09-09,-0.14064498321108876,-2.9535446474328637,0.8864095825701952,-0.9336098488420248,0.5668422040704671,21
2019-09-10,-0.15796036144288686,-6.160454096272588,0.9311960097402334,-0.9637431697919965,0.6332554211255178,39
2019-09-11,0.08973184164746531,2.512491566129029,0.930413817986846,-0.8402440547943115,0.620156558486114,28
2019-09-12,0.07535649065834445,2.7881901543587446,0.927549128420651,-0.956753171980381,0.5660764102160093,37
2019-09-13,-0.06975597818382084,-1.3951195636764169,0.904857536777854,-0.9062545262277126,0.5304865993438228,20
2019-09-14,0.037922549371918045,0.22753529623150826,0.8855985701084137,-0.8537208139896393,0.7345643331455997,6
2019-09-15,0.1746384995058179,1.0478309970349073,0.6997321173548698,-0.4630241133272648,0.44252638558834256,6
2019-09-16,-0.13071850204410462,-8.4967026328668,0.9056521076709032,-0.9587235115468502,0.4810294194274901,65
2019-09-17,-0.050631521036848426,-2.2277869256213307,0.9300304166972637,-0.9111726842820644,0.5194545050112487,44
2019-09-18,-0.1792845981156764,-8.605660709552467,0.9423076715320349,-0.9628556501120329,0.5806174966059467,48
2019-09-19,-0.23463570888874666,-12.435692571103573,0.8658951930701733,-0.9598651984706521,0.5358792367458776,53
2019-09-20,-0.10946060787706126,-6.786557688377798,0.89233473315835,-0.958742125891149,0.597934425805172,62
2019-09-22,-0.47522807749919593,-1.9009123099967837,-0.045191168785095215,-0.9426445281133056,0.404723399605332,4
2019-09-23,-0.037073620765780406,-2.2244172459468246,0.9163310881704092,-0.9294028263539076,0.5363956152251266,60
2019-09-24,-0.18620103832839405,-10.985861261375248,0.8537384122610092,-0.9642901122570038,0.47947768259717527,59
2019-09-25,-0.05909532063835582,-5.082197574898601,0.9233562257140875,-0.9464094284921885,0.5741807374207145,86
2019-09-26,-0.1031640496816528,-9.181600421667099,0.9246017299592495,-0.9442773256450891,0.5982543050519107,89
2019-09-27,-0.10355629308803661,-3.8315828442573547,0.8827663511037827,-0.9579225853085518,0.5900964860753206,37
2019-09-28,-0.27359994873404503,-0.5471998974680901,-0.09239006042480469,-0.45480983704328537,0.2562694816830415,2
2019-09-30,-0.35430641299704224,-14.526562932878733,0.8583214357495308,-0.9626014363020658,0.48338143785203047,41
2019-10-01,-0.30017249999301776,-10.506037499755621,0.9142760615795851,-0.9625569107010961,0.561226298383598,35
2019-10-02,-0.12417948498140748,-5.091358884237707,0.9270086456090212,-0.9277730211615562,0.5291134455690057,41
2019-10-03,-0.22154364292509854,-8.418658431153744,0.9291883986443281,-0.95987484510988,0.5842156925978096,38
2019-10-04,-0.09989697331496115,-5.5942305056378245,0.9266386330127716,-0.9602329405024648,0.6177886465336246,56
2019-10-05,-0.625140218064189,-1.250280436128378,-0.3689674325287342,-0.8813130035996437,0.3622830276151343,2
2019-10-06,-0.20477571012452245,-1.6382056809961796,0.21455740928649902,-0.9299550838768482,0.375751327117749,8
2019-10-07,-0.1725528005952552,-10.180615235120058,0.9121214663609862,-0.9538492783904076,0.5935420044875952,59
2019-10-08,-0.1078384648814487,-5.176246314309537,0.9312034863978624,-0.9590338505804539,0.5430236286483796,48
2019-10-09,-0.19800733633699916,-12.276454852893949,0.914789866656065,-0.9583721105009317,0.5671330757709233,62
2019-10-10,0.011286904514279394,0.47404998959973454,0.9109927956014872,-0.9578193067573011,0.616198707495313,42
2019-10-11,0.09192545409314334,7.721738143824041,0.9306784514337778,-0.9636215036734939,0.6115495901411605,84
2019-10-13,-0.37906419136561453,-3.0325135309249163,-0.04302838630974293,-0.8104048408567905,0.30978614087262996,8
2019-10-14,0.11944649183629628,4.061180722434074,0.9293534066528082,-0.9656349597498775,0.5310370848722915,34
2019-10-15,-0.1267304590883407,-5.956331577152014,0.929041089490056,-0.9457586091011763,0.560830834592093,47
2019-10-16,-0.07683581853395,-3.9186267452314496,0.9215821512043476,-0.9304754137992859,0.5951616683826945,51
2019-10-17,-0.028778462670743465,-1.6403723722323775,0.9216029644012451,-0.9652435788884759,0.6316765835057134,57
2019-10-18,-0.16985240696857756,-4.416162581183016,0.9127336665987968,-0.961327800527215,0.5519867354543766,26
2019-10-19,0.7906694859266281,0.7906694859266281,0.7906694859266281,0.7906694859266281,0.0,1
2019-10-20,0.474747970700264,0.474747970700264,0.474747970700264,0.474747970700264,0.0,1
2019-10-21,0.020321684926748275,0.5080421231687069,0.9340024068951607,-0.8850838597863913,0.5597070171388091,25
2019-10-22,-0.09874490319634788,-3.159836902283132,0.9209173507988453,-0.9423659015446901,0.637984363500644,32
2019-10-23,0.07223463797320923,2.1670391391962767,0.9316817857325077,-0.9600714240223169,0.5847344870651124,30
2019-10-24,-0.07749443577433174,-1.7048775870352983,0.9068147484213114,-0.858153878711164,0.5181675146700215,22
2019-10-25,-0.11521097800383966,-1.7281646700575948,0.8898943066596985,-0.9293635282665491,0.6158757686961068,15
2019-10-27,-0.307093289680779,-3.07093289680779,0.8909616284072399,-0.8434049990028143,0.6356020321191177,10
2019-10-28,0.07708491335312526,1.1562737002968788,0.9271649029105902,-0.904032408259809,0.6606538535886551,15
2019-10-29,-0.03546798478811979,-0.8866996197029948,0.9303468260914087,-0.9444363387301564,0.6232529475594386,25
2019-10-30,0.02205537603951471,0.9483811696991324,0.930827297270298,-0.9604163579642773,0.6153965157498756,43
2019-10-31,-0.022350541936854523,-0.46936138067394495,0.8924863487482071,-0.9471773030236363,0.5719099868867146,21
2019-11-01,0.20782606049369162,5.403477572835982,0.9268889669328928,-0.8405153565108776,0.5588310104880491,26
2019-11-03,0.26137477594117325,0.7841243278235197,0.8960103616118431,-0.9032979290932417,1.0099911347024666,3
2019-11-04,-0.09695556186712705,-1.2604223042726517,0.853939825668931,-0.9632818959653378,0.552456309331975,13
2019-11-05,0.12103564308389374,2.783819790929556,0.9114467166364193,-0.7163107246160507,0.5062545292123585,23
2019-11-06,-0.1673473089467734,-3.346946178935468,0.8495275555178523,-0.8840405158698559,0.4533689011139382,20
2019-11-07,-0.2015854224079737,-5.44280640501529,0.9188236314803362,-0.903309864923358,0.5588094944217145,27
2019-11-08,-0.0881718118017649,-1.4989208006300032,0.8741753417998552,-0.9641939285211265,0.6468289702334236,17
2019-11-11,-0.34335320512764156,-2.7468256410211325,0.3318733349442482,-0.8361608944833279,0.4514605408900054,8
2019-11-12,-0.07437254178027312,-2.6774115040898323,0.9239462083205581,-0.9097518883645535,0.4951330996139563,36
2019-11-13,-0.12948407237935397,-4.661426605656743,0.9255009572952986,-0.9399900287389755,0.5839550565055259,36
2019-11-14,-0.03857949934899807,-1.080225981771946,0.9330280553549528,-0.9620797066017985,0.6697551212708354,28
2019-11-15,-0.16872585462406278,-3.3745170924812555,0.7960068471729755,-0.9642666364088655,0.5805195134559723,20
2019-11-17,0.7252650819718838,0.7252650819718838,0.7252650819718838,0.7252650819718838,0.0,1
2019-11-18,-0.21475373301655054,-7.086873189546168,0.8938611112535,-0.9285796079784632,0.49767376054514617,33
2019-11-19,-0.17550742180775042,-4.0366707015782595,0.8764021247625351,-0.9244300061836839,0.6080660381855588,23
2019-11-20,-0.045573745371290934,-1.2304911250248551,0.9204900059849024,-0.9617519564926624,0.5878715498921694,27
2019-11-21,-0.12522717531666988,-4.5081783114001155,0.9291638899594545,-0.8911465406417847,0.4708886439217049,36
2019-11-22,-0.023029951921974618,-0.5527188461273909,0.9311890788376331,-0.9635446611791849,0.5961163895886195,24
2019-11-23,0.8245651051402092,0.8245651051402092,0.8245651051402092,0.8245651051402092,0.0,1
2019-11-24,0.28669664449989796,0.5733932889997959,0.5546193830668926,0.01877390593290329,0.37889997054958496,2
2019-11-25,-0.0903688024263829,-1.807376048527658,0.9178045829758048,-0.9655722016468644,0.6794185596696073,20
2019-11-26,-0.20811756524758843,-5.411056696437299,0.8963826652616262,-0.9591889549046755,0.6053598865588082,26
2019-11-27,-0.3612013663548757,-6.140423228032887,0.9318383801728487,-0.9603381436318159,0.5463506196626448,17
2019-11-28,0.3338262811303139,0.3338262811303139,0.3338262811303139,0.3338262811303139,0.0,1
2019-11-29,0.0017645694315433502,0.0035291388630867004,0.008743807673454285,-0.005214668810367584,0.0098701333767434,2
2019-12-01,0.2725086063146591,0.8175258189439774,0.7951477058231831,-0.04753568023443222,0.4564124406312043,3
2019-12-02,-0.1703844206527837,-5.281917040236294,0.9094102270901203,-0.9603278394788504,0.6008114700484036,31
2019-12-03,-0.1093734795493739,-4.593686141073704,0.9106390029191971,-0.955263489857316,0.5241935409167839,42
2019-12-04,-0.16174341992785532,-7.27845389675349,0.9264055322855711,-0.9447186589241028,0.5625902756561453,45
2019-12-05,-0.19707765709608793,-4.3357084561139345,0.8798070698976517,-0.9581404244527221,0.5414552735724907,22
2019-12-06,-0.14269425335029762,-2.140413800254464,0.9340392434969544,-0.9302339376881719,0.6201803698133569,15
2019-12-07,-0.5482457941398025,-1.096491588279605,-0.18891586363315582,-0.9075757246464491,0.5081692610890814,2
2019-12-08,0.05880451761186123,0.05880451761186123,0.05880451761186123,0.05880451761186123,0.0,1
2019-12-09,0.055125430725248795,1.5435120603069663,0.9373635817319155,-0.9663543356582522,0.5627281181190581,28
2019-12-10,-0.014539432766682962,-0.9886814281344414,0.9294126890599728,-0.9635538449510932,0.6425474356851966,68
2019-12-11,-0.07926488214005263,-3.0913304034620523,0.9225954301655293,-0.9478168021887541,0.5008558545111074,39
2019-12-12,0.12679285827491965,4.437750039622188,0.9229805208742619,-0.9472702629864216,0.5608126619488544,35
2019-12-13,0.28397843187096816,16.470749048516154,0.9335736446082592,-0.930086032487452,0.5937185922361468,58
2019-12-14,0.09344847546890378,0.18689695093780756,0.20993794593960047,-0.023040995001792908,0.16474098901331943,2
2019-12-15,0.4024115717038512,0.8048231434077024,0.9214484412223101,-0.11662529781460762,0.734028980244679,2
2019-12-16,0.06068488643707141,1.3957523880526423,0.9349355325102806,-0.8709629187360406,0.42112057306906053,23
2019-12-17,-0.07811847567791119,-3.7496868325397372,0.9260024465620518,-0.957648515701294,0.6179683941312123,48
2019-12-18,0.17468603006564082,3.493720601312816,0.9251176305115223,-0.9412033744156361,0.6287412989064183,20
2019-12-19,-0.08245180060288736,-2.8858130211010575,0.9344332702457905,-0.9462557137012482,0.6055912563387418,35
2019-12-20,0.06756308143958449,1.3512616287916899,0.9023740589618683,-0.933303072117269,0.6147969860441312,20
2019-12-22,-0.548110868781805,-0.548110868781805,-0.548110868781805,-0.548110868781805,0.0,1
2019-12-23,-0.16930810812239847,-1.523772973101586,0.9178693545982242,-0.9564803349785507,0.734779161923716,9
2019-12-24,0.3288654889911413,0.986596466973424,0.918995039537549,0.023777296766638756,0.5111654660757693,3
2019-12-25,-0.3058502972126007,-0.3058502972126007,-0.3058502972126007,-0.3058502972126007,0.0,1
2019-12-26,0.0776982061797753,1.2431712988764048,0.8688860684633255,-0.9345274288207293,0.7160468321276415,16
2019-12-27,0.07466455362737179,0.14932910725474358,0.07863422110676765,0.07069488614797592,0.005613957587473053,2
2019-12-28,0.22888798359781504,0.22888798359781504,0.22888798359781504,0.22888798359781504,0.0,1
2019-12-29,-0.3678751327097416,-1.4715005308389664,0.17640404403209686,-0.8523916844278574,0.5403258719943026,4
2019-12-30,-0.2072453922010027,-3.315926275216043,0.7847103476524353,-0.9506725575774908,0.5490327899493571,16
2019-12-31,-0.06334071807367236,-1.203473643399775,0.8360030697658658,-0.8637554347515106,0.5096454384146158,19
2020-01-02,-0.18304070397945388,-2.562569855712354,0.9027222469449043,-0.9656535964459181,0.6081680148815671,14
2020-01-03,-0.23354136849490878,-18.216226742602885,0.8939835336059332,-0.9532126793637872,0.4568600029174374,78
2020-01-04,-0.6664921840031942,-1.9994765520095825,-0.4672330506145954,-0.8797380030155182,0.20660785190760436,3
2020-01-05,-0.04970658725748459,-0.5964790470898151,0.8212565295398235,-0.8278146181255579,0.5784921034491797,12
2020-01-06,-0.06466902188424553,-2.2634157659485936,0.9348556213080883,-0.8785994797945023,0.4759149015751577,35
2020-01-07,-0.2469489660342129,-12.100499335676432,0.9366010278463364,-0.9597137188538909,0.5562947556684295,49
2020-01-08,-0.06475645570084453,-3.2378227850422263,0.9310103598982096,-0.9678655685856938,0.5058242433259664,50
2020-01-09,-0.12903936247510667,-5.677731948904693,0.8659633919596672,-0.9088511653244495,0.4985679945838496,44
2020-01-10,-0.03582562072775685,-1.8629322778433561,0.9325918052345514,-0.909547595307231,0.4618618941878968,52
2020-01-11,0.02273065783083439,0.02273065783083439,0.02273065783083439,0.02273065783083439,0.0,1
2020-01-12,-0.46752020064741373,-1.870080802589655,0.20301948487758636,-0.878596281632781,0.49843004236502597,4
2020-01-13,0.0025469450280070304,0.05093890056014061,0.8091731807217002,-0.9446807764470577,0.6120558083941752,20
2020-01-14,-0.05901635759265015,-2.2426215885207057,0.8846800466999412,-0.9564023725688457,0.5761176985974648,38
2020-01-15,0.16843861482837902,9.432562430389225,0.9332565497606993,-0.9531805822625756,0.5475363039154916,56
2020-01-16,0.16867416189052165,3.373483237810433,0.9260202031582594,-0.8433206658810377,0.459674126864434,20
2020-01-17,-0.0706333061190028,-1.342032816261053,0.922043539583683,-0.9390569590032101,0.5879669275537254,19
2020-01-19,0.48696014285087585,0.48696014285087585,0.48696014285087585,0.48696014285087585,0.0,1
2020-01-20,0.003356385510414839,0.006712771020829678,0.043037681840360165,-0.03632491081953049,0.056117827442354405,2
2020-01-21,-0.1365667073879131,-5.8723684176802635,0.9308161614462733,-0.8789690062403679,0.5897084244155554,43
2020-01-22,0.09907697254259672,2.774155231192708,0.9217221681028605,-0.9623659662902355,0.6140690122203305,28
2020-01-23,-0.126272535584867,-3.156813389621675,0.9245274532586336,-0.940209686756134,0.6210661478036037,25
2020-01-24,-0.06279085739515722,-1.2558171479031444,0.9280196502804756,-0.950691188685596,0.7209719802936791,20
2020-01-26,-0.41021776178644764,-3.6919598560780287,0.1309954859316349,-0.9582922663539648,0.4770953736691142,9
2020-01-27,-0.14120434025036438,-3.9537215270102024,0.708942724391818,-0.9266518941149116,0.46720666134816824,28
2020-01-28,-0.2616773383691907,-6.541933459229767,0.891068160533905,-0.9461629427969456,0.4995381535681769,25
2020-01-29,-0.19510648135716716,-7.023833328858018,0.9256088454276323,-0.9647924993187189,0.519554947737877,36
2020-01-30,0.01070649633484502,0.3319013863801956,0.8811855362728238,-0.9299167729914188,0.4894618576074469,31
2020-01-31,-0.3627225372629861,-10.881676117889583,0.8452768949791789,-0.9169124625623226,0.4682671458791878,30
2020-02-01,-0.17747177928686142,-0.17747177928686142,-0.17747177928686142,-0.17747177928686142,0.0,1
2020-02-02,-0.3544433942064643,-1.7722169710323215,0.5853851772844791,-0.9447733117267489,0.6021491973107117,5
2020-02-03,-0.023621448315680027,-0.40156462136656046,0.929357398301363,-0.9204025715589523,0.5464660307496231,17
2020-02-04,-0.1336119635115293,-2.9394631972536445,0.9224803820252419,-0.9558681705966592,0.6422404999021384,22
2020-02-05,-0.22661598774814798,-7.025095620192587,0.800567951053381,-0.9512126976624131,0.40818925979002624,31
2020-02-06,0.18996366614905688,4.939055319875479,0.9361762423068285,-0.7669019252061844,0.539214401969276,26
2020-02-07,-0.20381338071361507,-9.375415512826294,0.8972636945545673,-0.9680396798066795,0.5760729537001053,46
2020-02-08,-0.5559896610211581,-2.2239586440846324,-0.15543775260448456,-0.9275502292439342,0.3485449055232406,4
2020-02-09,-0.3164917296833462,-2.848425567150116,0.7442326173186302,-0.8931463770568371,0.6353465792906176,9
2020-02-10,-0.05230482559030255,-1.5691447677090764,0.8178585283458233,-0.957553893327713,0.6297877603666968,30
2020-02-11,-0.13731873340950143,-5.630068069789559,0.9241934530436993,-0.9623557571321726,0.5925191949852793,41
2020-02-12,-0.34604493991161384,-10.381348197348416,0.9296665191650391,-0.9560416359454393,0.5865879575010071,30
2020-02-13,-0.2641702115682787,-10.03846803959459,0.9252283032983541,-0.9603060046210885,0.5080376484240984,38
2020-02-14,-0.237961732968688,-8.32866065390408,0.9117619749158621,-0.9466523891314864,0.5700272700690476,35
2020-02-15,-0.7618312891572714,-1.5236625783145428,-0.7473916597664356,-0.7762709185481071,0.020420719720161087,2
2020-02-16,-0.22044821083545685,-1.1022410541772842,0.6174626350402832,-0.8930427748709917,0.5866956690208956,5
2020-02-17,-0.47353222813795914,-5.2088545095175505,0.3540354035794735,-0.9309194143861532,0.43384492178881323,11
2020-02-18,-0.08024454842124021,-2.648070097900927,0.9260013364255428,-0.9582107327878475,0.6392887298124386,33
2020-02-19,-0.259890526610737,-6.237372638657689,0.7088688760995865,-0.9680036827921867,0.5109360225025403,24
2020-02-20,-0.12404008976342838,-5.085643680300564,0.9325287872925401,-0.9615698731504381,0.6629811611092339,41
2020-02-21,-0.09836929963227917,-4.623357082717121,0.9049020130187273,-0.9536351095885038,0.5371180756583553,47
2020-02-22,-0.6893259407952428,-1.3786518815904856,-0.5065726451575756,-0.87207923643291,0.2584521892591687,2
2020-02-23,-0.2068772313829798,-2.6894040079787374,0.795922645367682,-0.9402929935604334,0.7186296509540968,13
2020-02-24,-0.3585629471150848,-17.21102146152407,0.7888343259692192,-0.9643462272360921,0.48083150065621744,48
2020-02-25,-0.18355249768743911,-15.969067298807204,0.9235213398933411,-0.9597528092563152,0.5338680107214957,87
2020-02-26,-0.16315464835900526,-10.605052143335342,0.9346047658473253,-0.9516637548804283,0.5535504923210107,65
2020-02-27,-0.1456122491663943,-8.736734949983656,0.9079857226461172,-0.9643010273575783,0.5413426405282662,60
2020-02-28,-0.18916545032008894,-14.37657422432676,0.920779412612319,-0.9672983302734792,0.5581340972393146,76
2020-02-29,-0.5931693292222917,-2.372677316889167,-0.22774623148143291,-0.9102955535054207,0.3220379178746846,4
2020-03-01,-0.5676796354353428,-2.838398177176714,0.4478338658809662,-0.9330185893923044,0.5713988841907303,5
2020-03-02,-0.13571005805750333,-11.39964487683028,0.8619493776932359,-0.9631772357970476,0.5027757854749582,84
2020-03-03,-0.1118275218859616,-11.070924666710198,0.9311391953378916,-0.9658255372196436,0.5908565590324922,99
2020-03-04,-0.16898477641013215,-9.970101808197796,0.919363159686327,-0.9579574884846807,0.5283984043215119,59
2020-03-05,-0.13946239338679747,-7.670431636273861,0.909750884398818,-0.9615119593217969,0.5737397220661059,55
2020-03-06,-0.0825874487310648,-6.19405865482986,0.9295025682076812,-0.952078471891582,0.6147419598698469,75
2020-03-07,-0.5509150475263596,-1.6527451425790787,-0.304851658642292,-0.8687527552247047,0.2887209315457611,3
2020-03-08,-0.686279247328639,-3.431396236643195,-0.12122482806444168,-0.9597392193973064,0.35286853997563855,5
2020-03-09,-0.2621990992387725,-15.469746855087578,0.8820898234844208,-0.9649559902027249,0.5521681755088336,59
2020-03-10,-0.0737806246496546,-5.7548887226730585,0.9228488486260176,-0.9626762992702425,0.5511577293420205,78
2020-03-11,-0.13471464007435477,-13.740893287584186,0.9316798839718103,-0.9638181887567043,0.5697221082922708,102
2020-03-12,-0.33909070446291045,-44.420882284641266,0.9261010084301233,-0.9642555853351951,0.4914867275930269,131
2020-03-13,0.01128220861056098,1.2523251557722688,0.9221448395401239,-0.9462220203131437,0.5221264201690987,111
2020-03-14,-0.29880568633476895,-0.8964170590043068,-0.08800144493579865,-0.49209480732679367,0.20261526587171896,3
2020-03-15,-0.21079957325011492,-5.269989331252873,0.8058214914053679,-0.9510423298925161,0.5232589183234876,25
2020-03-16,-0.14853967060416676,-16.93352244887501,0.9162944667041302,-0.9595297817140818,0.5295000376353296,114
2020-03-17,0.05550469334150175,7.715152374468744,0.9307912867516279,-0.9579653982073069,0.5141015363071573,139
2020-03-18,-0.0548211994386899,-6.578543932642788,0.9261919874697924,-0.9657210512086749,0.5804537840808747,120
2020-03-19,0.11038780691434104,11.149168498348445,0.9341646526008844,-0.9521795576438308,0.5475264164839998,101
2020-03-20,-0.029456513876525255,-1.9146734019741416,0.9341190047562122,-0.9547924948856235,0.5062410859167369,65
2020-03-21,-0.8543876558542252,-0.8543876558542252,-0.8543876558542252,-0.8543876558542252,0.0,1
2020-03-22,-0.15492056282785008,-2.6336495680734515,0.8650140799582005,-0.9334410494193435,0.5022890840711639,17
2020-03-23,-0.043940323069258484,-3.7788677839562297,0.9040051773190498,-0.9658710388466716,0.5676201950295982,86
2020-03-24,0.16231141093437776,16.880386737175286,0.9328606836497784,-0.963935112580657,0.6124897035804426,104
2020-03-25,0.0345812451585636,3.146893309429288,0.9338013753294945,-0.9663957199081779,0.5769977399808157,91
2020-03-26,0.0821914410004644,6.082166634034365,0.906143837608397,-0.9534173011779785,0.5879277460554075,74
2020-03-27,-0.04996168899039428,-2.9977013394236565,0.9315012097358704,-0.950933251529932,0.5695104497093856,60
2020-03-28,-0.12275117263197899,-0.49100469052791595,0.6731932759284973,-0.9033087529242039,0.6554057414818272,4
2020-03-29,-0.012185933068394661,-0.10967339761555195,0.9070910923182964,-0.9489873889833689,0.607429704934867,9
2020-03-30,-0.029620403048108545,-1.688362973742187,0.927818170748651,-0.9618524154648185,0.6089994852324192,57
2020-03-31,-0.1651248349989583,-12.714612294919789,0.9287930950522423,-0.9662588760256767,0.588057680268132,77
2020-04-01,-0.029518715548710744,-1.8006416484713554,0.9214972965419292,-0.9564721463248134,0.5530159067486327,61
2020-04-02,-0.08689975500050368,-5.735383830033243,0.913687577471137,-0.9635165859945118,0.6026528129198393,66
2020-04-03,-0.13795948535203933,-10.34696140140295,0.9274134561419487,-0.9654659950174391,0.5606620602539545,75
2020-04-04,-0.4101180639117956,-0.8202361278235912,0.11601848155260086,-0.9362546093761921,0.744069438255878,2
2020-04-05,-0.030530931893736124,-0.244247455149889,0.7605696842074394,-0.9626962784677744,0.6514788425439116,8
2020-04-06,0.031740079866722226,2.221805590670556,0.9263176713138819,-0.9658977338112891,0.5790100007010875,70
2020-04-07,0.06077045751600594,4.19316156860441,0.9260367676615715,-0.965757611207664,0.6240761898865237,69
2020-04-08,-0.07943552966540059,-5.957664724905044,0.9309616265818477,-0.9674880765378475,0.6421072017999333,75
2020-04-09,-0.0658253132016398,-5.266025056131184,0.9247718378901482,-0.967412038706243,0.5753216518879014,80
2020-04-10,-0.17942085383193834,-1.2559459768235683,0.48852206766605377,-0.8447481598705053,0.4639656081993273,7
2020-04-11,-0.27989043621346354,-1.1195617448538542,0.06913814507424831,-0.8499287106096745,0.40172325006614407,4
2020-04-12,-0.3357972080508868,-4.0295664966106415,0.7537308242172003,-0.9503017533570528,0.587732944080419,12
2020-04-13,-0.05102899202159537,-3.4189424654468894,0.9117615558207035,-0.9668636545538902,0.5597264793427232,67
2020-04-14,-0.06787456146810415,-3.5973517578095198,0.9261220563203096,-0.9662538124248385,0.5583393296668671,53
2020-04-15,-0.12735298174348744,-8.405296795070171,0.9194048643112183,-0.965193790383637,0.5825959999683534,66
2020-04-16,0.11917124432005474,10.963754477445036,0.9348068330436945,-0.9658308369107544,0.5916989011341441,92
2020-04-17,0.03365681357884213,1.5482134246267378,0.9385122191160917,-0.9573846361599863,0.5540098438254416,46
2020-04-18,-0.03983721633752187,-0.11951164901256561,0.7836747914552689,-0.9009233452379704,0.8429273880177005,3
2020-04-19,-0.018068146985024215,-0.18068146985024214,0.8546613547950983,-0.9519464857876301,0.7227104562489912,10
2020-04-20,-0.05631979841640905,-2.140152339823544,0.8926221877336502,-0.9480184782296419,0.49048615940463,38
2020-04-21,0.02343428314936052,1.9216112182475626,0.9230745416134596,-0.9673135904595256,0.6059721089551051,82
2020-04-22,-0.11269042154567109,-7.099496557377279,0.8455743100494146,-0.9676684932783246,0.53084519780338,63
2020-04-23,0.002351983090523969,0.10348725598305464,0.9287802949547768,-0.9401866868138313,0.5754024440877622,44
2020-04-24,-0.08364058774144899,-2.592858219984919,0.8931310996413231,-0.9602270098403096,0.547627171201126,31
2020-04-25,-0.5449003800749779,-1.6347011402249336,-0.047957759350538254,-0.8841340560466051,0.43983153960393906,3
2020-04-26,0.1545980056747794,1.5459800567477942,0.9227180816233158,-0.9521527616307139,0.7966059145746338,10
2020-04-27,-0.06398915713652968,-3.839349428191781,0.9302141219377518,-0.9664161587134004,0.5329415398309225,60
2020-04-28,-0.0039582913148809564,-0.2177060223184526,0.9280766174197197,-0.9658603267744184,0.6378608392152367,55
2020-04-29,0.09404738453186808,8.746406761463732,0.9288937095552683,-0.9649126576259732,0.5774185472379714,93
2020-04-30,0.059380721470985845,3.087797516491264,0.9062926024198532,-0.9649464800022542,0.5986612319324751,52
2020-05-01,-0.03982806243505832,-1.473638310097158,0.8893237113952637,-0.9599109534174204,0.5919865909173037,37
2020-05-02,-0.33365596427271765,-2.001935785636306,0.8632008470594883,-0.948942088522017,0.9243534327006159,6
2020-05-03,-0.41509795072488487,-3.320783605799079,0.6103492863476276,-0.9563768580555916,0.5509636067599536,8
2020-05-04,-0.05571310819601113,-2.95279473438859,0.9129827488213778,-0.9588074693456292,0.5641175450310543,53
2020-05-05,0.04116952618850129,2.5936801498755813,0.9265608629211783,-0.9643382290378213,0.5966913798022998,63
2020-05-06,-0.11475498414740472,-6.770544064696878,0.8969501936808228,-0.9574352013878524,0.5408983429064352,59
2020-05-07,-0.11171817528488844,-7.708554094657302,0.9259003531187773,-0.9640384502708912,0.5321583987532543,69
2020-05-08,-0.019358109418923655,-1.1614865651354194,0.9347203765064478,-0.9625913193449378,0.5247129755188794,60
2020-05-09,0.021394555146495502,0.0641836654394865,0.3477661442011595,-0.46327832341194153,0.4280686344564066,3
2020-05-10,-0.2240481770131737,-1.7923854161053896,0.862596457824111,-0.9615492122247815,0.8303926187286937,8
2020-05-11,-0.050465109234210104,-3.2297669909894466,0.9279936663806438,-0.95840257499367,0.6032094193161006,64
2020-05-12,-0.049414016207743244,-5.830853912513703,0.9135359302163124,-0.9655382465571165,0.5660825397603981,118
2020-05-13,-0.1518199117647277,-13.663792058825493,0.9324722234159708,-0.9641107199713588,0.5941134919472868,90
2020-05-14,-0.20787778296507894,-16.630222637206316,0.9031348563730717,-0.9589526634663343,0.5444751184080547,80
2020-05-15,0.023666664430250724,1.4199998658150434,0.9279610309749842,-0.9667407218366861,0.6050440011792066,60
2020-05-16,0.028494887053966522,0.028494887053966522,0.028494887053966522,0.028494887053966522,0.0,1
2020-05-17,0.0780765148145812,0.5465356037020683,0.9228995647281408,-0.8586304299533367,0.6998480220486032,7
2020-05-18,0.048675821043868014,2.2877635890617967,0.9289277344942093,-0.9587192358449101,0.5455676689273674,47
2020-05-19,-0.07395736949229745,-5.250973233953118,0.915638423524797,-0.9562849178910255,0.5657537574790814,71
2020-05-20,-0.059135611185379196,-3.370729837566614,0.9264211133122444,-0.9560316866263747,0.5405073515370189,57
2020-05-21,-0.192498947486884,-13.089928429108113,0.9190240278840065,-0.9670262574218214,0.5868867199499904,68
2020-05-22,0.046822094073933035,1.6855953866615891,0.904464814811945,-0.96363047324121,0.5926582056984919,36
2020-05-23,0.09668139927089214,0.1933627985417843,0.1175396740436554,0.07582312449812889,0.02949805507134638,2
2020-05-24,-0.5335248473566025,-2.13409938942641,-0.004873588681221008,-0.917800179682672,0.45121823017739204,4
2020-05-25,0.8834614455699921,0.8834614455699921,0.8834614455699921,0.8834614455699921,0.0,1
2020-05-26,0.006966414488852024,0.4876490142196417,0.9306586645543575,-0.9626613855361938,0.5826244226510252,70
2020-05-27,-0.18260115379577174,-12.416878458112478,0.9325459636747837,-0.9674985082820058,0.6293620654399777,68
2020-05-28,-0.21347204258975883,-12.80832255538553,0.8863649144768715,-0.9608808709308505,0.5284748003163332,60
2020-05-29,-0.07406796461592118,-5.5550973461940885,0.895928893238306,-0.9581960383802652,0.5032877383703817,75
2020-05-30,-0.1189463949865765,-1.0705175548791885,0.7748921662569046,-0.7755928263068199,0.5207703388816863,9
2020-05-31,-0.16772981588211325,-1.5095683429390192,0.23869012296199799,-0.718682324513793,0.2821424715589979,9
2020-06-01,-0.24683943028770844,-12.095132084097713,0.866677775979042,-0.9638822684064507,0.5081573020971286,49
2020-06-02,-0.08686294590329958,-3.127066052518785,0.9360271543264389,-0.9674584753811359,0.5276447489933526,36
2020-06-03,-0.3126015989235728,-11.566259160172194,0.7843750780448318,-0.9523603385314345,0.48931753769485503,37
2020-06-04,-0.17242027254289258,-7.931332536973059,0.8984816577285528,-0.9641528259962797,0.595247261173989,46
2020-06-05,0.030776548893282227,1.5696039935573936,0.9312505349516869,-0.9595151571556926,0.572912672591998,51
2020-06-06,-0.9378250818699598,-0.9378250818699598,-0.9378250818699598,-0.9378250818699598,0.0,1
2020-06-07,-0.269304798516844,-1.885133589617908,0.8120249882340431,-0.9516996731981635,0.5636656321282176,7
2020-06-08,-0.02575078814783517,-1.3132901955395937,0.9256960526108742,-0.9528499832376838,0.6525358415903134,51
2020-06-09,-0.29713856605322736,-11.29126551002264,0.7219602419063449,-0.9665781548246741,0.542020697980664,38
2020-06-10,-0.18304681589102578,-9.884528058115393,0.9286029785871506,-0.9668730273842812,0.6275355777507521,54
2020-06-11,-0.004717254423580709,-0.19812468579038978,0.9326183013617992,-0.967437335755676,0.6866796930306494,42
2020-06-12,-0.07194304885342717,-3.021608051843941,0.9298263918608427,-0.9618120603263378,0.6389754183757749,42
2020-06-14,-0.4394875718280673,-1.7579502873122692,-0.01913096010684967,-0.8701580427587032,0.347507831367546,4
2020-06-15,-0.15781448245523313,-8.04853860521689,0.895501846447587,-0.9672111566178501,0.5723596566923268,51
2020-06-16,-0.09299433318925883,-6.230620323680341,0.9292527828365564,-0.9606718886643648,0.6493894416345303,67
2020-06-17,0.11875891354866326,7.1255348129197955,0.9370293878018856,-0.9632566161453724,0.6388287419245535,60
2020-06-18,0.007772767614271189,0.575184803456068,0.9180439505726099,-0.9682393940165639,0.5478636658454975,74
2020-06-19,-0.006707373863229385,-0.43597930110991,0.9361355025321245,-0.9610599689185619,0.6535566914798704,65
2020-06-20,-0.8977875085547566,-0.8977875085547566,-0.8977875085547566,-0.8977875085547566,0.0,1
2020-06-21,-0.2657550096511841,-1.3287750482559204,-0.003490738570690155,-0.8223962634801865,0.3276356032343857,5
2020-06-22,-0.1329091562933865,-8.37327684648335,0.9290033429861069,-0.9657509280368686,0.5902670657390018,63
2020-06-23,-0.018223835868232043,-1.4761307053267956,0.9314891435205936,-0.9661010503768921,0.6477214236480286,81
2020-06-24,-0.16287988066152834,-11.075831884983927,0.9286410752683878,-0.967051840852946,0.6228372379224254,68
2020-06-25,-0.1229892222761688,-8.732234781607985,0.9249114524573088,-0.9673741813749075,0.674649589914365,71
2020-06-26,-0.1856577613864813,-10.582492399029434,0.9230689201503992,-0.9682432436384261,0.6369495383497791,57
2020-06-27,-0.2675747871398926,-0.5351495742797852,0.32453014701604843,-0.8596797212958336,0.8373628282313602,2
2020-06-28,-0.5782757368204849,-4.047930157743394,0.7230529561638832,-0.9656697642058134,0.6176337416586019,7
2020-06-29,-0.19185710581950843,-11.895140560809523,0.9271318279206753,-0.9676511059515178,0.6014483329749486,62
2020-06-30,-0.031975399897392114,-2.142351793125272,0.9279357865452766,-0.9677395727485418,0.6083904577724412,67
2020-07-01,-0.10350706950639901,-7.141987795941532,0.9272534288465977,-0.9631395833566785,0.646956460929302,69
2020-07-02,0.04481470092598881,2.5096232518553734,0.9294636584818363,-0.9604314537718892,0.6837799613422996,56
2020-07-04,-0.19026374095119536,-0.7610549638047814,0.8455892316997051,-0.9308808809146285,0.8399223937227207,4
2020-07-05,0.06761421822011471,0.13522843644022942,0.9212902709841728,-0.7860618345439434,1.2072802516920609,2
2020-07-06,0.0024167869705706835,0.12083934852853417,0.9291380643844604,-0.9662026334553957,0.6037335167860788,50
2020-07-07,-0.153177165576969,-10.416047259233892,0.9290851876139641,-0.9663214925676584,0.6093917742425653,68
2020-07-08,-0.05291216295996779,-3.015993288718164,0.9311551675200462,-0.9569729305803776,0.6711971849793819,57
2020-07-09,0.10408053588808368,3.9550603637471795,0.9310122635215521,-0.922083742916584,0.664240204612535,38
2020-07-10,-0.11463516026099281,-4.700041570700705,0.9251598808914423,-0.9668609024956822,0.6232000388598222,41
2020-07-11,-0.09997470397502184,-0.19994940795004368,0.6512426529079676,-0.8511920608580112,1.0623817743939932,2
2020-07-12,-0.3795842044055462,-0.7591684088110924,-0.035976868122816086,-0.7231915406882763,0.4859341551019298,2
2020-07-13,-0.09448542844504118,-4.724271422252059,0.9291639346629381,-0.9673154139891267,0.6378994621042332,50
2020-07-14,-0.03318844362317274,-1.9913066173903644,0.9315499104559422,-0.9661258310079575,0.6152952132987961,60
2020-07-15,-0.015975933227884143,-0.9106281939893961,0.9359120875597,-0.9573193257674575,0.6351768852746866,57
2020-07-16,-0.2064057905226946,-8.669043201953173,0.9360763262957335,-0.9638200346380472,0.5968045984896674,42
2020-07-17,0.04566998858200876,1.735459566116333,0.9339395351707935,-0.9505031453445554,0.6554087675203094,38
2020-07-18,-0.045130690559744835,-0.09026138111948967,0.8719024313613772,-0.9621638124808669,1.2968806781661908,2
2020-07-19,-0.2705170791596174,-0.5410341583192348,-0.12630611658096313,-0.4147280417382717,0.2039450991216118,2
2020-07-20,0.010443143793107831,0.3550668889656663,0.925361979752779,-0.9598492989316583,0.6055053722282904,34
2020-07-21,-0.060506119091502004,-2.0572080491110682,0.9201799649745226,-0.9078168608248234,0.551366061671386,34
2020-07-22,-0.050001825497020036,-2.4000876238569617,0.9207411967217922,-0.9538641348481178,0.5962732188912726,48
2020-07-23,-0.05591144540480205,-1.9569005891680717,0.9204527083784342,-0.9657891299575567,0.6034135588495703,35
2020-07-24,-0.22032820342763051,-8.152143526822329,0.9200868718326092,-0.9630379490554333,0.5373181679636038,37
2020-07-25,-0.7502066921442747,-0.7502066921442747,-0.7502066921442747,-0.7502066921442747,0.0,1
2020-07-26,0.32774675140778226,0.9832402542233467,0.8480866029858589,-0.015619665384292603,0.4582431963165841,3
2020-07-27,-0.09547712409717811,-3.53265359159559,0.9228965137153864,-0.9625473953783512,0.6457103826244853,37
2020-07-28,-0.16608525098168425,-5.8129837843589485,0.9220695793628693,-0.9661556244827807,0.5647321983923846,35
2020-07-29,-0.056032503911748875,-2.4093976682052016,0.9248074907809496,-0.9312955942004919,0.6063970702192266,43
2020-07-30,-0.26263706333230474,-9.717571343295276,0.9198328927159309,-0.9632104644551873,0.6153997398810552,37
2020-07-31,-0.026370682452312288,-0.8966032033786178,0.929433410987258,-0.9620353933423758,0.5937557301039094,34
2020-08-02,-0.47061538975685835,-1.8824615590274334,-0.019383981823921204,-0.8951033763587475,0.38211024288849393,4
2020-08-03,-0.0025926465520037796,-0.1374102672562003,0.9293791595846415,-0.9634389393031597,0.5860141613370591,53
2020-08-04,0.07244136115713488,3.042537168599665,0.9229747112840414,-0.966784100048244,0.6977491576105418,42
2020-08-05,-0.12577804835999143,-5.785790224559605,0.9311553966253996,-0.9658598322421312,0.5364908316599165,46
2020-08-06,-0.1664301145991141,-5.492193781770766,0.9326561857014894,-0.961893224157393,0.6296202152839298,33
2020-08-07,-0.23234826286907417,-13.708547509275377,0.927904998883605,-0.9659461406990886,0.551479276643364,59
2020-08-08,0.4564693458378315,0.912938691675663,0.5244943797588348,0.38844431191682816,0.09620192555197277,2
2020-08-09,0.8874328397214413,0.8874328397214413,0.8874328397214413,0.8874328397214413,0.0,1
2020-08-10,-0.15587579362608237,-4.520398015156388,0.9226175863295794,-0.8753608483821154,0.5173069230837545,29
2020-08-11,-0.19194465932042265,-9.981122284661978,0.9213220588862896,-0.967820187099278,0.6192028958637481,52
2020-08-12,0.009810113534331321,0.34335397370159626,0.9265618920326233,-0.9457651097327471,0.5770893825287812,35
2020-08-13,-0.013445168816750603,-0.7529294537380338,0.9335444960743189,-0.9670762401074171,0.5866046756644799,56
2020-08-14,-0.19801334384828806,-5.346360283903778,0.9175669401884079,-0.9603880941867828,0.5147427127614362,27
2020-08-16,-0.48091311659663916,-0.9618262331932783,-0.07521670870482922,-0.8866095244884491,0.5737413622466447,2
2020-08-17,0.04749225617974604,1.8047057348303497,0.9266096632927656,-0.9653730699792504,0.5963540766677353,38
2020-08-18,-0.1895816089012302,-7.393682747147977,0.9151750430464745,-0.9538725530728698,0.5354707061127596,39
2020-08-19,0.17634699693215744,6.172144892625511,0.9179240092635155,-0.9636116279289126,0.5180785356736961,35
2020-08-20,-0.1855827989698998,-5.381901170127094,0.8873910214751959,-0.9623934142291546,0.6498121504418983,29
2020-08-21,-0.21806312691686408,-3.0528837768360972,0.8118883473798633,-0.9171680491417646,0.5099838550126694,14
2020-08-23,-0.016903594136238098,-0.016903594136238098,-0.016903594136238098,-0.016903594136238098,0.0,1
2020-08-24,0.01628475231476701,0.21170178009197116,0.9232217539101839,-0.9011930041015148,0.6474288534915285,13
2020-08-25,-0.036225291981321316,-0.8331817155703902,0.8806509543210268,-0.9665233129635453,0.624465672040964,23
2020-08-26,-0.07172482213578545,-1.8648453755304217,0.9263832978904247,-0.9235846679657698,0.6801881216704496,26
2020-08-27,-0.1112215057015419,-3.8927526995539665,0.8799959979951382,-0.9591435892507434,0.6638131810427285,35
2020-08-28,-0.04945882644859098,-1.0386353554204106,0.92917375639081,-0.9587567700073123,0.6472809811379917,21
2020-08-30,0.9191566314548254,0.9191566314548254,0.9191566314548254,0.9191566314548254,0.0,1
2020-08-31,-0.13895309583417007,-2.9180150125175714,0.9286348465830088,-0.9205809375271201,0.5356473934885386,21
2020-09-01,0.030295136332925823,0.5453124539926648,0.9220617953687906,-0.8816388808190823,0.5677926498070773,18
2020-09-02,-0.007083624950610101,-0.22667599841952324,0.9043206237256527,-0.9047559965401888,0.60745683587693,32
2020-09-03,-0.12530836956575514,-3.759251086972654,0.8993723355233669,-0.9643959915265441,0.6987686635734921,30
2020-09-04,-0.07742888661787699,-2.9422976914793253,0.9182950966060162,-0.9667219463735819,0.6468258978577719,38
2020-09-07,-0.0975820788492759,-0.5854924730956554,0.8853463642299175,-0.9521496817469597,0.7744184418896451,6
2020-09-08,-0.1412147366985058,-3.3891536807641387,0.8875577254220843,-0.9603534666821361,0.5930689440015807,24
2020-09-09,0.008878287336811787,0.36400978080928326,0.9059880767017603,-0.9538019932806492,0.5329642750315818,41
2020-09-10,-0.28156414186759365,-11.825693958438933,0.9193153362721205,-0.9584312383085489,0.622631672200466,42
2020-09-11,-0.40359263735907996,-8.87903802189976,0.26728227734565735,-0.9560870807617903,0.4709480190167496,22
2020-09-14,-0.28490182938985525,-5.698036587797105,0.8934777900576591,-0.9557751202955842,0.5587262284174277,20
2020-09-15,-0.05796524875152569,-2.260644701309502,0.9177148789167404,-0.9665363458916545,0.5892075340510149,39
2020-09-16,0.0387178251009074,2.4005051562562585,0.9408227168023586,-0.9593119621276855,0.6109681074866213,62
2020-09-17,-0.11461618444364932,-4.1261826399713755,0.9015542343258858,-0.9401035569608212,0.521298534523038,36
2020-09-18,-0.11310954375325569,-4.750600837636739,0.88124680519104,-0.963805494364351,0.5957729286868528,42
2020-09-19,-0.38513219729065895,-0.7702643945813179,-0.007758554071187973,-0.7625058405101299,0.5336869243231215,2
2020-09-20,-0.952827830798924,-0.952827830798924,-0.952827830798924,-0.952827830798924,0.0,1
2020-09-21,-0.1872419021689357,-7.302434184588492,0.9216399136930704,-0.9659385038539767,0.5381416400234775,39
2020-09-22,0.01392440837142723,0.5848251515999436,0.9237691462039948,-0.9589331587776542,0.646578912978838,42
2020-09-23,-0.10965203615270701,-5.592253843788058,0.9255127217620611,-0.965251621324569,0.5970581779805317,51
2020-09-24,-0.011604793877764181,-0.63826366327703,0.9238561652600765,-0.958751973696053,0.49098071958944245,55
2020-09-25,-0.15899765290515988,-3.0209554051980376,0.9287260752171278,-0.9665878796949983,0.6338492724814543,19
2020-09-26,-0.4575826465152204,-0.9151652930304408,0.049136750400066376,-0.9643020434305072,0.716609443435114,2
2020-09-27,-0.9045425727963448,-0.9045425727963448,-0.9045425727963448,-0.9045425727963448,0.0,1
2020-09-28,0.11613096948713064,1.7419645423069596,0.8162785787135363,-0.9104352276772261,0.571257218459064,15
2020-09-29,-0.2691964372216413,-8.07589311664924,0.9185720775276423,-0.9673443739302456,0.6886565200878251,30
2020-09-30,-0.0001841088549958335,-0.008284898474812508,0.9191186260432005,-0.9572896482422948,0.6131786803040447,45
2020-10-01,-0.11426447634585202,-3.6564632430672646,0.9241830985993147,-0.9438715185970068,0.6453326164836851,32
2020-10-02,-0.227808176420438,-17.769037760794163,0.902694471180439,-0.9663826888427138,0.4693683767018651,78
2020-10-04,0.2588367185422352,1.8118570297956467,0.8340561576187611,-0.9589048288762569,0.621405472249167,7
2020-10-05,-0.020095967687666416,-0.9244145136326551,0.9259148072451353,-0.9448476862162352,0.4752987263945164,46
2020-10-06,-0.20367424439638854,-10.183712219819427,0.9254732970148325,-0.9621220720000565,0.5922771653290718,50
2020-10-07,-0.12225144527937201,-5.379063592292368,0.9207261279225349,-0.964334704913199,0.5784228800015266,44
2020-10-08,-0.12378476599438323,-5.570314469747245,0.9150481447577477,-0.9594367956742644,0.5860214373067621,45
2020-10-09,0.03687029354500048,1.2167196869850159,0.9265181943774223,-0.9288128586485982,0.5088405668216673,33
2020-10-10,0.9239371716976166,0.9239371716976166,0.9239371716976166,0.9239371716976166,0.0,1
2020-10-11,0.9132165443152189,0.9132165443152189,0.9132165443152189,0.9132165443152189,0.0,1
2020-10-12,-0.02446202618173427,-0.44031647127121687,0.932074137032032,-0.952959168702364,0.6944293858853791,18
2020-10-13,-0.2934598014689982,-5.869196029379964,0.9231469891965389,-0.8813019469380379,0.5622771067000636,20
2020-10-14,-0.11811204425789215,-4.370145637542009,0.9081505574285984,-0.957282274030149,0.602325787288386,37
2020-10-15,-0.16568906575112657,-11.266856471076608,0.9357837717980146,-0.9575619427487254,0.5615885287314802,68
2020-10-16,-0.03454871941357851,-0.8291692659258842,0.9284345097839832,-0.8773731701076031,0.6366657043864274,24
2020-10-18,0.9108746368438005,0.9108746368438005,0.9108746368438005,0.9108746368438005,0.0,1
2020-10-19,0.01133915644937328,0.3968704757280648,0.928308168426156,-0.9639864689670503,0.639883360368494,35
2020-10-20,0.1583051093264806,7.7569503569975495,0.9239889904856682,-0.9127851817756891,0.5663607313512847,49
2020-10-21,0.12419918687082827,4.967967474833131,0.9137812433764338,-0.9656879855319858,0.6108491698607851,40
2020-10-22,-0.09510513324746672,-4.660151529125869,0.9174358993768692,-0.9617619337514043,0.6682882014284867,49
2020-10-23,0.0901370686866964,5.408224121201783,0.9318125359714031,-0.956966994330287,0.60923872696304,60
2020-10-24,0.8315782286226749,0.8315782286226749,0.8315782286226749,0.8315782286226749,0.0,1
2020-10-25,-0.05106151228149732,-0.15318453684449196,0.7567297630012035,-0.9528927560895681,0.8586820868084756,3
2020-10-26,-0.16739360665584482,-6.863137872889638,0.9202739354223013,-0.9610032020136714,0.5448934457884266,41
2020-10-27,-0.16455504399559953,-5.594871495850384,0.9223798345774412,-0.9373532142490149,0.6197477230220887,34
2020-10-28,-0.16588185908040032,-5.30821949057281,0.8459343798458576,-0.9618544094264507,0.5192479959899348,32
2020-10-29,-0.15729283517226578,-7.864641758613288,0.9203150402754545,-0.9639300834387541,0.5990266746954662,50
2020-10-30,-0.1968634582957939,-3.7404057076200843,0.9227546900510788,-0.9584557563066483,0.6661020482483488,19
2020-10-31,-0.46158935921266675,-0.9231787184253335,0.021322067826986313,-0.9445007862523198,0.6829398895444228,2
2020-11-01,0.0308094285428524,0.0308094285428524,0.0308094285428524,0.0308094285428524,0.0,1
2020-11-02,-0.1007492726925632,-2.921728908084333,0.9122959040105343,-0.9467833731323481,0.6135291495668503,29
2020-11-03,0.072007093767059,3.0242979382164776,0.9233443830162287,-0.9670985527336597,0.5817018957700839,42
2020-11-04,-0.05562510952211873,-9.511893728282303,0.9104641117155552,-0.9618541896343231,0.4059773669600328,171
2020-11-05,-0.04643494919338058,-5.247149258852005,0.9337355708703399,-0.9595153657719493,0.5482752614789272,113
2020-11-06,-0.07515496148083073,-3.9080579970031977,0.9170678518712521,-0.9598574815317988,0.5613852976562356,52
2020-11-07,0.7580509309967359,2.2741527929902077,0.8796353284269571,0.5170768573880196,0.20869255452465826,3
2020-11-08,0.5294672101736069,0.5294672101736069,0.5294672101736069,0.5294672101736069,0.0,1
2020-11-09,-0.010812383638147046,-0.7352420873939991,0.9229436852037907,-0.9593227580189705,0.5685061972418411,68
2020-11-10,-0.024068318543926118,-1.5163040682673454,0.9245003554970026,-0.9634112054482102,0.6679230870172156,63
2020-11-11,0.04438054173028674,1.2870357101783156,0.9251247122883797,-0.9604648938402534,0.603785740459338,29
2020-11-12,-0.333473364636302,-20.00840187817812,0.9227447248995304,-0.962484628893435,0.5570818505464277,60
2020-11-13,-0.2119432972015246,-9.749391671270132,0.9269082956016064,-0.9556897263973951,0.5714899098250281,46
2020-11-14,-0.032573470612987876,-0.1302938824519515,0.7115943040698767,-0.9640505844727159,0.6953132554948154,4
2020-11-15,-0.4194945163326338,-1.6779780653305352,0.06741507165133953,-0.9264834173955023,0.5235140552806737,4
2020-11-16,0.1698834925663431,12.571378449909389,0.936196037568152,-0.9412327725440264,0.5014864719208404,74
2020-11-17,-0.08392399985954832,-5.622907990589738,0.9247389081865549,-0.965678732842207,0.5745004643151476,67
2020-11-18,-0.009994124248623847,-0.44973559118807316,0.9307015920057893,-0.964182898402214,0.6702908297133515,45
2020-11-19,-0.04850087483745005,-2.861551615409553,0.9276047684252262,-0.9530251491814852,0.5510805503875625,59
2020-11-20,0.015803988106915207,0.9640432745218277,0.9289028123021126,-0.9592804163694382,0.589601974921787,61
2020-11-21,-0.7212694212794304,-0.7212694212794304,-0.7212694212794304,-0.7212694212794304,0.0,1
2020-11-23,0.07571230463994046,2.7256429670378566,0.9338263012468815,-0.9612260106950998,0.5666237614037312,36
2020-11-24,0.06945917498654662,2.708907824475318,0.9240052588284016,-0.9463902595452964,0.5245946253551458,39
2020-11-25,-0.24629380640670143,-7.142520385794342,0.9051614431664348,-0.9208260849118233,0.5373613341199005,29
2020-11-26,-0.5929146632552147,-0.5929146632552147,-0.5929146632552147,-0.5929146632552147,0.0,1
2020-11-27,-0.3996540412772447,-6.394464660435915,0.09379200264811516,-0.9668610282242298,0.33062430793997816,16
2020-11-28,-0.7580557046458125,-0.7580557046458125,-0.7580557046458125,-0.7580557046458125,0.0,1
2020-11-29,0.6522816084325314,1.3045632168650627,0.7890086844563484,0.5155545324087143,0.19336128525649932,2
2020-11-30,-0.060113173105161295,-2.644979616627097,0.9214349612593651,-0.9548255801200867,0.6047053205537752,44
2020-12-01,0.10159679142790928,5.791017111390829,0.9248224403709173,-0.963076732121408,0.5974409155935703,57
2020-12-02,0.03840932398274237,1.882056875154376,0.9277066998183727,-0.9633940402418375,0.6624856988344779,49
2020-12-03,-0.05929546951665543,-2.8461825367994606,0.9253798555582762,-0.9492151802405715,0.6718336782353216,48
2020-12-04,0.13475996097126466,5.929438282735646,0.9258072376251221,-0.9263793854042888,0.6052847552243813,44
2020-12-05,0.07060016877949238,0.07060016877949238,0.07060016877949238,0.07060016877949238,0.0,1
2020-12-06,0.46042119059711695,0.9208423811942339,0.8402722552418709,0.08057012595236301,0.5371905273024703,2
2020-12-07,-0.2847787878640434,-14.523718181066215,0.9251419678330421,-0.9493803130462766,0.5378719234660688,51
2020-12-08,-0.11619226413584033,-4.996267357841134,0.916779063642025,-0.9577963603660464,0.54206319725219,43
2020-12-09,-0.06440050290742268,-3.0912241395562887,0.9228426944464445,-0.9643692523241043,0.5931088093223694,48
2020-12-10,0.04439268343783212,2.3528122222051024,0.9253833964467049,-0.9624380543828011,0.5624272561204082,53
2020-12-11,-0.053000717204721534,-3.6040487699210644,0.9255269356071949,-0.9565496416762471,0.5919745395271943,68
2020-12-12,-0.9605631465092301,-0.9605631465092301,-0.9605631465092301,-0.9605631465092301,0.0,1
2020-12-13,0.011478211730718613,0.04591284692287445,0.6346335709095001,-0.6555522959679365,0.5293575906230346,4
2020-12-14,0.1005731017271779,4.928081984631717,0.9213781151920557,-0.960916867479682,0.591381564553381,49
2020-12-15,0.001464164310718997,0.08638569433242083,0.9260360123589635,-0.9585754303261638,0.5801821335051768,59
2020-12-16,0.11754069750680139,12.694395330734551,0.9308665879070759,-0.9576586484909058,0.5772429115537463,108
2020-12-17,0.015831286064916995,0.6490827286615968,0.9226049017161131,-0.9556388426572084,0.610694518560094,41
2020-12-18,-0.1104915896214025,-4.751138353720307,0.9239720888435841,-0.9578490685671568,0.563036324341558,43
2020-12-19,0.22807043852905431,0.684211315587163,0.8804233856499195,-0.8090275507420301,0.9080653485368161,3
2020-12-20,0.32414755653589966,3.2414755653589964,0.8689417112618685,-0.539416428655386,0.4795858381810435,10
2020-12-21,0.017385651726486546,0.921439541503787,0.932157214730978,-0.9634670661762357,0.5926296079040299,53
2020-12-22,-0.032905415778881626,-1.2504057995975018,0.8856406137347221,-0.9578957026824355,0.5769740157601266,38
2020-12-23,-0.10175269871780818,-5.59639842947945,0.9387902356684208,-0.9675045572221279,0.5464323778076604,55
2020-12-24,0.22925662843044847,3.6681060548871756,0.8923582695424557,-0.1946835145354271,0.3862644088300376,16
2020-12-25,-0.8690824694931507,-0.8690824694931507,-0.8690824694931507,-0.8690824694931507,0.0,1
2020-12-26,-0.1226003048941493,-0.2452006097882986,0.07208677567541599,-0.3172873854637146,0.2753291097603027,2
2020-12-27,-0.7468055859208107,-0.7468055859208107,-0.7468055859208107,-0.7468055859208107,0.0,1
2020-12-28,0.26172888351397383,4.711119903251529,0.9202996343374252,-0.6058211252093315,0.4777527784318313,18
2020-12-29,0.13040736887384863,4.433850541710854,0.9144281763583422,-0.8946035839617252,0.4730074311321906,34
2020-12-30,-0.02098728061121489,-0.587643857114017,0.9147850703448057,-0.9512641103938222,0.6063677673847472,28
2020-12-31,-0.029432177022099496,-0.7358044255524874,0.9169911462813616,-0.9458553502336144,0.5759710668990679,25
2021-01-01,0.4951088950037956,0.4951088950037956,0.4951088950037956,0.4951088950037956,0.0,1
2021-01-02,-0.45142122358083725,-1.3542636707425117,-0.03472692519426346,-0.7445794083178043,0.37070003436862614,3
2021-01-03,0.36894130557775495,1.8447065278887749,0.9024447808042169,-0.021450020372867584,0.3728612074985856,5
2021-01-04,-0.04678156814770773,-2.245515271089971,0.9192918669432402,-0.9595286184921861,0.6033870883142938,48
2021-01-05,-0.09136304687265129,-3.8372479686513543,0.9237474054098129,-0.9353700056672096,0.6346620415921229,42
2021-01-06,-0.23754967988811826,-22.567219589371234,0.9322598204016685,-0.9656885508447886,0.5548352022521682,95
2021-01-07,-0.12867848192678488,-6.047888650558889,0.9116162788122892,-0.9684571521356702,0.6166992236047211,47
2021-01-08,-0.08503177512765807,-2.8910803543403745,0.9276027251034975,-0.9415278974920511,0.6365119775475848,34
2021-01-09,0.1277106503645579,0.3831319510936737,0.8864520229399204,-0.49468839541077614,0.7005919899330983,3
2021-01-10,-0.0924070980399847,-0.3696283921599388,0.5210996903479099,-0.7347948104143143,0.5240303464896284,4
2021-01-11,-0.15252696005020128,-7.016240162309259,0.9168875310570002,-0.9634704268537462,0.5482858286684306,46
2021-01-12,-0.17186773197917157,-11.687005774583668,0.9285317193716764,-0.9633294157683849,0.6105641532870956,68
2021-01-13,-0.24914342690700372,-18.934900444932282,0.9213942009955645,-0.965154055505991,0.5961446558465667,76
2021-01-14,-0.08711332837609868,-4.965459717437625,0.925272025167942,-0.9599415259435773,0.6370795256927303,57
2021-01-15,-0.26571751065785065,-19.131660767365247,0.9033206272870302,-0.9614536622539163,0.5611832597057641,72
2021-01-16,0.8967269547283649,0.8967269547283649,0.8967269547283649,0.8967269547283649,0.0,1
2021-01-18,-0.2595141415173809,-0.7785424245521426,0.8297235602512956,-0.8556905575096607,0.9447154390267953,3
2021-01-19,0.1598305505668295,4.635085966438055,0.8830669075250626,-0.9626659443601966,0.5786308077395026,29
2021-01-20,0.10933754271051536,5.248202050104737,0.926548620685935,-0.9565679710358381,0.5207422298674902,48
2021-01-21,0.003757122000131537,0.12774214800447226,0.9046758208423853,-0.9556637387722731,0.5539407805950954,34
2021-01-22,-0.1004878539552397,-4.7229291358962655,0.922539658844471,-0.9600551119074225,0.541820226938186,47
2021-01-23,0.06690357439219952,0.20071072317659855,0.45012911036610603,-0.15144503489136696,0.3329582012455972,3
2021-01-24,0.8968136077746749,0.8968136077746749,0.8968136077746749,0.8968136077746749,0.0,1
2021-01-25,-0.04676180679736466,-1.3560923971235752,0.9285992532968521,-0.9625727087259293,0.6823097775654353,29
2021-01-26,-0.13614816241897643,-4.356741197407246,0.9255889933556318,-0.9489175193011761,0.6252068292084862,32
2021-01-27,-0.3482729840586532,-17.065376218874007,0.9264115374535322,-0.9618098731152713,0.5786742535518107,49
2021-01-28,-0.09702079956020628,-6.791455969214439,0.9252135613933206,-0.9622244611382484,0.4914108533425695,70
2021-01-29,0.05713145817733473,2.570915617980063,0.9296250892803073,-0.9485580436885357,0.5700470327203067,45
2021-02-01,0.1700364537537098,4.761020705103874,0.9295916436240077,-0.9686653520911932,0.644261560817664,28
2021-02-02,0.1195860717645181,3.348410009406507,0.9224755587056279,-0.9507001228630543,0.5785574157634192,28
2021-02-03,-0.11110172889505823,-3.333051866851747,0.92903015576303,-0.9336078874766827,0.6159108010110197,30
2021-02-04,-0.10222962893107358,-3.4758073836565018,0.9291812684386969,-0.9459464186802506,0.6543303064397561,34
2021-02-05,0.09922104359914859,4.762610092759132,0.9360643923282623,-0.9374146163463593,0.5873081668412824,48
2021-02-07,0.8542157271876931,0.8542157271876931,0.8542157271876931,0.8542157271876931,0.0,1
2021-02-08,0.009658454832705584,0.21248600631952286,0.9269406665116549,-0.9477484356611967,0.558333882121674,22
2021-02-09,0.12363431004520792,3.214492061175406,0.9276934880763292,-0.9589688535779715,0.6370703084993882,26
2021-02-10,-0.09242216275785775,-3.1423535337671638,0.934502225369215,-0.9351339843124151,0.6406596487526749,34
2021-02-11,0.04704195269316967,1.3171746754087508,0.9303512461483479,-0.9604513491503894,0.6902174628822662,28
2021-02-12,0.03425026497071875,0.959007419180125,0.9173584226518869,-0.9608774688094854,0.6165937144482634,28
2021-02-13,-0.28449903056025505,-0.28449903056025505,-0.28449903056025505,-0.28449903056025505,0.0,1
2021-02-14,0.4470600240553419,1.3411800721660256,0.9251133650541306,0.07877248618751764,0.4337160585716384,3
2021-02-16,0.031645816271052216,1.0443119369447231,0.9324940070509911,-0.9683356815949082,0.6285431827446049,33
2021-02-17,-0.13300398058227955,-8.246246796101332,0.9357392806559801,-0.9588660793378949,0.6554538204186605,62
2021-02-18,-0.21320198597164736,-8.954483410809189,0.9126955904066563,-0.9623198439367115,0.5181833366802336,42
2021-02-19,-0.07949445989603797,-2.3848337968811393,0.912937618792057,-0.9639886617660522,0.587288886037144,30
2021-02-21,0.7477932795882225,0.7477932795882225,0.7477932795882225,0.7477932795882225,0.0,1
2021-02-22,-0.09760252804232714,-3.8064985936507583,0.9040855225175619,-0.9461137242615223,0.6074134380334264,39
2021-02-23,-0.03599954587293834,-1.475981380790472,0.9250249490141869,-0.9634624561294913,0.5715548040209224,41
2021-02-24,-0.15475125165610779,-6.344801317900419,0.8936269069090486,-0.9676299681887031,0.6442873308509173,41
2021-02-25,-0.16092814127754035,-4.66691609704867,0.9135528672486544,-0.9658214342780411,0.7179994419640936,29
2021-02-26,-0.21844314256481626,-8.082396274898201,0.8841325081884861,-0.9625688390806317,0.5660968320298467,37
2021-02-27,0.17726477980613708,0.17726477980613708,0.17726477980613708,0.17726477980613708,0.0,1
2021-02-28,0.0675373524427414,0.0675373524427414,0.0675373524427414,0.0675373524427414,0.0,1
2021-03-01,0.047756398177665214,1.0983971580863,0.9315705075860023,-0.9298743298277259,0.6038050243457663,23
2021-03-02,0.1266012399203398,4.177840917371213,0.8938225843012333,-0.9599880306050181,0.5876262912257814,33
2021-03-03,-0.03260507859910528,-1.9563047159463167,0.933620223775506,-0.9609135966747999,0.6162742730458515,60
2021-03-04,-0.30910999005517137,-12.055289612151682,0.9249194655567408,-0.9677016949281096,0.6886348602144357,39
2021-03-05,-0.07964979914670929,-3.7435405598953366,0.8949111197143793,-0.9555240608751774,0.674595787458379,47
2021-03-06,0.47696820460259914,0.9539364092051983,0.7124078646302223,0.24152854457497597,0.3329619603315754,2
2021-03-08,-0.20559265285178466,-5.551001626998186,0.9283491410315037,-0.9552356814965606,0.5743110148559857,27
2021-03-09,0.2504214339499031,7.763064452446997,0.910269983112812,-0.934096334502101,0.5188161534910144,31
2021-03-10,-0.08120345092858329,-2.6797138806432486,0.9334012139588594,-0.9522085580974817,0.6101949523134705,33
2021-03-11,0.01807740879686255,0.686941534280777,0.9113288335502148,-0.9093569125980139,0.6555992562643222,38
2021-03-12,-0.07491774500037233,-2.921792055014521,0.9061897872015834,-0.963043000549078,0.5044623584089402,39
2021-03-13,-0.058460816740989685,-0.058460816740989685,-0.058460816740989685,-0.058460816740989685,0.0,1
2021-03-14,0.22516602277755737,0.22516602277755737,0.22516602277755737,0.22516602277755737,0.0,1
2021-03-15,0.006464213908960422,0.15514113381505013,0.9284612108021975,-0.9507474908605218,0.6362698996883287,24
2021-03-16,-0.07068137977752954,-2.191122773103416,0.9177478570491076,-0.964391109533608,0.5984839296008534,31
2021-03-17,0.04876418094723844,5.071474818512797,0.9272168930619955,-0.9569463673979044,0.5718382429895169,104
2021-03-18,-0.06683073289416454,-1.8044297881424427,0.918079050257802,-0.9607895910739899,0.6208235639923437,27
2021-03-19,0.15081206879888973,5.42923447676003,0.9259077049791813,-0.9585582111030817,0.5503301944234503,36
2021-03-22,-0.008694393548036092,-0.3303869548253715,0.9235800839960575,-0.95927653927356,0.63812342291484,38
2021-03-23,-0.08749825958358615,-3.3249338641762733,0.920004753395915,-0.9543478507548571,0.6713447714008302,38
2021-03-24,-0.13210515789687632,-5.944732105359435,0.9180767359212041,-0.9462333554401994,0.6061257185486392,45
2021-03-25,0.14122973456387483,8.897473277524114,0.9313677288591862,-0.9541324679739773,0.6074083245099319,63
2021-03-26,0.036998865015518204,0.9619704904034734,0.9248758312314749,-0.9595378190279007,0.6191073174671724,26
2021-03-27,-0.19287513382732868,-0.578625401481986,0.9105997923761606,-0.8681543171405792,0.9635897681081224,3
2021-03-28,0.911334915086627,0.911334915086627,0.911334915086627,0.911334915086627,0.0,1
2021-03-29,-0.23242792086675762,-9.297116834670305,0.8986219093203545,-0.9666395117528737,0.5774132801455253,40
2021-03-30,-0.10703384026419371,-3.425082888454199,0.9283899087458849,-0.967053594533354,0.6100879011658709,32
2021-03-31,-0.03006124061120804,-1.2926333462819457,0.9321360737085342,-0.9532632790505886,0.5510154972374102,43
2021-04-01,0.08542001822723015,2.648020565044135,0.9239558484405279,-0.9136043936014175,0.6340681748984515,31
2021-04-02,-0.6084816039074212,-2.433926415629685,0.21520518884062767,-0.9225717214867473,0.549931316017737,4
2021-04-04,-0.23297390341758728,-0.23297390341758728,-0.23297390341758728,-0.23297390341758728,0.0,1
2021-04-05,-0.020969998091459274,-0.5661899484694004,0.9180482625961304,-0.9568222779780626,0.7061930452670514,27
2021-04-06,-0.06277282656200471,-1.9459576234221458,0.9328473322093487,-0.958271355368197,0.6517836084313913,31
2021-04-07,0.09348707766912412,5.983172970823944,0.9361120760440826,-0.9623439451679587,0.6253395673355612,64
2021-04-08,-0.055612170866326145,-2.5581598598510027,0.9213612526655197,-0.9637609468773007,0.6307678984294272,46
2021-04-09,-0.011797826698360344,-0.5662956815212965,0.9331637937575579,-0.9559622248634696,0.6071511050399497,48
2021-04-11,0.8707473911345005,0.8707473911345005,0.8707473911345005,0.8707473911345005,0.0,1
2021-04-12,0.036207585632801055,0.9051896408200264,0.9349722731858492,-0.9664494339376688,0.636231512609918,25
2021-04-13,0.024367432128272803,1.242739038541913,0.9323086887598038,-0.9177934248000383,0.5431095321117959,51
2021-04-14,0.11826565691941901,9.342986896634102,0.9383361786603928,-0.966290783137083,0.6500766355957946,79
2021-04-15,-0.05025547997587744,-1.708686319179833,0.9269719254225492,-0.94400245975703,0.549280787385207,34
2021-04-16,0.03450405529954217,0.7590892165899277,0.9259383883327246,-0.9667325457558036,0.5410544896473748,22
2021-04-17,0.9137829747051001,0.9137829747051001,0.9137829747051001,0.9137829747051001,0.0,1
2021-04-18,0.23328446472684541,0.6998533941805363,0.9050203897058964,-0.5383465737104416,0.7268502755313851,3
2021-04-19,-0.012970679590629565,-0.4799151448532939,0.9339914247393608,-0.9637848930433393,0.6293655072204257,37
2021-04-20,-0.11537974236787042,-2.5383543320931494,0.9166010580956936,-0.9647225048393011,0.5675950650902144,22
2021-04-21,0.03861523462459445,0.9653808656148612,0.9147806614637375,-0.9684109766967595,0.6391849391045287,25
2021-04-22,-0.10271161203937872,-3.594906421378255,0.9123470643535256,-0.9642713693901896,0.6148924435470597,35
2021-04-23,0.003638255698162885,0.15280673932284117,0.9309882968664169,-0.9528483022004366,0.6831161231288381,42
2021-04-24,-0.7760873697698116,-0.7760873697698116,-0.7760873697698116,-0.7760873697698116,0.0,1
2021-04-26,-0.11266414942624776,-2.5912754368036985,0.931684223935008,-0.8989713210612535,0.5981674727759151,23
2021-04-27,-0.17917263386771082,-2.6875895080156624,0.5604181885719299,-0.9560692417435348,0.5141567889194696,15
2021-04-28,0.07275634226263375,2.6919846637174487,0.9275946766138077,-0.949947259388864,0.6332599181576986,37
2021-04-29,-0.14926481334259734,-2.3882370134815574,0.8812661878764629,-0.9371422091498971,0.6281563989867799,16
2021-04-30,-0.1780390326608101,-5.163131947163492,0.9186525344848633,-0.9603024125099182,0.6372258157374752,29
2021-05-03,-0.11431024228740069,-2.0575843611732125,0.8815136663615704,-0.9594636922702193,0.5357104073736689,18
2021-05-04,-0.05612065487316456,-1.6274989913217723,0.9195290263742208,-0.964964936953038,0.6448663304165839,29
2021-05-05,-0.21088888244985632,-6.959333120845258,0.929618894122541,-0.9538772357627749,0.6462058743962408,33
2021-05-06,0.030332577880471945,0.8493121806532145,0.9203260280191898,-0.9441987425088882,0.6648670645956596,28
2021-05-07,0.057539112283848226,3.6825031861662865,0.9308425486087799,-0.963342915289104,0.6099673941846159,64
2021-05-09,0.574090376496315,0.574090376496315,0.574090376496315,0.574090376496315,0.0,1
2021-05-10,-0.30323368742277745,-11.522880122065544,0.9163639415055513,-0.9574852753430605,0.619288290260594,38
2021-05-11,-0.13237026116985362,-4.235848357435316,0.9124743780121207,-0.9655558024533093,0.6858020318635937,32
2021-05-12,-0.16994872797481916,-6.288102935068309,0.9156491691246629,-0.9659909540787339,0.6618580716639074,37
2021-05-13,-0.15972559499657815,-7.187651774846017,0.9302093610167503,-0.953840903006494,0.5776979254582139,45
2021-05-14,-0.17950348310511222,-3.9490766283124685,0.8223882615566254,-0.9609244260936975,0.5834500349159937,22
2021-05-17,-0.05429477102588862,-1.0858954205177724,0.9078833051025867,-0.9619202287867665,0.6122419319988646,20
2021-05-18,-0.06624650850892067,-1.6561627127230167,0.9298615790903568,-0.9601784097030759,0.6324300896182856,25
2021-05-19,-0.0876979035558179,-3.507916142232716,0.9313412345945835,-0.9618838746100664,0.674300739780216,40
2021-05-20,0.013166765471742977,0.553004149813205,0.9302277509123087,-0.9561283076182008,0.5826962666128154,42
2021-05-21,-0.23178455672625983,-8.112459485419095,0.912633091211319,-0.9642514809966087,0.6109138231180482,35
2021-05-24,0.033466197364032266,0.8366549341008067,0.9149911422282457,-0.9496105518192053,0.6178823322777373,25
2021-05-25,-0.04211465149156509,-1.3055541962385178,0.9313324391841888,-0.9115385301411152,0.6027961792426126,31
2021-05-26,0.08113058097660542,1.6226116195321083,0.9200126091018319,-0.9519089860841632,0.7234776229698017,20
2021-05-27,-0.04656079123892328,-1.5830669021233916,0.9171214532107115,-0.9292884161695838,0.6198254452392993,34
2021-05-28,-0.09192354969369869,-2.2061651926487684,0.9258697330951691,-0.9664666634052992,0.6631153029601666,24
2021-05-30,-0.20749023649841547,-0.41498047299683094,0.5155132859945297,-0.9304937589913607,1.022481387153044,2
2021-06-01,-0.1974471484056928,-2.1719186324626207,0.8131823390722275,-0.9102679863572121,0.7062278147424462,11
2021-06-02,0.0762037755921483,2.5909283701330423,0.9361836351454258,-0.9430866977199912,0.6870060256360543,34
2021-06-03,-0.20136994511509934,-6.0410983534529805,0.9042765311896801,-0.9669799823313951,0.5477699693981516,30
2021-06-04,-0.047313909754157064,-1.1828477438539267,0.9084378108382225,-0.9472318673506379,0.7205306348747028,25
2021-06-05,-0.6476687546819448,-0.6476687546819448,-0.6476687546819448,-0.6476687546819448,0.0,1
2021-06-06,0.5204831026494503,0.5204831026494503,0.5204831026494503,0.5204831026494503,0.0,1
2021-06-07,-0.36651186234402383,-8.063260971568525,0.7382087036967278,-0.9611456394195557,0.4951184939111656,22
2021-06-08,-0.2105007912783373,-6.525524529628456,0.8265708088874817,-0.9602684248238802,0.6061943436970976,31
2021-06-09,-0.145260417006082,-3.922031259164214,0.9332405142486095,-0.9619025411084294,0.6235030732330112,27
2021-06-10,-0.17335596471896458,-5.027322976849973,0.9350611940026283,-0.9618110535666347,0.6349942303939259,29
2021-06-11,-0.015716351020862076,-0.26717796735465527,0.9204213581979275,-0.9531768634915352,0.5710924696073718,17
2021-06-14,-0.20902299584122375,-1.67218396672979,0.8620780920609832,-0.9569165585562587,0.700715953672291,8
2021-06-15,-0.23511300575254218,-6.583164161071181,0.9183392887935042,-0.9506862163543701,0.5742363766849855,28
2021-06-16,0.0015650054113939404,0.15650054113939404,0.9315336998552084,-0.9623592970892787,0.566139235919339,100
2021-06-17,-0.10370707752881572,-4.148283101152629,0.9129009805619717,-0.9632755960337818,0.6179154659264103,40
2021-06-18,-0.14412491485619774,-5.620871679391712,0.8611249178647995,-0.9623300563544035,0.5796429488196818,39
2021-06-21,-0.00968212354928255,-0.3001458300277591,0.916702214628458,-0.9604327045381069,0.6875902359244139,31
2021-06-22,-0.114564529982292,-2.062161539681256,0.926238439977169,-0.9429936753585935,0.7164419818036659,18
2021-06-23,0.04376819960695381,2.100873581133783,0.9171983692795038,-0.9486504374071956,0.6603705658458638,48
2021-06-24,0.025547233647575565,1.3029089160263538,0.9263084810227156,-0.9469060273841023,0.5552095464689405,51
2021-06-25,0.02419014446437359,0.6047536116093397,0.9220966752618551,-0.9208182990550995,0.5851435733099911,25
2021-06-28,0.006217447678662009,0.11191405821591616,0.9010259434580803,-0.9301439207047224,0.5863388537279551,18
2021-06-29,-0.040586711326614025,-0.8117342265322804,0.9046779908239841,-0.9512476567178965,0.6254234585778982,20
2021-06-30,-0.11935849763453006,-2.9839624408632517,0.9181333296000957,-0.9449182935059071,0.5738489027835315,25
2021-07-01,-0.08927045334130526,-2.6781136002391577,0.921800329349935,-0.9657328929752111,0.632833792216511,30
2021-07-02,-0.17245625097665093,-5.346143780276179,0.9324071481823921,-0.9662857269868255,0.7159512116942891,31
2021-07-05,-0.7533993907272816,-0.7533993907272816,-0.7533993907272816,-0.7533993907272816,0.0,1
2021-07-06,-0.36644684549953255,-5.130255836993456,0.5359854437410831,-0.9588804980739951,0.5564257647980412,14
2021-07-07,-0.04534232075740066,-1.6323235472664237,0.9294142154976726,-0.9600455714389682,0.6583017824131391,36
2021-07-08,-0.2639812567810479,-5.01564387883991,0.7580952122807503,-0.9595078118145466,0.5924615415573443,19
2021-07-09,0.10706559097337903,3.533164502121508,0.9239915125072002,-0.8948446493595839,0.5564611428914273,33
2021-07-12,0.0020712788682430983,0.03314046189188957,0.9095168272033334,-0.8821785170584917,0.6219565542819533,16
2021-07-13,-0.03852134825040897,-0.5778202237561345,0.9367089234292507,-0.917283995077014,0.7355692243582307,15
2021-07-14,-0.0522406293763494,-2.5597908394411206,0.9297904148697853,-0.9520248817279935,0.5640447144520245,49
2021-07-15,-0.25066112908202093,-7.018511614296585,0.8811461981385946,-0.9596585854887962,0.6076797353909063,28
2021-07-16,-0.2737783082993701,-5.475566165987402,0.8930520862340927,-0.9555758936330676,0.6845677969273863,20
2021-07-19,-0.24022581036153592,-9.128580793738365,0.8841772712767124,-0.9619803978130221,0.5810388265376878,38
2021-07-20,0.10135893899226381,3.142127108760178,0.9171473002061248,-0.9617923856712878,0.628156548711148,31
2021-07-21,0.025710727740079164,0.5142145548015833,0.9298900067806244,-0.9150151209905744,0.5489291720578316,20
2021-07-22,-0.02105598960071802,-0.5263997400179505,0.927968692034483,-0.9261952638626099,0.6150099262675521,25
2021-07-23,-0.17866927166195476,-3.037377618253231,0.8934698477387428,-0.9442834118381143,0.6637215879940279,17
2021-07-26,-0.16564318034439707,-4.3067226889543235,0.9298803154379129,-0.9678164520300925,0.5934146957945886,26
2021-07-27,-0.1899919536442974,-7.029702284839004,0.9125920943915844,-0.9653151207603514,0.5835635521644593,37
2021-07-28,-0.12859103410420092,-7.072506875731051,0.9290957674384117,-0.952238766476512,0.5258619122978581,55
2021-07-29,-0.12138046040623025,-2.6703701289370656,0.8822191609069705,-0.9273583656176925,0.5908781411181232,22
2021-07-30,-0.21675099041312934,-7.5862846644595265,0.888663163408637,-0.9640691503882408,0.5326723764114224,35
2021-08-02,-0.26132581010460854,-10.191706594079733,0.9127811565995216,-0.9601574949920177,0.5564098663198076,39
2021-08-03,-0.2736830869689584,-10.673640391789377,0.9290796536952257,-0.9649679404683411,0.5606371584633931,39
2021-08-04,-0.2364810049357648,-8.749797182623297,0.5818953830748796,-0.9691863437183201,0.5323691276576126,37
2021-08-05,-0.06808102465319363,-2.9955650847405195,0.8849144876003265,-0.9470712775364518,0.5867220321469819,44
2021-08-06,-0.20135220396961714,-7.4500315468758345,0.8081741333007812,-0.9599765064194798,0.5486836768519484,37
2021-08-09,-0.08535875256271347,-3.2436325973831117,0.9342988729476929,-0.9541975627653301,0.5780485361814515,38
2021-08-10,-0.01729726983467117,-0.5535126347094774,0.9315299578011036,-0.9350689211860299,0.6321598462509053,32
2021-08-11,-0.03862630634373704,-1.6609311727806926,0.9150408357381821,-0.9599871756508946,0.6397601447128116,43
2021-08-12,-0.11639394129493406,-4.073787945322692,0.884198497980833,-0.9371556015685201,0.5351588286450251,35
2021-08-13,-0.2886231605662033,-6.926955853588879,0.7373992428183556,-0.961532209534198,0.46912028669607725,24
2021-08-15,-0.9006466567516327,-0.9006466567516327,-0.9006466567516327,-0.9006466567516327,0.0,1
2021-08-16,-0.18301947500246266,-7.686817950103432,0.932368790730834,-0.9614383890293539,0.5607497869023461,42
2021-08-17,-0.1979374511771508,-7.32368569355458,0.9284456986933947,-0.9640922257676721,0.48779068503634526,37
2021-08-18,-0.05420519773509692,-2.3850287003442645,0.9207880273461342,-0.9647251614369452,0.5513306352614888,44
2021-08-19,-0.2238482224784093,-7.1631431193090975,0.8907781708985567,-0.9569028974510729,0.4845020393070766,32
2021-08-20,-0.13524109680719418,-7.843983614817262,0.9212965033948421,-0.9592017428949475,0.51920635259566,58
2021-08-23,-0.26698617324499146,-7.475612850859761,0.914061052724719,-0.9401580058038235,0.41073584136296465,28
2021-08-24,0.04136894877331379,1.6133890021592379,0.931543281301856,-0.9136014310643077,0.5403857871528797,39
2021-08-25,-0.22424898126960865,-6.278971475549042,0.6986133605241776,-0.909731850028038,0.4259956918258507,28
2021-08-26,-0.3841652246550299,-19.976591682061553,0.9076575525105,-0.9646890824660659,0.5549132063388267,52
2021-08-27,-0.13361188975741733,-4.943639921024442,0.8954028785228729,-0.9019904285669327,0.5500226827727344,37
2021-08-29,-0.32800287986174226,-0.6560057597234845,0.1692102076485753,-0.8252159673720598,0.7031654917464917,2
2021-08-30,-0.20857906655098002,-6.2573719965294,0.8522370532155037,-0.944275370799005,0.4973554633046559,30
2021-08-31,-0.26899512770965145,-7.262868448160589,0.9302771985530853,-0.9633298479020596,0.5897256259155705,27
2021-09-01,0.026061015341568877,0.7036474142223597,0.9194041322916746,-0.9580409834161401,0.6196287474063995,27
2021-09-02,0.0019925396190956235,0.06376126781105995,0.8916133493185043,-0.9666434423997998,0.5194760127383315,32
2021-09-03,-0.4303926567857464,-7.7470678221434355,0.5831146985292435,-0.956502765417099,0.46688975890478635,18
2021-09-07,-0.05684995225497654,-0.3979496657848358,0.7803033143281937,-0.907777015119791,0.6530622303638157,7
2021-09-08,0.04710989021846364,1.4604065967723727,0.920307669788599,-0.960355443879962,0.5826880302783827,31
2021-09-09,-0.16161752387969977,-6.78793600294739,0.9165554074570537,-0.9690490122884512,0.58038698450274,42
2021-09-10,-0.15695707253845675,-4.394798031076789,0.8844166323542595,-0.9621407296508551,0.47363765854218903,28
2021-09-11,-0.042656555150945984,-0.12796966545283794,0.18111677467823029,-0.27463296242058277,0.2279855775614544,3
2021-09-12,-0.0712686451151967,-0.1425372902303934,0.6541509237140417,-0.7966882139444351,1.025898192649152,2
2021-09-13,-0.002572800394975477,-0.04631040710955858,0.9213844407349825,-0.9626017911359668,0.6657748549042519,18
2021-09-14,-0.2586256980818386,-6.207016753964126,0.9250472709536552,-0.9646934540942311,0.5780942897207906,24
2021-09-15,-0.11910528317093849,-4.645106043666601,0.9189077196642756,-0.951711286790669,0.5318126895379474,39
2021-09-16,-0.35781068208494354,-5.00934954918921,0.9008710235357285,-0.9613117352128029,0.6590191738962344,14
2021-09-17,-0.0016074252104566944,-0.049830181524157524,0.9211391638964415,-0.9582885159179568,0.6187931583356893,31
2021-09-19,0.7416244596242905,0.7416244596242905,0.7416244596242905,0.7416244596242905,0.0,1
2021-09-20,-0.12035722764016225,-3.4903596015647054,0.9275076556950808,-0.9626769470050931,0.5840077539181144,29
2021-09-21,-0.09911772096529603,-2.973531628958881,0.9024324044585228,-0.9569274643436074,0.523478088265355,30
2021-09-22,0.025894146770811997,1.346495632082224,0.9147693309932947,-0.9465150414034724,0.5359571231732193,52
2021-09-23,0.10798849603412924,3.995574353262782,0.9172908049076796,-0.9327588202431798,0.60100296248167,37
2021-09-24,0.0055879123894305065,0.1620494592934847,0.8903409652411938,-0.9490601234138012,0.5959763058775053,29
2021-09-25,0.6202552411705256,0.6202552411705256,0.6202552411705256,0.6202552411705256,0.0,1
2021-09-26,-0.05581463873386383,-0.05581463873386383,-0.05581463873386383,-0.05581463873386383,0.0,1
2021-09-27,0.075653285962408,1.740025577135384,0.921485910192132,-0.9110310710966587,0.5314652196322034,23
2021-09-28,-0.13029569430897633,-5.863306243903935,0.9206505417823792,-0.9658875148743391,0.5311139381697895,45
2021-09-29,-0.21371433467027687,-4.488001028075814,0.8616531044244766,-0.92144257389009,0.5125142916213453,21
2021-09-30,0.024952483874174855,0.7735270000994205,0.8477044254541397,-0.9333291025832295,0.4985880376839398,31
2021-10-01,0.02049780219013608,0.8814054941758513,0.8848219029605389,-0.9545833729207516,0.542103575362506,43
2021-10-02,-0.9612214341759682,-0.9612214341759682,-0.9612214341759682,-0.9612214341759682,0.0,1
2021-10-03,0.5446102283895016,0.5446102283895016,0.5446102283895016,0.5446102283895016,0.0,1
2021-10-04,-0.1295588362392866,-4.664118104614317,0.9305820306763053,-0.9622024493291974,0.5988702330997713,36
2021-10-05,0.14723194134421647,3.533566592261195,0.9206258999183774,-0.6443092077970505,0.4294715558509579,24
2021-10-06,-0.06657695667818189,-1.9973087003454566,0.9170148633420467,-0.9664813624694943,0.6048297250639407,30
2021-10-07,0.19151970888064665,4.213433595374227,0.9206554479897022,-0.9676015628501773,0.7001585978873696,22
2021-10-08,-0.3847516853870316,-8.464537078514695,0.8156908303499222,-0.95294432900846,0.59459883697832,22
2021-10-09,0.636285150423646,0.636285150423646,0.636285150423646,0.636285150423646,0.0,1
2021-10-10,-0.5087210801430047,-1.0174421602860093,-0.0616234615445137,-0.9558186987414956,0.6322915159266992,2
2021-10-11,-0.18522744050080125,-2.037501845508814,0.905132913030684,-0.9547895295545459,0.6837448270802657,11
2021-10-12,-0.13046559441665356,-2.8702430771663785,0.9339521937072277,-0.9508653394877911,0.6916284110170455,22
2021-10-13,-0.08767135633046136,-2.9808261152356863,0.8779090195894241,-0.9498340152204037,0.6301143108018523,34
2021-10-14,-0.06691567620469464,-1.2044821716845036,0.9215428736060858,-0.9249688293784857,0.5072282563351042,18
2021-10-15,-0.26163811744966853,-6.279314818792045,0.8565082214772701,-0.951678978279233,0.47867133733463024,24
2021-10-18,-0.07251826289575547,-1.1602922063320875,0.9308242341503501,-0.9366841148585081,0.5396657413273348,16
2021-10-19,-0.10289805299705929,-1.8521649539470673,0.83380267303437,-0.8896264135837555,0.531370006624839,18
2021-10-20,-0.14650187097293765,-2.7835355484858155,0.4638875462114811,-0.9511341108009219,0.4539170169683327,19
2021-10-21,-0.2884134638487645,-6.633509668521583,0.9241181872785091,-0.9667843012139201,0.5412751162510769,23
2021-10-22,-0.13448015894544751,-2.555123019963503,0.8473401628434658,-0.9524956811219454,0.5114531733762158,19
2021-10-23,0.02828485518693924,0.02828485518693924,0.02828485518693924,0.02828485518693924,0.0,1
2021-10-24,0.0925660040229559,0.0925660040229559,0.0925660040229559,0.0925660040229559,0.0,1
2021-10-25,0.1318504832951086,2.7688601491972804,0.9221491618081927,-0.9531306801363826,0.49734431079492303,21
2021-10-26,0.0278453578206676,0.7518246611580253,0.8910715617239475,-0.9622023850679398,0.566801111091009,27
2021-10-27,-0.13035999415885835,-2.7375598773360252,0.8093388006091118,-0.9399323537945747,0.5245866825046238,21
2021-10-28,0.07282073511496971,2.767187934368849,0.9237314071506262,-0.9595164880156517,0.5901268240202125,38
2021-10-29,0.031655391802390416,0.47483087703585625,0.9072360759600997,-0.7222361881285906,0.5810529013154635,15
2021-11-01,0.07014900741769987,1.1925331261008978,0.8780107032507658,-0.8257808536291122,0.5931671286137363,17
2021-11-02,0.2916769721196033,4.666831553913653,0.9272516164928675,-0.7128998525440693,0.5449286466861901,16
2021-11-03,-0.09232141280716116,-3.046606622636318,0.9326531998813152,-0.937779170460999,0.519797689942266,33
2021-11-04,0.04694772101356648,0.7511635362170637,0.8610851848497987,-0.9425705336034298,0.5681018212454882,16
2021-11-05,0.009270633719861508,0.23176584299653769,0.8919551856815815,-0.9198819994926453,0.5671400546366354,25
2021-11-06,-0.3068483977889021,-0.9205451933667064,0.14455627650022507,-0.9312292141839862,0.5583629328627236,3
2021-11-07,0.2735877614468336,0.2735877614468336,0.2735877614468336,0.2735877614468336,0.0,1
2021-11-08,-0.0920482902743277,-1.933014095760882,0.9232452651485801,-0.9547645887359977,0.5918737687708645,21
2021-11-09,-0.057372608862351626,-0.917961741797626,0.8687496958300471,-0.9364328496158123,0.5699745047350805,16
2021-11-10,-0.19825356635688382,-4.361578459851444,0.9056950770318508,-0.9574747066944838,0.6500647869371472,22
2021-11-11,0.04471807274967432,0.4471807274967432,0.8728981511667371,-0.3331236429512501,0.3846794438471214,10
2021-11-12,0.07187801234734555,0.8625361481681466,0.8764247689396143,-0.9168824180960655,0.5435131685356496,12
2021-11-14,-0.384736143052578,-0.384736143052578,-0.384736143052578,-0.384736143052578,0.0,1
2021-11-15,-0.005152322060894221,-0.08243715297430754,0.8642117641866207,-0.9543168256059289,0.42704423291177906,16
2021-11-16,-0.03973383159825095,-1.0728134531527758,0.9060010220855474,-0.8760965578258038,0.5818452619157961,27
2021-11-17,0.06684541368090055,1.1363720325753093,0.9010641369968653,-0.8728033751249313,0.5663270753210848,17
2021-11-18,-0.1441744499924508,-3.1718378998339176,0.9241010546684265,-0.9593188241124153,0.6740901908352965,22
2021-11-19,0.06084773104844822,1.095259158872068,0.9181673508137465,-0.9061361216008663,0.4320770997102188,18
2021-11-22,0.0028162532700942112,0.0732225850224495,0.9321906827390194,-0.9539038771763444,0.5494172266095211,26
2021-11-23,-0.11727046998667306,-3.4008436296135187,0.9188046660274267,-0.961976551450789,0.5771903009698519,29
2021-11-24,-0.2244207905393771,-4.9372573918662965,0.9263588562607765,-0.9543168223462999,0.5899268196550317,22
2021-11-26,-0.1895665612912947,-5.876563400030136,0.9055360108613968,-0.9654058134183288,0.5857962728579238,31
2021-11-27,-0.6331958547234535,-0.6331958547234535,-0.6331958547234535,-0.6331958547234535,0.0,1
2021-11-28,0.19649806944653392,0.7859922777861357,0.8845010604709387,-0.4469774067401886,0.7259619344895353,4
2021-11-29,-0.03239340379245972,-1.2309493441134691,0.932509345933795,-0.9368136627599597,0.5537650124109904,38
2021-11-30,-0.14373477985906713,-7.617943332530558,0.9192887656390667,-0.9666204787790775,0.5556216575106139,53
2021-12-01,0.09884819019536831,7.5124624548479915,0.9348441865295172,-0.9602843839675188,0.5917492593833137,76
2021-12-02,0.04989249059973761,2.1453770957887173,0.9176890105009079,-0.9469496142119169,0.5168225219565926,43
2021-12-03,-0.12936636777312466,-4.269090136513114,0.9049126300960779,-0.9600284472107887,0.6173329920265941,33
2021-12-05,-0.034949747224648796,-0.10484924167394638,0.07357122004032135,-0.18827390298247337,0.1365511310354122,3
2021-12-06,0.03305937839752954,0.7603657031431794,0.9218023922294378,-0.9632202228531241,0.627138946040983,23
2021-12-07,0.13626398779969248,4.9055035607889295,0.9324688501656055,-0.93166274856776,0.6490272529400103,36
2021-12-08,-0.09418390416116877,-2.072045891545713,0.9325902555137873,-0.9279607646167278,0.5918780935870427,22
2021-12-09,-0.20271425829692322,-4.4597136825323105,0.8940684031695127,-0.9412066945806146,0.6094375405589129,22
2021-12-10,-0.1847162676775562,-5.172055494971573,0.9303529215976596,-0.9599849171936512,0.6635339254409299,28
2021-12-12,0.00018987059593200684,0.00018987059593200684,0.00018987059593200684,0.00018987059593200684,0.0,1
2021-12-13,-0.0663265711901819,-1.1275517102330923,0.7913618311285973,-0.9392907666042447,0.5945831351310095,17
2021-12-14,0.012758705392479896,0.3189676348119974,0.9309917893260717,-0.8984462209045887,0.6008051050428578,25
2021-12-15,-0.09356105677960884,-5.894346577115357,0.8661858616396785,-0.9599269777536392,0.48345029971507797,63
2021-12-16,0.01893140665525871,0.58687360631302,0.9373215027153492,-0.9248541425913572,0.583427465706942,31
2021-12-17,-0.1306268553445606,-2.481910251546651,0.9035509377717972,-0.9625784237869084,0.7092680984264922,19
2021-12-19,-0.3148651657005151,-0.9445954971015453,0.07270754128694534,-0.9384341053664684,0.545318735949972,3
2021-12-20,-0.039394793687043364,-1.063659429550171,0.9275783952325583,-0.950258694589138,0.6277707060015653,27
2021-12-21,-0.016343416210504308,-0.5066459025256336,0.9277942329645157,-0.9453113367781043,0.5635538363824005,31
2021-12-22,-0.014782374914459608,-0.3991241226904094,0.9029003977775574,-0.9622882883995771,0.6137852712444504,27
2021-12-23,-0.01647323216976864,-0.4612505007535219,0.9222727892920375,-0.9156197495758533,0.6796242478015856,28
2021-12-24,0.11842745542526245,0.11842745542526245,0.11842745542526245,0.11842745542526245,0.0,1
2021-12-26,-0.20563694834709167,-0.20563694834709167,-0.20563694834709167,-0.20563694834709167,0.0,1
2021-12-27,0.08875399946959482,1.5975719904527068,0.9243954289704561,-0.9322123862802982,0.6442287458584595,18
2021-12-28,-0.24300380557542667,-3.8880608892068267,0.7119230031967163,-0.9556111162528396,0.5249063018394335,16
2021-12-29,0.12862219139933587,0.6431109569966793,0.909567454829812,-0.7562447637319565,0.7381257033887328,5
2021-12-30,-0.31734774965378976,-2.8561297468841076,0.9097428070381284,-0.9437878374010324,0.6296463208540144,9
2021-12-31,-0.3717813157875623,-2.602469210512936,0.9200544953346252,-0.9599383221939206,0.6820220976397461,7
2022-01-01,-0.5997590014400581,-1.7992770043201745,-0.008855095133185387,-0.9606526275165379,0.5159052068175971,3
2022-01-02,0.2190100122243166,0.2190100122243166,0.2190100122243166,0.2190100122243166,0.0,1
2022-01-03,-0.1660400310244698,-2.158520403318107,0.8237989693880081,-0.9574276199564338,0.6101583877955705,13
2022-01-04,-0.09154751291498542,-2.19714030995965,0.9290818721055984,-0.9587238375097513,0.5858403214164489,24
2022-01-05,-0.2727734719474728,-10.63816540595144,0.8996033165603876,-0.9654739014804363,0.6267000756412632,39
2022-01-06,-0.26390429695739465,-4.486373048275709,0.8580221123993397,-0.9479200290516019,0.6115414344652285,17
2022-01-07,-0.4427186872455336,-9.297092432156205,0.7178639471530914,-0.965666776522994,0.5042257442953357,21
2022-01-08,-0.01314496248960495,-0.01314496248960495,-0.01314496248960495,-0.01314496248960495,0.0,1
2022-01-10,-0.08074918594987442,-1.937980462796986,0.9117935858666897,-0.9643392702564597,0.5692400867243426,24
2022-01-11,-0.12200849143335142,-4.514314183034003,0.9327025711536407,-0.9520002324134111,0.6627157052730578,37
2022-01-12,0.08384002244011277,1.7606404712423682,0.9207321908324957,-0.9490672871470451,0.7035670826850403,21
2022-01-13,-0.20631830788192315,-7.633777391631156,0.9232616471126676,-0.9625471490435302,0.6652583635558083,37
2022-01-14,-0.07978872084058822,-1.5957744168117642,0.9353472571820021,-0.9643419357016683,0.6702734229153141,20
2022-01-15,0.07499085739254951,0.07499085739254951,0.07499085739254951,0.07499085739254951,0.0,1
2022-01-16,0.14959661662578583,0.14959661662578583,0.14959661662578583,0.14959661662578583,0.0,1
2022-01-17,-0.11278208461590111,-0.45112833846360445,0.463541092351079,-0.4807403236627579,0.45424864264583675,4
2022-01-18,-0.3365906433594462,-6.395222223829478,0.916170097887516,-0.9646690813824534,0.6103118262540501,19
2022-01-19,0.050332721358594984,1.3086507553234696,0.9171087304130197,-0.9568931180983782,0.6565480828228523,26
2022-01-20,-0.04917924231849611,-0.9835848463699222,0.9077225923538208,-0.9602856207638979,0.7065031162077975,20
2022-01-21,-0.4336594297395398,-10.407826313748956,0.27397067844867706,-0.9674906395375729,0.4757100701555898,24
2022-01-24,-0.38728403482862095,-10.456668940372765,0.9150483570992947,-0.9662320576608181,0.6294701388960202,27
2022-01-25,-0.24333360689975644,-5.596672958694398,0.9242917280644178,-0.9673744905740023,0.6820057293383271,23
2022-01-26,-0.07850623714020018,-4.788880465552211,0.9355480531230569,-0.9590968685224652,0.602148948830995,61
2022-01-27,-0.10899291873762482,-2.0708654560148716,0.916005615144968,-0.9428216693922877,0.6435529194905729,19
2022-01-28,-0.02691725069390876,-0.7536830194294453,0.9212218876928091,-0.959503959864378,0.5961460823729886,28
2022-01-31,0.06602241041799707,2.046694722957909,0.9270832408219576,-0.9094713339582086,0.6144122723443664,31
2022-02-01,-0.17807932326999995,-6.945093607529998,0.9228209219872952,-0.9660366969183087,0.6261665281562917,39
2022-02-02,0.010792620206142174,0.18347454350441694,0.8924328647553921,-0.9624059339985251,0.6285610092239041,17
2022-02-03,-0.28682633405551317,-8.604790021665394,0.9185122456401587,-0.9586873985826969,0.6035813229358731,30
2022-02-04,0.03412602123834433,1.0579066583886743,0.9316098298877478,-0.9647242724895477,0.6267315385257928,31
2022-02-05,0.14434197824448347,0.14434197824448347,0.14434197824448347,0.14434197824448347,0.0,1
2022-02-06,0.0003523416817188263,0.0007046833634376526,0.01655382104218006,-0.01584913767874241,0.022912351842072055,2
2022-02-07,-0.025573646044358612,-0.5114729208871722,0.9182673189789057,-0.9518817411735654,0.6595744605251402,20
2022-02-08,0.043333108658375946,0.9966614991426468,0.917242344468832,-0.9569219723343849,0.6274581803421215,23
2022-02-09,-0.059455996113164086,-0.8323839455842972,0.7483380511403084,-0.9189919717609882,0.42417036373394496,14
2022-02-10,-0.34691510177476126,-12.488943663891405,0.9217973537743092,-0.9656807333230972,0.6980503599522224,36
2022-02-11,-0.17424597853842455,-6.795593162998557,0.8848257623612881,-0.9638715367764235,0.5379001479014992,39
2022-02-14,-0.005412488599263486,-0.22732452116906643,0.9294933173805475,-0.9567974023520947,0.6054917855198569,42
2022-02-15,-0.157836678369409,-10.732894129119813,0.9284848514944315,-0.9642521739006042,0.5597177589502942,68
2022-02-16,-0.197007451446787,-12.214461989700794,0.9201430380344391,-0.9562643812969327,0.5081712970578421,62
2022-02-17,-0.25899650012142955,-15.539790007285774,0.9022972621023655,-0.9602772165089846,0.6197713659908348,60
2022-02-18,-0.2429815538163329,-14.092930121347308,0.930368191562593,-0.9636811800301075,0.5522293735629318,58
2022-02-19,0.454929799772799,0.909859599545598,0.8601412735879421,0.04971832595765591,0.5730555618985657,2
2022-02-21,-0.9583434946835041,-0.9583434946835041,-0.9583434946835041,-0.9583434946835041,0.0,1
2022-02-22,-0.08803569880547002,-2.8171423617750406,0.932598914951086,-0.9584756763651967,0.5770561565918421,32
2022-02-23,-0.17469826913796938,-4.542154997587204,0.8977370103821158,-0.959305846132338,0.4974843058490837,26
2022-02-24,-0.3519048743349101,-14.780004722066224,0.9207357410341501,-0.9649577876552939,0.5575917172147717,42
2022-02-25,-0.2039099358560019,-14.477605445776135,0.9263095818459988,-0.9666997529566288,0.5564360967768872,71
2022-02-26,0.0002459429670125246,0.0009837718680500984,0.7992255510762334,-0.88891975954175,0.6919319417410296,4
2022-02-27,-0.44068472762592137,-5.288216731511056,0.6071436926722527,-0.9396364828571677,0.5041795910449014,12
2022-02-28,-0.3273542815692384,-14.40358838904649,0.9001603359356523,-0.9664650512859225,0.5403340553335646,44
2022-03-01,-0.2904442232477689,-18.00754184136167,0.924302713945508,-0.9657250205054879,0.603348974742967,62
2022-03-02,0.034456537159132786,2.377501063980162,0.9340052120387554,-0.9539233716204762,0.640944334355157,69
2022-03-03,-0.14047975037388052,-9.271663524676114,0.9283373933285475,-0.9649968566372991,0.6324081677406622,66
2022-03-04,-0.44157071036809104,-18.10439912509173,0.9352546278387308,-0.9552705017849803,0.5114094931729753,41
2022-03-05,0.11482850089669228,0.11482850089669228,0.11482850089669228,0.11482850089669228,0.0,1
2022-03-06,0.37916391901671886,0.7583278380334377,0.7102026641368866,0.04812517389655113,0.46815948301991145,2
2022-03-07,-0.17303780033703772,-5.36417181044817,0.9382575247436762,-0.955088909715414,0.596361764456931,31
2022-03-08,-0.275665560606285,-17.64259587880224,0.9114519264549017,-0.9630703516304493,0.5969360643458478,64
2022-03-09,0.03624778021932454,1.3411678681150079,0.921753759495914,-0.9116601217538118,0.5727210419262562,37
2022-03-10,-0.3962766371237544,-20.60638513043523,0.8579432591795921,-0.9662077557295561,0.5198830573884734,52
2022-03-11,-0.09496853332331573,-4.178615466225892,0.9260752815753222,-0.9645231678150594,0.6587495476539655,44
2022-03-12,0.9007299114018679,0.9007299114018679,0.9007299114018679,0.9007299114018679,0.0,1
2022-03-14,-0.1491414077579975,-5.219949271529913,0.9221469648182392,-0.9601759845390916,0.6487824810921675,35
2022-03-15,-0.12181367920711636,-6.090683960355818,0.9314138069748878,-0.9648347487673163,0.6301881232846068,50
2022-03-16,-0.02407701022344307,-2.479932053014636,0.9282634276896715,-0.9640660621225834,0.5761632516770668,103
2022-03-17,-0.22968357576226647,-12.632596666924655,0.9060347303748131,-0.952899020165205,0.5179267287434068,55
2022-03-18,-0.02986576251449093,-1.8815430384129286,0.919788433238864,-0.9587394157424569,0.5809828629494547,63
2022-03-21,-0.2315141008132034,-4.167253814637661,0.42328228056430817,-0.9599297251552343,0.45637164198308056,18
2022-03-22,0.00010531651036393257,0.00326481182128191,0.9371306505054235,-0.9294433118775487,0.5958573900039651,31
2022-03-23,-0.14626044673948652,-7.898064123932272,0.9300199160352349,-0.9666645508259535,0.6373726647985662,54
2022-03-24,0.11550082552175109,7.507553658913821,0.9230621829628944,-0.9429574273526669,0.5964603072744213,65
2022-03-25,-0.13107049810059834,-8.388511878438294,0.8972526453435421,-0.9617670429870486,0.6319819384121932,64
2022-03-26,-0.6579655464738607,-0.6579655464738607,-0.6579655464738607,-0.6579655464738607,0.0,1
2022-03-27,-0.2148357555270195,-0.2148357555270195,-0.2148357555270195,-0.2148357555270195,0.0,1
2022-03-28,-0.13301588500450764,-4.6555559751577675,0.91262261942029,-0.965206497348845,0.6349226658405718,35
2022-03-29,-0.06401328439282816,-2.752571228891611,0.9067095341160893,-0.9578982042148709,0.56937022558106,43
2022-03-30,-0.11916876744685902,-6.435113442130387,0.90156090259552,-0.9593641590327024,0.6370274549924945,54
2022-03-31,-0.07360545200152466,-3.8274835040792823,0.9244492501020432,-0.9677437953650951,0.5933379217615471,52
2022-04-01,-0.06444292814315607,-3.0932605508714914,0.8753250166773796,-0.9671001061797142,0.6397537926241981,48
2022-04-02,-0.01928642950952053,-0.01928642950952053,-0.01928642950952053,-0.01928642950952053,0.0,1
2022-04-03,-0.4114101827144623,-1.2342305481433868,-0.08533383905887604,-0.9510557502508163,0.47072015775960946,3
2022-04-04,0.03247886414506606,1.136760245077312,0.931070345453918,-0.9376831036061049,0.6271900834187488,35
2022-04-05,-0.2419737366773188,-12.09868683386594,0.8922173101454973,-0.9611822543665767,0.5467638007776631,50
2022-04-06,-0.1457482104682747,-4.95543915592134,0.9155874848365784,-0.964807347394526,0.5675986305336269,34
2022-04-07,-0.13787080410301036,-6.342056988738477,0.8990302346646786,-0.962307739071548,0.6102593605997854,46
2022-04-08,-0.086811149045825,-2.170278726145625,0.895812226459384,-0.9630306838080287,0.6360303382243709,25
2022-04-09,0.9115913342684507,0.9115913342684507,0.9115913342684507,0.9115913342684507,0.0,1
2022-04-11,-0.22195331690212092,-8.656179359182715,0.8628485798835754,-0.963743245229125,0.6401033870004634,39
2022-04-12,-0.23700778463891908,-12.087397016584873,0.9297515954822302,-0.9532321896404028,0.6171410752513312,51
2022-04-13,-0.20042815814549858,-7.415841851383448,0.8880997970700264,-0.9645822430029511,0.6143564332851278,37
2022-04-14,-0.4633633701929024,-12.974174365401268,0.9245546814054251,-0.9594096448272467,0.5149637538007544,28
2022-04-15,-0.4037836375646293,-0.8075672751292586,0.12820157688111067,-0.9357688520103693,0.7523407052511248,2
2022-04-18,-0.3229030120253031,-9.041284336708486,0.9257462285459042,-0.9563771681860089,0.6283427507819441,28
2022-04-19,-0.13065641376500328,-3.9196924129500985,0.9128431137651205,-0.9496637228876352,0.6067193566032283,30
2022-04-20,-0.21113334446335616,-9.712133845314384,0.9297447428107262,-0.9642945127561688,0.6469468798896938,46
2022-04-21,-0.21483433212746272,-9.45271061360836,0.9319046121090651,-0.9643371971324086,0.6834559197088979,44
2022-04-22,-0.33346375425417835,-8.670057610608637,0.8556052166968584,-0.9669532179832458,0.6303644227275284,26
2022-04-23,0.41889865417033434,0.41889865417033434,0.41889865417033434,0.41889865417033434,0.0,1
2022-04-24,-0.18676326982676983,-0.18676326982676983,-0.18676326982676983,-0.18676326982676983,0.0,1
2022-04-25,-0.2855136568212639,-6.566814106889069,0.9335702955722809,-0.9663127614185214,0.7456446910530197,23
2022-04-26,-0.4122210286247234,-14.83995703049004,0.9193736836314201,-0.9632133739069104,0.4955817437601801,36
2022-04-27,-0.18741580669808647,-4.310563554055989,0.9066083692014217,-0.9667450226843357,0.751596167707946,23
2022-04-28,0.07177175692326966,1.5072068953886628,0.9061675779521465,-0.9640481118112803,0.7020878311889075,21
2022-04-29,-0.4962850715427731,-12.9034118601121,0.6369668915867805,-0.96693918062374,0.498598664392736,26
2022-04-30,-0.04733293938140074,-0.14199881814420223,0.040839578956365585,-0.14019492827355862,0.09060831392623829,3
2022-05-01,0.5240190881304443,1.0480381762608886,0.5241126846522093,0.5239254916086793,0.0001323654704710026,2
2022-05-02,-0.3542976745714744,-10.628930237144232,0.9190917704254389,-0.9659363124519587,0.6053885729527262,30
2022-05-03,-0.14319714801386,-4.2959144404158,0.9164329450577497,-0.9434619452804327,0.5598277893862363,30
2022-05-04,-0.18881063322640126,-8.496478495188057,0.9138588011264801,-0.9540708567947149,0.5772316977656239,45
2022-05-05,-0.10983623617657405,-3.734432030003518,0.9200130198150873,-0.9656479810364544,0.6226956754078006,34
2022-05-06,-0.3474686074381073,-9.381652400828898,0.835316501557827,-0.9674752368591726,0.6318813861545797,27
2022-05-07,0.10298665426671505,0.2059733085334301,0.20605932921171188,-8.602067828178406e-05,0.14576677481728803,2
2022-05-09,-0.40624592275989635,-12.593623605556786,0.9287122394889593,-0.9612334966659546,0.6291007542681355,31
2022-05-10,-0.23034247370629474,-6.679931737482548,0.9310574997216463,-0.9646210568025708,0.6702706165909018,29
2022-05-11,-0.33093420915305616,-8.273355228826404,0.8995883464813232,-0.9650560161098838,0.6268909233596457,25
2022-05-12,-0.26719582015396776,-9.886245345696807,0.9256901256740093,-0.9593729320913553,0.5616817234728346,37
2022-05-13,-0.2771963555561869,-5.266730755567551,0.8955723159015179,-0.9680112823843956,0.6455521849197821,19
2022-05-14,0.014412716031074524,0.014412716031074524,0.014412716031074524,0.014412716031074524,0.0,1
2022-05-15,-0.4094655942171812,-0.8189311884343624,0.11315478291362524,-0.9320859713479877,0.7390968253109282,2
2022-05-16,0.10848819883540273,1.952787579037249,0.9361997861415148,-0.9537713974714279,0.4889267300468952,18
2022-05-17,0.05226576960066686,1.9338334752246737,0.9273665510118008,-0.9401529924944043,0.6552643249669841,37
2022-05-18,-0.07415896987367887,-2.373087035957724,0.9264140482991934,-0.9643378932960331,0.6641404386863838,32
2022-05-19,-0.0947916340427818,-2.559374119155109,0.9010688774287701,-0.9633044116199017,0.6297595846110431,27
2022-05-20,-0.33861052012071013,-6.772210402414203,0.800895307213068,-0.9620016319677234,0.4883590102651662,20
2022-05-21,-0.22629142925143242,-0.22629142925143242,-0.22629142925143242,-0.22629142925143242,0.0,1
2022-05-22,0.40124404306213063,1.2037321291863918,0.925613078288734,0.08583470899611712,0.45722537649914397,3
2022-05-23,0.146590019389987,2.93180038779974,0.9306210605427623,-0.8358827643096447,0.5740161303475347,20
2022-05-24,-0.30576614642461,-10.396048978436738,0.7333648717030883,-0.9663538974709809,0.4830286291805156,34
2022-05-25,-0.3427066223618264,-8.224958936683834,0.8811663649976254,-0.961616207845509,0.5430184573275237,24
2022-05-26,-0.30736392036218335,-8.29882584977895,0.8768907198682427,-0.9676750181242824,0.5551467294775447,27
2022-05-27,-0.24285092107242062,-5.099869342520833,0.3486735634505749,-0.9045132845640182,0.38785715223461825,21
2022-05-28,0.7072743186727166,1.4145486373454332,0.7572031375020742,0.657345499843359,0.0706100127417467,2
2022-05-30,0.22082053497433662,0.22082053497433662,0.22082053497433662,0.22082053497433662,0.0,1
2022-05-31,-0.17427972434088587,-6.099790351931006,0.9088788516819477,-0.9640664579346776,0.6870329375941466,35
2022-06-01,-0.19200461207679947,-9.408225991763175,0.9281286355108023,-0.9568683188408613,0.537589868770822,49
2022-06-02,-0.14412383367972714,-5.04433417879045,0.9245144296437502,-0.9494355665519834,0.6168285861386544,35
2022-06-03,-0.1573702786665629,-5.350589474663138,0.9148212261497974,-0.9646306252107024,0.6560975436524078,34
2022-06-04,-0.9217745601199567,-1.8435491202399135,-0.9111429778859019,-0.9324061423540115,0.015035327784885153,2
2022-06-05,0.062251439318060875,0.062251439318060875,0.062251439318060875,0.062251439318060875,0.0,1
2022-06-06,-0.03288193270242933,-0.9535760483704507,0.92036540992558,-0.957051919773221,0.6194218712201395,29
2022-06-07,-0.07654545118881238,-2.8321816939860582,0.9269626531749964,-0.9671793207526207,0.6872792416176772,37
2022-06-08,-0.07466737951740231,-2.8373604216612875,0.8844774393364787,-0.9431639173999429,0.6497146115538793,38
2022-06-09,-0.3353804402539264,-7.713750125840306,0.9101767335087061,-0.933125227689743,0.5994395534938299,23
2022-06-10,-0.2069367731634814,-5.380356102250516,0.9174626059830189,-0.9655901351943612,0.6738358175910797,26
2022-06-11,-0.9548509260639548,-0.9548509260639548,-0.9548509260639548,-0.9548509260639548,0.0,1
2022-06-13,-0.00996066492927425,-0.16933130379766226,0.9204549007117748,-0.967687857337296,0.688103024062509,17
2022-06-14,-0.2510502648672887,-8.786759270355105,0.8666805736720562,-0.9607381382957101,0.6586376185487111,35
2022-06-15,-0.003629957587691024,-0.23231728561222553,0.932239742949605,-0.9650422306731343,0.5988081983809164,64
2022-06-16,-0.2817627015035777,-5.917016731575131,0.9095604475587606,-0.9361392315477133,0.5887863255209735,21
2022-06-17,0.07017112264616622,1.894620311446488,0.9348302949219942,-0.962912930175662,0.6906202976890677,27
2022-06-20,-0.28653510349492234,-0.859605310484767,0.04621878266334534,-0.8911638408899307,0.5245078615103453,3
2022-06-21,-0.22251502829122133,-6.452935820445418,0.8315868750214577,-0.9376891944557428,0.4578480601026136,29
2022-06-22,-0.07263371782998244,-4.140121916308999,0.9316044468432665,-0.9635296855121851,0.6475392480842349,57
2022-06-23,-0.12045509895404517,-7.106850838288665,0.920818854123354,-0.968047309666872,0.6662905182984504,59
2022-06-24,-0.07943782948910497,-3.4158266680315137,0.9030525051057339,-0.9543273486196995,0.5750310871466132,43
2022-06-25,0.14394815266132355,0.14394815266132355,0.14394815266132355,0.14394815266132355,0.0,1
2022-06-27,-0.40858477478226024,-11.031788919121027,0.6635478138923645,-0.9645347222685814,0.45960367065824,27
2022-06-28,-0.11956006372647901,-3.7063619755208492,0.9416812034323812,-0.9665564056485891,0.5971948421195726,31
2022-06-29,-0.3447942774565447,-7.240679826587439,0.901505907997489,-0.9600241417065263,0.5002602382444581,21
2022-06-30,-0.22407559510962716,-6.498192258179188,0.886619864962995,-0.9628475829958916,0.5777047260015772,29
2022-07-01,-0.44851088047620247,-9.867239370476454,0.8267849534749985,-0.9637951338663697,0.5360275023240287,22
2022-07-02,-0.5040566876996309,-1.0081133753992617,-0.046577338129282,-0.9615360372699797,0.6469735006680095,2
2022-07-05,-0.12102176668122411,-2.178391800262034,0.9175458066165447,-0.9503728356212378,0.5796093119941258,18
2022-07-06,-0.31875610303390645,-9.243926987983286,0.8796738758683205,-0.9576926315203309,0.5252135672106791,29
2022-07-07,0.028561070857738905,0.628343558870256,0.9323335196822882,-0.9513725964352489,0.7054055075755985,22
2022-07-08,-0.20040276036437216,-5.8116800505667925,0.9187149461358786,-0.9640610562637448,0.6131529211007873,29
2022-07-10,0.3309093043208122,0.6618186086416245,0.6322711706161499,0.02954743802547455,0.4261900384969339,2
2022-07-11,-0.09004751905798912,-2.251187976449728,0.9006818477064371,-0.9526718929409981,0.5525097420283553,25
2022-07-12,-0.21548568736761808,-4.52519943471998,0.888520073145628,-0.9615053236484528,0.5834534923253586,21
2022-07-13,-0.2545985698371249,-8.656351374462247,0.9237714018672705,-0.9599134586751461,0.7576561122409318,34
2022-07-14,-0.20742607133134322,-7.05248642526567,0.8936665467917919,-0.9649389367550611,0.6697568009173627,34
2022-07-15,-0.11490065877717968,-4.366225033532828,0.9313955595716834,-0.9483457328751683,0.6662157389234332,38
2022-07-17,-0.4078515744768083,-0.8157031489536166,0.1451140083372593,-0.9608171572908759,0.7820114267411973,2
2022-07-18,0.05999394976779034,1.1398850455880165,0.9343239106237888,-0.7738544512540102,0.5520048627232919,19
2022-07-19,-0.154739327196564,-3.249525871127844,0.8275218643248081,-0.874412015080452,0.5088750181709741,21
2022-07-20,0.07928966518698467,1.427213973365724,0.8119032196700573,-0.9576203571632504,0.48710659471116613,18
2022-07-21,-0.3684495446984382,-12.5272845197469,0.9269701093435287,-0.963699959218502,0.49923353681271165,34
2022-07-22,0.010348817831354922,0.30011571710929275,0.9313616212457418,-0.9671845845878124,0.6962027275264545,29
2022-07-23,-0.9386621229350567,-0.9386621229350567,-0.9386621229350567,-0.9386621229350567,0.0,1
2022-07-24,0.6557046957314014,1.3114093914628029,0.8039413616061211,0.5074680298566818,0.20963830332099745,2
2022-07-25,-0.3833197444211692,-7.666394888423383,0.36592650413513184,-0.9592012986540794,0.5027149570830667,20
2022-07-26,-0.030554706526057022,-1.252742967568338,0.9262153040617704,-0.9613060615956783,0.6336047175629601,41
2022-07-27,0.002215943602194269,0.18392331898212433,0.9137842431664467,-0.9669907595962286,0.5674127036916047,83
2022-07-28,0.012457043331648623,0.5231958199292421,0.9172172378748655,-0.9619494238868356,0.658890790955549,42
2022-07-29,-0.08520784760238947,-2.300611885264516,0.9180714879184961,-0.881092756986618,0.5647371874482653,27
2022-07-30,0.06014414597302675,0.1202882919460535,0.07263633795082569,0.047651953995227814,0.01766662731877164,2
2022-07-31,0.22238349169492722,0.6671504750847816,0.7403859719634056,-0.1103670746088028,0.45462499962460867,3
2022-08-01,-0.20270074997097254,-6.283723249100149,0.898235622793436,-0.9643233455717564,0.5931148645200752,31
2022-08-02,-0.24385233016266505,-11.948764177970588,0.9269693307578564,-0.9677429599687457,0.6156232901040894,49
2022-08-03,-0.07613709986466786,-2.207975896075368,0.9320946764200926,-0.9231130182743073,0.636590054029957,29
2022-08-04,-0.11741809154172307,-2.7006161054596305,0.8961704149842262,-0.9384006941691041,0.6306253512927781,23
2022-08-05,-0.2714895170044016,-7.330216959118843,0.9227746995165944,-0.9669415652751923,0.5866916176953377,27
2022-08-06,-0.06294038146734238,-0.12588076293468475,0.7868099324405193,-0.9126906953752041,1.201728418559293,2
2022-08-07,0.08529573927323024,0.2558872178196907,0.2923192773014307,-0.1807684227824211,0.2420068996058175,3
2022-08-08,-0.13671044340091093,-2.8709193114191294,0.9274301566183567,-0.9616499319672585,0.6540675647929792,21
2022-08-09,-0.02674878772129031,-0.45472939126193523,0.911190964281559,-0.9363942267373204,0.5704015041237788,17
2022-08-10,0.00839233560667884,0.26016240380704403,0.9313964229077101,-0.946911184117198,0.6714846369104233,31
2022-08-11,-0.2590221595906076,-5.4394653514027596,0.9094763416796923,-0.9666383741423488,0.6265242769127348,21
2022-08-12,-0.08646231414260049,-1.6427839687094092,0.926748851314187,-0.8533753752708435,0.6426029566585504,19
2022-08-15,-0.11025800154759334,-1.4333540201187134,0.9227988384664059,-0.9483481422066689,0.6397419295114242,13
2022-08-16,-0.05521828343626112,-1.3252388024702668,0.9189760982990265,-0.9474519193172455,0.6546390637414442,24
2022-08-17,-0.09576561428945173,-2.106843514367938,0.897150993347168,-0.9657911136746407,0.6103783097041626,22
2022-08-18,-0.35116646396777323,-10.88616038300097,0.7933329865336418,-0.9611134584993124,0.531967427428739,31
2022-08-19,-0.06218099920079112,-0.7461719904094934,0.8861771868541837,-0.9624473750591278,0.7196863801422477,12
2022-08-21,-0.9619225272908807,-0.9619225272908807,-0.9619225272908807,-0.9619225272908807,0.0,1
2022-08-22,-0.5643105349288537,-7.336036954075098,0.05697303265333176,-0.957771404646337,0.4052429309965169,13
2022-08-23,-0.09372167132096365,-1.4995467411354184,0.908531479537487,-0.8781884983181953,0.5725232334234691,16
2022-08-24,0.04223886092729641,1.3938824106007814,0.911200512200594,-0.9192587696015835,0.6004796389483124,33
2022-08-25,0.07954295027640558,2.465831458568573,0.9126529563218355,-0.9485171250998974,0.6335810118588782,31
2022-08-26,-0.3634410025551915,-15.264522107318044,0.9115600753575563,-0.9622101280838251,0.5828689356293411,42
2022-08-27,-0.24585697799921036,-0.4917139559984207,-0.0600547268986702,-0.4316592290997505,0.26276406342583525,2
2022-08-28,0.3294284176081419,0.6588568352162838,0.6561398953199387,0.0027169398963451385,0.4620398027629781,2
2022-08-29,-0.43863975363118307,-6.140956550836563,0.7199798291549087,-0.965265640988946,0.5446450087791375,14
2022-08-30,-0.01385589042568908,-0.23555013723671436,0.9228648450225592,-0.8761833868920803,0.6848449361754307,17
2022-08-31,-0.02640137828599948,-0.34321791771799326,0.9152972837910056,-0.9343645107001066,0.6679715723247078,13
2022-09-01,-0.4460842306725681,-10.706021536141634,0.474935844540596,-0.9592725913971663,0.4891839670593967,24
2022-09-02,-0.10828940020874142,-3.248682006262243,0.9255522210150957,-0.9568896004930139,0.5976892919354417,30
2022-09-03,-0.03819455734143654,-0.11458367202430964,0.04419475328177214,-0.10431331023573875,0.07557916061347546,3
2022-09-06,-0.7587694239078296,-6.828924815170467,-0.1734132282435894,-0.9499097829684615,0.24409627100130382,9
2022-09-07,0.028390697034245186,0.6245953347533941,0.9155666893348098,-0.963278322480619,0.7308679393010209,22
2022-09-08,-0.007532537274528295,-0.24104119278490543,0.916522016748786,-0.9655659170821309,0.5895920581079093,32
2022-09-09,-0.17735956826557717,-3.7245509335771203,0.9118726085871458,-0.9512411933392286,0.7297884612831536,21
2022-09-11,-0.2770519554615021,-0.2770519554615021,-0.2770519554615021,-0.2770519554615021,0.0,1
2022-09-12,-0.14541290738784216,-2.4720194255933166,0.8693039417266846,-0.9539066189900041,0.6705224565113516,17
2022-09-13,-0.28762189452363934,-7.765791152138263,0.920784143730998,-0.9677261444739997,0.659248179528149,27
2022-09-14,-0.31541681229802115,-6.623753058258444,0.9399023689329624,-0.9529169332236052,0.6757057854644419,21
2022-09-15,-0.3306223198831562,-10.249291916377842,0.9116150662302971,-0.9640917191281915,0.61072929338862,31
2022-09-16,-0.2503463032771833,-4.005540852434933,0.8856177106499672,-0.96603047195822,0.6289854730091894,16
2022-09-18,0.02737695723772049,0.05475391447544098,0.1943759247660637,-0.1396220102906227,0.23617220478088707,2
2022-09-19,-0.2679824645941456,-2.4118421813473105,0.7986340448260307,-0.96468376647681,0.6013652578550067,9
2022-09-20,-0.2051459544648727,-3.692627180367708,0.846382737159729,-0.9518537390977144,0.5262465540398713,18
2022-09-21,-0.04113105367425652,-3.4550085086375475,0.9371282029896975,-0.9551583118736744,0.5667833175088038,84
2022-09-22,-0.4198678969219327,-10.496697423048317,0.23336373828351498,-0.9362582853063941,0.3975986952058445,25
2022-09-23,-0.2427132288840684,-5.339691035449505,0.8904483933001757,-0.9620280219241977,0.6579378850799279,22
2022-09-24,-0.15903177205473185,-0.47709531616419554,0.9106811825186014,-0.9620591746643186,0.9644324751246501,3
2022-09-25,0.8163997791707516,0.8163997791707516,0.8163997791707516,0.8163997791707516,0.0,1
2022-09-26,-0.2678604600433674,-4.821488280780613,0.8627343066036701,-0.9655405161902308,0.6174845067812188,18
2022-09-27,-0.2811806449045738,-12.65312902070582,0.9206730835139751,-0.9500300604850054,0.5519715852030881,45
2022-09-28,-0.24916408123338923,-12.707368142902851,0.916820066049695,-0.9567251605913043,0.5943543353410885,51
2022-09-29,-0.3217984142912818,-13.515533400233835,0.8768192362040281,-0.9654683801345527,0.546268795823277,42
2022-09-30,-0.18702178390230983,-8.977045627310872,0.9112555645406246,-0.9678500704467297,0.6578866964170444,48
2022-10-01,-0.33332519698888063,-0.6666503939777613,0.1668890304863453,-0.8335394244641066,0.707409744587445,2
2022-10-02,0.9047691896557808,0.9047691896557808,0.9047691896557808,0.9047691896557808,0.0,1
2022-10-03,-0.3516409121081233,-8.791022802703083,0.9184267893433571,-0.9433664456009865,0.6195554018254077,25
2022-10-04,-0.22523002042726148,-7.207360653672367,0.9206242300570011,-0.960219947155565,0.6376149949696527,32
2022-10-05,-0.2115575665692714,-6.981399696785957,0.9039571080356836,-0.9687697044573724,0.6735346103063965,33
2022-10-06,-0.07862436232300332,-4.088466840796173,0.8428805619478226,-0.9643239546567202,0.5965507548153751,52
2022-10-07,-0.29743525776494706,-10.707669279538095,0.896685317158699,-0.9603568632155657,0.6451512111676928,36
2022-10-08,-0.6527321860194206,-1.3054643720388412,-0.44893887639045715,-0.8565254956483841,0.2882072623981796,2
2022-10-09,0.557942244845132,1.673826734535396,0.9291272545233369,-0.00501423142850399,0.4957189733046338,3
2022-10-10,-0.29269007180016815,-16.683334092609584,0.9193050069734454,-0.9561307094991207,0.6341970047687603,57
2022-10-11,-0.09769035617487049,-5.1775888772681355,0.9150533471256495,-0.9540607836097479,0.6012505358540096,53
2022-10-12,-0.13550628110829552,-7.994870585389435,0.9317724155262113,-0.9607161749154329,0.6553090958731278,59
2022-10-13,-0.17833838337817445,-9.273595935665071,0.9149577002972364,-0.9667716575786471,0.6874286913153597,52
2022-10-14,-0.2644975293471023,-11.3733937619254,0.9351728558540344,-0.9566527344286442,0.6548788004322755,43
2022-10-15,-0.529161415528506,-1.058322831057012,-0.156810212880373,-0.9015126181766391,0.5265841207509224,2
2022-10-16,-0.17621852830052376,-0.5286555849015713,0.18334553390741348,-0.768834438174963,0.5171040007428648,3
2022-10-17,-0.04873702209442854,-1.2184255523607135,0.9338097777217627,-0.966735977679491,0.719329524454901,25
2022-10-18,-0.0560484789001445,-1.681454367004335,0.9055784530937672,-0.9435223061591387,0.6486026522685936,30
2022-10-19,0.002288367252285574,0.11670672986656427,0.931532533839345,-0.9244267549365759,0.5799967635506704,51
2022-10-20,-0.263811181176846,-10.024824884720147,0.9306259099394083,-0.959186059422791,0.5905362864776841,38
2022-10-21,-0.1851866863214889,-6.85190739389509,0.9250796549022198,-0.9606997957453132,0.6052488267707004,37
2022-10-23,-0.06003543846309185,-0.30017719231545925,0.5718665421009064,-0.7045855186879635,0.5916883518819095,5
2022-10-24,-0.14246336036982635,-5.128680973313749,0.8964438959956169,-0.9551106905564666,0.4409754092821075,36
2022-10-25,0.010313155702673472,0.13407102413475513,0.9249939024448395,-0.7944477051496506,0.595913257536132,13
2022-10-26,-0.28806118486035204,-5.185101327486336,0.8987896591424942,-0.9518584245815873,0.5266273260095393,18
2022-10-27,-0.1326492605398276,-3.714179295115173,0.9171953611075878,-0.9616185203194618,0.672321400165744,28
2022-10-28,-0.186740749613627,-3.548074242658913,0.9295023512095213,-0.9548753118142486,0.6478101938583339,19
2022-10-30,0.666181854903698,0.666181854903698,0.666181854903698,0.666181854903698,0.0,1
2022-10-31,-0.15476143608490625,-3.7142744660377502,0.9019261039793491,-0.9552213540300727,0.6552729091712526,24
2022-11-01,-0.30653492907683055,-9.196047872304916,0.796333041973412,-0.9382432606071234,0.5590862907456385,30
2022-11-02,-0.1248762095613139,-8.741334669291973,0.9173957109451294,-0.9656517039984465,0.6192810048147531,70
2022-11-03,-0.1743484606849961,-5.579150741919875,0.7737182648852468,-0.9636915558949113,0.5799040080679272,32
2022-11-04,-0.11248586246640319,-4.0494910487905145,0.9053268171846867,-0.9644899563863873,0.6846207739642137,36
2022-11-05,0.051980264484882355,0.051980264484882355,0.051980264484882355,0.051980264484882355,0.0,1
2022-11-06,-0.006104152649641037,-0.01831245794892311,0.04317830689251423,-0.07398349791765213,0.06075446687791183,3
2022-11-07,-0.18436001177178696,-2.9497601883485913,0.8677751831710339,-0.925407886505127,0.5561187332665988,16
2022-11-08,0.24914960634140743,5.232141733169556,0.9308800045400858,-0.40216773748397827,0.42928559325878135,21
2022-11-09,-0.20972766891853617,-5.872374729719013,0.9192256396636367,-0.9659510958008468,0.5793535886354994,28
2022-11-10,-0.05890031835145276,-2.709414644166827,0.9268314503133297,-0.9579332312569022,0.6344155199463813,46
2022-11-11,0.018635654542595147,0.37271309085190296,0.8963139727711678,-0.9216587822884321,0.6357087883613675,20
2022-11-13,0.2655837448934714,0.7967512346804142,0.9124139882624149,-0.1587359607219696,0.5691869269939596,3
2022-11-14,0.013242451569103465,0.6488801268860698,0.8972310880199075,-0.9563985811546445,0.5987970741173297,49
2022-11-15,-0.2181411829466621,-10.470776781439781,0.9178090514615178,-0.9396179709583521,0.5842381795896151,48
2022-11-16,-0.161695699257377,-4.527479579206556,0.923062713816762,-0.9675293616019189,0.6391262120605269,28
2022-11-17,-0.371489068591281,-14.116584606468678,0.8316376879811287,-0.9591336492449045,0.5086318436901696,38
2022-11-18,-0.1488569766903917,-4.019138370640576,0.834088534116745,-0.9580773646011949,0.5417950803744146,27
2022-11-19,-0.0027142949402332306,-0.0027142949402332306,-0.0027142949402332306,-0.0027142949402332306,0.0,1
2022-11-21,-0.27089090183701203,-6.230490742251277,0.886317178606987,-0.9518465409055352,0.634481999372675,23
2022-11-22,0.031076470916361912,0.714758831076324,0.9259939845651388,-0.929972373880446,0.5221379915545077,23
2022-11-23,-0.2820888545053701,-13.540265016257763,0.9239649139344692,-0.9615285126492381,0.6514985211389275,48
2022-11-24,-0.11043906025588512,-0.11043906025588512,-0.11043906025588512,-0.11043906025588512,0.0,1
2022-11-25,-0.1998288230970502,-1.1989729385823011,0.8660487346351147,-0.8925852961838245,0.7799307650871681,6
2022-11-26,-0.8250867873430252,-0.8250867873430252,-0.8250867873430252,-0.8250867873430252,0.0,1
2022-11-28,-0.24393219817429782,-7.317965945228934,0.9036506973206997,-0.9630766408517957,0.6077610748058933,30
2022-11-29,-0.22605453070404158,-8.364017636049539,0.8580003324896097,-0.9592172135598958,0.5495028216440501,37
2022-11-30,-0.1261519020290247,-8.83063314203173,0.9107913114130497,-0.9629513984546065,0.6173613729793561,70
2022-12-01,-0.30136507082470626,-12.95869804546237,0.8760057538747787,-0.9507392924278975,0.6032768060943521,43
2022-12-02,-0.14803315130328493,-4.144928236491978,0.9186687637120485,-0.9596567153930664,0.6684409154404196,28
2022-12-03,0.08835293352603912,0.08835293352603912,0.08835293352603912,0.08835293352603912,0.0,1
2022-12-04,0.7149102538824081,0.7149102538824081,0.7149102538824081,0.7149102538824081,0.0,1
2022-12-05,-0.21971628822386266,-5.492907205596566,0.8799823354929686,-0.9504009280353785,0.6516461325591968,25
2022-12-06,-0.34749147546244785,-5.559863607399166,0.5784225799143314,-0.9569657985121012,0.4310842550714509,16
2022-12-07,-0.26726546469661927,-4.810778364539146,0.9132996303960681,-0.9387596342712641,0.5880100119594714,18
2022-12-08,-0.14449904905632138,-2.600982883013785,0.882836477831006,-0.9471634496003389,0.6306674861268553,18
2022-12-09,-0.16571869339574785,-5.634435575455427,0.9052559323608875,-0.9626080095767975,0.6697906859335103,34
2022-12-11,-0.6721447482705116,-0.6721447482705116,-0.6721447482705116,-0.6721447482705116,0.0,1
2022-12-12,0.04884108832726876,1.4652326498180628,0.9212954510003328,-0.9446488451212645,0.656003350465504,30
2022-12-13,-0.061080236959716545,-2.809690900146961,0.9186522997915745,-0.961365070194006,0.6216791842652979,46
2022-12-14,-0.10751771987141932,-7.311204951256514,0.9100834019482136,-0.957394159398973,0.6341503439443821,68
2022-12-15,-0.2939433982370026,-9.700132141821086,0.8543175123631954,-0.9625199483707547,0.6089292674886224,33
2022-12-16,-0.18412869917511038,-6.076247072778642,0.9187813522294164,-0.9674752121791244,0.6411863183115194,33
2022-12-17,-0.6371578052639961,-0.6371578052639961,-0.6371578052639961,-0.6371578052639961,0.0,1
2022-12-18,-0.008660629391670227,-0.008660629391670227,-0.008660629391670227,-0.008660629391670227,0.0,1
2022-12-19,-0.2777027871149282,-4.998650168068707,0.8808018453419209,-0.9522156473249197,0.5677229139612437,18
2022-12-20,-0.27275451784953475,-9.273653606884181,0.9154636953026056,-0.9494224619120359,0.5392003058266054,34
2022-12-21,0.06998828984797001,1.6797189563512802,0.9302680920809507,-0.9685601540841162,0.631026154286279,24
2022-12-22,-0.34571825378225185,-11.06298412103206,0.9058134406805038,-0.9672829043120146,0.6229647498623176,32
2022-12-23,-0.3031312801952784,-7.275150724686682,0.8838161360472441,-0.9255398577079177,0.5230395340296169,24
2022-12-26,-0.34007803723216057,-2.380546260625124,0.01002330332994461,-0.9294274318963289,0.37926081453074983,7
2022-12-27,-0.534762228729532,-9.090957888402045,0.17429402377456427,-0.9639491876587272,0.3672034752048371,17
2022-12-28,-0.32001666045364213,-5.440283227711916,0.8694649422541261,-0.9508222257718444,0.49174997335241233,17
2022-12-29,-0.47158462507650256,-6.602184751071036,0.6964082419872284,-0.9473776146769524,0.5200309127805351,14
2022-12-30,-0.19967462370793024,-2.396095484495163,0.7084974851459265,-0.9642216861248016,0.5651349059201929,12
2022-12-31,-0.15076175332069397,-0.15076175332069397,-0.15076175332069397,-0.15076175332069397,0.0,1
2023-01-01,-0.6950186267495155,-0.6950186267495155,-0.6950186267495155,-0.6950186267495155,0.0,1
2023-01-02,-0.22050789246956506,-0.6615236774086952,0.11483824253082275,-0.8666354343295097,0.5596976476005944,3
2023-01-03,-0.42949896957725286,-11.166973209008574,0.7396531850099564,-0.9463820084929466,0.4815348600254058,26
2023-01-04,-0.2668981933721194,-10.142131348140538,0.8544604405760765,-0.9628921682015061,0.5119409964321959,38
2023-01-05,-0.10488436813905554,-5.558871511369944,0.9259479492902756,-0.9448980195447803,0.6092504754999387,53
2023-01-06,-0.24045086850605482,-12.743896030820906,0.9180986452847719,-0.9583089733496308,0.6209373373812023,53
2023-01-07,-0.40739702177233994,-1.6295880870893598,0.08463004231452942,-0.9430608497932553,0.5399097018742252,4
2023-01-08,-0.3642410486936569,-0.3642410486936569,-0.3642410486936569,-0.3642410486936569,0.0,1
2023-01-09,-0.11179924028477183,-3.0185794876888394,0.9241581987589598,-0.9147116616368294,0.6901489956098075,27
2023-01-10,-0.011892688121985306,-0.3924587080255151,0.9297619536519051,-0.9671833124011755,0.658422343280909,33
2023-01-11,-0.15028884091639313,-4.358376386575401,0.9162539839744568,-0.9420568030327559,0.5432092727740819,29
2023-01-12,-0.06868107421905734,-4.3955887500196695,0.931498795747757,-0.963641275651753,0.5855357214930764,64
2023-01-13,-0.14679857616409145,-4.257158708758652,0.8997131269425154,-0.962777903303504,0.6028233324629213,29
2023-01-14,-0.04983776528388262,-0.09967553056776524,-9.819120168685913e-05,-0.09957733936607838,0.07034238025370253,2
2023-01-15,0.8681685291230679,0.8681685291230679,0.8681685291230679,0.8681685291230679,0.0,1
2023-01-16,0.8468347489833832,0.8468347489833832,0.8468347489833832,0.8468347489833832,0.0,1
2023-01-17,-0.11546149580298286,-2.1937684202566743,0.9175620079040527,-0.9611442741006613,0.7769909285665536,19
2023-01-18,-0.3541435823347923,-13.103312546387315,0.9245905168354511,-0.9672228526324034,0.6485608723581495,37
2023-01-19,-0.3749842008265356,-11.249526024796069,0.9031191989779472,-0.9644682640209794,0.5484686764886724,30
2023-01-20,-0.2900612083988057,-13.052754377946258,0.9207079671323299,-0.9636652125045657,0.6139866511259309,45
2023-01-22,0.6534892469644547,0.6534892469644547,0.6534892469644547,0.6534892469644547,0.0,1
2023-01-23,-0.0011963595059655962,-0.02512354962527752,0.9156481437385082,-0.9477645205333829,0.6977320107429291,21
2023-01-24,-0.19814222195947712,-6.538693324662745,0.9224007837474346,-0.959400586783886,0.6235178782288737,33
2023-01-25,0.06728661008179188,1.682165252044797,0.9070541672408581,-0.9599577244371176,0.5989049402337708,25
2023-01-26,-0.2978666503354907,-7.446666258387268,0.9247882924973965,-0.9377261400222778,0.5960966783203513,25
2023-01-27,-0.22643133416546113,-7.4722340274602175,0.9225626345723867,-0.961277867667377,0.589500163211066,33
2023-01-29,-0.1802841853350401,-0.3605683706700802,0.39340048655867577,-0.753968857228756,0.8113126435176521,2
2023-01-30,-0.2511854880023748,-5.023709760047495,0.8672714065760374,-0.9378881379961967,0.6851358087818339,20
2023-01-31,-0.34910350118673616,-10.822208536788821,0.9220143090933561,-0.9649160476401448,0.6478727937932868,31
2023-02-01,-0.0860148360952735,-5.504949510097504,0.9182760994881392,-0.9624272445216775,0.6126807597176034,64
2023-02-02,-0.10411556361726036,-2.81112021766603,0.9232329558581114,-0.9478180333971977,0.5793152219112188,27
2023-02-03,-0.2879534665211711,-13.245859459973872,0.8783404845744371,-0.9611147558316588,0.5523803016603072,46
2023-02-04,-0.12999987192451953,-0.6499993596225977,0.3762544635683298,-0.5710754469037056,0.41470354782796365,5
2023-02-05,-0.011023817956447602,-0.05511908978223801,0.5455546844750643,-0.8247402310371399,0.5032079764717683,5
2023-02-06,-0.04364422085168569,-1.0038170795887709,0.9094581808894873,-0.9496628809720278,0.592995965063609,23
2023-02-07,-0.0899225073368397,-3.8666678154841065,0.9151817318052053,-0.9313756572082639,0.5232143369494775,43
2023-02-08,-0.013397379778325558,-0.5091004315763712,0.9328019041568041,-0.9475913271307945,0.5704965708981761,38
2023-02-09,-0.08065172896853515,-1.1291242055594921,0.9357710042968392,-0.9535746052861214,0.6327561015380876,14
2023-02-10,-0.23018800024168962,-7.596204007975757,0.8977299761027098,-0.9650337733328342,0.6029267919335413,33
2023-02-12,-0.5060847029089928,-1.0121694058179855,-0.05986734852194786,-0.9523020572960377,0.6310466343404005,2
2023-02-13,-0.0018751036942653034,-0.04312738496810198,0.9169547688215971,-0.9656674452126026,0.6723404303334616,23
2023-02-14,-0.05032824063434815,-1.9628013847395778,0.9263698384165764,-0.9596255859360099,0.6001106910803515,39
2023-02-15,-0.3107393885169316,-8.389963489957154,0.8846515044569969,-0.9636356187984347,0.5703449103747625,27
2023-02-16,-0.2725250969552213,-11.446054072119296,0.9327770136296749,-0.9470453392714262,0.5951030032327693,42
2023-02-17,-0.37130793946033175,-8.168774668127298,0.8846929110586643,-0.9582191137596965,0.5840017042973628,22
2023-02-18,-0.026131730526685715,-0.026131730526685715,-0.026131730526685715,-0.026131730526685715,0.0,1
2023-02-19,-0.2995772808790207,-0.2995772808790207,-0.2995772808790207,-0.2995772808790207,0.0,1
2023-02-20,-0.2714193696156144,-0.5428387392312288,-0.14386950246989727,-0.39896923676133156,0.18038275199635964,2
2023-02-21,-0.4577611121659478,-6.866416682489216,0.23854731768369675,-0.9580754302442074,0.43384616805623766,15
2023-02-22,-0.2931481258159405,-5.56981439050287,0.9082363098859787,-0.9588311836123466,0.687828822934578,19
2023-02-23,-0.12340676696861491,-2.0979150384664536,0.9164113663136959,-0.9595322888344526,0.7325897949311029,17
2023-02-24,-0.2847073705951599,-12.527124306187034,0.9272449156269431,-0.9601247943937778,0.6370989715781066,44
2023-02-26,-0.25585508346557617,-0.25585508346557617,-0.25585508346557617,-0.25585508346557617,0.0,1
2023-02-27,-0.4026987770896243,-9.262071873061359,0.922007204964757,-0.953183057717979,0.5439981553287654,23
2023-02-28,-0.3892147259321064,-9.341153422370553,0.828029204159975,-0.8909109681844711,0.4714395531594106,24
2023-03-01,-0.2835592362098396,-6.80542166903615,0.8306403812021017,-0.9493620311841369,0.5201208024050914,24
2023-03-02,-0.289771048223664,-8.403360398486257,0.8753277249634266,-0.9553804099559784,0.6040480270112684,29
2023-03-03,-0.1722448724482594,-4.995101300999522,0.8912333007901907,-0.9440960502251983,0.6204618755473947,29
2023-03-04,-0.23822713010013102,-1.1911356505006552,0.13276556134223938,-0.9279306642711163,0.4342695584361388,5
2023-03-05,-0.15851356709996858,-0.4755407012999058,0.043545082211494446,-0.5247784312814474,0.31775881537526834,3
2023-03-06,0.009056245074852518,0.17206865642219782,0.9035472236573696,-0.845000147819519,0.6272844742772531,19
2023-03-07,-0.16621707069377104,-8.975721817463636,0.9271985962986946,-0.9607291575521231,0.6224044181879564,54
2023-03-08,0.05480828472751786,2.4115645280107856,0.9152801521122456,-0.9393891356885433,0.595504893537457,44
2023-03-09,-0.22890847986231425,-6.409437436144799,0.8632767992094159,-0.9622923494316638,0.6440822936243248,28
2023-03-10,-0.28669805008297167,-8.60094150248915,0.920489028096199,-0.9647851837798953,0.6602924968486894,30
2023-03-12,0.27266861374179524,0.8180058412253857,0.7873921729624271,-0.016566202044487,0.4469017198978328,3
2023-03-13,0.06302912012589248,1.3866406427696347,0.8655500002205372,-0.9320138283073902,0.5543136402136911,22
2023-03-14,-0.144534566719085,-4.336037001572549,0.8944078264757991,-0.948670219630003,0.591596530421643,30
2023-03-15,-0.26303221934751886,-9.732192115858197,0.917040390893817,-0.9644567267969251,0.5742356062685445,37
2023-03-16,-0.14844911706608696,-5.492617331445217,0.8724896814674139,-0.9593411106616259,0.5426271289202927,37
2023-03-17,-0.21635002192730704,-5.192400526255369,0.9237184468656778,-0.9446738362312317,0.5522405205743772,24
2023-03-18,-0.12084907875396311,-0.48339631501585245,0.15367293637245893,-0.518099308013916,0.2843535385135432,4
2023-03-19,0.6156429563416168,4.9251436507329345,0.9238882474601269,-0.5508556663990021,0.5453639083145178,8
2023-03-20,-0.03971269082588454,-0.4765522899106145,0.9048448763787746,-0.8601138535887003,0.517390631764659,12
2023-03-21,0.042300258234545994,1.5651095546782017,0.9312990084290504,-0.9460995560511947,0.6314838242760439,37
2023-03-22,0.0029902755109182857,0.17642625514417887,0.9295316748321056,-0.9297620225697756,0.5924181177629719,59
2023-03-23,-0.10771507042874065,-3.8777425354346633,0.9026060290634632,-0.9451408833265305,0.6543739579612535,36
2023-03-24,-0.23035995961101943,-9.905478263273835,0.9236777368932962,-0.9654687363654375,0.5637865377480513,43
2023-03-25,-0.018977863248437643,-0.037955726496875286,0.9072673982009292,-0.9452231246978045,1.3099086108255078,2
2023-03-27,-0.29853009016198273,-5.075011532753706,0.9229551404714584,-0.9293961673974991,0.6701309386740765,17
2023-03-28,-0.30135311551240024,-14.766302660107613,0.9260817021131516,-0.9344318397343159,0.4969209162815798,49
2023-03-29,0.047553736348311566,2.0448106629773974,0.9176536351442337,-0.9491540296003222,0.5016240328232182,43
2023-03-30,-0.025471125600923752,-1.4773252848535776,0.9278989508748055,-0.9474249295890331,0.5784883775433564,58
2023-03-31,-0.12419231655989207,-6.333808144554496,0.923950869590044,-0.9691722253337502,0.6522019564548361,51
2023-04-02,0.41130729485303164,0.8226145897060633,0.7740079239010811,0.048606665804982185,0.5129361486810045,2
2023-04-03,-0.22601943001007804,-5.876505180262029,0.8919980973005295,-0.9697239343076944,0.6066840458083502,26
2023-04-04,-0.11106501912165966,-3.1098205354064703,0.9161490080878139,-0.9663963411003351,0.6310220850793676,28
2023-04-05,-0.2720962353200922,-8.434983294922858,0.9344051815569401,-0.967867927160114,0.5266356158367026,31
2023-04-06,-0.20329166514178118,-5.488874958828092,0.8994520585983992,-0.9613643260672688,0.6527490501537577,27
2023-04-07,-0.7205870964431337,-5.044109675101936,0.0047178566455841064,-0.9546397523954511,0.32883062602295243,7
2023-04-10,-0.17355531429940904,-4.685993486084044,0.9366676434874535,-0.9517257492989302,0.5931464943102577,27
2023-04-11,-0.039134084805846216,-1.5653633922338486,0.9407757371664047,-0.9596885461360216,0.6228024125534181,40
2023-04-12,-0.10048535155252583,-6.230091796256602,0.9300983604043722,-0.9682752639055252,0.6621275203494001,62
2023-04-13,-0.2621880397717986,-4.7193847158923745,0.8883229028433561,-0.9345298409461975,0.6472210411194432,18
2023-04-14,-0.1274998054458675,-5.60999143961817,0.9231286263093352,-0.9429444316774607,0.6853935126438987,44
2023-04-15,0.14557046256959438,0.14557046256959438,0.14557046256959438,0.14557046256959438,0.0,1
2023-04-17,-0.4379047085531056,-7.882284753955901,0.9314080327749252,-0.9660431500524282,0.612953592985963,18
2023-04-18,0.04035254873451777,1.2912815595045686,0.929468872025609,-0.9663442056626081,0.6925995561559454,32
2023-04-19,-0.1700961711786447,-5.272981306537986,0.9004409238696098,-0.9564669728279114,0.6170077179744727,31
2023-04-20,-0.07326682041942452,-3.516807380132377,0.9301360147073865,-0.9454443193972111,0.6942297490144613,48
2023-04-21,-0.26787272129546513,-5.893199868500233,0.9059926718473434,-0.952087888494134,0.6760151722529513,22
2023-04-23,-0.006362863816320896,-0.01908859144896269,0.610233973711729,-0.7253463976085186,0.6736512515707944,3
2023-04-24,-0.36179984430782497,-5.7887975089251995,0.7199094938114285,-0.9625422293320298,0.5105099698819318,16
2023-04-25,-0.32343086862767284,-7.115479109808803,0.9155423101037741,-0.9547035954892635,0.516884441987372,22
2023-04-26,-0.14965973904525692,-4.938771388493478,0.9321235101670027,-0.9629608262330294,0.5534672325925736,33
2023-04-27,-0.45687717106193304,-9.594420592300594,0.9198024924844503,-0.952555931173265,0.5463802611678146,21
2023-04-28,-0.3761770070608084,-9.028248169459403,0.9074547663331032,-0.9625792792066932,0.6149254528122137,24
2023-04-29,0.6435842600961527,1.9307527802884579,0.9273430220782757,0.11506032198667526,0.4581302105302774,3
2023-04-30,0.041968515142798424,0.1678740605711937,0.901354618370533,-0.8254213444888592,0.7054836409499666,4
2023-05-01,-0.1836923130987478,-5.143384766764939,0.9118949864059687,-0.9456641469150782,0.5562117217726139,28
2023-05-02,-0.33243283457480943,-8.643253698945045,0.7762546287849545,-0.9595769392326474,0.5368357894181828,26
2023-05-03,-0.0909416322370596,-6.002147727645934,0.9334558136761189,-0.9639804484322667,0.6190985274308703,66
2023-05-04,-0.23656498175114393,-8.043209379538894,0.8862711563706398,-0.949734172783792,0.6133653866776934,34
2023-05-05,-0.19470392047476612,-7.398748978041112,0.9168543927371502,-0.947853434830904,0.5570254788013993,38
2023-05-06,0.004544919356703758,0.004544919356703758,0.004544919356703758,0.004544919356703758,0.0,1
2023-05-07,0.8689693631604314,0.8689693631604314,0.8689693631604314,0.8689693631604314,0.0,1
2023-05-08,-0.26823121204131073,-8.315167573280632,0.8824826665222645,-0.9575190776959062,0.6054640656623874,31
2023-05-09,-0.018732410742703712,-0.6181695545092225,0.915350248105824,-0.9631478507071733,0.6398184148516508,33
2023-05-10,-0.17582797892845986,-7.208947136066854,0.9043367467820644,-0.96516880299896,0.6051144249290463,41
2023-05-11,-0.1491191313753641,-6.412122649140656,0.9139011148363352,-0.9499049531295896,0.6250791593790616,43
2023-05-12,-0.43802737189190727,-15.330958016216755,0.8268330451101065,-0.9650408402085304,0.5260121336434267,35
2023-05-14,0.914906345307827,0.914906345307827,0.914906345307827,0.914906345307827,0.0,1
2023-05-15,-0.07312713910279603,-4.24137406796217,0.9275124222040176,-0.9600805779919028,0.6081279872135865,58
2023-05-16,-0.08830926630101847,-7.859524700790644,0.9178254771977663,-0.9618631051853299,0.5722852939208808,89
2023-05-17,-0.005631484189315846,-0.21399639919400215,0.8905671425163746,-0.8385265991091728,0.5223127751634487,38
2023-05-18,-0.11728886497068278,-5.512576653622091,0.9175082789734006,-0.9684407124295831,0.603937537031661,47
2023-05-19,-0.169062119645431,-7.7768575036898255,0.9111632676795125,-0.9642148930579424,0.6249675180039205,46
2023-05-20,0.20449312776327133,0.40898625552654266,0.2878418117761612,0.12114444375038147,0.11787283933697841,2
2023-05-21,-0.07566947501618415,-0.6053558001294732,0.7919526686891913,-0.9391946904361248,0.7378673443105843,8
2023-05-22,-0.11518605451761599,-9.560442524962127,0.897623211145401,-0.9631377551704645,0.5077421409871755,83
2023-05-23,-0.14296080694412408,-9.864295679144561,0.9150448348373175,-0.9583327444270253,0.5865778577117702,69
2023-05-24,-0.10820582124685484,-6.816966738551855,0.9221690911799669,-0.9490846656262875,0.5748010311106388,63
2023-05-25,-0.13593240283429622,-10.194930212572217,0.9106893204152584,-0.961809977889061,0.6182028092417238,75
2023-05-26,-0.21522156519886965,-11.191521390341222,0.9283482786267996,-0.94840925373137,0.6297714217778326,52
2023-05-27,-0.9226187262684107,-0.9226187262684107,-0.9226187262684107,-0.9226187262684107,0.0,1
2023-05-28,0.19902607845142484,1.5922086276113987,0.8981289193034172,-0.17450904846191406,0.40131817100087663,8
2023-05-29,0.6453527028982838,3.872116217389703,0.8958930261433125,-0.030892767012119293,0.3749647705739645,6
2023-05-30,-0.259805128748457,-13.509866694919765,0.9167329650372267,-0.9608736168593168,0.5831507254912723,52
2023-05-31,-0.019678961573484935,-1.0429849633947015,0.9016925236210227,-0.9657842703163624,0.5244647697736801,53
2023-06-01,-0.1600643681566708,-6.562639094423503,0.9228442795574665,-0.9518102770671248,0.6318339396852074,41
2023-06-02,-0.2860631722235872,-8.867958338931203,0.862152692861855,-0.9644704852253199,0.6070049008139885,31
2023-06-03,0.701477063819766,0.701477063819766,0.701477063819766,0.701477063819766,0.0,1
2023-06-05,-0.14571285108104348,-3.4971084259450436,0.9276494048535824,-0.9658832456916571,0.7073890935394326,24
2023-06-06,-0.16102569634094835,-3.220513926818967,0.883729824796319,-0.9040946327149868,0.524057443196955,20
2023-06-07,0.10219163136207499,3.2701322035863996,0.9270078456029296,-0.9520727079361677,0.5813945059531146,32
2023-06-08,-0.12563601319649906,-4.145988435484469,0.8909526355564594,-0.9375060861930251,0.5738214366299867,33
2023-06-09,-0.2580104482106187,-5.676229860633612,0.8397930040955544,-0.9148502927273512,0.5165664910191813,22
2023-06-11,-0.8813657970167696,-1.7627315940335393,-0.8294415343552828,-0.9332900596782565,0.07343199647209762,2
2023-06-12,-0.01991212522261776,-0.6371880071237683,0.9162408206611872,-0.9503355966880918,0.5398366032580986,32
2023-06-13,-0.05531636658398544,-2.8211346957832575,0.9269319260492921,-0.941940750926733,0.5835558566861992,51
2023-06-14,-0.025797262524237047,-2.734509827569127,0.9094133283942938,-0.9585947636514902,0.6126624911843411,106
2023-06-15,-0.24769432348243536,-10.403161586262286,0.8739181086421013,-0.9407834261655807,0.5427960004966689,42
2023-06-16,-0.26111672150769405,-9.139085252769291,0.9056900888681412,-0.9375561308115721,0.540004626412404,35
2023-06-17,0.015002064406871796,0.015002064406871796,0.015002064406871796,0.015002064406871796,0.0,1
2023-06-19,0.04692965745925903,0.04692965745925903,0.04692965745925903,0.04692965745925903,0.0,1
2023-06-20,-0.021623989029859122,-0.5622237147763371,0.8825212214142084,-0.8997539393603802,0.4778875817881417,26
2023-06-21,-0.17813190653256766,-13.003629176877439,0.9267220292240381,-0.9503972446545959,0.5429580854019291,73
2023-06-22,0.005467678588189063,0.3335283938795328,0.8848351808264852,-0.9414910105988383,0.589642400921908,61
2023-06-23,-0.11111748756633864,-3.0001721642911434,0.9059429271146655,-0.9521124102175236,0.5742145692322161,27
2023-06-24,-0.49587785825133324,-0.49587785825133324,-0.49587785825133324,-0.49587785825133324,0.0,1
2023-06-26,-0.06387930542230606,-1.5969826355576515,0.8526249472051859,-0.9435766655951738,0.5468904674070647,25
2023-06-27,-0.18535324367985595,-5.93130379775539,0.9008591417223215,-0.9637123961001635,0.6125951478549493,32
2023-06-28,-0.061424318872088074,-3.0097916247323155,0.9221543371677399,-0.9576681274920702,0.5978135786157864,49
2023-06-29,-0.19864799098244734,-6.952679684385657,0.889884659089148,-0.9323430322110653,0.47713713359471877,35
2023-06-30,-0.2909065391609652,-10.472635409794748,0.919569831341505,-0.9001383762806654,0.5559151679873966,36
2023-07-01,-0.3829604312777519,-0.7659208625555038,-0.15540380775928497,-0.6105170547962189,0.32181366318764437,2
2023-07-03,-0.11677965001367471,-1.98525405023247,0.9264396391808987,-0.964016423560679,0.6784728912990595,17
2023-07-04,0.3974099727347493,0.7948199454694986,0.7402815744280815,0.05453837104141712,0.48489366926729627,2
2023-07-05,-0.12984233817809987,-4.674324174411595,0.9027374871075153,-0.9324604030698538,0.5577019372745304,36
2023-07-06,-0.17463086772477254,-6.985234708990902,0.9267882639542222,-0.9622740796767175,0.6775772478079771,40
2023-07-07,-0.041016168605822786,-1.0664203837513924,0.9158560298383236,-0.9299193732440472,0.6485042202395381,26
2023-07-08,0.8263728879392147,0.8263728879392147,0.8263728879392147,0.8263728879392147,0.0,1
2023-07-09,0.9177548978477716,0.9177548978477716,0.9177548978477716,0.9177548978477716,0.0,1
2023-07-10,-0.08223151647466787,-4.029344307258725,0.9170033056288958,-0.9531439915299416,0.6221249406105999,49
2023-07-11,-0.09018468810245395,-2.3448018906638026,0.9087018072605133,-0.9473433718085289,0.4915825507628133,26
2023-07-12,-0.04966770444770117,-1.8377050645649433,0.9298343807458878,-0.9488091478124261,0.6892443807842733,37
2023-07-13,-0.1528279865850453,-8.252711275592446,0.9286975860595703,-0.9377380646765232,0.6213602291599858,54
2023-07-14,0.14744916925893017,2.8015342159196734,0.9075182359665632,-0.8125766851007938,0.6115114978065144,19
2023-07-16,0.5084136929363012,1.0168273858726025,0.8796629253774881,0.13716446049511433,0.5250256995389281,2
2023-07-17,-0.237976250944264,-7.853216281160712,0.8912005741149187,-0.9685474392026663,0.6275781356977306,33
2023-07-18,0.034186668423635345,1.0597867211326957,0.9226494953036308,-0.8863117843866348,0.5897982654257784,31
2023-07-19,-0.03943835988640785,-0.9859589971601963,0.9193086456507444,-0.9129481669515371,0.6059610701482254,25
2023-07-20,-0.2854568878787437,-7.992792860604823,0.9186818171292543,-0.9668340301141143,0.5370366269200736,28
2023-07-21,-0.02162308435611151,-0.5838232776150107,0.870313448831439,-0.9660562220960855,0.5609976913870349,27
2023-07-23,0.4850765895098448,1.4552297685295343,0.9123668726533651,-0.1389625407755375,0.55259023292484,3
2023-07-24,-0.10004506283439696,-2.000901256687939,0.8574745133519173,-0.9221481792628765,0.5101266880183647,20
2023-07-25,-0.05366808562897719,-1.395370226353407,0.8897042647004128,-0.9522920101881027,0.6059920036314852,26
2023-07-26,0.025445555167442017,1.9593077478930354,0.9143450390547514,-0.9624214749783278,0.5532310928897434,77
2023-07-27,-0.051680340505156075,-1.963852939195931,0.9226315040141344,-0.9283388424664736,0.6178418200215808,38
2023-07-28,-0.45492637935759767,-12.737938622012734,0.9071391001343727,-0.9467771630734205,0.4768926023376975,28
2023-07-31,-0.33063549351774985,-8.927158324979246,0.9245336763560772,-0.9596375431865454,0.5082367293659145,27
2023-08-01,-0.23113871383247897,-7.396438842639327,0.9127044677734375,-0.9479279685765505,0.6350507267093517,32
2023-08-02,-0.21669574370607733,-6.50087231118232,0.9236940555274487,-0.9661522777751088,0.5916941529389315,30
2023-08-03,-0.2936603993670467,-9.984453578479588,0.8524321485310793,-0.9560542311519384,0.6046021339307662,34
2023-08-04,-0.1962729655527349,-5.691916001029313,0.9297732226550579,-0.9627049472182989,0.640002153940831,29
2023-08-07,-0.18980990857299831,-3.4165783543139696,0.7813478177413344,-0.9573204703629017,0.5839145850485613,18
2023-08-08,-0.18367318037780933,-5.877541772089899,0.9291909988969564,-0.965546727180481,0.6353875314892471,32
2023-08-09,-0.2189158545807004,-4.1594012370333076,0.6442110612988472,-0.9608174851164222,0.5385133927370647,19
2023-08-10,-0.2572253883263329,-8.231212426442653,0.852478887885809,-0.9683781773783267,0.5567469429897498,32
2023-08-11,-0.21692824331112207,-4.338564866222441,0.9045371301472187,-0.9662454705685377,0.6170323557487982,20
2023-08-13,-0.9660592693835497,-0.9660592693835497,-0.9660592693835497,-0.9660592693835497,0.0,1
2023-08-14,-0.194155593495816,-3.88311186991632,0.9029121845960617,-0.9586477978155017,0.6495389290430075,20
2023-08-15,-0.3662322300865694,-9.888270212337375,0.925014466047287,-0.9641029378399253,0.5990979711726537,27
2023-08-16,-0.2152290368226893,-7.102558215148747,0.9229289665818214,-0.9548462266102433,0.5837759795559684,33
2023-08-17,-0.1933976709842682,-3.4811580777168274,0.9086632914841175,-0.9432501923292875,0.6052777336729114,18
2023-08-18,-0.44539691432423534,-9.353335200808942,0.8599348329007626,-0.9653700459748507,0.5181805529274718,21
2023-08-19,0.04730665497481823,0.04730665497481823,0.04730665497481823,0.04730665497481823,0.0,1
2023-08-21,0.03632507207803428,0.7265014415606856,0.9120901674032211,-0.8034729175269604,0.4657714913360496,20
2023-08-22,-0.23586830260631228,-6.604312472976744,0.8937440998852253,-0.9498914508149028,0.6170311101325553,28
2023-08-23,-0.18531515533951196,-6.115400126203895,0.9213144667446613,-0.9645765610039234,0.5164703233826591,33
2023-08-24,-0.26474666369980887,-10.060373220592737,0.9281999729573727,-0.9535850714892149,0.6059385723190697,38
2023-08-25,-0.030731255791204816,-1.5672940453514457,0.8922680132091045,-0.9643065985292196,0.5679480247197405,51
2023-08-28,-0.13770269857788528,-3.7179728616029024,0.9002234302461147,-0.9116566395387053,0.5024560765165617,27
2023-08-29,-0.17203089424542017,-6.021081298589706,0.9275533650070429,-0.9597438797354698,0.563063100090065,35
2023-08-30,-0.1406422288024,-5.906973609700799,0.9312302079051733,-0.9510739902034402,0.5750949707675949,42
2023-08-31,-0.08619709237892595,-4.654642988462001,0.9382536606863141,-0.9691379009746015,0.6353678974123019,54
2023-09-01,-0.3197745294107691,-7.3548141764476895,0.8858568668365479,-0.9155564233660698,0.6126808585025628,23
2023-09-03,-0.930718557909131,-0.930718557909131,-0.930718557909131,-0.930718557909131,0.0,1
2023-09-05,-0.23026114471418702,-5.2960063284263015,0.7193854600191116,-0.9612639443948865,0.4830117861175784,23
2023-09-06,-0.25730778213993116,-9.520387939177454,0.9147705212235451,-0.9634195910766721,0.570195391631227,37
2023-09-07,-0.22381516745121316,-6.490639856085181,0.9047826565802097,-0.9654979696497321,0.60450128149569,29
2023-09-08,-0.07509482931345701,-1.4268017569556832,0.8453637165948749,-0.9433912895619869,0.5400041549828427,19
2023-09-10,-0.40744315553456545,-0.8148863110691309,0.13154657930135727,-0.9464328903704882,0.7622465929848402,2
2023-09-11,0.12094622273885068,2.5398706775158644,0.9286733046174049,-0.8957215622067451,0.6684861132637971,21
2023-09-12,-0.10137738214273538,-2.8385666999965906,0.9278809800744057,-0.9652657872065902,0.5351525263564437,28
2023-09-13,-0.1219849495445283,-5.977262527681887,0.9329617749899626,-0.9648878294974566,0.5693021615689696,49
2023-09-14,-0.30272250879733337,-6.357172684744,0.9249927047640085,-0.9247761182487011,0.6006108121796223,21
2023-09-15,-0.05420261729575161,-1.5176732842810452,0.929227814078331,-0.9637290663085878,0.6080147112776106,28
2023-09-16,-0.20436552911996841,-0.20436552911996841,-0.20436552911996841,-0.20436552911996841,0.0,1
2023-09-17,0.06189930438995361,0.06189930438995361,0.06189930438995361,0.06189930438995361,0.0,1
2023-09-18,-0.21275032355421872,-7.020760677289218,0.89551015291363,-0.968814009334892,0.5296272413664213,33
2023-09-19,-0.11577537187897577,-4.746790247038007,0.8416819963604212,-0.9559093229472637,0.5930376832569306,41
2023-09-20,0.05580447374970889,5.692056322470307,0.9238967578858137,-0.9618794014677405,0.5389795045682884,102
2023-09-21,-0.34458373292264616,-7.580842124298215,0.5424614334478974,-0.9599360339343548,0.5538790348330341,22
2023-09-22,-0.18954086812057844,-6.823471252340823,0.8736346941441298,-0.9680426497943699,0.5701700454169346,36
2023-09-25,-0.1054654435813427,-2.6366360895335674,0.916375539265573,-0.9628027910366654,0.6454120807354801,25
2023-09-26,-0.11944339476616644,-4.897179185412824,0.9318572841584682,-0.9633400849997997,0.6094987100005345,41
2023-09-27,-0.0944863242230245,-3.3070213478058577,0.90091014187783,-0.9672406241297722,0.6686090100894384,35
2023-09-28,-0.14397389616351575,-6.910747015848756,0.9194647409021854,-0.9566783308982849,0.6312581920731813,48
2023-09-29,-0.20659956604588864,-8.883781339973211,0.9086494520306587,-0.9652856513857841,0.6439541386326709,43
2023-09-30,0.1502065174281597,0.3004130348563194,0.18429328501224518,0.11611974984407425,0.04820596901487324,2
2023-10-01,0.8216455653309822,0.8216455653309822,0.8216455653309822,0.8216455653309822,0.0,1
2023-10-02,-0.13876533062132293,-5.966909216716886,0.8956153485924006,-0.9554902659729123,0.608861233998325,43
2023-10-03,-0.2118069107333819,-8.89589025080204,0.8850083164870739,-0.9565940937027335,0.6332149621894783,42
2023-10-04,-0.24078683738480322,-7.705178796313703,0.8600057773292065,-0.9545852057635784,0.5898709498414274,32
2023-10-05,-0.1265769237208934,-5.316230796277523,0.9264810793101788,-0.9533897740766406,0.585927349772472,42
2023-10-06,-0.33953908070301014,-10.186172421090305,0.8754414357244968,-0.9645931860432029,0.48687462940649456,30
2023-10-07,-0.8205617824569345,-1.641123564913869,-0.8112196978181601,-0.8299038670957088,0.013211702796992107,2
2023-10-08,0.21231013908982277,0.42462027817964554,0.38962292671203613,0.034997351467609406,0.2507581490375144,2
2023-10-09,-0.009774785893766777,-0.6744602266699076,0.9289924129843712,-0.9579091044142842,0.5727935456067331,69
2023-10-10,-0.05392853531520814,-3.4514262601733208,0.9230827558785677,-0.962955235503614,0.6026018729436864,64
2023-10-11,-0.004812477309614011,-0.35131084360182285,0.9294929727911949,-0.9504001270979643,0.6065005176206182,73
2023-10-12,-0.26240866912735833,-11.808390110731125,0.9231771063059568,-0.9381135776638985,0.5020541414016587,45
2023-10-13,-0.15605278795256333,-7.95869218558073,0.9189002085477114,-0.9402079191058874,0.6126365639207498,51
2023-10-15,-0.060147568583488464,-0.12029513716697693,0.5946033746004105,-0.7148985117673874,0.9259576638272456,2
2023-10-16,-0.08572420712199903,-2.65745042078197,0.9116587843745947,-0.9685514494776726,0.6341115033786734,31
2023-10-17,-0.1773959860438481,-7.095839441753924,0.8375014439225197,-0.9422093639150262,0.5511221434658671,40
2023-10-18,-0.048606684202185044,-3.159434473142028,0.9192699752748013,-0.96766935614869,0.5811003526918304,65
2023-10-19,-0.030033618121618224,-1.86208432354033,0.9262479711323977,-0.949129480868578,0.5500989542434496,62
2023-10-20,-0.041806917738817305,-1.9231182159855962,0.8927856087684631,-0.9621346183121204,0.5852552058381336,46
2023-10-21,0.10539714246988297,0.10539714246988297,0.10539714246988297,0.10539714246988297,0.0,1
2023-10-23,-0.05310436698567608,-1.2214004406705499,0.872805105522275,-0.9670600676909089,0.6184543033017204,23
2023-10-24,-0.19280912471600833,-7.5195558639243245,0.9210674650967121,-0.9341787938028574,0.6791269294574794,39
2023-10-25,0.050522253608271,1.566189861856401,0.9242784809321165,-0.9634463582187891,0.5181610257025485,31
2023-10-26,-0.22837608388146838,-8.44991510361433,0.9127015341073275,-0.9675258556380868,0.6094124616146488,37
2023-10-27,-0.22499499315969074,-5.849869822151959,0.8167841583490372,-0.9432520270347595,0.5981341356151807,26
2023-10-29,-0.6589010804891586,-0.6589010804891586,-0.6589010804891586,-0.6589010804891586,0.0,1
2023-10-30,0.024393511315186817,0.5122637376189232,0.9111987203359604,-0.8966918643563986,0.6270347932318769,21
2023-10-31,0.013072107661643932,0.37909112218767405,0.9279210027307272,-0.9411318032070994,0.6391307086978237,29
2023-11-01,-0.012810158426873386,-1.0248126741498709,0.9252923894673586,-0.9606537744402885,0.6259081231582728,80
2023-11-02,-0.01622322704643011,-0.48669681139290333,0.9201739281415939,-0.944393690675497,0.6211065304325276,30
2023-11-03,-0.08727037794021673,-3.7526262514293194,0.8998024500906467,-0.9638288132846355,0.68629687965101,43
2023-11-06,-0.016995033841918816,-0.37389074452221394,0.9235767740756273,-0.9586665313690901,0.6372667430714725,22
2023-11-07,0.07205721901729703,3.6028609508648515,0.9322587288916111,-0.9650441342964768,0.5130602466706254,50
2023-11-08,-0.14560385514050722,-2.9120771028101444,0.9226721134036779,-0.9660551818087697,0.6853293587707577,20
2023-11-09,-0.20657967935715402,-11.568462044000626,0.9047539681196213,-0.952163184992969,0.5538794545414748,56
2023-11-10,-0.06153516952068575,-1.9075902551412582,0.9264366272836924,-0.9613368408754468,0.7532569701147052,31
2023-11-12,-0.4978858754038811,-0.4978858754038811,-0.4978858754038811,-0.4978858754038811,0.0,1
2023-11-13,-0.03737050059928813,-0.8221510131843388,0.8399264300242066,-0.9529504398815334,0.6564012904170768,22
2023-11-14,-0.2832042363143581,-9.628944034688175,0.9267286509275436,-0.9385515358299017,0.6071565898773619,34
2023-11-15,0.09234389251676099,2.6779728829860687,0.9181180177256465,-0.9459375031292439,0.6579010423112519,29
2023-11-16,-0.014554224498569966,-0.36385561246424913,0.888218117877841,-0.9581478983163834,0.613277205294747,25
2023-11-17,-0.01971466940206786,-0.47315206564962864,0.9105117470026016,-0.6297886818647385,0.45670320349134247,24
2023-11-19,-0.39563319412991405,-0.7912663882598281,0.043493724428117275,-0.8347601126879454,0.6210192438278734,2
2023-11-20,0.16600848348052413,4.482229053974152,0.9188636019825935,-0.9384958166629076,0.5785508209067622,27
2023-11-21,-0.19057356396859343,-6.288927610963583,0.9080108776688576,-0.961846916936338,0.5765693531614657,33
2023-11-22,-0.2903062039986253,-5.806124079972506,0.6885271444916725,-0.9533410165458918,0.5427908004400134,20
2023-11-23,0.8827346041798592,0.8827346041798592,0.8827346041798592,0.8827346041798592,0.0,1
2023-11-24,-0.686945176284228,-4.808616233989596,-0.29711019061505795,-0.9423562362790108,0.25669275636772143,7
2023-11-25,0.888537310063839,0.888537310063839,0.888537310063839,0.888537310063839,0.0,1
2023-11-27,-0.08058894296280211,-1.4506009733304381,0.9332729270681739,-0.9630733914673328,0.614377728524919,18
2023-11-28,0.005304083718281043,0.20155518129467964,0.9268283229321241,-0.965690647251904,0.66051032675142,38
2023-11-29,0.010404036902799839,0.4265655130147934,0.9200878329575062,-0.9607369862496853,0.6498414378968078,41
2023-11-30,-0.04931596740437993,-1.4301630547270179,0.9090090952813625,-0.9618978714570403,0.6845891347727681,29
2023-12-01,-0.2537998428970978,-9.390594187192619,0.7232228592038155,-0.9556707227602601,0.5519562528757935,37
2023-12-02,0.283549090847373,0.567098181694746,0.8705051951110363,-0.3034070134162903,0.8300812831673491,2
2023-12-03,-0.5775838584328691,-1.7327515752986073,0.11885234713554382,-0.9358750218525529,0.6032155567211961,3
2023-12-04,0.05589840391820127,0.614882443100214,0.9268394783139229,-0.9556733760982752,0.7063779237600631,11
2023-12-05,-0.18885882259704745,-4.910329387523234,0.9150963444262743,-0.9607201460748911,0.6440115340344341,26
2023-12-06,-0.01459044764439265,-0.4377134293317795,0.9011399373412132,-0.9451900199055672,0.5823800752130699,30
2023-12-07,-0.10388626985251903,-2.597156746312976,0.9127103071659803,-0.9597325278446078,0.755917353326395,25
2023-12-08,-0.19652687583584338,-3.144430013373494,0.88370156660676,-0.9340327326208353,0.7014399186997486,16
2023-12-09,0.47991523146629333,0.47991523146629333,0.47991523146629333,0.47991523146629333,0.0,1
2023-12-11,-0.15582261687144638,-3.8955654217861593,0.9181169476360083,-0.9642838072031736,0.6843327527012409,25
2023-12-12,-0.22089834778659767,-6.847848781384528,0.9298463668674231,-0.9609657600522041,0.6621465371049077,31
2023-12-13,-0.08267225991361417,-6.448436273261905,0.9205196872353554,-0.9648949597030878,0.5995392949401732,78
2023-12-14,-0.16406701025553047,-3.2813402051106095,0.9024215415120125,-0.9301038887351751,0.5995568532472116,20
2023-12-15,0.02858528537409646,1.0004849880933762,0.9165026508271694,-0.8985983189195395,0.6193496636496019,35
2023-12-16,-0.8524416393289963,-2.557324917986989,-0.7545327562838793,-0.93223094381392,0.09022416975658266,3
2023-12-17,-0.4162683701142669,-1.6650734804570675,0.04547424614429474,-0.7746933400630951,0.3591832757975605,4
2023-12-18,0.1134884255307336,3.5181411914527416,0.9254186768084764,-0.8952669836580753,0.5237263664310571,31
2023-12-19,0.11008797710897719,4.513607061468065,0.9222569596022367,-0.9674623506143689,0.683878126895978,41
2023-12-20,-0.052259163738324725,-1.515515748411417,0.9307566080242395,-0.9471945632249117,0.6152906381907997,29
2023-12-21,-0.22518656118772923,-4.503731223754585,0.8184582497924566,-0.9628174640238285,0.6267102192549151,20
2023-12-22,-0.3151367445662618,-7.878418614156544,0.9171728864312172,-0.9493502685800195,0.5752166149895664,25
2023-12-25,0.00771576352417469,0.00771576352417469,0.00771576352417469,0.00771576352417469,0.0,1
2023-12-26,-0.09083440384039512,-1.1808472499251366,0.9150012563914061,-0.8635282516479492,0.6647448482597975,13
2023-12-27,0.0950160401075014,1.3302245615050197,0.9085492491722107,-0.9372894633561373,0.6971908307126006,14
2023-12-28,0.1438937851538261,3.885132199153304,0.9319359511137009,-0.9319486506283283,0.6659365943614607,27
2023-12-29,-0.11041673351652347,-1.4354175357148051,0.7886199355125427,-0.9327532202005386,0.6132174984920902,13
2023-12-30,-0.9128633085638285,-0.9128633085638285,-0.9128633085638285,-0.9128633085638285,0.0,1
2023-12-31,-0.09328064601868391,-0.18656129203736782,0.731436850503087,-0.9179981425404549,1.1663266687074743,2
2024-01-01,0.058872122783213854,0.17661636834964156,0.92507060803473,-0.9616941385902464,0.9528076196196843,3
2024-01-02,-0.3521373182096902,-5.9863344095647335,0.4577329754829407,-0.9674437083303928,0.49738497417228356,17
2024-01-03,-0.2483449049392029,-9.43710638768971,0.889316264539957,-0.9187120478600264,0.5528520639257988,38
2024-01-04,-0.2359716952061997,-6.135264075361192,0.882824219763279,-0.9634654661640525,0.5192855865096349,26
2024-01-05,-0.3496612920586405,-10.140177469700575,0.895975798368454,-0.9478191062808037,0.5737457407490425,29
2024-01-06,-0.6615383736789227,-0.6615383736789227,-0.6615383736789227,-0.6615383736789227,0.0,1
2024-01-07,-0.8972000544890761,-0.8972000544890761,-0.8972000544890761,-0.8972000544890761,0.0,1
2024-01-08,-0.03002376774592059,-1.2609982453286648,0.9264340121299028,-0.9515485018491745,0.6492874815086281,42
2024-01-09,0.016740544863483486,0.28458926267921925,0.910488422960043,-0.9212746564298868,0.49335344385162916,17
2024-01-10,0.07078913306226818,2.902354455552995,0.9286771155893803,-0.9611024158075452,0.6337452111380071,41
2024-01-11,-0.10874267578731443,-4.67593505885452,0.930476414039731,-0.9294972270727158,0.6685985615928907,43
2024-01-12,-0.2926221513330485,-9.6565309939906,0.9319520611315966,-0.9452887792140245,0.5636015690092033,33
2024-01-14,-0.9329764293506742,-0.9329764293506742,-0.9329764293506742,-0.9329764293506742,0.0,1
2024-01-16,-0.15411230429010683,-6.626829084474593,0.921036982908845,-0.9684660513885319,0.665773275227035,43
2024-01-17,-0.2858521386182734,-12.005789821967483,0.9307521898299456,-0.9564618039876223,0.6743979380838245,42
2024-01-18,-0.06260135004089938,-1.6902364511042833,0.8975254520773888,-0.9519217396155,0.6344234502095256,27
2024-01-19,0.22120817396073386,5.751412522979081,0.9039338855072856,-0.9109617061913013,0.5730397457833164,26
2024-01-20,0.1050508413463831,0.1050508413463831,0.1050508413463831,0.1050508413463831,0.0,1
2024-01-21,-0.931410564109683,-0.931410564109683,-0.931410564109683,-0.931410564109683,0.0,1
2024-01-22,-0.3175294252578169,-6.350588505156338,0.9131857324391603,-0.9645536569878459,0.625805775852393,20
2024-01-23,-0.09070347342640162,-1.8140694685280323,0.9082860331982374,-0.943013796582818,0.696430090295875,20
2024-01-24,-0.04019863474079304,-1.0853631380014122,0.9165480118244886,-0.9105883426964283,0.543908832052336,27
2024-01-25,0.011059570525373732,0.3870849683880806,0.9312688708305359,-0.9454333204776049,0.6269656048334709,35
2024-01-26,-0.38475847912385414,-8.849445019848645,0.9206169825047255,-0.9196736849844456,0.5366830242405466,23
2024-01-27,0.0344068817794323,0.0344068817794323,0.0344068817794323,0.0344068817794323,0.0,1
2024-01-28,-0.6296810529505213,-1.889043158851564,-0.17149421945214272,-0.9050122750923038,0.39948631446017835,3
2024-01-29,-0.22083883546292782,-3.9750990383327007,0.919116385281086,-0.9314187485724688,0.7057423281878952,18
2024-01-30,-0.015792141778065878,-0.2684664102271199,0.8987265415489674,-0.9124838728457689,0.6723622513796093,17
2024-01-31,0.032334955888526404,2.1987770004197955,0.9317370895296335,-0.9618499353528023,0.6261922117616443,68
2024-02-01,-0.295917700342834,-7.39794250857085,0.9040961265563965,-0.9608938582241535,0.6025729217223895,25
2024-02-02,-0.03925774976807205,-0.745897245593369,0.917955594137311,-0.9390450166538358,0.6322142532691575,19
2024-02-04,-0.4762576334178448,-0.4762576334178448,-0.4762576334178448,-0.4762576334178448,0.0,1
2024-02-05,-0.2149823375598148,-5.804523114115,0.9000253509730101,-0.9399987123906612,0.6299813716780249,27
2024-02-06,0.016141038501589763,0.6617825785651803,0.9314538100734353,-0.9479146730154753,0.6208954825792666,41
2024-02-07,0.10040308733252769,4.718945104628801,0.9297402910888195,-0.9590514730662107,0.6776113040668058,47
2024-02-08,-0.026769600212574005,-0.6692400053143501,0.9007610902190208,-0.9411829859018326,0.6787428253912461,25
2024-02-09,0.24413430442412695,4.394417479634285,0.914960004389286,-0.9310623612254858,0.6713148749051616,18
2024-02-11,-0.07862016558647156,-0.07862016558647156,-0.07862016558647156,-0.07862016558647156,0.0,1
2024-02-12,-0.20328833609819413,-3.049325041472912,0.8912946805357933,-0.9350076168775558,0.6796926492301664,15
2024-02-13,-0.4669324266206887,-8.404783679172397,0.9229231346398592,-0.9637322220951319,0.646021038388745,18
2024-02-14,-0.1752174598132742,-5.081306334584951,0.7663994915783405,-0.9500154424458742,0.5658464613907674,29
2024-02-15,-0.22397772421439488,-6.719331726431847,0.9195554107427597,-0.9625463588163257,0.6490337726961284,30
2024-02-16,-0.12350150942802429,-5.928072452545166,0.8992093913257122,-0.965276219882071,0.6453240477372079,48
2024-02-20,-0.3840609053996476,-4.224669959396124,0.4088603537529707,-0.9556818623095751,0.5354171111895628,11
2024-02-21,-0.06654277350753546,-1.1977699231356382,0.9266690071672201,-0.9497237782925367,0.6288662426118188,18
2024-02-22,-0.1244249966749478,-5.225849860347807,0.923625698313117,-0.95639577973634,0.5826660839962154,42
2024-02-23,-0.09111093570079122,-1.2755530998110771,0.7145087942481041,-0.9232677463442087,0.518057927824855,14
2024-02-25,0.061587994918227196,0.061587994918227196,0.061587994918227196,0.061587994918227196,0.0,1
2024-02-26,-0.23831911073424494,-6.196296879090369,0.9187435172498226,-0.9583574393764138,0.5543154114141114,26
2024-02-27,-0.30539763891310606,-8.245736250653863,0.9203897379338741,-0.9656323390081525,0.590890229641868,27
2024-02-28,-0.18706501689889737,-5.799015523865819,0.8946661688387394,-0.9521999759599566,0.5575512329052575,31
2024-02-29,-0.17398064100416377,-5.567380512133241,0.9041077867150307,-0.9234714638441801,0.5278836933705485,32
2024-03-01,0.08207556884735823,1.6415113769471645,0.9136733543127775,-0.8901246264576912,0.6243838933657487,20
2024-03-03,0.691773034632206,0.691773034632206,0.691773034632206,0.691773034632206,0.0,1
2024-03-04,-0.035574651915918694,-0.39132117107510567,0.9116316549479961,-0.9253003485500813,0.5043840256499238,11
2024-03-05,-0.2641186820165742,-5.546492322348058,0.7642529159784317,-0.955331546254456,0.5705339003295706,21
2024-03-06,0.02622303880913102,1.8093896778300405,0.9326401706784964,-0.9491158556193113,0.5804261526026779,69
2024-03-07,-0.027657078315868326,-1.272225602529943,0.9228295618668199,-0.9487531185150146,0.596616669919933,46
2024-03-08,-0.11401019986210899,-2.5082243969663978,0.9343338869512081,-0.9586122147738934,0.6858184690669342,22
2024-03-11,0.04080650951205329,0.8977432092651725,0.9339610002934933,-0.9306975547224283,0.777508636782639,22
2024-03-12,0.010423271951300127,0.2814283426851034,0.9298066534101963,-0.9125864822417498,0.6288725480383637,27
2024-03-13,-0.08970460560368865,-1.7043875064700842,0.8549199309200048,-0.9162284843623638,0.6760939398701633,19
2024-03-14,-0.29981138745123254,-8.394718848634511,0.9332186877727509,-0.9665624112822115,0.5686476339684259,28
2024-03-15,-0.1964360037818551,-4.125156079418957,0.8605738179758191,-0.8662385232746601,0.567967095971352,21
2024-03-16,0.1316007673740387,0.1316007673740387,0.1316007673740387,0.1316007673740387,0.0,1
2024-03-18,0.2000762088732286,2.2008382976055145,0.915301974862814,-0.32282616570591927,0.4304838166766234,11
2024-03-19,-0.11612929511619241,-2.206456607207656,0.9135045409202576,-0.952631151303649,0.6446154710363425,19
2024-03-20,0.0648574278831987,3.8265882451087236,0.9162972923368216,-0.9624134562909603,0.5776082174190835,59
2024-03-21,-0.14207124354800693,-3.835923575796187,0.9113810397684574,-0.9672975102439523,0.662789674907669,27
2024-03-22,-0.27621120649079484,-4.143168097361922,0.9205967551097274,-0.9346434231847525,0.6216529728180828,15
2024-03-25,-0.33949475921690464,-7.1293899435549974,0.6766666173934937,-0.9612120697274804,0.46684966044836645,21
2024-03-26,-0.14207555496551352,-4.1201910939998925,0.920486694201827,-0.9520804286003113,0.671772795444402,29
2024-03-27,-0.1355889601012071,-2.4406012818217278,0.925234355032444,-0.9493842637166381,0.5965848532914921,18
2024-03-28,-0.22887837272827272,-6.1797160636633635,0.8835704885423183,-0.9493210762739182,0.565399624956448,27
2024-03-29,-0.80732062458992,-0.80732062458992,-0.80732062458992,-0.80732062458992,0.0,1
2024-04-01,-0.41012471355497837,-6.972120130434632,0.9068823233246803,-0.9593424759805202,0.6427571244079207,17
2024-04-02,0.05828724160972165,2.3897769059985876,0.9274073820561171,-0.9556793263182044,0.6331177674567354,41
2024-04-03,-0.12485258576149742,-4.494693087413907,0.9128976240754128,-0.9589440217241645,0.6611791253515659,36
2024-04-04,-0.2884517378436449,-11.249617775902152,0.9120978452265263,-0.9512734077870846,0.657768168227079,39
2024-04-05,-0.2590167371153429,-9.583619273267686,0.918679435737431,-0.9497985038906336,0.6310363915509071,37
2024-04-07,0.12810884416103363,0.12810884416103363,0.12810884416103363,0.12810884416103363,0.0,1
2024-04-08,0.03791310154617979,0.9857406402006745,0.8716332390904427,-0.9623290449380875,0.6677680036598976,26
2024-04-09,-0.4365318013355136,-6.547977020032704,0.7543624117970467,-0.9520138707011938,0.6516426857821589,15
2024-04-10,-0.19178468559701473,-7.479602738283575,0.9013621434569359,-0.9587132018059492,0.657639204056613,39
2024-04-11,-0.17096915032954946,-5.3000436602160335,0.9110200814902782,-0.9619139460846782,0.6276618148566018,31
2024-04-12,-0.22019631083292718,-9.688637676648796,0.9118301961570978,-0.9559444729238749,0.5543906205733736,44
2024-04-13,-0.17600688245147467,-0.7040275298058987,0.261046439409256,-0.576959602534771,0.3682158376796048,4
2024-04-14,-0.4997105193324387,-0.9994210386648774,-0.08095908910036087,-0.9184619495645165,0.5922039518973353,2
2024-04-15,-0.19444082702017007,-6.610988118685782,0.9303755071014166,-0.9608239205554128,0.6627052952606644,34
2024-04-16,-0.10683713996639618,-5.555531278252602,0.9333219490945339,-0.9578047236427665,0.6033200950282105,52
2024-04-17,0.05943353567272425,2.3179078912362456,0.8964448347687721,-0.9526808047667146,0.5908720494149892,39
2024-04-18,-0.11284636235676515,-4.401008131913841,0.8983055278658867,-0.9352304041385651,0.6139963420827582,39
2024-04-19,-0.20060199456555503,-7.021069809794426,0.9101133234798908,-0.9584195632487535,0.5634079571697599,35
2024-04-20,-0.013301870785653591,-0.026603741571307182,0.8978446274995804,-0.9244483690708876,1.2885557351837318,2
2024-04-21,0.9369703978300095,0.9369703978300095,0.9369703978300095,0.9369703978300095,0.0,1
2024-04-22,-0.09786164915810029,-1.1743397898972034,0.7142766565084457,-0.952919740229845,0.5661580319062014,12
2024-04-23,-0.3074695499532897,-7.071799648925662,0.8216225598007441,-0.9651271989569068,0.5801923803662707,23
2024-04-24,0.23993830906692892,5.758519417606294,0.93347835727036,-0.8853329438716173,0.6191773778029485,24
2024-04-25,-0.2413226087577641,-9.652904350310564,0.9268518146127462,-0.9619896784424782,0.5899632163057895,40
2024-04-26,-0.2721794116355124,-5.71576764434576,0.8806061446666718,-0.8677784129977226,0.5506053628589193,21
2024-04-28,0.5145644745789468,1.0291289491578937,0.9030977208167315,0.1260312283411622,0.5494689862623203,2
2024-04-29,0.027683472593447993,0.3875686163082719,0.9074235465377569,-0.947037941776216,0.6038597837430565,14
2024-04-30,-0.37364190838045697,-8.220121984370053,0.8841407336294651,-0.9569823956117034,0.5639947538416376,22
2024-05-01,-0.17327827090630307,-13.862261672504246,0.9237388540059328,-0.9649274488911033,0.5794116885581998,80
2024-05-02,-0.2813838238573887,-6.190444124862552,0.9051755629479885,-0.9345048312097788,0.6821847107546436,22
2024-05-03,-0.262781594279072,-8.146229422651231,0.9109955187886953,-0.9577230401337147,0.591085220113521,31
2024-05-06,0.05673681476965864,2.666630294173956,0.9343635011464357,-0.9551773015409708,0.621363186927931,47
2024-05-07,-0.19485639833978244,-5.455979153513908,0.9171218909323215,-0.9449173947796226,0.6183229454111221,28
2024-05-08,-0.12083020949592957,-3.141585446894169,0.9266075231134892,-0.9553439226001501,0.657364611566271,26
2024-05-09,-0.23524342433342504,-8.468763276003301,0.9329200871288776,-0.9595630336552858,0.5733330944529729,36
2024-05-10,0.07902847339418974,3.714338249526918,0.9204455530270934,-0.9562424886971712,0.5810515481730039,47
2024-05-13,0.276298804829518,4.973378486931324,0.9287295779213309,-0.9577807756140828,0.7001076053438147,18
2024-05-14,-0.048592094819815385,-2.040867982432246,0.9287284072488546,-0.9504828210920095,0.6650502995268367,42
2024-05-15,-0.029327485103939854,-1.2610818594694138,0.9230727273970842,-0.9511796403676271,0.5910187060880202,43
2024-05-16,-0.01914610730436368,-0.7466981848701835,0.915128268301487,-0.9628953230567276,0.6024355927942653,39
2024-05-17,0.12151911054902217,2.065824879333377,0.8583061061799526,-0.7942913994193077,0.5053049737477951,17
2024-05-19,0.9067739751189947,0.9067739751189947,0.9067739751189947,0.9067739751189947,0.0,1
2024-05-20,-0.064879753224721,-2.8547091418877244,0.9259935263544321,-0.9453816944733262,0.7022550415102036,44
2024-05-21,-0.0785216226411814,-1.7274756981059909,0.8945770636200905,-0.9543856494128704,0.5709926951250737,22
2024-05-22,-0.29253420995940504,-11.116299978457391,0.9028286002576351,-0.9639999270439148,0.58967952384324,38
2024-05-23,-0.17935655718712612,-7.712331959046423,0.9074325934052467,-0.9681785451248288,0.6877787420549188,43
2024-05-24,-0.30826857118782675,-6.781908566132188,0.9234281573444605,-0.9574449304491282,0.6814863803989502,22
2024-05-26,-0.9354622978717089,-0.9354622978717089,-0.9354622978717089,-0.9354622978717089,0.0,1
2024-05-27,-0.41751503571867943,-0.41751503571867943,-0.41751503571867943,-0.41751503571867943,0.0,1
2024-05-28,0.057842226065695286,1.4460556516423821,0.9344116915017366,-0.9560825768858194,0.6790611218480618,25
2024-05-29,0.0724489331326407,1.666325462050736,0.9269884265959263,-0.9396195840090513,0.6314960026063587,23
2024-05-30,-0.06494683300128631,-3.70196948107332,0.9294133111834526,-0.9627558598294854,0.6372341637209717,57
2024-05-31,-0.23296980636992626,-8.153943222947419,0.8944941461086273,-0.9447542149573565,0.5170068320891498,35
2024-06-02,0.7581390179693699,0.7581390179693699,0.7581390179693699,0.7581390179693699,0.0,1
2024-06-03,-0.33046697482599746,-9.253075295127928,0.9109800234436989,-0.9584281705319881,0.6945064426120703,28
2024-06-04,-0.23775596122140996,-7.608190759085119,0.9318084865808487,-0.960236445069313,0.5527847845529197,32
2024-06-05,-0.13041185768430724,-4.434003161266446,0.9221812970936298,-0.9655819442123175,0.7233752352647482,34
2024-06-06,-0.19705027979798614,-3.941005595959723,0.8841052912175655,-0.9685626728460193,0.6888567007741837,20
2024-06-07,-0.43188431903857877,-11.660876614041626,0.6132389437407255,-0.9644106589257717,0.4978651702013512,27
2024-06-10,-0.16623598041478543,-3.324719608295709,0.8986255712807178,-0.9135623835027218,0.6394536049433902,20
2024-06-11,-0.20262099327519537,-4.052419865503907,0.9284087270498276,-0.9642464546486735,0.7196720253035723,20
2024-06-12,0.09619731448490072,7.118601271882653,0.9309009723365307,-0.9502496616914868,0.5822160209575549,74
2024-06-13,-0.17512667850436023,-4.203040284104645,0.9268582090735435,-0.9622796261683106,0.6519485151156744,24
2024-06-14,-0.24080614450254612,-8.428215057589114,0.9060821570456028,-0.964960421435535,0.591836125910302,35
2024-06-16,0.3969554044306278,1.5878216177225113,0.7758230566978455,-0.03136010468006134,0.38156891579623076,4
2024-06-17,0.01465264738847812,0.3077055951580405,0.93372524343431,-0.9446331420913339,0.5924257460146504,21
2024-06-18,0.06767772194753224,5.008151424117386,0.9363286951556802,-0.9515091078355908,0.6441208564292231,74
2024-06-19,0.9137946534901857,0.9137946534901857,0.9137946534901857,0.9137946534901857,0.0,1
2024-06-20,0.017728610396651284,0.496401091106236,0.9333169963210821,-0.9630138436332345,0.6467060527660364,28
2024-06-21,-0.46691482785778743,-11.205955868586898,0.6912873536348343,-0.9582309629768133,0.4987119267100905,24
2024-06-24,-0.036369523368775844,-0.9092380842193961,0.9102017972618341,-0.9555117171257734,0.6622397358319496,25
2024-06-25,-0.3207500960114737,-13.792254128493369,0.9150085374712944,-0.9537726771086454,0.5426740416678755,43
2024-06-26,-0.2179659952223301,-5.449149880558252,0.9191718585789204,-0.961669746786356,0.6734705435188754,25
2024-06-27,-0.41674407944083214,-13.75255462154746,0.8131236955523491,-0.9586009383201599,0.5609420966210286,33
2024-06-28,-0.2898901600171538,-9.856265440583229,0.930008178576827,-0.9667114587500691,0.6459352781897607,34
2024-06-30,-0.8140093423426151,-1.6280186846852303,-0.7398830726742744,-0.8881356120109558,0.10483037589309278,2
2024-07-01,-0.26285003212147523,-7.359800899401307,0.9178358856588602,-0.9624029519036412,0.6380817478810858,28
2024-07-02,-0.04070658368490091,-1.6689699310809374,0.908386280760169,-0.9539449829608202,0.6472228696657072,41
2024-07-03,-0.22642773063853383,-8.151398302987218,0.9178352449089289,-0.9592000255361199,0.5919195356402049,36
2024-07-04,-0.0610706452280283,-0.1832119356840849,0.7837615311145782,-0.9449494872242212,0.8650167211132335,3
2024-07-05,-0.20932672098278998,-5.23316802456975,0.9331373162567616,-0.9519874509423971,0.6405843993908543,25
2024-07-07,0.20975634455680847,0.20975634455680847,0.20975634455680847,0.20975634455680847,0.0,1
2024-07-08,-0.3321415298110382,-7.307113655842841,0.9227561615407467,-0.9569462751969695,0.5596581011590923,22
2024-07-09,0.035029568662077695,2.066744551062584,0.9283503424376249,-0.967622097581625,0.5821468531203458,59
2024-07-10,0.2036052493314291,11.809104461222887,0.9333974681794643,-0.9324507778510451,0.5096779285390347,58
2024-07-11,-0.11682101201854254,-4.4391984567046165,0.9184625800698996,-0.9632702860981226,0.5826797480185789,38
2024-07-12,-0.2661377784350644,-6.121168904006481,0.8348052501678467,-0.9675614703446627,0.6141172790546593,23
2024-07-13,0.26918840159972507,0.8075652047991753,0.7822465524077415,-0.6632586196064949,0.8088798236081721,3
2024-07-15,0.005151078436109755,0.23179852962493896,0.9121859669685364,-0.9082481451332569,0.48463456802382604,45
2024-07-16,-0.06536509814422305,-2.679969023913145,0.9062200728803873,-0.8979987045750022,0.6314109448989641,41
2024-07-17,-0.1853114048371444,-6.856521978974342,0.8704437240958214,-0.9617418944835663,0.6449441420537719,37
2024-07-18,-0.195823948541335,-5.678894507698715,0.9216497056186199,-0.9271110324189067,0.603610877929351,29
2024-07-19,-0.18751216655516106,-4.312779830768704,0.8285757787525654,-0.9541089693084359,0.6684963014044996,23
2024-07-21,-0.06850494630634785,-0.20551483891904354,0.34764060378074646,-0.6830006074160337,0.5431964667238709,3
2024-07-22,-0.06152338984732827,-1.2919911867938936,0.9041344858705997,-0.958218936342746,0.6093940348527052,21
2024-07-23,-0.14225047497477913,-3.983013299293816,0.8929579928517342,-0.9427140355110168,0.49854029843685826,28
2024-07-24,-0.34830582262172055,-8.359339742921293,0.6019653826951981,-0.9664947399869561,0.5026384202856834,24
2024-07-25,-0.17253974665488517,-3.6233346797525883,0.9249367713928223,-0.9660923322662711,0.6742234259557186,21
2024-07-26,-0.19299225898628886,-4.245829697698355,0.9047636073082685,-0.9646253846585751,0.6476912633719175,22
2024-07-29,0.04551570061594248,1.137892515398562,0.9284613877534866,-0.8505811709910631,0.563198760983883,25
2024-07-30,-0.17146277560316253,-5.658271594904363,0.913516029715538,-0.9503417648375034,0.602987105498211,33
2024-07-31,-0.04134470864843864,-2.6874060621485114,0.9245495144277811,-0.9584399843588471,0.6309087351293832,65
2024-08-01,-0.296854877279007,-8.311936563812196,0.8322079759091139,-0.9541454557329416,0.5941195798816205,28
2024-08-02,-0.4375931950794025,-14.440575437620282,0.8672929024323821,-0.9637289792299271,0.5797862529527826,33
2024-08-03,-0.4601324927061796,-0.9202649854123592,0.04356609657406807,-0.9638310819864273,0.7123373763083215,2
2024-08-05,-0.5309497145184826,-16.459441150072962,0.9233773108571768,-0.965539526194334,0.5079402281764972,31
2024-08-06,0.04266032567247748,0.8532065134495497,0.9076517298817635,-0.9187589883804321,0.4955210074551585,20
2024-08-07,-0.046860817819833755,-0.8903555385768414,0.8857933320105076,-0.9451628047972918,0.6943361177136068,19
2024-08-08,-0.17145583124033043,-6.000954093411565,0.9275010544806719,-0.9534111013635993,0.5752165847438663,35
2024-08-09,-0.04717970360070467,-0.8964143684133887,0.8284934163093567,-0.9652865435928106,0.5879538785464893,19
2024-08-12,-0.20272681917148558,-4.459990021772683,0.9305139277130365,-0.96331269107759,0.7344945040951641,22
2024-08-13,-0.1695630815433892,-6.273834017105401,0.9240192025899887,-0.9107838459312916,0.6293646787928726,37
2024-08-14,-0.22248464381616367,-4.22720823250711,0.866043571382761,-0.94904800131917,0.6113317353324775,19
2024-08-15,0.0946843561832793,3.029899397864938,0.9375436063855886,-0.9436143077909946,0.6874475593429726,32
2024-08-16,-0.04582371526501245,-1.6496537495404482,0.9207087475806475,-0.960941125638783,0.6273736739950688,36
2024-08-18,-0.9510722486302257,-0.9510722486302257,-0.9510722486302257,-0.9510722486302257,0.0,1
2024-08-19,0.07584034258292781,1.3651261664927006,0.9284420879557729,-0.9340000860393047,0.629294042405421,18
2024-08-20,-0.16563206843824851,-2.981377231888473,0.8974128663539886,-0.9483805689960718,0.6501839571825897,18
2024-08-21,-0.092843945979351,-2.878162325359881,0.93116838298738,-0.9532368090003729,0.549864527954952,31
2024-08-22,0.03646015520452669,1.3854858977720141,0.8867755718529224,-0.9606188395991921,0.6470050437466963,38
2024-08-23,0.09570233481512828,4.2109027318656445,0.9066620767116547,-0.8825814751908183,0.5248251901269501,44
2024-08-26,-0.31552395580981213,-8.203622851055115,0.8860076703131199,-0.9670383813790977,0.6062059243208253,26
2024-08-27,-0.24194602889141867,-8.468111011199653,0.9231348428875208,-0.9368870742619038,0.5856256163485587,35
2024-08-28,-0.17700892380837882,-2.4781249333173037,0.7936083823442459,-0.95268246345222,0.540708848023507,14
2024-08-29,-0.08589090686291456,-2.4049453921616077,0.9108309485018253,-0.9589726105332375,0.6680007492924689,28
2024-08-30,-0.24892479444489532,-5.725270272232592,0.9009012077003717,-0.9545581797137856,0.6868554115933989,23
2024-08-31,-0.9174309056252241,-0.9174309056252241,-0.9174309056252241,-0.9174309056252241,0.0,1
2024-09-02,-0.15039361082017422,-0.30078722164034843,0.5121271461248398,-0.8129143677651882,0.9369458398253278,2
2024-09-03,-0.3025162989759575,-6.957874876447022,0.8956263801082969,-0.9281065799295902,0.6835062626286694,23
2024-09-04,-0.3410750634968281,-11.937627222388983,0.8787840586155653,-0.9644770016893744,0.5728779604897781,35
2024-09-05,-0.2881841042490546,-12.391916482709348,0.9238177090883255,-0.9610060527920723,0.5450661900223429,43
2024-09-06,-0.29231808881741017,-18.70835768431425,0.919506661593914,-0.9628895577043295,0.5862478453991588,64
2024-09-07,0.07704236544668674,0.07704236544668674,0.07704236544668674,0.07704236544668674,0.0,1
2024-09-09,-0.0240875679301098,-0.3854010868817568,0.8737280517816544,-0.8906444162130356,0.6761636346502108,16
2024-09-10,-0.0957179970785298,-2.105795935727656,0.836231779307127,-0.9631971018388867,0.5674603745508782,22
2024-09-11,-0.23511161988135426,-9.404464795254171,0.9113246276974678,-0.955348813906312,0.6683679851473028,40
2024-09-12,-0.06567602774261364,-1.838928776793182,0.9156317804008722,-0.9313702415674925,0.5885673939212378,28
2024-09-13,-0.1745140993466171,-4.537366583012044,0.9233452789485455,-0.9276223089545965,0.6088387695624888,26
2024-09-15,-0.3482146356254816,-1.0446439068764448,-0.14701156876981258,-0.6558176502585411,0.2705764564873526,3
2024-09-16,0.0937945822013482,2.907632048241794,0.923364819958806,-0.9450342301279306,0.6485740700726761,31
2024-09-17,-0.18899471446780897,-7.748783293180168,0.9009406939148903,-0.8791957516223192,0.5414469177750125,41
2024-09-18,0.0027347945755249576,0.25980548467487097,0.920538829639554,-0.9658755795098841,0.6146599821915609,95
2024-09-19,-0.2827655437286012,-9.048497399315238,0.9337654430419207,-0.9376489780843258,0.5849191335108939,32
2024-09-20,-0.06976442211480052,-1.8836393970996141,0.8757061036303639,-0.9608936663717031,0.6779458585931583,27
2024-09-23,-0.19485064593276807,-6.8197726076468825,0.8937083967030048,-0.9525670958682895,0.6449231047587967,35
2024-09-24,-0.0047144202288944975,-0.17443354846909642,0.9101929366588593,-0.9598372299224138,0.586155640053054,37
2024-09-25,-0.005100496692230573,-0.18871837761253119,0.9076657500118017,-0.9656018801033497,0.5782750206539761,37
2024-09-26,-0.03878353793728859,-1.8228262830525637,0.9259518180042505,-0.9342265781015158,0.5584307685354729,47
2024-09-27,-0.36936456725067857,-20.684415766038,0.8939459584653378,-0.9523401521146297,0.5072237194354478,56
2024-09-28,-0.7411521747708321,-0.7411521747708321,-0.7411521747708321,-0.7411521747708321,0.0,1
2024-09-30,-0.09784996458752589,-5.381748052313924,0.9052175972610712,-0.951530434191227,0.5461399420367506,55
2024-10-01,-0.29501591661732784,-23.3062574127689,0.9190857540816069,-0.9568887371569872,0.5236412581658708,79
2024-10-02,-0.12101431779031242,-4.235501122660935,0.8471989873796701,-0.963387412019074,0.5952560174461857,35
2024-10-03,-0.38372388430113014,-16.500127024948597,0.90541597828269,-0.9620352424681187,0.5944662997516047,43
2024-10-04,-0.27787501116593677,-13.338000535964966,0.9155821278691292,-0.9517820300534368,0.592813898886866,48
2024-10-07,-0.1792399969560151,-8.78275985084474,0.9244967419654131,-0.962440736591816,0.6720531389990081,49
2024-10-08,-0.056790964962062186,-3.350666932761669,0.9090065779164433,-0.9534604689106345,0.6039235802245384,59
2024-10-09,0.02972954654589642,1.278370501473546,0.9150745002552867,-0.9539518291130662,0.6165988183322956,43
2024-10-10,-0.18331895474636672,-9.349266692064703,0.919421099126339,-0.9630614817142487,0.5988030404878085,51
2024-10-11,-0.14506055474938714,-4.932058861479163,0.9280948974192142,-0.9635103540495038,0.6694029893826979,34
2024-10-14,-0.04051984716206789,-1.0129961790516973,0.8995222076773643,-0.9564481470733881,0.6594497932958473,25
2024-10-15,-0.03847712464630604,-1.1927908640354872,0.9303398840129375,-0.9631307125091553,0.5799333524141271,31
2024-10-16,-0.06877093700071175,-1.0315640550106764,0.9170633461326361,-0.9609789783135056,0.6665160499464399,15
2024-10-17,0.012610867340117692,0.3783260202035308,0.9258444979786873,-0.9567150780931115,0.6442692178683437,30
2024-10-18,0.035911433825579785,0.8618744118139148,0.9078039489686489,-0.9347471464425325,0.6981871758283935,24
2024-10-20,-0.8575654774904251,-0.8575654774904251,-0.8575654774904251,-0.8575654774904251,0.0,1
2024-10-21,0.03173151880502701,0.7932879701256752,0.9220141330733895,-0.9613663041964173,0.6795024778286644,25
2024-10-22,-0.07314831691865738,-1.9018562398850918,0.9019442889839411,-0.9650137461721897,0.639656712427879,26
2024-10-23,-0.1178251659282698,-3.063454314135015,0.8990159519016743,-0.9619788592681289,0.685099519272207,26
2024-10-24,-0.033177088014781475,-0.9621355524286628,0.9268836826086044,-0.9582653567194939,0.6620290175292202,29
2024-10-25,-0.10221689952198755,-2.248771789483726,0.865328710526228,-0.9006150420755148,0.5633668996008991,22
2024-10-26,0.7111868634819984,0.7111868634819984,0.7111868634819984,0.7111868634819984,0.0,1
2024-10-28,0.0014474218312118734,0.02026390563696623,0.901076901704073,-0.9475802537053823,0.6912982359868316,14
2024-10-29,-0.20260442804658052,-6.685946125537157,0.9356746841222048,-0.9563318639993668,0.6523843242105478,33
2024-10-30,-0.2638250843242363,-7.123277276754379,0.9032894410192966,-0.938404219225049,0.5872802430310456,27
2024-10-31,-0.2415861984870086,-5.798068763688207,0.9287500511854887,-0.9592587947845459,0.6399288063552858,24
2024-11-01,-0.5930170811535347,-12.453358704224229,0.804971918463707,-0.9564624857157469,0.49226592543439385,21
2024-11-02,-0.5244232267141342,-0.5244232267141342,-0.5244232267141342,-0.5244232267141342,0.0,1
2024-11-04,-0.09297997336317268,-1.6736395205371082,0.8656666800379753,-0.9554505096748471,0.6533446221176514,18
2024-11-05,-0.09591391143233825,-2.301933874376118,0.9154050555080175,-0.9133619479835033,0.6597222191147242,24
2024-11-06,0.10187200782820582,4.482368344441056,0.9176948573440313,-0.9637375455349684,0.5309113845962286,44
2024-11-07,0.12097352972397438,6.2906235456466675,0.9164329096674919,-0.9339521694928408,0.5999154030881994,52
2024-11-08,0.025925797255088884,0.6222191341221333,0.9249393660575151,-0.9455429101362824,0.603043849451517,24
2024-11-11,0.48537897039204836,4.853789703920484,0.9312837868928909,-0.024564320221543312,0.4127946153718762,10
2024-11-12,0.05363230244256556,1.6089690732769668,0.9376598466187716,-0.9630684703588486,0.6289655734764494,30
2024-11-13,-0.09670254355296493,-4.061506829224527,0.9284319914877415,-0.9582240739837289,0.6348326654536446,42
2024-11-14,0.09905553702265024,5.150887925177813,0.9292486160993576,-0.9544329773634672,0.5830475484185292,52
2024-11-15,-0.31025541830505876,-11.479450477287173,0.7167251333594322,-0.9437817074358463,0.41317062926087483,37
2024-11-17,-0.7911005616188049,-0.7911005616188049,-0.7911005616188049,-0.7911005616188049,0.0,1
2024-11-18,0.19242343067058496,5.387856058776379,0.9137345366179943,-0.9372312035411596,0.6478757206440532,28
2024-11-19,0.03613194233427445,1.6259374050423503,0.9266727939248085,-0.9595756242051721,0.5373776466963666,45
2024-11-20,0.08921650763867157,2.498062213882804,0.920085834339261,-0.9506385587155819,0.6895218096026955,28
2024-11-21,-0.22908729154409635,-8.247142495587468,0.9247499462217093,-0.9641442727297544,0.5830388654986012,36
2024-11-22,-0.03840661078381042,-1.1521983235143125,0.9365821126848459,-0.9474094351753592,0.5993587000282694,30
2024-11-23,-0.5536866039037704,-0.5536866039037704,-0.5536866039037704,-0.5536866039037704,0.0,1
2024-11-25,-0.014613143413474685,-0.277649724856019,0.920242615044117,-0.9228249546140432,0.7051638182338433,19
2024-11-26,-0.2754027880107363,-8.26208364032209,0.6344418972730637,-0.9466287959367037,0.4609546460949107,30
2024-11-27,-0.31318507219354313,-8.455996949225664,0.8387098982930183,-0.9612288698554039,0.5653311069835333,27
2024-11-28,0.5668971445411444,1.1337942890822887,0.887030553072691,0.24676373600959778,0.4527370081140399,2
2024-11-29,0.23526003563569653,2.1173403207212687,0.926210617646575,-0.9428753014653921,0.7492730188548657,9
2024-11-30,0.06924971006810665,0.06924971006810665,0.06924971006810665,0.06924971006810665,0.0,1
2024-12-01,0.8696670848876238,0.8696670848876238,0.8696670848876238,0.8696670848876238,0.0,1
2024-12-02,-0.2055860141699668,-6.578752453438938,0.9253147132694721,-0.9300856674090028,0.652523037623443,32
2024-12-03,0.11582022548342745,3.4746067645028234,0.9316700901836157,-0.9631623458117247,0.6341385444386954,30
2024-12-04,0.07089124175173969,4.111692021600902,0.9230212364345789,-0.9623189177364111,0.618047853401973,58
2024-12-05,-0.30476410380181146,-5.1809897646307945,0.9010284245014191,-0.9607119048014283,0.7199320625097179,17
2024-12-06,-0.04946360498881684,-2.5721074594184756,0.9362522764131427,-0.946347126737237,0.6705951380824573,52
2024-12-07,0.8518734760582447,0.8518734760582447,0.8518734760582447,0.8518734760582447,0.0,1
2024-12-08,-0.022124278359115124,-0.13274567015469074,0.20849649235606194,-0.3680734559893608,0.21762726050384223,6
2024-12-09,-0.13894950666210867,-3.056889146566391,0.8505693692713976,-0.9549564588814974,0.7450068163460472,22
2024-12-10,-0.1983547717038738,-3.7687406623736024,0.9286346361041069,-0.9571569487452507,0.7349236351141806,19
2024-12-11,-0.1561506062746048,-3.123012125492096,0.9237998016178608,-0.947183521464467,0.6112684248108442,20
2024-12-12,-0.22943768999539316,-5.506504559889436,0.921171760186553,-0.9660624265670776,0.6554228840493015,24
2024-12-13,-0.1826520748436451,-2.3744769729673862,0.8654463905841112,-0.9570155628025532,0.6882630900324822,13
2024-12-16,-0.12205344408919866,-2.6851757699623704,0.9201843105256557,-0.9246991835534573,0.7153087928006923,22
2024-12-17,-0.16181524337914127,-4.207196327857673,0.9376750215888023,-0.9609157349914312,0.7630631820413127,26
2024-12-18,-0.10998478143493522,-5.829193416051567,0.9289739616215229,-0.9382933713495731,0.6617236939741211,53
2024-12-19,-0.2516343617878322,-7.045762130059302,0.8866754099726677,-0.9535464560613036,0.6720157155857142,28
2024-12-20,-0.1630748906073735,-7.664519858546555,0.8767217341810465,-0.9659391110762954,0.5951275530280163,47
2024-12-22,0.8018686082214117,0.8018686082214117,0.8018686082214117,0.8018686082214117,0.0,1
2024-12-23,-0.27478295045771767,-5.7704419596120715,0.9187864549458027,-0.966427443549037,0.6920447233496408,21
2024-12-24,-0.23362134200019333,-3.037077446002513,0.9301993753761053,-0.9291972108185291,0.7110172929886492,13
2024-12-25,-0.09870566179354985,-0.29611698538064957,0.8159548193216324,-0.7737081758677959,0.8214828454954504,3
2024-12-26,-0.13121768353845586,-1.4433945189230144,0.9077966772019863,-0.9650232666172087,0.8565083235664466,11
2024-12-27,-0.29630794006516226,-4.740927041042596,0.9044778402894735,-0.9654272091574967,0.7305503682807761,16
2024-12-29,-0.6803524037823081,-2.0410572113469243,-0.1899801827967167,-0.9524812726303935,0.4255286107461492,3
2024-12-30,-0.4432546150955287,-4.875800766050816,0.7415185617282987,-0.9663757383823395,0.4957342706150327,11
2024-12-31,0.13267761542062675,1.8574866158887744,0.9060545340180397,-0.9651457285508513,0.6733105173725971,14
2025-01-01,0.01178786437958479,0.02357572875916958,0.028779644519090652,-0.005203915759921074,0.02403000592215099,2
2025-01-02,-0.23958995964910304,-3.3542594350874424,0.931156225502491,-0.9483073055744171,0.8099455288901983,14
2025-01-03,-0.009605043567717075,-0.17289078421890736,0.9192037284374237,-0.9264283590018749,0.7194821140961072,18
2025-01-04,-0.0023233015090227127,-0.0023233015090227127,-0.0023233015090227127,-0.0023233015090227127,0.0,1
2025-01-06,-0.17912690369412304,-3.5825380738824606,0.9243345865979791,-0.9592713471502066,0.6182684144755924,20
2025-01-07,-0.31360330088780475,-8.153685823082924,0.9004626180976629,-0.9545638300478458,0.5939373293096509,26
2025-01-08,-0.28099604496466263,-7.867889259010553,0.8922746609896421,-0.9573611998930573,0.6600114175875464,28
2025-01-09,0.30918478562186164,1.8551087137311697,0.918878823518753,-0.9435294531285763,0.7673705190061423,6
2025-01-10,-0.5511691860245684,-14.330398836638778,0.11717730760574341,-0.9648427912034094,0.38089914732788943,26
2025-01-13,-0.28112940958646293,-4.779199962969869,0.893527552485466,-0.9666416919790208,0.6768346325751743,17
2025-01-14,-0.18812105395287895,-4.514905294869095,0.906609084457159,-0.9674884187988937,0.6670673981335337,24
2025-01-15,-0.011152052298365604,-0.4683861965313554,0.9257948286831379,-0.9591103512793779,0.6937448712977167,42
2025-01-16,-0.1433236106402344,-3.8697374872863293,0.9015700928866863,-0.9322547987103462,0.5203141227098393,27
2025-01-17,0.0614432915198532,1.3517524134367704,0.9141090214252472,-0.870189867913723,0.6216868299018302,22
2025-01-19,0.4461688385345042,0.8923376770690084,0.7239378681406379,0.16839980892837048,0.39282472887620806,2
2025-01-20,-0.02377783041447401,-0.04755566082894802,-0.01862942986190319,-0.02892623096704483,0.00728093788597479,2
2025-01-21,-0.017349310981279068,-0.19084242079406977,0.8806605748832226,-0.9631299143657088,0.772990656897741,11
2025-01-22,0.2946113542152139,3.8299476047977805,0.9132391102612019,-0.9640239151194692,0.628119790539394,13
2025-01-23,0.05493167037253871,1.867676792666316,0.9282662905752659,-0.9535251138731837,0.5882301760515858,34
2025-01-24,-0.42308008642867206,-10.577002160716802,0.8964323326945305,-0.9675827361643314,0.6206407667505717,25
2025-01-27,-0.5130996507677165,-5.644096158444881,0.8303409460932016,-0.9631422013044357,0.6546949397005106,11
2025-01-28,-0.3664767091118154,-7.6960108913481236,0.8718759305775166,-0.947344440035522,0.5714370201431672,21
2025-01-29,0.029285204157514393,1.5521158203482628,0.9270360507071018,-0.9408499989658594,0.5694583519853731,53
2025-01-30,-0.10337300595039359,-2.687698154710233,0.9402619758620858,-0.9577875565737486,0.7060043397714348,26
2025-01-31,0.023763052734505873,1.09310042578727,0.9341004164889455,-0.9339330140501261,0.6768160001150837,46
2025-02-03,-0.003829972776160999,-0.2527782032266259,0.9355569239705801,-0.9629714442417026,0.6295107716229358,66
2025-02-04,0.03822330521562925,0.9938059356063604,0.8989284411072731,-0.9640738246962428,0.6450343398349264,26
2025-02-05,-0.35056887139216997,-11.218203884549439,0.8630097955465317,-0.964490843936801,0.6008397784305248,32
2025-02-06,-0.19739113335630723,-6.908689667470753,0.8976053819060326,-0.9635265516117215,0.5793978197727482,35
2025-02-07,0.024945175709297596,1.4717653668485582,0.930341862142086,-0.9631237839348614,0.6907588897460447,59
2025-02-08,0.05686550587415695,0.05686550587415695,0.05686550587415695,0.05686550587415695,0.0,1
2025-02-10,-0.13495838036760688,-1.6195005644112825,0.9028674103319645,-0.9529289752244949,0.6467427013688416,12
2025-02-11,0.03514887278222225,2.3198256036266685,0.9270889274775982,-0.9635111000388861,0.5942189255424748,66
2025-02-12,-0.04393199713168932,-3.6902877590619028,0.9259363934397697,-0.9655059571377933,0.49618325233032884,84
2025-02-13,0.009417893087610285,0.4426409751176834,0.9311749879270792,-0.9402315150946379,0.5840039494090923,47
2025-02-14,-0.2273089631685409,-6.591959931887686,0.8666357714682817,-0.961775585077703,0.6306340922521732,29
2025-02-17,0.08073027385398746,0.8073027385398746,0.7396874045953155,-0.9106815047562122,0.5925965914391614,10
2025-02-18,-0.13098380070490143,-3.143611216917634,0.9034737758338451,-0.9592340309172869,0.6933830024718821,24
2025-02-19,-0.26399127932797584,-7.391755821183324,0.8901799004524946,-0.9665104555897415,0.6124671108065758,28
2025-02-20,-0.22422293211436933,-10.09003194514662,0.9120277967303991,-0.9580710912123322,0.6698125669312647,45
2025-02-21,-0.2629944887943566,-7.8898346638306975,0.9322977587580681,-0.9630545638501644,0.6318881900699296,30
2025-02-22,-0.9571702261455357,-1.9143404522910714,-0.9534670738503337,-0.9608733784407377,0.0052370481994077475,2
2025-02-23,0.12614358216524124,0.12614358216524124,0.12614358216524124,0.12614358216524124,0.0,1
2025-02-24,0.06683496793820745,1.4035343267023563,0.9138763751834631,-0.9514406165108085,0.7332376529935277,21
2025-02-25,-0.2713951508048922,-5.427903016097844,0.9030136279761791,-0.9669317146763206,0.6083427426180786,20
2025-02-26,-0.030288367435849946,-0.8783626556396484,0.9120266661047935,-0.9020316582173109,0.5709950998414784,29
2025-02-27,-0.06378913836670108,-2.0412524277344346,0.9100892953574657,-0.9255121983587742,0.6284514409605257,32
2025-02-28,-0.28920420448606216,-8.676126134581864,0.9322016481310129,-0.9647106351330876,0.6560688087758004,30
2025-03-02,0.4928016606718302,0.4928016606718302,0.4928016606718302,0.4928016606718302,0.0,1
2025-03-03,-0.062408502649595125,-2.933199624530971,0.9168109968304634,-0.9675413509830832,0.6403351218927025,47
2025-03-04,-0.13314550399987235,-5.991547679994255,0.9321353519335389,-0.9668687316589057,0.6225474714600053,45
2025-03-05,-0.27552081588381794,-9.36770774004981,0.933185925707221,-0.9638984031043947,0.6652739766854864,34
2025-03-06,-0.1871049910162886,-8.981039568781853,0.930647723376751,-0.9652470899745822,0.6329638625126418,48
2025-03-07,-0.1630501033117374,-6.358954029157758,0.9081905037164688,-0.9630317650735378,0.6344059784735533,39
2025-03-10,-0.31066612482425715,-6.5239886213094,0.913197536021471,-0.9622795432806015,0.7397262366466676,21
2025-03-11,-0.06772007196294991,-2.979683166369796,0.9042261186987162,-0.9654076965525746,0.6319862131632366,44
2025-03-12,-0.024668863085521894,-1.0854299757629633,0.9292659237980843,-0.9632316390052438,0.638575794647402,44
2025-03-13,-0.28711547424788014,-16.36558203212917,0.92916823271662,-0.961829480715096,0.623219600887929,57
2025-03-14,-0.036445649694009076,-1.0569238411262631,0.8837275803089142,-0.9640927389264107,0.6479192588001329,29
2025-03-17,-0.23316275061418612,-6.994882518425584,0.8702010996639729,-0.9601273145526648,0.5787274023237264,30
2025-03-18,-0.4093073965826382,-9.823377517983317,0.918399203568697,-0.9615152096375823,0.6132851394931499,24
2025-03-19,0.03988718980302413,1.794923541136086,0.925414564087987,-0.9341669045388699,0.598832571084166,45
2025-03-20,-0.23627110076663288,-5.434235317632556,0.9308407856151462,-0.943577341735363,0.671925103355631,23
2025-03-21,-0.11001092651620126,-4.290426134131849,0.8948543220758438,-0.9655474685132504,0.6096943384009668,39
2025-03-24,0.0348828087011591,1.3604295393452048,0.9256698973476887,-0.92883943580091,0.6105809415899804,39
2025-03-25,-0.08947962218123238,-3.6686645094305277,0.9292303286492825,-0.9638321558013558,0.7028925054705392,41
2025-03-26,-0.22569605049211533,-9.027842019684613,0.9112555226311088,-0.9652429241687059,0.6512044904691684,40
2025-03-27,-0.24617949928584937,-9.108641473576427,0.8817424364387989,-0.9652261156588793,0.6214730593464461,37
2025-03-28,-0.18924363353785048,-8.894450776278973,0.8945658281445503,-0.9649248411878943,0.5756900959534866,47
2025-03-31,-0.10982371529994103,-4.2831248966977,0.9273854717612267,-0.9649067427963018,0.6731122464823386,39
2025-04-01,-0.13848972537865242,-4.985630113631487,0.8923757988959551,-0.9584196116775274,0.6409651896191217,36
2025-04-02,-0.027000681145323648,-1.2150306515395641,0.8852115739136934,-0.9666849942877889,0.5828573872417826,45
2025-04-03,-0.13838209708531699,-7.472633242607117,0.9284626580774784,-0.9671106031164527,0.7217130484381202,54
2025-04-04,-0.23212749757013232,-12.302757371217012,0.9013549778610468,-0.9645586144179106,0.650609536536547,53
2025-04-07,-0.343485255974909,-24.387453174218535,0.9243713151663542,-0.9670898644253612,0.6270556187674802,71
2025-04-08,-0.03170710347616409,-2.5048611746169627,0.9165892014279962,-0.9616237813606858,0.5842197737827779,79
2025-04-09,-0.014870729674962727,-1.1004339959472418,0.9293895997107029,-0.9630683744326234,0.65844946278288,74
2025-04-10,-0.18472052726130456,-14.408201126381755,0.9108176399022341,-0.9623819934204221,0.6392153425529826,78
2025-04-11,-0.27164552260089564,-10.050884336233139,0.9174787253141403,-0.9660141989588737,0.6964546791981622,37
2025-04-13,0.04218632820993662,0.08437265641987324,0.05253198184072971,0.031840674579143524,0.014630963676282048,2
2025-04-14,-0.1696233606686996,-5.258324180729687,0.9118024576455355,-0.9388336967676878,0.6061855775920475,31
2025-04-15,-0.2378367955378931,-6.8972670705989,0.9369748085737228,-0.9559932444244623,0.6697955958339425,29
2025-04-16,-0.13152022910348715,-5.523849622346461,0.9253214821219444,-0.9659201437607408,0.6995274647661676,42
2025-04-17,-0.28035217957221903,-8.971269746311009,0.8759213909506798,-0.9459055848419666,0.6501271194972302,32
2025-04-18,0.48478092828934843,5.332590211182833,0.841542411595583,-0.17293363064527512,0.34561925962580675,11
2025-04-21,-0.549857469694689,-10.997149393893778,0.4638172686100006,-0.9648896241560578,0.4905852897084687,20
2025-04-22,-0.20281281992793082,-7.098448697477579,0.9042805768549442,-0.9580722935497761,0.6792350319037181,35
2025-04-23,-0.015202547770080179,-0.6537095541134477,0.9393629319965839,-0.9635361898690462,0.6416302397660224,43
2025-04-24,-0.10333162155002355,-4.64992296975106,0.8978215306997299,-0.9634206397458911,0.6539093255054652,45
2025-04-25,-0.16458353836258705,-3.620837843976915,0.8647875376045704,-0.9593833144754171,0.6334604976015394,22
2025-04-26,0.7901151925325394,0.7901151925325394,0.7901151925325394,0.7901151925325394,0.0,1
2025-04-28,0.032262034039013086,0.6452406807802618,0.9374964591115713,-0.9644189369864762,0.7396118403204364,20
2025-04-29,-0.20180911167214313,-4.843418680131435,0.9199851788580418,-0.9560756217688322,0.6765180718768281,24
2025-04-30,-0.23294181129048494,-10.249439696781337,0.9201034968718886,-0.9652192601934075,0.6269556738579952,44
2025-05-01,-0.253920839535016,-8.379387704655528,0.9038739316165447,-0.9632675293833017,0.6235049468285868,33
2025-05-02,-0.14115230112882524,-4.093416732735932,0.9056920297443867,-0.9468232356011868,0.677921304781259,29
2025-05-03,0.005000117234885693,0.010000234469771385,0.9123205989599228,-0.9023203644901514,1.2831449306744374,2
2025-05-05,-0.20931849514858591,-7.5354658253490925,0.901746210642159,-0.9635663218796253,0.6177785747438509,36
2025-05-06,-0.05117448519279317,-2.09815389290452,0.9289824645966291,-0.9664139426313341,0.6067398791543973,41
2025-05-07,-0.005293785955528824,-0.25939551182091236,0.919328136369586,-0.9208470918238163,0.5650953809305141,49
2025-05-08,0.25862910489483576,10.603793300688267,0.9393289191648364,-0.9337330013513565,0.6103347341348958,41
2025-05-09,0.05220169468353001,1.3572440617717803,0.9196605589240789,-0.9564097607508302,0.764555754924738,26
2025-05-11,0.7817901046946645,1.563580209389329,0.8260864662006497,0.7374937431886792,0.06264451520554586,2
2025-05-12,0.2791001295924864,9.210304276552051,0.9170971121639013,-0.9618844175711274,0.6552130519182902,33
2025-05-13,0.09134401867964438,3.1970406537875533,0.9267936553806067,-0.9667096431367099,0.6674572959644254,35
2025-05-14,0.06220644849929072,1.306335418485105,0.8898781798779964,-0.9493590565398335,0.6373029876779097,21
2025-05-15,-0.04816331149305444,-1.782042525243014,0.9260296858847141,-0.9656124133616686,0.6863611941685029,37
2025-05-16,-0.039065353494758405,-0.9375684838742018,0.9357501929625869,-0.9544588010758162,0.759909003118703,24
2025-05-17,0.7339039584621787,0.7339039584621787,0.7339039584621787,0.7339039584621787,0.0,1
2025-05-19,-0.31043897845915386,-10.865364246070385,0.8826519157737494,-0.96538798045367,0.5939594226871299,35
2025-05-20,-0.025881135587890944,-0.7764340676367283,0.9207600988447666,-0.9630073430016637,0.7135412012554614,30
2025-05-21,-0.14346846812607153,-3.2997747668996453,0.9080548426136374,-0.9672282813116908,0.6956642999976749,23
2025-05-22,-0.23857892078295764,-8.588841148186475,0.9003347344696522,-0.9557380918413401,0.6314949260284637,36
2025-05-23,-0.08689108743177106,-4.170772196725011,0.9069307837635279,-0.9514545248821378,0.6102495101818967,48
2025-05-26,-0.1987481178449733,-1.391236824914813,0.9205049220472574,-0.9577688034623861,0.8527757271106572,7
2025-05-27,-0.2317384361321556,-6.720414647832513,0.9241094831377268,-0.950225424952805,0.5989018038749274,29
2025-05-28,-0.162284256130653,-6.166801732964814,0.9116980619728565,-0.9636028176173568,0.6467125889296577,38
2025-05-29,-0.045682088293610736,-2.1470581497997046,0.9172023786231875,-0.961850818246603,0.6238159059985319,47
2025-05-30,-0.13865981756293394,-6.517011425457895,0.9339787699282169,-0.9631453221663833,0.5855957662272823,47
2025-06-01,0.0011963769793510437,0.0011963769793510437,0.0011963769793510437,0.0011963769793510437,0.0,1
2025-06-02,-0.0881333626806736,-3.084667693823576,0.932255232706666,-0.966625346802175,0.7111216714502185,35
2025-06-03,-0.03064768028875383,-1.5936793750151992,0.9053589170798659,-0.9647329933941364,0.5877040905303382,52
2025-06-04,-0.20010535055327983,-8.404424723237753,0.9161549471318722,-0.9632019037380815,0.6428443603787822,42
2025-06-05,-0.045403433833271264,-2.2701716916635633,0.9068152429535985,-0.9550519678741693,0.540435204969034,50
2025-06-06,-0.3012731370254187,-9.640740384813398,0.9335122276097536,-0.9680348499678075,0.6229354788425345,32
2025-06-07,0.8633853029459715,0.8633853029459715,0.8633853029459715,0.8633853029459715,0.0,1
2025-06-09,-0.4632914331741631,-8.339245797134936,0.9210722241550684,-0.9612542483955622,0.6838123588273531,18
2025-06-10,0.09947065050683675,3.0835901657119393,0.8869913890957832,-0.9654444688931108,0.6747872280892848,31
2025-06-11,-0.029200847824349216,-1.1096322173252702,0.9328307705000043,-0.9648044193163514,0.6270462321494819,38
2025-06-12,-0.0002345905092585346,-0.010791163425892591,0.9321529120206833,-0.9664360280148685,0.571572536415946,46
2025-06-13,-0.09168994408701697,-2.842388266697526,0.9091116227209568,-0.9616666939109564,0.561798878225515,31
2025-06-16,0.1186713457107544,4.746853828430176,0.8956847302615643,-0.9603722328320146,0.5538870432511691,40
2025-06-17,-0.10763590572791737,-4.628343946300447,0.8935924675315619,-0.9632792631164193,0.5641097533571098,43
2025-06-18,-0.09436414533875127,-6.5111260283738375,0.9128378219902515,-0.9515206981450319,0.5528874970662115,69
2025-06-19,-0.17468093814594404,-2.4455331340432167,0.9013276696205139,-0.9354797210544348,0.6513517257433183,14
2025-06-20,-0.18138947684126785,-7.074189596809447,0.874288878403604,-0.9658951722085476,0.6061182496986697,39
2025-06-22,0.4849621653556824,0.9699243307113647,0.8869687747210264,0.08295555599033833,0.5685231991280925,2
2025-06-23,-0.06077386387887428,-3.221014785580337,0.9062274787575006,-0.9454685552045703,0.5038047016976506,53
2025-06-24,0.06947456313193673,5.002168545499444,0.9202861115336418,-0.937648955732584,0.5780541801072858,72
2025-06-25,0.0300106574215141,1.530543528497219,0.9181180112063885,-0.9599508279934525,0.5612113115878147,51
2025-06-26,-0.16102197036767998,-6.76292275544256,0.8896655179560184,-0.964384556747973,0.5853723039952101,42
2025-06-27,0.017010029159345717,0.901531545445323,0.9195182658731937,-0.9227759297937155,0.56367732064146,53
2025-06-30,0.06073595387473082,2.915325785987079,0.9347153846174479,-0.9329389799386263,0.5918619196512511,48
2025-07-01,-0.05934340003877878,-2.670453001745045,0.9262295253574848,-0.9657665379345417,0.5779285506834763,45
2025-07-02,-0.07545729304131653,-2.1128042051568627,0.8932393193244934,-0.9650326129049063,0.5636898682046189,28
2025-07-03,-0.20717105263358224,-9.529868421144783,0.9309617895632982,-0.950194014236331,0.5997565345479136,46
2025-07-04,-0.1194684545819958,-0.7168107274919748,0.8807381615042686,-0.9634681865572929,0.7269805373718645,6
2025-07-07,0.01440480270570046,0.5473825028166175,0.9262916669249535,-0.9641417348757386,0.5612224131374737,38
2025-07-08,0.055748526684262535,1.8397013805806637,0.9319511018693447,-0.9437960125505924,0.5709198095553666,33
2025-07-09,0.04289974210162958,1.6730899419635534,0.912762688472867,-0.8385159149765968,0.5147325775318528,39
2025-07-10,-0.013902774281715128,-0.6117220683954656,0.9329862277954817,-0.9644823451526463,0.6943250116338666,44
2025-07-11,-0.026582858189940453,-0.6645714547485113,0.9186038207262754,-0.9631545366719365,0.7159087649210917,25
2025-07-14,0.1004209480847099,2.811786546371877,0.8428932297974825,-0.9631341202184558,0.5771275803379531,28
2025-07-15,0.03652646852973497,1.9359028320759535,0.9311755411326885,-0.939674605615437,0.649203108422685,53
2025-07-16,-0.06957257290404024,-3.8960640826262534,0.9262710064649582,-0.9611293859779835,0.6023288170035147,56
2025-07-17,-0.3319715632892707,-11.287033151835203,0.8841936774551868,-0.9614065382629633,0.5685077354482505,34
2025-07-18,-0.04014764193445444,-1.003691048361361,0.9312504082918167,-0.9399162493646145,0.5841559998871595,25
2025-07-21,0.11966364191506397,2.6326001221314073,0.9096762854605913,-0.904471930116415,0.614660619611726,22
2025-07-22,0.08797266455367207,3.0790432593785226,0.9326652884483337,-0.9403282962739468,0.598456406171473,35
2025-07-23,0.17256955036686528,7.765629766508937,0.920744875445962,-0.9409878104925156,0.5731775523385775,45
2025-07-24,-0.04741371902778293,-1.5646527279168367,0.9268644424155354,-0.9472562810406089,0.6920346129378776,33
2025-07-25,-0.038534673117101195,-0.9633668279275298,0.7905183611437678,-0.8957358412444592,0.5722223069170672,25
2025-07-28,0.1518678426203367,5.770978019572794,0.9248039368540049,-0.8821937460452318,0.6027910048819071,38
2025-07-29,0.04582506547306191,2.6120287319645286,0.9270394630730152,-0.9552094833925366,0.6297907697324232,57
2025-07-30,0.0694476429895131,4.583544437307864,0.9327759183943272,-0.9591481667011976,0.6356985694719053,66
2025-07-31,0.10251028076918037,2.76777758076787,0.9277421720325947,-0.9605294149369001,0.621205384093538,27
2025-08-01,-0.46215381822548807,-19.4104603654705,0.9121471764519811,-0.9665158926509321,0.49587304580760105,42
2025-08-04,-0.15564300328054848,-2.6459310557693243,0.811058814637363,-0.9551556669175625,0.6782608463133442,17
2025-08-05,-0.11161246221512557,-2.790311555378139,0.8917477577924728,-0.9609246077015996,0.5686157767552634,25
2025-08-06,-0.06854966530536717,-3.2218342693522573,0.9176949448883533,-0.956007475964725,0.4801766857185507,47
2025-08-07,0.00451848642095118,0.16718399757519364,0.923003489151597,-0.9474486289545894,0.7320402951451174,37
2025-08-08,0.13827467915312996,4.009965695440769,0.931489622220397,-0.9462096523493528,0.6666632127258766,29
2025-08-11,-0.0985526175238192,-1.9710523504763842,0.8226267099380493,-0.9401137847453356,0.5996289578702184,20
2025-08-12,-0.25152939941846963,-8.300470180809498,0.8676470927894115,-0.954870087094605,0.5711546672965925,33
2025-08-13,-0.0585380317854949,-2.5756733985617757,0.9386413311585784,-0.9595071049407125,0.5436344431637781,44
2025-08-14,-0.256047222064808,-7.169322217814624,0.8916081637144089,-0.9539350252598524,0.6299160052808459,28
2025-08-15,-0.3258529888658688,-9.449736677110195,0.7100463733077049,-0.9646359803155065,0.4570985385614033,29
2025-08-16,-0.5993639699493846,-1.7980919098481536,0.055383846163749695,-0.9580052467063069,0.5678896683107846,3
2025-08-17,0.01004531979560852,0.01004531979560852,0.01004531979560852,0.01004531979560852,0.0,1
2025-08-18,0.32796030802031356,8.854928316548467,0.9100656798109412,-0.9636580292135477,0.4865013037142429,27
2025-08-19,-0.08003379909011225,-2.881216767244041,0.9016644638031721,-0.9590812912210822,0.5380641631129189,36
2025-08-20,-0.22819951840641875,-6.161386996973306,0.9229211248457432,-0.9658407592214644,0.643746711166808,27
2025-08-21,-0.27035417780280113,-10.543812934309244,0.923458794131875,-0.9597848560661077,0.6462073037796912,39
2025-08-22,0.008597513727311577,0.36109557654708624,0.9252642095088959,-0.9501339569687843,0.5794887256933314,42
2025-08-24,-0.9445741884410381,-0.9445741884410381,-0.9445741884410381,-0.9445741884410381,0.0,1
2025-08-25,-0.09801552866530769,-3.3325279746204615,0.9226760566234589,-0.9639471657574177,0.5870081897638905,34
2025-08-26,-0.1968571048229933,-9.842855241149664,0.9344241935759783,-0.9656054135411978,0.5845225854401804,50
2025-08-27,0.24689193154600533,5.431622494012117,0.9207790344953537,-0.8480227934196591,0.5965144794847763,22
2025-08-28,-0.10265255265779072,-3.1822291323915124,0.9199063740670681,-0.9368612673133612,0.6182750651946985,31
2025-08-29,-0.15549909448600374,-4.97597102355212,0.9200036562979221,-0.9640672402456403,0.6593332049944689,32
2025-09-01,-0.2720258494632112,-2.4482326451689005,0.9002820886671543,-0.9619091097265482,0.762844522955737,9
2025-09-02,-0.2037145160138607,-5.7040064483881,0.9346924833953381,-0.9640026018023491,0.6072709316874301,28
2025-09-03,-0.2752276140222834,-12.11001501698047,0.9135352727025747,-0.9411854837089777,0.6078676994494138,44
2025-09-04,-0.09686523755746228,-5.424453303217888,0.9323755018413067,-0.9365268079563975,0.6316811689653707,56
2025-09-05,-0.11942664176427029,-4.418785745278001,0.9257262013852596,-0.9622792741283774,0.5981316394804171,37
2025-09-08,0.07998399710696605,1.4397119479253888,0.9283240754157305,-0.9171732906252146,0.7142240045013576,18
2025-09-09,0.04052997680264525,1.296959257684648,0.9091234542429447,-0.9613282149657607,0.6487187920324454,32
2025-09-10,-0.2805992119917364,-9.2597739957273,0.9155966639518738,-0.9610787397250533,0.6366467383806844,33
2025-09-11,-0.2018819359701968,-6.258340015076101,0.9130386784672737,-0.9128773808479309,0.5803559152472814,31
2025-09-12,-0.05579648052596233,-1.2275225715711713,0.9367364756762981,-0.9655321165919304,0.6053085371542434,22
2025-09-15,0.13408784728380851,4.2908111130818725,0.9310838794335723,-0.9534320831298828,0.5721441410764703,32
2025-09-16,-0.008470328451183281,-0.3218724811449647,0.8926072819158435,-0.9532438209280372,0.6224275406355406,38
2025-09-17,-0.151391872494585,-6.812634262256324,0.9039378128945827,-0.9562523188069463,0.5604573926811707,45
2025-09-18,-0.13255624251010326,-3.446462305262685,0.8852562941610813,-0.9535761838778853,0.7075989199145025,26
2025-09-19,0.07679511699825525,3.8397558499127626,0.8803654927760363,-0.9491265313699841,0.5747312767484586,50
2025-09-20,0.9218287505209446,0.9218287505209446,0.9218287505209446,0.9218287505209446,0.0,1
2025-09-22,0.11191987640044668,6.379432954825461,0.9049353338778019,-0.9640198703855276,0.5749564061815188,57
2025-09-23,-0.037687855772674084,-1.6205777982249856,0.9165703989565372,-0.9637323282659054,0.6308246172025846,43
2025-09-24,0.145967203212659,6.714491347782314,0.9318902287632227,-0.8796394225209951,0.5374551984615766,46
2025-09-25,-0.21580533611455133,-15.106373528018594,0.9082226492464542,-0.9612113768234849,0.5214079795177398,70
2025-09-26,0.07222161774656602,3.033307945355773,0.9081090074032545,-0.9250778388231993,0.5742653151361878,42
2025-09-28,0.7938484083861113,0.7938484083861113,0.7938484083861113,0.7938484083861113,0.0,1
2025-09-29,0.012678773735057224,0.5578660443425179,0.9361512493342161,-0.9274211609736085,0.5821035160658502,44
2025-09-30,-0.10213709902018309,-6.230363040231168,0.9211977124214172,-0.9661241574212909,0.5941761413154469,61
2025-10-01,-0.3747237182913288,-11.616435267031193,0.8240046054124832,-0.9642808260396123,0.506024681721436,31
2025-10-02,0.0077888436705595065,0.2414541537873447,0.9233352299779654,-0.9614137765020132,0.6744688150988767,31
2025-10-03,0.08176042075615887,4.169781458564103,0.9154728539288044,-0.9299469059333205,0.6017684253281973,51
2025-10-06,-0.05573442879886854,-1.1704230047762394,0.9288611710071564,-0.9555570594966412,0.5805430558851064,21
2025-10-07,0.2418040201688806,9.430356786586344,0.9215757623314857,-0.9238350931555033,0.5814988233029941,39
2025-10-08,-0.03459810670888559,-0.7611583475954831,0.8340069707483053,-0.9674515402875841,0.5420160154956567,22
2025-10-09,0.054976645402792026,2.254042461514473,0.9286853689700365,-0.9660191116854548,0.5706479847962902,41
2025-10-10,-0.19578255456872284,-7.048171964474022,0.8953874260187149,-0.954568806104362,0.5725412726283017,36
2025-10-13,0.28795945659900707,6.911026958376169,0.9060760494321585,-0.9527654778212309,0.45641443569394574,24
2025-10-14,0.009922906730042876,0.5259140566922724,0.931912899017334,-0.9642725382000208,0.7016616137648366,53
2025-10-15,-0.11575118580068915,-9.028592492453754,0.9258084762841463,-0.9536463627591729,0.5946985762595991,78
2025-10-16,0.002741946134625412,0.22483958303928375,0.9280736036598682,-0.9603314781561494,0.6168014847638378,82
2025-10-17,0.020922402599574747,0.7741288961842656,0.9229271467775106,-0.9379874849691987,0.5936607738387765,37
2025-10-20,0.13075063649663016,2.484262093435973,0.9296103473752737,-0.9411830613389611,0.7562675180833587,19
2025-10-21,0.12096952823922039,3.6290858471766114,0.8862105831503868,-0.9482283694669604,0.5971667627241801,30
2025-10-22,-0.07735828287597443,-2.862256466411054,0.9021493690088391,-0.95372333843261,0.562763539891159,37
2025-10-23,-0.07989564662178357,-2.1571824587881565,0.8977089878171682,-0.9429172687232494,0.5260397768625015,27
2025-10-24,-0.12586891524390215,-4.531280948780477,0.8890812806785107,-0.9395195627585053,0.6604445426067499,36
2025-10-26,0.8216179483570158,1.6432358967140317,0.8296347334980965,0.8136011632159352,0.011337446273147317,2
2025-10-27,0.26860944187889496,4.0291416281834245,0.8958151508122683,-0.8757603773847222,0.6447868089431574,15
2025-10-28,0.07326380116865039,2.637496842071414,0.9300959147512913,-0.8702941685914993,0.5897299521529086,36
2025-10-29,0.04310258148714553,1.853411003947258,0.9121187515556812,-0.9530012179166079,0.5677928510069996,43
2025-10-30,0.003587462456413993,0.09686148632317781,0.8737472407519817,-0.9481246136128902,0.5972657662213711,27
2025-10-31,0.08088998110698802,3.963609074242413,0.9030629629269242,-0.9584698118269444,0.5598437139783985,49
2025-11-01,0.7577563971281052,0.7577563971281052,0.7577563971281052,0.7577563971281052,0.0,1
2025-11-02,-0.06111034005880356,-0.12222068011760712,0.07207527942955494,-0.19429595954716206,0.188352909393499,2
2025-11-03,-0.07939892580422263,-2.8583613289520144,0.9138967972248793,-0.9439175371080637,0.6517958636653974,36
2025-11-04,-0.006308082801600297,-0.2081667324528098,0.9031727351248264,-0.9623424727469683,0.6165800818614967,33
2025-11-05,-0.14248159189115872,-6.269190043210983,0.9253447204828262,-0.9644007738679647,0.5787166783576994,44
2025-11-06,-0.12806991495634035,-7.55612498242408,0.9228156302124262,-0.9582325909286737,0.600017437551251,59
2025-11-07,-0.2083563060520894,-9.167677466291934,0.9158516451716423,-0.9657350922934711,0.6321031239380563,44
2025-11-08,-0.5210207886993885,-1.042041577398777,-0.13461463898420334,-0.9074269384145737,0.5464608175115835,2
2025-11-09,-0.1344268280081451,-0.2688536560162902,0.694753535091877,-0.9636071911081672,1.1726381151494987,2
2025-11-10,0.15646569817326964,6.258627926930785,0.9324535150080919,-0.9458275306969881,0.5809406602429337,40
2025-11-11,-0.10079451239909287,-2.7214518347755075,0.8143658861517906,-0.9560559913516045,0.6124485113000991,27
2025-11-12,0.09138458772262527,5.391690675634891,0.931656789034605,-0.9530190681107342,0.5968169244529842,59
2025-11-13,-0.13595828127402526,-5.302372969686985,0.9232279993593693,-0.9664932545274496,0.651112286975843,39
2025-11-14,0.06723790806963255,2.555040506646037,0.9306768514215946,-0.9654194572940469,0.6094027208319712,38
2025-11-15,-0.33490535616874695,-0.33490535616874695,-0.33490535616874695,-0.33490535616874695,0.0,1
2025-11-16,0.922369496896863,0.922369496896863,0.922369496896863,0.922369496896863,0.0,1
2025-11-17,-0.11764440727641895,-4.941065105609596,0.9173793476074934,-0.9477738412097096,0.5917794817859072,42
2025-11-18,0.05785874091088772,2.430067118257284,0.9246557587757707,-0.9617615984752774,0.584829707076913,42
2025-11-19,0.004412705223593447,0.1985717350617051,0.9340754579752684,-0.9399777790531516,0.5964011519902448,45
2025-11-20,-0.21761926778126509,-13.057156066875905,0.9016283713281155,-0.9646901185624301,0.6633498302366867,60
2025-11-21,-0.033319899033070824,-1.6326750526204705,0.9262805189937353,-0.9401114191859961,0.5986101317306798,49
2025-11-22,-0.28347276399532956,-0.8504182919859886,0.726298026740551,-0.816834345459938,0.8749506732051447,3
2025-11-24,0.06931723639453677,1.5249792006798089,0.929844057187438,-0.9678944130428135,0.7194805802541957,22
2025-11-25,-0.23987645186159923,-11.034316785633564,0.9049187917262316,-0.9536495208740234,0.6529311046051401,46
2025-11-26,-0.31911292161792515,-7.977823040448129,0.9138183780014515,-0.9651731923222542,0.594943404820104,25
2025-11-27,0.42366766557097435,0.42366766557097435,0.42366766557097435,0.42366766557097435,0.0,1
2025-11-28,-0.21603407827205956,-1.7282726261764765,0.9222926925867796,-0.9523307392373681,0.7419758015658576,8
2025-11-30,0.8654972091317177,0.8654972091317177,0.8654972091317177,0.8654972091317177,0.0,1
2025-12-01,-0.3044574004324043,-5.175775807350874,0.9060778366401792,-0.9629219034686685,0.6603363064518247,17
2025-12-02,0.10495588819131903,2.4139854284003377,0.9214093182235956,-0.9156770072877407,0.565919568922394,23
2025-12-03,-0.2815829651969436,-10.700152677483857,0.8944829916581511,-0.9648528983816504,0.5838469309434291,38
2025-12-04,-0.3400958781503141,-8.502396953757852,0.8897455632686615,-0.935060141608119,0.5526611750674333,25
2025-12-05,-0.23963882370541492,-3.594582355581224,0.764983513392508,-0.7988953739404678,0.46726892314919016,15
2025-12-08,0.04642761943396181,0.9285523886792362,0.8713335390202701,-0.7833453789353371,0.5435841066982091,20
2025-12-09,-0.1645867826279115,-4.44384313095361,0.9305372312664986,-0.8809958845376968,0.5385165526367858,27
2025-12-10,0.028116506903811737,1.5182913728058338,0.9291940815746784,-0.9611967550590634,0.6234785564008879,54
2025-12-11,-0.2805539487268437,-6.1721868719905615,0.8680570106953382,-0.965891788713634,0.5711329083090988,22
2025-12-12,-0.07367420086684899,-2.873293833807111,0.9273658562451601,-0.9536696188151836,0.622851937739888,39
2025-12-13,0.935181831009686,0.935181831009686,0.935181831009686,0.935181831009686,0.0,1
2025-12-15,0.1217331174962424,4.504125347360969,0.9227707339450717,-0.9394962955266237,0.6696048722837081,37
2025-12-16,-0.4077300724262993,-19.571043476462364,0.895537706092,-0.9622119879350066,0.5862769084077434,48
2025-12-17,-0.0677698507804323,-2.5074844788759947,0.8686641231179237,-0.9427995551377535,0.4988205018133739,37
2025-12-18,-0.031020520920200006,-0.8685745857656002,0.9184704981744289,-0.9367437623441219,0.5544965133594314,28
2025-12-19,0.027696400632460913,0.8308920189738274,0.9289465695619583,-0.9668688690289855,0.5951905374901232,30
2025-12-21,-0.6163849532604218,-0.6163849532604218,-0.6163849532604218,-0.6163849532604218,0.0,1
2025-12-22,-0.16073539001601084,-4.500590920448303,0.8297139834612608,-0.936088839545846,0.5263526468444872,28
2025-12-23,-0.2727030811776571,-9.271904760040343,0.9196313936263323,-0.9501005914062262,0.6237754439748608,34
2025-12-24,-0.1445233007626874,-2.0233262106776237,0.9365814439952374,-0.9666307745501399,0.7902046254670396,14
2025-12-26,-0.00957389585673809,-0.0957389585673809,0.7423293143510818,-0.9659033250063658,0.5663992361279494,10
2025-12-27,-0.6540977768599987,-0.6540977768599987,-0.6540977768599987,-0.6540977768599987,0.0,1
2025-12-29,-0.11555412047627298,-2.5421906504780054,0.9290452795103192,-0.96077333483845,0.6839378447445614,22
2025-12-30,-0.39299802610185,-9.4319526264444,0.8399542532861233,-0.9388649165630341,0.5453045254939491,24
2025-12-31,-0.016517653626700244,-0.24776480440050364,0.8738289875909686,-0.948592378757894,0.625219038620937,15
2026-01-02,-0.35829014510202867,-4.657771886326373,0.09758695308119059,-0.9431261830031872,0.39383645474160284,13
2026-01-03,0.0050727203488349915,0.0050727203488349915,0.0050727203488349915,0.0050727203488349915,0.0,1
2026-01-04,-0.9590774932876229,-0.9590774932876229,-0.9590774932876229,-0.9590774932876229,0.0,1
2026-01-05,0.07472175363451243,1.8680438408628106,0.9088540803641081,-0.9409683961421251,0.5997314692457861,25
2026-01-06,-0.09426262130339941,-2.827878639101982,0.9255937226116657,-0.9320454467087984,0.6139502038343434,30
2026-01-07,-0.17643091649584033,-5.9986511608585715,0.9182411162182689,-0.9482701262459159,0.5496904914131384,34
2026-01-08,0.007881874218583107,0.26798372343182564,0.8633427750319242,-0.964969789609313,0.5380150129478589,34
2026-01-09,-0.027234122820664196,-1.0893649128265679,0.9176625944674015,-0.9648745940066874,0.6210017309074003,40
2026-01-12,-0.01885860479634368,-0.6223339582793415,0.9161313828080893,-0.9656977257691324,0.6431615214257838,33
2026-01-13,-0.09834049446318223,-4.818684228695929,0.9234484191983938,-0.9661023635417223,0.6159767843033874,49
2026-01-14,-0.16374379899749097,-7.695958552882075,0.9109616512432694,-0.9659259002655745,0.6409229626897571,47
2026-01-15,-0.005705966502428055,-0.28529832512140274,0.9244566485285759,-0.9331490118056536,0.6205506385943566,50
2026-01-16,0.12466306389043373,3.4905657889321446,0.9270947352051735,-0.9431636994704604,0.6004939722835098,28
2026-01-17,0.4848815631121397,0.4848815631121397,0.4848815631121397,0.4848815631121397,0.0,1
2026-01-18,0.31192829459905624,0.31192829459905624,0.31192829459905624,0.31192829459905624,0.0,1
2026-01-19,-0.5003137411549687,-1.0006274823099375,-0.07860170677304268,-0.9220257755368948,0.5963908784388688,2
2026-01-20,0.04455860697760664,1.2921996023505926,0.915930088609457,-0.9636991936713457,0.6351118053236097,29
2026-01-21,0.019255851963692804,1.1360952658578753,0.9285028791055083,-0.9649625709280372,0.5897165499340475,59
2026-01-22,-0.26488194096742607,-10.860159579664469,0.9132315926253796,-0.958914902061224,0.6114446548722026,41
2026-01-23,-0.297281736559752,-5.351071258075535,0.3459394294768572,-0.962198288179934,0.45291999816014555,18
2026-01-24,-0.7489392124116421,-0.7489392124116421,-0.7489392124116421,-0.7489392124116421,0.0,1
2026-01-26,0.04056507790589641,1.1763872592709959,0.9290489004924893,-0.919930063188076,0.5896343355285704,29
2026-01-27,-0.218519969158532,-7.429678951390088,0.9268343653529882,-0.9315174892544746,0.6289818898217553,34
2026-01-28,0.09641565230455906,6.556264356710017,0.9252110160887241,-0.9238279480487108,0.5007848741214155,68
2026-01-29,-0.05460809100645058,-1.8020670032128692,0.9245131351053715,-0.9285256210714579,0.6714908310257776,33
2026-01-30,-0.15844120208004658,-6.97141289152205,0.8587730154395103,-0.9667764808982611,0.6037578498538572,44
2026-02-02,-0.09137486800660982,-3.106745512224734,0.9180032955482602,-0.9637825321406126,0.5878609841410526,34
2026-02-03,0.03590115255469249,1.2924414919689298,0.9265308547765017,-0.9527543969452381,0.6037846641465001,36
2026-02-04,-0.024197148536709515,-0.895294495858252,0.9273689053952694,-0.9467435888946056,0.7236221583384612,37
2026-02-05,0.023880738408907372,0.8119451059028506,0.8831381844356656,-0.9635596564039588,0.6644506024340112,34
2026-02-06,0.24907323351186333,8.21941670589149,0.9238211214542389,-0.8993597142398357,0.6288442885208738,33
2026-02-07,0.09969103336334229,0.09969103336334229,0.09969103336334229,0.09969103336334229,0.0,1
2026-02-09,-0.0013760849191197034,-0.0399064626544714,0.9332570619881153,-0.9652890134602785,0.6342432224125311,29
2026-02-10,0.043169593815470024,1.813122940249741,0.9175654780119658,-0.9637981802225113,0.6340420731569347,42
2026-02-11,-0.00502716435270535,-0.18600508105009794,0.9037549868226051,-0.9095135685056448,0.6675999159176809,37
2026-02-12,-0.10719615140038988,-2.465511482208967,0.9257191475480795,-0.941083219833672,0.6797417963973544,23
2026-02-13,-0.16897750944879494,-6.421145359054208,0.9272781917825341,-0.9627560209482908,0.6080074531067508,38
2026-02-16,-0.6317388527095318,-3.158694263547659,0.5178514569997787,-0.9627860765904188,0.6445504982689362,5
2026-02-17,-0.2113662839272163,-7.609186221379787,0.9268193561583757,-0.9670171225443482,0.587862726546138,36
2026-02-18,-0.07554434925051672,-3.1728626685217023,0.9241914171725512,-0.9388613384217024,0.5835351283032569,42
2026-02-19,-0.23079346637127968,-9.462532121222466,0.9286149656400084,-0.967825900297612,0.539757072087586,41
2026-02-20,-0.17561087055991476,-11.414706586394459,0.9212157595902681,-0.9658062034286559,0.6065909560175169,65
2026-02-21,0.8103663716465235,0.8103663716465235,0.8103663716465235,0.8103663716465235,0.0,1
2026-02-23,-0.18382864160877135,-6.617831097915769,0.874982338398695,-0.940853456966579,0.6335706038742518,36
2026-02-24,-0.18272408865053547,-10.04982487577945,0.9280605465173721,-0.9524144493043423,0.6391509549800306,55
2026-02-25,-0.027522207040226822,-0.9082328323274851,0.9318074639886618,-0.9551755012944341,0.6415769752647416,33
2026-02-26,-0.2776341447306256,-8.606658486649394,0.8069558944553137,-0.9507049387320876,0.5399337429285408,31
2026-02-27,-0.3320014813294013,-9.96004443988204,0.634475901722908,-0.9660539049655199,0.5378861420050044,30
2026-02-28,-0.40204562588284415,-9.64909502118826,0.6209933161735535,-0.9665300864726305,0.4079927838865202,24
2026-03-01,-0.4610641823150218,-4.6106418231502175,0.06819075345993042,-0.9095630710944533,0.35970046883621376,10
2026-03-02,-0.36073484357732993,-9.379105933010578,0.8068428561091423,-0.9652472157031298,0.5608417569693072,26
2026-03-03,-0.20385814101941752,-11.6199140381068,0.92170618660748,-0.9666278446093202,0.597099983955827,57
2026-03-04,-0.09896828245837241,-4.750477558001876,0.9338550474494696,-0.9458820605650544,0.5483872632602789,48
2026-03-05,-0.08444358223641757,-2.702194631565362,0.9253898728638887,-0.9668241520412266,0.644296272916705,32
2026-03-06,-0.3627777316427806,-20.678330703638494,0.9294483326375484,-0.9548099059611559,0.5850296762906483,57
2026-03-09,-0.011391119237112649,-0.38729805406183004,0.8106183689087629,-0.9579021576792002,0.5863784808664059,34
2026-03-10,-0.1445252898707986,-3.6131322467699647,0.9087049886584282,-0.9189759064465761,0.5243157876381452,25
2026-03-11,-0.21651081809693057,-4.979748816229403,0.8358683362603188,-0.908745096065104,0.6050638108831637,23
2026-03-12,0.15774124315767377,4.259013565257192,0.9395650867372751,-0.9663185374811292,0.5160134496617821,27
2026-03-13,-0.08008417539531365,-3.844040418975055,0.9089340940117836,-0.9654278922826052,0.6747025428806722,48
2026-03-15,0.5344041427597404,0.5344041427597404,0.5344041427597404,0.5344041427597404,0.0,1
2026-03-16,-0.03771549306640571,-1.6594816949218512,0.9282541833817959,-0.9151561241596937,0.6314482423451461,44
2026-03-17,-0.12174809683735172,-3.6524429051205516,0.9041991829872131,-0.9552393006160855,0.6358457984162956,30
2026-03-18,-0.05278257048574456,-3.00860651768744,0.8934035459533334,-0.9646826134994626,0.5539200944349763,57
2026-03-19,-0.18075403766016718,-9.760718033649027,0.8691265564411879,-0.9656135989353061,0.5663674459342686,54
2026-03-20,-0.30535029688229165,-9.160508906468749,0.5313302278518677,-0.964434178546071,0.48535479712915763,30
2026-03-22,-0.26122272200882435,-1.0448908880352974,0.913031367585063,-0.8891345299780369,0.8171337364076567,4
2026-03-23,-0.06277070818589879,-4.833344530314207,0.9245680570602417,-0.9193294681608677,0.5124824591541375,77
2026-03-24,-0.029004347488461507,-1.2181825945153832,0.9213601062074304,-0.9654853399842978,0.5593749703359043,42
2026-03-25,-0.24699930169365622,-8.150976955890656,0.9076786153018475,-0.9563200166448951,0.5973443176193557,33
2026-03-26,0.012305142922383366,0.4060697164386511,0.9339031595736742,-0.9659684281796217,0.5980779865751056,33
2026-03-27,-0.15348820440853253,-5.986039971932769,0.8671015165746212,-0.9660164210945368,0.5746385300291256,39
2026-03-28,-0.5713416785001755,-0.5713416785001755,-0.5713416785001755,-0.5713416785001755,0.0,1
2026-03-29,-0.942664124071598,-0.942664124071598,-0.942664124071598,-0.942664124071598,0.0,1
2026-03-30,0.04629759969086283,1.6667135888710618,0.9248727653175592,-0.9165936540812254,0.5532095787195486,36
2026-03-31,-0.12104741216171533,-3.8735171891748905,0.9056560285389423,-0.962765334174037,0.5058655105692288,32
2026-04-01,-0.16412358350223966,-7.385561257600784,0.9346955996006727,-0.9391042375937104,0.5962553694843753,45
2026-04-02,-0.12133604424550783,-5.217449902556837,0.921111480332911,-0.9648876329883933,0.6437249130780514,43
2026-04-03,-0.5343727095363041,-1.6031181286089122,0.10163639485836029,-0.9625218561850488,0.5617050091832397,3
2026-04-05,-0.22353920293971896,-0.8941568117588758,0.08517360500991344,-0.853376816958189,0.4261998697699383,4
2026-04-06,-0.21823423362470099,-6.110558541491628,0.9105139691382647,-0.9551310334354639,0.671067833773642,28
2026-04-07,-0.19465442324988544,-9.732721162494272,0.90566036850214,-0.9665291816927493,0.6203547687362607,50
2026-04-08,-0.04616183787584305,-1.984959028661251,0.9037975929677486,-0.9470559265464544,0.5250338161275572,43
2026-04-09,-0.3042021623740976,-11.863884332589805,0.9168097730726004,-0.9646862773224711,0.6338670281260955,39
2026-04-10,-0.13599142829394517,-4.623708561994135,0.8666305411607027,-0.9327861685305834,0.5763498927017433,34
2026-04-11,0.11294838320463896,0.22589676640927792,0.32663379423320293,-0.10073702782392502,0.3021968063578645,2
2026-04-13,-0.0156190645038372,-0.3280003545805812,0.7858845014125109,-0.9647701783105731,0.619653648135746,21
2026-04-14,0.03059115910864606,1.498966796323657,0.9239349514245987,-0.9538859920576215,0.6355526836030374,49
2026-04-15,-0.10888782042857943,-5.335503201000392,0.9290112517774105,-0.9403092619031668,0.5787164236794525,49
2026-04-16,0.013177413474388269,0.6456932602450252,0.9197486955672503,-0.9345574826002121,0.5979751110453303,49
2026-04-17,0.036307988601715066,1.5612435098737478,0.9081955421715975,-0.9129249760881066,0.48461189156922396,43
2026-04-18,0.8042000085115433,0.8042000085115433,0.8042000085115433,0.8042000085115433,0.0,1
2026-04-19,-0.06935922056436539,-0.13871844112873077,0.39103052765130997,-0.5297489687800407,0.6510894259041425,2
2026-04-20,0.07274999405042483,1.8914998453110456,0.930681748315692,-0.9399178996682167,0.6383238129423543,26
2026-04-21,-0.042751138335314846,-2.522317161783576,0.9203918119892478,-0.9144573640078306,0.5199543748812105,59
2026-04-22,0.09025651199260244,2.436925823800266,0.9162460062652826,-0.9383817240595818,0.6063499180301501,27
2026-04-23,-0.09643546658168946,-2.700193064287305,0.9337089797481894,-0.9260664526373148,0.5268509103763177,28
2026-04-24,-0.11948747547682036,-2.628724460490048,0.9249491514638066,-0.8864913396537304,0.5742923673096663,22
2026-04-26,-0.15398357777545849,-0.923901466652751,0.5590803511440754,-0.5373908821493387,0.39024090954746293,6
2026-04-27,-0.12846385833940335,-1.798494016751647,0.5693968236446381,-0.9575573150068521,0.4650211005831174,14
2026-04-28,-0.3795704642586686,-10.248402534984052,0.9147246591746807,-0.938956898637116,0.6161846412411212,27
2026-04-29,-0.10577949240916606,-6.98144649900496,0.9270606320351362,-0.9572223145514727,0.5523439301877601,66
2026-04-30,-0.4500415242778567,-17.551619446836412,0.8194657750427723,-0.9608411993831396,0.5197349690846305,39
2026-05-01,-0.134701388686694,-4.983951381407678,0.924358332529664,-0.9595748987048864,0.5620461780941929,37
2026-05-03,-0.0850474201142788,-0.1700948402285576,0.7926540970802307,-0.9627489373087883,1.2412573893319176,2
2026-05-04,-0.09649668304870526,-2.894900491461158,0.9343065936118364,-0.915466096252203,0.6181835528031024,30
2026-05-05,-0.21123290280811488,-8.449316112324595,0.9082154110074043,-0.9403674462810159,0.5896438757210855,40
2026-05-06,-0.12453631396688845,-2.8643352212384343,0.919560469686985,-0.9570051971822977,0.538837144284227,23
2026-05-07,-0.12125981368712689,-4.607872920110822,0.9199134185910225,-0.9408271173015237,0.6518050196739142,38
2026-05-08,-0.3700514836754236,-13.32185341231525,0.8728610426187515,-0.9324377123266459,0.4892632126090043,36
2026-05-10,-0.12339666299521923,-0.24679332599043846,0.23940692469477654,-0.486200250685215,0.5130817541888085,2
2026-05-11,-0.044147674925625324,-1.1478395480662584,0.8626271653920412,-0.952885752543807,0.538441088326048,26
2026-05-12,-0.3214277747013655,-12.21425543865189,0.910043309442699,-0.9559341194108129,0.5838274425773664,38
2026-05-13,-0.07108412207000786,-2.5590283945202827,0.9286651061847806,-0.941030303016305,0.5898577330547099,36
2026-05-14,-0.2330604427760201,-9.788538596592844,0.9376440569758415,-0.9488455466926098,0.6642301232514923,42
2026-05-15,0.15025837581466744,4.056976146996021,0.9264538120478392,-0.9617036199197173,0.6035470486331732,27
2026-05-16,-0.21607080101966858,-0.21607080101966858,-0.21607080101966858,-0.21607080101966858,0.0,1
2026-05-18,0.12612237289015735,4.414283051155508,0.8536195177584887,-0.9428180018439889,0.51566673238409,35
2026-05-19,-0.1366022444463202,-4.781078555621207,0.9074707366526127,-0.9661017674952745,0.5997001793952915,35
2026-05-20,-0.025685672234329913,-0.6935131503269076,0.869496051222086,-0.9272228954359889,0.5351442089505727,27
2026-05-21,-0.33370222404685823,-14.349195634014904,0.9006403125822544,-0.9603526555001736,0.5476658838114217,43
2026-05-22,-0.02263645358616486,-0.9054581434465945,0.9118396397680044,-0.9622668358497322,0.5638187117598901,40
2026-05-23,0.91208216547966,0.91208216547966,0.91208216547966,0.91208216547966,0.0,1
2026-05-24,0.835370983928442,0.835370983928442,0.835370983928442,0.835370983928442,0.0,1
2026-05-25,-0.061990715829389434,-0.43393501080572605,0.033339083194732666,-0.36037347465753555,0.13506144368122702,7
2026-05-26,0.08127225195575091,1.4629005352035165,0.9018226824700832,-0.9588493052870035,0.5382661098918928,18
2026-05-27,-0.06240226321950041,-1.809665633365512,0.897446271032095,-0.8975469209253788,0.5696349941257299,29
2026-05-28,-0.18531168694607913,-10.377454468980432,0.9223624533042312,-0.9644138300791383,0.6256777611745892,56
2026-05-29,0.06740923400786591,2.7637785943225026,0.9123326856642962,-0.9143736194819212,0.5826977092807568,41
2026-05-31,-0.040487680584192276,-0.040487680584192276,-0.040487680584192276,-0.040487680584192276,0.0,1
2026-06-01,-0.060612330911681056,-1.4546959418803453,0.9043410308659077,-0.916196420788765,0.5634073981433528,24
2026-06-02,-0.08239301649321402,-2.883755577262491,0.9257630109786987,-0.969225843437016,0.6495566952741336,35
2026-06-03,-0.08476956190660279,-3.984169409610331,0.9272690750658512,-0.9317549951374531,0.6048993856686448,47
2026-06-04,-0.012351174869885047,-0.3705352460965514,0.9107522740960121,-0.9651570543646812,0.601865626566807,30
2026-06-05,-0.2745056589764933,-8.509675428271294,0.8756570080295205,-0.9459663461893797,0.6102263199498404,31
2026-06-07,-0.06577202677726746,-0.06577202677726746,-0.06577202677726746,-0.06577202677726746,0.0,1
2026-06-08,-0.19506608082779817,-2.7309251315891743,0.9306601509451866,-0.9063894916325808,0.6765245646644441,14
2026-06-09,-0.06433652787758358,-1.865759308449924,0.9334896057844162,-0.9639963377267122,0.6966715035470095,29
2026-06-10,-0.2925832459470257,-11.703329837881029,0.9012103276327252,-0.967307792045176,0.5747766236806651,40
2026-06-11,-0.19214052841481236,-5.1877942671999335,0.9091812409460545,-0.9589809393510222,0.5253897098282351,27
2026-06-12,0.0743976727199669,1.9343394907191396,0.9202483957633376,-0.9358157515525818,0.5396683096387869,26
2026-06-13,-0.7112339064478874,-0.7112339064478874,-0.7112339064478874,-0.7112339064478874,0.0,1
2026-06-14,0.19089503772556782,0.19089503772556782,0.19089503772556782,0.19089503772556782,0.0,1
2026-06-15,-0.06714986117246251,-1.6115966681391,0.894092682749033,-0.924577634781599,0.5410934628441983,24
2026-06-16,-0.41794550077368814,-10.030692018568516,0.896889716386795,-0.9506205301731825,0.5524607269574006,24
2026-06-17,0.0986511905737702,6.116373815573752,0.9260405488312244,-0.9622005270794034,0.5800769344200253,62
2026-06-18,0.05376822128891945,0.05376822128891945,0.05376822128891945,0.05376822128891945,0.0,1
