stock,seed,method,strategy,split,rmse,direction_accuracy,forecast_horizon,checkpoint_path,checkpoint_selection,encoder_weight_source,fine_tune_encoder,trend_weight,trend_loss_temperature,trend_loss_threshold,trend_selection_weight,normalization,feature_transform,forecast_target,target_definition,metric_definition,test_start,test_end,test_signature,experiment_id,config_signature,timestamp,git_commit_sha,original_source_file,score_source_file,raw_model,selected_bundle,included_in_canonical,exclusion_reason,metadata_sources
AAPL,42,Naive-last,local_long,test,0.0344127943076843,0.0,5,./logs/output_model/AAPL/lr_1e-05_ema_momentum_0.998_mask_ratio_0.7_ratio_patches_10_encoder_256_2_1_predictor_128_2_1_local_mae_long_jepa_ljepa_1.5_lmae_0.5_mae_1_gap_4_jepa_4_cfg_1cc2223b2853_best.pt,best_pretraining_validation,ema,True,0.001,0.01,1e-05,0.0005,window_return,raw,relative_return,Close[t+h] / Close[t] - 1,RMSE over all saved rolling-step/horizon target values; project_within_trajectory_v1: sign of consecutive forecast-horizon differences equals sign of consecutive target differences; relative-return paths additionally include the known zero origin; cumulative/excess log-return targets compare the binary indicators (forecast > 0) and (target > 0) at each horizon,2025-01-02T00:00:00,2025-12-31T00:00:00,f5030de2cc34eb770026,61960b3439f7231b,61960b3439f7231b,20260909_224632,c8259a8ebe4a39b88e99ea33cb42d3bd41adb08c,results/05_benchmark_local_long_market_only_context_12/local_long/AAPL/seed_42/last_model_comparison_20260909_224632.csv,results/05_benchmark_local_long_market_only_context_12/local_long/AAPL/seed_42/last_baseline_scores_after_observation_20260909_224632.csv,naive_last,True,True,,config/experiments/chapter5_benchmark/05_benchmark_local_long_market_only_context_12.json;results/05_benchmark_local_long_market_only_context_12/local_long/AAPL/seed_42/preprocessing_config.json
AAPL,42,Mean-context,local_long,test,0.03562805592422919,0.504,5,./logs/output_model/AAPL/lr_1e-05_ema_momentum_0.998_mask_ratio_0.7_ratio_patches_10_encoder_256_2_1_predictor_128_2_1_local_mae_long_jepa_ljepa_1.5_lmae_0.5_mae_1_gap_4_jepa_4_cfg_1cc2223b2853_best.pt,best_pretraining_validation,ema,True,0.001,0.01,1e-05,0.0005,window_return,raw,relative_return,Close[t+h] / Close[t] - 1,RMSE over all saved rolling-step/horizon target values; project_within_trajectory_v1: sign of consecutive forecast-horizon differences equals sign of consecutive target differences; relative-return paths additionally include the known zero origin; cumulative/excess log-return targets compare the binary indicators (forecast > 0) and (target > 0) at each horizon,2025-01-02T00:00:00,2025-12-31T00:00:00,f5030de2cc34eb770026,61960b3439f7231b,61960b3439f7231b,20260909_224632,c8259a8ebe4a39b88e99ea33cb42d3bd41adb08c,results/05_benchmark_local_long_market_only_context_12/local_long/AAPL/seed_42/last_model_comparison_20260909_224632.csv,results/05_benchmark_local_long_market_only_context_12/local_long/AAPL/seed_42/last_baseline_scores_after_observation_20260909_224632.csv,mean_context,True,True,,config/experiments/chapter5_benchmark/05_benchmark_local_long_market_only_context_12.json;results/05_benchmark_local_long_market_only_context_12/local_long/AAPL/seed_42/preprocessing_config.json
AAPL,42,Drift,local_long,test,0.03573822108826653,0.504,5,./logs/output_model/AAPL/lr_1e-05_ema_momentum_0.998_mask_ratio_0.7_ratio_patches_10_encoder_256_2_1_predictor_128_2_1_local_mae_long_jepa_ljepa_1.5_lmae_0.5_mae_1_gap_4_jepa_4_cfg_1cc2223b2853_best.pt,best_pretraining_validation,ema,True,0.001,0.01,1e-05,0.0005,window_return,raw,relative_return,Close[t+h] / Close[t] - 1,RMSE over all saved rolling-step/horizon target values; project_within_trajectory_v1: sign of consecutive forecast-horizon differences equals sign of consecutive target differences; relative-return paths additionally include the known zero origin; cumulative/excess log-return targets compare the binary indicators (forecast > 0) and (target > 0) at each horizon,2025-01-02T00:00:00,2025-12-31T00:00:00,f5030de2cc34eb770026,61960b3439f7231b,61960b3439f7231b,20260909_224632,c8259a8ebe4a39b88e99ea33cb42d3bd41adb08c,results/05_benchmark_local_long_market_only_context_12/local_long/AAPL/seed_42/last_model_comparison_20260909_224632.csv,results/05_benchmark_local_long_market_only_context_12/local_long/AAPL/seed_42/last_baseline_scores_after_observation_20260909_224632.csv,drift,True,True,,config/experiments/chapter5_benchmark/05_benchmark_local_long_market_only_context_12.json;results/05_benchmark_local_long_market_only_context_12/local_long/AAPL/seed_42/preprocessing_config.json
AAPL,42,GRU,local_long,test,0.03652493927082406,0.492,5,./logs/output_model/AAPL/lr_1e-05_ema_momentum_0.998_mask_ratio_0.7_ratio_patches_10_encoder_256_2_1_predictor_128_2_1_local_mae_long_jepa_ljepa_1.5_lmae_0.5_mae_1_gap_4_jepa_4_cfg_1cc2223b2853_best.pt,best_pretraining_validation,ema,True,0.001,0.01,1e-05,0.0005,window_return,raw,relative_return,Close[t+h] / Close[t] - 1,RMSE over all saved rolling-step/horizon target values; project_within_trajectory_v1: sign of consecutive forecast-horizon differences equals sign of consecutive target differences; relative-return paths additionally include the known zero origin; cumulative/excess log-return targets compare the binary indicators (forecast > 0) and (target > 0) at each horizon,2025-01-02T00:00:00,2025-12-31T00:00:00,f5030de2cc34eb770026,61960b3439f7231b,61960b3439f7231b,20260909_224632,c8259a8ebe4a39b88e99ea33cb42d3bd41adb08c,results/05_benchmark_local_long_market_only_context_12/local_long/AAPL/seed_42/last_model_comparison_20260909_224632.csv,results/05_benchmark_local_long_market_only_context_12/local_long/AAPL/seed_42/last_gru_scores_after_observation_20260909_224632.csv,GRU,True,True,,config/experiments/chapter5_benchmark/05_benchmark_local_long_market_only_context_12.json;results/05_benchmark_local_long_market_only_context_12/local_long/AAPL/seed_42/preprocessing_config.json
AAPL,42,Local-MAE/Long-JEPA,local_long,test,0.03726035750678803,0.536,5,./logs/output_model/AAPL/lr_1e-05_ema_momentum_0.998_mask_ratio_0.7_ratio_patches_10_encoder_256_2_1_predictor_128_2_1_local_mae_long_jepa_ljepa_1.5_lmae_0.5_mae_1_gap_4_jepa_4_cfg_1cc2223b2853_best.pt,best_pretraining_validation,ema,True,0.001,0.01,1e-05,0.0005,window_return,raw,relative_return,Close[t+h] / Close[t] - 1,RMSE over all saved rolling-step/horizon target values; project_within_trajectory_v1: sign of consecutive forecast-horizon differences equals sign of consecutive target differences; relative-return paths additionally include the known zero origin; cumulative/excess log-return targets compare the binary indicators (forecast > 0) and (target > 0) at each horizon,2025-01-02T00:00:00,2025-12-31T00:00:00,f5030de2cc34eb770026,61960b3439f7231b,61960b3439f7231b,20260909_224632,c8259a8ebe4a39b88e99ea33cb42d3bd41adb08c,results/05_benchmark_local_long_market_only_context_12/local_long/AAPL/seed_42/last_model_comparison_20260909_224632.csv,results/05_benchmark_local_long_market_only_context_12/local_long/AAPL/seed_42/last_scores_after_observation_20260909_224632.csv,TS-JEPA,True,True,,config/experiments/chapter5_benchmark/05_benchmark_local_long_market_only_context_12.json;results/05_benchmark_local_long_market_only_context_12/local_long/AAPL/seed_42/preprocessing_config.json
AAPL,44,Naive-last,local_long,test,0.0344127943076843,0.0,5,./logs/output_model/AAPL/lr_1e-05_ema_momentum_0.998_mask_ratio_0.7_ratio_patches_10_encoder_256_2_1_predictor_128_2_1_local_mae_long_jepa_ljepa_1.5_lmae_0.5_mae_1_gap_4_jepa_4_cfg_7174a5f1b760_best.pt,best_pretraining_validation,ema,True,0.001,0.01,1e-05,0.0005,window_return,raw,relative_return,Close[t+h] / Close[t] - 1,RMSE over all saved rolling-step/horizon target values; project_within_trajectory_v1: sign of consecutive forecast-horizon differences equals sign of consecutive target differences; relative-return paths additionally include the known zero origin; cumulative/excess log-return targets compare the binary indicators (forecast > 0) and (target > 0) at each horizon,2025-01-02T00:00:00,2025-12-31T00:00:00,f5030de2cc34eb770026,61960b3439f7231b,61960b3439f7231b,20260909_224723,c8259a8ebe4a39b88e99ea33cb42d3bd41adb08c,results/05_benchmark_local_long_market_only_context_12/local_long/AAPL/seed_44/last_model_comparison_20260909_224723.csv,results/05_benchmark_local_long_market_only_context_12/local_long/AAPL/seed_44/last_baseline_scores_after_observation_20260909_224723.csv,naive_last,True,True,,config/experiments/chapter5_benchmark/05_benchmark_local_long_market_only_context_12.json;results/05_benchmark_local_long_market_only_context_12/local_long/AAPL/seed_44/preprocessing_config.json
AAPL,44,GRU,local_long,test,0.03497597376063606,0.52,5,./logs/output_model/AAPL/lr_1e-05_ema_momentum_0.998_mask_ratio_0.7_ratio_patches_10_encoder_256_2_1_predictor_128_2_1_local_mae_long_jepa_ljepa_1.5_lmae_0.5_mae_1_gap_4_jepa_4_cfg_7174a5f1b760_best.pt,best_pretraining_validation,ema,True,0.001,0.01,1e-05,0.0005,window_return,raw,relative_return,Close[t+h] / Close[t] - 1,RMSE over all saved rolling-step/horizon target values; project_within_trajectory_v1: sign of consecutive forecast-horizon differences equals sign of consecutive target differences; relative-return paths additionally include the known zero origin; cumulative/excess log-return targets compare the binary indicators (forecast > 0) and (target > 0) at each horizon,2025-01-02T00:00:00,2025-12-31T00:00:00,f5030de2cc34eb770026,61960b3439f7231b,61960b3439f7231b,20260909_224723,c8259a8ebe4a39b88e99ea33cb42d3bd41adb08c,results/05_benchmark_local_long_market_only_context_12/local_long/AAPL/seed_44/last_model_comparison_20260909_224723.csv,results/05_benchmark_local_long_market_only_context_12/local_long/AAPL/seed_44/last_gru_scores_after_observation_20260909_224723.csv,GRU,True,True,,config/experiments/chapter5_benchmark/05_benchmark_local_long_market_only_context_12.json;results/05_benchmark_local_long_market_only_context_12/local_long/AAPL/seed_44/preprocessing_config.json
AAPL,44,Mean-context,local_long,test,0.03562805592422919,0.504,5,./logs/output_model/AAPL/lr_1e-05_ema_momentum_0.998_mask_ratio_0.7_ratio_patches_10_encoder_256_2_1_predictor_128_2_1_local_mae_long_jepa_ljepa_1.5_lmae_0.5_mae_1_gap_4_jepa_4_cfg_7174a5f1b760_best.pt,best_pretraining_validation,ema,True,0.001,0.01,1e-05,0.0005,window_return,raw,relative_return,Close[t+h] / Close[t] - 1,RMSE over all saved rolling-step/horizon target values; project_within_trajectory_v1: sign of consecutive forecast-horizon differences equals sign of consecutive target differences; relative-return paths additionally include the known zero origin; cumulative/excess log-return targets compare the binary indicators (forecast > 0) and (target > 0) at each horizon,2025-01-02T00:00:00,2025-12-31T00:00:00,f5030de2cc34eb770026,61960b3439f7231b,61960b3439f7231b,20260909_224723,c8259a8ebe4a39b88e99ea33cb42d3bd41adb08c,results/05_benchmark_local_long_market_only_context_12/local_long/AAPL/seed_44/last_model_comparison_20260909_224723.csv,results/05_benchmark_local_long_market_only_context_12/local_long/AAPL/seed_44/last_baseline_scores_after_observation_20260909_224723.csv,mean_context,True,True,,config/experiments/chapter5_benchmark/05_benchmark_local_long_market_only_context_12.json;results/05_benchmark_local_long_market_only_context_12/local_long/AAPL/seed_44/preprocessing_config.json
AAPL,44,Drift,local_long,test,0.03573822108826653,0.504,5,./logs/output_model/AAPL/lr_1e-05_ema_momentum_0.998_mask_ratio_0.7_ratio_patches_10_encoder_256_2_1_predictor_128_2_1_local_mae_long_jepa_ljepa_1.5_lmae_0.5_mae_1_gap_4_jepa_4_cfg_7174a5f1b760_best.pt,best_pretraining_validation,ema,True,0.001,0.01,1e-05,0.0005,window_return,raw,relative_return,Close[t+h] / Close[t] - 1,RMSE over all saved rolling-step/horizon target values; project_within_trajectory_v1: sign of consecutive forecast-horizon differences equals sign of consecutive target differences; relative-return paths additionally include the known zero origin; cumulative/excess log-return targets compare the binary indicators (forecast > 0) and (target > 0) at each horizon,2025-01-02T00:00:00,2025-12-31T00:00:00,f5030de2cc34eb770026,61960b3439f7231b,61960b3439f7231b,20260909_224723,c8259a8ebe4a39b88e99ea33cb42d3bd41adb08c,results/05_benchmark_local_long_market_only_context_12/local_long/AAPL/seed_44/last_model_comparison_20260909_224723.csv,results/05_benchmark_local_long_market_only_context_12/local_long/AAPL/seed_44/last_baseline_scores_after_observation_20260909_224723.csv,drift,True,True,,config/experiments/chapter5_benchmark/05_benchmark_local_long_market_only_context_12.json;results/05_benchmark_local_long_market_only_context_12/local_long/AAPL/seed_44/preprocessing_config.json
AAPL,44,Local-MAE/Long-JEPA,local_long,test,0.03748065091912438,0.484,5,./logs/output_model/AAPL/lr_1e-05_ema_momentum_0.998_mask_ratio_0.7_ratio_patches_10_encoder_256_2_1_predictor_128_2_1_local_mae_long_jepa_ljepa_1.5_lmae_0.5_mae_1_gap_4_jepa_4_cfg_7174a5f1b760_best.pt,best_pretraining_validation,ema,True,0.001,0.01,1e-05,0.0005,window_return,raw,relative_return,Close[t+h] / Close[t] - 1,RMSE over all saved rolling-step/horizon target values; project_within_trajectory_v1: sign of consecutive forecast-horizon differences equals sign of consecutive target differences; relative-return paths additionally include the known zero origin; cumulative/excess log-return targets compare the binary indicators (forecast > 0) and (target > 0) at each horizon,2025-01-02T00:00:00,2025-12-31T00:00:00,f5030de2cc34eb770026,61960b3439f7231b,61960b3439f7231b,20260909_224723,c8259a8ebe4a39b88e99ea33cb42d3bd41adb08c,results/05_benchmark_local_long_market_only_context_12/local_long/AAPL/seed_44/last_model_comparison_20260909_224723.csv,results/05_benchmark_local_long_market_only_context_12/local_long/AAPL/seed_44/last_scores_after_observation_20260909_224723.csv,TS-JEPA,True,True,,config/experiments/chapter5_benchmark/05_benchmark_local_long_market_only_context_12.json;results/05_benchmark_local_long_market_only_context_12/local_long/AAPL/seed_44/preprocessing_config.json
AAPL,46,Naive-last,local_long,test,0.0344127943076843,0.0,5,./logs/output_model/AAPL/lr_1e-05_ema_momentum_0.998_mask_ratio_0.7_ratio_patches_10_encoder_256_2_1_predictor_128_2_1_local_mae_long_jepa_ljepa_1.5_lmae_0.5_mae_1_gap_4_jepa_4_cfg_36df34bc7a59_best.pt,best_pretraining_validation,ema,True,0.001,0.01,1e-05,0.0005,window_return,raw,relative_return,Close[t+h] / Close[t] - 1,RMSE over all saved rolling-step/horizon target values; project_within_trajectory_v1: sign of consecutive forecast-horizon differences equals sign of consecutive target differences; relative-return paths additionally include the known zero origin; cumulative/excess log-return targets compare the binary indicators (forecast > 0) and (target > 0) at each horizon,2025-01-02T00:00:00,2025-12-31T00:00:00,f5030de2cc34eb770026,61960b3439f7231b,61960b3439f7231b,20260909_224724,c8259a8ebe4a39b88e99ea33cb42d3bd41adb08c,results/05_benchmark_local_long_market_only_context_12/local_long/AAPL/seed_46/last_model_comparison_20260909_224724.csv,results/05_benchmark_local_long_market_only_context_12/local_long/AAPL/seed_46/last_baseline_scores_after_observation_20260909_224724.csv,naive_last,True,True,,config/experiments/chapter5_benchmark/05_benchmark_local_long_market_only_context_12.json;results/05_benchmark_local_long_market_only_context_12/local_long/AAPL/seed_46/preprocessing_config.json
AAPL,46,GRU,local_long,test,0.035018324725563106,0.472,5,./logs/output_model/AAPL/lr_1e-05_ema_momentum_0.998_mask_ratio_0.7_ratio_patches_10_encoder_256_2_1_predictor_128_2_1_local_mae_long_jepa_ljepa_1.5_lmae_0.5_mae_1_gap_4_jepa_4_cfg_36df34bc7a59_best.pt,best_pretraining_validation,ema,True,0.001,0.01,1e-05,0.0005,window_return,raw,relative_return,Close[t+h] / Close[t] - 1,RMSE over all saved rolling-step/horizon target values; project_within_trajectory_v1: sign of consecutive forecast-horizon differences equals sign of consecutive target differences; relative-return paths additionally include the known zero origin; cumulative/excess log-return targets compare the binary indicators (forecast > 0) and (target > 0) at each horizon,2025-01-02T00:00:00,2025-12-31T00:00:00,f5030de2cc34eb770026,61960b3439f7231b,61960b3439f7231b,20260909_224724,c8259a8ebe4a39b88e99ea33cb42d3bd41adb08c,results/05_benchmark_local_long_market_only_context_12/local_long/AAPL/seed_46/last_model_comparison_20260909_224724.csv,results/05_benchmark_local_long_market_only_context_12/local_long/AAPL/seed_46/last_gru_scores_after_observation_20260909_224724.csv,GRU,True,True,,config/experiments/chapter5_benchmark/05_benchmark_local_long_market_only_context_12.json;results/05_benchmark_local_long_market_only_context_12/local_long/AAPL/seed_46/preprocessing_config.json
AAPL,46,Mean-context,local_long,test,0.03562805592422919,0.504,5,./logs/output_model/AAPL/lr_1e-05_ema_momentum_0.998_mask_ratio_0.7_ratio_patches_10_encoder_256_2_1_predictor_128_2_1_local_mae_long_jepa_ljepa_1.5_lmae_0.5_mae_1_gap_4_jepa_4_cfg_36df34bc7a59_best.pt,best_pretraining_validation,ema,True,0.001,0.01,1e-05,0.0005,window_return,raw,relative_return,Close[t+h] / Close[t] - 1,RMSE over all saved rolling-step/horizon target values; project_within_trajectory_v1: sign of consecutive forecast-horizon differences equals sign of consecutive target differences; relative-return paths additionally include the known zero origin; cumulative/excess log-return targets compare the binary indicators (forecast > 0) and (target > 0) at each horizon,2025-01-02T00:00:00,2025-12-31T00:00:00,f5030de2cc34eb770026,61960b3439f7231b,61960b3439f7231b,20260909_224724,c8259a8ebe4a39b88e99ea33cb42d3bd41adb08c,results/05_benchmark_local_long_market_only_context_12/local_long/AAPL/seed_46/last_model_comparison_20260909_224724.csv,results/05_benchmark_local_long_market_only_context_12/local_long/AAPL/seed_46/last_baseline_scores_after_observation_20260909_224724.csv,mean_context,True,True,,config/experiments/chapter5_benchmark/05_benchmark_local_long_market_only_context_12.json;results/05_benchmark_local_long_market_only_context_12/local_long/AAPL/seed_46/preprocessing_config.json
AAPL,46,Drift,local_long,test,0.03573822108826653,0.504,5,./logs/output_model/AAPL/lr_1e-05_ema_momentum_0.998_mask_ratio_0.7_ratio_patches_10_encoder_256_2_1_predictor_128_2_1_local_mae_long_jepa_ljepa_1.5_lmae_0.5_mae_1_gap_4_jepa_4_cfg_36df34bc7a59_best.pt,best_pretraining_validation,ema,True,0.001,0.01,1e-05,0.0005,window_return,raw,relative_return,Close[t+h] / Close[t] - 1,RMSE over all saved rolling-step/horizon target values; project_within_trajectory_v1: sign of consecutive forecast-horizon differences equals sign of consecutive target differences; relative-return paths additionally include the known zero origin; cumulative/excess log-return targets compare the binary indicators (forecast > 0) and (target > 0) at each horizon,2025-01-02T00:00:00,2025-12-31T00:00:00,f5030de2cc34eb770026,61960b3439f7231b,61960b3439f7231b,20260909_224724,c8259a8ebe4a39b88e99ea33cb42d3bd41adb08c,results/05_benchmark_local_long_market_only_context_12/local_long/AAPL/seed_46/last_model_comparison_20260909_224724.csv,results/05_benchmark_local_long_market_only_context_12/local_long/AAPL/seed_46/last_baseline_scores_after_observation_20260909_224724.csv,drift,True,True,,config/experiments/chapter5_benchmark/05_benchmark_local_long_market_only_context_12.json;results/05_benchmark_local_long_market_only_context_12/local_long/AAPL/seed_46/preprocessing_config.json
AAPL,46,Local-MAE/Long-JEPA,local_long,test,0.03799861361722209,0.492,5,./logs/output_model/AAPL/lr_1e-05_ema_momentum_0.998_mask_ratio_0.7_ratio_patches_10_encoder_256_2_1_predictor_128_2_1_local_mae_long_jepa_ljepa_1.5_lmae_0.5_mae_1_gap_4_jepa_4_cfg_36df34bc7a59_best.pt,best_pretraining_validation,ema,True,0.001,0.01,1e-05,0.0005,window_return,raw,relative_return,Close[t+h] / Close[t] - 1,RMSE over all saved rolling-step/horizon target values; project_within_trajectory_v1: sign of consecutive forecast-horizon differences equals sign of consecutive target differences; relative-return paths additionally include the known zero origin; cumulative/excess log-return targets compare the binary indicators (forecast > 0) and (target > 0) at each horizon,2025-01-02T00:00:00,2025-12-31T00:00:00,f5030de2cc34eb770026,61960b3439f7231b,61960b3439f7231b,20260909_224724,c8259a8ebe4a39b88e99ea33cb42d3bd41adb08c,results/05_benchmark_local_long_market_only_context_12/local_long/AAPL/seed_46/last_model_comparison_20260909_224724.csv,results/05_benchmark_local_long_market_only_context_12/local_long/AAPL/seed_46/last_scores_after_observation_20260909_224724.csv,TS-JEPA,True,True,,config/experiments/chapter5_benchmark/05_benchmark_local_long_market_only_context_12.json;results/05_benchmark_local_long_market_only_context_12/local_long/AAPL/seed_46/preprocessing_config.json
AVGO,42,Naive-last,local_long,test,0.055248869214464626,0.004,5,./logs/output_model/AVGO/lr_1e-05_ema_momentum_0.998_mask_ratio_0.7_ratio_patches_10_encoder_256_2_1_predictor_128_2_1_local_mae_long_jepa_ljepa_1.5_lmae_0.5_mae_1_gap_4_jepa_4_cfg_1cc2223b2853_best.pt,best_pretraining_validation,ema,True,0.001,0.01,1e-05,0.0005,window_return,raw,relative_return,Close[t+h] / Close[t] - 1,RMSE over all saved rolling-step/horizon target values; project_within_trajectory_v1: sign of consecutive forecast-horizon differences equals sign of consecutive target differences; relative-return paths additionally include the known zero origin; cumulative/excess log-return targets compare the binary indicators (forecast > 0) and (target > 0) at each horizon,2025-01-02T00:00:00,2025-12-31T00:00:00,5d1af6669ad216d8c3c4,61960b3439f7231b,61960b3439f7231b,20260909_224815,c8259a8ebe4a39b88e99ea33cb42d3bd41adb08c,results/05_benchmark_local_long_market_only_context_12/local_long/AVGO/seed_42/last_model_comparison_20260909_224815.csv,results/05_benchmark_local_long_market_only_context_12/local_long/AVGO/seed_42/last_baseline_scores_after_observation_20260909_224815.csv,naive_last,True,True,,config/experiments/chapter5_benchmark/05_benchmark_local_long_market_only_context_12.json;results/05_benchmark_local_long_market_only_context_12/local_long/AVGO/seed_42/preprocessing_config.json
AVGO,42,Drift,local_long,test,0.057430494599692204,0.548,5,./logs/output_model/AVGO/lr_1e-05_ema_momentum_0.998_mask_ratio_0.7_ratio_patches_10_encoder_256_2_1_predictor_128_2_1_local_mae_long_jepa_ljepa_1.5_lmae_0.5_mae_1_gap_4_jepa_4_cfg_1cc2223b2853_best.pt,best_pretraining_validation,ema,True,0.001,0.01,1e-05,0.0005,window_return,raw,relative_return,Close[t+h] / Close[t] - 1,RMSE over all saved rolling-step/horizon target values; project_within_trajectory_v1: sign of consecutive forecast-horizon differences equals sign of consecutive target differences; relative-return paths additionally include the known zero origin; cumulative/excess log-return targets compare the binary indicators (forecast > 0) and (target > 0) at each horizon,2025-01-02T00:00:00,2025-12-31T00:00:00,5d1af6669ad216d8c3c4,61960b3439f7231b,61960b3439f7231b,20260909_224815,c8259a8ebe4a39b88e99ea33cb42d3bd41adb08c,results/05_benchmark_local_long_market_only_context_12/local_long/AVGO/seed_42/last_model_comparison_20260909_224815.csv,results/05_benchmark_local_long_market_only_context_12/local_long/AVGO/seed_42/last_baseline_scores_after_observation_20260909_224815.csv,drift,True,True,,config/experiments/chapter5_benchmark/05_benchmark_local_long_market_only_context_12.json;results/05_benchmark_local_long_market_only_context_12/local_long/AVGO/seed_42/preprocessing_config.json
AVGO,42,Mean-context,local_long,test,0.05783358262809478,0.548,5,./logs/output_model/AVGO/lr_1e-05_ema_momentum_0.998_mask_ratio_0.7_ratio_patches_10_encoder_256_2_1_predictor_128_2_1_local_mae_long_jepa_ljepa_1.5_lmae_0.5_mae_1_gap_4_jepa_4_cfg_1cc2223b2853_best.pt,best_pretraining_validation,ema,True,0.001,0.01,1e-05,0.0005,window_return,raw,relative_return,Close[t+h] / Close[t] - 1,RMSE over all saved rolling-step/horizon target values; project_within_trajectory_v1: sign of consecutive forecast-horizon differences equals sign of consecutive target differences; relative-return paths additionally include the known zero origin; cumulative/excess log-return targets compare the binary indicators (forecast > 0) and (target > 0) at each horizon,2025-01-02T00:00:00,2025-12-31T00:00:00,5d1af6669ad216d8c3c4,61960b3439f7231b,61960b3439f7231b,20260909_224815,c8259a8ebe4a39b88e99ea33cb42d3bd41adb08c,results/05_benchmark_local_long_market_only_context_12/local_long/AVGO/seed_42/last_model_comparison_20260909_224815.csv,results/05_benchmark_local_long_market_only_context_12/local_long/AVGO/seed_42/last_baseline_scores_after_observation_20260909_224815.csv,mean_context,True,True,,config/experiments/chapter5_benchmark/05_benchmark_local_long_market_only_context_12.json;results/05_benchmark_local_long_market_only_context_12/local_long/AVGO/seed_42/preprocessing_config.json
AVGO,42,Local-MAE/Long-JEPA,local_long,test,0.05796874284347931,0.512,5,./logs/output_model/AVGO/lr_1e-05_ema_momentum_0.998_mask_ratio_0.7_ratio_patches_10_encoder_256_2_1_predictor_128_2_1_local_mae_long_jepa_ljepa_1.5_lmae_0.5_mae_1_gap_4_jepa_4_cfg_1cc2223b2853_best.pt,best_pretraining_validation,ema,True,0.001,0.01,1e-05,0.0005,window_return,raw,relative_return,Close[t+h] / Close[t] - 1,RMSE over all saved rolling-step/horizon target values; project_within_trajectory_v1: sign of consecutive forecast-horizon differences equals sign of consecutive target differences; relative-return paths additionally include the known zero origin; cumulative/excess log-return targets compare the binary indicators (forecast > 0) and (target > 0) at each horizon,2025-01-02T00:00:00,2025-12-31T00:00:00,5d1af6669ad216d8c3c4,61960b3439f7231b,61960b3439f7231b,20260909_224815,c8259a8ebe4a39b88e99ea33cb42d3bd41adb08c,results/05_benchmark_local_long_market_only_context_12/local_long/AVGO/seed_42/last_model_comparison_20260909_224815.csv,results/05_benchmark_local_long_market_only_context_12/local_long/AVGO/seed_42/last_scores_after_observation_20260909_224815.csv,TS-JEPA,True,True,,config/experiments/chapter5_benchmark/05_benchmark_local_long_market_only_context_12.json;results/05_benchmark_local_long_market_only_context_12/local_long/AVGO/seed_42/preprocessing_config.json
AVGO,42,GRU,local_long,test,0.06906177391054943,0.532,5,./logs/output_model/AVGO/lr_1e-05_ema_momentum_0.998_mask_ratio_0.7_ratio_patches_10_encoder_256_2_1_predictor_128_2_1_local_mae_long_jepa_ljepa_1.5_lmae_0.5_mae_1_gap_4_jepa_4_cfg_1cc2223b2853_best.pt,best_pretraining_validation,ema,True,0.001,0.01,1e-05,0.0005,window_return,raw,relative_return,Close[t+h] / Close[t] - 1,RMSE over all saved rolling-step/horizon target values; project_within_trajectory_v1: sign of consecutive forecast-horizon differences equals sign of consecutive target differences; relative-return paths additionally include the known zero origin; cumulative/excess log-return targets compare the binary indicators (forecast > 0) and (target > 0) at each horizon,2025-01-02T00:00:00,2025-12-31T00:00:00,5d1af6669ad216d8c3c4,61960b3439f7231b,61960b3439f7231b,20260909_224815,c8259a8ebe4a39b88e99ea33cb42d3bd41adb08c,results/05_benchmark_local_long_market_only_context_12/local_long/AVGO/seed_42/last_model_comparison_20260909_224815.csv,results/05_benchmark_local_long_market_only_context_12/local_long/AVGO/seed_42/last_gru_scores_after_observation_20260909_224815.csv,GRU,True,True,,config/experiments/chapter5_benchmark/05_benchmark_local_long_market_only_context_12.json;results/05_benchmark_local_long_market_only_context_12/local_long/AVGO/seed_42/preprocessing_config.json
AVGO,44,GRU,local_long,test,0.05499885947013816,0.556,5,./logs/output_model/AVGO/lr_1e-05_ema_momentum_0.998_mask_ratio_0.7_ratio_patches_10_encoder_256_2_1_predictor_128_2_1_local_mae_long_jepa_ljepa_1.5_lmae_0.5_mae_1_gap_4_jepa_4_cfg_7174a5f1b760_best.pt,best_pretraining_validation,ema,True,0.001,0.01,1e-05,0.0005,window_return,raw,relative_return,Close[t+h] / Close[t] - 1,RMSE over all saved rolling-step/horizon target values; project_within_trajectory_v1: sign of consecutive forecast-horizon differences equals sign of consecutive target differences; relative-return paths additionally include the known zero origin; cumulative/excess log-return targets compare the binary indicators (forecast > 0) and (target > 0) at each horizon,2025-01-02T00:00:00,2025-12-31T00:00:00,5d1af6669ad216d8c3c4,61960b3439f7231b,61960b3439f7231b,20260909_224816,c8259a8ebe4a39b88e99ea33cb42d3bd41adb08c,results/05_benchmark_local_long_market_only_context_12/local_long/AVGO/seed_44/last_model_comparison_20260909_224816.csv,results/05_benchmark_local_long_market_only_context_12/local_long/AVGO/seed_44/last_gru_scores_after_observation_20260909_224816.csv,GRU,True,True,,config/experiments/chapter5_benchmark/05_benchmark_local_long_market_only_context_12.json;results/05_benchmark_local_long_market_only_context_12/local_long/AVGO/seed_44/preprocessing_config.json
AVGO,44,Naive-last,local_long,test,0.055248869214464626,0.004,5,./logs/output_model/AVGO/lr_1e-05_ema_momentum_0.998_mask_ratio_0.7_ratio_patches_10_encoder_256_2_1_predictor_128_2_1_local_mae_long_jepa_ljepa_1.5_lmae_0.5_mae_1_gap_4_jepa_4_cfg_7174a5f1b760_best.pt,best_pretraining_validation,ema,True,0.001,0.01,1e-05,0.0005,window_return,raw,relative_return,Close[t+h] / Close[t] - 1,RMSE over all saved rolling-step/horizon target values; project_within_trajectory_v1: sign of consecutive forecast-horizon differences equals sign of consecutive target differences; relative-return paths additionally include the known zero origin; cumulative/excess log-return targets compare the binary indicators (forecast > 0) and (target > 0) at each horizon,2025-01-02T00:00:00,2025-12-31T00:00:00,5d1af6669ad216d8c3c4,61960b3439f7231b,61960b3439f7231b,20260909_224816,c8259a8ebe4a39b88e99ea33cb42d3bd41adb08c,results/05_benchmark_local_long_market_only_context_12/local_long/AVGO/seed_44/last_model_comparison_20260909_224816.csv,results/05_benchmark_local_long_market_only_context_12/local_long/AVGO/seed_44/last_baseline_scores_after_observation_20260909_224816.csv,naive_last,True,True,,config/experiments/chapter5_benchmark/05_benchmark_local_long_market_only_context_12.json;results/05_benchmark_local_long_market_only_context_12/local_long/AVGO/seed_44/preprocessing_config.json
AVGO,44,Drift,local_long,test,0.057430494599692204,0.548,5,./logs/output_model/AVGO/lr_1e-05_ema_momentum_0.998_mask_ratio_0.7_ratio_patches_10_encoder_256_2_1_predictor_128_2_1_local_mae_long_jepa_ljepa_1.5_lmae_0.5_mae_1_gap_4_jepa_4_cfg_7174a5f1b760_best.pt,best_pretraining_validation,ema,True,0.001,0.01,1e-05,0.0005,window_return,raw,relative_return,Close[t+h] / Close[t] - 1,RMSE over all saved rolling-step/horizon target values; project_within_trajectory_v1: sign of consecutive forecast-horizon differences equals sign of consecutive target differences; relative-return paths additionally include the known zero origin; cumulative/excess log-return targets compare the binary indicators (forecast > 0) and (target > 0) at each horizon,2025-01-02T00:00:00,2025-12-31T00:00:00,5d1af6669ad216d8c3c4,61960b3439f7231b,61960b3439f7231b,20260909_224816,c8259a8ebe4a39b88e99ea33cb42d3bd41adb08c,results/05_benchmark_local_long_market_only_context_12/local_long/AVGO/seed_44/last_model_comparison_20260909_224816.csv,results/05_benchmark_local_long_market_only_context_12/local_long/AVGO/seed_44/last_baseline_scores_after_observation_20260909_224816.csv,drift,True,True,,config/experiments/chapter5_benchmark/05_benchmark_local_long_market_only_context_12.json;results/05_benchmark_local_long_market_only_context_12/local_long/AVGO/seed_44/preprocessing_config.json
AVGO,44,Mean-context,local_long,test,0.05783358262809478,0.548,5,./logs/output_model/AVGO/lr_1e-05_ema_momentum_0.998_mask_ratio_0.7_ratio_patches_10_encoder_256_2_1_predictor_128_2_1_local_mae_long_jepa_ljepa_1.5_lmae_0.5_mae_1_gap_4_jepa_4_cfg_7174a5f1b760_best.pt,best_pretraining_validation,ema,True,0.001,0.01,1e-05,0.0005,window_return,raw,relative_return,Close[t+h] / Close[t] - 1,RMSE over all saved rolling-step/horizon target values; project_within_trajectory_v1: sign of consecutive forecast-horizon differences equals sign of consecutive target differences; relative-return paths additionally include the known zero origin; cumulative/excess log-return targets compare the binary indicators (forecast > 0) and (target > 0) at each horizon,2025-01-02T00:00:00,2025-12-31T00:00:00,5d1af6669ad216d8c3c4,61960b3439f7231b,61960b3439f7231b,20260909_224816,c8259a8ebe4a39b88e99ea33cb42d3bd41adb08c,results/05_benchmark_local_long_market_only_context_12/local_long/AVGO/seed_44/last_model_comparison_20260909_224816.csv,results/05_benchmark_local_long_market_only_context_12/local_long/AVGO/seed_44/last_baseline_scores_after_observation_20260909_224816.csv,mean_context,True,True,,config/experiments/chapter5_benchmark/05_benchmark_local_long_market_only_context_12.json;results/05_benchmark_local_long_market_only_context_12/local_long/AVGO/seed_44/preprocessing_config.json
AVGO,44,Local-MAE/Long-JEPA,local_long,test,0.059635968100736535,0.496,5,./logs/output_model/AVGO/lr_1e-05_ema_momentum_0.998_mask_ratio_0.7_ratio_patches_10_encoder_256_2_1_predictor_128_2_1_local_mae_long_jepa_ljepa_1.5_lmae_0.5_mae_1_gap_4_jepa_4_cfg_7174a5f1b760_best.pt,best_pretraining_validation,ema,True,0.001,0.01,1e-05,0.0005,window_return,raw,relative_return,Close[t+h] / Close[t] - 1,RMSE over all saved rolling-step/horizon target values; project_within_trajectory_v1: sign of consecutive forecast-horizon differences equals sign of consecutive target differences; relative-return paths additionally include the known zero origin; cumulative/excess log-return targets compare the binary indicators (forecast > 0) and (target > 0) at each horizon,2025-01-02T00:00:00,2025-12-31T00:00:00,5d1af6669ad216d8c3c4,61960b3439f7231b,61960b3439f7231b,20260909_224816,c8259a8ebe4a39b88e99ea33cb42d3bd41adb08c,results/05_benchmark_local_long_market_only_context_12/local_long/AVGO/seed_44/last_model_comparison_20260909_224816.csv,results/05_benchmark_local_long_market_only_context_12/local_long/AVGO/seed_44/last_scores_after_observation_20260909_224816.csv,TS-JEPA,True,True,,config/experiments/chapter5_benchmark/05_benchmark_local_long_market_only_context_12.json;results/05_benchmark_local_long_market_only_context_12/local_long/AVGO/seed_44/preprocessing_config.json
AVGO,46,Naive-last,local_long,test,0.055248869214464626,0.004,5,./logs/output_model/AVGO/lr_1e-05_ema_momentum_0.998_mask_ratio_0.7_ratio_patches_10_encoder_256_2_1_predictor_128_2_1_local_mae_long_jepa_ljepa_1.5_lmae_0.5_mae_1_gap_4_jepa_4_cfg_36df34bc7a59_best.pt,best_pretraining_validation,ema,True,0.001,0.01,1e-05,0.0005,window_return,raw,relative_return,Close[t+h] / Close[t] - 1,RMSE over all saved rolling-step/horizon target values; project_within_trajectory_v1: sign of consecutive forecast-horizon differences equals sign of consecutive target differences; relative-return paths additionally include the known zero origin; cumulative/excess log-return targets compare the binary indicators (forecast > 0) and (target > 0) at each horizon,2025-01-02T00:00:00,2025-12-31T00:00:00,5d1af6669ad216d8c3c4,61960b3439f7231b,61960b3439f7231b,20260909_224906,c8259a8ebe4a39b88e99ea33cb42d3bd41adb08c,results/05_benchmark_local_long_market_only_context_12/local_long/AVGO/seed_46/last_model_comparison_20260909_224906.csv,results/05_benchmark_local_long_market_only_context_12/local_long/AVGO/seed_46/last_baseline_scores_after_observation_20260909_224906.csv,naive_last,True,True,,config/experiments/chapter5_benchmark/05_benchmark_local_long_market_only_context_12.json;results/05_benchmark_local_long_market_only_context_12/local_long/AVGO/seed_46/preprocessing_config.json
AVGO,46,Drift,local_long,test,0.057430494599692204,0.548,5,./logs/output_model/AVGO/lr_1e-05_ema_momentum_0.998_mask_ratio_0.7_ratio_patches_10_encoder_256_2_1_predictor_128_2_1_local_mae_long_jepa_ljepa_1.5_lmae_0.5_mae_1_gap_4_jepa_4_cfg_36df34bc7a59_best.pt,best_pretraining_validation,ema,True,0.001,0.01,1e-05,0.0005,window_return,raw,relative_return,Close[t+h] / Close[t] - 1,RMSE over all saved rolling-step/horizon target values; project_within_trajectory_v1: sign of consecutive forecast-horizon differences equals sign of consecutive target differences; relative-return paths additionally include the known zero origin; cumulative/excess log-return targets compare the binary indicators (forecast > 0) and (target > 0) at each horizon,2025-01-02T00:00:00,2025-12-31T00:00:00,5d1af6669ad216d8c3c4,61960b3439f7231b,61960b3439f7231b,20260909_224906,c8259a8ebe4a39b88e99ea33cb42d3bd41adb08c,results/05_benchmark_local_long_market_only_context_12/local_long/AVGO/seed_46/last_model_comparison_20260909_224906.csv,results/05_benchmark_local_long_market_only_context_12/local_long/AVGO/seed_46/last_baseline_scores_after_observation_20260909_224906.csv,drift,True,True,,config/experiments/chapter5_benchmark/05_benchmark_local_long_market_only_context_12.json;results/05_benchmark_local_long_market_only_context_12/local_long/AVGO/seed_46/preprocessing_config.json
AVGO,46,Mean-context,local_long,test,0.05783358262809478,0.548,5,./logs/output_model/AVGO/lr_1e-05_ema_momentum_0.998_mask_ratio_0.7_ratio_patches_10_encoder_256_2_1_predictor_128_2_1_local_mae_long_jepa_ljepa_1.5_lmae_0.5_mae_1_gap_4_jepa_4_cfg_36df34bc7a59_best.pt,best_pretraining_validation,ema,True,0.001,0.01,1e-05,0.0005,window_return,raw,relative_return,Close[t+h] / Close[t] - 1,RMSE over all saved rolling-step/horizon target values; project_within_trajectory_v1: sign of consecutive forecast-horizon differences equals sign of consecutive target differences; relative-return paths additionally include the known zero origin; cumulative/excess log-return targets compare the binary indicators (forecast > 0) and (target > 0) at each horizon,2025-01-02T00:00:00,2025-12-31T00:00:00,5d1af6669ad216d8c3c4,61960b3439f7231b,61960b3439f7231b,20260909_224906,c8259a8ebe4a39b88e99ea33cb42d3bd41adb08c,results/05_benchmark_local_long_market_only_context_12/local_long/AVGO/seed_46/last_model_comparison_20260909_224906.csv,results/05_benchmark_local_long_market_only_context_12/local_long/AVGO/seed_46/last_baseline_scores_after_observation_20260909_224906.csv,mean_context,True,True,,config/experiments/chapter5_benchmark/05_benchmark_local_long_market_only_context_12.json;results/05_benchmark_local_long_market_only_context_12/local_long/AVGO/seed_46/preprocessing_config.json
AVGO,46,GRU,local_long,test,0.06804155397508757,0.524,5,./logs/output_model/AVGO/lr_1e-05_ema_momentum_0.998_mask_ratio_0.7_ratio_patches_10_encoder_256_2_1_predictor_128_2_1_local_mae_long_jepa_ljepa_1.5_lmae_0.5_mae_1_gap_4_jepa_4_cfg_36df34bc7a59_best.pt,best_pretraining_validation,ema,True,0.001,0.01,1e-05,0.0005,window_return,raw,relative_return,Close[t+h] / Close[t] - 1,RMSE over all saved rolling-step/horizon target values; project_within_trajectory_v1: sign of consecutive forecast-horizon differences equals sign of consecutive target differences; relative-return paths additionally include the known zero origin; cumulative/excess log-return targets compare the binary indicators (forecast > 0) and (target > 0) at each horizon,2025-01-02T00:00:00,2025-12-31T00:00:00,5d1af6669ad216d8c3c4,61960b3439f7231b,61960b3439f7231b,20260909_224906,c8259a8ebe4a39b88e99ea33cb42d3bd41adb08c,results/05_benchmark_local_long_market_only_context_12/local_long/AVGO/seed_46/last_model_comparison_20260909_224906.csv,results/05_benchmark_local_long_market_only_context_12/local_long/AVGO/seed_46/last_gru_scores_after_observation_20260909_224906.csv,GRU,True,True,,config/experiments/chapter5_benchmark/05_benchmark_local_long_market_only_context_12.json;results/05_benchmark_local_long_market_only_context_12/local_long/AVGO/seed_46/preprocessing_config.json
AVGO,46,Local-MAE/Long-JEPA,local_long,test,0.08404586513961083,0.472,5,./logs/output_model/AVGO/lr_1e-05_ema_momentum_0.998_mask_ratio_0.7_ratio_patches_10_encoder_256_2_1_predictor_128_2_1_local_mae_long_jepa_ljepa_1.5_lmae_0.5_mae_1_gap_4_jepa_4_cfg_36df34bc7a59_best.pt,best_pretraining_validation,ema,True,0.001,0.01,1e-05,0.0005,window_return,raw,relative_return,Close[t+h] / Close[t] - 1,RMSE over all saved rolling-step/horizon target values; project_within_trajectory_v1: sign of consecutive forecast-horizon differences equals sign of consecutive target differences; relative-return paths additionally include the known zero origin; cumulative/excess log-return targets compare the binary indicators (forecast > 0) and (target > 0) at each horizon,2025-01-02T00:00:00,2025-12-31T00:00:00,5d1af6669ad216d8c3c4,61960b3439f7231b,61960b3439f7231b,20260909_224906,c8259a8ebe4a39b88e99ea33cb42d3bd41adb08c,results/05_benchmark_local_long_market_only_context_12/local_long/AVGO/seed_46/last_model_comparison_20260909_224906.csv,results/05_benchmark_local_long_market_only_context_12/local_long/AVGO/seed_46/last_scores_after_observation_20260909_224906.csv,TS-JEPA,True,True,,config/experiments/chapter5_benchmark/05_benchmark_local_long_market_only_context_12.json;results/05_benchmark_local_long_market_only_context_12/local_long/AVGO/seed_46/preprocessing_config.json
NVDA,42,Naive-last,local_long,test,0.05255723974769472,0.0,5,./logs/output_model/NVDA/lr_1e-05_ema_momentum_0.998_mask_ratio_0.7_ratio_patches_10_encoder_256_2_1_predictor_128_2_1_local_mae_long_jepa_ljepa_1.5_lmae_0.5_mae_1_gap_4_jepa_4_cfg_1cc2223b2853_best.pt,best_pretraining_validation,ema,True,0.001,0.01,1e-05,0.0005,window_return,raw,relative_return,Close[t+h] / Close[t] - 1,RMSE over all saved rolling-step/horizon target values; project_within_trajectory_v1: sign of consecutive forecast-horizon differences equals sign of consecutive target differences; relative-return paths additionally include the known zero origin; cumulative/excess log-return targets compare the binary indicators (forecast > 0) and (target > 0) at each horizon,2025-01-02T00:00:00,2025-12-31T00:00:00,5683b9d885da2d0bf980,61960b3439f7231b,61960b3439f7231b,20260909_224540,c8259a8ebe4a39b88e99ea33cb42d3bd41adb08c,results/05_benchmark_local_long_market_only_context_12/local_long/NVDA/seed_42/last_model_comparison_20260909_224540.csv,results/05_benchmark_local_long_market_only_context_12/local_long/NVDA/seed_42/last_baseline_scores_after_observation_20260909_224540.csv,naive_last,True,True,,config/experiments/chapter5_benchmark/05_benchmark_local_long_market_only_context_12.json;results/05_benchmark_local_long_market_only_context_12/local_long/NVDA/seed_42/preprocessing_config.json
NVDA,42,Mean-context,local_long,test,0.05376566952592814,0.5,5,./logs/output_model/NVDA/lr_1e-05_ema_momentum_0.998_mask_ratio_0.7_ratio_patches_10_encoder_256_2_1_predictor_128_2_1_local_mae_long_jepa_ljepa_1.5_lmae_0.5_mae_1_gap_4_jepa_4_cfg_1cc2223b2853_best.pt,best_pretraining_validation,ema,True,0.001,0.01,1e-05,0.0005,window_return,raw,relative_return,Close[t+h] / Close[t] - 1,RMSE over all saved rolling-step/horizon target values; project_within_trajectory_v1: sign of consecutive forecast-horizon differences equals sign of consecutive target differences; relative-return paths additionally include the known zero origin; cumulative/excess log-return targets compare the binary indicators (forecast > 0) and (target > 0) at each horizon,2025-01-02T00:00:00,2025-12-31T00:00:00,5683b9d885da2d0bf980,61960b3439f7231b,61960b3439f7231b,20260909_224540,c8259a8ebe4a39b88e99ea33cb42d3bd41adb08c,results/05_benchmark_local_long_market_only_context_12/local_long/NVDA/seed_42/last_model_comparison_20260909_224540.csv,results/05_benchmark_local_long_market_only_context_12/local_long/NVDA/seed_42/last_baseline_scores_after_observation_20260909_224540.csv,mean_context,True,True,,config/experiments/chapter5_benchmark/05_benchmark_local_long_market_only_context_12.json;results/05_benchmark_local_long_market_only_context_12/local_long/NVDA/seed_42/preprocessing_config.json
NVDA,42,Drift,local_long,test,0.054078341500652445,0.492,5,./logs/output_model/NVDA/lr_1e-05_ema_momentum_0.998_mask_ratio_0.7_ratio_patches_10_encoder_256_2_1_predictor_128_2_1_local_mae_long_jepa_ljepa_1.5_lmae_0.5_mae_1_gap_4_jepa_4_cfg_1cc2223b2853_best.pt,best_pretraining_validation,ema,True,0.001,0.01,1e-05,0.0005,window_return,raw,relative_return,Close[t+h] / Close[t] - 1,RMSE over all saved rolling-step/horizon target values; project_within_trajectory_v1: sign of consecutive forecast-horizon differences equals sign of consecutive target differences; relative-return paths additionally include the known zero origin; cumulative/excess log-return targets compare the binary indicators (forecast > 0) and (target > 0) at each horizon,2025-01-02T00:00:00,2025-12-31T00:00:00,5683b9d885da2d0bf980,61960b3439f7231b,61960b3439f7231b,20260909_224540,c8259a8ebe4a39b88e99ea33cb42d3bd41adb08c,results/05_benchmark_local_long_market_only_context_12/local_long/NVDA/seed_42/last_model_comparison_20260909_224540.csv,results/05_benchmark_local_long_market_only_context_12/local_long/NVDA/seed_42/last_baseline_scores_after_observation_20260909_224540.csv,drift,True,True,,config/experiments/chapter5_benchmark/05_benchmark_local_long_market_only_context_12.json;results/05_benchmark_local_long_market_only_context_12/local_long/NVDA/seed_42/preprocessing_config.json
NVDA,42,Local-MAE/Long-JEPA,local_long,test,0.055530323950030484,0.548,5,./logs/output_model/NVDA/lr_1e-05_ema_momentum_0.998_mask_ratio_0.7_ratio_patches_10_encoder_256_2_1_predictor_128_2_1_local_mae_long_jepa_ljepa_1.5_lmae_0.5_mae_1_gap_4_jepa_4_cfg_1cc2223b2853_best.pt,best_pretraining_validation,ema,True,0.001,0.01,1e-05,0.0005,window_return,raw,relative_return,Close[t+h] / Close[t] - 1,RMSE over all saved rolling-step/horizon target values; project_within_trajectory_v1: sign of consecutive forecast-horizon differences equals sign of consecutive target differences; relative-return paths additionally include the known zero origin; cumulative/excess log-return targets compare the binary indicators (forecast > 0) and (target > 0) at each horizon,2025-01-02T00:00:00,2025-12-31T00:00:00,5683b9d885da2d0bf980,61960b3439f7231b,61960b3439f7231b,20260909_224540,c8259a8ebe4a39b88e99ea33cb42d3bd41adb08c,results/05_benchmark_local_long_market_only_context_12/local_long/NVDA/seed_42/last_model_comparison_20260909_224540.csv,results/05_benchmark_local_long_market_only_context_12/local_long/NVDA/seed_42/last_scores_after_observation_20260909_224540.csv,TS-JEPA,True,True,,config/experiments/chapter5_benchmark/05_benchmark_local_long_market_only_context_12.json;results/05_benchmark_local_long_market_only_context_12/local_long/NVDA/seed_42/preprocessing_config.json
NVDA,42,GRU,local_long,test,0.057102685518919886,0.46,5,./logs/output_model/NVDA/lr_1e-05_ema_momentum_0.998_mask_ratio_0.7_ratio_patches_10_encoder_256_2_1_predictor_128_2_1_local_mae_long_jepa_ljepa_1.5_lmae_0.5_mae_1_gap_4_jepa_4_cfg_1cc2223b2853_best.pt,best_pretraining_validation,ema,True,0.001,0.01,1e-05,0.0005,window_return,raw,relative_return,Close[t+h] / Close[t] - 1,RMSE over all saved rolling-step/horizon target values; project_within_trajectory_v1: sign of consecutive forecast-horizon differences equals sign of consecutive target differences; relative-return paths additionally include the known zero origin; cumulative/excess log-return targets compare the binary indicators (forecast > 0) and (target > 0) at each horizon,2025-01-02T00:00:00,2025-12-31T00:00:00,5683b9d885da2d0bf980,61960b3439f7231b,61960b3439f7231b,20260909_224540,c8259a8ebe4a39b88e99ea33cb42d3bd41adb08c,results/05_benchmark_local_long_market_only_context_12/local_long/NVDA/seed_42/last_model_comparison_20260909_224540.csv,results/05_benchmark_local_long_market_only_context_12/local_long/NVDA/seed_42/last_gru_scores_after_observation_20260909_224540.csv,GRU,True,True,,config/experiments/chapter5_benchmark/05_benchmark_local_long_market_only_context_12.json;results/05_benchmark_local_long_market_only_context_12/local_long/NVDA/seed_42/preprocessing_config.json
NVDA,44,Naive-last,local_long,test,0.05255723974769472,0.0,5,./logs/output_model/NVDA/lr_1e-05_ema_momentum_0.998_mask_ratio_0.7_ratio_patches_10_encoder_256_2_1_predictor_128_2_1_local_mae_long_jepa_ljepa_1.5_lmae_0.5_mae_1_gap_4_jepa_4_cfg_7174a5f1b760_best.pt,best_pretraining_validation,ema,True,0.001,0.01,1e-05,0.0005,window_return,raw,relative_return,Close[t+h] / Close[t] - 1,RMSE over all saved rolling-step/horizon target values; project_within_trajectory_v1: sign of consecutive forecast-horizon differences equals sign of consecutive target differences; relative-return paths additionally include the known zero origin; cumulative/excess log-return targets compare the binary indicators (forecast > 0) and (target > 0) at each horizon,2025-01-02T00:00:00,2025-12-31T00:00:00,5683b9d885da2d0bf980,61960b3439f7231b,61960b3439f7231b,20260909_224539,c8259a8ebe4a39b88e99ea33cb42d3bd41adb08c,results/05_benchmark_local_long_market_only_context_12/local_long/NVDA/seed_44/last_model_comparison_20260909_224539.csv,results/05_benchmark_local_long_market_only_context_12/local_long/NVDA/seed_44/last_baseline_scores_after_observation_20260909_224539.csv,naive_last,True,True,,config/experiments/chapter5_benchmark/05_benchmark_local_long_market_only_context_12.json;results/05_benchmark_local_long_market_only_context_12/local_long/NVDA/seed_44/preprocessing_config.json
NVDA,44,Mean-context,local_long,test,0.05376566952592814,0.5,5,./logs/output_model/NVDA/lr_1e-05_ema_momentum_0.998_mask_ratio_0.7_ratio_patches_10_encoder_256_2_1_predictor_128_2_1_local_mae_long_jepa_ljepa_1.5_lmae_0.5_mae_1_gap_4_jepa_4_cfg_7174a5f1b760_best.pt,best_pretraining_validation,ema,True,0.001,0.01,1e-05,0.0005,window_return,raw,relative_return,Close[t+h] / Close[t] - 1,RMSE over all saved rolling-step/horizon target values; project_within_trajectory_v1: sign of consecutive forecast-horizon differences equals sign of consecutive target differences; relative-return paths additionally include the known zero origin; cumulative/excess log-return targets compare the binary indicators (forecast > 0) and (target > 0) at each horizon,2025-01-02T00:00:00,2025-12-31T00:00:00,5683b9d885da2d0bf980,61960b3439f7231b,61960b3439f7231b,20260909_224539,c8259a8ebe4a39b88e99ea33cb42d3bd41adb08c,results/05_benchmark_local_long_market_only_context_12/local_long/NVDA/seed_44/last_model_comparison_20260909_224539.csv,results/05_benchmark_local_long_market_only_context_12/local_long/NVDA/seed_44/last_baseline_scores_after_observation_20260909_224539.csv,mean_context,True,True,,config/experiments/chapter5_benchmark/05_benchmark_local_long_market_only_context_12.json;results/05_benchmark_local_long_market_only_context_12/local_long/NVDA/seed_44/preprocessing_config.json
NVDA,44,Drift,local_long,test,0.054078341500652445,0.492,5,./logs/output_model/NVDA/lr_1e-05_ema_momentum_0.998_mask_ratio_0.7_ratio_patches_10_encoder_256_2_1_predictor_128_2_1_local_mae_long_jepa_ljepa_1.5_lmae_0.5_mae_1_gap_4_jepa_4_cfg_7174a5f1b760_best.pt,best_pretraining_validation,ema,True,0.001,0.01,1e-05,0.0005,window_return,raw,relative_return,Close[t+h] / Close[t] - 1,RMSE over all saved rolling-step/horizon target values; project_within_trajectory_v1: sign of consecutive forecast-horizon differences equals sign of consecutive target differences; relative-return paths additionally include the known zero origin; cumulative/excess log-return targets compare the binary indicators (forecast > 0) and (target > 0) at each horizon,2025-01-02T00:00:00,2025-12-31T00:00:00,5683b9d885da2d0bf980,61960b3439f7231b,61960b3439f7231b,20260909_224539,c8259a8ebe4a39b88e99ea33cb42d3bd41adb08c,results/05_benchmark_local_long_market_only_context_12/local_long/NVDA/seed_44/last_model_comparison_20260909_224539.csv,results/05_benchmark_local_long_market_only_context_12/local_long/NVDA/seed_44/last_baseline_scores_after_observation_20260909_224539.csv,drift,True,True,,config/experiments/chapter5_benchmark/05_benchmark_local_long_market_only_context_12.json;results/05_benchmark_local_long_market_only_context_12/local_long/NVDA/seed_44/preprocessing_config.json
NVDA,44,Local-MAE/Long-JEPA,local_long,test,0.05642145710574033,0.556,5,./logs/output_model/NVDA/lr_1e-05_ema_momentum_0.998_mask_ratio_0.7_ratio_patches_10_encoder_256_2_1_predictor_128_2_1_local_mae_long_jepa_ljepa_1.5_lmae_0.5_mae_1_gap_4_jepa_4_cfg_7174a5f1b760_best.pt,best_pretraining_validation,ema,True,0.001,0.01,1e-05,0.0005,window_return,raw,relative_return,Close[t+h] / Close[t] - 1,RMSE over all saved rolling-step/horizon target values; project_within_trajectory_v1: sign of consecutive forecast-horizon differences equals sign of consecutive target differences; relative-return paths additionally include the known zero origin; cumulative/excess log-return targets compare the binary indicators (forecast > 0) and (target > 0) at each horizon,2025-01-02T00:00:00,2025-12-31T00:00:00,5683b9d885da2d0bf980,61960b3439f7231b,61960b3439f7231b,20260909_224539,c8259a8ebe4a39b88e99ea33cb42d3bd41adb08c,results/05_benchmark_local_long_market_only_context_12/local_long/NVDA/seed_44/last_model_comparison_20260909_224539.csv,results/05_benchmark_local_long_market_only_context_12/local_long/NVDA/seed_44/last_scores_after_observation_20260909_224539.csv,TS-JEPA,True,True,,config/experiments/chapter5_benchmark/05_benchmark_local_long_market_only_context_12.json;results/05_benchmark_local_long_market_only_context_12/local_long/NVDA/seed_44/preprocessing_config.json
NVDA,44,GRU,local_long,test,0.06425237906028033,0.528,5,./logs/output_model/NVDA/lr_1e-05_ema_momentum_0.998_mask_ratio_0.7_ratio_patches_10_encoder_256_2_1_predictor_128_2_1_local_mae_long_jepa_ljepa_1.5_lmae_0.5_mae_1_gap_4_jepa_4_cfg_7174a5f1b760_best.pt,best_pretraining_validation,ema,True,0.001,0.01,1e-05,0.0005,window_return,raw,relative_return,Close[t+h] / Close[t] - 1,RMSE over all saved rolling-step/horizon target values; project_within_trajectory_v1: sign of consecutive forecast-horizon differences equals sign of consecutive target differences; relative-return paths additionally include the known zero origin; cumulative/excess log-return targets compare the binary indicators (forecast > 0) and (target > 0) at each horizon,2025-01-02T00:00:00,2025-12-31T00:00:00,5683b9d885da2d0bf980,61960b3439f7231b,61960b3439f7231b,20260909_224539,c8259a8ebe4a39b88e99ea33cb42d3bd41adb08c,results/05_benchmark_local_long_market_only_context_12/local_long/NVDA/seed_44/last_model_comparison_20260909_224539.csv,results/05_benchmark_local_long_market_only_context_12/local_long/NVDA/seed_44/last_gru_scores_after_observation_20260909_224539.csv,GRU,True,True,,config/experiments/chapter5_benchmark/05_benchmark_local_long_market_only_context_12.json;results/05_benchmark_local_long_market_only_context_12/local_long/NVDA/seed_44/preprocessing_config.json
NVDA,46,Naive-last,local_long,test,0.05255723974769472,0.0,5,./logs/output_model/NVDA/lr_1e-05_ema_momentum_0.998_mask_ratio_0.7_ratio_patches_10_encoder_256_2_1_predictor_128_2_1_local_mae_long_jepa_ljepa_1.5_lmae_0.5_mae_1_gap_4_jepa_4_cfg_36df34bc7a59_best.pt,best_pretraining_validation,ema,True,0.001,0.01,1e-05,0.0005,window_return,raw,relative_return,Close[t+h] / Close[t] - 1,RMSE over all saved rolling-step/horizon target values; project_within_trajectory_v1: sign of consecutive forecast-horizon differences equals sign of consecutive target differences; relative-return paths additionally include the known zero origin; cumulative/excess log-return targets compare the binary indicators (forecast > 0) and (target > 0) at each horizon,2025-01-02T00:00:00,2025-12-31T00:00:00,5683b9d885da2d0bf980,61960b3439f7231b,61960b3439f7231b,20260909_224631,c8259a8ebe4a39b88e99ea33cb42d3bd41adb08c,results/05_benchmark_local_long_market_only_context_12/local_long/NVDA/seed_46/last_model_comparison_20260909_224631.csv,results/05_benchmark_local_long_market_only_context_12/local_long/NVDA/seed_46/last_baseline_scores_after_observation_20260909_224631.csv,naive_last,True,True,,config/experiments/chapter5_benchmark/05_benchmark_local_long_market_only_context_12.json;results/05_benchmark_local_long_market_only_context_12/local_long/NVDA/seed_46/preprocessing_config.json
NVDA,46,Mean-context,local_long,test,0.05376566952592814,0.5,5,./logs/output_model/NVDA/lr_1e-05_ema_momentum_0.998_mask_ratio_0.7_ratio_patches_10_encoder_256_2_1_predictor_128_2_1_local_mae_long_jepa_ljepa_1.5_lmae_0.5_mae_1_gap_4_jepa_4_cfg_36df34bc7a59_best.pt,best_pretraining_validation,ema,True,0.001,0.01,1e-05,0.0005,window_return,raw,relative_return,Close[t+h] / Close[t] - 1,RMSE over all saved rolling-step/horizon target values; project_within_trajectory_v1: sign of consecutive forecast-horizon differences equals sign of consecutive target differences; relative-return paths additionally include the known zero origin; cumulative/excess log-return targets compare the binary indicators (forecast > 0) and (target > 0) at each horizon,2025-01-02T00:00:00,2025-12-31T00:00:00,5683b9d885da2d0bf980,61960b3439f7231b,61960b3439f7231b,20260909_224631,c8259a8ebe4a39b88e99ea33cb42d3bd41adb08c,results/05_benchmark_local_long_market_only_context_12/local_long/NVDA/seed_46/last_model_comparison_20260909_224631.csv,results/05_benchmark_local_long_market_only_context_12/local_long/NVDA/seed_46/last_baseline_scores_after_observation_20260909_224631.csv,mean_context,True,True,,config/experiments/chapter5_benchmark/05_benchmark_local_long_market_only_context_12.json;results/05_benchmark_local_long_market_only_context_12/local_long/NVDA/seed_46/preprocessing_config.json
NVDA,46,Drift,local_long,test,0.054078341500652445,0.492,5,./logs/output_model/NVDA/lr_1e-05_ema_momentum_0.998_mask_ratio_0.7_ratio_patches_10_encoder_256_2_1_predictor_128_2_1_local_mae_long_jepa_ljepa_1.5_lmae_0.5_mae_1_gap_4_jepa_4_cfg_36df34bc7a59_best.pt,best_pretraining_validation,ema,True,0.001,0.01,1e-05,0.0005,window_return,raw,relative_return,Close[t+h] / Close[t] - 1,RMSE over all saved rolling-step/horizon target values; project_within_trajectory_v1: sign of consecutive forecast-horizon differences equals sign of consecutive target differences; relative-return paths additionally include the known zero origin; cumulative/excess log-return targets compare the binary indicators (forecast > 0) and (target > 0) at each horizon,2025-01-02T00:00:00,2025-12-31T00:00:00,5683b9d885da2d0bf980,61960b3439f7231b,61960b3439f7231b,20260909_224631,c8259a8ebe4a39b88e99ea33cb42d3bd41adb08c,results/05_benchmark_local_long_market_only_context_12/local_long/NVDA/seed_46/last_model_comparison_20260909_224631.csv,results/05_benchmark_local_long_market_only_context_12/local_long/NVDA/seed_46/last_baseline_scores_after_observation_20260909_224631.csv,drift,True,True,,config/experiments/chapter5_benchmark/05_benchmark_local_long_market_only_context_12.json;results/05_benchmark_local_long_market_only_context_12/local_long/NVDA/seed_46/preprocessing_config.json
NVDA,46,Local-MAE/Long-JEPA,local_long,test,0.05527321029354492,0.492,5,./logs/output_model/NVDA/lr_1e-05_ema_momentum_0.998_mask_ratio_0.7_ratio_patches_10_encoder_256_2_1_predictor_128_2_1_local_mae_long_jepa_ljepa_1.5_lmae_0.5_mae_1_gap_4_jepa_4_cfg_36df34bc7a59_best.pt,best_pretraining_validation,ema,True,0.001,0.01,1e-05,0.0005,window_return,raw,relative_return,Close[t+h] / Close[t] - 1,RMSE over all saved rolling-step/horizon target values; project_within_trajectory_v1: sign of consecutive forecast-horizon differences equals sign of consecutive target differences; relative-return paths additionally include the known zero origin; cumulative/excess log-return targets compare the binary indicators (forecast > 0) and (target > 0) at each horizon,2025-01-02T00:00:00,2025-12-31T00:00:00,5683b9d885da2d0bf980,61960b3439f7231b,61960b3439f7231b,20260909_224631,c8259a8ebe4a39b88e99ea33cb42d3bd41adb08c,results/05_benchmark_local_long_market_only_context_12/local_long/NVDA/seed_46/last_model_comparison_20260909_224631.csv,results/05_benchmark_local_long_market_only_context_12/local_long/NVDA/seed_46/last_scores_after_observation_20260909_224631.csv,TS-JEPA,True,True,,config/experiments/chapter5_benchmark/05_benchmark_local_long_market_only_context_12.json;results/05_benchmark_local_long_market_only_context_12/local_long/NVDA/seed_46/preprocessing_config.json
NVDA,46,GRU,local_long,test,0.06306437973847452,0.528,5,./logs/output_model/NVDA/lr_1e-05_ema_momentum_0.998_mask_ratio_0.7_ratio_patches_10_encoder_256_2_1_predictor_128_2_1_local_mae_long_jepa_ljepa_1.5_lmae_0.5_mae_1_gap_4_jepa_4_cfg_36df34bc7a59_best.pt,best_pretraining_validation,ema,True,0.001,0.01,1e-05,0.0005,window_return,raw,relative_return,Close[t+h] / Close[t] - 1,RMSE over all saved rolling-step/horizon target values; project_within_trajectory_v1: sign of consecutive forecast-horizon differences equals sign of consecutive target differences; relative-return paths additionally include the known zero origin; cumulative/excess log-return targets compare the binary indicators (forecast > 0) and (target > 0) at each horizon,2025-01-02T00:00:00,2025-12-31T00:00:00,5683b9d885da2d0bf980,61960b3439f7231b,61960b3439f7231b,20260909_224631,c8259a8ebe4a39b88e99ea33cb42d3bd41adb08c,results/05_benchmark_local_long_market_only_context_12/local_long/NVDA/seed_46/last_model_comparison_20260909_224631.csv,results/05_benchmark_local_long_market_only_context_12/local_long/NVDA/seed_46/last_gru_scores_after_observation_20260909_224631.csv,GRU,True,True,,config/experiments/chapter5_benchmark/05_benchmark_local_long_market_only_context_12.json;results/05_benchmark_local_long_market_only_context_12/local_long/NVDA/seed_46/preprocessing_config.json
TSLA,42,Naive-last,local_long,test,0.06089821940003636,0.0,5,./logs/output_model/TSLA/lr_1e-05_ema_momentum_0.998_mask_ratio_0.7_ratio_patches_10_encoder_256_2_1_predictor_128_2_1_local_mae_long_jepa_ljepa_1.5_lmae_0.5_mae_1_gap_4_jepa_4_cfg_1cc2223b2853_best.pt,best_pretraining_validation,ema,True,0.001,0.01,1e-05,0.0005,window_return,raw,relative_return,Close[t+h] / Close[t] - 1,RMSE over all saved rolling-step/horizon target values; project_within_trajectory_v1: sign of consecutive forecast-horizon differences equals sign of consecutive target differences; relative-return paths additionally include the known zero origin; cumulative/excess log-return targets compare the binary indicators (forecast > 0) and (target > 0) at each horizon,2025-01-02T00:00:00,2025-12-31T00:00:00,e9a1531a1a38a31b871f,61960b3439f7231b,61960b3439f7231b,20260909_224909,c8259a8ebe4a39b88e99ea33cb42d3bd41adb08c,results/05_benchmark_local_long_market_only_context_12/local_long/TSLA/seed_42/last_model_comparison_20260909_224909.csv,results/05_benchmark_local_long_market_only_context_12/local_long/TSLA/seed_42/last_baseline_scores_after_observation_20260909_224909.csv,naive_last,True,True,,config/experiments/chapter5_benchmark/05_benchmark_local_long_market_only_context_12.json;results/05_benchmark_local_long_market_only_context_12/local_long/TSLA/seed_42/preprocessing_config.json
TSLA,42,Mean-context,local_long,test,0.06783404668479974,0.496,5,./logs/output_model/TSLA/lr_1e-05_ema_momentum_0.998_mask_ratio_0.7_ratio_patches_10_encoder_256_2_1_predictor_128_2_1_local_mae_long_jepa_ljepa_1.5_lmae_0.5_mae_1_gap_4_jepa_4_cfg_1cc2223b2853_best.pt,best_pretraining_validation,ema,True,0.001,0.01,1e-05,0.0005,window_return,raw,relative_return,Close[t+h] / Close[t] - 1,RMSE over all saved rolling-step/horizon target values; project_within_trajectory_v1: sign of consecutive forecast-horizon differences equals sign of consecutive target differences; relative-return paths additionally include the known zero origin; cumulative/excess log-return targets compare the binary indicators (forecast > 0) and (target > 0) at each horizon,2025-01-02T00:00:00,2025-12-31T00:00:00,e9a1531a1a38a31b871f,61960b3439f7231b,61960b3439f7231b,20260909_224909,c8259a8ebe4a39b88e99ea33cb42d3bd41adb08c,results/05_benchmark_local_long_market_only_context_12/local_long/TSLA/seed_42/last_model_comparison_20260909_224909.csv,results/05_benchmark_local_long_market_only_context_12/local_long/TSLA/seed_42/last_baseline_scores_after_observation_20260909_224909.csv,mean_context,True,True,,config/experiments/chapter5_benchmark/05_benchmark_local_long_market_only_context_12.json;results/05_benchmark_local_long_market_only_context_12/local_long/TSLA/seed_42/preprocessing_config.json
TSLA,42,Drift,local_long,test,0.06878798615475537,0.508,5,./logs/output_model/TSLA/lr_1e-05_ema_momentum_0.998_mask_ratio_0.7_ratio_patches_10_encoder_256_2_1_predictor_128_2_1_local_mae_long_jepa_ljepa_1.5_lmae_0.5_mae_1_gap_4_jepa_4_cfg_1cc2223b2853_best.pt,best_pretraining_validation,ema,True,0.001,0.01,1e-05,0.0005,window_return,raw,relative_return,Close[t+h] / Close[t] - 1,RMSE over all saved rolling-step/horizon target values; project_within_trajectory_v1: sign of consecutive forecast-horizon differences equals sign of consecutive target differences; relative-return paths additionally include the known zero origin; cumulative/excess log-return targets compare the binary indicators (forecast > 0) and (target > 0) at each horizon,2025-01-02T00:00:00,2025-12-31T00:00:00,e9a1531a1a38a31b871f,61960b3439f7231b,61960b3439f7231b,20260909_224909,c8259a8ebe4a39b88e99ea33cb42d3bd41adb08c,results/05_benchmark_local_long_market_only_context_12/local_long/TSLA/seed_42/last_model_comparison_20260909_224909.csv,results/05_benchmark_local_long_market_only_context_12/local_long/TSLA/seed_42/last_baseline_scores_after_observation_20260909_224909.csv,drift,True,True,,config/experiments/chapter5_benchmark/05_benchmark_local_long_market_only_context_12.json;results/05_benchmark_local_long_market_only_context_12/local_long/TSLA/seed_42/preprocessing_config.json
TSLA,42,GRU,local_long,test,0.07077257707526469,0.524,5,./logs/output_model/TSLA/lr_1e-05_ema_momentum_0.998_mask_ratio_0.7_ratio_patches_10_encoder_256_2_1_predictor_128_2_1_local_mae_long_jepa_ljepa_1.5_lmae_0.5_mae_1_gap_4_jepa_4_cfg_1cc2223b2853_best.pt,best_pretraining_validation,ema,True,0.001,0.01,1e-05,0.0005,window_return,raw,relative_return,Close[t+h] / Close[t] - 1,RMSE over all saved rolling-step/horizon target values; project_within_trajectory_v1: sign of consecutive forecast-horizon differences equals sign of consecutive target differences; relative-return paths additionally include the known zero origin; cumulative/excess log-return targets compare the binary indicators (forecast > 0) and (target > 0) at each horizon,2025-01-02T00:00:00,2025-12-31T00:00:00,e9a1531a1a38a31b871f,61960b3439f7231b,61960b3439f7231b,20260909_224909,c8259a8ebe4a39b88e99ea33cb42d3bd41adb08c,results/05_benchmark_local_long_market_only_context_12/local_long/TSLA/seed_42/last_model_comparison_20260909_224909.csv,results/05_benchmark_local_long_market_only_context_12/local_long/TSLA/seed_42/last_gru_scores_after_observation_20260909_224909.csv,GRU,True,True,,config/experiments/chapter5_benchmark/05_benchmark_local_long_market_only_context_12.json;results/05_benchmark_local_long_market_only_context_12/local_long/TSLA/seed_42/preprocessing_config.json
TSLA,42,Local-MAE/Long-JEPA,local_long,test,0.07343279980367994,0.532,5,./logs/output_model/TSLA/lr_1e-05_ema_momentum_0.998_mask_ratio_0.7_ratio_patches_10_encoder_256_2_1_predictor_128_2_1_local_mae_long_jepa_ljepa_1.5_lmae_0.5_mae_1_gap_4_jepa_4_cfg_1cc2223b2853_best.pt,best_pretraining_validation,ema,True,0.001,0.01,1e-05,0.0005,window_return,raw,relative_return,Close[t+h] / Close[t] - 1,RMSE over all saved rolling-step/horizon target values; project_within_trajectory_v1: sign of consecutive forecast-horizon differences equals sign of consecutive target differences; relative-return paths additionally include the known zero origin; cumulative/excess log-return targets compare the binary indicators (forecast > 0) and (target > 0) at each horizon,2025-01-02T00:00:00,2025-12-31T00:00:00,e9a1531a1a38a31b871f,61960b3439f7231b,61960b3439f7231b,20260909_224909,c8259a8ebe4a39b88e99ea33cb42d3bd41adb08c,results/05_benchmark_local_long_market_only_context_12/local_long/TSLA/seed_42/last_model_comparison_20260909_224909.csv,results/05_benchmark_local_long_market_only_context_12/local_long/TSLA/seed_42/last_scores_after_observation_20260909_224909.csv,TS-JEPA,True,True,,config/experiments/chapter5_benchmark/05_benchmark_local_long_market_only_context_12.json;results/05_benchmark_local_long_market_only_context_12/local_long/TSLA/seed_42/preprocessing_config.json
TSLA,44,Naive-last,local_long,test,0.06089821940003636,0.0,5,./logs/output_model/TSLA/lr_1e-05_ema_momentum_0.998_mask_ratio_0.7_ratio_patches_10_encoder_256_2_1_predictor_128_2_1_local_mae_long_jepa_ljepa_1.5_lmae_0.5_mae_1_gap_4_jepa_4_cfg_7174a5f1b760_best.pt,best_pretraining_validation,ema,True,0.001,0.01,1e-05,0.0005,window_return,raw,relative_return,Close[t+h] / Close[t] - 1,RMSE over all saved rolling-step/horizon target values; project_within_trajectory_v1: sign of consecutive forecast-horizon differences equals sign of consecutive target differences; relative-return paths additionally include the known zero origin; cumulative/excess log-return targets compare the binary indicators (forecast > 0) and (target > 0) at each horizon,2025-01-02T00:00:00,2025-12-31T00:00:00,e9a1531a1a38a31b871f,61960b3439f7231b,61960b3439f7231b,20260909_224958,c8259a8ebe4a39b88e99ea33cb42d3bd41adb08c,results/05_benchmark_local_long_market_only_context_12/local_long/TSLA/seed_44/last_model_comparison_20260909_224958.csv,results/05_benchmark_local_long_market_only_context_12/local_long/TSLA/seed_44/last_baseline_scores_after_observation_20260909_224958.csv,naive_last,True,True,,config/experiments/chapter5_benchmark/05_benchmark_local_long_market_only_context_12.json;results/05_benchmark_local_long_market_only_context_12/local_long/TSLA/seed_44/preprocessing_config.json
TSLA,44,GRU,local_long,test,0.06370041455199786,0.528,5,./logs/output_model/TSLA/lr_1e-05_ema_momentum_0.998_mask_ratio_0.7_ratio_patches_10_encoder_256_2_1_predictor_128_2_1_local_mae_long_jepa_ljepa_1.5_lmae_0.5_mae_1_gap_4_jepa_4_cfg_7174a5f1b760_best.pt,best_pretraining_validation,ema,True,0.001,0.01,1e-05,0.0005,window_return,raw,relative_return,Close[t+h] / Close[t] - 1,RMSE over all saved rolling-step/horizon target values; project_within_trajectory_v1: sign of consecutive forecast-horizon differences equals sign of consecutive target differences; relative-return paths additionally include the known zero origin; cumulative/excess log-return targets compare the binary indicators (forecast > 0) and (target > 0) at each horizon,2025-01-02T00:00:00,2025-12-31T00:00:00,e9a1531a1a38a31b871f,61960b3439f7231b,61960b3439f7231b,20260909_224958,c8259a8ebe4a39b88e99ea33cb42d3bd41adb08c,results/05_benchmark_local_long_market_only_context_12/local_long/TSLA/seed_44/last_model_comparison_20260909_224958.csv,results/05_benchmark_local_long_market_only_context_12/local_long/TSLA/seed_44/last_gru_scores_after_observation_20260909_224958.csv,GRU,True,True,,config/experiments/chapter5_benchmark/05_benchmark_local_long_market_only_context_12.json;results/05_benchmark_local_long_market_only_context_12/local_long/TSLA/seed_44/preprocessing_config.json
TSLA,44,Mean-context,local_long,test,0.06783404668479974,0.496,5,./logs/output_model/TSLA/lr_1e-05_ema_momentum_0.998_mask_ratio_0.7_ratio_patches_10_encoder_256_2_1_predictor_128_2_1_local_mae_long_jepa_ljepa_1.5_lmae_0.5_mae_1_gap_4_jepa_4_cfg_7174a5f1b760_best.pt,best_pretraining_validation,ema,True,0.001,0.01,1e-05,0.0005,window_return,raw,relative_return,Close[t+h] / Close[t] - 1,RMSE over all saved rolling-step/horizon target values; project_within_trajectory_v1: sign of consecutive forecast-horizon differences equals sign of consecutive target differences; relative-return paths additionally include the known zero origin; cumulative/excess log-return targets compare the binary indicators (forecast > 0) and (target > 0) at each horizon,2025-01-02T00:00:00,2025-12-31T00:00:00,e9a1531a1a38a31b871f,61960b3439f7231b,61960b3439f7231b,20260909_224958,c8259a8ebe4a39b88e99ea33cb42d3bd41adb08c,results/05_benchmark_local_long_market_only_context_12/local_long/TSLA/seed_44/last_model_comparison_20260909_224958.csv,results/05_benchmark_local_long_market_only_context_12/local_long/TSLA/seed_44/last_baseline_scores_after_observation_20260909_224958.csv,mean_context,True,True,,config/experiments/chapter5_benchmark/05_benchmark_local_long_market_only_context_12.json;results/05_benchmark_local_long_market_only_context_12/local_long/TSLA/seed_44/preprocessing_config.json
TSLA,44,Drift,local_long,test,0.06878798615475537,0.508,5,./logs/output_model/TSLA/lr_1e-05_ema_momentum_0.998_mask_ratio_0.7_ratio_patches_10_encoder_256_2_1_predictor_128_2_1_local_mae_long_jepa_ljepa_1.5_lmae_0.5_mae_1_gap_4_jepa_4_cfg_7174a5f1b760_best.pt,best_pretraining_validation,ema,True,0.001,0.01,1e-05,0.0005,window_return,raw,relative_return,Close[t+h] / Close[t] - 1,RMSE over all saved rolling-step/horizon target values; project_within_trajectory_v1: sign of consecutive forecast-horizon differences equals sign of consecutive target differences; relative-return paths additionally include the known zero origin; cumulative/excess log-return targets compare the binary indicators (forecast > 0) and (target > 0) at each horizon,2025-01-02T00:00:00,2025-12-31T00:00:00,e9a1531a1a38a31b871f,61960b3439f7231b,61960b3439f7231b,20260909_224958,c8259a8ebe4a39b88e99ea33cb42d3bd41adb08c,results/05_benchmark_local_long_market_only_context_12/local_long/TSLA/seed_44/last_model_comparison_20260909_224958.csv,results/05_benchmark_local_long_market_only_context_12/local_long/TSLA/seed_44/last_baseline_scores_after_observation_20260909_224958.csv,drift,True,True,,config/experiments/chapter5_benchmark/05_benchmark_local_long_market_only_context_12.json;results/05_benchmark_local_long_market_only_context_12/local_long/TSLA/seed_44/preprocessing_config.json
TSLA,44,Local-MAE/Long-JEPA,local_long,test,0.07800569150379344,0.52,5,./logs/output_model/TSLA/lr_1e-05_ema_momentum_0.998_mask_ratio_0.7_ratio_patches_10_encoder_256_2_1_predictor_128_2_1_local_mae_long_jepa_ljepa_1.5_lmae_0.5_mae_1_gap_4_jepa_4_cfg_7174a5f1b760_best.pt,best_pretraining_validation,ema,True,0.001,0.01,1e-05,0.0005,window_return,raw,relative_return,Close[t+h] / Close[t] - 1,RMSE over all saved rolling-step/horizon target values; project_within_trajectory_v1: sign of consecutive forecast-horizon differences equals sign of consecutive target differences; relative-return paths additionally include the known zero origin; cumulative/excess log-return targets compare the binary indicators (forecast > 0) and (target > 0) at each horizon,2025-01-02T00:00:00,2025-12-31T00:00:00,e9a1531a1a38a31b871f,61960b3439f7231b,61960b3439f7231b,20260909_224958,c8259a8ebe4a39b88e99ea33cb42d3bd41adb08c,results/05_benchmark_local_long_market_only_context_12/local_long/TSLA/seed_44/last_model_comparison_20260909_224958.csv,results/05_benchmark_local_long_market_only_context_12/local_long/TSLA/seed_44/last_scores_after_observation_20260909_224958.csv,TS-JEPA,True,True,,config/experiments/chapter5_benchmark/05_benchmark_local_long_market_only_context_12.json;results/05_benchmark_local_long_market_only_context_12/local_long/TSLA/seed_44/preprocessing_config.json
TSLA,46,Naive-last,local_long,test,0.06089821940003636,0.0,5,./logs/output_model/TSLA/lr_1e-05_ema_momentum_0.998_mask_ratio_0.7_ratio_patches_10_encoder_256_2_1_predictor_128_2_1_local_mae_long_jepa_ljepa_1.5_lmae_0.5_mae_1_gap_4_jepa_4_cfg_36df34bc7a59_best.pt,best_pretraining_validation,ema,True,0.001,0.01,1e-05,0.0005,window_return,raw,relative_return,Close[t+h] / Close[t] - 1,RMSE over all saved rolling-step/horizon target values; project_within_trajectory_v1: sign of consecutive forecast-horizon differences equals sign of consecutive target differences; relative-return paths additionally include the known zero origin; cumulative/excess log-return targets compare the binary indicators (forecast > 0) and (target > 0) at each horizon,2025-01-02T00:00:00,2025-12-31T00:00:00,e9a1531a1a38a31b871f,61960b3439f7231b,61960b3439f7231b,20260909_225000,c8259a8ebe4a39b88e99ea33cb42d3bd41adb08c,results/05_benchmark_local_long_market_only_context_12/local_long/TSLA/seed_46/last_model_comparison_20260909_225000.csv,results/05_benchmark_local_long_market_only_context_12/local_long/TSLA/seed_46/last_baseline_scores_after_observation_20260909_225000.csv,naive_last,True,True,,config/experiments/chapter5_benchmark/05_benchmark_local_long_market_only_context_12.json;results/05_benchmark_local_long_market_only_context_12/local_long/TSLA/seed_46/preprocessing_config.json
TSLA,46,GRU,local_long,test,0.06418120537770979,0.476,5,./logs/output_model/TSLA/lr_1e-05_ema_momentum_0.998_mask_ratio_0.7_ratio_patches_10_encoder_256_2_1_predictor_128_2_1_local_mae_long_jepa_ljepa_1.5_lmae_0.5_mae_1_gap_4_jepa_4_cfg_36df34bc7a59_best.pt,best_pretraining_validation,ema,True,0.001,0.01,1e-05,0.0005,window_return,raw,relative_return,Close[t+h] / Close[t] - 1,RMSE over all saved rolling-step/horizon target values; project_within_trajectory_v1: sign of consecutive forecast-horizon differences equals sign of consecutive target differences; relative-return paths additionally include the known zero origin; cumulative/excess log-return targets compare the binary indicators (forecast > 0) and (target > 0) at each horizon,2025-01-02T00:00:00,2025-12-31T00:00:00,e9a1531a1a38a31b871f,61960b3439f7231b,61960b3439f7231b,20260909_225000,c8259a8ebe4a39b88e99ea33cb42d3bd41adb08c,results/05_benchmark_local_long_market_only_context_12/local_long/TSLA/seed_46/last_model_comparison_20260909_225000.csv,results/05_benchmark_local_long_market_only_context_12/local_long/TSLA/seed_46/last_gru_scores_after_observation_20260909_225000.csv,GRU,True,True,,config/experiments/chapter5_benchmark/05_benchmark_local_long_market_only_context_12.json;results/05_benchmark_local_long_market_only_context_12/local_long/TSLA/seed_46/preprocessing_config.json
TSLA,46,Mean-context,local_long,test,0.06783404668479974,0.496,5,./logs/output_model/TSLA/lr_1e-05_ema_momentum_0.998_mask_ratio_0.7_ratio_patches_10_encoder_256_2_1_predictor_128_2_1_local_mae_long_jepa_ljepa_1.5_lmae_0.5_mae_1_gap_4_jepa_4_cfg_36df34bc7a59_best.pt,best_pretraining_validation,ema,True,0.001,0.01,1e-05,0.0005,window_return,raw,relative_return,Close[t+h] / Close[t] - 1,RMSE over all saved rolling-step/horizon target values; project_within_trajectory_v1: sign of consecutive forecast-horizon differences equals sign of consecutive target differences; relative-return paths additionally include the known zero origin; cumulative/excess log-return targets compare the binary indicators (forecast > 0) and (target > 0) at each horizon,2025-01-02T00:00:00,2025-12-31T00:00:00,e9a1531a1a38a31b871f,61960b3439f7231b,61960b3439f7231b,20260909_225000,c8259a8ebe4a39b88e99ea33cb42d3bd41adb08c,results/05_benchmark_local_long_market_only_context_12/local_long/TSLA/seed_46/last_model_comparison_20260909_225000.csv,results/05_benchmark_local_long_market_only_context_12/local_long/TSLA/seed_46/last_baseline_scores_after_observation_20260909_225000.csv,mean_context,True,True,,config/experiments/chapter5_benchmark/05_benchmark_local_long_market_only_context_12.json;results/05_benchmark_local_long_market_only_context_12/local_long/TSLA/seed_46/preprocessing_config.json
TSLA,46,Drift,local_long,test,0.06878798615475537,0.508,5,./logs/output_model/TSLA/lr_1e-05_ema_momentum_0.998_mask_ratio_0.7_ratio_patches_10_encoder_256_2_1_predictor_128_2_1_local_mae_long_jepa_ljepa_1.5_lmae_0.5_mae_1_gap_4_jepa_4_cfg_36df34bc7a59_best.pt,best_pretraining_validation,ema,True,0.001,0.01,1e-05,0.0005,window_return,raw,relative_return,Close[t+h] / Close[t] - 1,RMSE over all saved rolling-step/horizon target values; project_within_trajectory_v1: sign of consecutive forecast-horizon differences equals sign of consecutive target differences; relative-return paths additionally include the known zero origin; cumulative/excess log-return targets compare the binary indicators (forecast > 0) and (target > 0) at each horizon,2025-01-02T00:00:00,2025-12-31T00:00:00,e9a1531a1a38a31b871f,61960b3439f7231b,61960b3439f7231b,20260909_225000,c8259a8ebe4a39b88e99ea33cb42d3bd41adb08c,results/05_benchmark_local_long_market_only_context_12/local_long/TSLA/seed_46/last_model_comparison_20260909_225000.csv,results/05_benchmark_local_long_market_only_context_12/local_long/TSLA/seed_46/last_baseline_scores_after_observation_20260909_225000.csv,drift,True,True,,config/experiments/chapter5_benchmark/05_benchmark_local_long_market_only_context_12.json;results/05_benchmark_local_long_market_only_context_12/local_long/TSLA/seed_46/preprocessing_config.json
TSLA,46,Local-MAE/Long-JEPA,local_long,test,0.07756109091916857,0.496,5,./logs/output_model/TSLA/lr_1e-05_ema_momentum_0.998_mask_ratio_0.7_ratio_patches_10_encoder_256_2_1_predictor_128_2_1_local_mae_long_jepa_ljepa_1.5_lmae_0.5_mae_1_gap_4_jepa_4_cfg_36df34bc7a59_best.pt,best_pretraining_validation,ema,True,0.001,0.01,1e-05,0.0005,window_return,raw,relative_return,Close[t+h] / Close[t] - 1,RMSE over all saved rolling-step/horizon target values; project_within_trajectory_v1: sign of consecutive forecast-horizon differences equals sign of consecutive target differences; relative-return paths additionally include the known zero origin; cumulative/excess log-return targets compare the binary indicators (forecast > 0) and (target > 0) at each horizon,2025-01-02T00:00:00,2025-12-31T00:00:00,e9a1531a1a38a31b871f,61960b3439f7231b,61960b3439f7231b,20260909_225000,c8259a8ebe4a39b88e99ea33cb42d3bd41adb08c,results/05_benchmark_local_long_market_only_context_12/local_long/TSLA/seed_46/last_model_comparison_20260909_225000.csv,results/05_benchmark_local_long_market_only_context_12/local_long/TSLA/seed_46/last_scores_after_observation_20260909_225000.csv,TS-JEPA,True,True,,config/experiments/chapter5_benchmark/05_benchmark_local_long_market_only_context_12.json;results/05_benchmark_local_long_market_only_context_12/local_long/TSLA/seed_46/preprocessing_config.json
WMT,42,GRU,local_long,test,0.028591039922607638,0.484,5,./logs/output_model/WMT/lr_1e-05_ema_momentum_0.998_mask_ratio_0.7_ratio_patches_10_encoder_256_2_1_predictor_128_2_1_local_mae_long_jepa_ljepa_1.5_lmae_0.5_mae_1_gap_4_jepa_4_cfg_1cc2223b2853_best.pt,best_pretraining_validation,ema,True,0.001,0.01,1e-05,0.0005,window_return,raw,relative_return,Close[t+h] / Close[t] - 1,RMSE over all saved rolling-step/horizon target values; project_within_trajectory_v1: sign of consecutive forecast-horizon differences equals sign of consecutive target differences; relative-return paths additionally include the known zero origin; cumulative/excess log-return targets compare the binary indicators (forecast > 0) and (target > 0) at each horizon,2025-01-02T00:00:00,2025-12-31T00:00:00,03ee5853ddbbb3a3a942,61960b3439f7231b,61960b3439f7231b,20260909_225050,c8259a8ebe4a39b88e99ea33cb42d3bd41adb08c,results/05_benchmark_local_long_market_only_context_12/local_long/WMT/seed_42/last_model_comparison_20260909_225050.csv,results/05_benchmark_local_long_market_only_context_12/local_long/WMT/seed_42/last_gru_scores_after_observation_20260909_225049.csv,GRU,True,True,,config/experiments/chapter5_benchmark/05_benchmark_local_long_market_only_context_12.json;results/05_benchmark_local_long_market_only_context_12/local_long/WMT/seed_42/preprocessing_config.json
WMT,42,Naive-last,local_long,test,0.028900790195290488,0.004,5,./logs/output_model/WMT/lr_1e-05_ema_momentum_0.998_mask_ratio_0.7_ratio_patches_10_encoder_256_2_1_predictor_128_2_1_local_mae_long_jepa_ljepa_1.5_lmae_0.5_mae_1_gap_4_jepa_4_cfg_1cc2223b2853_best.pt,best_pretraining_validation,ema,True,0.001,0.01,1e-05,0.0005,window_return,raw,relative_return,Close[t+h] / Close[t] - 1,RMSE over all saved rolling-step/horizon target values; project_within_trajectory_v1: sign of consecutive forecast-horizon differences equals sign of consecutive target differences; relative-return paths additionally include the known zero origin; cumulative/excess log-return targets compare the binary indicators (forecast > 0) and (target > 0) at each horizon,2025-01-02T00:00:00,2025-12-31T00:00:00,03ee5853ddbbb3a3a942,61960b3439f7231b,61960b3439f7231b,20260909_225050,c8259a8ebe4a39b88e99ea33cb42d3bd41adb08c,results/05_benchmark_local_long_market_only_context_12/local_long/WMT/seed_42/last_model_comparison_20260909_225050.csv,results/05_benchmark_local_long_market_only_context_12/local_long/WMT/seed_42/last_baseline_scores_after_observation_20260909_225050.csv,naive_last,True,True,,config/experiments/chapter5_benchmark/05_benchmark_local_long_market_only_context_12.json;results/05_benchmark_local_long_market_only_context_12/local_long/WMT/seed_42/preprocessing_config.json
WMT,42,Drift,local_long,test,0.029467266509817916,0.468,5,./logs/output_model/WMT/lr_1e-05_ema_momentum_0.998_mask_ratio_0.7_ratio_patches_10_encoder_256_2_1_predictor_128_2_1_local_mae_long_jepa_ljepa_1.5_lmae_0.5_mae_1_gap_4_jepa_4_cfg_1cc2223b2853_best.pt,best_pretraining_validation,ema,True,0.001,0.01,1e-05,0.0005,window_return,raw,relative_return,Close[t+h] / Close[t] - 1,RMSE over all saved rolling-step/horizon target values; project_within_trajectory_v1: sign of consecutive forecast-horizon differences equals sign of consecutive target differences; relative-return paths additionally include the known zero origin; cumulative/excess log-return targets compare the binary indicators (forecast > 0) and (target > 0) at each horizon,2025-01-02T00:00:00,2025-12-31T00:00:00,03ee5853ddbbb3a3a942,61960b3439f7231b,61960b3439f7231b,20260909_225050,c8259a8ebe4a39b88e99ea33cb42d3bd41adb08c,results/05_benchmark_local_long_market_only_context_12/local_long/WMT/seed_42/last_model_comparison_20260909_225050.csv,results/05_benchmark_local_long_market_only_context_12/local_long/WMT/seed_42/last_baseline_scores_after_observation_20260909_225050.csv,drift,True,True,,config/experiments/chapter5_benchmark/05_benchmark_local_long_market_only_context_12.json;results/05_benchmark_local_long_market_only_context_12/local_long/WMT/seed_42/preprocessing_config.json
WMT,42,Mean-context,local_long,test,0.029493515517875,0.472,5,./logs/output_model/WMT/lr_1e-05_ema_momentum_0.998_mask_ratio_0.7_ratio_patches_10_encoder_256_2_1_predictor_128_2_1_local_mae_long_jepa_ljepa_1.5_lmae_0.5_mae_1_gap_4_jepa_4_cfg_1cc2223b2853_best.pt,best_pretraining_validation,ema,True,0.001,0.01,1e-05,0.0005,window_return,raw,relative_return,Close[t+h] / Close[t] - 1,RMSE over all saved rolling-step/horizon target values; project_within_trajectory_v1: sign of consecutive forecast-horizon differences equals sign of consecutive target differences; relative-return paths additionally include the known zero origin; cumulative/excess log-return targets compare the binary indicators (forecast > 0) and (target > 0) at each horizon,2025-01-02T00:00:00,2025-12-31T00:00:00,03ee5853ddbbb3a3a942,61960b3439f7231b,61960b3439f7231b,20260909_225050,c8259a8ebe4a39b88e99ea33cb42d3bd41adb08c,results/05_benchmark_local_long_market_only_context_12/local_long/WMT/seed_42/last_model_comparison_20260909_225050.csv,results/05_benchmark_local_long_market_only_context_12/local_long/WMT/seed_42/last_baseline_scores_after_observation_20260909_225050.csv,mean_context,True,True,,config/experiments/chapter5_benchmark/05_benchmark_local_long_market_only_context_12.json;results/05_benchmark_local_long_market_only_context_12/local_long/WMT/seed_42/preprocessing_config.json
WMT,42,Local-MAE/Long-JEPA,local_long,test,0.030133397603044537,0.508,5,./logs/output_model/WMT/lr_1e-05_ema_momentum_0.998_mask_ratio_0.7_ratio_patches_10_encoder_256_2_1_predictor_128_2_1_local_mae_long_jepa_ljepa_1.5_lmae_0.5_mae_1_gap_4_jepa_4_cfg_1cc2223b2853_best.pt,best_pretraining_validation,ema,True,0.001,0.01,1e-05,0.0005,window_return,raw,relative_return,Close[t+h] / Close[t] - 1,RMSE over all saved rolling-step/horizon target values; project_within_trajectory_v1: sign of consecutive forecast-horizon differences equals sign of consecutive target differences; relative-return paths additionally include the known zero origin; cumulative/excess log-return targets compare the binary indicators (forecast > 0) and (target > 0) at each horizon,2025-01-02T00:00:00,2025-12-31T00:00:00,03ee5853ddbbb3a3a942,61960b3439f7231b,61960b3439f7231b,20260909_225050,c8259a8ebe4a39b88e99ea33cb42d3bd41adb08c,results/05_benchmark_local_long_market_only_context_12/local_long/WMT/seed_42/last_model_comparison_20260909_225050.csv,results/05_benchmark_local_long_market_only_context_12/local_long/WMT/seed_42/last_scores_after_observation_20260909_225049.csv,TS-JEPA,True,True,,config/experiments/chapter5_benchmark/05_benchmark_local_long_market_only_context_12.json;results/05_benchmark_local_long_market_only_context_12/local_long/WMT/seed_42/preprocessing_config.json
WMT,44,GRU,local_long,test,0.028186560024764055,0.512,5,./logs/output_model/WMT/lr_1e-05_ema_momentum_0.998_mask_ratio_0.7_ratio_patches_10_encoder_256_2_1_predictor_128_2_1_local_mae_long_jepa_ljepa_1.5_lmae_0.5_mae_1_gap_4_jepa_4_cfg_7174a5f1b760_best.pt,best_pretraining_validation,ema,True,0.001,0.01,1e-05,0.0005,window_return,raw,relative_return,Close[t+h] / Close[t] - 1,RMSE over all saved rolling-step/horizon target values; project_within_trajectory_v1: sign of consecutive forecast-horizon differences equals sign of consecutive target differences; relative-return paths additionally include the known zero origin; cumulative/excess log-return targets compare the binary indicators (forecast > 0) and (target > 0) at each horizon,2025-01-02T00:00:00,2025-12-31T00:00:00,03ee5853ddbbb3a3a942,61960b3439f7231b,61960b3439f7231b,20260909_225050,c8259a8ebe4a39b88e99ea33cb42d3bd41adb08c,results/05_benchmark_local_long_market_only_context_12/local_long/WMT/seed_44/last_model_comparison_20260909_225050.csv,results/05_benchmark_local_long_market_only_context_12/local_long/WMT/seed_44/last_gru_scores_after_observation_20260909_225050.csv,GRU,True,True,,config/experiments/chapter5_benchmark/05_benchmark_local_long_market_only_context_12.json;results/05_benchmark_local_long_market_only_context_12/local_long/WMT/seed_44/preprocessing_config.json
WMT,44,Naive-last,local_long,test,0.028900790195290488,0.004,5,./logs/output_model/WMT/lr_1e-05_ema_momentum_0.998_mask_ratio_0.7_ratio_patches_10_encoder_256_2_1_predictor_128_2_1_local_mae_long_jepa_ljepa_1.5_lmae_0.5_mae_1_gap_4_jepa_4_cfg_7174a5f1b760_best.pt,best_pretraining_validation,ema,True,0.001,0.01,1e-05,0.0005,window_return,raw,relative_return,Close[t+h] / Close[t] - 1,RMSE over all saved rolling-step/horizon target values; project_within_trajectory_v1: sign of consecutive forecast-horizon differences equals sign of consecutive target differences; relative-return paths additionally include the known zero origin; cumulative/excess log-return targets compare the binary indicators (forecast > 0) and (target > 0) at each horizon,2025-01-02T00:00:00,2025-12-31T00:00:00,03ee5853ddbbb3a3a942,61960b3439f7231b,61960b3439f7231b,20260909_225050,c8259a8ebe4a39b88e99ea33cb42d3bd41adb08c,results/05_benchmark_local_long_market_only_context_12/local_long/WMT/seed_44/last_model_comparison_20260909_225050.csv,results/05_benchmark_local_long_market_only_context_12/local_long/WMT/seed_44/last_baseline_scores_after_observation_20260909_225050.csv,naive_last,True,True,,config/experiments/chapter5_benchmark/05_benchmark_local_long_market_only_context_12.json;results/05_benchmark_local_long_market_only_context_12/local_long/WMT/seed_44/preprocessing_config.json
WMT,44,Drift,local_long,test,0.029467266509817916,0.468,5,./logs/output_model/WMT/lr_1e-05_ema_momentum_0.998_mask_ratio_0.7_ratio_patches_10_encoder_256_2_1_predictor_128_2_1_local_mae_long_jepa_ljepa_1.5_lmae_0.5_mae_1_gap_4_jepa_4_cfg_7174a5f1b760_best.pt,best_pretraining_validation,ema,True,0.001,0.01,1e-05,0.0005,window_return,raw,relative_return,Close[t+h] / Close[t] - 1,RMSE over all saved rolling-step/horizon target values; project_within_trajectory_v1: sign of consecutive forecast-horizon differences equals sign of consecutive target differences; relative-return paths additionally include the known zero origin; cumulative/excess log-return targets compare the binary indicators (forecast > 0) and (target > 0) at each horizon,2025-01-02T00:00:00,2025-12-31T00:00:00,03ee5853ddbbb3a3a942,61960b3439f7231b,61960b3439f7231b,20260909_225050,c8259a8ebe4a39b88e99ea33cb42d3bd41adb08c,results/05_benchmark_local_long_market_only_context_12/local_long/WMT/seed_44/last_model_comparison_20260909_225050.csv,results/05_benchmark_local_long_market_only_context_12/local_long/WMT/seed_44/last_baseline_scores_after_observation_20260909_225050.csv,drift,True,True,,config/experiments/chapter5_benchmark/05_benchmark_local_long_market_only_context_12.json;results/05_benchmark_local_long_market_only_context_12/local_long/WMT/seed_44/preprocessing_config.json
WMT,44,Mean-context,local_long,test,0.029493515517875,0.472,5,./logs/output_model/WMT/lr_1e-05_ema_momentum_0.998_mask_ratio_0.7_ratio_patches_10_encoder_256_2_1_predictor_128_2_1_local_mae_long_jepa_ljepa_1.5_lmae_0.5_mae_1_gap_4_jepa_4_cfg_7174a5f1b760_best.pt,best_pretraining_validation,ema,True,0.001,0.01,1e-05,0.0005,window_return,raw,relative_return,Close[t+h] / Close[t] - 1,RMSE over all saved rolling-step/horizon target values; project_within_trajectory_v1: sign of consecutive forecast-horizon differences equals sign of consecutive target differences; relative-return paths additionally include the known zero origin; cumulative/excess log-return targets compare the binary indicators (forecast > 0) and (target > 0) at each horizon,2025-01-02T00:00:00,2025-12-31T00:00:00,03ee5853ddbbb3a3a942,61960b3439f7231b,61960b3439f7231b,20260909_225050,c8259a8ebe4a39b88e99ea33cb42d3bd41adb08c,results/05_benchmark_local_long_market_only_context_12/local_long/WMT/seed_44/last_model_comparison_20260909_225050.csv,results/05_benchmark_local_long_market_only_context_12/local_long/WMT/seed_44/last_baseline_scores_after_observation_20260909_225050.csv,mean_context,True,True,,config/experiments/chapter5_benchmark/05_benchmark_local_long_market_only_context_12.json;results/05_benchmark_local_long_market_only_context_12/local_long/WMT/seed_44/preprocessing_config.json
WMT,44,Local-MAE/Long-JEPA,local_long,test,0.029510895326701946,0.536,5,./logs/output_model/WMT/lr_1e-05_ema_momentum_0.998_mask_ratio_0.7_ratio_patches_10_encoder_256_2_1_predictor_128_2_1_local_mae_long_jepa_ljepa_1.5_lmae_0.5_mae_1_gap_4_jepa_4_cfg_7174a5f1b760_best.pt,best_pretraining_validation,ema,True,0.001,0.01,1e-05,0.0005,window_return,raw,relative_return,Close[t+h] / Close[t] - 1,RMSE over all saved rolling-step/horizon target values; project_within_trajectory_v1: sign of consecutive forecast-horizon differences equals sign of consecutive target differences; relative-return paths additionally include the known zero origin; cumulative/excess log-return targets compare the binary indicators (forecast > 0) and (target > 0) at each horizon,2025-01-02T00:00:00,2025-12-31T00:00:00,03ee5853ddbbb3a3a942,61960b3439f7231b,61960b3439f7231b,20260909_225050,c8259a8ebe4a39b88e99ea33cb42d3bd41adb08c,results/05_benchmark_local_long_market_only_context_12/local_long/WMT/seed_44/last_model_comparison_20260909_225050.csv,results/05_benchmark_local_long_market_only_context_12/local_long/WMT/seed_44/last_scores_after_observation_20260909_225050.csv,TS-JEPA,True,True,,config/experiments/chapter5_benchmark/05_benchmark_local_long_market_only_context_12.json;results/05_benchmark_local_long_market_only_context_12/local_long/WMT/seed_44/preprocessing_config.json
WMT,46,GRU,local_long,test,0.02887448232191279,0.476,5,./logs/output_model/WMT/lr_1e-05_ema_momentum_0.998_mask_ratio_0.7_ratio_patches_10_encoder_256_2_1_predictor_128_2_1_local_mae_long_jepa_ljepa_1.5_lmae_0.5_mae_1_gap_4_jepa_4_cfg_36df34bc7a59_best.pt,best_pretraining_validation,ema,True,0.001,0.01,1e-05,0.0005,window_return,raw,relative_return,Close[t+h] / Close[t] - 1,RMSE over all saved rolling-step/horizon target values; project_within_trajectory_v1: sign of consecutive forecast-horizon differences equals sign of consecutive target differences; relative-return paths additionally include the known zero origin; cumulative/excess log-return targets compare the binary indicators (forecast > 0) and (target > 0) at each horizon,2025-01-02T00:00:00,2025-12-31T00:00:00,03ee5853ddbbb3a3a942,61960b3439f7231b,61960b3439f7231b,20260909_225131,c8259a8ebe4a39b88e99ea33cb42d3bd41adb08c,results/05_benchmark_local_long_market_only_context_12/local_long/WMT/seed_46/last_model_comparison_20260909_225131.csv,results/05_benchmark_local_long_market_only_context_12/local_long/WMT/seed_46/last_gru_scores_after_observation_20260909_225131.csv,GRU,True,True,,config/experiments/chapter5_benchmark/05_benchmark_local_long_market_only_context_12.json;results/05_benchmark_local_long_market_only_context_12/local_long/WMT/seed_46/preprocessing_config.json
WMT,46,Naive-last,local_long,test,0.028900790195290488,0.004,5,./logs/output_model/WMT/lr_1e-05_ema_momentum_0.998_mask_ratio_0.7_ratio_patches_10_encoder_256_2_1_predictor_128_2_1_local_mae_long_jepa_ljepa_1.5_lmae_0.5_mae_1_gap_4_jepa_4_cfg_36df34bc7a59_best.pt,best_pretraining_validation,ema,True,0.001,0.01,1e-05,0.0005,window_return,raw,relative_return,Close[t+h] / Close[t] - 1,RMSE over all saved rolling-step/horizon target values; project_within_trajectory_v1: sign of consecutive forecast-horizon differences equals sign of consecutive target differences; relative-return paths additionally include the known zero origin; cumulative/excess log-return targets compare the binary indicators (forecast > 0) and (target > 0) at each horizon,2025-01-02T00:00:00,2025-12-31T00:00:00,03ee5853ddbbb3a3a942,61960b3439f7231b,61960b3439f7231b,20260909_225131,c8259a8ebe4a39b88e99ea33cb42d3bd41adb08c,results/05_benchmark_local_long_market_only_context_12/local_long/WMT/seed_46/last_model_comparison_20260909_225131.csv,results/05_benchmark_local_long_market_only_context_12/local_long/WMT/seed_46/last_baseline_scores_after_observation_20260909_225131.csv,naive_last,True,True,,config/experiments/chapter5_benchmark/05_benchmark_local_long_market_only_context_12.json;results/05_benchmark_local_long_market_only_context_12/local_long/WMT/seed_46/preprocessing_config.json
WMT,46,Local-MAE/Long-JEPA,local_long,test,0.029294595585225583,0.532,5,./logs/output_model/WMT/lr_1e-05_ema_momentum_0.998_mask_ratio_0.7_ratio_patches_10_encoder_256_2_1_predictor_128_2_1_local_mae_long_jepa_ljepa_1.5_lmae_0.5_mae_1_gap_4_jepa_4_cfg_36df34bc7a59_best.pt,best_pretraining_validation,ema,True,0.001,0.01,1e-05,0.0005,window_return,raw,relative_return,Close[t+h] / Close[t] - 1,RMSE over all saved rolling-step/horizon target values; project_within_trajectory_v1: sign of consecutive forecast-horizon differences equals sign of consecutive target differences; relative-return paths additionally include the known zero origin; cumulative/excess log-return targets compare the binary indicators (forecast > 0) and (target > 0) at each horizon,2025-01-02T00:00:00,2025-12-31T00:00:00,03ee5853ddbbb3a3a942,61960b3439f7231b,61960b3439f7231b,20260909_225131,c8259a8ebe4a39b88e99ea33cb42d3bd41adb08c,results/05_benchmark_local_long_market_only_context_12/local_long/WMT/seed_46/last_model_comparison_20260909_225131.csv,results/05_benchmark_local_long_market_only_context_12/local_long/WMT/seed_46/last_scores_after_observation_20260909_225131.csv,TS-JEPA,True,True,,config/experiments/chapter5_benchmark/05_benchmark_local_long_market_only_context_12.json;results/05_benchmark_local_long_market_only_context_12/local_long/WMT/seed_46/preprocessing_config.json
WMT,46,Drift,local_long,test,0.029467266509817916,0.468,5,./logs/output_model/WMT/lr_1e-05_ema_momentum_0.998_mask_ratio_0.7_ratio_patches_10_encoder_256_2_1_predictor_128_2_1_local_mae_long_jepa_ljepa_1.5_lmae_0.5_mae_1_gap_4_jepa_4_cfg_36df34bc7a59_best.pt,best_pretraining_validation,ema,True,0.001,0.01,1e-05,0.0005,window_return,raw,relative_return,Close[t+h] / Close[t] - 1,RMSE over all saved rolling-step/horizon target values; project_within_trajectory_v1: sign of consecutive forecast-horizon differences equals sign of consecutive target differences; relative-return paths additionally include the known zero origin; cumulative/excess log-return targets compare the binary indicators (forecast > 0) and (target > 0) at each horizon,2025-01-02T00:00:00,2025-12-31T00:00:00,03ee5853ddbbb3a3a942,61960b3439f7231b,61960b3439f7231b,20260909_225131,c8259a8ebe4a39b88e99ea33cb42d3bd41adb08c,results/05_benchmark_local_long_market_only_context_12/local_long/WMT/seed_46/last_model_comparison_20260909_225131.csv,results/05_benchmark_local_long_market_only_context_12/local_long/WMT/seed_46/last_baseline_scores_after_observation_20260909_225131.csv,drift,True,True,,config/experiments/chapter5_benchmark/05_benchmark_local_long_market_only_context_12.json;results/05_benchmark_local_long_market_only_context_12/local_long/WMT/seed_46/preprocessing_config.json
WMT,46,Mean-context,local_long,test,0.029493515517875,0.472,5,./logs/output_model/WMT/lr_1e-05_ema_momentum_0.998_mask_ratio_0.7_ratio_patches_10_encoder_256_2_1_predictor_128_2_1_local_mae_long_jepa_ljepa_1.5_lmae_0.5_mae_1_gap_4_jepa_4_cfg_36df34bc7a59_best.pt,best_pretraining_validation,ema,True,0.001,0.01,1e-05,0.0005,window_return,raw,relative_return,Close[t+h] / Close[t] - 1,RMSE over all saved rolling-step/horizon target values; project_within_trajectory_v1: sign of consecutive forecast-horizon differences equals sign of consecutive target differences; relative-return paths additionally include the known zero origin; cumulative/excess log-return targets compare the binary indicators (forecast > 0) and (target > 0) at each horizon,2025-01-02T00:00:00,2025-12-31T00:00:00,03ee5853ddbbb3a3a942,61960b3439f7231b,61960b3439f7231b,20260909_225131,c8259a8ebe4a39b88e99ea33cb42d3bd41adb08c,results/05_benchmark_local_long_market_only_context_12/local_long/WMT/seed_46/last_model_comparison_20260909_225131.csv,results/05_benchmark_local_long_market_only_context_12/local_long/WMT/seed_46/last_baseline_scores_after_observation_20260909_225131.csv,mean_context,True,True,,config/experiments/chapter5_benchmark/05_benchmark_local_long_market_only_context_12.json;results/05_benchmark_local_long_market_only_context_12/local_long/WMT/seed_46/preprocessing_config.json
