model,rolling_step,horizon_step,target_index,predicted_value,true_value,error,absolute_error,squared_error
naive_last,0,1,0,-0.024555563926696777,-0.012999951839447021,-0.011555612087249756,0.011555612087249756,0.00013353217071099266
naive_last,0,2,1,-0.024555563926696777,-0.002666652202606201,-0.021888911724090576,0.021888911724090576,0.0004791244564650299
naive_last,0,3,2,-0.024555563926696777,-0.030444443225860596,0.005888879299163818,0.005888879299163818,3.4678899400120144e-05
naive_last,0,4,3,-0.024555563926696777,-0.07566666603088379,0.05111110210418701,0.05111110210418701,0.00261234475830463
naive_last,0,5,4,-0.024555563926696777,-0.06855553388595581,0.04399996995925903,0.04399996995925903,0.0019359973564156974
naive_last,1,1,1,-0.09860211610794067,-0.1205376386642456,0.02193552255630493,0.02193552255630493,0.00048116714981816244
naive_last,1,2,2,-0.09860211610794067,-0.03655916452407837,-0.062042951583862305,0.062042951583862305,0.003849327841237482
naive_last,1,3,3,-0.09860211610794067,-0.02569890022277832,-0.07290321588516235,0.07290321588516235,0.0053148788863985885
naive_last,1,4,4,-0.09860211610794067,-0.0021504759788513184,-0.09645164012908936,0.09645164012908936,0.00930291888359136
naive_last,1,5,5,-0.09860211610794067,0.01860213279724121,-0.11720424890518188,0.11720424890518188,0.013736835961427829
naive_last,2,1,2,0.030345916748046875,0.02207958698272705,0.008266329765319824,0.008266329765319824,6.83322077890125e-05
naive_last,2,2,3,0.030345916748046875,-0.008157491683959961,0.038503408432006836,0.038503408432006836,0.0014825124608819351
naive_last,2,3,4,0.030345916748046875,0.01392209529876709,0.016423821449279785,0.016423821449279785,0.00026974191099782274
naive_last,2,4,5,0.030345916748046875,0.005112051963806152,0.025233864784240723,0.025233864784240723,0.0006367479319493441
naive_last,2,5,6,0.030345916748046875,0.03165102005004883,-0.0013051033020019531,0.0013051033020019531,1.7032946288964013e-06
naive_last,3,1,3,-0.026180744171142578,-0.025051355361938477,-0.0011293888092041016,0.0011293888092041016,1.2755190823554585e-06
naive_last,3,2,4,-0.026180744171142578,-0.016016483306884766,-0.010164260864257812,0.010164260864257812,0.00010331219891668297
naive_last,3,3,5,-0.026180744171142578,-0.02371668815612793,-0.0024640560150146484,0.0024640560150146484,6.071572045129869e-06
naive_last,3,4,6,-0.026180744171142578,-0.022381961345672607,-0.0037987828254699707,0.0037987828254699707,1.4430750955085614e-05
naive_last,3,5,7,-0.026180744171142578,-0.013963043689727783,-0.012217700481414795,0.012217700481414795,0.0001492722050535633
naive_last,4,1,4,-0.035161733627319336,-0.02300584316253662,-0.012155890464782715,0.012155890464782715,0.00014776567299179533
naive_last,4,2,5,-0.035161733627319336,-0.021398425102233887,-0.01376330852508545,0.01376330852508545,0.0001894286615566898
naive_last,4,3,6,-0.035161733627319336,-0.007936537265777588,-0.027225196361541748,0.027225196361541748,0.000741211316924506
naive_last,4,4,7,-0.035161733627319336,-0.002109706401824951,-0.033052027225494385,0.033052027225494385,0.001092436503714822
naive_last,4,5,8,-0.035161733627319336,-0.00994575023651123,-0.025215983390808105,0.025215983390808105,0.0006358458183655102
naive_last,5,1,5,-0.04246014356613159,-0.03973954916000366,-0.0027205944061279297,0.0027205944061279297,7.401633922654582e-06
naive_last,5,2,6,-0.04246014356613159,-0.05334240198135376,0.010882258415222168,0.010882258415222168,0.00011842354821567369
naive_last,5,3,7,-0.04246014356613159,-0.06024092435836792,0.017780780792236328,0.017780780792236328,0.00031615616558156034
naive_last,5,4,8,-0.04246014356613159,-0.05994945764541626,0.017489314079284668,0.017489314079284668,0.0003058761069638649
naive_last,5,5,9,-0.04246014356613159,-0.06840264797210693,0.025942504405975342,0.025942504405975342,0.00067301353485405
naive_last,6,1,6,-0.07612258195877075,-0.06696856021881104,-0.009154021739959717,0.009154021739959717,8.379611401565512e-05
naive_last,6,2,7,-0.07612258195877075,-0.0715937614440918,-0.004528820514678955,0.004528820514678955,2.0510215254176956e-05
naive_last,6,3,8,-0.07612258195877075,-0.053382158279418945,-0.022740423679351807,0.022740423679351807,0.0005171268691164244
naive_last,6,4,9,-0.07612258195877075,-0.05453842878341675,-0.021584153175354004,0.021584153175354004,0.00046587566829714433
naive_last,6,5,10,-0.07612258195877075,-0.05762183666229248,-0.01850074529647827,0.01850074529647827,0.0003422775765251629
naive_last,7,1,7,0.0011260509490966797,-0.012897968292236328,0.014024019241333008,0.014024019241333008,0.00019667311568127843
naive_last,7,2,8,0.0011260509490966797,-0.01801621913909912,0.0191422700881958,0.0191422700881958,0.00036642650412943567
naive_last,7,3,9,0.0011260509490966797,-0.013819277286529541,0.01494532823562622,0.01494532823562622,0.00022336283607060636
naive_last,7,4,10,0.0011260509490966797,-0.0011259913444519043,0.002252042293548584,0.002252042293548584,5.0716944919315665e-06
naive_last,7,5,11,0.0011260509490966797,-0.004606425762176514,0.005732476711273193,0.005732476711273193,3.286128924528953e-05
naive_last,8,1,8,0.023902297019958496,0.022428154945373535,0.001474142074584961,0.001474142074584961,2.1730948560616525e-06
naive_last,8,2,9,0.023902297019958496,0.03948616981506348,-0.01558387279510498,0.01558387279510498,0.00024285709129401312
naive_last,8,3,10,0.023902297019958496,0.050542235374450684,-0.026639938354492188,0.026639938354492188,0.0007096863155311439
naive_last,8,4,11,0.023902297019958496,0.052753567695617676,-0.02885127067565918,0.02885127067565918,0.0008323958196001513
naive_last,8,5,12,0.023902297019958496,0.0461198091506958,-0.022217512130737305,0.022217512130737305,0.0004936178452794593
naive_last,9,1,9,0.13620758056640625,0.12031102180480957,0.01589655876159668,0.01589655876159668,0.00025270058046089616
naive_last,9,2,10,0.13620758056640625,0.11470723152160645,0.021500349044799805,0.021500349044799805,0.0004622650090482239
naive_last,9,3,11,0.13620758056640625,0.1144784688949585,0.021729111671447754,0.021729111671447754,0.000472154294030247
naive_last,9,4,12,0.13620758056640625,0.11299169063568115,0.023215889930725098,0.023215889930725098,0.000538977545275543
naive_last,9,5,13,0.13620758056640625,0.09560847282409668,0.04059910774230957,0.04059910774230957,0.001648287549471661
naive_last,10,1,10,0.11928975582122803,0.1079566478729248,0.011333107948303223,0.011333107948303223,0.00012843933576789368
naive_last,10,2,11,0.11928975582122803,0.10339999198913574,0.015889763832092285,0.015889763832092285,0.0002524845946396681
naive_last,10,3,12,0.11928975582122803,0.10164749622344971,0.01764225959777832,0.01764225959777832,0.00031124932371540126
naive_last,10,4,13,0.11928975582122803,0.1011800765991211,0.018109679222106934,0.018109679222106934,0.0003279604815276116
naive_last,10,5,14,0.11928975582122803,0.11099433898925781,0.008295416831970215,0.008295416831970215,6.881394041613476e-05
naive_last,11,1,11,0.12187349796295166,0.1340254545211792,-0.012151956558227539,0.012151956558227539,0.0001476700481930493
naive_last,11,2,12,0.12187349796295166,0.1546720266342163,-0.03279852867126465,0.03279852867126465,0.0010757434829997692
naive_last,11,3,13,0.12187349796295166,0.15620577335357666,-0.034332275390625,0.034332275390625,0.001178705133497715
naive_last,11,4,14,0.12187349796295166,0.1474752426147461,-0.025601744651794434,0.025601744651794434,0.0006554493292156849
naive_last,11,5,15,0.12187349796295166,0.13284564018249512,-0.010972142219543457,0.010972142219543457,0.00012038790488588802
naive_last,12,1,12,0.0809410810470581,0.09501290321350098,-0.014071822166442871,0.014071822166442871,0.00019801617908399294
naive_last,12,2,13,0.0809410810470581,0.1007542610168457,-0.019813179969787598,0.019813179969787598,0.00039256210051519247
naive_last,12,3,14,0.0809410810470581,0.10593259334564209,-0.024991512298583984,0.024991512298583984,0.0006245756869702745
naive_last,12,4,15,0.0809410810470581,0.09884047508239746,-0.017899394035339355,0.017899394035339355,0.0003203883068323421
naive_last,12,5,16,0.0809410810470581,0.1072835922241211,-0.02634251117706299,0.02634251117706299,0.0006939278951136885
naive_last,13,1,13,0.20259201526641846,0.21469616889953613,-0.012104153633117676,0.012104153633117676,0.00014651053517411583
naive_last,13,2,14,0.20259201526641846,0.18706440925598145,0.015527606010437012,0.015527606010437012,0.0002411065484153596
naive_last,13,3,15,0.20259201526641846,0.1836409568786621,0.018951058387756348,0.018951058387756348,0.0003591426140161502
naive_last,13,4,16,0.20259201526641846,0.1597994565963745,0.042792558670043945,0.042792558670043945,0.0018312030775291532
naive_last,13,5,17,0.20259201526641846,0.1541752815246582,0.048416733741760254,0.048416733741760254,0.002344180106220506
naive_last,14,1,14,0.004575967788696289,0.019261479377746582,-0.014685511589050293,0.014685511589050293,0.00021566425063213046
naive_last,14,2,15,0.004575967788696289,0.015111207962036133,-0.010535240173339844,0.010535240173339844,0.00011099128550995374
naive_last,14,3,16,0.004575967788696289,0.012557148933410645,-0.007981181144714355,0.007981181144714355,6.369925246474395e-05
naive_last,14,4,17,0.004575967788696289,0.01191866397857666,-0.007342696189880371,0.007342696189880371,5.391518733688372e-05
naive_last,14,5,18,0.004575967788696289,0.011493086814880371,-0.006917119026184082,0.006917119026184082,4.784653562239782e-05
naive_last,15,1,15,0.0009478330612182617,0.007476806640625,-0.006528973579406738,0.006528973579406738,4.2627496000591236e-05
naive_last,15,2,16,0.0009478330612182617,0.009372353553771973,-0.008424520492553711,0.008424520492553711,7.097254552945742e-05
naive_last,15,3,17,0.0009478330612182617,0.007582187652587891,-0.006634354591369629,0.006634354591369629,4.4014660844027276e-05
naive_last,15,4,18,0.0009478330612182617,0.017270445823669434,-0.016322612762451172,0.016322612762451172,0.0002664276873929339
naive_last,15,5,19,0.0009478330612182617,0.026432156562805176,-0.025484323501586914,0.025484323501586914,0.0006494507443335351
naive_last,16,1,16,0.0022622346878051758,0.00370180606842041,-0.0014395713806152344,0.0014395713806152344,2.072365759886452e-06
naive_last,16,2,17,0.0022622346878051758,0.01110541820526123,-0.008843183517456055,0.008843183517456055,7.820189472340644e-05
naive_last,16,3,18,0.0022622346878051758,0.0034960508346557617,-0.001233816146850586,0.001233816146850586,1.5223022842292266e-06
naive_last,16,4,19,0.0022622346878051758,0.0075064897537231445,-0.005244255065917969,0.005244255065917969,2.750221119640628e-05
naive_last,16,5,20,0.0022622346878051758,0.012750625610351562,-0.010488390922546387,0.010488390922546387,0.00011000634414415345
naive_last,17,1,17,-0.0034403204917907715,0.007689952850341797,-0.011130273342132568,0.011130273342132568,0.0001238829846705869
naive_last,17,2,18,-0.0034403204917907715,0.00485682487487793,-0.008297145366668701,0.008297145366668701,6.88426212356319e-05
naive_last,17,3,19,-0.0034403204917907715,0.04583632946014404,-0.049276649951934814,0.049276649951934814,0.0024281882304855174
naive_last,17,4,20,-0.0034403204917907715,0.04340791702270508,-0.04684823751449585,0.04684823751449585,0.0021947573582146163
naive_last,17,5,21,-0.0034403204917907715,0.04958009719848633,-0.0530204176902771,0.0530204176902771,0.002811164692051449
naive_last,18,1,18,0.07125890254974365,0.07332432270050049,-0.002065420150756836,0.002065420150756836,4.265960399152391e-06
naive_last,18,2,19,0.07125890254974365,0.07012295722961426,0.0011359453201293945,0.0011359453201293945,1.2903717703238726e-06
naive_last,18,3,20,0.07125890254974365,0.042961835861206055,0.028297066688537598,0.028297066688537598,0.0008007239831755442
naive_last,18,4,21,0.07125890254974365,0.04151606559753418,0.029742836952209473,0.029742836952209473,0.0008846363499657173
naive_last,18,5,22,0.07125890254974365,0.03273773193359375,0.0385211706161499,0.0385211706161499,0.0014838805856385306
naive_last,19,1,19,0.037021636962890625,0.0442807674407959,-0.0072591304779052734,0.0072591304779052734,5.2694975295253244e-05
naive_last,19,2,20,0.037021636962890625,0.0503993034362793,-0.013377666473388672,0.013377666473388672,0.0001789619602732273
naive_last,19,3,21,0.037021636962890625,0.06367313861846924,-0.026651501655578613,0.026651501655578613,0.0007103025404973096
naive_last,19,4,22,0.037021636962890625,0.015866398811340332,0.021155238151550293,0.021155238151550293,0.00044754410124880906
naive_last,19,5,23,0.037021636962890625,0.004148125648498535,0.03287351131439209,0.03287351131439209,0.0010806677461374647
naive_last,20,1,20,-0.002780616283416748,-0.010607600212097168,0.00782698392868042,0.00782698392868042,6.126167741982158e-05
naive_last,20,2,21,-0.002780616283416748,-0.010813534259796143,0.008032917976379395,0.008032917976379395,6.452777121523923e-05
naive_last,20,3,22,-0.002780616283416748,-0.010504603385925293,0.007723987102508545,0.007723987102508545,5.965997675971835e-05
naive_last,20,4,23,-0.002780616283416748,-0.010195672512054443,0.007415056228637695,0.007415056228637695,5.498305887385868e-05
naive_last,20,5,24,-0.002780616283416748,-0.0012357831001281738,-0.0015448331832885742,0.0015448331832885742,2.3865095641895095e-06
naive_last,21,1,21,-0.010004043579101562,-0.001122891902923584,-0.008881151676177979,0.008881151676177979,7.887485509527892e-05
naive_last,21,2,22,-0.010004043579101562,0.015108227729797363,-0.025112271308898926,0.025112271308898926,0.0006306261702917482
naive_last,21,3,23,-0.010004043579101562,0.030318498611450195,-0.04032254219055176,0.04032254219055176,0.0016259074087088266
naive_last,21,4,24,-0.010004043579101562,0.026031017303466797,-0.03603506088256836,0.03603506088256836,0.0012985256128104083
naive_last,21,5,25,-0.010004043579101562,0.04409968852996826,-0.054103732109069824,0.054103732109069824,0.002927213828129993
naive_last,22,1,22,0.07856154441833496,0.0786670446395874,-0.0001055002212524414,0.0001055002212524414,1.113029668431409e-08
naive_last,22,2,23,0.07856154441833496,0.05884218215942383,0.019719362258911133,0.019719362258911133,0.0003888532478981688
naive_last,22,3,24,0.07856154441833496,0.08246338367462158,-0.003901839256286621,0.003901839256286621,1.5224349581899332e-05
naive_last,22,4,25,0.07856154441833496,0.09132122993469238,-0.012759685516357422,0.012759685516357422,0.00016280957447634137
naive_last,22,5,26,0.07856154441833496,0.09343039989471436,-0.014868855476379395,0.014868855476379395,0.0002210828631774575
naive_last,23,1,23,0.07875573635101318,0.07594668865203857,0.0028090476989746094,0.0028090476989746094,7.890748975114548e-06
naive_last,23,2,24,0.07875573635101318,0.08478975296020508,-0.0060340166091918945,0.0060340166091918945,3.640935644000365e-05
naive_last,23,3,25,0.07875573635101318,0.0778193473815918,0.0009363889694213867,0.0009363889694213867,8.768243020540467e-07
naive_last,23,4,26,0.07875573635101318,0.06460678577423096,0.014148950576782227,0.014148950576782227,0.0002001928024242261
naive_last,23,5,27,0.07875573635101318,0.06970453262329102,0.009051203727722168,0.009051203727722168,8.192428892073167e-05
naive_last,24,1,24,0.057057738304138184,0.05397343635559082,0.0030843019485473633,0.0030843019485473633,9.512918509813062e-06
naive_last,24,2,25,0.057057738304138184,0.05613243579864502,0.0009253025054931641,0.0009253025054931641,8.561847266719269e-07
naive_last,24,3,26,0.057057738304138184,0.05942225456237793,-0.002364516258239746,0.002364516258239746,5.59093713548009e-06
naive_last,24,4,27,0.057057738304138184,0.06055319309234619,-0.003495454788208008,0.003495454788208008,1.2218204176406289e-05
naive_last,24,5,28,0.057057738304138184,0.0597306489944458,-0.002672910690307617,0.002672910690307617,7.144451558360743e-06
naive_last,25,1,25,0.03754401206970215,0.03734266757965088,0.00020134449005126953,0.00020134449005126953,4.0539603674005775e-08
naive_last,25,2,26,0.03754401206970215,0.026270747184753418,0.01127326488494873,0.01127326488494873,0.0001270865011662181
naive_last,25,3,27,0.03754401206970215,0.023653745651245117,0.013890266418457031,0.013890266418457031,0.00019293950117571512
naive_last,25,4,28,0.03754401206970215,0.027377963066101074,0.010166049003601074,0.010166049003601074,0.0001033485523436184
naive_last,25,5,29,0.03754401206970215,0.03371918201446533,0.0038248300552368164,0.0038248300552368164,1.4629324951442868e-05
naive_last,26,1,26,0.07224893569946289,0.07788681983947754,-0.0056378841400146484,0.0056378841400146484,3.178573757622871e-05
naive_last,26,2,27,0.07224893569946289,0.07433700561523438,-0.0020880699157714844,0.0020880699157714844,4.360035973149934e-06
naive_last,26,3,28,0.07224893569946289,0.06253910064697266,0.009709835052490234,0.009709835052490234,9.428089674656803e-05
naive_last,26,4,29,0.07224893569946289,0.0632699728012085,0.008978962898254395,0.008978962898254395,8.062177472822896e-05
naive_last,26,5,30,0.07224893569946289,0.06619346141815186,0.006055474281311035,0.006055474281311035,3.66687687716194e-05
naive_last,27,1,27,0.06741929054260254,0.12062299251556396,-0.053203701972961426,0.053203701972961426,0.0028306339036276995
naive_last,27,2,28,0.06741929054260254,0.1396467685699463,-0.07222747802734375,0.07222747802734375,0.005216808582190424
naive_last,27,3,29,0.06741929054260254,0.11288809776306152,-0.045468807220458984,0.045468807220458984,0.002067412430051263
naive_last,27,4,30,0.06741929054260254,0.12605834007263184,-0.0586390495300293,0.0586390495300293,0.003438538129785229
naive_last,27,5,31,0.06741929054260254,0.11895060539245605,-0.051531314849853516,0.051531314849853516,0.0026554764101547335
naive_last,28,1,28,0.09671139717102051,0.08820819854736328,0.008503198623657227,0.008503198623657227,7.230438683336615e-05
naive_last,28,2,29,0.09671139717102051,0.0976334810256958,-0.000922083854675293,0.000922083854675293,8.502386350528468e-07
naive_last,28,3,30,0.09671139717102051,0.0947648286819458,0.001946568489074707,0.001946568489074707,3.789128882658588e-06
naive_last,28,4,31,0.09671139717102051,0.08769595623016357,0.009015440940856934,0.009015440940856934,8.127817535807935e-05
naive_last,28,5,32,0.09671139717102051,0.07027971744537354,0.026431679725646973,0.026431679725646973,0.0006986336931191772
naive_last,29,1,29,0.04900097846984863,0.035947442054748535,0.013053536415100098,0.013053536415100098,0.0001703948129403443
naive_last,29,2,30,0.04900097846984863,0.028818130493164062,0.02018284797668457,0.02018284797668457,0.00040734735244996045
naive_last,29,3,31,0.04900097846984863,0.026508808135986328,0.022492170333862305,0.022492170333862305,0.0005058977263274755
naive_last,29,4,32,0.04900097846984863,0.01596546173095703,0.0330355167388916,0.0330355167388916,0.0010913453662055872
naive_last,29,5,33,0.04900097846984863,0.02008235454559326,0.02891862392425537,0.02891862392425537,0.0008362868096725151
naive_last,30,1,30,-0.022515177726745605,-0.0159723162651062,-0.006542861461639404,0.006542861461639404,4.280903610620612e-05
naive_last,30,2,31,-0.022515177726745605,-0.023669779300689697,0.0011546015739440918,0.0011546015739440918,1.333104794554174e-06
naive_last,30,3,32,-0.022515177726745605,-0.021649181842803955,-0.0008659958839416504,0.0008659958839416504,7.499488710038804e-07
naive_last,30,4,33,-0.022515177726745605,-0.012893319129943848,-0.009621858596801758,0.009621858596801758,9.258016285684789e-05
naive_last,30,5,34,-0.022515177726745605,-0.014529049396514893,-0.007986128330230713,0.007986128330230713,6.37782457069136e-05
naive_last,31,1,31,0.01708042621612549,0.02720963954925537,-0.010129213333129883,0.010129213333129883,0.00010260096274805619
naive_last,31,2,32,0.01708042621612549,0.02720963954925537,-0.010129213333129883,0.010129213333129883,0.00010260096274805619
naive_last,31,3,33,0.01708042621612549,0.01827216148376465,-0.0011917352676391602,0.0011917352676391602,1.4202329481349807e-06
naive_last,31,4,34,0.01708042621612549,0.017676353454589844,-0.0005959272384643555,0.0005959272384643555,3.551292735437528e-07
naive_last,31,5,35,0.01708042621612549,0.02234363555908203,-0.005263209342956543,0.005263209342956543,2.7701372587785045e-05
naive_last,32,1,32,0.07161438465118408,0.055376291275024414,0.016238093376159668,0.016238093376159668,0.0002636756764928805
naive_last,32,2,33,0.07161438465118408,0.047257184982299805,0.024357199668884277,0.024357199668884277,0.0005932731757098963
naive_last,32,3,34,0.07161438465118408,0.11491620540618896,-0.04330182075500488,0.04330182075500488,0.0018750476806985716
naive_last,32,4,35,0.07161438465118408,0.0962839126586914,-0.024669528007507324,0.024669528007507324,0.0006085856121131883
naive_last,32,5,36,0.07161438465118408,0.08316850662231445,-0.011554121971130371,0.011554121971130371,0.00013349773452375757
naive_last,33,1,33,0.06346452236175537,0.09351050853729248,-0.03004598617553711,0.03004598617553711,0.0009027612852605671
naive_last,33,2,34,0.06346452236175537,0.11497187614440918,-0.05150735378265381,0.05150735378265381,0.0026530074936914616
naive_last,33,3,35,0.06346452236175537,0.12938177585601807,-0.0659172534942627,0.0659172534942627,0.0043450843082268875
naive_last,33,4,36,0.06346452236175537,0.13980579376220703,-0.07634127140045166,0.07634127140045166,0.005827989719037419
naive_last,33,5,37,0.06346452236175537,0.14879918098449707,-0.0853346586227417,0.0853346586227417,0.007282003962259864
naive_last,34,1,34,0.09893441200256348,0.11848664283752441,-0.019552230834960938,0.019552230834960938,0.0003822897306235973
naive_last,34,2,35,0.09893441200256348,0.12269032001495361,-0.023755908012390137,0.023755908012390137,0.0005643431654931419
naive_last,34,3,36,0.09893441200256348,0.12532997131347656,-0.026395559310913086,0.026395559310913086,0.0006967255513359305
naive_last,34,4,37,0.09893441200256348,0.1101769208908081,-0.011242508888244629,0.011242508888244629,0.00012639400610225948
naive_last,34,5,38,0.09893441200256348,0.12484109401702881,-0.025906682014465332,0.025906682014465332,0.0006711561729986215
naive_last,35,1,35,0.11255073547363281,0.09437251091003418,0.018178224563598633,0.018178224563598633,0.0003304478482846207
naive_last,35,2,36,0.11255073547363281,0.11699867248535156,-0.00444793701171875,0.00444793701171875,1.9784143660217524e-05
naive_last,35,3,37,0.11255073547363281,0.12840843200683594,-0.015857696533203125,0.015857696533203125,0.0002514665393391624
naive_last,35,4,38,0.11255073547363281,0.12927865982055664,-0.016727924346923828,0.016727924346923828,0.000279823452956407
naive_last,35,5,39,0.11255073547363281,0.11603176593780518,-0.0034810304641723633,0.0034810304641723633,1.2117573092496059e-05
naive_last,36,1,36,0.12582910060882568,0.12817013263702393,-0.002341032028198242,0.002341032028198242,5.480430957049975e-06
naive_last,36,2,37,0.12582910060882568,0.12007415294647217,0.005754947662353516,0.005754947662353516,3.3119422596428194e-05
naive_last,36,3,38,0.12582910060882568,0.11548972129821777,0.01033937931060791,0.01033937931060791,0.0001069027645286269
naive_last,36,4,39,0.12582910060882568,0.09832227230072021,0.02750682830810547,0.02750682830810547,0.0007566256035715924
naive_last,36,5,40,0.12582910060882568,0.08174014091491699,0.04408895969390869,0.04408895969390869,0.0019438363668911052
naive_last,37,1,37,0.07607221603393555,0.08296144008636475,-0.006889224052429199,0.006889224052429199,4.7461408044569e-05
naive_last,37,2,38,0.07607221603393555,0.08422279357910156,-0.008150577545166016,0.008150577545166016,6.643191431976447e-05
naive_last,37,3,39,0.07607221603393555,0.0918881893157959,-0.01581597328186035,0.01581597328186035,0.0002501450108525205
naive_last,37,4,40,0.07607221603393555,0.08596932888031006,-0.009897112846374512,0.009897112846374512,9.795284269387139e-05
naive_last,37,5,41,0.07607221603393555,0.08102083206176758,-0.004948616027832031,0.004948616027832031,2.448880059091607e-05
naive_last,38,1,38,0.07913601398468018,0.09221231937408447,-0.013076305389404297,0.013076305389404297,0.00017098976263696386
naive_last,38,2,39,0.07913601398468018,0.09172797203063965,-0.012591958045959473,0.012591958045959473,0.0001585574074312035
naive_last,38,3,40,0.07913601398468018,0.10751640796661377,-0.028380393981933594,0.028380393981933594,0.0008054467625697725
naive_last,38,4,41,0.07913601398468018,0.09182488918304443,-0.012688875198364258,0.012688875198364258,0.00016100755379966358
naive_last,38,5,42,0.07913601398468018,0.0952150821685791,-0.016079068183898926,0.016079068183898926,0.0002585364336624707
naive_last,39,1,39,0.054659128189086914,0.06827723979949951,-0.013618111610412598,0.013618111610412598,0.0001854529638336544
naive_last,39,2,40,0.054659128189086914,0.1003638505935669,-0.04570472240447998,0.04570472240447998,0.0020889216500705743
naive_last,39,3,41,0.054659128189086914,0.12265646457672119,-0.06799733638763428,0.06799733638763428,0.0046236377558130926
naive_last,39,4,42,0.054659128189086914,0.11967170238494873,-0.06501257419586182,0.06501257419586182,0.004226634803572438
naive_last,39,5,43,0.054659128189086914,0.11183655261993408,-0.05717742443084717,0.05717742443084717,0.0032692578645452386
naive_last,40,1,40,0.1221991777420044,0.1269063949584961,-0.004707217216491699,0.004707217216491699,2.215789392323586e-05
naive_last,40,2,41,0.1221991777420044,0.11758613586425781,0.004613041877746582,0.004613041877746582,2.128015536584371e-05
naive_last,40,3,42,0.1221991777420044,0.12370550632476807,-0.0015063285827636719,0.0015063285827636719,2.2690257992508123e-06
naive_last,40,4,43,0.1221991777420044,0.10930144786834717,0.012897729873657227,0.012897729873657227,0.00016635143589383006
naive_last,40,5,44,0.1221991777420044,0.10836005210876465,0.013839125633239746,0.013839125633239746,0.0001915213982925934
naive_last,41,1,41,0.14112639427185059,0.14025402069091797,0.0008723735809326172,0.0008723735809326172,7.610356647091976e-07
naive_last,41,2,42,0.14112639427185059,0.1334691047668457,0.007657289505004883,0.007657289505004883,5.863408256345792e-05
naive_last,41,3,43,0.14112639427185059,0.12988269329071045,0.011243700981140137,0.011243700981140137,0.00012642081175329167
naive_last,41,4,44,0.14112639427185059,0.1380246877670288,0.0031017065048217773,0.0031017065048217773,9.620583242053726e-06
naive_last,41,5,45,0.14112639427185059,0.15479302406311035,-0.013666629791259766,0.013666629791259766,0.00018677676985134894
naive_last,42,1,42,0.1649554967880249,0.21306347846984863,-0.04810798168182373,0.04810798168182373,0.0023143779014986876
naive_last,42,2,43,0.1649554967880249,0.24875330924987793,-0.08379781246185303,0.08379781246185303,0.0070220733733918905
naive_last,42,3,44,0.1649554967880249,0.25158894062042236,-0.08663344383239746,0.08663344383239746,0.007505353590261166
naive_last,42,4,45,0.1649554967880249,0.2412242889404297,-0.07626879215240479,0.07626879215240479,0.005816928656386722
naive_last,42,5,46,0.1649554967880249,0.28268301486968994,-0.11772751808166504,0.11772751808166504,0.013859768513668769
naive_last,43,1,43,0.2681746482849121,0.2472931146621704,0.0208815336227417,0.0208815336227417,0.0004360384464376921
naive_last,43,2,44,0.2681746482849121,0.22486460208892822,0.04331004619598389,0.04331004619598389,0.0018757601014982583
naive_last,43,3,45,0.2681746482849121,0.24487626552581787,0.02329838275909424,0.02329838275909424,0.0005428146391892597
naive_last,43,4,46,0.2681746482849121,0.29195666313171387,-0.023782014846801758,0.023782014846801758,0.0005655842301734992
naive_last,43,5,47,0.2681746482849121,0.2943735122680664,-0.026198863983154297,0.026198863983154297,0.0006863804740078194
naive_last,44,1,44,0.3205444812774658,0.27083539962768555,0.04970908164978027,0.04970908164978027,0.002470992798464522
naive_last,44,2,45,0.3205444812774658,0.24884116649627686,0.07170331478118896,0.07170331478118896,0.005141365350610272
naive_last,44,3,46,0.3205444812774658,0.23158109188079834,0.08896338939666748,0.08896338939666748,0.007914484652943088
naive_last,44,4,47,0.3205444812774658,0.21303880214691162,0.1075056791305542,0.1075056791305542,0.011557471045321677
naive_last,44,5,48,0.3205444812774658,0.24085211753845215,0.07969236373901367,0.07969236373901367,0.006350872838311261
naive_last,45,1,45,0.17579436302185059,0.1845794916152954,-0.008785128593444824,0.008785128593444824,7.717848440336184e-05
naive_last,45,2,46,0.17579436302185059,0.1752336025238037,0.000560760498046875,0.000560760498046875,3.144523361697793e-07
naive_last,45,3,47,0.17579436302185059,0.1628037691116333,0.012990593910217285,0.012990593910217285,0.00016875553014017441
naive_last,45,4,48,0.17579436302185059,0.19579434394836426,-0.019999980926513672,0.019999980926513672,0.00039999923706091067
naive_last,45,5,49,0.17579436302185059,0.1878504753112793,-0.012056112289428711,0.012056112289428711,0.000145349843535314
naive_last,46,1,46,0.1109168529510498,0.1179966926574707,-0.0070798397064208984,0.0070798397064208984,5.012413026861395e-05
naive_last,46,2,47,0.1109168529510498,0.11712253093719482,-0.0062056779861450195,0.0062056779861450195,3.8510439267724905e-05
naive_last,46,3,48,0.1109168529510498,0.07779037952423096,0.03312647342681885,0.03312647342681885,0.0010973632416977352
naive_last,46,4,49,0.1109168529510498,0.08207321166992188,0.02884364128112793,0.02884364128112793,0.0008319556423543872
naive_last,46,5,50,0.1109168529510498,0.08679306507110596,0.024123787879943848,0.024123787879943848,0.0005819571416765257
naive_last,47,1,47,0.09860396385192871,0.10549569129943848,-0.006891727447509766,0.006891727447509766,4.749590721075947e-05
naive_last,47,2,48,0.09860396385192871,0.09109377861022949,0.007510185241699219,0.007510185241699219,5.640288236463675e-05
naive_last,47,3,49,0.09860396385192871,0.10735118389129639,-0.008747220039367676,0.008747220039367676,7.651385841711544e-05
naive_last,47,4,50,0.09860396385192871,0.11786532402038574,-0.01926136016845703,0.01926136016845703,0.0003709999955390231
naive_last,47,5,51,0.09860396385192871,0.11318254470825195,-0.014578580856323242,0.014578580856323242,0.00021253501978435452
naive_last,48,1,48,0.08931350708007812,0.08144557476043701,0.007867932319641113,0.007867932319641113,6.190435898645319e-05
naive_last,48,2,49,0.08931350708007812,0.05464291572570801,0.03467059135437012,0.03467059135437012,0.001202049904861724
naive_last,48,3,50,0.08931350708007812,0.04694783687591553,0.0423656702041626,0.0423656702041626,0.0017948500118478705
naive_last,48,4,51,0.08931350708007812,0.029050588607788086,0.06026291847229004,0.06026291847229004,0.003631619342797876
naive_last,48,5,52,0.08931350708007812,0.04374885559082031,0.04556465148925781,0.04556465148925781,0.002076137465337524
naive_last,49,1,49,0.08162355422973633,0.09354007244110107,-0.011916518211364746,0.011916518211364746,0.00014200340628178765
naive_last,49,2,50,0.08162355422973633,0.10258936882019043,-0.0209658145904541,0.0209658145904541,0.0004395653814412981
naive_last,49,3,51,0.08162355422973633,0.09470474720001221,-0.013081192970275879,0.013081192970275879,0.00017111760952559507
naive_last,49,4,52,0.08162355422973633,0.1010662317276001,-0.01944267749786377,0.01944267749786377,0.00037801770828593817
naive_last,49,5,53,0.08162355422973633,0.10653162002563477,-0.024908065795898438,0.024908065795898438,0.0006204117416928057
naive_last,50,1,50,0.09524655342102051,0.10216391086578369,-0.006917357444763184,0.006917357444763184,4.784983401862064e-05
naive_last,50,2,51,0.09524655342102051,0.10624325275421143,-0.010996699333190918,0.010996699333190918,0.00012092739622460158
naive_last,50,3,52,0.09524655342102051,0.11555516719818115,-0.020308613777160645,0.020308613777160645,0.00041243979354987914
naive_last,50,4,53,0.09524655342102051,0.12442350387573242,-0.029176950454711914,0.029176950454711914,0.0008512944378367138
naive_last,50,5,54,0.09524655342102051,0.0862894058227539,0.008957147598266602,0.008957147598266602,8.023049309713315e-05
naive_last,51,1,51,0.06950139999389648,0.11114990711212158,-0.0416485071182251,0.0416485071182251,0.0017345981451768466
naive_last,51,2,52,0.06950139999389648,0.1274775266647339,-0.0579761266708374,0.0579761266708374,0.003361231263752984
naive_last,51,3,53,0.06950139999389648,0.10687148571014404,-0.03737008571624756,0.03737008571624756,0.0013965233064396898
naive_last,51,4,54,0.06950139999389648,0.08766257762908936,-0.01816117763519287,0.01816117763519287,0.0003298283730970297
naive_last,51,5,55,0.06950139999389648,0.09185373783111572,-0.02235233783721924,0.02235233783721924,0.0004996270067891828
naive_last,52,1,52,0.044695138931274414,0.04227244853973389,0.0024226903915405273,0.0024226903915405273,5.869428733262794e-06
naive_last,52,2,53,0.044695138931274414,0.04277360439300537,0.001921534538269043,0.001921534538269043,3.692294981760824e-06
naive_last,52,3,54,0.044695138931274414,0.06516289710998535,-0.020467758178710938,0.020467758178710938,0.0004189291248621885
naive_last,52,4,55,0.044695138931274414,0.06867170333862305,-0.023976564407348633,0.023976564407348633,0.0005748756407797373
naive_last,52,5,56,0.044695138931274414,0.08270680904388428,-0.03801167011260986,0.03801167011260986,0.001444887064749878
naive_last,53,1,53,0.10166621208190918,0.10489630699157715,-0.0032300949096679688,0.0032300949096679688,1.0433513125462923e-05
naive_last,53,2,54,0.10166621208190918,0.12232232093811035,-0.020656108856201172,0.020656108856201172,0.0004266748330792325
naive_last,53,3,55,0.10166621208190918,0.10438621044158936,-0.0027199983596801758,0.0027199983596801758,7.398391076662847e-06
naive_last,53,4,56,0.10166621208190918,0.08458006381988525,0.017086148262023926,0.017086148262023926,0.0002919364624318632
naive_last,53,5,57,0.10166621208190918,0.08458006381988525,0.017086148262023926,0.017086148262023926,0.0002919364624318632
naive_last,54,1,54,0.028453946113586426,0.03183937072753906,-0.0033854246139526367,0.0033854246139526367,1.146109981675636e-05
naive_last,54,2,55,0.028453946113586426,0.06343698501586914,-0.034983038902282715,0.034983038902282715,0.0012238130108386258
naive_last,54,3,56,0.028453946113586426,0.06077706813812256,-0.03232312202453613,0.03232312202453613,0.0010447842174130528
naive_last,54,4,57,0.028453946113586426,0.05054008960723877,-0.022086143493652344,0.022086143493652344,0.00048779773442220176
naive_last,54,5,58,0.028453946113586426,0.05424785614013672,-0.025793910026550293,0.025793910026550293,0.0006653257944577717
naive_last,55,1,55,0.013718724250793457,0.008215785026550293,0.005502939224243164,0.005502939224243164,3.0282340105713956e-05
naive_last,55,2,56,0.013718724250793457,0.009145855903625488,0.004572868347167969,0.004572868347167969,2.091112492053071e-05
naive_last,55,3,57,0.013718724250793457,0.01092839241027832,0.0027903318405151367,0.0027903318405151367,7.78595178019259e-06
naive_last,55,4,58,0.013718724250793457,-0.011083602905273438,0.024802327156066895,0.024802327156066895,0.0006151554323565733
naive_last,55,5,59,0.013718724250793457,0.010308504104614258,0.0034102201461791992,0.0034102201461791992,1.1629601445406479e-05
naive_last,56,1,56,0.011641502380371094,0.02033364772796631,-0.008692145347595215,0.008692145347595215,7.555339074372114e-05
naive_last,56,2,57,0.011641502380371094,0.028017044067382812,-0.01637554168701172,0.01637554168701172,0.0002681583655430586
naive_last,56,3,58,0.011641502380371094,0.02017843723297119,-0.008536934852600098,0.008536934852600098,7.287925667753825e-05
naive_last,56,4,59,0.011641502380371094,0.03484666347503662,-0.023205161094665527,0.023205161094665527,0.0005384795014293786
naive_last,56,5,60,0.011641502380371094,0.04152107238769531,-0.02987957000732422,0.02987957000732422,0.000892788703822589
naive_last,57,1,57,0.0587770938873291,0.03234720230102539,0.02642989158630371,0.02642989158630371,0.0006985391692637677
naive_last,57,2,58,0.0587770938873291,-0.0426824688911438,0.1014595627784729,0.1014595627784729,0.010294042879198884
naive_last,57,3,59,0.0587770938873291,-0.05112427473068237,0.10990136861801147,0.10990136861801147,0.012078310824112037
naive_last,57,4,60,0.0587770938873291,-0.06453651189804077,0.12331360578536987,0.12331360578536987,0.015206245371789606
naive_last,57,5,61,0.0587770938873291,-0.06477314233779907,0.12355023622512817,0.12355023622512817,0.015264660871284974
naive_last,58,1,58,-0.07325464487075806,-0.07044017314910889,-0.00281447172164917,0.00281447172164917,7.921251071962843e-06
naive_last,58,2,59,-0.07325464487075806,-0.0950668454170227,0.02181220054626465,0.02181220054626465,0.00047577209267046783
naive_last,58,3,60,-0.07325464487075806,-0.10405755043029785,0.030802905559539795,0.030802905559539795,0.0009488189909099276
naive_last,58,4,61,-0.07325464487075806,-0.11609727144241333,0.04284262657165527,0.04284262657165527,0.0018354906515583025
naive_last,58,5,62,-0.07325464487075806,-0.08615434169769287,0.012899696826934814,0.012899696826934814,0.00016640217822683212
naive_last,59,1,59,-0.06577688455581665,-0.05898338556289673,-0.006793498992919922,0.006793498992919922,4.615162856680399e-05
naive_last,59,2,60,-0.06577688455581665,-0.04987215995788574,-0.015904724597930908,0.015904724597930908,0.0002529602645360285
naive_last,59,3,61,-0.06577688455581665,-0.04227942228317261,-0.023497462272644043,0.023497462272644043,0.0005521307332543302
naive_last,59,4,62,-0.06577688455581665,-0.04987215995788574,-0.015904724597930908,0.015904724597930908,0.0002529602645360285
naive_last,59,5,63,-0.06577688455581665,-0.036205291748046875,-0.029571592807769775,0.029571592807769775,0.0008744791011885411
naive_last,60,1,60,-0.03589707612991333,-0.03661656379699707,0.0007194876670837402,0.0007194876670837402,5.17662503085603e-07
naive_last,60,2,61,-0.03589707612991333,-0.03229933977127075,-0.003597736358642578,0.003597736358642578,1.2943706906298758e-05
naive_last,60,3,62,-0.03589707612991333,-0.034058213233947754,-0.0018388628959655762,0.0018388628959655762,3.3814167501589054e-06
naive_last,60,4,63,-0.03589707612991333,-0.032379329204559326,-0.003517746925354004,0.003517746925354004,1.2374543430837548e-05
naive_last,60,5,64,-0.03589707612991333,-0.05556446313858032,0.019667387008666992,0.019667387008666992,0.0003868061117486832
previous_patch,0,1,0,-0.058222174644470215,-0.012999951839447021,-0.04522222280502319,0.04522222280502319,0.0020450494354271598
previous_patch,0,2,1,0.03833270072937012,-0.002666652202606201,0.04099935293197632,0.04099935293197632,0.0016809469408407551
previous_patch,0,3,2,-0.06442970037460327,-0.030444443225860596,-0.033985257148742676,0.033985257148742676,0.0011549977034661651
previous_patch,0,4,3,0.06796705722808838,-0.07566666603088379,0.14363372325897217,0.14363372325897217,0.020630646457235002
previous_patch,0,5,4,0.0,-0.06855553388595581,0.06855553388595581,0.06855553388595581,0.004699861226388435
previous_patch,1,1,1,-0.044838666915893555,-0.1205376386642456,0.07569897174835205,0.07569897174835205,0.005730334323757802
previous_patch,1,2,2,0.011757850646972656,-0.03655916452407837,0.048317015171051025,0.048317015171051025,0.002334533955039575
previous_patch,1,3,3,-0.05498301982879639,-0.02569890022277832,-0.029284119606018066,0.029284119606018066,0.0008575596610995717
previous_patch,1,4,4,0.05200064182281494,-0.0021504759788513184,0.05415111780166626,0.05415111780166626,0.0029323435591699365
previous_patch,1,5,5,0.0,0.01860213279724121,-0.01860213279724121,0.01860213279724121,0.0003460393446061971
previous_patch,2,1,2,-0.11039811372756958,0.02207958698272705,-0.13247770071029663,0.13247770071029663,0.01755034118548693
previous_patch,2,2,3,0.046582698822021484,-0.008157491683959961,0.054740190505981445,0.054740190505981445,0.002996488456631141
previous_patch,2,3,4,-0.06152701377868652,0.01392209529876709,-0.07544910907745361,0.07544910907745361,0.005692568060581493
previous_patch,2,4,5,0.030766725540161133,0.005112051963806152,0.02565467357635498,0.02565467357635498,0.0006581622763093264
previous_patch,2,5,6,0.0,0.03165102005004883,-0.03165102005004883,0.03165102005004883,0.001001787070208593
previous_patch,3,1,3,-0.03521561622619629,-0.025051355361938477,-0.010164260864257812,0.010164260864257812,0.00010331219891668297
previous_patch,3,2,4,0.008776307106018066,-0.016016483306884766,0.024792790412902832,0.024792790412902832,0.0006146824564581266
previous_patch,3,3,5,-0.04481375217437744,-0.02371668815612793,-0.02109706401824951,0.02109706401824951,0.00044508611019011823
previous_patch,3,4,6,0.012574195861816406,-0.022381961345672607,0.034956157207489014,0.034956157207489014,0.0012219329267146861
previous_patch,3,5,7,0.0,-0.013963043689727783,0.013963043689727783,0.013963043689727783,0.00019496658908124687
previous_patch,4,1,4,-0.04601168632507324,-0.02300584316253662,-0.02300584316253662,0.02300584316253662,0.000529268819619233
previous_patch,4,2,5,-0.007524728775024414,-0.021398425102233887,0.013873696327209473,0.013873696327209473,0.0001924794497796256
previous_patch,4,3,6,-0.03641200065612793,-0.007936537265777588,-0.028475463390350342,0.028475463390350342,0.0008108520152951826
previous_patch,4,4,7,-0.011574923992156982,-0.002109706401824951,-0.009465217590332031,0.009465217590332031,8.95903440323309e-05
previous_patch,4,5,8,0.0,-0.00994575023651123,0.00994575023651123,0.00994575023651123,9.89179477670632e-05
previous_patch,5,1,5,-0.05509132146835327,-0.03973954916000366,-0.01535177230834961,0.01535177230834961,0.0002356769130074099
previous_patch,5,2,6,0.02105867862701416,-0.05334240198135376,0.07440108060836792,0.07440108060836792,0.005535520795692861
previous_patch,5,3,7,-0.05514883995056152,-0.06024092435836792,0.0050920844078063965,0.0050920844078063965,2.592932361622502e-05
previous_patch,5,4,8,-0.03421741724014282,-0.05994945764541626,0.025732040405273438,0.025732040405273438,0.0006621379034186248
previous_patch,5,5,9,0.0,-0.06840264797210693,0.06840264797210693,0.06840264797210693,0.004678922249595985
previous_patch,6,1,6,-0.04769700765609741,-0.06696856021881104,0.019271552562713623,0.019271552562713623,0.000371392738177434
previous_patch,6,2,7,-0.028655052185058594,-0.0715937614440918,0.0429387092590332,0.0429387092590332,0.0018437327528317837
previous_patch,6,3,8,-0.055184125900268555,-0.053382158279418945,-0.0018019676208496094,0.0018019676208496094,3.2470873065904016e-06
previous_patch,6,4,9,-0.04461836814880371,-0.05453842878341675,0.009920060634613037,0.009920060634613037,9.840760299439921e-05
previous_patch,6,5,10,0.0,-0.05762183666229248,0.05762183666229248,0.05762183666229248,0.003320276060335914
previous_patch,7,1,7,-0.008803367614746094,-0.012897968292236328,0.004094600677490234,0.004094600677490234,1.6765754708103486e-05
previous_patch,7,2,8,-0.007867515087127686,-0.01801621913909912,0.010148704051971436,0.010148704051971436,0.00010299619393450143
previous_patch,7,3,9,-0.029633283615112305,-0.013819277286529541,-0.015814006328582764,0.015814006328582764,0.0002500827961604557
previous_patch,7,4,10,-0.0474323034286499,-0.0011259913444519043,-0.046306312084198,0.046306312084198,0.0021442745388391415
previous_patch,7,5,11,0.0,-0.004606425762176514,0.004606425762176514,0.004606425762176514,2.1219158302443475e-05
previous_patch,8,1,8,0.01537322998046875,0.022428154945373535,-0.007054924964904785,0.007054924964904785,4.9771966260436784e-05
previous_patch,8,2,9,-0.027669966220855713,0.03948616981506348,-0.06715613603591919,0.06715613603591919,0.004509946607274884
previous_patch,8,3,10,-0.0009881854057312012,0.050542235374450684,-0.051530420780181885,0.051530420780181885,0.002655384265782601
previous_patch,8,4,11,-0.043414413928985596,0.052753567695617676,-0.09616798162460327,0.09616798162460327,0.009248280689750032
previous_patch,8,5,12,0.0,0.0461198091506958,-0.0461198091506958,0.0461198091506958,0.002127036796096604
previous_patch,9,1,9,0.11047565937042236,0.12031102180480957,-0.009835362434387207,0.009835362434387207,9.673435421575505e-05
previous_patch,9,2,10,-0.04038858413696289,0.11470723152160645,-0.15509581565856934,0.15509581565856934,0.02405471203479692
previous_patch,9,3,11,0.031186223030090332,0.1144784688949585,-0.08329224586486816,0.08329224586486816,0.006937598221213648
previous_patch,9,4,12,-0.030786454677581787,0.11299169063568115,-0.14377814531326294,0.14377814531326294,0.020672155069721754
previous_patch,9,5,13,0.0,0.09560847282409668,-0.09560847282409668,0.09560847282409668,0.009140980075756033
previous_patch,10,1,10,0.14452624320983887,0.1079566478729248,0.03656959533691406,0.03656959533691406,0.0013373353031056467
previous_patch,10,2,11,-0.007244288921356201,0.10339999198913574,-0.11064428091049194,0.11064428091049194,0.012242156898199852
previous_patch,10,3,12,0.10643565654754639,0.10164749622344971,0.00478816032409668,0.00478816032409668,2.292647928925362e-05
previous_patch,10,4,13,-0.011510252952575684,0.1011800765991211,-0.11269032955169678,0.11269032955169678,0.012699110374470024
previous_patch,10,5,14,0.0,0.11099433898925781,-0.11099433898925781,0.11099433898925781,0.012319743287662277
previous_patch,11,1,11,0.11880600452423096,0.1340254545211792,-0.015219449996948242,0.015219449996948242,0.00023163165820960785
previous_patch,11,2,12,-0.026082634925842285,0.1546720266342163,-0.1807546615600586,0.1807546615600586,0.032672247675691324
previous_patch,11,3,13,0.13999319076538086,0.15620577335357666,-0.0162125825881958,0.0162125825881958,0.00026284783417906965
previous_patch,11,4,14,0.004827976226806641,0.1474752426147461,-0.14264726638793945,0.14264726638793945,0.02034824260795176
previous_patch,11,5,15,0.0,0.13284564018249512,-0.13284564018249512,0.13284564018249512,0.01764796411549696
previous_patch,12,1,12,0.08206689357757568,0.09501290321350098,-0.012946009635925293,0.012946009635925293,0.00016759916549347054
previous_patch,12,2,13,-0.004089653491973877,0.1007542610168457,-0.10484391450881958,0.10484391450881958,0.010992246409532669
previous_patch,12,3,14,0.10901761054992676,0.10593259334564209,0.003085017204284668,0.003085017204284668,9.517331150732389e-06
previous_patch,12,4,15,0.020268559455871582,0.09884047508239746,-0.07857191562652588,0.07857191562652588,0.006173545925221902
previous_patch,12,5,16,0.0,0.1072835922241211,-0.1072835922241211,0.1072835922241211,0.011509769160511496
previous_patch,13,1,13,0.18926513195037842,0.21469616889953613,-0.025431036949157715,0.025431036949157715,0.0006467376403094249
previous_patch,13,2,14,-0.0051190853118896484,0.18706440925598145,-0.1921834945678711,0.1921834945678711,0.03693449558431894
previous_patch,13,3,15,0.11901819705963135,0.1836409568786621,-0.06462275981903076,0.06462275981903076,0.004176101086628137
previous_patch,13,4,16,0.035720229148864746,0.1597994565963745,-0.12407922744750977,0.12407922744750977,0.01539565468397086
previous_patch,13,5,17,0.0,0.1541752815246582,-0.1541752815246582,0.1541752815246582,0.023770017433207613
previous_patch,14,1,14,0.05725228786468506,0.019261479377746582,0.03799080848693848,0.03799080848693848,0.0014433015294912366
previous_patch,14,2,15,-0.031096458435058594,0.015111207962036133,-0.04620766639709473,0.04620766639709473,0.002135148433865197
previous_patch,14,3,16,0.10165178775787354,0.012557148933410645,0.08909463882446289,0.08909463882446289,0.00793785466726149
previous_patch,14,4,17,0.04762303829193115,0.01191866397857666,0.03570437431335449,0.03570437431335449,0.001274802345108128
previous_patch,14,5,18,0.0,0.011493086814880371,-0.011493086814880371,0.011493086814880371,0.00013209104453437703
previous_patch,15,1,15,0.008635163307189941,0.007476806640625,0.0011583566665649414,0.0011583566665649414,1.3417901669754428e-06
previous_patch,15,2,16,-0.016148746013641357,0.009372353553771973,-0.02552109956741333,0.02552109956741333,0.0006513265231298249
previous_patch,15,3,17,0.045177459716796875,0.007582187652587891,0.037595272064208984,0.037595272064208984,0.0014134044815818925
previous_patch,15,4,18,0.05744004249572754,0.017270445823669434,0.040169596672058105,0.040169596672058105,0.0016135964967958216
previous_patch,15,5,19,0.0,0.026432156562805176,-0.026432156562805176,0.026432156562805176,0.0006986589005606447
previous_patch,16,1,16,-0.016246795654296875,0.00370180606842041,-0.019948601722717285,0.019948601722717285,0.00039794671069159904
previous_patch,16,2,17,-0.028154373168945312,0.01110541820526123,-0.03925979137420654,0.03925979137420654,0.0015413312187462225
previous_patch,16,3,18,0.009745597839355469,0.0034960508346557617,0.006249547004699707,0.006249547004699707,3.905683776395108e-05
previous_patch,16,4,19,0.06298685073852539,0.0075064897537231445,0.055480360984802246,0.055480360984802246,0.0030780704550039673
previous_patch,16,5,20,0.0,0.012750625610351562,-0.012750625610351562,0.012750625610351562,0.00016257845345535316
previous_patch,17,1,17,-0.012344419956207275,0.007689952850341797,-0.020034372806549072,0.020034372806549072,0.00040137609375179295
previous_patch,17,2,18,0.005179643630981445,0.00485682487487793,0.0003228187561035156,0.0003228187561035156,1.042119492922211e-07
previous_patch,17,3,19,-0.013113141059875488,0.04583632946014404,-0.05894947052001953,0.05894947052001953,0.003475040074590652
previous_patch,17,4,20,0.06161224842071533,0.04340791702270508,0.018204331398010254,0.018204331398010254,0.00033139768164858197
previous_patch,17,5,21,0.0,0.04958009719848633,-0.04958009719848633,0.04958009719848633,0.002458186038211352
previous_patch,18,1,18,0.02850353717803955,0.07332432270050049,-0.04482078552246094,0.04482078552246094,0.002008902814850444
previous_patch,18,2,19,-0.017369210720062256,0.07012295722961426,-0.08749216794967651,0.08749216794967651,0.007654879452534402
previous_patch,18,3,20,-0.0013211369514465332,0.042961835861206055,-0.04428297281265259,0.04428297281265259,0.0019609816811261283
previous_patch,18,4,21,0.06284594535827637,0.04151606559753418,0.021329879760742188,0.021329879760742188,0.0004549637706077192
previous_patch,18,5,22,0.0,0.03273773193359375,-0.03273773193359375,0.03273773193359375,0.001071759092155844
previous_patch,19,1,19,0.07777667045593262,0.0442807674407959,0.03349590301513672,0.03349590301513672,0.0011219755187994451
previous_patch,19,2,20,-0.012218654155731201,0.0503993034362793,-0.0626179575920105,0.0626179575920105,0.003921008612994825
previous_patch,19,3,21,0.035938382148742676,0.06367313861846924,-0.027734756469726562,0.027734756469726562,0.0007692167164350394
previous_patch,19,4,22,0.06242656707763672,0.015866398811340332,0.04656016826629639,0.04656016826629639,0.002167849268985833
previous_patch,19,5,23,0.0,0.004148125648498535,-0.004148125648498535,0.004148125648498535,1.7206946395731393e-05
previous_patch,20,1,20,0.037075161933898926,-0.010607600212097168,0.047682762145996094,0.047682762145996094,0.002273645805871638
previous_patch,20,2,21,-0.01256704330444336,-0.010813534259796143,-0.0017535090446472168,0.0017535090446472168,3.074793969659595e-06
previous_patch,20,3,22,0.049921274185180664,-0.010504603385925293,0.06042587757110596,0.06042587757110596,0.003651286680238286
previous_patch,20,4,23,0.051830172538757324,-0.010195672512054443,0.06202584505081177,0.06202584505081177,0.0038472054542673106
previous_patch,20,5,24,0.0,-0.0012357831001281738,0.0012357831001281738,0.0012357831001281738,1.5271598705624e-06
previous_patch,21,1,21,-0.019293606281280518,-0.001122891902923584,-0.018170714378356934,0.018170714378356934,0.0003301748610198274
previous_patch,21,2,22,0.010921001434326172,0.015108227729797363,-0.004187226295471191,0.004187226295471191,1.7532864049485397e-05
previous_patch,21,3,23,0.021337389945983887,0.030318498611450195,-0.008981108665466309,0.008981108665466309,8.066031286091402e-05
previous_patch,21,4,24,0.039737820625305176,0.026031017303466797,0.013706803321838379,0.013706803321838379,0.00018787645730355962
previous_patch,21,5,25,0.0,0.04409968852996826,-0.04409968852996826,0.04409968852996826,0.0019447825284402143
previous_patch,22,1,22,0.03184640407562256,0.0786670446395874,-0.046820640563964844,0.046820640563964844,0.00219217238281999
previous_patch,22,2,23,-0.00901716947555542,0.05884218215942383,-0.06785935163497925,0.06785935163497925,0.004604891604319761
previous_patch,22,3,24,-0.000878751277923584,0.08246338367462158,-0.08334213495254517,0.08334213495254517,0.006945911458448251
previous_patch,22,4,25,0.030624747276306152,0.09132122993469238,-0.06069648265838623,0.06069648265838623,0.0036840630070997804
previous_patch,22,5,26,0.0,0.09343039989471436,-0.09343039989471436,0.09343039989471436,0.00872923962448624
previous_patch,23,1,23,0.06419062614440918,0.07594668865203857,-0.011756062507629395,0.011756062507629395,0.00013820500568328953
previous_patch,23,2,24,-0.033000409603118896,0.08478975296020508,-0.11779016256332397,0.11779016256332397,0.013874522396694289
previous_patch,23,3,25,0.03287148475646973,0.0778193473815918,-0.04494786262512207,0.04494786262512207,0.0020203103545668455
previous_patch,23,4,26,0.024216890335083008,0.06460678577423096,-0.04038989543914795,0.04038989543914795,0.0016313436535853043
previous_patch,23,5,27,0.0,0.06970453262329102,-0.06970453262329102,0.06970453262329102,0.0048587218682314415
previous_patch,24,1,24,0.06322610378265381,0.05397343635559082,0.009252667427062988,0.009252667427062988,8.561185451583242e-05
previous_patch,24,2,25,-0.04488837718963623,0.05613243579864502,-0.10102081298828125,0.10102081298828125,0.010205204656813294
previous_patch,24,3,26,0.06089890003204346,0.05942225456237793,0.0014766454696655273,0.0014766454696655273,2.180481843083726e-06
previous_patch,24,4,27,0.023598432540893555,0.06055319309234619,-0.03695476055145264,0.03695476055145264,0.0013656543274152
previous_patch,24,5,28,0.0,0.0597306489944458,-0.0597306489944458,0.0597306489944458,0.003567750429297689
previous_patch,25,1,25,0.03190743923187256,0.03734266757965088,-0.00543522834777832,0.00543522834777832,2.954170719249305e-05
previous_patch,25,2,26,0.001066446304321289,0.026270747184753418,-0.02520430088043213,0.02520430088043213,0.0006352567828713518
previous_patch,25,3,27,0.052610039710998535,0.023653745651245117,0.028956294059753418,0.028956294059753418,0.0008384669656749111
previous_patch,25,4,28,0.02592611312866211,0.027377963066101074,-0.0014518499374389648,0.0014518499374389648,2.107868240841526e-06
previous_patch,25,5,29,0.0,0.03371918201446533,-0.03371918201446533,0.03371918201446533,0.0011369832357246423
previous_patch,26,1,26,0.07600748538970947,0.07788681983947754,-0.0018793344497680664,0.0018793344497680664,3.531897974085041e-06
previous_patch,26,2,27,0.00041496753692626953,0.07433700561523438,-0.0739220380783081,0.0739220380783081,0.0054644677136508335
previous_patch,26,3,28,0.062188148498535156,0.06253910064697266,-0.0003509521484375,0.0003509521484375,1.2316741049289703e-07
previous_patch,26,4,29,0.03400564193725586,0.0632699728012085,-0.029264330863952637,0.029264330863952637,0.0008564010609148909
previous_patch,26,5,30,0.0,0.06619346141815186,-0.06619346141815186,0.06619346141815186,0.004381574334516358
previous_patch,27,1,27,0.07912611961364746,0.12062299251556396,-0.041496872901916504,0.041496872901916504,0.0017219904606378122
previous_patch,27,2,28,0.008793234825134277,0.1396467685699463,-0.130853533744812,0.130853533744812,0.017122647293504656
previous_patch,27,3,29,0.07480454444885254,0.11288809776306152,-0.038083553314208984,0.038083553314208984,0.0014503570330361981
previous_patch,27,4,30,0.043413758277893066,0.12605834007263184,-0.08264458179473877,0.08264458179473877,0.006830126900027267
previous_patch,27,5,31,0.0,0.11895060539245605,-0.11895060539245605,0.11895060539245605,0.014149246523231795
previous_patch,28,1,28,0.09835052490234375,0.08820819854736328,0.010142326354980469,0.010142326354980469,0.0001028667838909314
previous_patch,28,2,29,0.0563817024230957,0.0976334810256958,-0.0412517786026001,0.0412517786026001,0.0017017092378779353
previous_patch,28,3,30,0.07081365585327148,0.0947648286819458,-0.023951172828674316,0.023951172828674316,0.0005736586798690269
previous_patch,28,4,31,0.04842948913574219,0.08769595623016357,-0.03926646709442139,0.03926646709442139,0.0015418554380772775
previous_patch,28,5,32,0.0,0.07027971744537354,-0.07027971744537354,0.07027971744537354,0.004939238684201541
previous_patch,29,1,29,0.06657302379608154,0.035947442054748535,0.030625581741333008,0.030625581741333008,0.0009379262569950697
previous_patch,29,2,30,-0.03330880403518677,0.028818130493164062,-0.06212693452835083,0.06212693452835083,0.0038597559938899906
previous_patch,29,3,31,0.07911288738250732,0.026508808135986328,0.052604079246520996,0.052604079246520996,0.002767189153374261
previous_patch,29,4,32,0.05209612846374512,0.01596546173095703,0.036130666732788086,0.036130666732788086,0.0013054250785557997
previous_patch,29,5,33,0.0,0.02008235454559326,-0.02008235454559326,0.02008235454559326,0.00040330096409491034
previous_patch,30,1,30,-0.007312655448913574,-0.0159723162651062,0.008659660816192627,0.008659660816192627,7.498972545150195e-05
previous_patch,30,2,31,0.002176523208618164,-0.023669779300689697,0.02584630250930786,0.02584630250930786,0.0006680313534026538
previous_patch,30,3,32,0.05856204032897949,-0.021649181842803955,0.08021122217178345,0.08021122217178345,0.0064338401622912045
previous_patch,30,4,33,0.05022227764129639,-0.012893319129943848,0.06311559677124023,0.06311559677124023,0.003983578555789791
previous_patch,30,5,34,0.0,-0.014529049396514893,0.014529049396514893,0.014529049396514893,0.00021109327636636976
previous_patch,31,1,31,0.015590906143188477,0.02720963954925537,-0.011618733406066895,0.011618733406066895,0.00013499496596125482
previous_patch,31,2,32,0.004962921142578125,0.02720963954925537,-0.022246718406677246,0.022246718406677246,0.0004949164798659922
previous_patch,31,3,33,0.017585158348083496,0.01827216148376465,-0.0006870031356811523,0.0006870031356811523,4.719733084357358e-07
previous_patch,31,4,34,0.0510634183883667,0.017676353454589844,0.033387064933776855,0.033387064933776855,0.0011146961048922321
previous_patch,31,5,35,0.0,0.02234363555908203,-0.02234363555908203,0.02234363555908203,0.000499238049997075
previous_patch,32,1,32,0.07671487331390381,0.055376291275024414,0.021338582038879395,0.021338582038879395,0.0004553350834299863
previous_patch,32,2,33,-0.021677613258361816,0.047257184982299805,-0.06893479824066162,0.06893479824066162,0.0047520064084807245
previous_patch,32,3,34,0.020431995391845703,0.11491620540618896,-0.09448421001434326,0.09448421001434326,0.008927265942034524
previous_patch,32,4,35,0.05434620380401611,0.0962839126586914,-0.04193770885467529,0.04193770885467529,0.0017587714239795105
previous_patch,32,5,36,0.0,0.08316850662231445,-0.08316850662231445,0.08316850662231445,0.006917000493785963
previous_patch,33,1,33,0.036177873611450195,0.09351050853729248,-0.057332634925842285,0.057332634925842285,0.0032870310275399106
previous_patch,33,2,34,0.008276820182800293,0.11497187614440918,-0.10669505596160889,0.10669505596160889,0.011383834966650852
previous_patch,33,3,35,0.0476686954498291,0.12938177585601807,-0.08171308040618896,0.08171308040618896,0.006677027509468303
previous_patch,33,4,36,0.053935885429382324,0.13980579376220703,-0.08586990833282471,0.08586990833282471,0.007373641157087718
previous_patch,33,5,37,0.0,0.14879918098449707,-0.14879918098449707,0.14879918098449707,0.022141196261657115
previous_patch,34,1,34,0.046045541763305664,0.11848664283752441,-0.07244110107421875,0.07244110107421875,0.005247713124845177
previous_patch,34,2,35,0.03294706344604492,0.12269032001495361,-0.08974325656890869,0.08974325656890869,0.008053852099592973
previous_patch,34,3,36,0.048941850662231445,0.12532997131347656,-0.07638812065124512,0.07638812065124512,0.005835144976629181
previous_patch,34,4,37,0.05198323726654053,0.1101769208908081,-0.05819368362426758,0.05819368362426758,0.0033865048137613485
previous_patch,34,5,38,0.0,0.12484109401702881,-0.12484109401702881,0.12484109401702881,0.015585298755368626
previous_patch,35,1,35,0.10626578330993652,0.09437251091003418,0.011893272399902344,0.011893272399902344,0.00014144992837827886
previous_patch,35,2,36,0.031833648681640625,0.11699867248535156,-0.08516502380371094,0.08516502380371094,0.007253081279486651
previous_patch,35,3,37,0.06176960468292236,0.12840843200683594,-0.06663882732391357,0.06663882732391357,0.00444073330710637
previous_patch,35,4,38,0.05581176280975342,0.12927865982055664,-0.07346689701080322,0.07346689701080322,0.0053973849563959675
previous_patch,35,5,39,0.0,0.11603176593780518,-0.11603176593780518,0.11603176593780518,0.013463370706645605
previous_patch,36,1,36,0.10397970676422119,0.12817013263702393,-0.024190425872802734,0.024190425872802734,0.0005851767039075639
previous_patch,36,2,37,0.03369128704071045,0.12007415294647217,-0.08638286590576172,0.08638286590576172,0.00746199952209281
previous_patch,36,3,38,0.09765839576721191,0.11548972129821777,-0.01783132553100586,0.01783132553100586,0.0003179561701927014
previous_patch,36,4,39,0.059429049491882324,0.09832227230072021,-0.03889322280883789,0.03889322280883789,0.001512682780457908
previous_patch,36,5,40,0.0,0.08174014091491699,-0.08174014091491699,0.08174014091491699,0.006681450636790487
previous_patch,37,1,37,0.12225890159606934,0.08296144008636475,0.03929746150970459,0.03929746150970459,0.0015442904811067137
previous_patch,37,2,38,0.009343981742858887,0.08422279357910156,-0.07487881183624268,0.07487881183624268,0.005606836462007436
previous_patch,37,3,39,0.11761856079101562,0.0918881893157959,0.025730371475219727,0.025730371475219727,0.000662052016252801
previous_patch,37,4,40,0.06488227844238281,0.08596932888031006,-0.021087050437927246,0.021087050437927246,0.00044466369617168766
previous_patch,37,5,41,0.0,0.08102083206176758,-0.08102083206176758,0.08102083206176758,0.006564375227981145
previous_patch,38,1,38,0.08107328414916992,0.09221231937408447,-0.01113903522491455,0.01113903522491455,0.00012407810574188716
previous_patch,38,2,39,-0.032916247844696045,0.09172797203063965,-0.1246442198753357,0.1246442198753357,0.01553618154833103
previous_patch,38,3,40,0.11457514762878418,0.10751640796661377,0.00705873966217041,0.00705873966217041,4.9825805618297636e-05
previous_patch,38,4,41,0.06847655773162842,0.09182488918304443,-0.023348331451416016,0.023348331451416016,0.0005451445815651823
previous_patch,38,5,42,0.0,0.0952150821685791,-0.0952150821685791,0.0952150821685791,0.00906591187236927
previous_patch,39,1,39,0.051767587661743164,0.06827723979949951,-0.016509652137756348,0.016509652137756348,0.00027256861370972274
previous_patch,39,2,40,-0.04457664489746094,0.1003638505935669,-0.14494049549102783,0.14494049549102783,0.02100774723318466
previous_patch,39,3,41,0.09454894065856934,0.12265646457672119,-0.028107523918151855,0.028107523918151855,0.0007900329008094786
previous_patch,39,4,42,0.06815469264984131,0.11967170238494873,-0.05151700973510742,0.05151700973510742,0.002654002292047153
previous_patch,39,5,43,0.0,0.11183655261993408,-0.11183655261993408,0.11183655261993408,0.012507414501911285
previous_patch,40,1,40,0.07823383808135986,0.1269063949584961,-0.04867255687713623,0.04867255687713623,0.0023690177929580614
previous_patch,40,2,41,0.04306793212890625,0.11758613586425781,-0.07451820373535156,0.07451820373535156,0.0055529626879433636
previous_patch,40,3,42,0.07164037227630615,0.12370550632476807,-0.052065134048461914,0.052065134048461914,0.002710778183484308
previous_patch,40,4,43,0.07108521461486816,0.10930144786834717,-0.038216233253479004,0.038216233253479004,0.0014604804840843144
previous_patch,40,5,44,0.0,0.10836005210876465,-0.10836005210876465,0.10836005210876465,0.01174190089301419
previous_patch,41,1,41,0.16022098064422607,0.14025402069091797,0.019966959953308105,0.019966959953308105,0.0003986794897770096
previous_patch,41,2,42,0.20963943004608154,0.1334691047668457,0.07617032527923584,0.07617032527923584,0.005801918453144594
previous_patch,41,3,43,0.09426760673522949,0.12988269329071045,-0.03561508655548096,0.03561508655548096,0.0012684343903544004
previous_patch,41,4,44,0.08365535736083984,0.1380246877670288,-0.054369330406188965,0.054369330406188965,0.002956024088817344
previous_patch,41,5,45,0.0,0.15479302406311035,-0.15479302406311035,0.15479302406311035,0.02396088029860266
previous_patch,42,1,42,0.15028846263885498,0.21306347846984863,-0.06277501583099365,0.06277501583099365,0.003940702612581504
previous_patch,42,2,43,0.026694178581237793,0.24875330924987793,-0.22205913066864014,0.22205913066864014,0.049310257513312195
previous_patch,42,3,44,0.1455366611480713,0.25158894062042236,-0.10605227947235107,0.10605227947235107,0.011247085981281657
previous_patch,42,4,45,0.09600436687469482,0.2412242889404297,-0.14521992206573486,0.14521992206573486,0.021088825764778107
previous_patch,42,5,46,0.0,0.28268301486968994,-0.28268301486968994,0.28268301486968994,0.07990968689581734
previous_patch,43,1,43,0.19934260845184326,0.2472931146621704,-0.04795050621032715,0.04795050621032715,0.0022992510458266224
previous_patch,43,2,44,0.052571773529052734,0.22486460208892822,-0.1722928285598755,0.1722928285598755,0.029684818773162647
previous_patch,43,3,45,0.16063380241394043,0.24487626552581787,-0.08424246311187744,0.08424246311187744,0.0070967925911560314
previous_patch,43,4,46,0.10569870471954346,0.29195666313171387,-0.1862579584121704,0.1862579584121704,0.0346920270718698
previous_patch,43,5,47,0.0,0.2943735122680664,-0.2943735122680664,0.2943735122680664,0.08665576472503744
previous_patch,44,1,44,0.2725120782852173,0.27083539962768555,0.0016766786575317383,0.0016766786575317383,2.811251320622432e-06
previous_patch,44,2,45,0.02607119083404541,0.24884116649627686,-0.22276997566223145,0.22276997566223145,0.04962646205655119
previous_patch,44,3,46,0.20750677585601807,0.23158109188079834,-0.024074316024780273,0.024074316024780273,0.0005795726920609923
previous_patch,44,4,47,0.12709486484527588,0.21303880214691162,-0.08594393730163574,0.08594393730163574,0.0073863603589074955
previous_patch,44,5,48,0.0,0.24085211753845215,-0.24085211753845215,0.24085211753845215,0.05800974252275637
previous_patch,45,1,45,0.20420563220977783,0.1845794916152954,0.019626140594482422,0.019626140594482422,0.00038518539463439083
previous_patch,45,2,46,0.03752017021179199,0.1752336025238037,-0.13771343231201172,0.13771343231201172,0.018964989439155033
previous_patch,45,3,47,0.24862563610076904,0.1628037691116333,0.08582186698913574,0.08582186698913574,0.007365392853500907
previous_patch,45,4,48,0.14294672012329102,0.19579434394836426,-0.05284762382507324,0.05284762382507324,0.002792871343956449
previous_patch,45,5,49,0.0,0.1878504753112793,-0.1878504753112793,0.1878504753112793,0.03528780107467355
previous_patch,46,1,46,0.10785770416259766,0.1179966926574707,-0.010138988494873047,0.010138988494873047,0.00010279908769916801
previous_patch,46,2,47,-0.011404454708099365,0.11712253093719482,-0.1285269856452942,0.1285269856452942,0.01651918603906566
previous_patch,46,3,48,0.18190300464630127,0.07779037952423096,0.10411262512207031,0.10411262512207031,0.010839438709808746
previous_patch,46,4,49,0.14424991607666016,0.08207321166992188,0.06217670440673828,0.06217670440673828,0.0038659425708829076
previous_patch,46,5,50,0.0,0.08679306507110596,-0.08679306507110596,0.08679306507110596,0.007533036144437233
previous_patch,47,1,47,0.13014674186706543,0.10549569129943848,0.024651050567626953,0.024651050567626953,0.0006076742940877011
previous_patch,47,2,48,-0.019309639930725098,0.09109377861022949,-0.11040341854095459,0.11040341854095459,0.012188914825529196
previous_patch,47,3,49,0.11548089981079102,0.10735118389129639,0.008129715919494629,0.008129715919494629,6.60922809316844e-05
previous_patch,47,4,50,0.1420140266418457,0.11786532402038574,0.02414870262145996,0.02414870262145996,0.0005831598382997072
previous_patch,47,5,51,0.0,0.11318254470825195,-0.11318254470825195,0.11318254470825195,0.012810288426635452
previous_patch,48,1,48,0.08179140090942383,0.08144557476043701,0.0003458261489868164,0.0003458261489868164,1.1959572532305174e-07
previous_patch,48,2,49,0.009029269218444824,0.05464291572570801,-0.045613646507263184,0.045613646507263184,0.002080604747689563
previous_patch,48,3,50,0.09174013137817383,0.04694783687591553,0.0447922945022583,0.0447922945022583,0.002006349646777039
previous_patch,48,4,51,0.13863778114318848,0.029050588607788086,0.10958719253540039,0.10958719253540039,0.012009352767790915
previous_patch,48,5,52,0.0,0.04374885559082031,-0.04374885559082031,0.04374885559082031,0.0019139623655064497
previous_patch,49,1,49,0.12068808078765869,0.09354007244110107,0.027148008346557617,0.027148008346557617,0.000737014357184762
previous_patch,49,2,50,0.049468398094177246,0.10258936882019043,-0.053120970726013184,0.053120970726013184,0.0028218375308739496
previous_patch,49,3,51,0.09297525882720947,0.09470474720001221,-0.0017294883728027344,0.0017294883728027344,2.99113003165985e-06
previous_patch,49,4,52,0.14065229892730713,0.1010662317276001,0.03958606719970703,0.03958606719970703,0.0015670567163397209
previous_patch,49,5,53,0.0,0.10653162002563477,-0.10653162002563477,0.10653162002563477,0.011348986065286226
previous_patch,50,1,50,0.08238732814788818,0.10216391086578369,-0.019776582717895508,0.019776582717895508,0.00039111322399776327
previous_patch,50,2,51,0.01142418384552002,0.10624325275421143,-0.0948190689086914,0.0948190689086914,0.00899065582871117
previous_patch,50,3,52,0.09479308128356934,0.11555516719818115,-0.020762085914611816,0.020762085914611816,0.0004310642115257224
previous_patch,50,4,53,0.14254772663116455,0.12442350387573242,0.01812422275543213,0.01812422275543213,0.0003284874504885238
previous_patch,50,5,54,0.0,0.0862894058227539,-0.0862894058227539,0.0862894058227539,0.007445861557243916
previous_patch,51,1,51,0.08513057231903076,0.11114990711212158,-0.02601933479309082,0.02601933479309082,0.0006770057830749465
previous_patch,51,2,52,-0.0015670061111450195,0.1274775266647339,-0.1290445327758789,0.1290445327758789,0.016652491439344885
previous_patch,51,3,53,0.08250200748443604,0.10687148571014404,-0.024369478225708008,0.024369478225708008,0.0005938714689932567
previous_patch,51,4,54,0.13768339157104492,0.08766257762908936,0.050020813941955566,0.050020813941955566,0.0025020818274157364
previous_patch,51,5,55,0.0,0.09185373783111572,-0.09185373783111572,0.09185373783111572,0.00843710915354734
previous_patch,52,1,52,0.06315791606903076,0.04227244853973389,0.020885467529296875,0.020885467529296875,0.0004362027539173141
previous_patch,52,2,53,-0.1523485779762268,0.04277360439300537,-0.19512218236923218,0.19512218236923218,0.0380726660525319
previous_patch,52,3,54,0.06726539134979248,0.06516289710998535,0.002102494239807129,0.002102494239807129,4.420482028422157e-06
previous_patch,52,4,55,0.12618422508239746,0.06867170333862305,0.057512521743774414,0.057512521743774414,0.0033076901573281248
previous_patch,52,5,56,0.0,0.08270680904388428,-0.08270680904388428,0.08270680904388428,0.006840416262221538
previous_patch,53,1,53,0.0605236291885376,0.10489630699157715,-0.04437267780303955,0.04437267780303955,0.001968934535412359
previous_patch,53,2,54,-0.008326709270477295,0.12232232093811035,-0.13064903020858765,0.13064903020858765,0.017069169094444447
previous_patch,53,3,55,0.05789458751678467,0.10438621044158936,-0.04649162292480469,0.04649162292480469,0.0021614710021822248
previous_patch,53,4,56,0.11666572093963623,0.08458006381988525,0.03208565711975098,0.03208565711975098,0.0010294893928062265
previous_patch,53,5,57,0.0,0.08458006381988525,-0.08458006381988525,0.08458006381988525,0.0071537871957758625
previous_patch,54,1,54,0.04771888256072998,0.03183937072753906,0.015879511833190918,0.015879511833190918,0.0002521588960604504
previous_patch,54,2,55,-0.03311562538146973,0.06343698501586914,-0.09655261039733887,0.09655261039733887,0.00932240657454031
previous_patch,54,3,56,0.07146167755126953,0.06077706813812256,0.010684609413146973,0.010684609413146973,0.0001141608783115089
previous_patch,54,4,57,0.100227952003479,0.05054008960723877,0.049687862396240234,0.049687862396240234,0.0024688836695077043
previous_patch,54,5,58,0.0,0.05424785614013672,-0.05424785614013672,0.05424785614013672,0.002942829895800969
previous_patch,55,1,55,-0.007828295230865479,0.008215785026550293,-0.01604408025741577,0.01604408025741577,0.00025741251130639853
previous_patch,55,2,56,-0.029056549072265625,0.009145855903625488,-0.03820240497589111,0.03820240497589111,0.00145942374594199
previous_patch,55,3,57,0.038796424865722656,0.01092839241027832,0.027868032455444336,0.027868032455444336,0.0007766272329376989
previous_patch,55,4,58,0.07665586471557617,-0.011083602905273438,0.08773946762084961,0.08773946762084961,0.007698214178390117
previous_patch,55,5,59,0.0,0.010308504104614258,-0.010308504104614258,0.010308504104614258,0.000106265256874849
previous_patch,56,1,56,0.00954592227935791,0.02033364772796631,-0.010787725448608398,0.010787725448608398,0.00011637502035455327
previous_patch,56,2,57,-0.04824024438858032,0.028017044067382812,-0.07625728845596313,0.07625728845596313,0.005815174042655968
previous_patch,56,3,58,0.0039931535720825195,0.02017843723297119,-0.016185283660888672,0.016185283660888672,0.0002619634071834298
previous_patch,56,4,59,0.06426024436950684,0.03484666347503662,0.029413580894470215,0.029413580894470215,0.0008651587410355432
previous_patch,56,5,60,0.0,0.04152107238769531,-0.04152107238769531,0.04152107238769531,0.0017239994522242341
previous_patch,57,1,57,0.0372387170791626,0.03234720230102539,0.004891514778137207,0.004891514778137207,2.392691682473469e-05
previous_patch,57,2,58,-0.02259695529937744,-0.0426824688911438,0.020085513591766357,0.020085513591766357,0.0004034278562450311
previous_patch,57,3,59,0.02023637294769287,-0.05112427473068237,0.07136064767837524,0.07136064767837524,0.005092342037077202
previous_patch,57,4,60,0.057244062423706055,-0.06453651189804077,0.12178057432174683,0.12178057432174683,0.014830508282134502
previous_patch,57,5,61,0.0,-0.06477314233779907,0.06477314233779907,0.06477314233779907,0.004195559968312779
previous_patch,58,1,58,0.022984981536865234,-0.07044017314910889,0.09342515468597412,0.09342515468597412,0.008728259528098192
previous_patch,58,2,59,0.03290081024169922,-0.0950668454170227,0.12796765565872192,0.12796765565872192,0.016375720894789225
previous_patch,58,3,60,0.04139912128448486,-0.10405755043029785,0.14545667171478271,0.14545667171478271,0.02115764334634207
previous_patch,58,4,61,0.05423283576965332,-0.11609727144241333,0.17033010721206665,0.17033010721206665,0.02901234542287412
previous_patch,58,5,62,0.0,-0.08615434169769287,0.08615434169769287,0.08615434169769287,0.0074225705933628205
previous_patch,59,1,59,-0.049712300300598145,-0.05898338556289673,0.009271085262298584,0.009271085262298584,8.595302194081e-05
previous_patch,59,2,60,0.008345842361450195,-0.04987215995788574,0.05821800231933594,0.05821800231933594,0.0033893357940542046
previous_patch,59,3,61,0.0019164085388183594,-0.04227942228317261,0.04419583082199097,0.04419583082199097,0.0019532714620460467
previous_patch,59,4,62,0.03910410404205322,-0.04987215995788574,0.08897626399993896,0.08897626399993896,0.007916775555386835
previous_patch,59,5,63,0.0,-0.036205291748046875,0.036205291748046875,0.036205291748046875,0.0013108231505611911
previous_patch,60,1,60,-0.05868250131607056,-0.03661656379699707,-0.022065937519073486,0.022065937519073486,0.00048690559859565496
previous_patch,60,2,61,0.0082932710647583,-0.03229933977127075,0.04059261083602905,0.04059261083602905,0.0016477600544853033
previous_patch,60,3,62,-0.060066044330596924,-0.034058213233947754,-0.02600783109664917,0.02600783109664917,0.0006764072783518316
previous_patch,60,4,63,0.0235975980758667,-0.032379329204559326,0.055976927280426025,0.055976927280426025,0.0031334163877581034
previous_patch,60,5,64,0.0,-0.05556446313858032,0.05556446313858032,0.05556446313858032,0.0030874095638786514
mean_context,0,1,0,0.042333342134952545,-0.012999951839447021,0.05533329397439957,0.05533329397439957,0.0030617734220573234
mean_context,0,2,1,0.042333342134952545,-0.002666652202606201,0.044999994337558746,0.044999994337558746,0.0020249994903803192
mean_context,0,3,2,0.042333342134952545,-0.030444443225860596,0.07277778536081314,0.07277778536081314,0.0052966060420245875
mean_context,0,4,3,0.042333342134952545,-0.07566666603088379,0.11800000816583633,0.11800000816583633,0.013924001927137442
mean_context,0,5,4,0.042333342134952545,-0.06855553388595581,0.11088887602090836,0.11088887602090836,0.012296342825180384
mean_context,1,1,1,0.00477598886936903,-0.1205376386642456,0.1253136247396469,0.1253136247396469,0.015703504545389046
mean_context,1,2,2,0.00477598886936903,-0.03655916452407837,0.041335154324769974,0.041335154324769974,0.0017085949830525499
mean_context,1,3,3,0.00477598886936903,-0.02569890022277832,0.030474890023469925,0.030474890023469925,0.0009287189219425868
mean_context,1,4,4,0.00477598886936903,-0.0021504759788513184,0.006926464848220348,0.006926464848220348,4.7975915293632133e-05
mean_context,1,5,5,0.00477598886936903,0.01860213279724121,-0.013826143927872181,0.013826143927872181,0.00019116225591423678
mean_context,2,1,2,0.014832114800810814,0.02207958698272705,-0.007247472181916237,0.007247472181916237,5.25258530276497e-05
mean_context,2,2,3,0.014832114800810814,-0.008157491683959961,0.022989606484770775,0.022989606484770775,0.0005285220063246145
mean_context,2,3,4,0.014832114800810814,0.01392209529876709,0.0009100195020437241,0.0009100195020437241,8.281354940999075e-07
mean_context,2,4,5,0.014832114800810814,0.005112051963806152,0.009720062837004662,0.009720062837004662,9.447962155531911e-05
mean_context,2,5,6,0.014832114800810814,0.03165102005004883,-0.016818905249238014,0.016818905249238014,0.00028287557378284603
mean_context,3,1,3,-0.04225873947143555,-0.025051355361938477,-0.01720738410949707,0.01720738410949707,0.0002960940678917723
mean_context,3,2,4,-0.04225873947143555,-0.016016483306884766,-0.02624225616455078,0.02624225616455078,0.0006886560086059035
mean_context,3,3,5,-0.04225873947143555,-0.02371668815612793,-0.018542051315307617,0.018542051315307617,0.00034380766697950094
mean_context,3,4,6,-0.04225873947143555,-0.022381961345672607,-0.01987677812576294,0.01987677812576294,0.00039508630866080807
mean_context,3,5,7,-0.04225873947143555,-0.013963043689727783,-0.028295695781707764,0.028295695781707764,0.0008006463997709545
mean_context,4,1,4,-0.06483323872089386,-0.02300584316253662,-0.04182739555835724,0.04182739555835724,0.0017495310191952829
mean_context,4,2,5,-0.06483323872089386,-0.021398425102233887,-0.04343481361865997,0.04343481361865997,0.0018865830340877299
mean_context,4,3,6,-0.06483323872089386,-0.007936537265777588,-0.05689670145511627,0.05689670145511627,0.00323723463647263
mean_context,4,4,7,-0.06483323872089386,-0.002109706401824951,-0.06272353231906891,0.06272353231906891,0.003934241506581282
mean_context,4,5,8,-0.06483323872089386,-0.00994575023651123,-0.05488748848438263,0.05488748848438263,0.0030126363921232358
mean_context,5,1,5,-0.09805186092853546,-0.03973954916000366,-0.0583123117685318,0.0583123117685318,0.003400325703790452
mean_context,5,2,6,-0.09805186092853546,-0.05334240198135376,-0.0447094589471817,0.0447094589471817,0.001998935719349726
mean_context,5,3,7,-0.09805186092853546,-0.06024092435836792,-0.03781093657016754,0.03781093657016754,0.0014296669243132332
mean_context,5,4,8,-0.09805186092853546,-0.05994945764541626,-0.0381024032831192,0.0381024032831192,0.001451793135949453
mean_context,5,5,9,-0.09805186092853546,-0.06840264797210693,-0.029649212956428528,0.029649212956428528,0.0008790758289356493
mean_context,6,1,6,-0.11074226349592209,-0.06696856021881104,-0.04377370327711105,0.04377370327711105,0.001916137098592563
mean_context,6,2,7,-0.11074226349592209,-0.0715937614440918,-0.03914850205183029,0.03914850205183029,0.0015326052129021606
mean_context,6,3,8,-0.11074226349592209,-0.053382158279418945,-0.05736010521650314,0.05736010521650314,0.003290181670448311
mean_context,6,4,9,-0.11074226349592209,-0.05453842878341675,-0.05620383471250534,0.05620383471250534,0.0031588710363906203
mean_context,6,5,10,-0.11074226349592209,-0.05762183666229248,-0.05312042683362961,0.05312042683362961,0.0028217797469869965
mean_context,7,1,7,-0.05634662136435509,-0.012897968292236328,-0.04344865307211876,0.04344865307211876,0.0018877854537813349
mean_context,7,2,8,-0.05634662136435509,-0.01801621913909912,-0.038330402225255966,0.038330402225255966,0.0014692197347499075
mean_context,7,3,9,-0.05634662136435509,-0.013819277286529541,-0.042527344077825546,0.042527344077825546,0.0018085749943137636
mean_context,7,4,10,-0.05634662136435509,-0.0011259913444519043,-0.05522063001990318,0.05522063001990318,0.0030493179797950326
mean_context,7,5,11,-0.05634662136435509,-0.004606425762176514,-0.051740195602178574,0.051740195602178574,0.002677047840951699
mean_context,8,1,8,-0.029909448698163033,0.022428154945373535,-0.05233760178089142,0.05233760178089142,0.0027392245601751686
mean_context,8,2,9,-0.029909448698163033,0.03948616981506348,-0.06939561665058136,0.06939561665058136,0.004815751610314445
mean_context,8,3,10,-0.029909448698163033,0.050542235374450684,-0.08045168220996857,0.08045168220996857,0.006472473170413773
mean_context,8,4,11,-0.029909448698163033,0.052753567695617676,-0.08266301453113556,0.08266301453113556,0.006833173971374729
mean_context,8,5,12,-0.029909448698163033,0.0461198091506958,-0.07602925598621368,0.07602925598621368,0.005780447765817209
mean_context,9,1,9,0.059309203177690506,0.12031102180480957,-0.061001818627119064,0.061001818627119064,0.0037212218758159304
mean_context,9,2,10,0.059309203177690506,0.11470723152160645,-0.05539802834391594,0.05539802834391594,0.003068941544393314
mean_context,9,3,11,0.059309203177690506,0.1144784688949585,-0.05516926571726799,0.05516926571726799,0.003043647879782521
mean_context,9,4,12,0.059309203177690506,0.11299169063568115,-0.053682487457990646,0.053682487457990646,0.002881809459677323
mean_context,9,5,13,0.059309203177690506,0.09560847282409668,-0.036299269646406174,0.036299269646406174,0.0013176369768625046
mean_context,10,1,10,0.09312035143375397,0.1079566478729248,-0.014836296439170837,0.014836296439170837,0.00022011569203095327
mean_context,10,2,11,0.09312035143375397,0.10339999198913574,-0.010279640555381775,0.010279640555381775,0.00010567100994784973
mean_context,10,3,12,0.09312035143375397,0.10164749622344971,-0.00852714478969574,0.00852714478969574,7.27121982644352e-05
mean_context,10,4,13,0.09312035143375397,0.1011800765991211,-0.008059725165367126,0.008059725165367126,6.495916974125215e-05
mean_context,10,5,14,0.09312035143375397,0.11099433898925781,-0.017873987555503845,0.017873987555503845,0.0003194794311343063
mean_context,11,1,11,0.11202412098646164,0.1340254545211792,-0.02200133353471756,0.02200133353471756,0.0004840586773058875
mean_context,11,2,12,0.11202412098646164,0.1546720266342163,-0.04264790564775467,0.04264790564775467,0.0018188438561397846
mean_context,11,3,13,0.11202412098646164,0.15620577335357666,-0.04418165236711502,0.04418165236711502,0.0019520184058886003
mean_context,11,4,14,0.11202412098646164,0.1474752426147461,-0.035451121628284454,0.035451121628284454,0.0012567820247034178
mean_context,11,5,15,0.11202412098646164,0.13284564018249512,-0.020821519196033478,0.020821519196033478,0.0004335356616307906
mean_context,12,1,12,0.07171750068664551,0.09501290321350098,-0.02329540252685547,0.02329540252685547,0.0005426757788882242
mean_context,12,2,13,0.07171750068664551,0.1007542610168457,-0.029036760330200195,0.029036760330200195,0.0008431334504734878
mean_context,12,3,14,0.07171750068664551,0.10593259334564209,-0.03421509265899658,0.03421509265899658,0.0011706725656637218
mean_context,12,4,15,0.07171750068664551,0.09884047508239746,-0.027122974395751953,0.027122974395751953,0.000735655740072616
mean_context,12,5,16,0.07171750068664551,0.1072835922241211,-0.035566091537475586,0.035566091537475586,0.0012649468672520925
mean_context,13,1,13,0.17545542120933533,0.21469616889953613,-0.039240747690200806,0.039240747690200806,0.0015398362792859999
mean_context,13,2,14,0.17545542120933533,0.18706440925598145,-0.011608988046646118,0.011608988046646118,0.00013476860346717245
mean_context,13,3,15,0.17545542120933533,0.1836409568786621,-0.008185535669326782,0.008185535669326782,6.700299419382105e-05
mean_context,13,4,16,0.17545542120933533,0.1597994565963745,0.015655964612960815,0.015655964612960815,0.0002451092279622813
mean_context,13,5,17,0.17545542120933533,0.1541752815246582,0.021280139684677124,0.021280139684677124,0.0004528443449993702
mean_context,14,1,14,0.028947167098522186,0.019261479377746582,0.009685687720775604,0.009685687720775604,9.381254662438332e-05
mean_context,14,2,15,0.028947167098522186,0.015111207962036133,0.013835959136486053,0.013835959136486053,0.0001914337652265119
mean_context,14,3,16,0.028947167098522186,0.012557148933410645,0.016390018165111542,0.016390018165111542,0.0002686326954526863
mean_context,14,4,17,0.028947167098522186,0.01191866397857666,0.017028503119945526,0.017028503119945526,0.0002899699185059945
mean_context,14,5,18,0.028947167098522186,0.011493086814880371,0.017454080283641815,0.017454080283641815,0.00030464491854781395
mean_context,15,1,15,0.02011900581419468,0.007476806640625,0.01264219917356968,0.01264219917356968,0.00015982519994420588
mean_context,15,2,16,0.02011900581419468,0.009372353553771973,0.010746652260422707,0.010746652260422707,0.00011549053480644847
mean_context,15,3,17,0.02011900581419468,0.007582187652587891,0.012536818161606789,0.012536818161606789,0.00015717180961719382
mean_context,15,4,18,0.02011900581419468,0.017270445823669434,0.0028485599905252457,0.0028485599905252457,8.114294019621188e-06
mean_context,15,5,19,0.02011900581419468,0.026432156562805176,-0.0063131507486104965,0.0063131507486104965,3.985587237468127e-05
mean_context,16,1,16,-0.003196233417838812,0.00370180606842041,-0.006898039486259222,0.006898039486259222,4.758294875399139e-05
mean_context,16,2,17,-0.003196233417838812,0.01110541820526123,-0.01430165208876133,0.01430165208876133,0.0002045372524679713
mean_context,16,3,18,-0.003196233417838812,0.0034960508346557617,-0.006692284252494574,0.006692284252494574,4.4786668516186854e-05
mean_context,16,4,19,-0.003196233417838812,0.0075064897537231445,-0.010702723637223244,0.010702723637223244,0.00011454829325477714
mean_context,16,5,20,-0.003196233417838812,0.012750625610351562,-0.01594685949385166,0.01594685949385166,0.0002543023277166469
mean_context,17,1,17,-0.01934974268078804,0.007689952850341797,-0.027039695531129837,0.027039695531129837,0.0007311451344162029
mean_context,17,2,18,-0.01934974268078804,0.00485682487487793,-0.02420656755566597,0.02420656755566597,0.0005859579128270204
mean_context,17,3,19,-0.01934974268078804,0.04583632946014404,-0.06518606841564178,0.06518606841564178,0.0042492235154887315
mean_context,17,4,20,-0.01934974268078804,0.04340791702270508,-0.06275765597820282,0.06275765597820282,0.003938523383878456
mean_context,17,5,21,-0.01934974268078804,0.04958009719848633,-0.06892983615398407,0.06892983615398407,0.004751322312215089
mean_context,18,1,18,0.004950234200805426,0.07332432270050049,-0.06837408989667892,0.06837408989667892,0.004675016169199131
mean_context,18,2,19,0.004950234200805426,0.07012295722961426,-0.0651727244257927,0.0651727244257927,0.004247484009080316
mean_context,18,3,20,0.004950234200805426,0.042961835861206055,-0.03801160305738449,0.03801160305738449,0.001444881966992162
mean_context,18,4,21,0.004950234200805426,0.04151606559753418,-0.036565832793712616,0.036565832793712616,0.001337060127897749
mean_context,18,5,22,0.004950234200805426,0.03273773193359375,-0.027787497267127037,0.027787497267127037,0.0007721450043705926
mean_context,19,1,19,0.012929926626384258,0.0442807674407959,-0.031350839883089066,0.031350839883089066,0.000982875161375088
mean_context,19,2,20,0.012929926626384258,0.0503993034362793,-0.037469375878572464,0.037469375878572464,0.001403954128729748
mean_context,19,3,21,0.012929926626384258,0.06367313861846924,-0.050743211060762405,0.050743211060762405,0.00257487346875708
mean_context,19,4,22,0.012929926626384258,0.015866398811340332,-0.0029364721849560738,0.0029364721849560738,8.622868893020698e-06
mean_context,19,5,23,0.012929926626384258,0.004148125648498535,0.008781800977885723,0.008781800977885723,7.712002841519464e-05
mean_context,20,1,20,0.008657758124172688,-0.010607600212097168,0.01926535740494728,0.01926535740494728,0.00037115399594035703
mean_context,20,2,21,0.008657758124172688,-0.010813534259796143,0.019471291452646255,0.019471291452646255,0.0003791311908338951
mean_context,20,3,22,0.008657758124172688,-0.010504603385925293,0.019162360578775406,0.019162360578775406,0.0003671960629510057
mean_context,20,4,23,0.008657758124172688,-0.010195672512054443,0.018853429704904556,0.018853429704904556,0.0003554518116377775
mean_context,20,5,24,0.008657758124172688,-0.0012357831001281738,0.009893541224300861,0.009893541224300861,9.788215795694059e-05
mean_context,21,1,21,-0.002516329288482666,-0.001122891902923584,-0.001393437385559082,0.001393437385559082,1.94166774747373e-06
mean_context,21,2,22,-0.002516329288482666,0.015108227729797363,-0.01762455701828003,0.01762455701828003,0.00031062501009060384
mean_context,21,3,23,-0.002516329288482666,0.030318498611450195,-0.03283482789993286,0.03283482789993286,0.0010781259232182094
mean_context,21,4,24,-0.002516329288482666,0.026031017303466797,-0.028547346591949463,0.028547346591949463,0.0008149509974408886
mean_context,21,5,25,-0.002516329288482666,0.04409968852996826,-0.04661601781845093,0.04661601781845093,0.0021730531172501344
mean_context,22,1,22,0.033045075833797455,0.0786670446395874,-0.04562196880578995,0.04562196880578995,0.002081364037716471
mean_context,22,2,23,0.033045075833797455,0.05884218215942383,-0.025797106325626373,0.025797106325626373,0.0006654906947756722
mean_context,22,3,24,0.033045075833797455,0.08246338367462158,-0.04941830784082413,0.04941830784082413,0.0024421691498504594
mean_context,22,4,25,0.033045075833797455,0.09132122993469238,-0.05827615410089493,0.05827615410089493,0.0033961101367912527
mean_context,22,5,26,0.033045075833797455,0.09343039989471436,-0.0603853240609169,0.0603853240609169,0.0036463873619419496
mean_context,23,1,23,0.026052476838231087,0.07594668865203857,-0.04989421367645264,0.04989421367645264,0.0024894325583915133
mean_context,23,2,24,0.026052476838231087,0.08478975296020508,-0.05873727798461914,0.05873727798461914,0.0034500678250424244
mean_context,23,3,25,0.026052476838231087,0.0778193473815918,-0.05176687240600586,0.05176687240600586,0.002679809078699691
mean_context,23,4,26,0.026052476838231087,0.06460678577423096,-0.03855431079864502,0.03855431079864502,0.001486434881158516
mean_context,23,5,27,0.026052476838231087,0.06970453262329102,-0.04365205764770508,0.04365205764770508,0.0019055021368785674
mean_context,24,1,24,0.019262569025158882,0.05397343635559082,-0.03471086919307709,0.03471086919307709,0.001204844440138908
mean_context,24,2,25,0.019262569025158882,0.05613243579864502,-0.03686986863613129,0.03686986863613129,0.0013593872132455775
mean_context,24,3,26,0.019262569025158882,0.05942225456237793,-0.0401596873998642,0.0401596873998642,0.0016128004920548111
mean_context,24,4,27,0.019262569025158882,0.06055319309234619,-0.04129062592983246,0.04129062592983246,0.0017049157896773526
mean_context,24,5,28,0.019262569025158882,0.0597306489944458,-0.04046808183193207,0.04046808183193207,0.0016376656471559503
mean_context,25,1,25,0.0021640758495777845,0.03734266757965088,-0.035178590565919876,0.035178590565919876,0.001237533234204627
mean_context,25,2,26,0.0021640758495777845,0.026270747184753418,-0.024106672033667564,0.024106672033667564,0.0005811316365388099
mean_context,25,3,27,0.0021640758495777845,0.023653745651245117,-0.021489670500159264,0.021489670500159264,0.0004618059382054153
mean_context,25,4,28,0.0021640758495777845,0.027377963066101074,-0.02521388791501522,0.02521388791501522,0.0006357401437909506
mean_context,25,5,29,0.0021640758495777845,0.03371918201446533,-0.03155510500073433,0.03155510500073433,0.0009957246516073687
mean_context,26,1,26,0.04456046596169472,0.07788681983947754,-0.03332635387778282,0.03332635387778282,0.0011106458627872101
mean_context,26,2,27,0.04456046596169472,0.07433700561523438,-0.029776539653539658,0.029776539653539658,0.0008866423137388196
mean_context,26,3,28,0.04456046596169472,0.06253910064697266,-0.01797863468527794,0.01797863468527794,0.00032323130514667897
mean_context,26,4,29,0.04456046596169472,0.0632699728012085,-0.01870950683951378,0.01870950683951378,0.00035004564617781286
mean_context,26,5,30,0.04456046596169472,0.06619346141815186,-0.021632995456457138,0.021632995456457138,0.0004679864924190952
mean_context,27,1,27,0.0519302599132061,0.12062299251556396,-0.06869272887706757,0.06869272887706757,0.004718691000578312
mean_context,27,2,28,0.0519302599132061,0.1396467685699463,-0.08771650493144989,0.08771650493144989,0.007694185237389073
mean_context,27,3,29,0.0519302599132061,0.11288809776306152,-0.06095783784985542,0.06095783784985542,0.0037158579953292664
mean_context,27,4,30,0.0519302599132061,0.12605834007263184,-0.07412807643413544,0.07412807643413544,0.0054949717158250255
mean_context,27,5,31,0.0519302599132061,0.11895060539245605,-0.06702034175395966,0.06702034175395966,0.004491726208817548
mean_context,28,1,28,0.0406225360929966,0.08820819854736328,-0.047585662454366684,0.047585662454366684,0.002264395271220923
mean_context,28,2,29,0.0406225360929966,0.0976334810256958,-0.057010944932699203,0.057010944932699203,0.003250247842119261
mean_context,28,3,30,0.0406225360929966,0.0947648286819458,-0.054142292588949203,0.054142292588949203,0.002931387846787384
mean_context,28,4,31,0.0406225360929966,0.08769595623016357,-0.04707342013716698,0.04707342013716698,0.0022159068834102374
mean_context,28,5,32,0.0406225360929966,0.07027971744537354,-0.029657181352376938,0.029657181352376938,0.0008795484057677744
mean_context,29,1,29,0.02677146904170513,0.035947442054748535,-0.009175973013043404,0.009175973013043404,8.419848073610084e-05
mean_context,29,2,30,0.02677146904170513,0.028818130493164062,-0.002046661451458931,0.002046661451458931,4.188823096887978e-06
mean_context,29,3,31,0.02677146904170513,0.026508808135986328,0.0002626609057188034,0.0002626609057188034,6.899075139302213e-08
mean_context,29,4,32,0.02677146904170513,0.01596546173095703,0.0108060073107481,0.0108060073107481,0.00011676979399994139
mean_context,29,5,33,0.02677146904170513,0.02008235454559326,0.00668911449611187,0.00668911449611187,4.4744252742093954e-05
mean_context,30,1,30,-0.015861639752984047,-0.0159723162651062,0.00011067651212215424,0.00011067651212215424,1.2249290335525354e-08
mean_context,30,2,31,-0.015861639752984047,-0.023669779300689697,0.00780813954770565,0.00780813954770565,6.0967043196445e-05
mean_context,30,3,32,-0.015861639752984047,-0.021649181842803955,0.005787542089819908,0.005787542089819908,3.349564344143699e-05
mean_context,30,4,33,-0.015861639752984047,-0.012893319129943848,-0.0029683206230401993,0.0029683206230401993,8.810927321165757e-06
mean_context,30,5,34,-0.015861639752984047,-0.014529049396514893,-0.0013325903564691544,0.0013325903564691544,1.7757970581545879e-06
mean_context,31,1,31,0.015877220779657364,0.02720963954925537,-0.011332418769598007,0.011332418769598007,0.0001284237151695372
mean_context,31,2,32,0.015877220779657364,0.02720963954925537,-0.011332418769598007,0.011332418769598007,0.0001284237151695372
mean_context,31,3,33,0.015877220779657364,0.01827216148376465,-0.0023949407041072845,0.0023949407041072845,5.735740976189896e-06
mean_context,31,4,34,0.015877220779657364,0.017676353454589844,-0.0017991326749324799,0.0017991326749324799,3.2368783820097002e-06
mean_context,31,5,35,0.015877220779657364,0.02234363555908203,-0.006466414779424667,0.006466414779424667,4.181452009956177e-05
mean_context,32,1,32,0.06752541661262512,0.055376291275024414,0.012149125337600708,0.012149125337600708,0.00014760124646873152
mean_context,32,2,33,0.06752541661262512,0.047257184982299805,0.020268231630325317,0.020268231630325317,0.0004108012134205197
mean_context,32,3,34,0.06752541661262512,0.11491620540618896,-0.04739078879356384,0.04739078879356384,0.0022458868624761763
mean_context,32,4,35,0.06752541661262512,0.0962839126586914,-0.028758496046066284,0.028758496046066284,0.0008270510948316101
mean_context,32,5,36,0.06752541661262512,0.08316850662231445,-0.01564309000968933,0.01564309000968933,0.00024470626505124216
mean_context,33,1,33,0.05444218963384628,0.09351050853729248,-0.0390683189034462,0.0390683189034462,0.0015263335419413715
mean_context,33,2,34,0.05444218963384628,0.11497187614440918,-0.0605296865105629,0.0605296865105629,0.00366384294906702
mean_context,33,3,35,0.05444218963384628,0.12938177585601807,-0.07493958622217178,0.07493958622217178,0.005615941583150319
mean_context,33,4,36,0.05444218963384628,0.13980579376220703,-0.08536360412836075,0.08536360412836075,0.007286944909783488
mean_context,33,5,37,0.05444218963384628,0.14879918098449707,-0.09435699135065079,0.09435699135065079,0.008903241816746787
mean_context,34,1,34,0.016744861379265785,0.11848664283752441,-0.10174178332090378,0.10174178332090378,0.010351390473317734
mean_context,34,2,35,0.016744861379265785,0.12269032001495361,-0.10594546049833298,0.10594546049833298,0.011224440600203833
mean_context,34,3,36,0.016744861379265785,0.12532997131347656,-0.10858511179685593,0.10858511179685593,0.0117907265039357
mean_context,34,4,37,0.016744861379265785,0.1101769208908081,-0.09343206137418747,0.09343206137418747,0.008729550092629934
mean_context,34,5,38,0.016744861379265785,0.12484109401702881,-0.10809623450040817,0.10809623450040817,0.011684795913167234
mean_context,35,1,35,0.015377442352473736,0.09437251091003418,-0.07899507135152817,0.07899507135152817,0.006240221297833026
mean_context,35,2,36,0.015377442352473736,0.11699867248535156,-0.10162123292684555,0.10162123292684555,0.010326874981572198
mean_context,35,3,37,0.015377442352473736,0.12840843200683594,-0.11303099244832993,0.11303099244832993,0.012776005253854417
mean_context,35,4,38,0.015377442352473736,0.12927865982055664,-0.11390122026205063,0.11390122026205063,0.012973487977184173
mean_context,35,5,39,0.015377442352473736,0.11603176593780518,-0.10065432637929916,0.10065432637929916,0.01013129341887048
mean_context,36,1,36,0.034235622733831406,0.12817013263702393,-0.09393450617790222,0.09393450617790222,0.00882369145088635
mean_context,36,2,37,0.034235622733831406,0.12007415294647217,-0.08583852648735046,0.08583852648735046,0.007368252629519567
mean_context,36,3,38,0.034235622733831406,0.11548972129821777,-0.08125409483909607,0.08125409483909607,0.0066022279281208185
mean_context,36,4,39,0.034235622733831406,0.09832227230072021,-0.06408664584159851,0.06408664584159851,0.004107098175226476
mean_context,36,5,40,0.034235622733831406,0.08174014091491699,-0.04750451818108559,0.04750451818108559,0.002256679247617091
mean_context,37,1,37,0.03751862421631813,0.08296144008636475,-0.045442815870046616,0.045442815870046616,0.0020650495141989605
mean_context,37,2,38,0.03751862421631813,0.08422279357910156,-0.04670416936278343,0.04670416936278343,0.0021812794358675586
mean_context,37,3,39,0.03751862421631813,0.0918881893157959,-0.05436956509947777,0.05436956509947777,0.002956049609106351
mean_context,37,4,40,0.03751862421631813,0.08596932888031006,-0.04845070466399193,0.04845070466399193,0.002347470782437369
mean_context,37,5,41,0.03751862421631813,0.08102083206176758,-0.04350220784544945,0.04350220784544945,0.0018924420874286835
mean_context,38,1,38,0.0434134341776371,0.09221231937408447,-0.04879888519644737,0.04879888519644737,0.0023813311964160505
mean_context,38,2,39,0.0434134341776371,0.09172797203063965,-0.04831453785300255,0.04831453785300255,0.002334294567949216
mean_context,38,3,40,0.0434134341776371,0.10751640796661377,-0.06410297751426697,0.06410297751426697,0.0041091917261946165
mean_context,38,4,41,0.0434134341776371,0.09182488918304443,-0.04841145500540733,0.04841145500540733,0.0023436689757405788
mean_context,38,5,42,0.0434134341776371,0.0952150821685791,-0.051801647990942,0.051801647990942,0.0026834107345774655
mean_context,39,1,39,0.013128445483744144,0.06827723979949951,-0.05514879524707794,0.05514879524707794,0.0030413896172041266
mean_context,39,2,40,0.013128445483744144,0.1003638505935669,-0.08723540604114532,0.08723540604114532,0.007610016067163494
mean_context,39,3,41,0.013128445483744144,0.12265646457672119,-0.10952802002429962,0.10952802002429962,0.011996387170443379
mean_context,39,4,42,0.013128445483744144,0.11967170238494873,-0.10654325783252716,0.10654325783252716,0.01135146578956836
mean_context,39,5,43,0.013128445483744144,0.11183655261993408,-0.09870810806751251,0.09870810806751251,0.009743290598267729
mean_context,40,1,40,0.031139759346842766,0.1269063949584961,-0.09576663374900818,0.09576663374900818,0.009171248139616672
mean_context,40,2,41,0.031139759346842766,0.11758613586425781,-0.0864463746547699,0.0864463746547699,0.007472975690952843
mean_context,40,3,42,0.031139759346842766,0.12370550632476807,-0.09256574511528015,0.09256574511528015,0.008568417168747011
mean_context,40,4,43,0.031139759346842766,0.10930144786834717,-0.07816168665885925,0.07816168665885925,0.0061092492613576965
mean_context,40,5,44,0.031139759346842766,0.10836005210876465,-0.07722029089927673,0.07722029089927673,0.005962973326568921
mean_context,41,1,41,0.07171498984098434,0.14025402069091797,-0.06853903084993362,0.06853903084993362,0.004697598749848153
mean_context,41,2,42,0.07171498984098434,0.1334691047668457,-0.06175411492586136,0.06175411492586136,0.0038135707102764926
mean_context,41,3,43,0.07171498984098434,0.12988269329071045,-0.058167703449726105,0.058167703449726105,0.003383481724615278
mean_context,41,4,44,0.07171498984098434,0.1380246877670288,-0.06630969792604446,0.06630969792604446,0.0043969760390432655
mean_context,41,5,45,0.07171498984098434,0.15479302406311035,-0.08307803422212601,0.08307803422212601,0.00690195977021274
mean_context,42,1,42,0.09370625019073486,0.21306347846984863,-0.11935722827911377,0.11935722827911377,0.014246147942472476
mean_context,42,2,43,0.09370625019073486,0.24875330924987793,-0.15504705905914307,0.15504705905914307,0.024039590522889398
mean_context,42,3,44,0.09370625019073486,0.25158894062042236,-0.1578826904296875,0.1578826904296875,0.024926943937316537
mean_context,42,4,45,0.09370625019073486,0.2412242889404297,-0.14751803874969482,0.14751803874969482,0.021761571756556464
mean_context,42,5,46,0.09370625019073486,0.28268301486968994,-0.18897676467895508,0.18897676467895508,0.035712217588525164
mean_context,43,1,43,0.10187222063541412,0.2472931146621704,-0.1454208940267563,0.1454208940267563,0.021147236419541082
mean_context,43,2,44,0.10187222063541412,0.22486460208892822,-0.1229923814535141,0.1229923814535141,0.015127125895606719
mean_context,43,3,45,0.10187222063541412,0.24487626552581787,-0.14300404489040375,0.14300404489040375,0.02045015685501661
mean_context,43,4,46,0.10187222063541412,0.29195666313171387,-0.19008444249629974,0.19008444249629974,0.036132095279129084
mean_context,43,5,47,0.10187222063541412,0.2943735122680664,-0.19250129163265228,0.19250129163265228,0.037056747280239444
mean_context,44,1,44,0.1466992199420929,0.27083539962768555,-0.12413617968559265,0.12413617968559265,0.015409791106933746
mean_context,44,2,45,0.1466992199420929,0.24884116649627686,-0.10214194655418396,0.10214194655418396,0.010432977245877773
mean_context,44,3,46,0.1466992199420929,0.23158109188079834,-0.08488187193870544,0.08488187193870544,0.007204932183818791
mean_context,44,4,47,0.1466992199420929,0.21303880214691162,-0.06633958220481873,0.06633958220481873,0.004400940167109901
mean_context,44,5,48,0.1466992199420929,0.24085211753845215,-0.09415289759635925,0.09415289759635925,0.008864768125790512
mean_context,45,1,45,0.10381308943033218,0.1845794916152954,-0.08076640218496323,0.08076640218496323,0.006523211721903233
mean_context,45,2,46,0.10381308943033218,0.1752336025238037,-0.07142051309347153,0.07142051309347153,0.005100889690534738
mean_context,45,3,47,0.10381308943033218,0.1628037691116333,-0.05899067968130112,0.05899067968130112,0.0034799002892618724
mean_context,45,4,48,0.10381308943033218,0.19579434394836426,-0.09198125451803207,0.09198125451803207,0.008460551182710996
mean_context,45,5,49,0.10381308943033218,0.1878504753112793,-0.08403738588094711,0.08403738588094711,0.007062282225703209
mean_context,46,1,46,0.0441831611096859,0.1179966926574707,-0.0738135278224945,0.0738135278224945,0.005448436889602171
mean_context,46,2,47,0.0441831611096859,0.11712253093719482,-0.07293936610221863,0.07293936610221863,0.00532015112739348
mean_context,46,3,48,0.0441831611096859,0.07779037952423096,-0.03360721841454506,0.03360721841454506,0.0011294451295629365
mean_context,46,4,49,0.0441831611096859,0.08207321166992188,-0.03789005056023598,0.03789005056023598,0.0014356559314572387
mean_context,46,5,50,0.0441831611096859,0.08679306507110596,-0.04260990396142006,0.04260990396142006,0.0018156039156014409
mean_context,47,1,47,0.06351092457771301,0.10549569129943848,-0.041984766721725464,0.041984766721725464,0.001762720636677706
mean_context,47,2,48,0.06351092457771301,0.09109377861022949,-0.02758285403251648,0.02758285403251648,0.0007608138365791106
mean_context,47,3,49,0.06351092457771301,0.10735118389129639,-0.043840259313583374,0.043840259313583374,0.0019219683366822338
mean_context,47,4,50,0.06351092457771301,0.11786532402038574,-0.05435439944267273,0.05435439944267273,0.0029544007387736215
mean_context,47,5,51,0.06351092457771301,0.11318254470825195,-0.04967162013053894,0.04967162013053894,0.0024672698463925613
mean_context,48,1,48,0.04774479195475578,0.08144557476043701,-0.03370078280568123,0.03370078280568123,0.0011357427617156995
mean_context,48,2,49,0.04774479195475578,0.05464291572570801,-0.006898123770952225,0.006898123770952225,4.758411155937614e-05
mean_context,48,3,50,0.04774479195475578,0.04694783687591553,0.0007969550788402557,0.0007969550788402557,6.351373976892782e-07
mean_context,48,4,51,0.04774479195475578,0.029050588607788086,0.018694203346967697,0.018694203346967697,0.00034947323877777825
mean_context,48,5,52,0.04774479195475578,0.04374885559082031,0.003995936363935471,0.003995936363935471,1.596750742462183e-05
mean_context,49,1,49,0.09166889637708664,0.09354007244110107,-0.0018711760640144348,0.0018711760640144348,3.5012998625405523e-06
mean_context,49,2,50,0.09166889637708664,0.10258936882019043,-0.01092047244310379,0.01092047244310379,0.00011925671838058927
mean_context,49,3,51,0.09166889637708664,0.09470474720001221,-0.0030358508229255676,0.0030358508229255676,9.216390219057846e-06
mean_context,49,4,52,0.09166889637708664,0.1010662317276001,-0.009397335350513458,0.009397335350513458,8.83099116900099e-05
mean_context,49,5,53,0.09166889637708664,0.10653162002563477,-0.014862723648548126,0.014862723648548126,0.00022090055425311172
mean_context,50,1,50,0.08858636021614075,0.10216391086578369,-0.013577550649642944,0.013577550649642944,0.00018434988164361954
mean_context,50,2,51,0.08858636021614075,0.10624325275421143,-0.01765689253807068,0.01765689253807068,0.000311765854100976
mean_context,50,3,52,0.08858636021614075,0.11555516719818115,-0.026968806982040405,0.026968806982040405,0.0007273165500345513
mean_context,50,4,53,0.08858636021614075,0.12442350387573242,-0.035837143659591675,0.035837143659591675,0.0012843008656782118
mean_context,50,5,54,0.08858636021614075,0.0862894058227539,0.002296954393386841,0.002296954393386841,5.27599948529911e-06
mean_context,51,1,51,0.08027446269989014,0.11114990711212158,-0.030875444412231445,0.030875444412231445,0.000953293067652794
mean_context,51,2,52,0.08027446269989014,0.1274775266647339,-0.04720306396484375,0.04720306396484375,0.0022281292476691306
mean_context,51,3,53,0.08027446269989014,0.10687148571014404,-0.026597023010253906,0.026597023010253906,0.0007074016330079758
mean_context,51,4,54,0.08027446269989014,0.08766257762908936,-0.007388114929199219,0.007388114929199219,5.458424220705638e-05
mean_context,51,5,55,0.08027446269989014,0.09185373783111572,-0.011579275131225586,0.011579275131225586,0.0001340796125646193
mean_context,52,1,52,0.03928016498684883,0.04227244853973389,-0.0029922835528850555,0.0029922835528850555,8.953760860866411e-06
mean_context,52,2,53,0.03928016498684883,0.04277360439300537,-0.00349343940615654,0.00349343940615654,1.2204118884487358e-05
mean_context,52,3,54,0.03928016498684883,0.06516289710998535,-0.02588273212313652,0.02588273212313652,0.0006699158221580431
mean_context,52,4,55,0.03928016498684883,0.06867170333862305,-0.029391538351774216,0.029391538351774216,0.0008638625266838146
mean_context,52,5,56,0.03928016498684883,0.08270680904388428,-0.043426644057035446,0.043426644057035446,0.001885873414056452
mean_context,53,1,53,0.06332597136497498,0.10489630699157715,-0.04157033562660217,0.04157033562660217,0.0017280928041083499
mean_context,53,2,54,0.06332597136497498,0.12232232093811035,-0.058996349573135376,0.058996349573135376,0.0034805692629555907
mean_context,53,3,55,0.06332597136497498,0.10438621044158936,-0.04106023907661438,0.04106023907661438,0.0016859432330287305
mean_context,53,4,56,0.06332597136497498,0.08458006381988525,-0.02125409245491028,0.02125409245491028,0.000451736446081874
mean_context,53,5,57,0.06332597136497498,0.08458006381988525,-0.02125409245491028,0.02125409245491028,0.000451736446081874
mean_context,54,1,54,0.016281118616461754,0.03183937072753906,-0.015558252111077309,0.015558252111077309,0.00024205920875184153
mean_context,54,2,55,0.016281118616461754,0.06343698501586914,-0.04715586453676224,0.04715586453676224,0.0022236755602094704
mean_context,54,3,56,0.016281118616461754,0.06077706813812256,-0.044495947659015656,0.044495947659015656,0.001979889358073861
mean_context,54,4,57,0.016281118616461754,0.05054008960723877,-0.034258969128131866,0.034258969128131866,0.0011736769657222923
mean_context,54,5,58,0.016281118616461754,0.05424785614013672,-0.037966735661029816,0.037966735661029816,0.0014414730167545131
mean_context,55,1,55,-0.02088051848113537,0.008215785026550293,-0.02909630350768566,0.02909630350768566,0.0008465948778113609
mean_context,55,2,56,-0.02088051848113537,0.009145855903625488,-0.030026374384760857,0.030026374384760857,0.0009015831586938229
mean_context,55,3,57,-0.02088051848113537,0.01092839241027832,-0.03180891275405884,0.03180891275405884,0.001011806930595327
mean_context,55,4,58,-0.02088051848113537,-0.011083602905273438,-0.00979691557586193,0.00979691557586193,9.597955480056611e-05
mean_context,55,5,59,-0.02088051848113537,0.010308504104614258,-0.031189022585749626,0.031189022585749626,0.0009727551298544003
mean_context,56,1,56,-0.020024629309773445,0.02033364772796631,-0.040358275175094604,0.040358275175094604,0.0016287903751086574
mean_context,56,2,57,-0.020024629309773445,0.028017044067382812,-0.04804167151451111,0.04804167151451111,0.002308002201908188
mean_context,56,3,58,-0.020024629309773445,0.02017843723297119,-0.04020306468009949,0.04020306468009949,0.0016162864096722629
mean_context,56,4,59,-0.020024629309773445,0.03484666347503662,-0.05487129092216492,0.05487129092216492,0.003010858567464858
mean_context,56,5,60,-0.020024629309773445,0.04152107238769531,-0.06154569983482361,0.06154569983482361,0.0037878731681582067
mean_context,57,1,57,0.0006535142892971635,0.03234720230102539,-0.03169368952512741,0.03169368952512741,0.001004489955715171
mean_context,57,2,58,0.0006535142892971635,-0.0426824688911438,0.04333598166704178,0.04333598166704178,0.0018780073070461811
mean_context,57,3,59,0.0006535142892971635,-0.05112427473068237,0.05177778750658035,0.05177778750658035,0.0026809392790765885
mean_context,57,4,60,0.0006535142892971635,-0.06453651189804077,0.06519002467393875,0.06519002467393875,0.004249739316988743
mean_context,57,5,61,0.0006535142892971635,-0.06477314233779907,0.06542665511369705,0.06542665511369705,0.004280647199366661
mean_context,58,1,58,-0.011340036988258362,-0.07044017314910889,0.059100136160850525,0.059100136160850525,0.003492826094231072
mean_context,58,2,59,-0.011340036988258362,-0.0950668454170227,0.08372680842876434,0.08372680842876434,0.007010178449667004
mean_context,58,3,60,-0.011340036988258362,-0.10405755043029785,0.09271751344203949,0.09271751344203949,0.008596537298874773
mean_context,58,4,61,-0.011340036988258362,-0.11609727144241333,0.10475723445415497,0.10475723445415497,0.010974078170482793
mean_context,58,5,62,-0.011340036988258362,-0.08615434169769287,0.07481430470943451,0.07481430470943451,0.005597180189156115
mean_context,59,1,59,0.004315829370170832,-0.05898338556289673,0.06329921633005142,0.06329921633005142,0.004006790787998649
mean_context,59,2,60,0.004315829370170832,-0.04987215995788574,0.054187990725040436,0.054187990725040436,0.0029363383388170683
mean_context,59,3,61,0.004315829370170832,-0.04227942228317261,0.0465952530503273,0.0465952530503273,0.0021711176068240357
mean_context,59,4,62,0.004315829370170832,-0.04987215995788574,0.054187990725040436,0.054187990725040436,0.0029363383388170683
mean_context,59,5,63,0.004315829370170832,-0.036205291748046875,0.04052112251520157,0.04052112251520157,0.0016419613698919755
mean_context,60,1,60,0.000568946183193475,-0.03661656379699707,0.037185508757829666,0.037185508757829666,0.0013827620615786268
mean_context,60,2,61,0.000568946183193475,-0.03229933977127075,0.03286828473210335,0.03286828473210335,0.001080324141230618
mean_context,60,3,62,0.000568946183193475,-0.034058213233947754,0.03462715819478035,0.03462715819478035,0.001199040084646344
mean_context,60,4,63,0.000568946183193475,-0.032379329204559326,0.03294827416539192,0.03294827416539192,0.0010855887704778328
mean_context,60,5,64,0.000568946183193475,-0.05556446313858032,0.05613340809941292,0.05613340809941292,0.003150959504855236
drift,0,1,0,-0.024971759936306626,-0.012999951839447021,-0.011971808096859604,0.011971808096859604,0.00014332418910803317
drift,0,2,1,-0.025387955945916474,-0.002666652202606201,-0.022721303743310273,0.022721303743310273,0.0005162576437957654
drift,0,3,2,-0.025804151955526322,-0.030444443225860596,0.004640291270334274,0.004640291270334274,2.1532303073540466e-05
drift,0,4,3,-0.02622034796513617,-0.07566666603088379,0.04944631806574762,0.04944631806574762,0.0024449383702590793
drift,0,5,4,-0.02663654397474602,-0.06855553388595581,0.04191898991120979,0.04191898991120979,0.0017572017151761083
drift,1,1,1,-0.10027333837933838,-0.1205376386642456,0.020264300284907222,0.020264300284907222,0.0004106418660368909
drift,1,2,2,-0.1019445606507361,-0.03655916452407837,-0.06538539612665772,0.06538539612665772,0.004275250026639947
drift,1,3,3,-0.1036157829221338,-0.02569890022277832,-0.07791688269935548,0.07791688269935548,0.006071040609585122
drift,1,4,4,-0.10528700519353151,-0.0021504759788513184,-0.1031365292146802,0.1031365292146802,0.01063714365845058
drift,1,5,5,-0.10695822746492922,0.01860213279724121,-0.12556036026217043,0.12556036026217043,0.015765404069166027
drift,2,1,2,0.030860254308208823,0.02207958698272705,0.008780667325481772,0.008780667325481772,7.710011868078322e-05
drift,2,2,3,0.03137459186837077,-0.008157491683959961,0.03953208355233073,0.03953208355233073,0.001562785629988458
drift,2,3,4,0.03188892942853272,0.01392209529876709,0.01796683412976563,0.01796683412976563,0.0003228071286465111
drift,2,4,5,0.03240326698869467,0.005112051963806152,0.027291215024888515,0.027291215024888515,0.0007448104175347007
drift,2,5,6,0.032917604548856616,0.03165102005004883,0.001266584498807788,0.001266584498807788,1.6042362926201753e-06
drift,3,1,3,-0.026624485588399693,-0.025051355361938477,-0.0015731302264612168,0.0015731302264612168,2.4747387094059193e-06
drift,3,2,4,-0.02706822700565681,-0.016016483306884766,-0.011051743698772043,0.011051743698772043,0.00012214103878334755
drift,3,3,5,-0.027511968422913924,-0.02371668815612793,-0.003795280266785994,0.003795280266785994,1.4404152303455168e-05
drift,3,4,6,-0.02795570984017104,-0.022381961345672607,-0.005573748494498432,0.005573748494498432,3.1066672279923534e-05
drift,3,5,7,-0.028399451257428154,-0.013963043689727783,-0.014436407567700371,0.014436407567700371,0.00020840986346075654
drift,4,1,4,-0.03575769520830363,-0.02300584316253662,-0.01275185204576701,0.01275185204576701,0.00016260973059713227
drift,4,2,5,-0.036353656789287925,-0.021398425102233887,-0.014955231687054038,0.014955231687054038,0.00022365895481346517
drift,4,3,6,-0.03694961837027222,-0.007936537265777588,-0.02901308110449463,0.02901308110449463,0.0008417588751759834
drift,4,4,7,-0.037545579951256514,-0.002109706401824951,-0.03543587354943156,0.03543587354943156,0.0012557011342113034
drift,4,5,8,-0.03814154153224081,-0.00994575023651123,-0.028195791295729578,0.028195791295729578,0.0007950026467923398
drift,5,1,5,-0.04317980702035129,-0.03973954916000366,-0.0034402578603476286,0.0034402578603476286,1.1835374145683644e-05
drift,5,2,6,-0.04389947047457099,-0.05334240198135376,0.00944293150678277,0.00944293150678277,8.916895544179072e-05
drift,5,3,7,-0.04461913392879069,-0.06024092435836792,0.015621790429577231,0.015621790429577231,0.00024404033622563078
drift,5,4,8,-0.04533879738301039,-0.05994945764541626,0.014610660262405872,0.014610660262405872,0.00021347139330344603
drift,5,5,9,-0.046058460837230086,-0.06840264797210693,0.022344187134876847,0.022344187134876847,0.0004992626987183961
drift,6,1,6,-0.07741279515903443,-0.06696856021881104,-0.010444234940223396,0.010444234940223396,0.0001090820434865832
drift,6,2,7,-0.07870300835929811,-0.0715937614440918,-0.007109246915206313,0.007109246915206313,5.054139170137048e-05
drift,6,3,8,-0.07999322155956179,-0.053382158279418945,-0.026611063280142844,0.026611063280142844,0.0007081486888997668
drift,6,4,9,-0.08128343475982547,-0.05453842878341675,-0.02674500597640872,0.02674500597640872,0.0007152953446781382
drift,6,5,10,-0.08257364796008915,-0.05762183666229248,-0.024951811297796667,0.024951811297796667,0.0006225928870408534
drift,7,1,7,0.0011451365589891793,-0.012897968292236328,0.014043104851225507,0.014043104851225507,0.0001972087938625134
drift,7,2,8,0.001164222168881679,-0.01801621913909912,0.0191804413079808,0.0191804413079808,0.0003678893287688962
drift,7,3,9,0.0011833077787741786,-0.013819277286529541,0.01500258506530372,0.01500258506530372,0.00022507755864167422
drift,7,4,10,0.0012023933886666782,-0.0011259913444519043,0.0023283847331185825,0.0023283847331185825,5.421375465419693e-06
drift,7,5,11,0.0012214789985591779,-0.004606425762176514,0.0058279047607356915,0.0058279047607356915,3.3964473900205735e-05
drift,8,1,8,0.024307420710101724,0.022428154945373535,0.0018792657647281885,0.0018792657647281885,3.531639814479423e-06
drift,8,2,9,0.02471254440024495,0.03948616981506348,-0.014773625414818525,0.014773625414818525,0.00021826000789737184
drift,8,3,10,0.02511766809038818,0.050542235374450684,-0.025424567284062505,0.025424567284062505,0.0006464086215818215
drift,8,4,11,0.025522791780531406,0.052753567695617676,-0.02723077591508627,0.02723077591508627,0.0007415151569376425
drift,8,5,12,0.025927915470674634,0.0461198091506958,-0.020191893680021167,0.020191893680021167,0.00040771257038527874
drift,9,1,9,0.13851618370972574,0.12031102180480957,0.018205161904916167,0.018205161904916167,0.00033142791998421085
drift,9,2,10,0.14082478685304523,0.11470723152160645,0.02611755533143878,0.02611755533143878,0.0006821266964907662
drift,9,3,11,0.1431333899963647,0.1144784688949585,0.028654921101406217,0.028654921101406217,0.0008211045033278152
drift,9,4,12,0.1454419931396842,0.11299169063568115,0.03245030250400305,0.03245030250400305,0.0010530221326013065
drift,9,5,13,0.1477505962830037,0.09560847282409668,0.05214212345890701,0.05214212345890701,0.0027188010388039005
drift,10,1,10,0.12131161615252495,0.1079566478729248,0.013354968279600143,0.013354968279600143,0.00017835517774912601
drift,10,2,11,0.12333347648382187,0.10339999198913574,0.019933484494686127,0.019933484494686127,0.00039734380409989223
drift,10,3,12,0.1253553368151188,0.10164749622344971,0.023707840591669083,0.023707840591669083,0.0005620617055199922
drift,10,4,13,0.1273771971464157,0.1011800765991211,0.026197120547294617,0.026197120547294617,0.0006862891249694858
drift,10,5,14,0.12939905747771263,0.11099433898925781,0.01840471848845482,0.01840471848845482,0.00033873366263927063
drift,11,1,11,0.12393915047869086,0.1340254545211792,-0.010086304042488337,0.010086304042488337,0.00010173352923751656
drift,11,2,12,0.12600480299443007,0.1546720266342163,-0.028667223639786243,0.028667223639786243,0.0008218097112135192
drift,11,3,13,0.12807045551016927,0.15620577335357666,-0.028135317843407393,0.028135317843407393,0.0007915961101495584
drift,11,4,14,0.13013610802590847,0.1474752426147461,-0.017339134588837624,0.017339134588837624,0.00030064558828982527
drift,11,5,15,0.13220176054164767,0.13284564018249512,-0.0006438796408474445,0.0006438796408474445,4.1458099189783416e-07
drift,12,1,12,0.08231296378653497,0.09501290321350098,-0.012699939426966012,0.012699939426966012,0.0001612884614486058
drift,12,2,13,0.08368484652601182,0.1007542610168457,-0.01706941449083388,0.01706941449083388,0.0002913649110598896
drift,12,3,14,0.08505672926548868,0.10593259334564209,-0.020875864080153406,0.020875864080153406,0.0004358017010930392
drift,12,4,15,0.08642861200496554,0.09884047508239746,-0.012411863077431917,0.012411863077431917,0.0001540543450529177
drift,12,5,16,0.0878004947444424,0.1072835922241211,-0.01948309747967869,0.01948309747967869,0.0003795910874026621
drift,13,1,13,0.20602577831596136,0.21469616889953613,-0.008670390583574772,0.008670390583574772,7.517567287174207e-05
drift,13,2,14,0.20945954136550426,0.18706440925598145,0.02239513210952282,0.02239513210952282,0.00050154194220298
drift,13,3,15,0.21289330441504717,0.1836409568786621,0.02925234753638506,0.02925234753638506,0.000855699836389453
drift,13,4,16,0.21632706746459007,0.1597994565963745,0.05652761086821556,0.05652761086821556,0.003195370790468402
drift,13,5,17,0.21976083051413298,0.1541752815246582,0.06558554898947477,0.06558554898947477,0.0043014642362507955
drift,14,1,14,0.004653526564652566,0.019261479377746582,-0.014607952813094016,0.014607952813094016,0.00021339228538958137
drift,14,2,15,0.004731085340608843,0.015111207962036133,-0.01038012262142729,0.01038012262142729,0.00010774694563586656
drift,14,3,16,0.0048086441165651195,0.012557148933410645,-0.007748504816845525,0.007748504816845525,6.0039326896678305e-05
drift,14,4,17,0.004886202892521396,0.01191866397857666,-0.007032461086055264,0.007032461086055264,4.945550892688158e-05
drift,14,5,18,0.004963761668477673,0.011493086814880371,-0.006529325146402698,0.006529325146402698,4.2632086867446614e-05
drift,15,1,15,0.0009638980282034026,0.007476806640625,-0.006512908612421597,0.006512908612421597,4.241797859375542e-05
drift,15,2,16,0.0009799629951885436,0.009372353553771973,-0.008392390558583429,0.008392390558583429,7.043221928780029e-05
drift,15,3,17,0.0009960279621736845,0.007582187652587891,-0.006586159690414206,0.006586159690414206,4.337749946763695e-05
drift,15,4,18,0.0010120929291588254,0.017270445823669434,-0.016258352894510608,0.016258352894510608,0.0002643340388424415
drift,15,5,19,0.0010281578961439664,0.026432156562805176,-0.02540399866666121,0.02540399866666121,0.0006453631482557245
drift,16,1,16,0.0023005776492937002,0.00370180606842041,-0.00140122841912671,0.00140122841912671,1.9634410825683386e-06
drift,16,2,17,0.0023389206107822247,0.01110541820526123,-0.008766497594479006,0.008766497594479006,7.68514800740062e-05
drift,16,3,18,0.002377263572270749,0.0034960508346557617,-0.0011187872623850126,0.0011187872623850126,1.251684938474951e-06
drift,16,4,19,0.0024156065337592736,0.0075064897537231445,-0.005090883219963871,0.005090883219963871,2.591709195930971e-05
drift,16,5,20,0.002453949495247798,0.012750625610351562,-0.010296676115103764,0.010296676115103764,0.00010602153901934835
drift,17,1,17,-0.003498631009279052,0.007689952850341797,-0.011188583859620849,0.011188583859620849,0.00012518440878376817
drift,17,2,18,-0.003556941526767332,0.00485682487487793,-0.008413766401645262,0.008413766401645262,7.079146506145466e-05
drift,17,3,19,-0.0036152520442556124,0.04583632946014404,-0.049451581504399655,0.049451581504399655,0.0024454589132862823
drift,17,4,20,-0.0036735625617438927,0.04340791702270508,-0.04708147958444897,0.04708147958444897,0.0022166657198608854
drift,17,5,21,-0.003731873079232173,0.04958009719848633,-0.0533119702777185,0.0533119702777185,0.0028421661748923408
drift,18,1,18,0.0724666805472225,0.07332432270050049,-0.0008576421532779932,0.0008576421532779932,7.355500630793128e-07
drift,18,2,19,0.07367445854470134,0.07012295722961426,0.00355150131508708,0.00355150131508708,1.2613161591065259e-05
drift,18,3,20,0.07488223654218018,0.042961835861206055,0.031920400680974126,0.031920400680974126,0.0010189119796339334
drift,18,4,21,0.07609001453965902,0.04151606559753418,0.034573948942124844,0.034573948942124844,0.0011953579454526556
drift,18,5,22,0.07729779253713787,0.03273773193359375,0.044560060603544116,0.044560060603544116,0.0019855990009915244
drift,19,1,19,0.03764912235783413,0.0442807674407959,-0.006631645082961768,0.006631645082961768,4.3978716506371e-05
drift,19,2,20,0.038276607752777636,0.0503993034362793,-0.01212269568350166,0.01212269568350166,0.0001469597506347898
drift,19,3,21,0.03890409314772114,0.06367313861846924,-0.024769045470748097,0.024769045470748097,0.0006135056135319868
drift,19,4,22,0.03953157854266465,0.015866398811340332,0.023665179731324315,0.023665179731324315,0.0005600407317158832
drift,19,5,23,0.04015906393760815,0.004148125648498535,0.03601093828910962,0.03601093828910962,0.001296787676462061
drift,20,1,20,-0.0028277453711780254,-0.010607600212097168,0.007779854840919143,0.007779854840919143,6.052614134577302e-05
drift,20,2,21,-0.0028748744589393027,-0.010813534259796143,0.00793865980085684,0.00793865980085684,6.302231943374036e-05
drift,20,3,22,-0.00292200354670058,-0.010504603385925293,0.007582599839224713,0.007582599839224713,5.749582032181064e-05
drift,20,4,23,-0.0029691326344618574,-0.010195672512054443,0.007226539877592586,0.007226539877592586,5.222287860243587e-05
drift,20,5,24,-0.0030162617222231347,-0.0012357831001281738,-0.0017804786220949609,0.0017804786220949609,3.1701041237371704e-06
drift,21,1,21,-0.010173603644943796,-0.001122891902923584,-0.009050711742020212,0.009050711742020212,8.191538303714255e-05
drift,21,2,22,-0.01034316371078603,0.015108227729797363,-0.025451391440583393,0.025451391440583393,0.0006477733262618016
drift,21,3,23,-0.010512723776628263,0.030318498611450195,-0.04083122238807846,0.04083122238807846,0.0016671887217047196
drift,21,4,24,-0.010682283842470497,0.026031017303466797,-0.036713301145937294,0.036713301145937294,0.0013478664810322807
drift,21,5,25,-0.01085184390831273,0.04409968852996826,-0.05495153243828099,0.05495153243828099,0.0030196709173154483
drift,22,1,22,0.07989309600088745,0.0786670446395874,0.0012260513613000512,0.0012260513613000512,1.5032019405457087e-06
drift,22,2,23,0.08122464758343995,0.05884218215942383,0.022382465424016118,0.022382465424016118,0.000500974758457277
drift,22,3,24,0.08255619916599244,0.08246338367462158,9.281549137085676e-05,9.281549137085676e-05,8.614715438413586e-09
drift,22,4,25,0.08388775074854493,0.09132122993469238,-0.007433479186147451,0.007433479186147451,5.5256612810887376e-05
drift,22,5,26,0.08521930233109742,0.09343039989471436,-0.008211097563616931,0.008211097563616931,6.742212319923591e-05
drift,23,1,23,0.08009057934395969,0.07594668865203857,0.004143890691921115,0.004143890691921115,1.7171830066590457e-05
drift,23,2,24,0.0814254223369062,0.08478975296020508,-0.0033643306232988834,0.0033643306232988834,1.1318720542866654e-05
drift,23,3,25,0.0827602653298527,0.0778193473815918,0.004940917948260903,0.004940917948260903,2.4412670171446735e-05
drift,23,4,26,0.0840951083227992,0.06460678577423096,0.01948832254856825,0.01948832254856825,0.00037979471575703364
drift,23,5,27,0.08542995131574571,0.06970453262329102,0.015725418692454696,0.015725418692454696,0.00024728879305300355
drift,24,1,24,0.0580248186015524,0.05397343635559082,0.004051382245961577,0.004051382245961577,1.641369810289267e-05
drift,24,2,25,0.05899189889896661,0.05613243579864502,0.002859463100321591,0.002859463100321591,8.176529222100765e-06
drift,24,3,26,0.059958979196380824,0.05942225456237793,0.0005367246340028942,0.0005367246340028942,2.880733327455407e-07
drift,24,4,27,0.06092605949379504,0.06055319309234619,0.00037286640144884586,0.00037286640144884586,1.3902935332941188e-07
drift,24,5,28,0.06189313979120925,0.0597306489944458,0.00216249079676345,0.00216249079676345,4.67636644608662e-06
drift,25,1,25,0.03818035125732422,0.03734266757965088,0.0008376836776733398,0.0008376836776733398,7.017139438403319e-07
drift,25,2,26,0.03881669044494629,0.026270747184753418,0.012545943260192871,0.012545943260192871,0.00015740069228797893
drift,25,3,27,0.03945302963256836,0.023653745651245117,0.015799283981323242,0.015799283981323242,0.0002496173743224972
drift,25,4,28,0.04008936882019043,0.027377963066101074,0.012711405754089355,0.012711405754089355,0.00016157983624509598
drift,25,5,29,0.0407257080078125,0.03371918201446533,0.007006525993347168,0.007006525993347168,4.909140649544952e-05
drift,26,1,26,0.07347349391784519,0.07788681983947754,-0.0044133259216323495,0.0044133259216323495,1.9477445690552027e-05
drift,26,2,27,0.07469805213622749,0.07433700561523438,0.0003610465209931135,0.0003610465209931135,1.3035459032123076e-07
drift,26,3,28,0.07592261035460979,0.06253910064697266,0.013383509707637131,0.013383509707637131,0.00017911833209441734
drift,26,4,29,0.07714716857299209,0.0632699728012085,0.01387719577178359,0.01387719577178359,0.00019257656248840836
drift,26,5,30,0.07837172679137439,0.06619346141815186,0.01217826537322253,0.01217826537322253,0.0001483101475006309
drift,27,1,27,0.06856199039611965,0.12062299251556396,-0.05206100211944431,0.05206100211944431,0.002710347941680785
drift,27,2,28,0.06970469024963677,0.1396467685699463,-0.06994207832030952,0.06994207832030952,0.004891894319764311
drift,27,3,29,0.07084739010315388,0.11288809776306152,-0.04204070765990764,0.04204070765990764,0.0017674211005458168
drift,27,4,30,0.071990089956671,0.12605834007263184,-0.054068250115960836,0.054068250115960836,0.002923375670602099
drift,27,5,31,0.07313278981018811,0.11895060539245605,-0.04581781558226794,0.04581781558226794,0.002099272224730715
drift,28,1,28,0.09835057344753295,0.08820819854736328,0.01014237490016967,0.01014237490016967,0.00010286776861559174
drift,28,2,29,0.0999897497240454,0.0976334810256958,0.002356268698349595,0.002356268698349595,5.552002178822095e-06
drift,28,3,30,0.10162892600055784,0.0947648286819458,0.006864097318612039,0.006864097318612039,4.7115831999376985e-05
drift,28,4,31,0.10326810227707028,0.08769595623016357,0.01557214604690671,0.01557214604690671,0.00024249173250619226
drift,28,5,32,0.10490727855358273,0.07027971744537354,0.03462756110820919,0.03462756110820919,0.001199067988302762
drift,29,1,29,0.04983150353655219,0.035947442054748535,0.013884061481803656,0.013884061481803656,0.00019276716323050392
drift,29,2,30,0.05066202860325575,0.028818130493164062,0.021843898110091686,0.021843898110091686,0.00047715588464406714
drift,29,3,31,0.05149255366995931,0.026508808135986328,0.02498374553397298,0.02498374553397298,0.0006241875409063148
drift,29,4,32,0.052323078736662865,0.01596546173095703,0.03635761700570583,0.03635761700570583,0.00132187631433359
drift,29,5,33,0.05315360380336642,0.02008235454559326,0.03307124925777316,0.03307124925777316,0.0010937075274697618
drift,30,1,30,-0.022896790906088427,-0.0159723162651062,-0.0069244746409822255,0.0069244746409822255,4.794834905360592e-05
drift,30,2,31,-0.023278404085431248,-0.023669779300689697,0.0003913752152584493,0.0003913752152584493,1.5317455911859754e-07
drift,30,3,32,-0.02366001726477407,-0.021649181842803955,-0.002010835421970114,0.002010835421970114,4.043459094249727e-06
drift,30,4,33,-0.02404163044411689,-0.012893319129943848,-0.011148311314173043,0.011148311314173043,0.0001242848451577187
drift,30,5,34,-0.02442324362345971,-0.014529049396514893,-0.009894194226944819,0.009894194226944819,9.789507940050819e-05
drift,31,1,31,0.017369924957165495,0.02720963954925537,-0.009839714592089877,0.009839714592089877,9.681998325378645e-05
drift,31,2,32,0.0176594236982055,0.02720963954925537,-0.00955021585104987,0.00955021585104987,9.12066228016442e-05
drift,31,3,33,0.017948922439245507,0.01827216148376465,-0.0003232390445191413,0.0003232390445191413,1.0448347990164742e-07
drift,31,4,34,0.018238421180285513,0.017676353454589844,0.0005620677256956697,0.0005620677256956697,3.1592012826870254e-07
drift,31,5,35,0.01852791992132552,0.02234363555908203,-0.0038157156377565116,0.0038157156377565116,1.4559685828219581e-05
drift,32,1,32,0.07282818772364408,0.055376291275024414,0.017451896448619664,0.017451896448619664,0.0003045686896533436
drift,32,2,33,0.07404199079610407,0.047257184982299805,0.02678480581380427,0.02678480581380427,0.0007174258224832029
drift,32,3,34,0.07525579386856407,0.11491620540618896,-0.039660411537624896,0.039660411537624896,0.00157294824333377
drift,32,4,35,0.07646959694102407,0.0962839126586914,-0.01981431571766734,0.01981431571766734,0.00039260710735939904
drift,32,5,36,0.07768340001348406,0.08316850662231445,-0.005485106608830392,0.005485106608830392,3.0086394510234847e-05
drift,33,1,33,0.06454019225202501,0.09351050853729248,-0.028970316285267472,0.028970316285267472,0.0008392792256684338
drift,33,2,34,0.06561586214229465,0.11497187614440918,-0.049356014002114534,0.049356014002114534,0.0024360161181769258
drift,33,3,35,0.06669153203256428,0.12938177585601807,-0.06269024382345378,0.06269024382345378,0.003930066670644086
drift,33,4,36,0.06776720192283392,0.13980579376220703,-0.07203859183937311,0.07203859183937311,0.005189558714199794
drift,33,5,37,0.06884287181310356,0.14879918098449707,-0.07995630917139351,0.07995630917139351,0.006393011376311467
drift,34,1,34,0.10061126644723117,0.11848664283752441,-0.01787537639029324,0.01787537639029324,0.000319529081094653
drift,34,2,35,0.10228812089189887,0.12269032001495361,-0.020402199123054743,0.020402199123054743,0.0004162497290567757
drift,34,3,36,0.10396497533656657,0.12532997131347656,-0.021364995976909995,0.021364995976909995,0.0004564630530933803
drift,34,4,37,0.10564182978123426,0.1101769208908081,-0.004535091109573841,0.004535091109573841,2.0567051372135693e-05
drift,34,5,38,0.10731868422590196,0.12484109401702881,-0.017522409791126847,0.017522409791126847,0.000307034844888178
drift,35,1,35,0.11445837502833456,0.09437251091003418,0.02008586411830038,0.02008586411830038,0.0004034419373788266
drift,35,2,36,0.1163660145830363,0.11699867248535156,-0.000632657902315259,0.000632657902315259,4.002560213619438e-07
drift,35,3,37,0.11827365413773805,0.12840843200683594,-0.010134777869097888,0.010134777869097888,0.00010271372245595634
drift,35,4,38,0.1201812936924398,0.12927865982055664,-0.009097366128116846,0.009097366128116846,8.27620704690077e-05
drift,35,5,39,0.12208893324714154,0.11603176593780518,0.006057167309336364,0.006057167309336364,3.668927581329313e-05
drift,36,1,36,0.1279617971740663,0.12817013263702393,-0.00020833546295762062,0.00020833546295762062,4.3403665125766114e-08
drift,36,2,37,0.13009449373930693,0.12007415294647217,0.010020340792834759,0.010020340792834759,0.00010040722960454832
drift,36,3,38,0.13222719030454755,0.11548972129821777,0.016737469006329775,0.016737469006329775,0.0002801428687378498
drift,36,4,39,0.13435988686978817,0.09832227230072021,0.036037614569067955,0.036037614569067955,0.001298709663828699
drift,36,5,40,0.1364925834350288,0.08174014091491699,0.0547524425201118,0.0547524425201118,0.0029978299619181467
drift,37,1,37,0.07736157567705959,0.08296144008636475,-0.005599864409305155,0.005599864409305155,3.1358481402602576e-05
drift,37,2,38,0.07865093532018363,0.08422279357910156,-0.005571858258917928,0.005571858258917928,3.104560445747192e-05
drift,37,3,39,0.07994029496330768,0.0918881893157959,-0.01194789435248822,0.01194789435248822,0.00014275217945821988
drift,37,4,40,0.08122965460643172,0.08596932888031006,-0.004739674273878336,0.004739674273878336,2.246451222246413e-05
drift,37,5,41,0.08251901424955577,0.08102083206176758,0.0014981821877881885,0.0014981821877881885,2.2445498678058028e-06
drift,38,1,38,0.08047730231191963,0.09221231937408447,-0.011735017062164843,0.011735017062164843,0.00013771062544929997
drift,38,2,39,0.08181859063915908,0.09172797203063965,-0.009909381391480565,0.009909381391480565,9.81958395618213e-05
drift,38,3,40,0.08315987896639854,0.10751640796661377,-0.024356529000215232,0.024356529000215232,0.0005932405049383256
drift,38,4,41,0.08450116729363799,0.09182488918304443,-0.007323721889406443,0.007323721889406443,5.3636902313371074e-05
drift,38,5,42,0.08584245562087744,0.0952150821685791,-0.009372626547701657,0.009372626547701657,8.784612840268188e-05
drift,39,1,39,0.05558555410243571,0.06827723979949951,-0.012691685697063804,0.012691685697063804,0.00016107888583305393
drift,39,2,40,0.0565119800157845,0.1003638505935669,-0.04385187057778239,0.04385187057778239,0.001922986553170577
drift,39,3,41,0.057438405929133296,0.12265646457672119,-0.0652180586475879,0.0652180586475879,0.004253395173760215
drift,39,4,42,0.05836483184248209,0.11967170238494873,-0.06130687054246664,0.06130687054246664,0.003758532375710764
drift,39,5,43,0.059291257755830884,0.11183655261993408,-0.0525452948641032,0.0525452948641032,0.00276100801235555
drift,40,1,40,0.12427035020664334,0.1269063949584961,-0.0026360447518527508,0.0026360447518527508,6.9487319337704304e-06
drift,40,2,41,0.1263415226712823,0.11758613586425781,0.008755386807024479,0.008755386807024479,7.66567981406183e-05
drift,40,3,42,0.12841269513592124,0.12370550632476807,0.0047071888111531734,0.0047071888111531734,2.2157626503845626e-05
drift,40,4,43,0.1304838676005602,0.10930144786834717,0.02118241973221302,0.02118241973221302,0.0004486949057116475
drift,40,5,44,0.13255504006519914,0.10836005210876465,0.02419498795643449,0.02419498795643449,0.0005853974422120099
drift,41,1,41,0.14351836708374321,0.14025402069091797,0.003264346392825246,0.003264346392825246,1.0655957372351194e-05
drift,41,2,42,0.14591033989563584,0.1334691047668457,0.01244123512879014,0.01244123512879014,0.00015478433152984182
drift,41,3,43,0.14830231270752847,0.12988269329071045,0.018419619416818023,0.018419619416818023,0.0003392823794604195
drift,41,4,44,0.1506942855194211,0.1380246877670288,0.012669597752392292,0.012669597752392292,0.00016051870720742382
drift,41,5,45,0.15308625833131373,0.15479302406311035,-0.0017067657317966223,0.0017067657317966223,2.9130492632352596e-06
drift,42,1,42,0.16775135276839137,0.21306347846984863,-0.04531212570145726,0.04531212570145726,0.0020531887355846636
drift,42,2,43,0.17054720874875784,0.24875330924987793,-0.07820610050112009,0.07820610050112009,0.006116194155591296
drift,42,3,44,0.1733430647291243,0.25158894062042236,-0.07824587589129806,0.07824587589129806,0.006122417093996418
drift,42,4,45,0.17613892070949078,0.2412242889404297,-0.06508536823093891,0.06508536823093891,0.004236105157756912
drift,42,5,46,0.17893477668985724,0.28268301486968994,-0.1037482381798327,0.1037482381798327,0.010763696925419295
drift,43,1,43,0.272719981148839,0.2472931146621704,0.025426866486668587,0.025426866486668587,0.0006465255393308701
drift,43,2,44,0.2772653140127659,0.22486460208892822,0.05240071192383766,0.05240071192383766,0.0027458346101250225
drift,43,3,45,0.28181064687669277,0.24487626552581787,0.0369343813508749,0.0369343813508749,0.0013641485257718557
drift,43,4,46,0.28635597974061966,0.29195666313171387,-0.005600683391094208,0.005600683391094208,3.1367654447278515e-05
drift,43,5,47,0.29090131260454655,0.2943735122680664,-0.0034721996635198593,0.0034721996635198593,1.2056170503347424e-05
drift,44,1,44,0.32597743859514594,0.27083539962768555,0.055142038967460394,0.055142038967460394,0.0030406444614889208
drift,44,2,45,0.33141039591282606,0.24884116649627686,0.0825692294165492,0.0825692294165492,0.006817677646442735
drift,44,3,46,0.3368433532305062,0.23158109188079834,0.10526226134970784,0.10526226134970784,0.011080143664454197
drift,44,4,47,0.3422763105481863,0.21303880214691162,0.12923750840127468,0.12923750840127468,0.016702333577769544
drift,44,5,48,0.3477092678658664,0.24085211753845215,0.10685715032741427,0.10685715032741427,0.011418450576095612
drift,45,1,45,0.1787739284336567,0.1845794916152954,-0.005805563181638718,0.005805563181638718,3.370456385599907e-05
drift,45,2,46,0.1817534938454628,0.1752336025238037,0.006519891321659088,0.006519891321659088,4.250898284624549e-05
drift,45,3,47,0.1847330592572689,0.1628037691116333,0.021929290145635605,0.021929290145635605,0.00048089376629147085
drift,45,4,48,0.187712624669075,0.19579434394836426,-0.008081719279289246,0.008081719279289246,6.531418650923548e-05
drift,45,5,49,0.19069219008088112,0.1878504753112793,0.002841714769601822,0.002841714769601822,8.075342831773136e-06
drift,46,1,46,0.11279679962899536,0.1179966926574707,-0.005199893028475344,0.005199893028475344,2.7038887507586487e-05
drift,46,2,47,0.11467674630694091,0.11712253093719482,-0.002445784630253911,0.002445784630253911,5.98186245758626e-06
drift,46,3,48,0.11655669298488647,0.07779037952423096,0.03876631346065551,0.03876631346065551,0.0015028270593298006
drift,46,4,49,0.11843663966283202,0.08207321166992188,0.03636342799291015,0.03636342799291015,0.0013222988953955613
drift,46,5,50,0.12031658634077758,0.08679306507110596,0.03352352126967162,0.03352352126967162,0.0011238264783181254
drift,47,1,47,0.10027521743904799,0.10549569129943848,-0.005220473860390484,0.005220473860390484,2.7253347327020326e-05
drift,47,2,48,0.10194647102616727,0.09109377861022949,0.010852692415937781,0.010852692415937781,0.00011778093267495344
drift,47,3,49,0.10361772461328655,0.10735118389129639,-0.003733459278009832,0.003733459278009832,1.3938718180557695e-05
drift,47,4,50,0.10528897820040584,0.11786532402038574,-0.012576345819979906,0.012576345819979906,0.00015816447418372606
drift,47,5,51,0.10696023178752512,0.11318254470825195,-0.006222312920726836,0.006222312920726836,3.8717178083444125e-05
drift,48,1,48,0.09082729532383382,0.08144557476043701,0.009381720563396811,0.009381720563396811,8.801668072966259e-05
drift,48,2,49,0.09234108356758952,0.05464291572570801,0.037698167841881514,0.037698167841881514,0.0014211518586346695
drift,48,3,50,0.09385487181134522,0.04694783687591553,0.04690703493542969,0.04690703493542969,0.0022002699264336216
drift,48,4,51,0.09536866005510092,0.029050588607788086,0.06631807144731283,0.06631807144731283,0.0043980866004908895
drift,48,5,52,0.09688244829885662,0.04374885559082031,0.053133592708036304,0.053133592708036304,0.0028231786740634886
drift,49,1,49,0.08300700434483588,0.09354007244110107,-0.010533068096265197,0.010533068096265197,0.00011094552352055974
drift,49,2,50,0.08439045445993543,0.10258936882019043,-0.018198914360255003,0.018198914360255003,0.00033120048389189576
drift,49,3,51,0.08577390457503498,0.09470474720001221,-0.008930842624977231,0.008930842624977231,7.97599499921102e-05
drift,49,4,52,0.08715735469013453,0.1010662317276001,-0.013908877037465572,0.013908877037465572,0.00019345686044333708
drift,49,5,53,0.08854080480523407,0.10653162002563477,-0.01799081522040069,0.01799081522040069,0.00032366943229460117
drift,50,1,50,0.09686090180184692,0.10216391086578369,-0.00530300906393677,0.00530300906393677,2.8121905132195537e-05
drift,50,2,51,0.09847525018267334,0.10624325275421143,-0.007768002571538091,0.007768002571538091,6.034186395142239e-05
drift,50,3,52,0.10008959856349975,0.11555516719818115,-0.015465568634681404,0.015465568634681404,0.00023918381319404123
drift,50,4,53,0.10170394694432616,0.12442350387573242,-0.02271955693140626,0.02271955693140626,0.0005161782671594102
drift,50,5,54,0.10331829532515258,0.0862894058227539,0.01702888950239867,0.01702888950239867,0.0002899830776849036
drift,51,1,51,0.0706793898716569,0.11114990711212158,-0.04047051724046469,0.04047051724046469,0.0016378627657107495
drift,51,2,52,0.0718573797494173,0.1274775266647339,-0.05562014691531658,0.05562014691531658,0.0030936007428814007
drift,51,3,53,0.07303536962717772,0.10687148571014404,-0.03383611608296633,0.03383611608296633,0.0011448827515799726
drift,51,4,54,0.07421335950493813,0.08766257762908936,-0.01344921812415123,0.01344921812415123,0.00018088146815099793
drift,51,5,55,0.07539134938269854,0.09185373783111572,-0.016462388448417187,0.016462388448417187,0.00027101023342657963
drift,52,1,52,0.04545268364017829,0.04227244853973389,0.0031802351004444063,0.0031802351004444063,1.0113895294098643e-05
drift,52,2,53,0.04621022834908217,0.04277360439300537,0.003436623956076801,0.003436623956076801,1.1810384215480961e-05
drift,52,3,54,0.04696777305798605,0.06516289710998535,-0.0181951240519993,0.0181951240519993,0.0003310625392676435
drift,52,4,55,0.04772531776688993,0.06867170333862305,-0.020946385571733117,0.020946385571733117,0.0004387510685197093
drift,52,5,56,0.04848286247579381,0.08270680904388428,-0.03422394656809047,0.03422394656809047,0.0011712785186955114
drift,53,1,53,0.10338936827611178,0.10489630699157715,-0.0015069387154653668,0.0015069387154653668,2.27086429216841e-06
drift,53,2,54,0.10511252447031438,0.12232232093811035,-0.017209796467795968,0.017209796467795968,0.0002961770944629626
drift,53,3,55,0.10683568066451699,0.10438621044158936,0.00244947022292763,0.00244947022292763,5.999904373009133e-06
drift,53,4,56,0.10855883685871959,0.08458006381988525,0.023978773038834333,0.023978773038834333,0.0005749815564479283
drift,53,5,57,0.11028199305292219,0.08458006381988525,0.025701929233036935,0.025701929233036935,0.0006605891663000386
drift,54,1,54,0.028936216374859214,0.03183937072753906,-0.0029031543526798487,0.0029031543526798487,8.428305195483951e-06
drift,54,2,55,0.029418486636132002,0.06343698501586914,-0.03401849837973714,0.03401849837973714,0.0011572582320121783
drift,54,3,56,0.02990075689740479,0.06077706813812256,-0.03087631124071777,0.03087631124071777,0.0009533465958336745
drift,54,4,57,0.030383027158677578,0.05054008960723877,-0.02015706244856119,0.02015706244856119,0.0004063071665551957
drift,54,5,58,0.030865297419950366,0.05424785614013672,-0.023382558720186353,0.023382558720186353,0.0005467440523029629
drift,55,1,55,0.013951244996860623,0.008215785026550293,0.00573545997031033,0.00573545997031033,3.2895501071032176e-05
drift,55,2,56,0.01418376574292779,0.009145855903625488,0.005037909839302301,0.005037909839302301,2.538053554893894e-05
drift,55,3,57,0.014416286488994956,0.01092839241027832,0.0034878940787166357,0.0034878940787166357,1.2165405104346569e-05
drift,55,4,58,0.014648807235062122,-0.011083602905273438,0.02573241014033556,0.02573241014033556,0.0006621569316304443
drift,55,5,59,0.014881327981129289,0.010308504104614258,0.004572823876515031,0.004572823876515031,2.0910718205625954e-05
drift,56,1,56,0.01183881597535219,0.02033364772796631,-0.008494831752614118,0.008494831752614118,7.216216650522105e-05
drift,56,2,57,0.012036129570333287,0.028017044067382812,-0.015980914497049525,0.015980914497049525,0.00025538962816200767
drift,56,3,58,0.012233443165314384,0.02017843723297119,-0.007944994067656808,0.007944994067656808,6.312293073510186e-05
drift,56,4,59,0.01243075676029548,0.03484666347503662,-0.02241590671474114,0.02241590671474114,0.000502472873843977
drift,56,5,60,0.012628070355276577,0.04152107238769531,-0.028893002032418735,0.028893002032418735,0.0008348055664453532
drift,57,1,57,0.05977331579197198,0.03234720230102539,0.02742611349094659,0.02742611349094659,0.0007521917012182826
drift,57,2,58,0.06076953769661486,-0.0426824688911438,0.10345200658775866,0.10345200658775866,0.010702317667033662
drift,57,3,59,0.06176575960125774,-0.05112427473068237,0.11289003433194011,0.11289003433194011,0.012744159851466617
drift,57,4,60,0.06276198150590062,-0.06453651189804077,0.1272984934039414,0.1272984934039414,0.01620490642291331
drift,57,5,61,0.0637582034105435,-0.06477314233779907,0.12853134574834257,0.12853134574834257,0.01652030683987998
drift,58,1,58,-0.07449624896980822,-0.07044017314910889,-0.004056075820699334,0.004056075820699334,1.6451751063261777e-05
drift,58,2,59,-0.07573785306885839,-0.0950668454170227,0.01932899234816432,0.01932899234816432,0.00037360994519539483
drift,58,3,60,-0.07697945716790855,-0.10405755043029785,0.027078093262389302,0.027078093262389302,0.000733223134726653
drift,58,4,61,-0.07822106126695871,-0.11609727144241333,0.03787621017545462,0.03787621017545462,0.0014346072972552118
drift,58,5,62,-0.07946266536600888,-0.08615434169769287,0.006691676331683993,0.006691676331683993,4.4778532128019746e-05
drift,59,1,59,-0.06689174706116319,-0.05898338556289673,-0.007908361498266459,0.007908361498266459,6.25421815872633e-05
drift,59,2,60,-0.06800660956650972,-0.04987215995788574,-0.01813444960862398,0.01813444960862398,0.0003288582626077225
drift,59,3,61,-0.06912147207185626,-0.04227942228317261,-0.026842049788683653,0.026842049788683653,0.0007204956368581721
drift,59,4,62,-0.0702363345772028,-0.04987215995788574,-0.020364174619317055,0.020364174619317055,0.0004146996079260369
drift,59,5,63,-0.07135119708254933,-0.036205291748046875,-0.03514590533450246,0.03514590533450246,0.0012352346617818084
drift,60,1,60,-0.036505501135252416,-0.03661656379699707,0.00011106266174465418,0.00011106266174465418,1.233491483380747e-08
drift,60,2,61,-0.0371139261405915,-0.03229933977127075,-0.00481458636932075,0.00481458636932075,2.3180241907649164e-05
drift,60,3,62,-0.03772235114593059,-0.034058213233947754,-0.0036641379119828343,0.0036641379119828343,1.3425906638029925e-05
drift,60,4,63,-0.038330776151269674,-0.032379329204559326,-0.005951446946710348,0.005951446946710348,3.5419720759507925e-05
drift,60,5,64,-0.03893920115660876,-0.05556446313858032,0.016625261981971562,0.016625261981971562,0.000276399335969189
