rolling_step,horizon_step,target_index,predicted_value,true_value,error,absolute_error,squared_error
0,1,0,0.05678390711545944,0.14819014072418213,-0.09140623360872269,0.09140623360872269,0.008355099542532385
0,2,1,0.04560953006148338,0.12902486324310303,-0.08341532945632935,0.08341532945632935,0.006958117188307966
0,3,2,0.0515335313975811,0.09919619560241699,-0.04766266420483589,0.04766266420483589,0.0022717295591029446
0,4,3,0.048121124505996704,0.10308694839477539,-0.054965823888778687,0.054965823888778687,0.0030212417957722337
0,5,4,0.052397649735212326,0.10207808017730713,-0.0496804304420948,0.0496804304420948,0.00246814516891182
1,1,1,0.1435474455356598,0.14351296424865723,3.4481287002563477e-05,3.4481287002563477e-05,1.188959153353153e-09
1,2,2,0.13782359659671783,0.1478041410446167,-0.009980544447898865,0.009980544447898865,9.961126747648485e-05
1,3,3,0.14391060173511505,0.14469647407531738,-0.0007858723402023315,0.0007858723402023315,6.175953350950891e-07
1,4,4,0.14016863703727722,0.14484477043151855,-0.004676133394241333,0.004676133394241333,2.186622352073897e-05
1,5,5,0.14290039241313934,0.14499258995056152,-0.00209219753742218,0.00209219753742218,4.377290535595435e-06
2,1,2,0.1846582591533661,0.186173677444458,-0.001515418291091919,0.001515418291091919,2.296492596975952e-06
2,2,3,0.17220987379550934,0.18190157413482666,-0.009691700339317322,0.009691700339317322,9.392905546712349e-05
2,3,4,0.1776275783777237,0.16847610473632812,0.009151473641395569,0.009151473641395569,8.374946980915787e-05
2,4,5,0.17672353982925415,0.17396855354309082,0.00275498628616333,0.00275498628616333,7.589949436948018e-06
2,5,6,0.18000854551792145,0.17412126064300537,0.005887284874916077,0.005887284874916077,3.4660123198415604e-05
3,1,3,0.138567715883255,0.12863945960998535,0.009928256273269653,0.009928256273269653,9.857027262771823e-05
3,2,4,0.1281833052635193,0.11301910877227783,0.015164196491241455,0.015164196491241455,0.00022995285522497966
3,3,5,0.13477183878421783,0.13703930377960205,-0.0022674649953842163,0.0022674649953842163,5.141397505292744e-06
3,4,6,0.13165855407714844,0.15162789821624756,-0.01996934413909912,0.01996934413909912,0.0003987747053457724
3,5,7,0.13572199642658234,0.13306009769439697,0.0026618987321853638,0.0026618987321853638,7.085704860410047e-06
4,1,4,0.15867561101913452,0.13859772682189941,0.020077884197235107,0.020077884197235107,0.00040312143383758325
4,2,5,0.14419513940811157,0.15283739566802979,-0.008642256259918213,0.008642256259918213,7.468859326209554e-05
4,3,6,0.14855124056339264,0.16228055953979492,-0.013729318976402283,0.013729318976402283,0.00018849419955579982
4,4,7,0.14731943607330322,0.17891919612884521,-0.03159976005554199,0.03159976005554199,0.0009985448355678272
4,5,8,0.15188314020633698,0.18026816844940186,-0.02838502824306488,0.02838502824306488,0.0008057098283595909
5,1,5,0.14745160937309265,0.17391180992126465,-0.026460200548171997,0.026460200548171997,0.0007001422130494817
5,2,6,0.1323956400156021,0.1889714002609253,-0.05657576024532318,0.05657576024532318,0.003200816647336291
5,3,7,0.13787244260311127,0.1885286569595337,-0.050656214356422424,0.050656214356422424,0.0025660520529238173
5,4,8,0.1374230980873108,0.19974946975708008,-0.06232637166976929,0.06232637166976929,0.0038845766055182196
5,5,9,0.14170105755329132,0.1919240951538086,-0.05022303760051727,0.05022303760051727,0.002522353505822972
6,1,6,0.14252564311027527,0.13298344612121582,0.009542196989059448,0.009542196989059448,9.10535233780152e-05
6,2,7,0.12959995865821838,0.1328423023223877,-0.0032423436641693115,0.0032423436641693115,1.0512792436578877e-05
6,3,8,0.1344936639070511,0.12478494644165039,0.009708717465400696,0.009708717465400696,9.425919482297651e-05
6,4,9,0.13467681407928467,0.13157033920288086,0.0031064748764038086,0.0031064748764038086,9.650186157728058e-06
6,5,10,0.13739557564258575,0.12732911109924316,0.01006646454334259,0.01006646454334259,0.00010133370840237355
7,1,7,0.11485546082258224,0.1417226791381836,-0.02686721831560135,0.02686721831560135,0.0007218474200181846
7,2,8,0.10406762361526489,0.15242063999176025,-0.04835301637649536,0.04835301637649536,0.0023380141927056286
7,3,9,0.10993526875972748,0.14811372756958008,-0.0381784588098526,0.0381784588098526,0.0014575947170956116
7,4,10,0.10809502005577087,0.15186500549316406,-0.04376998543739319,0.04376998543739319,0.0019158116251896118
7,5,11,0.11155496537685394,0.14547395706176758,-0.033918991684913635,0.033918991684913635,0.0011504979969212403
8,1,8,0.14183425903320312,0.1359269618988037,0.005907297134399414,0.005907297134399414,3.489615943408353e-05
8,2,9,0.1297340840101242,0.1349644660949707,-0.005230382084846497,0.005230382084846497,2.7356896753483184e-05
8,3,10,0.1348726600408554,0.13785088062286377,-0.002978220582008362,0.002978220582008362,8.869797835098225e-06
8,4,11,0.1347108781337738,0.11874675750732422,0.015964120626449585,0.015964120626449585,0.0002548531473758331
8,5,12,0.13726796209812164,0.13252460956573486,0.00474335253238678,0.00474335253238678,2.2499393246500077e-05
9,1,9,0.11249601095914841,0.06536781787872314,0.04712819308042526,0.04712819308042526,0.0022210665830258436
9,2,10,0.10044874250888824,0.06965041160583496,0.030798330903053284,0.030798330903053284,0.0009485371864139669
9,3,11,0.10559172928333282,0.07607507705688477,0.02951665222644806,0.02951665222644806,0.0008712327586570812
9,4,12,0.10447128117084503,0.0747365951538086,0.029734686017036438,0.029734686017036438,0.0008841515525317423
9,5,13,0.10754893720149994,0.09882795810699463,0.00872097909450531,0.00872097909450531,7.605547636679866e-05
10,1,10,0.07053970545530319,0.09221398830413818,-0.02167428284883499,0.02167428284883499,0.0004697745370113027
10,2,11,0.05712224170565605,0.09710490703582764,-0.039982665330171585,0.039982665330171585,0.0015986135269045049
10,3,12,0.0630304366350174,0.10331785678863525,-0.04028742015361786,0.04028742015361786,0.0016230762226341344
10,4,13,0.061234526336193085,0.10358214378356934,-0.04234761744737625,0.04234761744737625,0.0017933207034693255
10,5,14,0.06544597446918488,0.10054171085357666,-0.035095736384391785,0.035095736384391785,0.0012317107123627213
11,1,11,0.14370989799499512,0.16396558284759521,-0.020255684852600098,0.020255684852600098,0.00041029276884785304
11,2,12,0.1304769068956375,0.15263473987579346,-0.022157832980155945,0.022157832980155945,0.0004909695623764865
11,3,13,0.13505496084690094,0.1654675006866455,-0.030412539839744568,0.030412539839744568,0.0009249225795040505
11,4,14,0.13502290844917297,0.16792511940002441,-0.03290221095085144,0.03290221095085144,0.0010825554854543284
11,5,15,0.13831563293933868,0.15045034885406494,-0.012134715914726257,0.012134715914726257,0.0001472513303311107
12,1,12,0.0813489481806755,0.06675267219543457,0.014596275985240936,0.014596275985240936,0.00021305127263732127
12,2,13,0.06938676536083221,0.0530393123626709,0.016347452998161316,0.016347452998161316,0.0002672392195270934
12,3,14,0.07342459261417389,0.06360745429992676,0.009817138314247131,0.009817138314247131,9.637620468105901e-05
12,4,15,0.07270784676074982,0.0658719539642334,0.0068358927965164185,0.0068358927965164185,4.672943032546506e-05
12,5,16,0.07513733208179474,0.06260097026824951,0.012536361813545227,0.012536361813545227,0.00015716036752011497
13,1,13,0.10376473516225815,0.07367837429046631,0.03008636087179184,0.03008636087179184,0.000905189110507687
13,2,14,0.0916995108127594,0.0701758861541748,0.021523624658584595,0.021523624658584595,0.0004632664184436308
13,3,15,0.09621991217136383,0.04008138179779053,0.0561385303735733,0.0561385303735733,0.0031515345925046123
13,4,16,0.09482502937316895,0.03930306434631348,0.05552196502685547,0.05552196502685547,0.003082688600443362
13,5,17,0.09831158816814423,0.04072988033294678,0.05758170783519745,0.05758170783519745,0.0033156530772180393
14,1,14,0.051400326192379,0.03688812255859375,0.014512203633785248,0.014512203633785248,0.00021060405430844975
14,2,15,0.043216150254011154,-0.033767521381378174,0.07698367536067963,0.07698367536067963,0.005926486272038511
14,3,16,0.051638972014188766,-0.039311885833740234,0.0909508615732193,0.0909508615732193,0.008272059220910899
14,4,17,0.04647074639797211,-0.021260976791381836,0.06773172318935394,0.06773172318935394,0.004587586326199267
14,5,18,0.05151669308543205,-0.03312307596206665,0.084639772772789,0.084639772772789,0.007163891135029354
15,1,15,-0.0026304498314857483,0.014112114906311035,-0.016742564737796783,0.016742564737796783,0.0002803134739993163
15,2,16,-0.007755417376756668,0.001023411750793457,-0.008778829127550125,0.008778829127550125,7.706784085072249e-05
15,3,17,-0.0006563253700733185,-0.010494589805603027,0.009838264435529709,0.009838264435529709,9.67914471034087e-05
15,4,18,-0.009073778986930847,-0.028687775135040283,0.019613996148109436,0.019613996148109436,0.0003847088448980518
15,5,19,-0.001973111182451248,-0.0196569561958313,0.01768384501338005,0.01768384501338005,0.0003127183744572465
16,1,16,0.013950519263744354,-0.03198188543319702,0.045932404696941376,0.045932404696941376,0.002109785801243602
16,2,17,0.004440080374479294,-0.0482143759727478,0.0526544563472271,0.0526544563472271,0.002772491773222044
16,3,18,0.012088846415281296,-0.03528106212615967,0.047369908541440964,0.047369908541440964,0.0022439082352244816
16,4,19,0.007190272212028503,-0.048873841762542725,0.05606411397457123,0.05606411397457123,0.003143184875753713
16,5,20,0.013283651322126389,-0.04729032516479492,0.06057397648692131,0.06057397648692131,0.0036692066274380958
17,1,17,-0.06445086747407913,-0.06057709455490112,-0.003873772919178009,0.003873772919178009,1.5006116629356914e-05
17,2,18,-0.07618184387683868,-0.053894639015197754,-0.02228720486164093,0.02228720486164093,0.0004967195005447511
17,3,19,-0.07065449655056,-0.031830668449401855,-0.03882382810115814,0.03882382810115814,0.0015072896284282766
17,4,20,-0.07312479615211487,-0.034478604793548584,-0.038646191358566284,0.038646191358566284,0.0014935281065229233
17,5,21,-0.06824083626270294,-0.022500693798065186,-0.045740142464637756,0.045740142464637756,0.002092160632685358
18,1,18,-0.03167516738176346,-0.0423130989074707,0.010637931525707245,0.010637931525707245,0.00011316558714563607
18,2,19,-0.04615824297070503,-0.02480262517929077,-0.02135561779141426,0.02135561779141426,0.0004560624112529693
18,3,20,-0.042054224759340286,-0.027179300785064697,-0.014874923974275589,0.014874923974275589,0.00022126336324047868
18,4,21,-0.041165441274642944,-0.04493933916091919,0.003773897886276245,0.003773897886276245,1.424230525604031e-05
18,5,22,-0.038092900067567825,-0.06069904565811157,0.022606145590543747,0.022606145590543747,0.0005110378184608605
19,1,19,-0.03874928504228592,-0.08268129825592041,0.04393201321363449,0.04393201321363449,0.0019300217850029555
19,2,20,-0.050810132175683975,-0.08268129825592041,0.031871166080236435,0.031871166080236435,0.0010157712273140135
19,3,21,-0.04550241306424141,-0.09329390525817871,0.0477914921939373,0.0477914921939373,0.00228402672612317
19,4,22,-0.04486493766307831,-0.08829259872436523,0.043427661061286926,0.043427661061286926,0.0018859617452540167
19,5,23,-0.042987871915102005,-0.11537307500839233,0.07238520681858063,0.07238520681858063,0.005239618166168691
20,1,20,-0.08052850514650345,-0.13738465309143066,0.056856147944927216,0.056856147944927216,0.0032326215591354512
20,2,21,-0.0900266021490097,-0.12222331762313843,0.03219671547412872,0.03219671547412872,0.001036628487322
20,3,22,-0.0840170830488205,-0.13289690017700195,0.04887981712818146,0.04887981712818146,0.0023892365224844614
20,4,23,-0.08509571850299835,-0.11809921264648438,0.03300349414348602,0.03300349414348602,0.0010892306256791162
20,5,24,-0.08288390934467316,-0.12561947107315063,0.04273556172847748,0.04273556172847748,0.001826328236248509
21,1,21,-0.08521182090044022,-0.06206017732620239,-0.023151643574237823,0.023151643574237823,0.0005359986001885475
21,2,22,-0.09639997780323029,-0.06608051061630249,-0.030319467186927795,0.030319467186927795,0.0009192700904991913
21,3,23,-0.08994664251804352,-0.05348038673400879,-0.03646625578403473,0.03646625578403473,0.0013297878109066463
21,4,24,-0.09052154421806335,-0.017947912216186523,-0.07257363200187683,0.07257363200187683,0.005266932061943841
21,5,25,-0.08746837079524994,-0.04503822326660156,-0.042430147528648376,0.042430147528648376,0.001800317419302866
22,1,22,-0.07521701604127884,-0.08309042453765869,0.007873408496379852,0.007873408496379852,6.199056135086645e-05
22,2,23,-0.08684761822223663,-0.10979413986206055,0.022946521639823914,0.022946521639823914,0.0005265428553669071
22,3,24,-0.0831947773694992,-0.11986899375915527,0.03667421638965607,0.03667421638965607,0.0013449981477953177
22,4,25,-0.08183015882968903,-0.10700243711471558,0.02517227828502655,0.02517227828502655,0.0006336435940588192
22,5,26,-0.08074180781841278,-0.09789884090423584,0.01715703308582306,0.01715703308582306,0.0002943637843080271
23,1,23,-0.12488111108541489,-0.14207768440246582,0.017196573317050934,0.017196573317050934,0.00029572213384870816
23,2,24,-0.1315108686685562,-0.14678281545639038,0.015271946787834167,0.015271946787834167,0.00023323235869043835
23,3,25,-0.12645839154720306,-0.1777210831642151,0.051262691617012024,0.051262691617012024,0.002627863551820875
23,4,26,-0.12784159183502197,-0.16301685571670532,0.03517526388168335,0.03517526388168335,0.0012372991891460572
23,5,27,-0.1271996647119522,-0.18866175413131714,0.06146208941936493,0.06146208941936493,0.0037775884357940104
24,1,24,-0.14764049649238586,-0.20119774341583252,0.053557246923446655,0.053557246923446655,0.0028683786980190362
24,2,25,-0.15377017855644226,-0.14394611120224,-0.00982406735420227,0.00982406735420227,9.65122993799028e-05
24,3,26,-0.14655201137065887,-0.1944553256034851,0.04790331423282623,0.04790331423282623,0.0022947275144888923
24,4,27,-0.14895355701446533,-0.13637572526931763,-0.012577831745147705,0.012577831745147705,0.00015820185140924536
24,5,28,-0.1480877846479416,-0.1285685896873474,-0.019519194960594177,0.019519194960594177,0.0003809989719096851
25,1,25,-0.1513044834136963,-0.11130005121231079,-0.0400044322013855,0.0400044322013855,0.001600354595755249
25,2,26,-0.1612005978822708,-0.10160589218139648,-0.05959470570087433,0.05959470570087433,0.003551528947573823
25,3,27,-0.15152882039546967,-0.10257542133331299,-0.04895339906215668,0.04895339906215668,0.0023964352797387622
25,4,28,-0.1526586264371872,-0.11844956874847412,-0.034209057688713074,0.034209057688713074,0.001170259627949699
25,5,29,-0.15157413482666016,-0.09542614221572876,-0.056147992610931396,0.056147992610931396,0.0031525970742372067
26,1,26,-0.062478579580783844,-0.0556483268737793,-0.006830252707004547,0.006830252707004547,4.6652352041542944e-05
26,2,27,-0.07404454052448273,-0.04305213689804077,-0.030992403626441956,0.030992403626441956,0.0009605290825442925
26,3,28,-0.06883184611797333,-0.04479789733886719,-0.02403394877910614,0.02403394877910614,0.0005776306939166975
26,4,29,-0.06887033581733704,-0.04691809415817261,-0.02195224165916443,0.02195224165916443,0.00048190091386235423
26,5,30,-0.06785567104816437,-0.05165755748748779,-0.016198113560676575,0.016198113560676575,0.00026237888292457434
27,1,27,0.002647988498210907,-0.01502525806427002,0.017673246562480927,0.017673246562480927,0.0003123436440582439
27,2,28,-0.009282354265451431,0.008146286010742188,-0.01742864027619362,0.01742864027619362,0.0003037575018769584
27,3,29,-0.004312086850404739,0.0055571794509887695,-0.009869266301393509,0.009869266301393509,9.740241732782151e-05
27,4,30,-0.004015438258647919,0.02432715892791748,-0.0283425971865654,0.0283425971865654,0.0008033028152799049
27,5,31,-0.002827901393175125,0.04141438007354736,-0.04424228146672249,0.04424228146672249,0.001957379469380696
28,1,28,0.06966384500265121,0.10415375232696533,-0.03448990732431412,0.03448990732431412,0.0011895537072397766
28,2,29,0.05632103607058525,0.10073530673980713,-0.04441427066922188,0.04441427066922188,0.001972627439078903
28,3,30,0.06140248104929924,0.0999147891998291,-0.03851230815052986,0.03851230815052986,0.0014831978790813688
28,4,31,0.062301427125930786,0.10223984718322754,-0.03993842005729675,0.03993842005729675,0.0015950773966730836
28,5,32,0.06424541771411896,0.09827423095703125,-0.03402881324291229,0.03402881324291229,0.001157960130721003
29,1,29,0.09192078560590744,0.07982957363128662,0.012091211974620819,0.012091211974620819,0.0001461974070152139
29,2,30,0.08117930591106415,0.09409797191619873,-0.012918666005134583,0.012918666005134583,0.0001668919313522199
29,3,31,0.08528070151805878,0.10217463970184326,-0.016893938183784485,0.016893938183784485,0.0002854051473575314
29,4,32,0.08535903692245483,0.09719431400299072,-0.011835277080535889,0.011835277080535889,0.0001400737835730581
29,5,33,0.08670549094676971,0.10365545749664307,-0.016949966549873352,0.016949966549873352,0.00028730136604182555
30,1,30,0.07850154489278793,0.08535921573638916,-0.006857670843601227,0.006857670843601227,4.702764939917836e-05
30,2,31,0.06466993689537048,0.08339428901672363,-0.01872435212135315,0.01872435212135315,0.0003506013623644222
30,3,32,0.06917230784893036,0.07920265197753906,-0.010030344128608704,0.010030344128608704,0.0001006078033383151
30,4,33,0.06983979791402817,0.07880985736846924,-0.00897005945444107,0.00897005945444107,8.046196661620764e-05
30,5,34,0.07129193842411041,0.0961003303527832,-0.02480839192867279,0.02480839192867279,0.0006154563100866373
31,1,31,0.10788821429014206,0.12980639934539795,-0.02191818505525589,0.02191818505525589,0.00048040683611644264
31,2,32,0.09701867401599884,0.1390092372894287,-0.04199056327342987,0.04199056327342987,0.0017632074040199175
31,3,33,0.10208319127559662,0.12940597534179688,-0.027322784066200256,0.027322784066200256,0.0007465345291282066
31,4,34,0.10081657022237778,0.13874220848083496,-0.037925638258457184,0.037925638258457184,0.0014383540373113513
31,5,35,0.10289834439754486,0.12793874740600586,-0.025040403008461,0.025040403008461,0.0006270217828261426
32,1,32,0.19878017902374268,0.19645428657531738,0.002325892448425293,0.002325892448425293,5.409775681641804e-06
32,2,33,0.18730594217777252,0.18390274047851562,0.003403201699256897,0.003403201699256897,1.1581781805825031e-05
32,3,34,0.1920415610074997,0.19532573223114014,-0.003284171223640442,0.003284171223640442,1.0785780626187957e-05
32,4,35,0.19231745600700378,0.20110785961151123,-0.008790403604507446,0.008790403604507446,7.72711955301375e-05
32,5,36,0.19412703812122345,0.2099924087524414,-0.015865370631217957,0.015865370631217957,0.00025170998526591326
33,1,33,0.14383822679519653,0.1575911045074463,-0.013752877712249756,0.013752877712249756,0.00018914164536809608
33,2,34,0.13135182857513428,0.15167999267578125,-0.020328164100646973,0.020328164100646973,0.00041323425570283234
33,3,35,0.13583262264728546,0.17390310764312744,-0.03807048499584198,0.03807048499584198,0.0014493618278186293
33,4,36,0.1344704031944275,0.15343129634857178,-0.018960893154144287,0.018960893154144287,0.0003595154692028757
33,5,37,0.13742049038410187,0.15073752403259277,-0.013317033648490906,0.013317033648490906,0.000177343385195039
34,1,34,0.15802240371704102,0.1298518180847168,0.02817058563232422,0.02817058563232422,0.0007935818948681117
34,2,35,0.1436019241809845,0.1315774917602539,0.01202443242073059,0.01202443242073059,0.00014458697504071694
34,3,36,0.14737139642238617,0.12547242641448975,0.021898970007896423,0.021898970007896423,0.0004795648874067471
34,4,37,0.1471133828163147,0.13900995254516602,0.008103430271148682,0.008103430271148682,6.56655821593688e-05
34,5,38,0.14958013594150543,0.133833646774292,0.01574648916721344,0.01574648916721344,0.0002479519210931702
35,1,35,0.17211481928825378,0.18128514289855957,-0.009170323610305786,0.009170323610305786,8.409483511773175e-05
35,2,36,0.15985222160816193,0.1942075490951538,-0.03435532748699188,0.03435532748699188,0.00118028852673846
35,3,37,0.16629807651042938,0.1932448148727417,-0.026946738362312317,0.026946738362312317,0.0007261267083669143
35,4,38,0.16383251547813416,0.20726680755615234,-0.04343429207801819,0.04343429207801819,0.0018865377283185936
35,5,39,0.16766910254955292,0.20547974109649658,-0.037810638546943665,0.037810638546943665,0.0014296443873276221
36,1,36,0.286754846572876,0.2870286703109741,-0.00027382373809814453,0.00027382373809814453,7.497943954604125e-08
36,2,37,0.2718675136566162,0.3066258430480957,-0.03475832939147949,0.03475832939147949,0.0012081414620865871
36,3,38,0.2771469056606293,0.22022008895874023,0.05692681670188904,0.05692681670188904,0.0032406624598104727
36,4,39,0.2783986032009125,0.2222985029220581,0.05610010027885437,0.05610010027885437,0.003147221251297516
36,5,40,0.2810556888580322,0.23788714408874512,0.04316854476928711,0.04316854476928711,0.0018635232574979455
37,1,37,0.14600694179534912,0.13585734367370605,0.010149598121643066,0.010149598121643066,0.00010301434203086046
37,2,38,0.14148887991905212,0.1488438844680786,-0.007355004549026489,0.007355004549026489,5.409609191620035e-05
37,3,39,0.15298829972743988,0.15116775035858154,0.0018205493688583374,0.0018205493688583374,3.3144000044504907e-06
37,4,40,0.1462157815694809,0.16511154174804688,-0.01889576017856598,0.01889576017856598,0.0003570497527258798
37,5,41,0.15135227143764496,0.15335524082183838,-0.0020029693841934204,0.0020029693841934204,4.01188635401617e-06
38,1,38,0.12095557898283005,0.11842739582061768,0.002528183162212372,0.002528183162212372,6.391710101694148e-06
38,2,39,0.10635282099246979,0.12915217876434326,-0.022799357771873474,0.022799357771873474,0.0005198107148098874
38,3,40,0.11313565075397491,0.13074111938476562,-0.01760546863079071,0.01760546863079071,0.00030995252570975573
38,4,41,0.11101025342941284,0.12187016010284424,-0.010859906673431396,0.010859906673431396,0.00011793757295563978
38,5,42,0.11612115800380707,0.11591160297393799,0.0002095550298690796,0.0002095550298690796,4.391331054343084e-08
39,1,39,0.13097438216209412,0.11839127540588379,0.012583106756210327,0.012583106756210327,0.00015833457563818598
39,2,40,0.11707203090190887,0.11997222900390625,-0.0029001981019973755,0.0029001981019973755,8.41114903082918e-06
39,3,41,0.12304811179637909,0.13631057739257812,-0.013262465596199036,0.013262465596199036,0.00017589299369036304
39,4,42,0.12173622846603394,0.14408493041992188,-0.02234870195388794,0.02234870195388794,0.0004994644790237146
39,5,43,0.1262332648038864,0.15686535835266113,-0.03063209354877472,0.03063209354877472,0.0009383251551808858
40,1,40,0.07646503299474716,0.10165083408355713,-0.025185801088809967,0.025185801088809967,0.0006343245764851013
40,2,41,0.06235436722636223,0.10748600959777832,-0.04513164237141609,0.04513164237141609,0.0020368651431414003
40,3,42,0.06698502600193024,0.0846409797668457,-0.017655953764915466,0.017655953764915466,0.00031173270334883263
40,4,43,0.06636916846036911,0.08551013469696045,-0.01914096623659134,0.01914096623659134,0.0003663765884703296
40,5,44,0.07016105949878693,0.09742963314056396,-0.02726857364177704,0.02726857364177704,0.0007435751084570175
41,1,41,0.10436006635427475,0.0943065881729126,0.010053478181362152,0.010053478181362152,0.00010107242354312485
41,2,42,0.0951291173696518,0.10368013381958008,-0.008551016449928284,0.008551016449928284,7.311988232694411e-05
41,3,43,0.10150749981403351,0.10305535793304443,-0.0015478581190109253,0.0015478581190109253,2.3958647565880398e-06
41,4,44,0.09948234260082245,0.09768128395080566,0.0018010586500167847,0.0018010586500167847,3.243812260800283e-06
41,5,45,0.10269929468631744,0.07356047630310059,0.029138818383216858,0.029138818383216858,0.0008490707367700967
42,1,42,0.07638805359601974,0.031732797622680664,0.04465525597333908,0.04465525597333908,0.0019940918860444357
42,2,43,0.06390172243118286,0.03693544864654541,0.02696627378463745,0.02696627378463745,0.000727179921828025
42,3,44,0.06938405334949493,0.01116323471069336,0.058220818638801575,0.058220818638801575,0.003389663722972225
42,4,45,0.06860506534576416,-0.0012990832328796387,0.0699041485786438,0.0699041485786438,0.004886589988505108
42,5,46,0.07175417244434357,0.0014837980270385742,0.07027037441730499,0.07027037441730499,0.004937925520748232
43,1,43,0.006624273955821991,-0.017902731895446777,0.02452700585126877,0.02452700585126877,0.0006015740160281724
43,2,44,-0.002547193318605423,-0.006422460079193115,0.0038752667605876923,0.0038752667605876923,1.5017692465715826e-05
43,3,45,0.005348455160856247,-0.023228228092193604,0.02857668325304985,0.02857668325304985,0.0008166268257451398
43,4,46,0.0014816820621490479,-0.009736120700836182,0.01121780276298523,0.01121780276298523,0.00012583909882923905
43,5,47,0.005767505615949631,-0.0057122111320495605,0.011479716747999191,0.011479716747999191,0.00013178389661429313
44,1,44,-0.009165890514850616,-0.004044950008392334,-0.0051209405064582825,0.0051209405064582825,2.622403167068521e-05
44,2,45,-0.019993159919977188,-0.0006178021430969238,-0.019375357776880264,0.019375357776880264,0.00037540448898211454
44,3,46,-0.01255570724606514,-0.020943284034729004,0.008387576788663864,0.008387576788663864,7.035144438573282e-05
44,4,47,-0.015565373003482819,-0.011607885360717773,-0.003957487642765045,0.003957487642765045,1.5661708442638034e-05
44,5,48,-0.011241156607866287,-0.016807496547698975,0.005566339939832687,0.005566339939832687,3.0984140325776566e-05
45,1,45,-0.018622763454914093,-0.03849804401397705,0.019875280559062958,0.019875280559062958,0.00039502677730146596
45,2,46,-0.027860570698976517,-0.04408305883407593,0.01622248813509941,0.01622248813509941,0.00026316912129344117
45,3,47,-0.020767200738191605,-0.0552525520324707,0.0344853512942791,0.0344853512942791,0.001189239453889837
45,4,48,-0.023935534060001373,-0.08236122131347656,0.05842568725347519,0.05842568725347519,0.003413560931040893
45,5,49,-0.020340967923402786,-0.07782375812530518,0.05748279020190239,0.05748279020190239,0.0033042711693959254
46,1,46,-0.02916906028985977,-0.09133398532867432,0.062164925038814545,0.062164925038814545,0.0038644779050814315
46,2,47,-0.0387374646961689,-0.08167505264282227,0.042937587946653366,0.042937587946653366,0.0018436364586765924
46,3,48,-0.03199644759297371,-0.038561999797821045,0.006565552204847336,0.006565552204847336,4.310647575457571e-05
46,4,49,-0.03529980033636093,-0.025604665279388428,-0.009695135056972504,0.009695135056972504,9.399564377293723e-05
46,5,50,-0.031406182795763016,-0.02878546714782715,-0.0026207156479358673,0.0026207156479358673,6.868150507335913e-06
47,1,47,-0.04372075945138931,-0.026624560356140137,-0.017096199095249176,0.017096199095249176,0.00029228002350439874
47,2,48,-0.0617305226624012,-0.03631049394607544,-0.02542002871632576,0.02542002871632576,0.0006461778599388263
47,3,49,-0.0585206039249897,-0.028374850749969482,-0.030145753175020218,0.030145753175020218,0.0009087664344892415
47,4,50,-0.05664461851119995,-0.03572720289230347,-0.020917415618896484,0.020917415618896484,0.0004375382761736546
47,5,51,-0.05370591953396797,-0.02429044246673584,-0.029415477067232132,0.029415477067232132,0.0008652702910928595
48,1,48,-0.024233080446720123,-0.03481107950210571,0.01057799905538559,0.01057799905538559,0.00011189406401573843
48,2,49,-0.03522418811917305,-0.05019521713256836,0.01497102901339531,0.01497102901339531,0.00022413170971992413
48,3,50,-0.03077040985226631,-0.02486288547515869,-0.00590752437710762,0.00590752437710762,3.4898844266120777e-05
48,4,51,-0.03152238577604294,-0.0335385799407959,0.00201619416475296,0.00201619416475296,4.065038909983887e-06
48,5,52,-0.029424894601106644,-0.013989388942718506,-0.015435505658388138,0.015435505658388138,0.00023825483493013222
49,1,49,0.024714194238185883,0.03488576412200928,-0.010171569883823395,0.010171569883823395,0.00010346083390150307
49,2,50,0.011645074933767319,0.01979994773864746,-0.008154872804880142,0.008154872804880142,6.650195046377372e-05
49,3,51,0.01471446081995964,-0.002888798713684082,0.017603259533643723,0.017603259533643723,0.0003098747462088186
49,4,52,0.01525956392288208,-0.0037336349487304688,0.01899319887161255,0.01899319887161255,0.0003607416033766242
49,5,53,0.017860572785139084,0.009662508964538574,0.00819806382060051,0.00819806382060051,6.720825040663903e-05
50,1,50,-4.8704445362091064e-05,-0.003390073776245117,0.003341369330883026,0.003341369330883026,1.1164749005365682e-05
50,2,51,-0.006737012416124344,0.013942718505859375,-0.02067973092198372,0.02067973092198372,0.0004276512710056496
50,3,52,-0.00040229037404060364,0.008600354194641113,-0.009002644568681717,0.009002644568681717,8.104760923001442e-05
50,4,53,-0.003271453082561493,0.023320913314819336,-0.02659236639738083,0.02659236639738083,0.000707153950612549
50,5,54,-0.0005784220993518829,0.030681371688842773,-0.031259793788194656,0.031259793788194656,0.0009771747076804532
51,1,51,0.014980368316173553,0.04531407356262207,-0.030333705246448517,0.030333705246448517,0.0009201336739784183
51,2,52,0.002874176949262619,0.04011571407318115,-0.03724153712391853,0.03724153712391853,0.0013869320873522023
51,3,53,0.008566033095121384,0.0330275297164917,-0.024461496621370316,0.024461496621370316,0.0005983648169573114
51,4,54,0.008624561131000519,0.04306948184967041,-0.03444492071866989,0.03444492071866989,0.0011864525633154543
51,5,55,0.010833870619535446,0.05287528038024902,-0.04204140976071358,0.04204140976071358,0.0017674801346682228
52,1,52,0.0026447996497154236,0.011259317398071289,-0.008614517748355865,0.008614517748355865,7.420991603673821e-05
52,2,53,-0.00691189244389534,0.0013141632080078125,-0.008226055651903152,0.008226055651903152,6.76679915882078e-05
52,3,54,-0.0016220994293689728,-0.01111757755279541,0.009495478123426437,0.009495478123426437,9.016410479247006e-05
52,4,55,-0.002707161009311676,-0.01179569959640503,0.009088538587093353,0.009088538587093353,8.260153364908485e-05
52,5,56,-0.0014302320778369904,-0.021854162216186523,0.020423930138349533,0.020423930138349533,0.0004171369222961824
53,1,53,0.01778196543455124,-0.01542598009109497,0.03320794552564621,0.03320794552564621,0.0011027676460342861
53,2,54,0.009136956185102463,-0.007065534591674805,0.016202490776777267,0.016202490776777267,0.0002625207073715524
53,3,55,0.015078973025083542,-0.007065534591674805,0.022144507616758347,0.022144507616758347,0.0004903792175886684
53,4,56,0.012655600905418396,-0.00042325258255004883,0.013078853487968445,0.013078853487968445,0.00017105640855974436
53,5,57,0.014723461121320724,0.002554655075073242,0.012168806046247482,0.012168806046247482,0.00014807984059118928
54,1,54,0.029947392642498016,0.03041982650756836,-0.000472433865070343,0.000472433865070343,2.2319375686530307e-07
54,2,55,0.017346616834402084,0.02548038959503174,-0.008133772760629654,0.008133772760629654,6.615825932156094e-05
54,3,56,0.02340395376086235,0.011721253395080566,0.011682700365781784,0.011682700365781784,0.00013648548783663783
54,4,57,0.021833129227161407,-0.022500693798065186,0.04433382302522659,0.04433382302522659,0.0019654878640321116
54,5,58,0.02502502128481865,-0.04578596353530884,0.07081098854541779,0.07081098854541779,0.005014196098779289
55,1,55,0.05360495299100876,-0.04567575454711914,0.0992807075381279,0.0992807075381279,0.009856658889271286
55,2,56,0.044037576764822006,-0.017518341541290283,0.06155591830611229,0.06155591830611229,0.00378913107850877
55,3,57,0.05071331188082695,-0.01776045560836792,0.06847377121448517,0.06847377121448517,0.004688657344333658
55,4,58,0.04729297757148743,0.0030252933502197266,0.0442676842212677,0.0442676842212677,0.0019596278663138733
55,5,59,0.05128232762217522,-0.009300947189331055,0.06058327481150627,0.06058327481150627,0.0036703331868864902
56,1,56,-0.022401191294193268,-0.02850872278213501,0.006107531487941742,0.006107531487941742,3.730194087619987e-05
56,2,57,-0.0374382920563221,-0.008638560771942139,-0.02879973128437996,0.02879973128437996,0.0008294245220524937
56,3,58,-0.030140388756990433,-0.03588593006134033,0.005745541304349899,0.005745541304349899,3.301124487999074e-05
56,4,59,-0.03211571276187897,-0.05397111177444458,0.021855399012565613,0.021855399012565613,0.00047765846599845396
56,5,60,-0.0271979458630085,-0.04480940103530884,0.01761145517230034,0.01761145517230034,0.00031016335328594435
57,1,57,-0.0002730563282966614,-0.015539705753326416,0.015266649425029755,0.015266649425029755,0.00023307058466676134
57,2,58,-0.010663572698831558,-0.022820115089416504,0.012156542390584946,0.012156542390584946,0.00014778152289408875
57,3,59,-0.0023471005260944366,0.003996491432189941,-0.006343591958284378,0.006343591958284378,4.024115893321023e-05
57,4,60,-0.006059803068637848,0.010913372039794922,-0.01697317510843277,0.01697317510843277,0.00028808867326152177
57,5,61,-0.0012422986328601837,-0.02391231060028076,0.022670011967420578,0.022670011967420578,0.0005139294426029922
58,1,58,0.07677309960126877,0.06624305248260498,0.010530047118663788,0.010530047118663788,0.00011088189232127954
58,2,59,0.06127073988318443,0.06339120864868164,-0.0021204687654972076,0.0021204687654972076,4.496387785449252e-06
58,3,60,0.0655292421579361,0.08218801021575928,-0.01665876805782318,0.01665876805782318,0.0002775145532043499
58,4,61,0.06491208076477051,0.1068185567855835,-0.04190647602081299,0.04190647602081299,0.001756152732482974
58,5,62,0.07008452713489532,0.09824049472808838,-0.028155967593193054,0.028155967593193054,0.0007927585111089375
59,1,59,0.009317450225353241,0.017728447914123535,-0.008410997688770294,0.008410997688770294,7.074488212049923e-05
59,2,60,-0.004043493419885635,0.03792214393615723,-0.04196563735604286,0.04196563735604286,0.0017611147186989001
59,3,61,0.00027624890208244324,0.06280326843261719,-0.06252701580524445,0.06252701580524445,0.003909627705509289
59,4,62,7.431209087371826e-05,0.06604862213134766,-0.06597431004047394,0.06597431004047394,0.00435260958531658
59,5,63,0.003362637013196945,0.06580805778503418,-0.062445420771837234,0.062445420771837234,0.003899430575371801
60,1,60,0.06434702128171921,0.04331672191619873,0.021030299365520477,0.021030299365520477,0.000442273491403411
60,2,61,0.048163484781980515,0.04235517978668213,0.005808304995298386,0.005808304995298386,3.373640691840818e-05
60,3,62,0.05134681984782219,0.053409457206726074,-0.002062637358903885,0.002062637358903885,4.254472874345994e-06
60,4,63,0.05426804721355438,0.04920399188995361,0.005064055323600769,0.005064055323600769,2.564465632048929e-05
60,5,64,0.05594949051737785,0.048603177070617676,0.007346313446760178,0.007346313446760178,5.39683212580494e-05
61,1,61,0.033852897584438324,0.02409672737121582,0.009756170213222504,0.009756170213222504,9.518285722937003e-05
61,2,62,0.021487560123205185,0.029825568199157715,-0.00833800807595253,0.00833800807595253,6.952237867464961e-05
61,3,63,0.02558363601565361,0.02538275718688965,0.0002008788287639618,0.0002008788287639618,4.0352303845581083e-08
61,4,64,0.02617337554693222,0.013456940650939941,0.012716434895992279,0.012716434895992279,0.00016170771646401016
61,5,65,0.02790723368525505,0.025265932083129883,0.002641301602125168,0.002641301602125168,6.9764741533889785e-06
62,1,62,0.05798559635877609,0.04115855693817139,0.016827039420604706,0.016827039420604706,0.00028314925566258475
62,2,63,0.046653714030981064,0.0845099687576294,-0.03785625472664833,0.03785625472664833,0.001433096021928884
62,3,64,0.051754605025053024,0.10075211524963379,-0.048997510224580765,0.048997510224580765,0.0024007560082078966
62,4,65,0.05167229473590851,0.10242390632629395,-0.05075161159038544,0.05075161159038544,0.0025757260790213454
62,5,66,0.053919266909360886,0.1216515302658081,-0.06773225963115692,0.06773225963115692,0.0045876589947424495
63,1,63,0.04696925729513168,0.04564189910888672,0.0013273581862449646,0.0013273581862449646,1.7618797545915221e-06
63,2,64,0.029751908034086227,0.036690473556518555,-0.006938565522432327,0.006938565522432327,4.8143691509086595e-05
63,3,65,0.03380550071597099,0.044962167739868164,-0.011156667023897171,0.011156667023897171,0.00012447121908211456
63,4,66,0.03721757233142853,0.054593443870544434,-0.017375871539115906,0.017375871539115906,0.00030192091174385816
63,5,67,0.03803903982043266,0.05572688579559326,-0.0176878459751606,0.0176878459751606,0.000312859895241005
64,1,64,0.04311838001012802,0.028017759323120117,0.015100620687007904,0.015100620687007904,0.00022802874513289106
64,2,65,0.031504254788160324,0.03664517402648926,-0.005140919238328934,0.005140919238328934,2.6429050615020544e-05
64,3,66,0.035486411303281784,0.042023420333862305,-0.006537009030580521,0.006537009030580521,4.273248706589128e-05
64,4,67,0.03528880327939987,0.05188345909118652,-0.01659465581178665,0.01659465581178665,0.0002753826015116645
64,5,68,0.03662411496043205,0.06308794021606445,-0.0264638252556324,0.0264638252556324,0.0007003340471606473
65,1,65,0.0909733697772026,0.10544252395629883,-0.014469154179096222,0.014469154179096222,0.00020935642265845766
65,2,66,0.07748357951641083,0.10649192333221436,-0.029008343815803528,0.029008343815803528,0.0008414840109358668
65,3,67,0.08205242455005646,0.11442220211029053,-0.03236977756023407,0.03236977756023407,0.0010478024992990331
65,4,68,0.08225146681070328,0.12071943283081055,-0.03846796602010727,0.03846796602010727,0.0014797844097241275
65,5,69,0.08440904319286346,0.12211918830871582,-0.037710145115852356,0.037710145115852356,0.0014220550446586433
66,1,66,0.09969191998243332,0.09389340877532959,0.005798511207103729,0.005798511207103729,3.362273221890755e-05
66,2,67,0.08669829368591309,0.05636250972747803,0.03033578395843506,0.03033578395843506,0.0009202597883728458
66,3,68,0.09099064767360687,0.046979665756225586,0.04401098191738129,0.04401098191738129,0.0019369665293320626
66,4,69,0.09073489904403687,0.04034304618835449,0.05039185285568237,0.05039185285568237,0.0025393388342287437
66,5,70,0.09260950982570648,0.039542198181152344,0.05306731164455414,0.05306731164455414,0.0028161395651802312
67,1,67,0.17366379499435425,0.13347649574279785,0.040187299251556396,0.040187299251556396,0.0016150190211341453
67,2,68,0.16594140231609344,0.14502966403961182,0.02091173827648163,0.02091173827648163,0.0004373007977440668
67,3,69,0.17154191434383392,0.13690471649169922,0.034637197852134705,0.034637197852134705,0.001199735475047925
67,4,70,0.16742685437202454,0.13220715522766113,0.0352196991443634,0.0352196991443634,0.0012404272078194722
67,5,71,0.17177779972553253,0.1408400535583496,0.030937746167182922,0.030937746167182922,0.0009571441379050416
68,1,68,0.10835202783346176,0.10363984107971191,0.004712186753749847,0.004712186753749847,2.2204704002215525e-05
68,2,69,0.09499983489513397,0.09872806072235107,-0.003728225827217102,0.003728225827217102,1.3899667818728645e-05
68,3,70,0.10260103642940521,0.11002492904663086,-0.007423892617225647,0.007423892617225647,5.5114181592097466e-05
68,4,71,0.0994340181350708,0.10278046131134033,-0.0033464431762695312,0.0033464431762695312,1.1198681932000909e-05
68,5,72,0.10497801005840302,0.10572731494903564,-0.0007493048906326294,0.0007493048906326294,5.614578191259767e-07
69,1,69,0.1226128563284874,0.1060175895690918,0.0165952667593956,0.0165952667593956,0.0002754028788155005
69,2,70,0.10851666331291199,0.12813794612884521,-0.019621282815933228,0.019621282815933228,0.00038499473934283657
69,3,71,0.11406110227108002,0.1278907060623169,-0.013829603791236877,0.013829603791236877,0.00019125794102259341
69,4,72,0.11210108548402786,0.1497642993927002,-0.03766321390867233,0.03766321390867233,0.001418517681930409
69,5,73,0.11739908158779144,0.16385197639465332,-0.04645289480686188,0.04645289480686188,0.002157871435937375
70,1,70,0.11782752722501755,0.14105570316314697,-0.023228175938129425,0.023228175938129425,0.0005395481574126948
70,2,71,0.10306571424007416,0.13422977924346924,-0.03116406500339508,0.03116406500339508,0.000971198947535834
70,3,72,0.10915626585483551,0.12338078022003174,-0.014224514365196228,0.014224514365196228,0.00020233680892567385
70,4,73,0.10849535465240479,0.1377643346786499,-0.029268980026245117,0.029268980026245117,0.0008566731917767356
70,5,74,0.11302192509174347,0.13240110874176025,-0.019379183650016785,0.019379183650016785,0.00037555275894107787
71,1,71,0.09987442940473557,0.10227954387664795,-0.002405114471912384,0.002405114471912384,5.784575623002386e-06
71,2,72,0.08980859816074371,0.11184608936309814,-0.02203749120235443,0.02203749120235443,0.00048565101849384895
71,3,73,0.0955447107553482,0.10705029964447021,-0.01150558888912201,0.01150558888912201,0.00013237857568548783
71,4,74,0.09337285161018372,0.1078791618347168,-0.014506310224533081,0.014506310224533081,0.000210433036330393
71,5,75,0.09717591106891632,0.09485363960266113,0.002322271466255188,0.002322271466255188,5.392944762983021e-06
72,1,72,0.08833267539739609,0.08216631412506104,0.0061663612723350525,0.0061663612723350525,3.802401134095357e-05
72,2,73,0.07617650926113129,0.10606837272644043,-0.029891863465309143,0.029891863465309143,0.0008935235014286835
72,3,74,0.08188839256763458,0.12004005908966064,-0.03815166652202606,0.03815166652202606,0.0014555496584078842
72,4,75,0.08092892169952393,0.1157679557800293,-0.03483903408050537,0.03483903408050537,0.0012137582956626147
72,5,76,0.08424894511699677,0.1201556921005249,-0.03590674698352814,0.03590674698352814,0.001289294478939107
73,1,73,0.11229520291090012,0.11238229274749756,-8.708983659744263e-05,8.708983659744263e-05,7.584639638569257e-09
73,2,74,0.0964801162481308,0.11856329441070557,-0.022083178162574768,0.022083178162574768,0.0004876667577600191
73,3,75,0.100669726729393,0.11913573741912842,-0.018466010689735413,0.018466010689735413,0.00034099355079342253
73,4,76,0.10250295698642731,0.13104033470153809,-0.02853737771511078,0.02853737771511078,0.0008143819268549013
73,5,77,0.10493569076061249,0.14065539836883545,-0.03571970760822296,0.03571970760822296,0.0012758975116169413
74,1,74,0.13048464059829712,0.15660011768341064,-0.026115477085113525,0.026115477085113525,0.0006820181433830896
74,2,75,0.11808480322360992,0.16327035427093506,-0.045185551047325134,0.045185551047325134,0.0020417340234504255
74,3,76,0.1224086731672287,0.14958488941192627,-0.02717621624469757,0.02717621624469757,0.0007385467293785641
74,4,77,0.12299567461013794,0.1505047082901001,-0.027509033679962158,0.027509033679962158,0.0007567469340052924
74,5,78,0.12548081576824188,0.15165483951568604,-0.026174023747444153,0.026174023747444153,0.0006850795191317705
75,1,75,0.0964357778429985,0.0942002534866333,0.002235524356365204,0.002235524356365204,4.997569147902059e-06
75,2,76,0.0862049013376236,0.10354399681091309,-0.01733909547328949,0.01733909547328949,0.0003006442318318481
75,3,77,0.09145002067089081,0.09517800807952881,-0.0037279874086380005,0.0037279874086380005,1.3897890118963474e-05
75,4,78,0.09084385633468628,0.10071909427642822,-0.009875237941741943,0.009875237941741943,9.752032440601965e-05
75,5,79,0.09282161295413971,0.11038863658905029,-0.017567023634910583,0.017567023634910583,0.00030860031938950705
76,1,76,0.11007773131132126,0.11374318599700928,-0.003665454685688019,0.003665454685688019,1.3435558052832253e-05
76,2,77,0.09855623543262482,0.11275959014892578,-0.014203354716300964,0.014203354716300964,0.00020173528519706885
76,3,78,0.1039423793554306,0.1122133731842041,-0.008270993828773499,0.008270993828773499,6.84093389156093e-05
76,4,79,0.10333548486232758,0.10969996452331543,-0.006364479660987854,0.006364479660987854,4.050660135512807e-05
76,5,80,0.10585130751132965,0.10893511772155762,-0.0030838102102279663,0.0030838102102279663,9.509885412706254e-06
77,1,77,0.0855829045176506,0.06723570823669434,0.01834719628095627,0.01834719628095627,0.0003366196113719355
77,2,78,0.07393123209476471,0.08056306838989258,-0.006631836295127869,0.006631836295127869,4.3981252645375335e-05
77,3,79,0.07916994392871857,0.08860146999359131,-0.009431526064872742,0.009431526064872742,8.89536839123739e-05
77,4,80,0.07773954421281815,0.08722662925720215,-0.009487085044384003,0.009487085044384003,9.000478263937461e-05
77,5,81,0.08047951757907867,0.09336137771606445,-0.012881860136985779,0.012881860136985779,0.00016594232058886327
78,1,78,0.08494400233030319,0.09626317024230957,-0.011319167912006378,0.011319167912006378,0.00012812356222019483
78,2,79,0.07061396539211273,0.0967874526977539,-0.026173487305641174,0.026173487305641174,0.0006850514377385597
78,3,80,0.07586641609668732,0.09584355354309082,-0.019977137446403503,0.019977137446403503,0.0003990860205524971
78,4,81,0.07517224550247192,0.08042705059051514,-0.005254805088043213,0.005254805088043213,2.761297651332484e-05
78,5,82,0.07809017598628998,0.07004439830780029,0.008045777678489685,0.008045777678489685,6.473453845168287e-05
79,1,79,0.17805379629135132,0.12568962574005127,0.05236417055130005,0.05236417055130005,0.0027420063575256393
79,2,80,0.16582591831684113,0.12759852409362793,0.038227394223213196,0.038227394223213196,0.0014613336690969536
79,3,81,0.1705847829580307,0.12119722366333008,0.04938755929470062,0.04938755929470062,0.00243913101308757
79,4,82,0.169966459274292,0.1026681661605835,0.0672982931137085,0.0672982931137085,0.004529060256018624
79,5,83,0.17289771139621735,0.08144354820251465,0.0914541631937027,0.0914541631937027,0.008363863965460405
80,1,80,0.12256564944982529,0.10735440254211426,0.015211246907711029,0.015211246907711029,0.00023138203248734834
80,2,81,0.11009611189365387,0.13089120388031006,-0.02079509198665619,0.02079509198665619,0.00043243585073349244
80,3,82,0.11707998812198639,0.1215212345123291,-0.004441246390342712,0.004441246390342712,1.9724669499732173e-05
80,4,83,0.11396101862192154,0.11850941181182861,-0.004548393189907074,0.004548393189907074,2.0687880609993048e-05
80,5,84,0.11910112202167511,0.10925078392028809,0.009850338101387024,0.009850338101387024,9.702916071163692e-05
81,1,81,0.13302040100097656,0.12045800685882568,0.012562394142150879,0.012562394142150879,0.00015781374658274672
81,2,82,0.11894659698009491,0.12045800685882568,-0.001511409878730774,0.001511409878730774,2.2843598215249727e-06
81,3,83,0.12618021667003632,0.1538410186767578,-0.027660802006721497,0.027660802006721497,0.000765119967655048
81,4,84,0.12437543272972107,0.15798604488372803,-0.03361061215400696,0.03361061215400696,0.0011296732493670802
81,5,85,0.12919633090496063,0.1598905324935913,-0.030694201588630676,0.030694201588630676,0.0009421340111634979
82,1,82,0.10425188392400742,0.09247028827667236,0.011781595647335052,0.011781595647335052,0.00013880599599730425
82,2,83,0.08775950968265533,0.0973973274230957,-0.009637817740440369,0.009637817740440369,9.288753079794709e-05
82,3,84,0.09149648249149323,0.09814655780792236,-0.006650075316429138,0.006650075316429138,4.42235017141801e-05
82,4,85,0.0917767658829689,0.07372677326202393,0.018049992620944977,0.018049992620944977,0.0003258022336161681
82,5,86,0.09570114314556122,0.027243375778198242,0.06845776736736298,0.06845776736736298,0.004686465912923987
83,1,83,0.10878615826368332,-0.0020099282264709473,0.11079608649015427,0.11079608649015427,0.012275772781533745
83,2,84,0.0959983617067337,-0.011678516864776611,0.10767687857151031,0.10767687857151031,0.011594310178903777
83,3,85,0.10140939056873322,-0.048740506172180176,0.1501498967409134,0.1501498967409134,0.022544991491306954
83,4,86,0.10038680583238602,-0.03716003894805908,0.1375468373298645,0.1375468373298645,0.018919132459448207
83,5,87,0.10418494045734406,-0.0016112327575683594,0.10579617321491241,0.10579617321491241,0.011192830266919751
84,1,84,-0.031258322298526764,-0.02707737684249878,-0.004180945456027985,0.004180945456027985,1.7480304906281052e-05
84,2,85,-0.038666535168886185,0.0035234689712524414,-0.042190004140138626,0.042190004140138626,0.0017799964493449144
84,3,86,-0.028595436364412308,-0.030822396278381348,0.00222695991396904,0.00222695991396904,4.959350458424994e-06
84,4,87,-0.035782620310783386,-0.054575562477111816,0.01879294216632843,0.01879294216632843,0.0003531746752669651
84,5,88,-0.028657425194978714,-0.10004919767379761,0.07139177620410919,0.07139177620410919,0.0050967857095776115
85,1,85,-0.04647655040025711,-0.0888558030128479,0.04237925261259079,0.04237925261259079,0.0017960010520017833
85,2,86,-0.05696241930127144,-0.133226215839386,0.07626380026340485,0.07626380026340485,0.005816167230616509
85,3,87,-0.047999609261751175,-0.2343500852584839,0.186350479722023,0.186350479722023,0.03472650129262811
85,4,88,-0.05126882344484329,-0.22011005878448486,0.16884124279022217,0.16884124279022217,0.02850736526694675
85,5,89,-0.046507854014635086,-0.31081169843673706,0.2643038332462311,0.2643038332462311,0.06985651626865153
86,1,86,-0.21307134628295898,-0.3036317825317383,0.0905604362487793,0.0905604362487793,0.00820119261356922
86,2,87,-0.20753194391727448,-0.32157933712005615,0.11404739320278168,0.11404739320278168,0.013006807896349892
86,3,88,-0.19541706144809723,-0.2986462116241455,0.10322915017604828,0.10322915017604828,0.010656257446069128
86,4,89,-0.2065148949623108,-0.3274620771408081,0.12094718217849731,0.12094718217849731,0.014628220876918618
86,5,90,-0.20174458622932434,-0.3738267421722412,0.17208215594291687,0.17208215594291687,0.02961226839396236
87,1,87,-0.2798037827014923,-0.279806911945343,3.129243850708008e-06,3.129243850708008e-06,9.79216707719388e-12
87,2,88,-0.29159945249557495,-0.21329355239868164,-0.07830590009689331,0.07830590009689331,0.006131813989984636
87,3,89,-0.28923529386520386,-0.1606205701828003,-0.12861472368240356,0.12861472368240356,0.01654174714790102
87,4,90,-0.2865980863571167,-0.1712750792503357,-0.115323007106781,0.115323007106781,0.013299395968150662
87,5,91,-0.28592780232429504,-0.1498674750328064,-0.13606032729148865,0.13606032729148865,0.01851241266266701
88,1,88,-0.17051240801811218,-0.18593448400497437,0.015422075986862183,0.015422075986862183,0.00023784042774455116
88,2,89,-0.19361598789691925,-0.2204686999320984,0.026852712035179138,0.026852712035179138,0.0007210681436442545
88,3,90,-0.1931828111410141,-0.2115154266357422,0.01833261549472809,0.01833261549472809,0.0003360847908775444
88,4,91,-0.18262889981269836,-0.22410917282104492,0.04148027300834656,0.04148027300834656,0.001720613048846964
88,5,92,-0.18462195992469788,-0.16733908653259277,-0.017282873392105103,0.017282873392105103,0.00029869771268753453
89,1,89,-0.182485431432724,-0.16359251737594604,-0.018892914056777954,0.018892914056777954,0.000356942201556798
89,2,90,-0.18999139964580536,-0.15226304531097412,-0.03772835433483124,0.03772835433483124,0.001423428720814579
89,3,91,-0.18778954446315765,-0.13745492696762085,-0.050334617495536804,0.050334617495536804,0.0025335737184219997
89,4,92,-0.18537786602973938,-0.16061127185821533,-0.024766594171524048,0.024766594171524048,0.0006133841868569689
89,5,93,-0.1868268996477127,-0.1306968331336975,-0.0561300665140152,0.0561300665140152,0.00315058436686777
90,1,90,-0.153241366147995,-0.18419647216796875,0.030955106019973755,0.030955106019973755,0.0009582185887078154
90,2,91,-0.165964737534523,-0.1721089482307434,0.006144210696220398,0.006144210696220398,3.775132507954915e-05
90,3,92,-0.16327373683452606,-0.13747769594192505,-0.025796040892601013,0.025796040892601013,0.0006654357257327437
90,4,93,-0.15753337740898132,-0.15676003694534302,-0.0007733404636383057,0.0007733404636383057,5.980554727003096e-07
90,5,94,-0.16106902062892914,-0.18266159296035767,0.021592572331428528,0.021592572331428528,0.0004662391798879728
91,1,91,-0.09348279982805252,-0.11196857690811157,0.01848577708005905,0.01848577708005905,0.00034172395425363655
91,2,92,-0.10958756506443024,-0.12617385387420654,0.016586288809776306,0.016586288809776306,0.0002751049764813107
91,3,93,-0.10793261229991913,-0.11596977710723877,0.008037164807319641,0.008037164807319641,6.459601814001736e-05
91,4,94,-0.10139130055904388,-0.10596632957458496,0.004575029015541077,0.004575029015541077,2.0930890493042753e-05
91,5,95,-0.1039971262216568,-0.11166834831237793,0.00767122209072113,0.00767122209072113,5.884764836516787e-05
92,1,92,-0.09151393920183182,-0.11036211252212524,0.018848173320293427,0.018848173320293427,0.00035525363751182093
92,2,93,-0.10195431113243103,-0.11935245990753174,0.017398148775100708,0.017398148775100708,0.00030269558080053827
92,3,94,-0.09858207404613495,-0.13591891527175903,0.037336841225624084,0.037336841225624084,0.0013940397127074622
92,4,95,-0.09620760381221771,-0.13379746675491333,0.03758986294269562,0.03758986294269562,0.0014129977960506412
92,5,96,-0.09773330390453339,-0.11915063858032227,0.02141733467578888,0.02141733467578888,0.00045870222461474874
93,1,93,-0.12005970627069473,-0.11332356929779053,-0.006736136972904205,0.006736136972904205,4.537554131772703e-05
93,2,94,-0.1279630810022354,-0.11212038993835449,-0.01584269106388092,0.01584269106388092,0.00025099086014557237
93,3,95,-0.12209935486316681,-0.0930715799331665,-0.029027774930000305,0.029027774930000305,0.0008426117173867542
93,4,96,-0.12250754237174988,-0.0883592963218689,-0.03414824604988098,0.03414824604988098,0.001166102708283212
93,5,97,-0.12338016927242279,-0.11512798070907593,-0.008252188563346863,0.008252188563346863,6.809861608503276e-05
94,1,94,-0.09804502874612808,-0.1543269157409668,0.056281886994838715,0.056281886994838715,0.0031676508036997952
94,2,95,-0.1118374615907669,-0.14911633729934692,0.03727887570858002,0.03727887570858002,0.0013897145740957573
94,3,96,-0.10774166882038116,-0.14479076862335205,0.037049099802970886,0.037049099802970886,0.0013726357962104974
94,4,97,-0.10598674416542053,-0.10497462749481201,-0.0010121166706085205,0.0010121166706085205,1.0243801549236764e-06
94,5,98,-0.10761676728725433,-0.10035395622253418,-0.007262811064720154,0.007262811064720154,5.2748424561821494e-05
95,1,95,-0.04798770695924759,0.0033140182495117188,-0.05130172520875931,0.05130172520875931,0.0026318670093950502
95,2,96,-0.060868773609399796,0.01745438575744629,-0.07832315564155579,0.07832315564155579,0.006134516709651372
95,3,97,-0.05509530380368233,0.011949419975280762,-0.06704472005367279,0.06704472005367279,0.004494994487075354
95,4,98,-0.05615361034870148,0.04292857646942139,-0.09908218681812286,0.09908218681812286,0.0098172797446614
95,5,99,-0.054590512067079544,0.07800924777984619,-0.13259975612163544,0.13259975612163544,0.017582695323517195
96,1,96,0.04153832048177719,0.08281075954437256,-0.04127243906259537,0.04127243906259537,0.001703414226175648
96,2,97,0.029299896210432053,0.08683514595031738,-0.05753524973988533,0.05753524973988533,0.003310304962630975
96,3,98,0.03497747704386711,0.09741878509521484,-0.06244130805134773,0.06244130805134773,0.003898916951163303
96,4,99,0.03414015471935272,0.11064887046813965,-0.07650871574878693,0.07650871574878693,0.005853583585528677
96,5,100,0.03505496308207512,0.14780259132385254,-0.11274762451648712,0.11274762451648712,0.012712026834110768
97,1,97,0.13349688053131104,0.14986002445220947,-0.016363143920898438,0.016363143920898438,0.0002677524789760355
97,2,98,0.12014131247997284,0.16609501838684082,-0.04595370590686798,0.04595370590686798,0.002111743086574913
97,3,99,0.12382568418979645,0.18403327465057373,-0.06020759046077728,0.06020759046077728,0.0036249539490926797
97,4,100,0.12435998022556305,0.16518700122833252,-0.04082702100276947,0.04082702100276947,0.0016668456439605794
97,5,101,0.12476964294910431,0.15939676761627197,-0.034627124667167664,0.034627124667167664,0.0011990377627155713
98,1,98,0.473871648311615,0.3660857677459717,0.10778588056564331,0.10778588056564331,0.011617796049311124
98,2,99,0.4565024971961975,0.38417232036590576,0.07233017683029175,0.07233017683029175,0.005231654480301273
98,3,100,0.45434752106666565,0.4044111967086792,0.04993632435798645,0.04993632435798645,0.002493636490386031
98,4,101,0.46664056181907654,0.42163658142089844,0.0450039803981781,0.0450039803981781,0.0020253582516795987
98,5,102,0.4624731242656708,0.4240766763687134,0.0383964478969574,0.0383964478969574,0.0014742872111037642
99,1,99,0.34594541788101196,0.364518404006958,-0.018572986125946045,0.018572986125946045,0.0003449558136345843
99,2,100,0.32648172974586487,0.327512264251709,-0.0010305345058441162,0.0010305345058441162,1.0620013677353768e-06
99,3,101,0.33039528131484985,0.3792097568511963,-0.048814475536346436,0.048814475536346436,0.0023828530218885646
99,4,102,0.3348361551761627,0.41261231899261475,-0.07777616381645203,0.07777616381645203,0.0060491316580035814
99,5,103,0.3373603820800781,0.38710999488830566,-0.04974961280822754,0.04974961280822754,0.0024750239745685576
100,1,100,0.20239731669425964,0.22858309745788574,-0.0261857807636261,0.0261857807636261,0.0006856951142006906
100,2,101,0.1866845041513443,0.1349247694015503,0.051759734749794006,0.051759734749794006,0.002679070141369033
100,3,102,0.18839357793331146,0.16158032417297363,0.02681325376033783,0.02681325376033783,0.0007189505772162708
100,4,103,0.18925873935222626,0.18799364566802979,0.0012650936841964722,0.0012650936841964722,1.6004620297938033e-06
100,5,104,0.19285176694393158,0.18011808395385742,0.012733682990074158,0.012733682990074158,0.00016214668249170394
101,1,101,0.15212669968605042,0.17247533798217773,-0.02034863829612732,0.02034863829612732,0.00041406708050661933
101,2,102,0.14469115436077118,0.1905810832977295,-0.04588992893695831,0.04588992893695831,0.002105885577839084
101,3,103,0.14736317098140717,0.15627527236938477,-0.0089121013879776,0.0089121013879776,7.942555114959227e-05
101,4,104,0.14288181066513062,0.17735910415649414,-0.034477293491363525,0.034477293491363525,0.0011886837664896177
101,5,105,0.14796526730060577,0.15532219409942627,-0.007356926798820496,0.007356926798820496,5.4124371923203185e-05
102,1,102,0.1555110216140747,0.15515565872192383,0.0003553628921508789,0.0003553628921508789,1.262827851178372e-07
102,2,103,0.14556561410427094,0.13711941242218018,0.00844620168209076,0.00844620168209076,7.133832285455277e-05
102,3,104,0.15356837213039398,0.1406559944152832,0.012912377715110779,0.012912377715110779,0.00016672949825768946
102,4,105,0.150801420211792,0.16163945198059082,-0.010838031768798828,0.010838031768798828,0.00011746293262149266
102,5,106,0.15522406995296478,0.14654994010925293,0.008674129843711853,0.008674129843711853,7.524052854557262e-05
103,1,103,0.10208906978368759,0.08730626106262207,0.014782808721065521,0.014782808721065521,0.00021853143368361083
103,2,104,0.09072037041187286,0.08019161224365234,0.01052875816822052,0.01052875816822052,0.00011085474856487032
103,3,105,0.09685303270816803,0.11079633235931396,-0.013943299651145935,0.013943299651145935,0.00019441560516164635
103,4,106,0.09338138997554779,0.11700749397277832,-0.02362610399723053,0.02362610399723053,0.0005581927900879524
103,5,107,0.0983542650938034,0.11011838912963867,-0.011764124035835266,0.011764124035835266,0.00013839461433051703
104,1,104,0.12099006026983261,0.1204216480255127,0.0005684122443199158,0.0005684122443199158,3.230924794928036e-07
104,2,105,0.10494624078273773,0.10653424263000488,-0.0015880018472671509,0.0015880018472671509,2.5217498669238836e-06
104,3,106,0.10941846668720245,0.09583425521850586,0.013584211468696594,0.013584211468696594,0.00018453080122626808
104,4,107,0.10862284898757935,0.10380256175994873,0.004820287227630615,0.004820287227630615,2.3235168956858843e-05
104,5,108,0.11331625282764435,0.10209500789642334,0.011221244931221008,0.011221244931221008,0.00012591633780645317
105,1,105,0.10342367738485336,0.10643947124481201,-0.0030157938599586487,0.0030157938599586487,9.095012605764285e-06
105,2,106,0.0936182290315628,0.11460089683532715,-0.020982667803764343,0.020982667803764343,0.00044027234816312877
105,3,107,0.10026530921459198,0.10326540470123291,-0.00300009548664093,0.00300009548664093,9.00057292896328e-06
105,4,108,0.09662578999996185,0.14418625831604004,-0.047560468316078186,0.047560468316078186,0.002261998146444677
105,5,109,0.10155712068080902,0.1386317014694214,-0.037074580788612366,0.037074580788612366,0.001374524540651345
106,1,106,0.1426745057106018,0.18709707260131836,-0.04442256689071655,0.04442256689071655,0.0019733644491601865
106,2,107,0.13073410093784332,0.2284696102142334,-0.09773550927639008,0.09773550927639008,0.00955222977351533
106,3,108,0.13741256296634674,0.22509002685546875,-0.08767746388912201,0.08767746388912201,0.007687337674028294
106,4,109,0.13575275242328644,0.2262554168701172,-0.09050266444683075,0.09050266444683075,0.008190732271975643
106,5,110,0.14036069810390472,0.24140548706054688,-0.10104478895664215,0.10104478895664215,0.010210049375292352
107,1,107,0.13643676042556763,0.1478804349899292,-0.011443674564361572,0.011443674564361572,0.00013095768753501602
107,2,108,0.12195737659931183,0.13957595825195312,-0.017618581652641296,0.017618581652641296,0.0003104144194507885
107,3,109,0.12647108733654022,0.15370440483093262,-0.027233317494392395,0.027233317494392395,0.0007416535817503789
107,4,110,0.1291244924068451,0.1690199375152588,-0.039895445108413696,0.039895445108413696,0.0015916465403984503
107,5,111,0.1308317929506302,0.16492128372192383,-0.03408949077129364,0.03408949077129364,0.0011620933810461143
108,1,108,0.09515290707349777,0.11744654178619385,-0.022293634712696075,0.022293634712696075,0.0004970061487031274
108,2,109,0.08299021422863007,0.13862454891204834,-0.055634334683418274,0.055634334683418274,0.0030951791956665975
108,3,110,0.08615584671497345,0.1353663206100464,-0.04921047389507294,0.04921047389507294,0.002421670740977655
108,4,111,0.08706806600093842,0.13556993007659912,-0.048501864075660706,0.048501864075660706,0.0023524308188138665
108,5,112,0.08878730237483978,0.12854456901550293,-0.03975726664066315,0.03975726664066315,0.0015806402507367867
109,1,109,0.10698782652616501,0.11116456985473633,-0.00417674332857132,0.00417674332857132,1.7445184832765026e-05
109,2,110,0.09424285590648651,0.10720634460449219,-0.012963488698005676,0.012963488698005676,0.0001680520392233209
109,3,111,0.0987025648355484,0.13639795780181885,-0.03769539296627045,0.03769539296627045,0.0014209426508815515
109,4,112,0.10005632787942886,0.15579330921173096,-0.055736981332302094,0.055736981332302094,0.003106611088037392
109,5,113,0.10101629793643951,0.1167060136795044,-0.01568971574306488,0.01568971574306488,0.00024616718009817795
110,1,110,0.20552891492843628,0.1836608648300171,0.02186805009841919,0.02186805009841919,0.0004782116151069715
110,2,111,0.1903541386127472,0.18703055381774902,0.003323584794998169,0.003323584794998169,1.104621588954302e-05
110,3,112,0.19167418777942657,0.20998775959014893,-0.01831357181072235,0.01831357181072235,0.00033538691246648433
110,4,113,0.19505511224269867,0.20882952213287354,-0.013774409890174866,0.013774409890174866,0.00018973436782254716
110,5,114,0.19623936712741852,0.24263310432434082,-0.0463937371969223,0.0463937371969223,0.002152378851097092
111,1,111,0.16895315051078796,0.2142634391784668,-0.04531028866767883,0.04531028866767883,0.002053022259148385
111,2,112,0.15387219190597534,0.21416151523590088,-0.06028932332992554,0.06028932332992554,0.0036348025075803037
111,3,113,0.1568884402513504,0.20723938941955566,-0.05035094916820526,0.05035094916820526,0.00253521808213919
111,4,114,0.1585424244403839,0.1845378875732422,-0.025995463132858276,0.025995463132858276,0.0006757641034917938
111,5,115,0.1607692986726761,0.16723203659057617,-0.0064627379179000854,0.0064627379179000854,4.176698139546353e-05
112,1,112,0.17756110429763794,0.12052392959594727,0.057037174701690674,0.057037174701690674,0.0032532392979511826
112,2,113,0.16694046556949615,0.15511727333068848,0.011823192238807678,0.011823192238807678,0.00013978787471580212
112,3,114,0.17116592824459076,0.2563270330429077,-0.08516110479831696,0.08516110479831696,0.007252413770469923
112,4,115,0.17104223370552063,0.2330014705657959,-0.06195923686027527,0.06195923686027527,0.0038389470323076935
112,5,116,0.17246179282665253,0.22786188125610352,-0.05540008842945099,0.05540008842945099,0.0030691697979909893
113,1,113,0.26653116941452026,0.2658275365829468,0.0007036328315734863,0.0007036328315734863,4.950991616681222e-07
113,2,114,0.23717151582241058,0.28649675846099854,-0.04932524263858795,0.04932524263858795,0.002432979561355575
113,3,115,0.2346891313791275,0.2782493829727173,-0.04356025159358978,0.04356025159358978,0.0018974955188968412
113,4,116,0.2450856864452362,0.2894495725631714,-0.04436388611793518,0.04436388611793518,0.001968154391485122
113,5,117,0.24532921612262726,0.2894495725631714,-0.04412035644054413,0.04412035644054413,0.0019466058524406638
114,1,114,0.28174686431884766,0.30822908878326416,-0.026482224464416504,0.026482224464416504,0.00070130821258374
114,2,115,0.26877692341804504,0.3055698871612549,-0.03679296374320984,0.03679296374320984,0.0013537221810091538
114,3,116,0.271840900182724,0.33021843433380127,-0.05837753415107727,0.05837753415107727,0.003407936493560193
114,4,117,0.2752055525779724,0.3266390562057495,-0.0514335036277771,0.0514335036277771,0.00264540529542856
114,5,118,0.27542272210121155,0.3396279811859131,-0.06420525908470154,0.06420525908470154,0.004122315294133649
115,1,115,0.3431066572666168,0.3475989103317261,-0.004492253065109253,0.004492253065109253,2.0180337600983478e-05
115,2,116,0.327601820230484,0.3448922634124756,-0.017290443181991577,0.017290443181991577,0.000298959425429679
115,3,117,0.32792559266090393,0.3288618326187134,-0.0009362399578094482,0.0009362399578094482,8.765452585990374e-07
115,4,118,0.33368539810180664,0.3428105115890503,-0.009125113487243652,0.009125113487243652,8.326769615507601e-05
115,5,119,0.3331316411495209,0.3324010372161865,0.0007306039333343506,0.0007306039333343506,5.337821074036242e-07
116,1,116,0.301248699426651,0.29749345779418945,0.003755241632461548,0.003755241632461548,1.410183971817247e-05
116,2,117,0.2903765141963959,0.308286190032959,-0.01790967583656311,0.01790967583656311,0.00032075648857077255
116,3,118,0.2949846684932709,0.31785738468170166,-0.022872716188430786,0.022872716188430786,0.0005231611458365037
116,4,119,0.2957839071750641,0.32386481761932373,-0.028080910444259644,0.028080910444259644,0.0007885375313785303
116,5,120,0.29722800850868225,0.32355964183807373,-0.02633163332939148,0.02633163332939148,0.0006933549137935202
117,1,117,0.3224017322063446,0.31804466247558594,0.004357069730758667,0.004357069730758667,1.8984056638693403e-05
117,2,118,0.3061247169971466,0.31414318084716797,-0.008018463850021362,0.008018463850021362,6.429576251409941e-05
117,3,119,0.31005823612213135,0.25346219539642334,0.05659604072570801,0.05659604072570801,0.0032031118258259994
117,4,120,0.31305259466171265,0.2614707946777344,0.05158179998397827,0.05158179998397827,0.002660682089587141
117,5,121,0.31495097279548645,0.2329268455505371,0.08202412724494934,0.08202412724494934,0.006727957450295641
118,1,118,0.21778449416160583,0.20421290397644043,0.013571590185165405,0.013571590185165405,0.00018418806015407796
118,2,119,0.21149137616157532,0.2258589267730713,-0.014367550611495972,0.014367550611495972,0.00020642651057389827
118,3,120,0.2211887091398239,0.2529165744781494,-0.0317278653383255,0.0317278653383255,0.0010066574389269167
118,4,121,0.21570788323879242,0.27613699436187744,-0.06042911112308502,0.06042911112308502,0.003651677471126158
118,5,122,0.22074569761753082,0.26826584339141846,-0.047520145773887634,0.047520145773887634,0.002258164254371531
119,1,119,0.19520971179008484,0.21427857875823975,-0.019068866968154907,0.019068866968154907,0.0003636216874491893
119,2,120,0.17601145803928375,0.20260179042816162,-0.02659033238887787,0.02659033238887787,0.0007070457765510074
119,3,121,0.18098200857639313,0.20213103294372559,-0.02114902436733246,0.02114902436733246,0.0004472812316900221
119,4,122,0.18186360597610474,0.1925259828567505,-0.010662376880645752,0.010662376880645752,0.00011368628074492904
119,5,123,0.18654049932956696,0.20796918869018555,-0.02142868936061859,0.02142868936061859,0.0004591887277138884
120,1,120,0.1721051037311554,0.18813872337341309,-0.01603361964225769,0.01603361964225769,0.00025707695883259163
120,2,121,0.16025665402412415,0.20731544494628906,-0.04705879092216492,0.04705879092216492,0.002214529803056031
120,3,122,0.16540218889713287,0.20201897621154785,-0.03661678731441498,0.03661678731441498,0.0013407891132291017
120,4,123,0.1636011302471161,0.204575777053833,-0.04097464680671692,0.04097464680671692,0.001678921680935197
120,5,124,0.1678035706281662,0.21434688568115234,-0.046543315052986145,0.046543315052986145,0.0021662801761215267
121,1,121,0.1758805215358734,0.19449639320373535,-0.01861587166786194,0.01861587166786194,0.00034655067795430483
121,2,122,0.16223108768463135,0.19957256317138672,-0.03734147548675537,0.03734147548675537,0.0013943857915279523
121,3,123,0.16750361025333405,0.2070530652999878,-0.03954945504665375,0.03954945504665375,0.0015641593944872856
121,4,124,0.16770508885383606,0.19556522369384766,-0.027860134840011597,0.027860134840011597,0.000776187113303628
121,5,125,0.17089204490184784,0.19957256317138672,-0.02868051826953888,0.02868051826953888,0.0008225721282093534
122,1,122,0.2066841423511505,0.20498228073120117,0.0017018616199493408,0.0017018616199493408,2.8963329734565946e-06
122,2,123,0.1928330510854721,0.20622754096984863,-0.013394489884376526,0.013394489884376526,0.00017941235926266508
122,3,124,0.19652946293354034,0.21850526332855225,-0.021975800395011902,0.021975800395011902,0.00048293580300140526
122,4,125,0.19791662693023682,0.2230072021484375,-0.025090575218200684,0.025090575218200684,0.0006295369647801863
122,5,126,0.20032574236392975,0.2369140386581421,-0.03658829629421234,0.03658829629421234,0.0013387034257130725
123,1,123,0.15125322341918945,0.1686776876449585,-0.017424464225769043,0.017424464225769043,0.0003036119535551052
123,2,124,0.13751518726348877,0.16590559482574463,-0.02839040756225586,0.02839040756225586,0.0008060152415509947
123,3,125,0.14133073389530182,0.15574133396148682,-0.014410600066184998,0.014410600066184998,0.00020766539426753106
123,4,126,0.1419796347618103,0.15431272983551025,-0.012333095073699951,0.012333095073699951,0.000152105234096922
123,5,127,0.14459998905658722,0.1448204517364502,-0.00022046267986297607,0.00022046267986297607,4.8603793212365076e-08
124,1,124,0.22122377157211304,0.23198795318603516,-0.01076418161392212,0.01076418161392212,0.000115867605817499
124,2,125,0.21036352217197418,0.22270691394805908,-0.0123433917760849,0.0123433917760849,0.00015235932053792034
124,3,126,0.21473993360996246,0.24179816246032715,-0.027058228850364685,0.027058228850364685,0.0007321477485187078
124,4,127,0.21521323919296265,0.21333885192871094,0.001874387264251709,0.001874387264251709,3.513327616389006e-06
124,5,128,0.21772132813930511,0.27290987968444824,-0.05518855154514313,0.05518855154514313,0.00304577622165092
125,1,125,0.1359848976135254,0.1481386423110962,-0.0121537446975708,0.0121537446975708,0.00014771351017373036
125,2,126,0.12268820405006409,0.1425771713256836,-0.019888967275619507,0.019888967275619507,0.00039557101929066363
125,3,127,0.12620826065540314,0.14128756523132324,-0.015079304575920105,0.015079304575920105,0.00022738542649336502
125,4,128,0.12649855017662048,0.14797735214233398,-0.0214788019657135,0.0214788019657135,0.00046133893388233815
125,5,129,0.12919463217258453,0.14104604721069336,-0.011851415038108826,0.011851415038108826,0.00014045603840551202
126,1,126,0.1174103245139122,0.10909903049468994,0.00831129401922226,0.00831129401922226,6.90776082739597e-05
126,2,127,0.10634870827198029,0.10823750495910645,-0.0018887966871261597,0.0018887966871261597,3.567552925298756e-06
126,3,128,0.11118729412555695,0.09750485420227051,0.013682439923286438,0.013682439923286438,0.0001872091622543426
126,4,129,0.11003304272890091,0.10635721683502197,0.0036758258938789368,0.0036758258938789368,1.3511696002110885e-05
126,5,130,0.11280010640621185,0.11513078212738037,-0.002330675721168518,0.002330675721168518,5.432049317244392e-06
127,1,127,0.09526541084051132,0.12190330028533936,-0.026637889444828033,0.026637889444828033,0.0007095771540748808
127,2,128,0.0846685916185379,0.13273954391479492,-0.04807095229625702,0.04807095229625702,0.002310816454669018
127,3,129,0.0909920185804367,0.13815712928771973,-0.04716511070728302,0.04716511070728302,0.0022245476680302634
127,4,130,0.08833074569702148,0.12267744541168213,-0.034346699714660645,0.034346699714660645,0.0011796957812890696
127,5,131,0.09188316762447357,0.10712027549743652,-0.015237107872962952,0.015237107872962952,0.00023216945633230957
128,1,128,0.15912950038909912,0.11107504367828369,0.04805445671081543,0.04805445671081543,0.002309230809771634
128,2,129,0.1454133242368698,0.1065143346786499,0.03889898955821991,0.03889898955821991,0.0015131313886505016
128,3,130,0.14995409548282623,0.09511268138885498,0.05484141409397125,0.05484141409397125,0.0030075806998264287
128,4,131,0.15023458003997803,0.12286996841430664,0.027364611625671387,0.027364611625671387,0.0007488219694238296
128,5,132,0.1527429074048996,0.11351275444030762,0.03923015296459198,0.03923015296459198,0.001539004901625285
129,1,129,0.09864269942045212,0.08771812915802002,0.010924570262432098,0.010924570262432098,0.00011934623541881573
129,2,130,0.08786460757255554,0.07366788387298584,0.014196723699569702,0.014196723699569702,0.00020154696380192405
129,3,131,0.09507675468921661,0.05454421043395996,0.04053254425525665,0.04053254425525665,0.001642887143804339
129,4,132,0.09110111743211746,0.022697091102600098,0.06840402632951736,0.06840402632951736,0.004679110818089305
129,5,133,0.09595240652561188,0.05157816410064697,0.044374242424964905,0.044374242424964905,0.0019690733907895552
130,1,130,0.1201900765299797,0.09370684623718262,0.02648323029279709,0.02648323029279709,0.0007013614867413254
130,2,131,0.1108085960149765,0.11106348037719727,-0.00025488436222076416,0.00025488436222076416,6.496603810468571e-08
130,3,132,0.11896668374538422,0.1428292989730835,-0.02386261522769928,0.02386261522769928,0.0005694244055052256
130,4,133,0.11359605938196182,0.13496947288513184,-0.021373413503170013,0.021373413503170013,0.00045682280477749027
130,5,134,0.11984093487262726,0.1513437032699585,-0.03150276839733124,0.03150276839733124,0.0009924244166958918
131,1,131,0.08521922677755356,0.12758386135101318,-0.042364634573459625,0.042364634573459625,0.0017947622625427706
131,2,132,0.06717754900455475,0.11437392234802246,-0.04719637334346771,0.04719637334346771,0.0022274976567759897
131,3,133,0.07194678485393524,0.10178577899932861,-0.02983899414539337,0.02983899414539337,0.0008903655716088199
131,4,134,0.07220447808504105,0.10699188709259033,-0.034787409007549286,0.034787409007549286,0.0012101638254585212
131,5,135,0.07700709998607635,0.11538398265838623,-0.038376882672309875,0.038376882672309875,0.001472785123644238
132,1,132,0.10419344156980515,0.09450423717498779,0.009689204394817352,0.009689204394817352,9.38806818045479e-05
132,2,133,0.09537363052368164,0.09134674072265625,0.004026889801025391,0.004026889801025391,1.621584146960231e-05
132,3,134,0.10097901523113251,0.10890567302703857,-0.007926657795906067,0.007926657795906067,6.283190381339843e-05
132,4,135,0.09844037890434265,0.11737704277038574,-0.01893666386604309,0.01893666386604309,0.00035859723837550206
132,5,136,0.10212098062038422,0.0937342643737793,0.00838671624660492,0.00838671624660492,7.033700940106691e-05
133,1,133,0.08123715966939926,0.02098691463470459,0.06025024503469467,0.06025024503469467,0.00363009202674075
133,2,134,0.06760655343532562,0.016952991485595703,0.05065356194972992,0.05065356194972992,0.0025657833381951267
133,3,135,0.0718621164560318,0.013366937637329102,0.0584951788187027,0.0584951788187027,0.0034216859450320047
133,4,136,0.07169708609580994,0.012545228004455566,0.05915185809135437,0.05915185809135437,0.0034989423156597255
133,5,137,0.07509984076023102,0.008914589881896973,0.06618525087833405,0.06618525087833405,0.0043804874338280175
134,1,134,0.016849540174007416,0.020431995391845703,-0.0035824552178382874,0.0035824552178382874,1.2833985387816771e-05
134,2,135,0.005614679306745529,0.0157620906829834,-0.01014741137623787,0.01014741137623787,0.00010296995763860173
134,3,136,0.012215804308652878,-0.004698514938354492,0.01691431924700737,0.01691431924700737,0.00028609419558968396
134,4,137,0.00936099886894226,-0.0211561918258667,0.03051719069480896,0.03051719069480896,0.0009312989279033346
134,5,138,0.014155995100736618,-0.011444628238677979,0.025600623339414597,0.025600623339414597,0.0006553919153665794
135,1,135,-0.014921732246875763,-0.030810952186584473,0.01588921993970871,0.01588921993970871,0.00025246731029243685
135,2,136,-0.023422811180353165,-0.02079927921295166,-0.0026235319674015045,0.0026235319674015045,6.882919983977609e-06
135,3,137,-0.016247350722551346,-0.008986890316009521,-0.007260460406541824,0.007260460406541824,5.271428531496147e-05
135,4,138,-0.019821397960186005,0.016942501068115234,-0.03676389902830124,0.03676389902830124,0.0013515842717631288
135,5,139,-0.015760142356157303,0.011612653732299805,-0.027372796088457108,0.027372796088457108,0.0007492699657002527
136,1,136,-0.002133317291736603,0.041930437088012695,-0.0440637543797493,0.0440637543797493,0.0019416144500388755
136,2,137,-0.01601128652691841,0.03984546661376953,-0.05585675314068794,0.05585675314068794,0.0031199768714197523
136,3,138,-0.011121440678834915,0.04106760025024414,-0.052189040929079056,0.052189040929079056,0.002723695993097089
136,4,139,-0.011071301996707916,0.029205918312072754,-0.04027722030878067,0.04027722030878067,0.001622254475802054
136,5,140,-0.007808316498994827,-0.011625707149505615,0.003817390650510788,0.003817390650510788,1.4572471378607177e-05
137,1,137,0.029659561812877655,-0.02737051248550415,0.057030074298381805,0.057030074298381805,0.003252429374478949
137,2,138,0.01891433820128441,-0.03545963764190674,0.05437397584319115,0.05437397584319115,0.0029565292489959344
137,3,139,0.023319344967603683,-0.06331533193588257,0.08663468062877655,0.08663468062877655,0.007505567887650111
137,4,140,0.02320341020822525,-0.09511035680770874,0.11831376701593399,0.11831376701593399,0.01399814746550071
137,5,141,0.02493451163172722,-0.06451112031936646,0.08944563567638397,0.08944563567638397,0.008000521741552413
138,1,138,-0.03633777052164078,-0.055224061012268066,0.01888629049062729,0.01888629049062729,0.00035669196849635876
138,2,139,-0.04345499351620674,-0.059046149253845215,0.015591155737638474,0.015591155737638474,0.0002430841372352971
138,3,140,-0.03573252633213997,-0.05947071313858032,0.023738186806440353,0.023738186806440353,0.0005635015128574589
138,4,141,-0.03991958498954773,-0.06201845407485962,0.02209886908531189,0.02209886908531189,0.0004883600148497536
138,5,142,-0.03616013005375862,-0.04368788003921509,0.007527749985456467,0.007527749985456467,5.6667019843539834e-05
139,1,139,-0.06573546677827835,-0.0518186092376709,-0.013916857540607452,0.013916857540607452,0.0001936789238055625
139,2,140,-0.0767606645822525,-0.056104838848114014,-0.02065582573413849,0.02065582573413849,0.00042666313675909784
139,3,141,-0.07085426151752472,-0.07587605714797974,0.005021795630455017,0.005021795630455017,2.5218431354057103e-05
139,4,142,-0.07273527979850769,-0.06363993883132935,-0.009095340967178345,0.009095340967178345,8.272522730923271e-05
139,5,143,-0.06971107423305511,-0.05541360378265381,-0.014297470450401306,0.014297470450401306,0.00020441766128009853
140,1,140,-0.033310092985630035,-0.05299729108810425,0.019687198102474213,0.019687198102474213,0.00038758576912606424
140,2,141,-0.04145361855626106,-0.06207460165023804,0.020620983093976974,0.020620983093976974,0.0004252249437620842
140,3,142,-0.034499187022447586,-0.05207544565200806,0.01757625862956047,0.01757625862956047,0.0003089248674131989
140,4,143,-0.0378512367606163,-0.04753679037094116,0.00968555361032486,0.00968555361032486,9.380994873847692e-05
140,5,144,-0.03455593064427376,-0.05987590551376343,0.02531997486948967,0.02531997486948967,0.0006411011273915884
141,1,141,-0.026681996881961823,-0.08598184585571289,0.05929984897375107,0.05929984897375107,0.0035164720883096856
141,2,142,-0.03840038552880287,-0.06591981649398804,0.027519430965185165,0.027519430965185165,0.0007573190806475921
141,3,143,-0.033456701785326004,-0.07109689712524414,0.03764019533991814,0.03764019533991814,0.001416784305227195
141,4,144,-0.0348348468542099,-0.06383424997329712,0.02899940311908722,0.02899940311908722,0.0008409653812633255
141,5,145,-0.03146045282483101,-0.05369514226913452,0.022234689444303513,0.022234689444303513,0.000494381414684622
142,1,142,-0.018697448074817657,-0.009068012237548828,-0.00962943583726883,0.00962943583726883,9.272603454407724e-05
142,2,143,-0.031789619475603104,-0.01956886053085327,-0.012220758944749832,0.012220758944749832,0.00014934694918568303
142,3,144,-0.025178391486406326,-0.0004419684410095215,-0.024736423045396805,0.024736423045396805,0.0006118906250808381
142,4,145,-0.026278533041477203,-0.005242526531219482,-0.02103600651025772,0.02103600651025772,0.0004425135698996052
142,5,146,-0.02187402918934822,-0.002167224884033203,-0.019706804305315018,0.019706804305315018,0.0003883581359279825
143,1,143,-0.06773073226213455,-0.09160321950912476,0.023872487246990204,0.023872487246990204,0.0005698956473577099
143,2,144,-0.07989563047885895,-0.08704566955566406,0.007150039076805115,0.007150039076805115,5.112305879984014e-05
143,3,145,-0.07613436877727509,-0.07820683717727661,0.002072468400001526,0.002072468400001526,4.295125269004885e-06
143,4,146,-0.07581982016563416,-0.048375725746154785,-0.02744409441947937,0.02744409441947937,0.0007531783185052987
143,5,147,-0.07417546212673187,-0.058112263679504395,-0.016063198447227478,0.016063198447227478,0.00025802634435501126
144,1,144,-0.04712388664484024,-0.03321993350982666,-0.01390395313501358,0.01390395313501358,0.00019331991278065397
144,2,145,-0.059681642800569534,-0.059518635272979736,-0.00016300752758979797,0.00016300752758979797,2.6571454050938748e-08
144,3,146,-0.055101025849580765,-0.05796778202056885,0.002866756170988083,0.002866756170988083,8.218290943898254e-06
144,4,147,-0.05471566319465637,-0.041610121726989746,-0.013105541467666626,0.013105541467666626,0.0001717552171607295
144,5,148,-0.05287202075123787,-0.03822594881057739,-0.014646071940660477,0.014646071940660477,0.00021450742329100214
145,1,145,-0.005162842571735382,-0.006105005741119385,0.0009421631693840027,0.0009421631693840027,8.876714377437089e-07
145,2,146,-0.013650882989168167,-0.02516758441925049,0.011516701430082321,0.011516701430082321,0.00013263441182966018
145,3,147,-0.008941341191530228,-0.022894740104675293,0.013953398913145065,0.013953398913145065,0.0001946973412293579
145,4,148,-0.010978162288665771,-0.027367353439331055,0.016389191150665283,0.016389191150665283,0.00026860558657304523
145,5,149,-0.008328992873430252,-0.017102837562561035,0.008773844689130783,0.008773844689130783,7.698035062898845e-05
146,1,146,-0.017171300947666168,-0.024191558361053467,0.007020257413387299,0.007020257413387299,4.9284014150219324e-05
146,2,147,-0.026610244065523148,-0.005520939826965332,-0.021089304238557816,0.021089304238557816,0.00044475875326645264
146,3,148,-0.021627623587846756,-0.007918298244476318,-0.013709325343370438,0.013709325343370438,0.00018794560137037897
146,4,149,-0.02328532189130783,-0.006644606590270996,-0.016640715301036835,0.016640715301036835,0.00027691340573016143
146,5,150,-0.020703572779893875,-0.020839452743530273,0.00013587996363639832,0.00013587996363639832,1.846336451782893e-08
147,1,147,0.024793706834316254,-0.000886380672454834,0.025680087506771088,0.025680087506771088,0.0006594668943554205
147,2,148,0.012111153453588486,-0.000886380672454834,0.01299753412604332,0.01299753412604332,0.00016893589335766068
147,3,149,0.017605703324079514,-0.004088461399078369,0.021694164723157883,0.021694164723157883,0.00047063678303550793
147,4,150,0.017906397581100464,-0.0025244951248168945,0.02043089270591736,0.02043089270591736,0.0004174213767607071
147,5,151,0.020415496081113815,-0.0069923996925354,0.027407895773649216,0.027407895773649216,0.0007511927507392185
148,1,148,-0.0599178746342659,-0.08854711055755615,0.028629235923290253,0.028629235923290253,0.0008196331495514131
148,2,149,-0.07062883675098419,-0.09449249505996704,0.02386365830898285,0.02386365830898285,0.0005694741878878862
148,3,150,-0.06502194702625275,-0.08785563707351685,0.0228336900472641,0.0228336900472641,0.0005213774011745276
148,4,151,-0.06605814397335052,-0.09186536073684692,0.0258072167634964,0.0258072167634964,0.0006660124370780895
148,5,152,-0.06445185840129852,-0.09926271438598633,0.034810855984687805,0.034810855984687805,0.0012117956943866748
149,1,149,-0.031096793711185455,-0.05501449108123779,0.023917697370052338,0.023917697370052338,0.0005720562474854085
149,2,150,-0.04274057224392891,-0.06573981046676636,0.022999238222837448,0.022999238222837448,0.0005289649588308271
149,3,151,-0.03754084184765816,-0.0694354772567749,0.031894635409116745,0.031894635409116745,0.0010172677678804837
149,4,152,-0.038946785032749176,-0.05733346939086914,0.018386684358119965,0.018386684358119965,0.0003380701616851334
149,5,153,-0.03605591133236885,-0.03994119167327881,0.003885280340909958,0.003885280340909958,1.5095403327461399e-05
150,1,150,-0.020788617432117462,-0.0009096860885620117,-0.01987893134355545,0.01987893134355545,0.0003951719113617913
150,2,151,-0.03078090026974678,0.0028433799743652344,-0.033624280244112015,0.033624280244112015,0.0011305922219345815
150,3,152,-0.0247759111225605,0.1585996150970459,-0.1833755224943161,0.1833755224943161,0.03362658225006343
150,4,153,-0.027562543749809265,0.1436619758605957,-0.17122451961040497,0.17122451961040497,0.029317836115813956
150,5,154,-0.023582328110933304,0.17060959339141846,-0.19419191777706146,0.19419191777706146,0.037710500929933
151,1,151,0.10089050978422165,0.12862133979797363,-0.027730830013751984,0.027730830013751984,0.0007689989332516078
151,2,152,0.07003633677959442,0.15426337718963623,-0.08422704041004181,0.08422704041004181,0.007094194336234816
151,3,153,0.06390289962291718,0.1669750213623047,-0.10307212173938751,0.10307212173938751,0.01062386227985912
151,4,154,0.07598298788070679,0.16967809200286865,-0.09369510412216187,0.09369510412216187,0.008778772536462753
151,5,155,0.07540799677371979,0.17004334926605225,-0.09463535249233246,0.09463535249233246,0.008955849941348015
152,1,152,0.19541528820991516,0.20528793334960938,-0.009872645139694214,0.009872645139694214,9.746912205432778e-05
152,2,153,0.1810983270406723,0.20806407928466797,-0.026965752243995667,0.026965752243995667,0.0007271517940845573
152,3,154,0.18181999027729034,0.2142171859741211,-0.03239719569683075,0.03239719569683075,0.0010495782890187488
152,4,155,0.18819835782051086,0.21249115467071533,-0.024292796850204468,0.024292796850204468,0.0005901399788053041
152,5,156,0.186213418841362,0.21211600303649902,-0.025902584195137024,0.025902584195137024,0.0006709438679861623
153,1,153,0.2725476026535034,0.2746148109436035,-0.0020672082901000977,0.0020672082901000977,4.2733501146585695e-06
153,2,154,0.2605094015598297,0.26011013984680176,0.0003992617130279541,0.0003992617130279541,1.5940991549001637e-07
153,3,155,0.2612077593803406,0.2445012331008911,0.016706526279449463,0.016706526279449463,0.0002791080203259355
153,4,156,0.2668464779853821,0.2592426538467407,0.007603824138641357,0.007603824138641357,5.781814153138498e-05
153,5,157,0.26517996191978455,0.2698061466217041,-0.004626184701919556,0.004626184701919556,2.1401584896274528e-05
154,1,154,0.20524969696998596,0.24146735668182373,-0.03621765971183777,0.03621765971183777,0.0013117188750024766
154,2,155,0.19647204875946045,0.2617943286895752,-0.06532227993011475,0.06532227993011475,0.004267000255268272
154,3,156,0.2009993940591812,0.2521618604660034,-0.051162466406822205,0.051162466406822205,0.0026175979688292106
154,4,157,0.2006843090057373,0.24821794033050537,-0.047533631324768066,0.047533631324768066,0.002259446106918972
154,5,158,0.2020631581544876,0.25496816635131836,-0.05290500819683075,0.05290500819683075,0.002798939892306729
155,1,155,0.2572626769542694,0.27196478843688965,-0.01470211148262024,0.01470211148262024,0.0002161520820473939
155,2,156,0.24445223808288574,0.27592551708221436,-0.03147327899932861,0.03147327899932861,0.0009905672909695795
155,3,157,0.24843420088291168,0.28537070751190186,-0.03693650662899017,0.03693650662899017,0.001364305521953435
155,4,158,0.2510581314563751,0.3042607307434082,-0.05320259928703308,0.05320259928703308,0.002830516570896613
155,5,159,0.2516801655292511,0.3094402551651001,-0.057760089635849,0.057760089635849,0.003336227954741311
156,1,156,0.23197197914123535,0.27042579650878906,-0.03845381736755371,0.03845381736755371,0.0014786960701371754
156,2,157,0.21806290745735168,0.2627527713775635,-0.04468986392021179,0.04468986392021179,0.0019971839372070477
156,3,158,0.22135312855243683,0.2552260160446167,-0.03387288749217987,0.03387288749217987,0.0011473725070578755
156,4,159,0.22293587028980255,0.25887978076934814,-0.03594391047954559,0.03594391047954559,0.0012919647005615875
156,5,160,0.22437284886837006,0.25157225131988525,-0.027199402451515198,0.027199402451515198,0.000739807493719491
157,1,157,0.27110499143600464,0.2613182067871094,0.009786784648895264,0.009786784648895264,9.578115376385199e-05
157,2,158,0.26028090715408325,0.2690795660018921,-0.008798658847808838,0.008798658847808838,7.741639752012475e-05
157,3,159,0.2638601064682007,0.2740318775177002,-0.010171771049499512,0.010171771049499512,0.0001034649262834364
157,4,160,0.26452744007110596,0.26146602630615234,0.0030614137649536133,0.0030614137649536133,9.372254240247457e-06
157,5,161,0.26580458879470825,0.24779152870178223,0.018013060092926025,0.018013060092926025,0.00032447033391136415
158,1,158,0.28254878520965576,0.2352898120880127,0.047258973121643066,0.047258973121643066,0.002233410540512182
158,2,159,0.2675088047981262,0.25170159339904785,0.01580721139907837,0.01580721139907837,0.00024986793221515313
158,3,160,0.2718694508075714,0.2660994529724121,0.005769997835159302,0.005769997835159302,3.329287501774303e-05
158,4,161,0.2729845643043518,0.26803910732269287,0.0049454569816589355,0.0049454569816589355,2.445754475743911e-05
158,5,162,0.2754456698894501,0.2669945955276489,0.008451074361801147,0.008451074361801147,7.142065786869267e-05
159,1,159,0.2605086863040924,0.24409329891204834,0.016415387392044067,0.016415387392044067,0.00026946494323087933
159,2,160,0.24250373244285583,0.2510734796524048,-0.00856974720954895,0.00856974720954895,7.344056723557202e-05
159,3,161,0.2481561154127121,0.2544330358505249,-0.006276920437812805,0.006276920437812805,3.93997301826321e-05
159,4,162,0.2483338862657547,0.2298717498779297,0.018462136387825012,0.018462136387825012,0.0003408504800026524
159,5,163,0.2526223957538605,0.22852778434753418,0.024094611406326294,0.024094611406326294,0.0005805502988218691
160,1,160,0.27505719661712646,0.243477463722229,0.03157973289489746,0.03157973289489746,0.0009972795297130688
160,2,161,0.2590837776660919,0.24059081077575684,0.018492966890335083,0.018492966890335083,0.00034198982440702963
160,3,162,0.26529645919799805,0.23565232753753662,0.029644131660461426,0.029644131660461426,0.0008787745419027715
160,4,163,0.26469963788986206,0.22098886966705322,0.04371076822280884,0.04371076822280884,0.001910631258628115
160,5,164,0.26921868324279785,0.24097049236297607,0.028248190879821777,0.028248190879821777,0.0007979602879828462
161,1,161,0.2528379261493683,0.25659501552581787,-0.003757089376449585,0.003757089376449585,1.4115720582630331e-05
161,2,162,0.23820696771144867,0.22533190250396729,0.012875065207481384,0.012875065207481384,0.00016576730409689766
161,3,163,0.24588467180728912,0.21949362754821777,0.02639104425907135,0.02639104425907135,0.0006964872170842629
161,4,164,0.24342375993728638,0.21296465396881104,0.030459105968475342,0.030459105968475342,0.0009277571363988102
161,5,165,0.2493463009595871,0.21058356761932373,0.03876273334026337,0.03876273334026337,0.0015025494960083652
162,1,162,0.20454788208007812,0.1771458387374878,0.027402043342590332,0.027402043342590332,0.0007508719793491991
162,2,163,0.1929943859577179,0.16081583499908447,0.03217855095863342,0.03217855095863342,0.001035459141797368
162,3,164,0.20030511915683746,0.16661012172698975,0.03369499742984772,0.03369499742984772,0.0011353528517974443
162,4,165,0.19622540473937988,0.18482208251953125,0.011403322219848633,0.011403322219848633,0.00013003575764969355
162,5,166,0.20297594368457794,0.2009267807006836,0.002049162983894348,0.002049162983894348,4.1990689345627885e-06
163,1,163,0.017744772136211395,-0.03011941909790039,0.047864191234111786,0.047864191234111786,0.0022909808024956235
163,2,164,0.005957048386335373,-0.040168941020965576,0.04612598940730095,0.04612598940730095,0.0021276068988024394
163,3,165,0.01240716502070427,-0.057933926582336426,0.070341095328331,0.070341095328331,0.004947869691989348
163,4,166,0.008885227143764496,-0.053265929222106934,0.06215115636587143,0.06215115636587143,0.0038627662376150007
163,5,167,0.014663588255643845,-0.0583881139755249,0.07305170595645905,0.07305170595645905,0.005336551743148954
164,1,164,-0.07350365072488785,-0.08296900987625122,0.009465359151363373,0.009465359151363373,8.959302386429835e-05
164,2,165,-0.08220432698726654,-0.08247029781341553,0.0002659708261489868,0.0002659708261489868,7.074048036237457e-08
164,3,166,-0.0744687169790268,-0.06800335645675659,-0.006465360522270203,0.006465360522270203,4.180088668293003e-05
164,4,167,-0.07896071672439575,-0.07211863994598389,-0.006842076778411865,0.006842076778411865,4.681401464168289e-05
164,5,168,-0.07373405992984772,-0.05309993028640747,-0.020634129643440247,0.020634129643440247,0.0004257673061422995
165,1,165,-0.06245694309473038,-0.0554049015045166,-0.007052041590213776,0.007052041590213776,4.973129059010484e-05
165,2,166,-0.07562755048274994,-0.06903344392776489,-0.006594106554985046,0.006594106554985046,4.3482241258496757e-05
165,3,167,-0.07077570259571075,-0.05001533031463623,-0.020760372281074524,0.020760372281074524,0.00043099305724880743
165,4,168,-0.07110223174095154,-0.03174024820327759,-0.03936198353767395,0.03936198353767395,0.001549365748020115
165,5,169,-0.06752313673496246,-0.026536643505096436,-0.04098649322986603,0.04098649322986603,0.0016798926272818537
166,1,166,-0.04997790604829788,-0.03304767608642578,-0.0169302299618721,0.0169302299618721,0.0002866326865618718
166,2,167,-0.06185339763760567,-0.024357736110687256,-0.03749566152691841,0.03749566152691841,0.0014059246333412295
166,3,168,-0.05844201520085335,-0.0342104434967041,-0.024231571704149246,0.024231571704149246,0.0005871690672533264
166,4,169,-0.05776137858629227,-0.030354976654052734,-0.027406401932239532,0.027406401932239532,0.0007511108668714628
166,5,170,-0.05551903322339058,-0.007529020309448242,-0.04799001291394234,0.04799001291394234,0.0023030413394803523
167,1,167,-0.03829330950975418,-0.019403696060180664,-0.018889613449573517,0.018889613449573517,0.0003568174962743087
167,2,168,-0.048316288739442825,-0.014964938163757324,-0.0333513505756855,0.0333513505756855,0.0011123125852222776
167,3,169,-0.043186236172914505,-0.01754438877105713,-0.025641847401857376,0.025641847401857376,0.0006575043381801399
167,4,170,-0.042581818997859955,-0.02618187665939331,-0.016399942338466644,0.016399942338466644,0.0002689581087050308
167,5,171,-0.04145439341664314,-0.013525724411010742,-0.0279286690056324,0.0279286690056324,0.0007800105524261719
168,1,168,-0.04214877635240555,-0.036145925521850586,-0.006002850830554962,0.006002850830554962,3.60342180938944e-05
168,2,169,-0.05273780599236488,-0.04167658090591431,-0.011061225086450577,0.011061225086450577,0.00012235070041312357
168,3,170,-0.048059213906526566,-0.03303450345993042,-0.015024710446596146,0.015024710446596146,0.00022574192400405535
168,4,171,-0.04700763523578644,-0.0061280131340026855,-0.04087962210178375,0.04087962210178375,0.0016711435031846467
168,5,172,-0.04700060561299324,0.010811090469360352,-0.05781169608235359,0.05781169608235359,0.0033421922039184176
169,1,169,-0.0035991743206977844,0.04197680950164795,-0.045575983822345734,0.045575983822345734,0.00207717030137472
169,2,170,-0.015008527785539627,0.008752822875976562,-0.02376135066151619,0.02376135066151619,0.0005646017852595359
169,3,171,-0.011065918952226639,0.020316720008850098,-0.031382638961076736,0.031382638961076736,0.0009848700281612915
169,4,172,-0.010204046964645386,-0.012320399284362793,0.0021163523197174072,0.0021163523197174072,4.478947141173251e-06
169,5,173,-0.009663064032793045,-0.019892752170562744,0.010229688137769699,0.010229688137769699,0.0001046465193960261
170,1,170,0.06221842020750046,0.022821784019470215,0.03939663618803024,0.03939663618803024,0.0015520949429320141
170,2,171,0.05315982922911644,0.02137017250061035,0.03178965672850609,0.03178965672850609,0.0010105822749162524
170,3,172,0.05612285062670708,0.039396047592163086,0.01672680303454399,0.01672680303454399,0.00027978593975643007
170,4,173,0.05572665482759476,0.03885185718536377,0.016874797642230988,0.016874797642230988,0.0002847587954662445
170,5,174,0.05671803280711174,0.03649258613586426,0.020225446671247482,0.020225446671247482,0.00040906869305147586
171,1,171,0.038086943328380585,0.049416422843933105,-0.01132947951555252,0.01132947951555252,0.00012835710609332418
171,2,172,0.024408143013715744,0.04557597637176514,-0.021167833358049393,0.021167833358049393,0.00044807716907414863
171,3,173,0.02865011617541313,0.03303420543670654,-0.004384089261293411,0.004384089261293411,1.922023865098821e-05
171,4,174,0.028758786618709564,0.032314419746398926,-0.0035556331276893616,0.0035556331276893616,1.2642526938722032e-05
171,5,175,0.030874144285917282,0.008250951766967773,0.02262319251894951,0.02262319251894951,0.000511808839749453
172,1,172,0.06464710086584091,0.03788149356842041,0.0267656072974205,0.0267656072974205,0.0007163977339997296
172,2,173,0.055110689252614975,0.03403210639953613,0.021078582853078842,0.021078582853078842,0.0004443066550941094
172,3,174,0.06121508404612541,0.018513083457946777,0.042702000588178635,0.042702000588178635,0.0018234608542328085
172,4,175,0.05865442752838135,0.03867530822753906,0.019979119300842285,0.019979119300842285,0.0003991652080372887
172,5,176,0.06143994256854057,0.042011260986328125,0.019428681582212448,0.019428681582212448,0.0003774736680230012
173,1,173,0.03391324728727341,0.034375905990600586,-0.00046265870332717896,0.00046265870332717896,2.140530757643866e-07
173,2,174,0.024151962250471115,0.04895055294036865,-0.024798590689897537,0.024798590689897537,0.0006149701002050728
173,3,175,0.03159691020846367,0.042581915855407715,-0.010985005646944046,0.010985005646944046,0.00012067034906339258
173,4,176,0.027224808931350708,0.029415607452392578,-0.00219079852104187,0.00219079852104187,4.799598159799245e-06
173,5,177,0.03143088147044182,0.035294532775878906,-0.003863651305437088,0.003863651305437088,1.4927801410005714e-05
174,1,174,0.09839334338903427,0.06853258609771729,0.029860757291316986,0.029860757291316986,0.0008916648260109405
174,2,175,0.08541591465473175,0.059310078620910645,0.026105836033821106,0.026105836033821106,0.0006815146750247525
174,3,176,0.09228654205799103,0.049703359603881836,0.04258318245410919,0.04258318245410919,0.001813327427919953
174,4,177,0.08983048796653748,0.04214596748352051,0.04768452048301697,0.04768452048301697,0.0022738134936952648
174,5,178,0.09413637220859528,0.033435940742492676,0.0607004314661026,0.0607004314661026,0.0036845423801710186
175,1,175,0.10913681238889694,0.05128777027130127,0.05784904211759567,0.05784904211759567,0.003346511673923358
175,2,176,0.09826387465000153,0.1159137487411499,-0.017649874091148376,0.017649874091148376,0.00031151805543339073
175,3,177,0.10598315298557281,0.10794425010681152,-0.0019610971212387085,0.0019610971212387085,3.84590191893075e-06
175,4,178,0.10110708326101303,0.10948419570922852,-0.008377112448215485,0.008377112448215485,7.017601297004683e-05
175,5,179,0.10713501274585724,0.122275710105896,-0.015140697360038757,0.015140697360038757,0.0002292407165482846
176,1,176,0.12914708256721497,0.1336808204650879,-0.004533737897872925,0.004533737897872925,2.0554779326609207e-05
176,2,177,0.11045035719871521,0.14975762367248535,-0.03930726647377014,0.03930726647377014,0.0015450611976399742
176,3,178,0.11900694668292999,0.14096975326538086,-0.021962806582450867,0.021962806582450867,0.0004823648729781471
176,4,179,0.11870115250349045,0.13538360595703125,-0.016682453453540802,0.016682453453540802,0.00027830425322955543
176,5,180,0.12428747117519379,0.12175929546356201,0.002528175711631775,0.002528175711631775,6.3916724288848314e-06
177,1,177,0.10878389328718185,0.09318649768829346,0.015597395598888397,0.015597395598888397,0.00024327874946822314
177,2,178,0.09601928293704987,0.0659865140914917,0.030032768845558167,0.030032768845558167,0.0009019672045307292
177,3,179,0.10254742205142975,0.05803656578063965,0.0445108562707901,0.0445108562707901,0.0019812163259589344
177,4,180,0.10094146430492401,0.031296730041503906,0.0696447342634201,0.0696447342634201,0.004850389010622402
177,5,181,0.10540281236171722,-0.011605441570281982,0.1170082539319992,0.1170082539319992,0.013690931488215208
178,1,178,0.036960504949092865,-0.04708462953567505,0.08404513448476791,0.08404513448476791,0.007063584630562725
178,2,179,0.028378095477819443,-0.03497523069381714,0.06335332989692688,0.06335332989692688,0.004013644409028849
178,3,180,0.03475905582308769,-0.051586151123046875,0.08634521067142487,0.08634521067142487,0.0074554954058927425
178,4,181,0.030513398349285126,-0.06052565574645996,0.09103905409574509,0.09103905409574509,0.008288109370648
178,5,182,0.03555748984217644,-0.0683240294456482,0.10388152301311493,0.10388152301311493,0.010791370823524327
179,1,179,-0.06562129408121109,-0.11077314615249634,0.04515185207128525,0.04515185207128525,0.002038689745467226
179,2,180,-0.07668127119541168,-0.12535768747329712,0.04867641627788544,0.04867641627788544,0.0023693935016579903
179,3,181,-0.06880013644695282,-0.12400966882705688,0.055209532380104065,0.055209532380104065,0.0030480924656297592
179,4,182,-0.07192915678024292,-0.10531938076019287,0.03339022397994995,0.03339022397994995,0.0011149070574312248
179,5,183,-0.0667782872915268,-0.1085057258605957,0.04172743856906891,0.04172743856906891,0.0017411791295354195
180,1,180,-0.1253562569618225,-0.13773208856582642,0.012375831604003906,0.012375831604003906,0.0001531612078906619
180,2,181,-0.1354491412639618,-0.13383972644805908,-0.00160941481590271,0.00160941481590271,2.590216049647154e-06
180,3,182,-0.12998373806476593,-0.12623435258865356,-0.0037493854761123657,0.0037493854761123657,1.4057891448482351e-05
180,4,183,-0.13190734386444092,-0.11329936981201172,-0.0186079740524292,0.0186079740524292,0.00034625669833587835
180,5,184,-0.12800966203212738,-0.11240088939666748,-0.0156087726354599,0.0156087726354599,0.0002436337831854818
181,1,181,-0.1602218747138977,-0.16073858737945557,0.0005167126655578613,0.0005167126655578613,2.6699197874791025e-07
181,2,182,-0.17190669476985931,-0.1799268126487732,0.00802011787891388,0.00802011787891388,6.432229079167406e-05
181,3,183,-0.167979434132576,-0.17947536706924438,0.011495932936668396,0.011495932936668396,0.00013215647408437725
181,4,184,-0.16626808047294617,-0.18088644742965698,0.014618366956710815,0.014618366956710815,0.00021369665248105463
181,5,185,-0.1657930463552475,-0.18997251987457275,0.024179473519325256,0.024179473519325256,0.0005846469396717513
182,1,182,-0.11955838650465012,-0.13346225023269653,0.013903863728046417,0.013903863728046417,0.00019331742656808482
182,2,183,-0.12808652222156525,-0.14199382066726685,0.013907298445701599,0.013907298445701599,0.00019341295005781411
182,3,184,-0.1238286942243576,-0.16948425769805908,0.04565556347370148,0.04565556347370148,0.0020844304761011845
182,4,185,-0.12413899600505829,-0.16113048791885376,0.03699149191379547,0.03699149191379547,0.0013683704740083957
182,5,186,-0.1227729469537735,-0.13749098777770996,0.014718040823936462,0.014718040823936462,0.0002166207256950603
183,1,183,-0.1712094247341156,-0.16083413362503052,-0.010375291109085083,0.010375291109085083,0.00010764666559825997
183,2,184,-0.17721374332904816,-0.18197250366210938,0.004758760333061218,0.004758760333061218,2.2645799907516917e-05
183,3,185,-0.17101870477199554,-0.18111324310302734,0.0100945383310318,0.0100945383310318,0.00010189970411667026
183,4,186,-0.17200908064842224,-0.20838063955307007,0.03637155890464783,0.03637155890464783,0.0013228902971542666
183,5,187,-0.17205601930618286,-0.2161715030670166,0.04411548376083374,0.04411548376083374,0.0019461759074523854
184,1,184,-0.13706129789352417,-0.19104903936386108,0.053987741470336914,0.053987741470336914,0.0029146762290679362
184,2,185,-0.145381361246109,-0.1814361810684204,0.0360548198223114,0.0360548198223114,0.0012999500324193392
184,3,186,-0.14103160798549652,-0.19470536708831787,0.05367375910282135,0.05367375910282135,0.0028808724162276977
184,4,187,-0.14106541872024536,-0.2202412486076355,0.07917582988739014,0.07917582988739014,0.006268812038356941
184,5,188,-0.14081920683383942,-0.19983619451522827,0.059016987681388855,0.059016987681388855,0.003483004834985204
185,1,185,-0.17062586545944214,-0.20685577392578125,0.03622990846633911,0.03622990846633911,0.0013126062674793104
185,2,186,-0.18027366697788239,-0.22160130739212036,0.041327640414237976,0.041327640414237976,0.001707973862208556
185,3,187,-0.17469899356365204,-0.2615951895713806,0.08689619600772858,0.08689619600772858,0.007550948880613584
185,4,188,-0.1738094985485077,-0.2807614803314209,0.10695198178291321,0.10695198178291321,0.011438726407292599
185,5,189,-0.17394503951072693,-0.24670135974884033,0.0727563202381134,0.0727563202381134,0.00529348213459091
186,1,186,-0.22107622027397156,-0.24288195371627808,0.02180573344230652,0.02180573344230652,0.0004754900109569249
186,2,187,-0.22462882101535797,-0.2633071541786194,0.038678333163261414,0.038678333163261414,0.0014960134562882477
186,3,188,-0.21778063476085663,-0.2937048673629761,0.07592423260211945,0.07592423260211945,0.005764489096220737
186,4,189,-0.2198978066444397,-0.2827112674713135,0.06281346082687378,0.06281346082687378,0.003945530861049207
186,5,190,-0.2199278324842453,-0.24792814254760742,0.02800031006336212,0.02800031006336212,0.0007840173636444181
187,1,187,-0.21908119320869446,-0.18651586771011353,-0.03256532549858093,0.03256532549858093,0.0010605004248285255
187,2,188,-0.22307203710079193,-0.1620621681213379,-0.06100986897945404,0.06100986897945404,0.0037222041128901484
187,3,189,-0.21682877838611603,-0.16876626014709473,-0.0480625182390213,0.0480625182390213,0.0023100056594762552
187,4,190,-0.21895042061805725,-0.1502506136894226,-0.06869980692863464,0.06869980692863464,0.004719663472031677
187,5,191,-0.21786005795001984,-0.15082484483718872,-0.06703521311283112,0.06703521311283112,0.004493719797082685
188,1,188,-0.19716155529022217,-0.20453429222106934,0.007372736930847168,0.007372736930847168,5.435724985147772e-05
188,2,189,-0.20845229923725128,-0.1947779655456543,-0.013674333691596985,0.013674333691596985,0.00018698740190914442
188,3,190,-0.20391876995563507,-0.18809282779693604,-0.015825942158699036,0.015825942158699036,0.0002504604452104875
188,4,191,-0.2005319595336914,-0.1620151400566101,-0.0385168194770813,0.0385168194770813,0.0014835453826300693
188,5,192,-0.20281781256198883,-0.16562843322753906,-0.03718937933444977,0.03718937933444977,0.0013830499352815995
189,1,189,-0.1714652180671692,-0.18945223093032837,0.01798701286315918,0.01798701286315918,0.0003235326317394538
189,2,190,-0.18336577713489532,-0.19571691751480103,0.0123511403799057,0.0123511403799057,0.00015255066868413714
189,3,191,-0.17948074638843536,-0.1907772421836853,0.011296495795249939,0.011296495795249939,0.00012761081725209955
189,4,192,-0.1762227714061737,-0.20306575298309326,0.026842981576919556,0.026842981576919556,0.0007205456599388427
189,5,193,-0.17883993685245514,-0.22679924964904785,0.04795931279659271,0.04795931279659271,0.0023000956839214215
190,1,190,-0.08869508653879166,-0.13722407817840576,0.048528991639614105,0.048528991639614105,0.0023550630295577357
190,2,191,-0.0991169661283493,-0.14542651176452637,0.04630954563617706,0.04630954563617706,0.002144574017029166
190,3,192,-0.09469129145145416,-0.16656577587127686,0.07187448441982269,0.07187448441982269,0.005165941510615335
190,4,193,-0.09412887692451477,-0.16616564989089966,0.07203677296638489,0.07203677296638489,0.005189296659410481
190,5,194,-0.09371717274188995,-0.14982759952545166,0.05611042678356171,0.05611042678356171,0.003148379993833439
191,1,191,-0.11399892717599869,-0.07818526029586792,-0.03581366688013077,0.03581366688013077,0.0012826187354009755
191,2,192,-0.12102396786212921,-0.09082502126693726,-0.030198946595191956,0.030198946595191956,0.0009119763754592558
191,3,193,-0.11421920359134674,-0.05338907241821289,-0.06083013117313385,0.06083013117313385,0.0037003048585406706
191,4,194,-0.11660546064376831,-0.061539292335510254,-0.05506616830825806,0.05506616830825806,0.003032282892153404
191,5,195,-0.11457960307598114,-0.06437116861343384,-0.0502084344625473,0.0502084344625473,0.0025208868911799076
192,1,192,-0.03913212567567825,-0.10157275199890137,0.062440626323223114,0.062440626323223114,0.0038988318156363833
192,2,193,-0.053167928010225296,-0.10943847894668579,0.056270550936460495,0.056270550936460495,0.003166374902692795
192,3,194,-0.0511140413582325,-0.1610875129699707,0.1099734753370285,0.1099734753370285,0.012094165277704017
192,4,195,-0.04869721829891205,-0.15607577562332153,0.10737855732440948,0.10737855732440948,0.011530154573071494
192,5,196,-0.04789920523762703,-0.11563354730606079,0.06773434579372406,0.06773434579372406,0.004587941600103784
193,1,193,-0.15723678469657898,-0.15954184532165527,0.002305060625076294,0.002305060625076294,5.313304485277115e-06
193,2,194,-0.1605585366487503,-0.15024089813232422,-0.010317638516426086,0.010317638516426086,0.0001064536645556391
193,3,195,-0.15195266902446747,-0.17194312810897827,0.019990459084510803,0.019990459084510803,0.0003996184544095005
193,4,196,-0.15617206692695618,-0.15037566423416138,-0.0057964026927948,0.0057964026927948,3.3598284177038806e-05
193,5,197,-0.15487338602542877,-0.2004527449607849,0.04557935893535614,0.04557935893535614,0.0020774779609580296
194,1,194,-0.13640576601028442,-0.21542978286743164,0.07902401685714722,0.07902401685714722,0.0062447952402386875
194,2,195,-0.14512024819850922,-0.23790663480758667,0.09278638660907745,0.09278638660907745,0.008609313539969188
194,3,196,-0.1380576342344284,-0.24969357252120972,0.11163593828678131,0.11163593828678131,0.012462582717170045
194,4,197,-0.13965335488319397,-0.2604522705078125,0.12079891562461853,0.12079891562461853,0.014592378016083707
194,5,198,-0.13861079514026642,-0.2605893611907959,0.12197856605052948,0.12197856605052948,0.014878770575743383
195,1,195,-0.22484049201011658,-0.22678780555725098,0.0019473135471343994,0.0019473135471343994,3.792030050853157e-06
195,2,196,-0.23183120787143707,-0.22959309816360474,-0.0022381097078323364,0.0022381097078323364,5.009135064293346e-06
195,3,197,-0.22617684304714203,-0.20701450109481812,-0.019162341952323914,0.019162341952323914,0.00036719534909779306
195,4,198,-0.22803056240081787,-0.25169259309768677,0.023662030696868896,0.023662030696868896,0.000559891696699566
195,5,199,-0.22753708064556122,-0.271739661693573,0.04420258104801178,0.04420258104801178,0.00195386817130605
196,1,196,-0.14042142033576965,-0.21085917949676514,0.07043775916099548,0.07043775916099548,0.004961477915622403
196,2,197,-0.153886616230011,-0.20625585317611694,0.05236923694610596,0.05236923694610596,0.002742536978317389
196,3,198,-0.15021397173404694,-0.21604704856872559,0.06583307683467865,0.06583307683467865,0.004333994005520703
196,4,199,-0.1491503268480301,-0.2093980312347412,0.06024770438671112,0.06024770438671112,0.0036297858838685304
196,5,200,-0.14780937135219574,-0.17476338148117065,0.026954010128974915,0.026954010128974915,0.0007265186620328823
197,1,197,-0.1765924096107483,-0.13223350048065186,-0.044358909130096436,0.044358909130096436,0.001967712819212153
197,2,198,-0.1862240880727768,-0.11083674430847168,-0.07538734376430511,0.07538734376430511,0.005683251599837513
197,3,199,-0.1802596002817154,-0.11210858821868896,-0.06815101206302643,0.06815101206302643,0.004644560445214774
197,4,200,-0.1808820366859436,-0.07672148942947388,-0.10416054725646973,0.10416054725646973,0.010849419604767263
197,5,201,-0.179414764046669,-0.0928838849067688,-0.08653087913990021,0.08653087913990021,0.007487593044724017
198,1,198,-0.04631001502275467,-0.043657124042510986,-0.002652890980243683,0.002652890980243683,7.0378305530582885e-06
198,2,199,-0.05869189277291298,-0.032202959060668945,-0.026488933712244034,0.026488933712244034,0.0007016636092116585
198,3,200,-0.0535460002720356,-0.02639639377593994,-0.027149606496095657,0.027149606496095657,0.0007371011328928395
198,4,201,-0.05219469964504242,-0.05662262439727783,0.004427924752235413,0.004427924752235413,1.960651761145904e-05
198,5,202,-0.050748396664857864,-0.08740562200546265,0.03665722534060478,0.03665722534060478,0.0013437521696718774
199,1,199,-0.025843806564807892,-0.13104450702667236,0.10520070046186447,0.10520070046186447,0.011067187377666932
199,2,200,-0.038114700466394424,-0.12884151935577393,0.0907268226146698,0.0907268226146698,0.00823135634175376
199,3,201,-0.03405596688389778,-0.10744011402130127,0.07338415086269379,0.07338415086269379,0.005385233597838601
199,4,202,-0.031823329627513885,-0.15716660022735596,0.12534326314926147,0.12534326314926147,0.01571093361690501
199,5,203,-0.03126423433423042,-0.1554357409477234,0.12417151033878326,0.12417151033878326,0.015418563979814559
200,1,200,-0.12623941898345947,-0.175126850605011,0.048887431621551514,0.048887431621551514,0.002389980970551875
200,2,201,-0.13989867269992828,-0.20366501808166504,0.06376634538173676,0.06376634538173676,0.00406614680334294
200,3,202,-0.13643737137317657,-0.18028795719146729,0.04385058581829071,0.04385058581829071,0.0019228738766072784
200,4,203,-0.13372789323329926,-0.14302146434783936,0.0092935711145401,0.0092935711145401,8.637046406101412e-05
200,5,204,-0.13333366811275482,-0.1613132357597351,0.027979567646980286,0.027979567646980286,0.0007828562057119459
201,1,201,-0.1781940758228302,-0.23428475856781006,0.05609068274497986,0.05609068274497986,0.0031461646907979812
201,2,202,-0.18887679278850555,-0.23078316450119019,0.04190637171268463,0.04190637171268463,0.0017561439901216946
201,3,203,-0.1864505261182785,-0.23860573768615723,0.05215521156787872,0.05215521156787872,0.0027201660936901906
201,4,204,-0.18450787663459778,-0.246204674243927,0.061696797609329224,0.061696797609329224,0.003806494835246532
201,5,205,-0.1849813312292099,-0.22281163930892944,0.03783030807971954,0.03783030807971954,0.0014311322094064938
202,1,202,-0.187208354473114,-0.19239270687103271,0.005184352397918701,0.005184352397918701,2.6877509785805387e-05
202,2,203,-0.19686345756053925,-0.16217434406280518,-0.03468911349773407,0.03468911349773407,0.001203334595258676
202,3,204,-0.19202633202075958,-0.16372406482696533,-0.02830226719379425,0.02830226719379425,0.0008010183283089223
202,4,205,-0.1908370554447174,-0.18557417392730713,-0.005262881517410278,0.005262881517410278,2.7697921866298714e-05
202,5,206,-0.19071067869663239,-0.19603443145751953,0.005323752760887146,0.005323752760887146,2.834234345905351e-05
203,1,203,-0.1730443239212036,-0.21047192811965942,0.03742760419845581,0.03742760419845581,0.001400825556036267
203,2,204,-0.186009481549263,-0.22466856241226196,0.03865908086299896,0.03865908086299896,0.0014945245331718926
203,3,205,-0.18166960775852203,-0.2135518193244934,0.031882211565971375,0.031882211565971375,0.0010164754143373589
203,4,206,-0.1778782606124878,-0.21926039457321167,0.04138213396072388,0.04138213396072388,0.0017124810111432964
203,5,207,-0.17982690036296844,-0.17982518672943115,-1.7136335372924805e-06,1.7136335372924805e-06,2.936539900133539e-12
204,1,204,-0.1688113808631897,-0.13701653480529785,-0.031794846057891846,0.031794846057891846,0.0010109122358450406
204,2,205,-0.17933297157287598,-0.1330554485321045,-0.046277523040771484,0.046277523040771484,0.0021416091387891356
204,3,206,-0.175850972533226,-0.15247267484664917,-0.023378297686576843,0.023378297686576843,0.0005465448027222042
204,4,207,-0.17427681386470795,-0.1512300968170166,-0.023046717047691345,0.023046717047691345,0.0005311511666763469
204,5,208,-0.17536737024784088,-0.18291908502578735,0.007551714777946472,0.007551714777946472,5.7028396087455135e-05
205,1,205,-0.10224784165620804,-0.13290095329284668,0.03065311163663864,0.03065311163663864,0.0009396132530082313
205,2,206,-0.11068592965602875,-0.09777015447616577,-0.012915775179862976,0.012915775179862976,0.0001668172484967645
205,3,207,-0.10458208620548248,-0.0761449933052063,-0.028437092900276184,0.028437092900276184,0.0008086682526189382
205,4,208,-0.10509420931339264,-0.08112913370132446,-0.023965075612068176,0.023965075612068176,0.0005743248490921449
205,5,209,-0.1053069680929184,-0.10146826505661011,-0.0038387030363082886,0.0038387030363082886,1.4735641000962474e-05
206,1,206,0.008893214166164398,0.0006388425827026367,0.008254371583461761,0.008254371583461761,6.813465023786103e-05
206,2,207,-0.008980605751276016,0.0023900270462036133,-0.01137063279747963,0.01137063279747963,0.00012929129021511943
206,3,208,-0.005202639847993851,-0.002951204776763916,-0.0022514350712299347,0.0022514350712299347,5.068959879964141e-06
206,4,209,-0.0013481378555297852,-0.0018128156661987305,0.0004646778106689453,0.0004646778106689453,2.1592546772808419e-07
206,5,210,-0.0004477091133594513,-0.03587371110916138,0.035426001995801926,0.035426001995801926,0.001255001617406562
207,1,207,0.022712402045726776,0.0036307573318481445,0.01908164471387863,0.01908164471387863,0.0003641091649866923
207,2,208,0.01201198622584343,0.012146711349487305,-0.00013472512364387512,0.00013472512364387512,1.815085894085744e-08
207,3,209,0.016857367008924484,0.02962183952331543,-0.012764472514390945,0.012764472514390945,0.0001629317585706419
207,4,210,0.016843929886817932,0.031839609146118164,-0.014995679259300232,0.014995679259300232,0.00022487039644780715
207,5,211,0.01839764043688774,0.04727470874786377,-0.02887706831097603,0.02887706831097603,0.0008338850742367759
208,1,208,0.08149468153715134,0.08638858795166016,-0.00489390641450882,0.00489390641450882,2.395031999397057e-05
208,2,209,0.06668724119663239,0.0768280029296875,-0.010140761733055115,0.010140761733055115,0.00010283504852659497
208,3,210,0.0699576884508133,0.05037379264831543,0.019583895802497864,0.019583895802497864,0.00038352897480309345
208,4,211,0.07211337983608246,0.024197816848754883,0.047915562987327576,0.047915562987327576,0.0022959011763925563
208,5,212,0.07416470348834991,0.027353763580322266,0.04681093990802765,0.04681093990802765,0.0021912640950729756
209,1,209,-0.0028435364365577698,-0.03710657358169556,0.03426303714513779,0.03426303714513779,0.0011739557144090917
209,2,210,-0.010211486369371414,-0.02146279811859131,0.011251311749219894,0.011251311749219894,0.00012659201607813364
209,3,211,-0.003968466073274612,-0.06415843963623047,0.060189973562955856,0.060189973562955856,0.003622832917509325
209,4,212,-0.006521373987197876,-0.06761550903320312,0.06109413504600525,0.06109413504600525,0.003732493337019527
209,5,213,-0.0044196732342243195,-0.06778824329376221,0.06336857378482819,0.06336857378482819,0.004015576143523214
210,1,210,-0.07623643428087234,-0.11461377143859863,0.03837733715772629,0.03837733715772629,0.0014728200073177988
210,2,211,-0.08417688310146332,-0.11428099870681763,0.03010411560535431,0.03010411560535431,0.0009062577763805368
210,3,212,-0.07546021044254303,-0.11799287796020508,0.04253266751766205,0.04253266751766205,0.0018090278061679843
210,4,213,-0.07927599549293518,-0.12291419506072998,0.0436381995677948,0.0436381995677948,0.0019042924615186863
210,5,214,-0.0769176334142685,-0.09513771533966064,0.01822008192539215,0.01822008192539215,0.00033197138536800175
211,1,211,-0.025299198925495148,-0.012655556201934814,-0.012643642723560333,0.012643642723560333,0.00015986170132104016
211,2,212,-0.037159401923418045,0.007685303688049316,-0.04484470561146736,0.04484470561146736,0.0020110476213791723
211,3,213,-0.030299294739961624,0.020488977432250977,-0.0507882721722126,0.0507882721722126,0.002579448590238745
211,4,214,-0.03367851674556732,-0.03998845815658569,0.006309941411018372,0.006309941411018372,3.981536061048452e-05
211,5,215,-0.02897324040532112,-0.02836519479751587,-0.0006080456078052521,0.0006080456078052521,3.697194611712584e-07
212,1,212,0.04243987053632736,-0.026471853256225586,0.06891172379255295,0.06891172379255295,0.004748825676061108
212,2,213,0.02690247818827629,-0.039206087589263916,0.0661085695028305,0.0661085695028305,0.004370342961710572
212,3,214,0.031944673508405685,-0.010692477226257324,0.04263715073466301,0.04263715073466301,0.0018179266227703744
212,4,215,0.03189469873905182,-0.05489349365234375,0.08678819239139557,0.08678819239139557,0.007532190338565892
212,5,216,0.03524477407336235,-0.07916229963302612,0.11440707743167877,0.11440707743167877,0.013088979366458142
213,1,213,0.0516539141535759,-0.038401782512664795,0.09005569666624069,0.09005569666624069,0.008110028502041955
213,2,214,0.03636021539568901,-0.05333048105239868,0.08969070017337799,0.08969070017337799,0.008044421697590787
213,3,215,0.04085133597254753,-0.06269776821136475,0.10354910790920258,0.10354910790920258,0.01072241774879168
213,4,216,0.03937671333551407,-0.06045377254486084,0.09983048588037491,0.09983048588037491,0.009966125911111734
213,5,217,0.044552844017744064,-0.03693801164627075,0.08149085938930511,0.08149085938930511,0.006640760164007498
214,1,214,-0.05674106627702713,-0.08276087045669556,0.026019804179668427,0.026019804179668427,0.0006770302095482905
214,2,215,-0.06675514578819275,-0.20024210214614868,0.13348695635795593,0.13348695635795593,0.017818767517710832
214,3,216,-0.05909942463040352,-0.17830461263656616,0.11920519173145294,0.11920519173145294,0.014209877735732457
214,4,217,-0.06397156417369843,-0.14713037014007568,0.08315880596637726,0.08315880596637726,0.006915387009753582
214,5,218,-0.0577101893723011,-0.12346106767654419,0.06575088202953339,0.06575088202953339,0.004323178487661616
215,1,215,-0.1586807668209076,-0.13967269659042358,-0.01900807023048401,0.01900807023048401,0.0003613067338870124
215,2,216,-0.1618853658437729,-0.1683916449546814,0.006506279110908508,0.006506279110908508,4.233166786904441e-05
215,3,217,-0.15811555087566376,-0.17287588119506836,0.014760330319404602,0.014760330319404602,0.00021786735113793476
215,4,218,-0.16503815352916718,-0.16047245264053345,-0.004565700888633728,0.004565700888633728,2.0845624604470814e-05
215,5,219,-0.15905947983264923,-0.1555110216140747,-0.003548458218574524,0.003548458218574524,1.2591555728969084e-05
216,1,216,-0.19423899054527283,-0.19163662195205688,-0.0026023685932159424,0.0026023685932159424,6.772322294956723e-06
216,2,217,-0.2012593299150467,-0.20977884531021118,0.00851951539516449,0.00851951539516449,7.258214256844475e-05
216,3,218,-0.19659341871738434,-0.18793606758117676,-0.00865735113620758,0.00865735113620758,7.494972869559469e-05
216,4,219,-0.19754943251609802,-0.19055354595184326,-0.006995886564254761,0.006995886564254761,4.894242881992028e-05
216,5,220,-0.19581332802772522,-0.2005724310874939,0.004759103059768677,0.004759103059768677,2.264906193349958e-05
217,1,217,-0.1485135555267334,-0.19266259670257568,0.044149041175842285,0.044149041175842285,0.0019491378367462175
217,2,218,-0.1597120761871338,-0.17713528871536255,0.01742321252822876,0.01742321252822876,0.0003035683348038276
217,3,219,-0.15708531439304352,-0.1816912293434143,0.02460591495037079,0.02460591495037079,0.0006054510505448807
217,4,220,-0.15481704473495483,-0.1471959948539734,-0.007621049880981445,0.007621049880981445,5.80804012884073e-05
217,5,221,-0.15370477735996246,-0.1409662961959839,-0.012738481163978577,0.012738481163978577,0.000162268902365037
218,1,218,-0.20813044905662537,-0.20545965433120728,-0.002670794725418091,0.002670794725418091,7.133144465321095e-06
218,2,219,-0.218646839261055,-0.17658811807632446,-0.04205872118473053,0.04205872118473053,0.0017689360276949007
218,3,220,-0.21458791196346283,-0.18667995929718018,-0.027907952666282654,0.027907952666282654,0.0007788538220234731
218,4,221,-0.2105376124382019,-0.17711466550827026,-0.03342294692993164,0.03342294692993164,0.0011170933814810269
218,5,222,-0.2124582678079605,-0.20756584405899048,-0.004892423748970032,0.004892423748970032,2.393581013948598e-05
219,1,219,-0.16068899631500244,-0.19869482517242432,0.038005828857421875,0.038005828857421875,0.0014444430271396413
219,2,220,-0.17201842367649078,-0.1509178876876831,-0.021100535988807678,0.021100535988807678,0.000445232619014968
219,3,221,-0.16722382605075836,-0.1717483401298523,0.004524514079093933,0.004524514079093933,2.047122765191922e-05
219,4,222,-0.1630580872297287,-0.16900044679641724,0.005942359566688538,0.005942359566688538,3.5311637219814784e-05
219,5,223,-0.1652103066444397,-0.1836261749267578,0.018415868282318115,0.018415868282318115,0.00033914420459169037
220,1,220,-0.18017145991325378,-0.14750725030899048,-0.032664209604263306,0.032664209604263306,0.0010669505890712472
220,2,221,-0.192170649766922,-0.09095412492752075,-0.10121652483940125,0.10121652483940125,0.01024478490056513
220,3,222,-0.1863090842962265,-0.10552084445953369,-0.08078823983669281,0.08078823983669281,0.006526739695910999
220,4,223,-0.1818491518497467,-0.08564150333404541,-0.0962076485157013,0.0962076485157013,0.009255911632920721
220,5,224,-0.18533329665660858,-0.0983230471611023,-0.08701024949550629,0.08701024949550629,0.007570783517270252
221,1,221,-0.04867745190858841,-0.05158752202987671,0.0029100701212882996,0.0029100701212882996,8.468508110814899e-06
221,2,222,-0.06276197731494904,-0.05104726552963257,-0.011714711785316467,0.011714711785316467,0.00013723447221303253
221,3,223,-0.05708910897374153,-0.06535983085632324,0.00827072188258171,0.00827072188258171,6.840484045901596e-05
221,4,224,-0.05254339426755905,-0.04609650373458862,-0.0064468905329704285,0.0064468905329704285,4.1562397544103735e-05
221,5,225,-0.05512841418385506,-0.03997534513473511,-0.01515306904911995,0.01515306904911995,0.00022961550160739697
222,1,222,-0.00552985817193985,-0.0017438530921936035,-0.0037860050797462463,0.0037860050797462463,1.4333834463864381e-05
222,2,223,-0.014503274112939835,-0.01116490364074707,-0.0033383704721927643,0.0033383704721927643,1.114471740960854e-05
222,3,224,-0.00927479937672615,0.0009882450103759766,-0.010263044387102127,0.010263044387102127,0.00010533008009162848
222,4,225,-0.00902605801820755,0.03339672088623047,-0.04242277890443802,0.04242277890443802,0.0017996921699748314
222,5,226,-0.009393710643053055,0.04677462577819824,-0.0561683364212513,0.0561683364212513,0.003154882016330865
223,1,223,-0.011132456362247467,0.03508114814758301,-0.046213604509830475,0.046213604509830475,0.0021356972417910236
223,2,224,-0.023274678736925125,0.011280059814453125,-0.03455473855137825,0.03455473855137825,0.0011940299563541062
223,3,225,-0.019062746316194534,-0.004310905933380127,-0.014751840382814407,0.014751840382814407,0.00021761679468003392
223,4,226,-0.018805325031280518,-0.0006208419799804688,-0.01818448305130005,0.01818448305130005,0.00033067542384301873
223,5,227,-0.0187525637447834,0.027331829071044922,-0.04608439281582832,0.04608439281582832,0.002123771261203569
224,1,224,0.043211035430431366,0.04033982753753662,0.002871207892894745,0.002871207892894745,8.24383476422108e-06
224,2,225,0.036115627735853195,0.06553530693054199,-0.029419679194688797,0.029419679194688797,0.0008655175239184049
224,3,226,0.041993867605924606,0.07295143604278564,-0.030957568436861038,0.030957568436861038,0.0009583710435229348
224,4,227,0.0384557768702507,0.05964052677154541,-0.021184749901294708,0.021184749901294708,0.00044879362838040615
224,5,228,0.03971586748957634,0.03168761730194092,0.008028250187635422,0.008028250187635422,6.445280107526818e-05
225,1,225,0.1494680643081665,0.07838869094848633,0.07107937335968018,0.07107937335968018,0.005052277317204812
225,2,226,0.13393642008304596,0.04887187480926514,0.08506454527378082,0.08506454527378082,0.007235976862635107
225,3,227,0.13871537148952484,0.05050027370452881,0.08821509778499603,0.08821509778499603,0.007781903477216412
225,4,228,0.139532208442688,0.17844128608703613,-0.038909077644348145,0.038909077644348145,0.0015139163231339126
225,5,229,0.14117832481861115,0.18790698051452637,-0.04672865569591522,0.04672865569591522,0.00218356726314739
226,1,226,0.09746377915143967,0.22319114208221436,-0.1257273554801941,0.1257273554801941,0.01580736791604309
226,2,227,0.08688445389270782,0.23697495460510254,-0.15009050071239471,0.15009050071239471,0.022527158404097358
226,3,228,0.09382323920726776,0.20982789993286133,-0.11600466072559357,0.11600466072559357,0.01345708131006007
226,4,229,0.08787627518177032,0.2347654104232788,-0.14688913524150848,0.14688913524150848,0.02157641805199817
226,5,230,0.0936809629201889,0.2311878204345703,-0.1375068575143814,0.1375068575143814,0.01890813586348039
227,1,227,0.28191226720809937,0.3209991455078125,-0.039086878299713135,0.039086878299713135,0.0015277840552165856
227,2,228,0.2723586857318878,0.3483647108078003,-0.07600602507591248,0.07600602507591248,0.005776915847840236
227,3,229,0.2770346403121948,0.34180140495300293,-0.0647667646408081,0.0647667646408081,0.004194733802037831
227,4,230,0.27778470516204834,0.38529694080352783,-0.10751223564147949,0.10751223564147949,0.011558880812629013
227,5,231,0.27831006050109863,0.38885676860809326,-0.11054670810699463,0.11054670810699463,0.012220574673293072
228,1,228,0.3437230587005615,0.40940427780151367,-0.06568121910095215,0.06568121910095215,0.004314022542587281
228,2,229,0.3297131657600403,0.43292415142059326,-0.10321098566055298,0.10321098566055298,0.010652507561022873
228,3,230,0.33257025480270386,0.43236422538757324,-0.09979397058486938,0.09979397058486938,0.009958836565093776
228,4,231,0.3371085822582245,0.44311630725860596,-0.10600772500038147,0.10600772500038147,0.011237637759756502
228,5,232,0.3362422287464142,0.435164213180542,-0.09892198443412781,0.09892198443412781,0.009785559004385824
229,1,229,0.46020787954330444,0.46053266525268555,-0.0003247857093811035,0.0003247857093811035,1.0548575701818663e-07
229,2,230,0.4460032880306244,0.4385836124420166,0.007419675588607788,0.007419675588607788,5.5051585840182327e-05
229,3,231,0.44573116302490234,0.46272754669189453,-0.016996383666992188,0.016996383666992188,0.0002888770577555988
229,4,232,0.4554861783981323,0.482019305229187,-0.026533126831054688,0.026533126831054688,0.0007040068194328342
229,5,233,0.4511450231075287,0.4651535749435425,-0.014008551836013794,0.014008551836013794,0.00019623952454228544
230,1,230,0.39182254672050476,0.4050060510635376,-0.013183504343032837,0.013183504343032837,0.00017380478676276567
230,2,231,0.37742388248443604,0.4128720760345459,-0.03544819355010986,0.03544819355010986,0.0012565744259660505
230,3,232,0.37836188077926636,0.4128720760345459,-0.03451019525527954,0.03451019525527954,0.0011909535765575185
230,4,233,0.3831599950790405,0.4000207185745239,-0.0168607234954834,0.0168607234954834,0.0002842839967911459
230,5,234,0.3825037181377411,0.4106560945510864,-0.028152376413345337,0.028152376413345337,0.0007925562977186829
231,1,231,0.4053416848182678,0.4369189739227295,-0.03157728910446167,0.03157728910446167,0.0009971251871867537
231,2,232,0.39072754979133606,0.4320368766784668,-0.04130932688713074,0.04130932688713074,0.0017064604878678225
231,3,233,0.393741250038147,0.4159477949142456,-0.022206544876098633,0.022206544876098633,0.0004931306353341824
231,4,234,0.39887747168540955,0.3950875997543335,0.00378987193107605,0.00378987193107605,1.4363129253958107e-05
231,5,235,0.3985603153705597,0.3906491994857788,0.007911115884780884,0.007911115884780884,6.258575454243243e-05
232,1,232,0.2888956665992737,0.23919284343719482,0.04970282316207886,0.04970282316207886,0.0024703706302808826
232,2,233,0.2781520485877991,0.2318328619003296,0.04631918668746948,0.04631918668746948,0.00214546705538865
232,3,234,0.28307074308395386,0.23233699798583984,0.050733745098114014,0.050733745098114014,0.0025739128916804077
232,4,235,0.2831375300884247,0.2617769241333008,0.0213606059551239,0.0213606059551239,0.0004562754867700747
232,5,236,0.2852962911128998,0.27236294746398926,0.012933343648910522,0.012933343648910522,0.00016727137794081415
233,1,233,0.16981300711631775,0.2136608362197876,-0.04384782910346985,0.04384782910346985,0.0019226321170870975
233,2,234,0.15673388540744781,0.18414747714996338,-0.027413591742515564,0.027413591742515564,0.0007515050122253175
233,3,235,0.16376636922359467,0.18852686882019043,-0.024760499596595764,0.024760499596595764,0.000613082340273019
233,4,236,0.16019278764724731,0.15292060375213623,0.007272183895111084,0.007272183895111084,5.288465860431302e-05
233,5,237,0.1658872812986374,0.1414961814880371,0.02439109981060028,0.02439109981060028,0.000594925749970665
234,1,234,0.18837079405784607,0.13560020923614502,0.05277058482170105,0.05277058482170105,0.0027847346224243452
234,2,235,0.17752906680107117,0.1174246072769165,0.06010445952415466,0.06010445952415466,0.003612546054690746
234,3,236,0.18298549950122833,0.1220632791519165,0.06092222034931183,0.06092222034931183,0.0037115169322901043
234,4,237,0.179698646068573,0.12452435493469238,0.055174291133880615,0.055174291133880615,0.003044202402126217
234,5,238,0.18454240262508392,0.1225365400314331,0.06200586259365082,0.06200586259365082,0.0038447269959827057
235,1,235,0.0674392506480217,0.06577563285827637,0.0016636177897453308,0.0016636177897453308,2.7676241503571397e-06
235,2,236,0.05536409839987755,0.08097028732299805,-0.0256061889231205,0.0256061889231205,0.0006556769111665389
235,3,237,0.06272204220294952,0.07408785820007324,-0.011365815997123718,0.011365815997123718,0.00012918177328047342
235,4,238,0.05754975974559784,0.06890368461608887,-0.011353924870491028,0.011353924870491028,0.0001289116099647547
235,5,239,0.0639820247888565,0.07131707668304443,-0.007335051894187927,0.007335051894187927,5.38029862904299e-05
236,1,236,0.1096005067229271,0.08029699325561523,0.02930351346731186,0.02930351346731186,0.0008586959015289275
236,2,237,0.09597611427307129,0.07681405544281006,0.01916205883026123,0.01916205883026123,0.0003671844986143924
236,3,238,0.1037791520357132,0.07104003429412842,0.03273911774158478,0.03273911774158478,0.0010718498304973512
236,4,239,0.10070714354515076,0.09065365791320801,0.010053485631942749,0.010053485631942749,0.0001010725733516793
236,5,240,0.1062965840101242,0.08304643630981445,0.023250147700309753,0.023250147700309753,0.0005405693680862189
237,1,237,0.1164625808596611,0.1419917345046997,-0.025529153645038605,0.025529153645038605,0.0006517376858319879
237,2,238,0.10412012040615082,0.13953077793121338,-0.03541065752506256,0.03541065752506256,0.0012539146663572698
237,3,239,0.11210249364376068,0.14719772338867188,-0.035095229744911194,0.035095229744911194,0.0012316751508480994
237,4,240,0.10801802575588226,0.18893969058990479,-0.08092166483402252,0.08092166483402252,0.006548315839509877
237,5,241,0.11443565785884857,0.13110673427581787,-0.0166710764169693,0.0166710764169693,0.00027792478890042993
238,1,238,0.054632775485515594,0.043569326400756836,0.011063449084758759,0.011063449084758759,0.0001223999056510494
238,2,239,0.04228421673178673,0.04132640361785889,0.0009578131139278412,0.0009578131139278412,9.174059612121477e-07
238,3,240,0.04745010659098625,0.016308903694152832,0.03114120289683342,0.03114120289683342,0.0009697745178617462
238,4,241,0.04637017846107483,0.016826629638671875,0.029543548822402954,0.029543548822402954,0.000872821277021707
238,5,242,0.05018309876322746,0.0394284725189209,0.010754626244306564,0.010754626244306564,0.00011566198565472752
239,1,239,0.012806616723537445,0.014252185821533203,-0.001445569097995758,0.001445569097995758,2.0896700170802696e-06
239,2,240,0.004699360579252243,0.03570270538330078,-0.031003344804048538,0.031003344804048538,0.0009612073890387235
239,3,241,0.0118720643222332,0.027510881423950195,-0.015638817101716995,0.015638817101716995,0.00024457260034095596
239,4,242,0.008732497692108154,0.044569969177246094,-0.03583747148513794,0.03583747148513794,0.001284324362448075
239,5,243,0.012697916477918625,0.02100825309753418,-0.008310336619615555,0.008310336619615555,6.906169473132329e-05
240,1,240,-0.017729319632053375,-0.041935861110687256,0.02420654147863388,0.02420654147863388,0.0005859566503568225
240,2,241,-0.029707062989473343,-0.028467893600463867,-0.0012391693890094757,0.0012391693890094757,1.5355407746581173e-06
240,3,242,-0.023808229714632034,-0.01739048957824707,-0.006417740136384964,0.006417740136384964,4.1187388458166496e-05
240,4,243,-0.023819468915462494,-0.014521539211273193,-0.0092979297041893,0.0092979297041893,8.645149678404573e-05
240,5,244,-0.021612215787172318,0.007553219795227051,-0.02916543558239937,0.02916543558239937,0.0008506226327110872
241,1,241,-0.012987382709980011,-0.0009560585021972656,-0.012031324207782745,0.012031324207782745,0.0001447527621927791
241,2,242,-0.026768136769533157,0.0009475946426391602,-0.027715731412172318,0.027715731412172318,0.0007681617677116753
241,3,243,-0.022276747971773148,0.00110626220703125,-0.023383010178804398,0.023383010178804398,0.0005467651650220701
241,4,244,-0.021241769194602966,-0.0031769871711730957,-0.01806478202342987,0.01806478202342987,0.000326336349554035
241,5,245,-0.01925145462155342,-0.012854278087615967,-0.006397176533937454,0.006397176533937454,4.092386760636002e-05
242,1,242,0.00976254791021347,-0.007349550724029541,0.01711209863424301,0.01711209863424301,0.00029282391966806154
242,2,243,-0.0013607330620288849,0.00498652458190918,-0.006347257643938065,0.006347257643938065,4.028767959853019e-05
242,3,244,0.003329705446958542,-0.014229178428649902,0.017558883875608444,0.017558883875608444,0.0003083144029571022
242,4,245,0.0032734498381614685,-0.020713508129119873,0.02398695796728134,0.02398695796728134,0.0005753741525241218
242,5,246,0.0049089305102825165,-0.006005227565765381,0.010914158076047897,0.010914158076047897,0.00011911884650896154
243,1,243,-0.0185554102063179,-0.018676936626434326,0.00012152642011642456,0.00012152642011642456,1.476867078631372e-08
243,2,244,-0.028455857187509537,-0.0093841552734375,-0.019071701914072037,0.019071701914072037,0.000363729813899219
243,3,245,-0.021818388253450394,-0.014495134353637695,-0.007323253899812698,0.007323253899812698,5.3630047681121895e-05
243,4,246,-0.02339886873960495,-0.018522024154663086,-0.004876844584941864,0.004876844584941864,2.3783613105676782e-05
243,5,247,-0.02154843881726265,-0.04229629039764404,0.020747851580381393,0.020747851580381393,0.0004304733452015347
244,1,244,0.048883579671382904,0.032877326011657715,0.01600625365972519,0.01600625365972519,0.000256200156219466
244,2,245,0.03718062862753868,0.03524339199066162,0.00193723663687706,0.00193723663687706,3.7528857872587418e-06
244,3,246,0.04283241555094719,0.020720243453979492,0.022112172096967697,0.022112172096967697,0.0004889481548459168
244,4,247,0.041888125240802765,0.00774693489074707,0.034141190350055695,0.034141190350055695,0.001165620878518736
244,5,248,0.04454989358782768,-0.0027785301208496094,0.04732842370867729,0.04732842370867729,0.0022399796907480868
245,1,245,-0.0004943981766700745,-0.05433976650238037,0.0538453683257103,0.0538453683257103,0.0028993236901314057
245,2,246,-0.010498333722352982,-0.05732923746109009,0.046830903738737106,0.046830903738737106,0.002193133544986861
245,3,247,-0.003815907984972,-0.08368265628814697,0.07986675202846527,0.07986675202846527,0.0063786980795763615
245,4,248,-0.006578266620635986,-0.07974928617477417,0.07317101955413818,0.07317101955413818,0.005353998102592072
245,5,249,-0.0037388689815998077,-0.06488120555877686,0.06114233657717705,0.06114233657717705,0.0037383853221168023
246,1,246,-0.006546296179294586,-0.04061996936798096,0.03407367318868637,0.03407367318868637,0.0011610152045694044
246,2,247,-0.014999765902757645,-0.07890820503234863,0.06390844285488129,0.06390844285488129,0.004084289068135627
246,3,248,-0.006265152245759964,-0.09061205387115479,0.08434690535068512,0.08434690535068512,0.007114400442237434
246,4,249,-0.011916376650333405,-0.09470844268798828,0.08279206603765488,0.08279206603765488,0.006854526198783406
246,5,250,-0.0064758844673633575,-0.10147988796234131,0.09500400722026825,0.09500400722026825,0.009025761387908782
247,1,247,-0.06550578027963638,-0.0983731746673584,0.032867394387722015,0.032867394387722015,0.0010802656138380606
247,2,248,-0.07260063290596008,-0.10667568445205688,0.0340750515460968,0.0340750515460968,0.001161109137869154
247,3,249,-0.06501324474811554,-0.11724269390106201,0.05222944915294647,0.05222944915294647,0.002727915358820221
247,4,250,-0.07179632782936096,-0.13091254234313965,0.059116214513778687,0.059116214513778687,0.003494726818439098
247,5,251,-0.06561480462551117,-0.09313344955444336,0.02751864492893219,0.02751864492893219,0.0007572758187246453
248,1,248,-0.08758402615785599,-0.10455352067947388,0.01696949452161789,0.01696949452161789,0.00028796374431921956
248,2,249,-0.09734749794006348,-0.09612679481506348,-0.001220703125,0.001220703125,1.4901161193847656e-06
248,3,250,-0.08972255885601044,-0.0884661078453064,-0.0012564510107040405,0.0012564510107040405,1.578669142299205e-06
248,4,251,-0.09429731965065002,-0.09604167938232422,0.0017443597316741943,0.0017443597316741943,3.0427908734864673e-06
248,5,252,-0.08858628571033478,-0.09893578290939331,0.010349497199058533,0.010349497199058533,0.00010711209227332041
249,1,249,-0.09588954597711563,-0.11163157224655151,0.015742026269435883,0.015742026269435883,0.0002478113910676094
249,2,250,-0.10882115364074707,-0.11204737424850464,0.0032262206077575684,0.0032262206077575684,1.0408499409919614e-05
249,3,251,-0.10340438783168793,-0.061487674713134766,-0.04191671311855316,0.04191671311855316,0.0017570108386630867
249,4,252,-0.10394838452339172,-0.06522977352142334,-0.038718611001968384,0.038718611001968384,0.0014991308379217472
249,5,253,-0.10055990517139435,-0.05541735887527466,-0.04514254629611969,0.04514254629611969,0.0020378494860973095
250,1,250,-0.06043831259012222,-0.09150558710098267,0.031067274510860443,0.031067274510860443,0.000965175545533159
250,2,251,-0.07766702771186829,-0.08785629272460938,0.010189265012741089,0.010189265012741089,0.00010382112149986966
250,3,252,-0.07602019608020782,-0.08387535810470581,0.007855162024497986,0.007855162024497986,6.17035704311153e-05
250,4,253,-0.07248823344707489,-0.0916714072227478,0.019183173775672913,0.019183173775672913,0.00036799415610766495
250,5,254,-0.07085771858692169,-0.07325941324234009,0.002401694655418396,0.002401694655418396,5.768137217865288e-06
251,1,251,-0.06348101049661636,-0.05092453956604004,-0.012556470930576324,0.012556470930576324,0.00015766496223040827
251,2,252,-0.07502801716327667,-0.05576968193054199,-0.01925833523273468,0.01925833523273468,0.00037088347593638993
251,3,253,-0.07047416269779205,-0.052929461002349854,-0.0175447016954422,0.0175447016954422,0.0003078165575820524
251,4,254,-0.06950846314430237,-0.07799088954925537,0.008482426404953003,0.008482426404953003,7.195155771544393e-05
251,5,255,-0.06790752708911896,-0.08851659297943115,0.020609065890312195,0.020609065890312195,0.0004247335968712296
252,1,252,-0.039785273373126984,-0.10620087385177612,0.06641560047864914,0.06641560047864914,0.00441103198693954
252,2,253,-0.05017169192433357,-0.12289172410964966,0.07272003591060638,0.07272003591060638,0.005288203622839882
252,3,254,-0.045943666249513626,-0.12823277711868286,0.08228911459445953,0.08228911459445953,0.006771498380740093
252,4,255,-0.044968023896217346,-0.11721688508987427,0.07224886119365692,0.07224886119365692,0.005219897943780305
252,5,256,-0.04391874745488167,-0.10378068685531616,0.059861939400434494,0.059861939400434494,0.0035834517887812917
253,1,253,-0.14677461981773376,-0.14160609245300293,-0.005168527364730835,0.005168527364730835,2.671367511997147e-05
253,2,254,-0.15510191023349762,-0.14096885919570923,-0.014133051037788391,0.014133051037788391,0.00019974313163673152
253,3,255,-0.15015734732151031,-0.14009249210357666,-0.010064855217933655,0.010064855217933655,0.00010130131055796632
253,4,256,-0.15025439858436584,-0.13403856754302979,-0.01621583104133606,0.01621583104133606,0.0002629531763611581
253,5,257,-0.14975984394550323,-0.1259932518005371,-0.023766592144966125,0.023766592144966125,0.0005648509021851655
254,1,254,-0.1203070655465126,-0.12178999185562134,0.0014829263091087341,0.0014829263091087341,2.199070438246853e-06
254,2,255,-0.13089419901371002,-0.14057230949401855,0.009678110480308533,0.009678110480308533,9.366582246905786e-05
254,3,256,-0.12639065086841583,-0.12834393978118896,0.0019532889127731323,0.0019532889127731323,3.815337576762445e-06
254,4,257,-0.12512485682964325,-0.13066160678863525,0.005536749958992004,0.005536749958992004,3.065560010839796e-05
254,5,258,-0.1251397579908371,-0.13441818952560425,0.009278431534767151,0.009278431534767151,8.608929174536151e-05
255,1,255,-0.12009947746992111,-0.13462930917739868,0.01452983170747757,0.01452983170747757,0.00021111600944762055
255,2,256,-0.13034401834011078,-0.14753460884094238,0.017190590500831604,0.017190590500831604,0.0002955164017672818
255,3,257,-0.12682025134563446,-0.14001309871673584,0.01319284737110138,0.01319284737110138,0.00017405122175717658
255,4,258,-0.12585079669952393,-0.1259993314743042,0.00014853477478027344,0.00014853477478027344,2.2062579319026554e-08
255,5,259,-0.1262083798646927,-0.13383758068084717,0.00762920081615448,0.00762920081615448,5.8204705093212183e-05
256,1,256,-0.12222453206777573,-0.14792734384536743,0.025702811777591705,0.025702811777591705,0.0006606345332743069
256,2,257,-0.13266481459140778,-0.1389715075492859,0.006306692957878113,0.006306692957878113,3.977437606494938e-05
256,3,258,-0.12836991250514984,-0.13762420415878296,0.009254291653633118,0.009254291653633118,8.564191401050358e-05
256,4,259,-0.12803316116333008,-0.12438845634460449,-0.003644704818725586,0.003644704818725586,1.3283873215641506e-05
256,5,260,-0.12828855216503143,-0.13064968585968018,0.0023611336946487427,0.0023611336946487427,5.574952324005622e-06
257,1,257,-0.07781783491373062,-0.0845099687576294,0.006692133843898773,0.006692133843898773,4.478465538465537e-05
257,2,258,-0.0899178683757782,-0.09001851081848145,0.00010064244270324707,0.00010064244270324707,1.012890127327637e-08
257,3,259,-0.08452863991260529,-0.09786385297775269,0.0133352130651474,0.0133352130651474,0.0001778279074928779
257,4,260,-0.08452403545379639,-0.10161954164505005,0.017095506191253662,0.017095506191253662,0.0002922563319351923
257,5,261,-0.08339686691761017,-0.11071699857711792,0.02732013165950775,0.02732013165950775,0.0007463895938928378
258,1,258,-0.038805313408374786,-0.06865936517715454,0.029854051768779755,0.029854051768779755,0.0008912644070129816
258,2,259,-0.04835766926407814,-0.08159804344177246,0.03324037417769432,0.03324037417769432,0.0011049224754731274
258,3,260,-0.04236598685383797,-0.08369642496109009,0.04133043810725212,0.04133043810725212,0.0017082051141373983
258,4,261,-0.04453449696302414,-0.10074424743652344,0.0562097504734993,0.0562097504734993,0.0031595360482930546
258,5,262,-0.04208247736096382,-0.11298388242721558,0.07090140879154205,0.07090140879154205,0.005027009768625357
259,1,259,-0.007205016911029816,-0.0784572958946228,0.07125227898359299,0.07125227898359299,0.005076887260355767
259,2,260,-0.017320025712251663,-0.08890926837921143,0.07158924639225006,0.07158924639225006,0.005125020199010288
259,3,261,-0.01132284477353096,-0.07761740684509277,0.06629456579685211,0.06629456579685211,0.004394969454193154
259,4,262,-0.0142388716340065,-0.07024502754211426,0.05600615590810776,0.05600615590810776,0.0031366894996032735
259,5,263,-0.009988237172365189,-0.050274431705474854,0.040286194533109665,0.040286194533109665,0.001622977469959555
260,1,260,-0.04743228107690811,-0.02946770191192627,-0.017964579164981842,0.017964579164981842,0.0003227261045748997
260,2,261,-0.05995326116681099,-0.03317481279373169,-0.0267784483730793,0.0267784483730793,0.0007170852972696734
260,3,262,-0.054410744458436966,-0.023732542991638184,-0.030678201466798782,0.030678201466798782,0.000941152045237495
260,4,263,-0.05652591586112976,-0.043189406394958496,-0.013336509466171265,0.013336509466171265,0.00017786248474127575
260,5,264,-0.05132688954472542,-0.044524550437927246,-0.006802339106798172,0.006802339106798172,4.627181732387575e-05
261,1,261,-0.02699068933725357,-0.08023536205291748,0.05324467271566391,0.05324467271566391,0.002834995172598165
261,2,262,-0.03904976323246956,-0.08267730474472046,0.0436275415122509,0.0436275415122509,0.0019033623784031756
261,3,263,-0.03452654555439949,-0.09094226360321045,0.05641571804881096,0.05641571804881096,0.0031827332429629346
261,4,264,-0.03493271768093109,-0.09554433822631836,0.06061162054538727,0.06061162054538727,0.003673768545138012
261,5,265,-0.03142692521214485,-0.0971408486366272,0.06571392714977264,0.06571392714977264,0.004318320221445626
262,1,262,-0.0953361764550209,-0.1097680926322937,0.014431916177272797,0.014431916177272797,0.00020828020454782825
262,2,263,-0.10508264601230621,-0.11828672885894775,0.01320408284664154,0.01320408284664154,0.00017434780382097337
262,3,264,-0.09913359582424164,-0.12515658140182495,0.026022985577583313,0.026022985577583313,0.0006771957783711091
262,4,265,-0.10064686834812164,-0.1333087682723999,0.03266189992427826,0.03266189992427826,0.0010667997066635682
262,5,266,-0.097591832280159,-0.1386212706565857,0.0410294383764267,0.0410294383764267,0.0016834148134849958
263,1,263,-0.1366497278213501,-0.19111692905426025,0.054467201232910156,0.054467201232910156,0.0029666760101463296
263,2,264,-0.14564286172389984,-0.19765228033065796,0.05200941860675812,0.05200941860675812,0.0027049796238129975
263,3,265,-0.14026157557964325,-0.19986015558242798,0.05959858000278473,0.05959858000278473,0.003551990738348332
263,4,266,-0.1411103457212448,-0.20365780591964722,0.0625474601984024,0.0625474601984024,0.003912184777270733
263,5,267,-0.1396651715040207,-0.2102816104888916,0.07061643898487091,0.07061643898487091,0.004986681454903996
264,1,264,-0.1325272023677826,-0.16031163930892944,0.02778443694114685,0.02778443694114685,0.0007719749361365658
264,2,265,-0.14242307841777802,-0.10419487953186035,-0.038228198885917664,0.038228198885917664,0.0014613951900612765
264,3,266,-0.1369025558233261,-0.11412537097930908,-0.02277718484401703,0.02277718484401703,0.000518800149418519
264,4,267,-0.13793784379959106,-0.10916024446487427,-0.028777599334716797,0.028777599334716797,0.0008281502234694926
264,5,268,-0.13513268530368805,-0.1016654372215271,-0.03346724808216095,0.03346724808216095,0.0011200566941929058
265,1,265,-0.106938935816288,-0.10809868574142456,0.0011597499251365662,0.0011597499251365662,1.3450198888542708e-06
265,2,266,-0.1216605007648468,-0.09580808877944946,-0.02585241198539734,0.02585241198539734,0.000668347205462716
265,3,267,-0.11569242179393768,-0.09794968366622925,-0.017742738127708435,0.017742738127708435,0.0003148047562684386
265,4,268,-0.11276206374168396,-0.09105968475341797,-0.02170237898826599,0.02170237898826599,0.0004709932537503292
265,5,269,-0.1116790622472763,-0.08146917819976807,-0.03020988404750824,0.03020988404750824,0.0009126370941638928
266,1,266,-0.09998349100351334,-0.09371227025985718,-0.0062712207436561584,0.0062712207436561584,3.93282096156633e-05
266,2,267,-0.11123298108577728,-0.08768558502197266,-0.023547396063804626,0.023547396063804626,0.0005544798613856816
266,3,268,-0.10676412284374237,-0.06823575496673584,-0.03852836787700653,0.03852836787700653,0.0014844351312659487
266,4,269,-0.10489773750305176,-0.05937832593917847,-0.04551941156387329,0.04551941156387329,0.0020720168291212815
266,5,270,-0.10480476915836334,-0.052438557147979736,-0.052366212010383606,0.052366212010383606,0.0027422201603164442
267,1,267,-0.05376739054918289,-0.05401986837387085,0.00025247782468795776,0.00025247782468795776,6.374505195916313e-08
267,2,268,-0.06732936203479767,-0.057508111000061035,-0.009821251034736633,0.009821251034736633,9.645697188731539e-05
267,3,269,-0.0644349604845047,-0.05622303485870361,-0.008211925625801086,0.008211925625801086,6.743572248368856e-05
267,4,270,-0.06119421869516373,-0.03446680307388306,-0.02672741562128067,0.02672741562128067,0.000714354745792678
267,5,271,-0.061624426394701004,-0.049521565437316895,-0.01210286095738411,0.01210286095738411,0.0001464792433537726
268,1,268,-0.02678588777780533,-0.06654751300811768,0.03976162523031235,0.03976162523031235,0.0015809868409558114
268,2,269,-0.03730754926800728,-0.0855860710144043,0.04827852174639702,0.04827852174639702,0.00233081566201733
268,3,270,-0.03307371214032173,-0.049935221672058105,0.016861509531736374,0.016861509531736374,0.0002843105036888366
268,4,271,-0.03220144659280777,-0.04088270664215088,0.008681260049343109,0.008681260049343109,7.536427604432072e-05
268,5,272,-0.031941045075654984,-0.05852144956588745,0.026580404490232468,0.026580404490232468,0.0007065179028643703
269,1,269,-0.05965561419725418,-0.038814425468444824,-0.020841188728809357,0.020841188728809357,0.00043435514762985017
269,2,270,-0.07348601520061493,-0.02070295810699463,-0.0527830570936203,0.0527830570936203,0.0027860511161483803
269,3,271,-0.07097272574901581,-0.01896500587463379,-0.05200771987438202,0.05200771987438202,0.0027048029265321905
269,4,272,-0.0693407654762268,0.0003355741500854492,-0.06967633962631226,0.06967633962631226,0.0048547923037212115
269,5,273,-0.06888581812381744,0.0006098747253417969,-0.06949569284915924,0.06949569284915924,0.004829651324584683
270,1,270,0.01921962946653366,0.007780909538269043,0.011438719928264618,0.011438719928264618,0.0001308443135972781
270,2,271,0.006183873862028122,-0.0006015300750732422,0.006785403937101364,0.006785403937101364,4.604170658963069e-05
270,3,272,0.010786157101392746,-0.018590927124023438,0.029377084225416183,0.029377084225416183,0.0008630130775871964
270,4,273,0.012060947716236115,-0.003992140293121338,0.016053088009357452,0.016053088009357452,0.000257701634636176
270,5,274,0.012493502348661423,0.015504002571105957,-0.0030105002224445343,0.0030105002224445343,9.06311158933859e-06
271,1,271,0.0734088346362114,0.09337639808654785,-0.019967563450336456,0.019967563450336456,0.00039870359014321233
271,2,272,0.06518162786960602,0.07661163806915283,-0.011430010199546814,0.011430010199546814,0.0001306451331617442
271,3,273,0.07113517820835114,0.080269455909729,-0.009134277701377869,0.009134277701377869,8.343502912588896e-05
271,4,274,0.0686492770910263,0.08260643482208252,-0.013957157731056213,0.013957157731056213,0.00019480225192958223
271,5,275,0.071337029337883,0.09652626514434814,-0.02518923580646515,0.02518923580646515,0.000634497600513706
272,1,272,0.055936358869075775,0.057796597480773926,-0.0018602386116981506,0.0018602386116981506,3.460487692452663e-06
272,2,273,0.045259129256010056,0.060941338539123535,-0.01568220928311348,0.01568220928311348,0.0002459316879993706
272,3,274,0.05018700286746025,0.06870472431182861,-0.018517721444368362,0.018517721444368362,0.0003429060074912199
272,4,275,0.04813658446073532,0.0846247673034668,-0.036488182842731476,0.036488182842731476,0.0013313874871646036
272,5,276,0.0506831519305706,0.08364200592041016,-0.032958853989839554,0.032958853989839554,0.0010862860563235627
273,1,273,0.11573564261198044,0.1626882553100586,-0.046952612698078156,0.046952612698078156,0.00220454783917573
273,2,274,0.10231797397136688,0.17979860305786133,-0.07748062908649445,0.07748062908649445,0.006003247883638929
273,3,275,0.10715104639530182,0.18246257305145264,-0.07531152665615082,0.07531152665615082,0.005671826047280115
273,4,276,0.10642480850219727,0.18963468074798584,-0.08320987224578857,0.08320987224578857,0.006923882839160456
273,5,277,0.10925178229808807,0.1763150691986084,-0.06706328690052032,0.06706328690052032,0.004497484449901501
274,1,274,0.1922510266304016,0.19662737846374512,-0.004376351833343506,0.004376351833343506,1.9152455369209065e-05
274,2,275,0.1786351352930069,0.22450149059295654,-0.045866355299949646,0.045866355299949646,0.002103722548501219
274,3,276,0.18235649168491364,0.23513495922088623,-0.052778467535972595,0.052778467535972595,0.002785566635445713
274,4,277,0.18399450182914734,0.2509303092956543,-0.06693580746650696,0.06693580746650696,0.004480402321193289
274,5,278,0.18498052656650543,0.24938178062438965,-0.06440125405788422,0.06440125405788422,0.004147521524228148
275,1,275,0.30200958251953125,0.3315778970718384,-0.02956831455230713,0.02956831455230713,0.0008742852254641775
275,2,276,0.2856295108795166,0.32708632946014404,-0.04145681858062744,0.04145681858062744,0.0017186678068270567
275,3,277,0.2877219021320343,0.3435187339782715,-0.05579683184623718,0.05579683184623718,0.003113286444077268
275,4,278,0.29309478402137756,0.33026325702667236,-0.0371684730052948,0.0371684730052948,0.0013814953855453282
275,5,279,0.2928771674633026,0.3423137664794922,-0.049436599016189575,0.049436599016189575,0.002443977322287516
276,1,276,0.36296144127845764,0.20945847034454346,0.15350297093391418,0.15350297093391418,0.023563162085538103
276,2,277,0.34882616996765137,0.20923423767089844,0.13959193229675293,0.13959193229675293,0.019485907562341254
276,3,278,0.34904903173446655,0.19927120208740234,0.1497778296470642,0.1497778296470642,0.022433398253784986
276,4,279,0.3552228510379791,0.21818995475769043,0.1370328962802887,0.1370328962802887,0.01877801466296436
276,5,280,0.3541801869869232,0.2153913974761963,0.13878878951072693,0.13878878951072693,0.019262328093852865
277,1,277,0.1321251392364502,0.11607396602630615,0.016051173210144043,0.016051173210144043,0.0002576401614220458
277,2,278,0.11871480941772461,0.08978259563446045,0.02893221378326416,0.02893221378326416,0.0008370729944005006
277,3,279,0.12760768830776215,0.07155680656433105,0.05605088174343109,0.05605088174343109,0.003141701344216097
277,4,280,0.12268849462270737,0.06925225257873535,0.053436242043972015,0.053436242043972015,0.0028554319637819625
277,5,281,0.12995432317256927,0.08538305759429932,0.04457126557826996,0.04457126557826996,0.0019865977152486725
278,1,278,0.05200355499982834,0.03864872455596924,0.0133548304438591,0.0133548304438591,0.00017835149618422586
278,2,279,0.042933788150548935,0.04906141757965088,-0.006127629429101944,0.006127629429101944,3.7547842420396216e-05
278,3,280,0.051881980150938034,0.07059454917907715,-0.018712569028139114,0.018712569028139114,0.00035016023963287124
278,4,281,0.04452044516801834,0.062102556228637695,-0.017582111060619354,0.017582111060619354,0.00030913062934795343
278,5,282,0.05234105512499809,0.02833712100982666,0.024003934115171432,0.024003934115171432,0.0005761888530054909
279,1,279,0.036495231091976166,-0.018346011638641357,0.05484124273061752,0.05484124273061752,0.0030075619042385093
279,2,280,0.02016614004969597,-0.01717764139175415,0.03734378144145012,0.03734378144145012,0.0013945580123467943
279,3,281,0.02590925619006157,-0.008998870849609375,0.034908127039670944,0.034908127039670944,0.0012185773334178057
279,4,282,0.024404257535934448,-0.0208776593208313,0.04528191685676575,0.04528191685676575,0.002050451994223046
279,5,283,0.030061375349760056,-0.007830321788787842,0.0378916971385479,0.0378916971385479,0.001435780712039439
280,1,280,0.030801944434642792,0.010789990425109863,0.02001195400953293,0.02001195400953293,0.00040047830327966105
280,2,281,0.01667458936572075,0.010890483856201172,0.005784105509519577,0.005784105509519577,3.3455876545254726e-05
280,3,282,0.023379605263471603,0.030753254890441895,-0.007373649626970291,0.007373649626970291,5.4370708821319114e-05
280,4,283,0.02059727907180786,0.04208874702453613,-0.02149146795272827,0.02149146795272827,0.0004618831947631463
280,5,284,0.026946943253278732,0.04509842395782471,-0.018151480704545975,0.018151480704545975,0.00032947625176750484
281,1,281,-0.009952105581760406,-0.030530810356140137,0.02057870477437973,0.02057870477437973,0.0004234830901910791
281,2,282,-0.024330157786607742,-0.02833455801010132,0.004004400223493576,0.004004400223493576,1.6035221149915402e-05
281,3,283,-0.019337672740221024,-0.0383608341217041,0.019023161381483078,0.019023161381483078,0.00036188066894594917
281,4,284,-0.02002102881669998,-0.048195719718933105,0.028174690902233124,0.028174690902233124,0.000793813207436378
281,5,285,-0.015726793557405472,-0.020218372344970703,0.004491578787565231,0.004491578787565231,2.0174280004905953e-05
282,1,282,-0.039411015808582306,-0.02673429250717163,-0.012676723301410675,0.012676723301410675,0.00016069931366052836
282,2,283,-0.049795377999544144,-0.026921868324279785,-0.02287350967526436,0.02287350967526436,0.0005231974448644122
282,3,284,-0.04322420433163643,-0.02007657289505005,-0.02314763143658638,0.02314763143658638,0.000535812841124042
282,4,285,-0.04521430283784866,0.005054593086242676,-0.05026889592409134,0.05026889592409134,0.002526961897427127
282,5,286,-0.04162158444523811,-0.015387773513793945,-0.026233810931444168,0.026233810931444168,0.0006882128359867595
283,1,283,-0.014009900391101837,-0.008568048477172852,-0.005441851913928986,0.005441851913928986,2.9613752253132564e-05
283,2,284,-0.02594718709588051,-0.011178791522979736,-0.014768395572900772,0.014768395572900772,0.00021810550779767512
283,3,285,-0.021339792758226395,-0.03486204147338867,0.013522248715162277,0.013522248715162277,0.00018285121031470786
283,4,286,-0.02104007452726364,-0.03682011365890503,0.015780039131641388,0.015780039131641388,0.0002490096349961335
283,5,287,-0.01869218423962593,-0.018451690673828125,-0.00024049356579780579,0.00024049356579780579,5.783715519014354e-08
284,1,284,-0.016251154243946075,-0.020496368408203125,0.0042452141642570496,0.0042452141642570496,1.802184330040868e-05
284,2,285,-0.023890364915132523,-0.015369594097137451,-0.008520770817995071,0.008520770817995071,7.26035353327964e-05
284,3,286,-0.017678339034318924,-0.025529921054840088,0.007851582020521164,0.007851582020521164,6.16473402249712e-05
284,4,287,-0.019181102514266968,-0.019843995571136475,0.0006628930568695068,0.0006628930568695068,4.394272048457992e-07
284,5,288,-0.01686926558613777,-0.027301013469696045,0.010431747883558273,0.010431747883558273,0.00010882136390612251
285,1,285,-0.06214574724435806,-0.08415579795837402,0.02201005071401596,0.02201005071401596,0.0004844423324335545
285,2,286,-0.07219626009464264,-0.09901309013366699,0.026816830039024353,0.026816830039024353,0.0007191423733419189
285,3,287,-0.0668928474187851,-0.11970704793930054,0.05281420052051544,0.05281420052051544,0.0027893397766212136
285,4,288,-0.0666368305683136,-0.13058477640151978,0.06394794583320618,0.06394794583320618,0.004089339776286671
285,5,289,-0.06558538973331451,-0.1365984082221985,0.07101301848888397,0.07101301848888397,0.005042848794902577
286,1,286,-0.11499790102243423,-0.14985060691833496,0.034852705895900726,0.034852705895900726,0.0012147111082661532
286,2,287,-0.12194359302520752,-0.1414521336555481,0.019508540630340576,0.019508540630340576,0.0003805831575256491
286,3,288,-0.11583013832569122,-0.12482839822769165,0.008998259902000427,0.008998259902000427,8.096868126394874e-05
286,4,289,-0.11785371601581573,-0.13262081146240234,0.014767095446586609,0.014767095446586609,0.00021806710792859896
286,5,290,-0.11661915481090546,-0.12240415811538696,0.005785003304481506,0.005785003304481506,3.346626323286195e-05
287,1,287,-0.15145757794380188,-0.1722072958946228,0.020749717950820923,0.020749717950820923,0.00043055079503862004
287,2,288,-0.1653067022562027,-0.17732632160186768,0.012019619345664978,0.012019619345664978,0.0001444712492146838
287,3,289,-0.161431685090065,-0.18475711345672607,0.023325428366661072,0.023325428366661072,0.000544075608488237
287,4,290,-0.1592339724302292,-0.17468416690826416,0.015450194478034973,0.015450194478034973,0.00023870850940910238
287,5,291,-0.16007284820079803,-0.1721246838569641,0.012051835656166077,0.012051835656166077,0.000145246742683236
288,1,288,-0.06546822935342789,-0.06349319219589233,-0.001975037157535553,0.001975037157535553,3.900771773646117e-06
288,2,289,-0.07497557997703552,-0.12814390659332275,0.05316832661628723,0.05316832661628723,0.0028268709551761972
288,3,290,-0.06907908618450165,-0.1291656494140625,0.06008656322956085,0.06008656322956085,0.0036103950807400143
288,4,291,-0.07124722003936768,-0.14003366231918335,0.06878644227981567,0.06878644227981567,0.004731574641514413
288,5,292,-0.0685277134180069,-0.12563586235046387,0.05710814893245697,0.05710814893245697,0.003261340674491686
289,1,289,-0.09377104789018631,-0.11482149362564087,0.02105044573545456,0.02105044573545456,0.00044312126566131704
289,2,290,-0.09839247167110443,-0.12819623947143555,0.029803767800331116,0.029803767800331116,0.0008882645750960538
289,3,291,-0.09336192905902863,-0.14336037635803223,0.0499984472990036,0.0499984472990036,0.0024998447323112405
289,4,292,-0.09859472513198853,-0.14920008182525635,0.05060535669326782,0.05060535669326782,0.0025609021260528664
289,5,293,-0.09500567615032196,-0.16106778383255005,0.06606210768222809,0.06606210768222809,0.004364202071418299
290,1,290,-0.0907030776143074,-0.1322035789489746,0.041500501334667206,0.041500501334667206,0.0017222916110287145
290,2,291,-0.09865538775920868,-0.12087267637252808,0.022217288613319397,0.022217288613319397,0.0004936079133275317
290,3,292,-0.0916142612695694,-0.11110460758209229,0.019490346312522888,0.019490346312522888,0.00037987359938207454
290,4,293,-0.09548787772655487,-0.13064062595367432,0.035152748227119446,0.035152748227119446,0.0012357157079192493
290,5,294,-0.09132356941699982,-0.10133641958236694,0.010012850165367126,0.010012850165367126,0.00010025716843409249
291,1,291,-0.08207065612077713,-0.08422249555587769,0.0021518394351005554,0.0021518394351005554,4.6304129544538775e-06
291,2,292,-0.09571342170238495,-0.07327282428741455,-0.022440597414970398,0.022440597414970398,0.0005035804123407761
291,3,293,-0.09019483625888824,-0.07038617134094238,-0.019808664917945862,0.019808664917945862,0.00039238320583145914
291,4,294,-0.09052029252052307,-0.05595284700393677,-0.034567445516586304,0.034567445516586304,0.0011949082895421625
291,5,295,-0.08686782419681549,-0.04699409008026123,-0.03987373411655426,0.03987373411655426,0.0015899146723976632
292,1,292,-0.05708868056535721,-0.05847799777984619,0.0013893172144889832,0.0013893172144889832,1.9302023224754272e-06
292,2,293,-0.06927834451198578,-0.06186443567276001,-0.007413908839225769,0.007413908839225769,5.496604427634999e-05
292,3,294,-0.06412528455257416,-0.06355780363082886,-0.0005674809217453003,0.0005674809217453003,3.2203459654489563e-07
292,4,295,-0.06389667093753815,-0.05738234519958496,-0.006514325737953186,0.006514325737953186,4.243643982015932e-05
292,5,296,-0.0613299198448658,-0.06435441970825195,0.003024499863386154,0.003024499863386154,9.147599423622865e-06
293,1,293,-0.055341936647892,-0.06967133283615112,0.014329396188259125,0.014329396188259125,0.00020533159512009513
293,2,294,-0.06530965864658356,-0.07026439905166626,0.004954740405082703,0.004954740405082703,2.4549452481759104e-05
293,3,295,-0.060314733535051346,-0.08805638551712036,0.027741651982069016,0.027741651982069016,0.0007695992546942337
293,4,296,-0.06055997312068939,-0.10703468322753906,0.04647471010684967,0.04647471010684967,0.002159898679515715
293,5,297,-0.058661747723817825,-0.08657371997833252,0.027911972254514694,0.027911972254514694,0.0007790781951367981
294,1,294,-0.08805946260690689,-0.10897749662399292,0.02091803401708603,0.02091803401708603,0.0004375641471399683
294,2,295,-0.09625919163227081,-0.09727782011032104,0.001018628478050232,0.001018628478050232,1.0376039762949318e-06
294,3,296,-0.09011079370975494,-0.0932166576385498,0.003105863928794861,0.003105863928794861,9.646390744189048e-06
294,4,297,-0.09114605188369751,-0.09505367279052734,0.003907620906829834,0.003907620906829834,1.5269501151493614e-05
294,5,298,-0.08970083296298981,-0.09698754549026489,0.0072867125272750854,0.0072867125272750854,5.309617945514766e-05
295,1,295,-0.10061512142419815,-0.14168238639831543,0.04106726497411728,0.04106726497411728,0.0016865202524543599
295,2,296,-0.11276455223560333,-0.12488222122192383,0.012117668986320496,0.012117668986320496,0.0001468379016620336
295,3,297,-0.1079319566488266,-0.12422162294387817,0.016289666295051575,0.016289666295051575,0.0002653532280041393
295,4,298,-0.10656028985977173,-0.1347925066947937,0.028232216835021973,0.028232216835021973,0.0007970580674196981
295,5,299,-0.1061917394399643,-0.13384860754013062,0.02765686810016632,0.02765686810016632,0.0007649023531099974
296,1,296,-0.09946710616350174,-0.11962950229644775,0.020162396132946014,0.020162396132946014,0.0004065222178218364
296,2,297,-0.111906036734581,-0.12354516983032227,0.011639133095741272,0.011639133095741272,0.0001354694192203798
296,3,298,-0.10679714381694794,-0.11351704597473145,0.006719902157783508,0.006719902157783508,4.515708501018345e-05
296,4,299,-0.1055808812379837,-0.11657315492630005,0.010992273688316345,0.010992273688316345,0.00012083008083885183
296,5,300,-0.10493423044681549,-0.12707895040512085,0.02214471995830536,0.02214471995830536,0.0004903886220317677
297,1,297,-0.08969122916460037,-0.11404025554656982,0.024349026381969452,0.024349026381969452,0.0005928750857498444
297,2,298,-0.10135108232498169,-0.11162620782852173,0.010275125503540039,0.010275125503540039,0.00010557820411349894
297,3,299,-0.09715624153614044,-0.11481273174285889,0.017656490206718445,0.017656490206718445,0.00031175164641994435
297,4,300,-0.09658104181289673,-0.09762471914291382,0.0010436773300170898,0.0010436773300170898,1.0892623691916015e-06
297,5,301,-0.0957019180059433,-0.08217465877532959,-0.013527259230613708,0.013527259230613708,0.00018298674229222378
298,1,298,-0.05149532109498978,-0.03484159708023071,-0.016653724014759064,0.016653724014759064,0.00027734652355976275
298,2,299,-0.06231803074479103,-0.03136551380157471,-0.030952516943216324,0.030952516943216324,0.0009580583051200936
298,3,300,-0.0569734163582325,-0.03565967082977295,-0.02131374552845955,0.02131374552845955,0.0004542757484519294
298,4,301,-0.057600490748882294,-0.021345794200897217,-0.03625469654798508,0.03625469654798508,0.001314403021786481
298,5,302,-0.05532621219754219,-0.012859761714935303,-0.04246645048260689,0.04246645048260689,0.0018033994165917028
299,1,299,-0.04104054719209671,-0.03874766826629639,-0.0022928789258003235,0.0022928789258003235,5.257293768379245e-06
299,2,300,-0.0516594834625721,-0.04004925489425659,-0.011610228568315506,0.011610228568315506,0.00013479740740852952
299,3,301,-0.04628269746899605,-0.061977922916412354,0.015695225447416306,0.015695225447416306,0.00024634010184522437
299,4,302,-0.04688400775194168,-0.05697137117385864,0.010087363421916962,0.010087363421916962,0.00010175490080582827
299,5,303,-0.045495349913835526,-0.06488162279129028,0.019386272877454758,0.019386272877454758,0.00037582757607913797
300,1,300,-0.0479094460606575,-0.054044365882873535,0.006134919822216034,0.006134919822216034,3.7637241225019213e-05
300,2,301,-0.05600028112530708,-0.056234896183013916,0.00023461505770683289,0.00023461505770683289,5.5044225302780525e-08
300,3,302,-0.04909699037671089,-0.04836869239807129,-0.0007282979786396027,0.0007282979786396027,5.304179456905311e-07
300,4,303,-0.051823996007442474,-0.032337188720703125,-0.01948680728673935,0.01948680728673935,0.0003797356582305178
300,5,304,-0.050176460295915604,-0.03243672847747803,-0.017739731818437576,0.017739731818437576,0.00031469808499008656
301,1,301,0.030466251075267792,0.012133002281188965,0.018333248794078827,0.018333248794078827,0.00033610801134559276
301,2,302,0.018081452697515488,0.004762411117553711,0.013319041579961777,0.013319041579961777,0.0001773968686087507
301,3,303,0.023025762289762497,0.006151080131530762,0.016874682158231735,0.016874682158231735,0.00028475489794134445
301,4,304,0.022063247859477997,-0.19488680362701416,0.21695005893707275,0.21695005893707275,0.04706732807279934
301,5,305,0.024780940264463425,-0.17929083108901978,0.2040717750787735,0.2040717750787735,0.04164528938380152
302,1,302,0.07446124404668808,-0.14073431491851807,0.21519556641578674,0.21519556641578674,0.04630913180501128
302,2,303,0.06299519538879395,-0.14977455139160156,0.2127697467803955,0.2127697467803955,0.045270965144993625
302,3,304,0.06839059293270111,-0.14762753248214722,0.21601812541484833,0.21601812541484833,0.04666383050774514
302,4,305,0.06654483824968338,-0.17452198266983032,0.2410668134689331,0.2410668134689331,0.05811320855606539
302,5,306,0.07051970064640045,-0.18118906021118164,0.2517087459564209,0.2517087459564209,0.06335729279095403
303,1,303,-0.15746411681175232,-0.20844048261642456,0.05097636580467224,0.05097636580467224,0.0025985898706517574
303,2,304,-0.1694677770137787,-0.19916516542434692,0.029697388410568237,0.029697388410568237,0.0008819348784081527
303,3,305,-0.1624794453382492,-0.1988377571105957,0.0363583117723465,0.0363583117723465,0.0013219268349351498
303,4,306,-0.16591139137744904,-0.22186213731765747,0.055950745940208435,0.055950745940208435,0.0031304859712657507
303,5,307,-0.1600189357995987,-0.20549410581588745,0.04547517001628876,0.04547517001628876,0.002067991088010368
304,1,304,-0.2013649344444275,-0.22399723529815674,0.022632300853729248,0.022632300853729248,0.0005122210419337136
304,2,305,-0.21347646415233612,-0.23132508993148804,0.017848625779151917,0.017848625779151917,0.00031857344220420636
304,3,306,-0.20824940502643585,-0.2279266119003296,0.019677206873893738,0.019677206873893738,0.00038719247035801097
304,4,307,-0.20815742015838623,-0.20498746633529663,-0.0031699538230895996,0.0031699538230895996,1.0048607240520369e-05
304,5,308,-0.205400750041008,-0.22049260139465332,0.015091851353645325,0.015091851353645325,0.00022776397728052622
305,1,305,-0.2046363651752472,-0.24173599481582642,0.037099629640579224,0.037099629640579224,0.0013763825194681445
305,2,306,-0.21481136977672577,-0.23832279443740845,0.023511424660682678,0.023511424660682678,0.0005527870895749576
305,3,307,-0.2108849734067917,-0.22605657577514648,0.015171602368354797,0.015171602368354797,0.0002301775184234689
305,4,308,-0.20985043048858643,-0.21549701690673828,0.0056465864181518555,0.0056465864181518555,3.1883938177657e-05
305,5,309,-0.20874309539794922,-0.20728403329849243,-0.0014590620994567871,0.0014590620994567871,2.1288622100712473e-06
306,1,306,-0.19300326704978943,-0.18445426225662231,-0.008549004793167114,0.008549004793167114,7.30854829535943e-05
306,2,307,-0.20525963604450226,-0.19545745849609375,-0.009802177548408508,0.009802177548408508,9.608268469052383e-05
306,3,308,-0.20203445851802826,-0.19371426105499268,-0.008320197463035583,0.008320197463035583,6.922568582390376e-05
306,4,309,-0.19874370098114014,-0.2219303846359253,0.023186683654785156,0.023186683654785156,0.0005376222989070811
306,5,310,-0.19863678514957428,-0.21016472578048706,0.01152794063091278,0.01152794063091278,0.00013289341518984976
307,1,307,-0.1633916199207306,-0.19833099842071533,0.03493937849998474,0.03493937849998474,0.001220760169965196
307,2,308,-0.1726287603378296,-0.1809992790222168,0.008370518684387207,0.008370518684387207,7.006558304567534e-05
307,3,309,-0.16877581179141998,-0.17934352159500122,0.010567709803581238,0.010567709803581238,0.000111676490492707
307,4,310,-0.1667463481426239,-0.17603176832199097,0.009285420179367065,0.009285420179367065,8.62190279073971e-05
307,5,311,-0.16701669991016388,-0.1334201693534851,-0.03359653055667877,0.03359653055667877,0.0011287268654458504
308,1,308,-0.17329785227775574,-0.14485961198806763,-0.02843824028968811,0.02843824028968811,0.0008087335107740401
308,2,309,-0.1852000206708908,-0.10151439905166626,-0.08368562161922455,0.08368562161922455,0.007003283265796023
308,3,310,-0.18122194707393646,-0.09356409311294556,-0.0876578539609909,0.0876578539609909,0.007683899361046409
308,4,311,-0.17683039605617523,-0.09301954507827759,-0.08381085097789764,0.08381085097789764,0.0070242587416393665
308,5,312,-0.1785316914319992,-0.0899701714515686,-0.0885615199804306,0.0885615199804306,0.007843142821244209
309,1,309,-0.07987848669290543,-0.08089089393615723,0.0010124072432518005,0.0010124072432518005,1.0249684261887104e-06
309,2,310,-0.09514652192592621,-0.08734643459320068,-0.007800087332725525,0.007800087332725525,6.0841362398145193e-05
309,3,311,-0.09158249199390411,-0.08034372329711914,-0.011238768696784973,0.011238768696784973,0.0001263099218198338
309,4,312,-0.08514845371246338,-0.0778270959854126,-0.007321357727050781,0.007321357727050781,5.360227896744618e-05
309,5,313,-0.08771555125713348,-0.06677591800689697,-0.02093963325023651,0.02093963325023651,0.0004384682406544105
310,1,310,-0.09382114559412003,-0.12298738956451416,0.029166243970394135,0.029166243970394135,0.0008506697873405522
310,2,311,-0.10447262227535248,-0.11800861358642578,0.013535991311073303,0.013535991311073303,0.00018322306077345196
310,3,312,-0.10112224519252777,-0.11737298965454102,0.016250744462013245,0.016250744462013245,0.00026408669556965414
310,4,313,-0.09780028462409973,-0.13471698760986328,0.03691670298576355,0.03691670298576355,0.0013628429593390834
310,5,314,-0.10046325623989105,-0.13790905475616455,0.0374457985162735,0.0374457985162735,0.0014021878265213505
311,1,311,-0.11514949053525925,-0.1542651653289795,0.039115674793720245,0.039115674793720245,0.0015300360145680814
311,2,312,-0.12674054503440857,-0.15635770559310913,0.02961716055870056,0.02961716055870056,0.0008771761995598482
311,3,313,-0.12208448350429535,-0.16828584671020508,0.04620136320590973,0.04620136320590973,0.0021345659620843893
311,4,314,-0.11980438232421875,-0.18293410539627075,0.063129723072052,0.063129723072052,0.003985361935153975
311,5,315,-0.12215681374073029,-0.17969053983688354,0.05753372609615326,0.05753372609615326,0.0033101296385071866
312,1,312,-0.1381426751613617,-0.17105573415756226,0.03291305899620056,0.03291305899620056,0.0010832694524873787
312,2,313,-0.14799770712852478,-0.1646060347557068,0.016608327627182007,0.016608327627182007,0.0002758365465718171
312,3,314,-0.14197607338428497,-0.15625309944152832,0.014277026057243347,0.014277026057243347,0.00020383347303920551
312,4,315,-0.14250317215919495,-0.14737176895141602,0.004868596792221069,0.004868596792221069,2.3703234725225286e-05
312,5,316,-0.14359785616397858,-0.14462262392044067,0.0010247677564620972,0.0010247677564620972,1.05014895468436e-06
313,1,313,-0.1381843090057373,-0.14151740074157715,0.0033330917358398438,0.0033330917358398438,1.1109500519523863e-05
313,2,314,-0.15187686681747437,-0.08278697729110718,-0.06908988952636719,0.06908988952636719,0.004773412834765622
313,3,315,-0.14675061404705048,-0.08617943525314331,-0.060571178793907166,0.060571178793907166,0.003668867700483469
313,4,316,-0.14640387892723083,-0.07282191514968872,-0.07358196377754211,0.07358196377754211,0.00541430539335952
313,5,317,-0.14739380776882172,-0.06709730625152588,-0.08029650151729584,0.08029650151729584,0.006447528155917093
314,1,314,0.13770940899848938,0.18080902099609375,-0.04309961199760437,0.04309961199760437,0.0018575765543440426
314,2,315,0.1193484514951706,0.18146955966949463,-0.062121108174324036,0.062121108174324036,0.0038590320808060685
314,3,316,0.12488077580928802,0.16773152351379395,-0.04285074770450592,0.04285074770450592,0.0018361865788352194
314,4,317,0.1280016005039215,0.1773744821548462,-0.04937288165092468,0.04937288165092468,0.002437681442516215
314,5,318,0.12960101664066315,0.09772050380706787,0.031880512833595276,0.031880512833595276,0.001016367098533033
315,1,315,0.22869354486465454,0.13683772087097168,0.09185582399368286,0.09185582399368286,0.008437492401558444
315,2,316,0.21867619454860687,0.13891470432281494,0.07976149022579193,0.07976149022579193,0.006361895323039102
315,3,317,0.22236783802509308,0.11925208568572998,0.1031157523393631,0.1031157523393631,0.010632858380512866
315,4,318,0.22318629920482635,0.11842119693756104,0.10476510226726532,0.10476510226726532,0.010975726653070561
315,5,319,0.22406961023807526,0.14168405532836914,0.08238555490970612,0.08238555490970612,0.0067873796577802015
316,1,316,0.12326809018850327,0.1285918951034546,-0.0053238049149513245,0.0053238049149513245,2.834289877245988e-05
316,2,317,0.11176209151744843,0.12927913665771484,-0.01751704514026642,0.01751704514026642,0.00030684687044613135
316,3,318,0.12033127248287201,0.1217186450958252,-0.001387372612953186,0.001387372612953186,1.924802767172551e-06
316,4,319,0.11559299379587173,0.12886691093444824,-0.013273917138576508,0.013273917138576508,0.00017619687620179514
316,5,320,0.12130115926265717,0.1538856029510498,-0.03258444368839264,0.03258444368839264,0.001061745970482031
317,1,317,0.16096514463424683,0.17839384078979492,-0.017428696155548096,0.017428696155548096,0.00030375944968241697
317,2,318,0.14802153408527374,0.17161166667938232,-0.02359013259410858,0.02359013259410858,0.0005564943558076241
317,3,319,0.1554730385541916,0.15126526355743408,0.004207774996757507,0.004207774996757507,1.770537042333764e-05
317,4,320,0.15215125679969788,0.15041732788085938,0.001733928918838501,0.001733928918838501,3.006509495584453e-06
317,5,321,0.15761901438236237,0.13106024265289307,0.0265587717294693,0.0265587717294693,0.0007053683557780577
318,1,318,0.10666220635175705,0.0605471134185791,0.04611509293317795,0.04611509293317795,0.0021266017962356387
318,2,319,0.09701234102249146,0.057997941970825195,0.03901439905166626,0.03901439905166626,0.0015221233333626571
318,3,320,0.10435964167118073,0.05880284309387207,0.045556798577308655,0.045556798577308655,0.002075421896613472
318,4,321,0.10016973316669464,0.05195975303649902,0.04820998013019562,0.04820998013019562,0.0023242021841538563
318,5,322,0.10509376227855682,0.0257948637008667,0.07929889857769012,0.07929889857769012,0.006288315315634785
319,1,319,0.10086777061223984,0.066841721534729,0.034026049077510834,0.034026049077510834,0.0011577720158251759
319,2,320,0.0874239057302475,0.07970523834228516,0.007718667387962341,0.007718667387962341,5.957782624599339e-05
319,3,321,0.09445194900035858,0.06767165660858154,0.02678029239177704,0.02678029239177704,0.0007171840605890711
319,4,322,0.09130172431468964,0.0785987377166748,0.012702986598014832,0.012702986598014832,0.00016136586850934442
319,5,323,0.09750039875507355,0.04180634021759033,0.055694058537483215,0.055694058537483215,0.003101828156376607
320,1,320,0.0015530511736869812,-0.028799712657928467,0.030352763831615448,0.030352763831615448,0.0009212902722178229
320,2,321,-0.010500956326723099,-0.02931147813796997,0.018810521811246872,0.018810521811246872,0.0003538357308113943
320,3,322,-0.0033090300858020782,-0.020100653171539307,0.01679162308573723,0.01679162308573723,0.00028195860585346344
320,4,323,-0.0059382617473602295,-0.0193331241607666,0.013394862413406372,0.013394862413406372,0.00017942233907408678
320,5,324,-0.0008959360420703888,-0.021124184131622314,0.020228248089551926,0.020228248089551926,0.00040918202077246113
321,1,321,-0.07060397416353226,-0.095028817653656,0.02442484349012375,0.02442484349012375,0.0005965729795170405
321,2,322,-0.08313170075416565,-0.08331000804901123,0.00017830729484558105,0.00017830729484558105,3.1793491395148976e-08
321,3,323,-0.07800869643688202,-0.10447555780410767,0.026466861367225647,0.026466861367225647,0.0007004947506319414
321,4,324,-0.07894229888916016,-0.11619430780410767,0.03725200891494751,0.03725200891494751,0.0013877121681993287
321,5,325,-0.07586781680583954,-0.12277096509933472,0.04690314829349518,0.04690314829349518,0.0021999053198415996
322,1,322,-0.07244322448968887,-0.08883941173553467,0.016396187245845795,0.016396187245845795,0.0002688349562008363
322,2,323,-0.08214011788368225,-0.06093442440032959,-0.02120569348335266,0.02120569348335266,0.0004496814361099055
322,3,324,-0.0749112218618393,-0.03836756944656372,-0.036543652415275574,0.036543652415275574,0.0013354385318484763
322,4,325,-0.07722210884094238,-0.05838644504547119,-0.01883566379547119,0.01883566379547119,0.0003547822306160242
322,5,326,-0.07416601479053497,-0.04952967166900635,-0.024636343121528625,0.024636343121528625,0.0006069494024016908
323,1,323,-0.014523215591907501,-0.025485634803771973,0.010962419211864471,0.010962419211864471,0.00012017463497665526
323,2,324,-0.03144078329205513,-0.016532599925994873,-0.014908183366060257,0.014908183366060257,0.00022225393127607573
323,3,325,-0.027484048157930374,-0.019392430782318115,-0.008091617375612259,0.008091617375612259,6.547427175331022e-05
323,4,326,-0.02486375719308853,-0.025485575199127197,0.0006218180060386658,0.0006218180060386658,3.866576326339022e-07
323,5,327,-0.022895563393831253,-0.022874295711517334,-2.1267682313919067e-05,2.1267682313919067e-05,4.523143110057859e-10
324,1,324,0.022548072040081024,0.011385917663574219,0.011162154376506805,0.011162154376506805,0.00012459369032497003
324,2,325,0.010827016085386276,-0.004639327526092529,0.015466343611478806,0.015466343611478806,0.00023920778470833126
324,3,326,0.015738945454359055,-0.016177594661712646,0.0319165401160717,0.0319165401160717,0.0010186655329808142
324,4,327,0.016144774854183197,0.010873198509216309,0.005271576344966888,0.005271576344966888,2.778951716081446e-05
324,5,328,0.018430691212415695,-0.0005368590354919434,0.01896755024790764,0.01896755024790764,0.0003597679624069011
325,1,325,-0.0292307510972023,-0.04119199514389038,0.01196124404668808,0.01196124404668808,0.00014307135914443103
325,2,326,-0.03743283823132515,-0.04181253910064697,0.004379700869321823,0.004379700869321823,1.9181779704738333e-05
325,3,327,-0.03198443725705147,-0.0318831205368042,-0.00010131672024726868,0.00010131672024726868,1.0265077801663303e-08
325,4,328,-0.033650100231170654,-0.0455361008644104,0.011886000633239746,0.011886000633239746,0.00014127701105337565
325,5,329,-0.03128071501851082,-0.04305368661880493,0.011772971600294113,0.011772971600294113,0.00013860286030133173
326,1,326,-0.10809607058763504,-0.13488411903381348,0.026788048446178436,0.026788048446178436,0.0007175995395548029
326,2,327,-0.1200239360332489,-0.13690799474716187,0.016884058713912964,0.016884058713912964,0.0002850714386548603
326,3,328,-0.11569206416606903,-0.13657063245773315,0.020878568291664124,0.020878568291664124,0.00043591461390968256
326,4,329,-0.1146274209022522,-0.13488411903381348,0.02025669813156128,0.02025669813156128,0.0004103338191931982
326,5,330,-0.1148308664560318,-0.1407310962677002,0.025900229811668396,0.025900229811668396,0.0006708219042972363
327,1,327,-0.045443303883075714,-0.08610206842422485,0.04065876454114914,0.04065876454114914,0.0016531351340126066
327,2,328,-0.056366194039583206,-0.07361483573913574,0.017248641699552536,0.017248641699552536,0.0002975156404795426
327,3,329,-0.051161784678697586,-0.09809982776641846,0.04693804308772087,0.04693804308772087,0.002203179888904741
327,4,330,-0.0519709438085556,-0.10250711441040039,0.05053617060184479,0.05053617060184479,0.0025539045390987614
327,5,331,-0.04981847479939461,-0.11854463815689087,0.06872616708278656,0.06872616708278656,0.004723286041891095
328,1,328,-0.07839081436395645,-0.117442786693573,0.03905197232961655,0.03905197232961655,0.0015250565428331364
328,2,329,-0.08768098056316376,-0.12723678350448608,0.03955580294132233,0.03955580294132233,0.001564661546332724
328,3,330,-0.08041484653949738,-0.1283385157585144,0.04792366921901703,0.04792366921901703,0.0022966780714137602
328,4,331,-0.08258384466171265,-0.11756515502929688,0.03498131036758423,0.03498131036758423,0.0012236920750332558
328,5,332,-0.08005698025226593,-0.12870579957962036,0.04864881932735443,0.04864881932735443,0.002366707621945574
329,1,329,-0.12341908365488052,-0.14349228143692017,0.020073197782039642,0.020073197782039642,0.0004029332691968812
329,2,330,-0.13355712592601776,-0.1430101990699768,0.009453073143959045,0.009453073143959045,8.936059186503975e-05
329,3,331,-0.12814514338970184,-0.14626431465148926,0.018119171261787415,0.018119171261787415,0.00032830436721398293
329,4,332,-0.12966282665729523,-0.11818397045135498,-0.011478856205940247,0.011478856205940247,0.0001317641397966529
329,5,333,-0.12768591940402985,-0.10769915580749512,-0.01998676359653473,0.01998676359653473,0.00039947071906376586
330,1,330,-0.0828067734837532,-0.05529886484146118,-0.027507908642292023,0.027507908642292023,0.0007566850378726842
330,2,331,-0.09371557831764221,-0.06445467472076416,-0.029260903596878052,0.029260903596878052,0.0008562004793057909
330,3,332,-0.08790348470211029,-0.0388946533203125,-0.04900883138179779,0.04900883138179779,0.002401865553409488
330,4,333,-0.08948145806789398,-0.054027259349823,-0.035454198718070984,0.035454198718070984,0.0012570002067404662
330,5,334,-0.0865243524312973,-0.026178300380706787,-0.060346052050590515,0.060346052050590515,0.0036416459980925797
331,1,331,-0.00731978565454483,0.020741581916809082,-0.028061367571353912,0.028061367571353912,0.000787440349974633
331,2,332,-0.020807016640901566,0.002106904983520508,-0.022913921624422073,0.022913921624422073,0.0005250478042101575
331,3,333,-0.017705727368593216,-0.0019328594207763672,-0.01577286794781685,0.01577286794781685,0.0002487833632992681
331,4,334,-0.016902118921279907,-0.00023871660232543945,-0.016663402318954468,0.016663402318954468,0.00027766897684333713
331,5,335,-0.014764029532670975,-0.02825605869293213,0.013492029160261154,0.013492029160261154,0.0001820348508613373
332,1,332,0.028147928416728973,-0.05023491382598877,0.07838284224271774,0.07838284224271774,0.006143869958046777
332,2,333,0.019626658409833908,-0.09074622392654419,0.1103728860616684,0.1103728860616684,0.012182173977582034
332,3,334,0.02431495115160942,-0.060826122760772705,0.08514107763767242,0.08514107763767242,0.007249003101304163
332,4,335,0.022892296314239502,-0.055530548095703125,0.07842284440994263,0.07842284440994263,0.0061501425253460695
332,5,336,0.025021862238645554,-0.04335051774978638,0.06837238371372223,0.06837238371372223,0.004674782854696469
333,1,333,-0.04565051943063736,-0.027700066566467285,-0.017950452864170074,0.017950452864170074,0.00032221875802879163
333,2,334,-0.05722733214497566,-0.02995777130126953,-0.02726956084370613,0.02726956084370613,0.0007436289486085906
333,3,335,-0.053563375025987625,0.030470609664916992,-0.08403398096561432,0.08403398096561432,0.00706170995692923
333,4,336,-0.05516153573989868,0.01971292495727539,-0.07487446069717407,0.07487446069717407,0.005606184864692665
333,5,337,-0.05133046582341194,0.02568948268890381,-0.07701994478702545,0.07701994478702545,0.005932071894996449
334,1,334,0.0359039232134819,0.023840904235839844,0.01206301897764206,0.01206301897764206,0.00014551642685495247
334,2,335,0.017182808369398117,0.07443070411682129,-0.05724789574742317,0.05724789574742317,0.003277321567507832
334,3,336,0.017771344631910324,0.09370303153991699,-0.07593168318271637,0.07593168318271637,0.005765620510960412
334,4,337,0.022193625569343567,0.08634209632873535,-0.06414847075939178,0.06414847075939178,0.004115026300768543
334,5,338,0.024104487150907516,0.07095098495483398,-0.04684649780392647,0.04684649780392647,0.0021945943564932874
335,1,335,0.04366549104452133,0.013525724411010742,0.03013976663351059,0.03013976663351059,0.0009084055327224783
335,2,336,0.02606998011469841,0.005574584007263184,0.020495396107435226,0.020495396107435226,0.00042006126160067103
335,3,337,0.02931324765086174,-0.008404374122619629,0.03771762177348137,0.03771762177348137,0.0014226189922473959
335,4,338,0.03438384830951691,-0.0021203160285949707,0.03650416433811188,0.03650416433811188,0.001332554014023879
335,5,339,0.03436146304011345,-0.0034027099609375,0.03776417300105095,0.03776417300105095,0.0014261327624533054
336,1,336,0.0013868734240531921,0.0012392997741699219,0.00014757364988327026,0.00014757364988327026,2.1777982139870034e-08
336,2,337,-0.00716133788228035,-0.026661336421966553,0.019499998539686203,0.019499998539686203,0.00038024994304776405
336,3,338,-0.0014941580593585968,-0.05507171154022217,0.05357755348086357,0.05357755348086357,0.002870554236994796
336,4,339,-0.003051750361919403,-0.06258809566497803,0.059536345303058624,0.059536345303058624,0.0035445764120450307
336,5,340,-0.001407671719789505,-0.07456392049789429,0.07315625250339508,0.07315625250339508,0.005351837280340499
337,1,337,-0.012302793562412262,-0.06766724586486816,0.0553644523024559,0.0553644523024559,0.0030652225787509146
337,2,338,-0.01743333414196968,-0.04112589359283447,0.023692559450864792,0.023692559450864792,0.0005613373733327626
337,3,339,-0.010091055184602737,-0.04620003700256348,0.03610898181796074,0.03610898181796074,0.0013038585679298192
337,4,340,-0.015210188925266266,-0.05036342144012451,0.035153232514858246,0.035153232514858246,0.001235749756243687
337,5,341,-0.011828143149614334,-0.06506514549255371,0.05323700234293938,0.05323700234293938,0.0028341784184621327
338,1,338,-0.030295945703983307,-0.11250501871109009,0.08220907300710678,0.08220907300710678,0.006758331684687813
338,2,339,-0.04426153376698494,-0.11968958377838135,0.0754280537366867,0.0754280537366867,0.0056893912905044974
338,3,340,-0.037043143063783646,-0.13079291582107544,0.09374977648258209,0.09374977648258209,0.008789020590534102
338,4,341,-0.03855247050523758,-0.1412433385848999,0.10269086807966232,0.10269086807966232,0.01054541438695461
338,5,342,-0.034840721637010574,-0.14045953750610352,0.10561881959438324,0.10561881959438324,0.011155335052510873
339,1,339,-0.08480138331651688,-0.1478857398033142,0.06308435648679733,0.06308435648679733,0.003979636033353329
339,2,340,-0.09490242600440979,-0.145327627658844,0.050425201654434204,0.050425201654434204,0.002542700961890354
339,3,341,-0.08718408644199371,-0.12809407711029053,0.040909990668296814,0.040909990668296814,0.0016736273364801324
339,4,342,-0.09182579815387726,-0.1254015564918518,0.03357575833797455,0.03357575833797455,0.0011273315479700674
339,5,343,-0.08635435998439789,-0.25169050693511963,0.16533614695072174,0.16533614695072174,0.027336041488510654
340,1,340,-0.08556751161813736,-0.2018343210220337,0.11626680940389633,0.11626680940389633,0.013517970968961956
340,2,341,-0.1003229171037674,-0.22469884157180786,0.12437592446804047,0.12437592446804047,0.015469370587279707
340,3,342,-0.09476988017559052,-0.2573224902153015,0.162552610039711,0.162552610039711,0.026423351030722353
340,4,343,-0.09620484709739685,-0.1729748249053955,0.07676997780799866,0.07676997780799866,0.005893629492640606
340,5,344,-0.0907256156206131,-0.24156826734542847,0.15084265172481537,0.15084265172481537,0.022753505579373945
341,1,341,-0.21606305241584778,-0.23082482814788818,0.014761775732040405,0.014761775732040405,0.00021791002276305704
341,2,342,-0.22134117782115936,-0.21640008687973022,-0.004941090941429138,0.004941090941429138,2.4414379691473087e-05
341,3,343,-0.2132730334997177,-0.22460228204727173,0.011329248547554016,0.011329248547554016,0.00012835187265225478
341,4,344,-0.21841996908187866,-0.24270391464233398,0.024283945560455322,0.024283945560455322,0.0005897100119831578
341,5,345,-0.21294070780277252,-0.211450457572937,-0.0014902502298355103,0.0014902502298355103,2.220845747524791e-06
342,1,342,-0.23685505986213684,-0.24075859785079956,0.0039035379886627197,0.0039035379886627197,1.5237608828932991e-05
342,2,343,-0.24761296808719635,-0.22804135084152222,-0.019571617245674133,0.019571617245674133,0.00038304820161116915
342,3,344,-0.2429777830839157,-0.22357690334320068,-0.019400879740715027,0.019400879740715027,0.00037639413471368677
342,4,345,-0.24078279733657837,-0.2088303565979004,-0.03195244073867798,0.03195244073867798,0.0010209584691587281
342,5,346,-0.2399187833070755,-0.22046524286270142,-0.019453540444374084,0.019453540444374084,0.00037844023582089825
343,1,343,-0.24451106786727905,-0.2646486759185791,0.02013760805130005,0.02013760805130005,0.00040552325802778455
343,2,344,-0.2558855712413788,-0.26169753074645996,0.005811959505081177,0.005811959505081177,3.377887328870344e-05
343,3,345,-0.2532188892364502,-0.276324987411499,0.023106098175048828,0.023106098175048828,0.0005338917728749948
343,4,346,-0.24774393439292908,-0.2717058062553406,0.0239618718624115,0.0239618718624115,0.0005741713031506279
343,5,347,-0.25071045756340027,-0.24822479486465454,-0.0024856626987457275,0.0024856626987457275,6.1785190519358935e-06
344,1,344,-0.18703368306159973,-0.19653934240341187,0.009505659341812134,0.009505659341812134,9.035755952258029e-05
344,2,345,-0.19527941942214966,-0.20088237524032593,0.0056029558181762695,0.0056029558181762695,3.139311390043531e-05
344,3,346,-0.19052062928676605,-0.17874687910079956,-0.011773750185966492,0.011773750185966492,0.000138621193441546
344,4,347,-0.18818996846675873,-0.17468398809432983,-0.013505980372428894,0.013505980372428894,0.00018241150582043453
344,5,348,-0.18880991637706757,-0.1832299828529358,-0.005579933524131775,0.005579933524131775,3.113565813372965e-05
345,1,345,-0.17995870113372803,-0.14087218046188354,-0.03908652067184448,0.03908652067184448,0.001527756098230526
345,2,346,-0.1922217607498169,-0.14348065853118896,-0.04874110221862793,0.04874110221862793,0.0023756950454867365
345,3,347,-0.190727099776268,-0.15254145860671997,-0.038185641169548035,0.038185641169548035,0.0014581431915294818
345,4,348,-0.18459060788154602,-0.14334332942962646,-0.041247278451919556,0.041247278451919556,0.0017013379796901873
345,5,349,-0.18719930946826935,-0.13359612226486206,-0.05360318720340729,0.05360318720340729,0.002873301678363527
346,1,346,-0.16737979650497437,-0.18438935279846191,0.01700955629348755,0.01700955629348755,0.0002893250053013219
346,2,347,-0.175821915268898,-0.17808300256729126,0.0022610872983932495,0.0022610872983932495,5.112515770955284e-06
346,3,348,-0.1719902902841568,-0.21197926998138428,0.03998897969722748,0.03998897969722748,0.0015991184972252714
346,4,349,-0.16802962124347687,-0.19437426328659058,0.02634464204311371,0.02634464204311371,0.0006940401643797944
346,5,350,-0.17191068828105927,-0.21145367622375488,0.03954298794269562,0.03954298794269562,0.001563647895436171
347,1,347,-0.21313467621803284,-0.20498549938201904,-0.008149176836013794,0.008149176836013794,6.640908310462379e-05
347,2,348,-0.21978475153446198,-0.21827161312103271,-0.0015131384134292603,0.0015131384134292603,2.289587858195219e-06
347,3,349,-0.21339957416057587,-0.22257381677627563,0.009174242615699768,0.009174242615699768,8.416672757172172e-05
347,4,350,-0.2115025520324707,-0.23332911729812622,0.021826565265655518,0.021826565265655518,0.0004763989512959199
347,5,351,-0.21609364449977875,-0.21575140953063965,-0.0003422349691390991,0.0003422349691390991,1.1712477410164013e-07
348,1,348,-0.19510003924369812,-0.20111346244812012,0.006013423204421997,0.006013423204421997,3.616125863548092e-05
348,2,349,-0.2040601521730423,-0.19598990678787231,-0.008070245385169983,0.008070245385169983,6.51288605768574e-05
348,3,350,-0.19919340312480927,-0.19727081060409546,-0.0019225925207138062,0.0019225925207138062,3.696362000704667e-06
348,4,351,-0.19767624139785767,-0.19560563564300537,-0.002070605754852295,0.002070605754852295,4.287408192027442e-06
348,5,352,-0.201843723654747,-0.20700550079345703,0.005161777138710022,0.005161777138710022,2.664394322970942e-05
349,1,349,-0.10297153145074844,-0.10278469324111938,-0.00018683820962905884,0.00018683820962905884,3.4908516577392135e-08
349,2,350,-0.11451385915279388,-0.11346077919006348,-0.0010530799627304077,0.0010530799627304077,1.108977407904277e-06
349,3,351,-0.10917778313159943,-0.11781549453735352,0.00863771140575409,0.00863771140575409,7.461005832909429e-05
349,4,352,-0.10868322849273682,-0.14970338344573975,0.04102015495300293,0.04102015495300293,0.0016826531123683708
349,5,353,-0.10986696183681488,-0.1304582953453064,0.020591333508491516,0.020591333508491516,0.00042400301565792553
350,1,350,-0.05249942094087601,-0.11099880933761597,0.05849938839673996,0.05849938839673996,0.003422178442792634
350,2,351,-0.062231872230768204,-0.1182590126991272,0.056027140468358994,0.056027140468358994,0.00313904046906123
350,3,352,-0.056411076337099075,-0.11411029100418091,0.05769921466708183,0.05769921466708183,0.0033291993731979913
350,4,353,-0.05867356061935425,-0.0994417667388916,0.040768206119537354,0.040768206119537354,0.001662046630205083
350,5,354,-0.05786075070500374,-0.08995908498764038,0.03209833428263664,0.03209833428263664,0.0010303030637198868
351,1,351,-0.03514415770769119,-0.032481372356414795,-0.0026627853512763977,0.0026627853512763977,7.090425826972169e-06
351,2,352,-0.04704875126481056,-0.0052834153175354,-0.04176533594727516,0.04176533594727516,0.0017443432867887548
351,3,353,-0.04078449681401253,0.14581680297851562,-0.18660129606723785,0.18660129606723785,0.03482004369397296
351,4,354,-0.04401309788227081,0.1299116611480713,-0.1739247590303421,0.1739247590303421,0.030249821803762567
351,5,355,-0.04054461792111397,0.16760706901550293,-0.2081516832113266,0.2081516832113266,0.043327123223708464
352,1,352,0.22748476266860962,0.3431905508041382,-0.11570578813552856,0.11570578813552856,0.013387829408063823
352,2,353,0.19140353798866272,0.3431905508041382,-0.15178701281547546,0.15178701281547546,0.023039297259445313
352,3,354,0.1847463995218277,0.3456522226333618,-0.16090582311153412,0.16090582311153412,0.025890683911200307
352,4,355,0.1989215612411499,0.29975974559783936,-0.10083818435668945,0.10083818435668945,0.01016833942435369
352,5,356,0.19856156408786774,0.29342973232269287,-0.09486816823482513,0.09486816823482513,0.008999969344231085
353,1,353,0.4041629135608673,0.38106095790863037,0.02310195565223694,0.02310195565223694,0.0005337003549579222
353,2,354,0.3949076235294342,0.344230055809021,0.05067756772041321,0.05067756772041321,0.0025682158700570668
353,3,355,0.39074283838272095,0.3371971845626831,0.05354565382003784,0.05354565382003784,0.002867137043015333
353,4,356,0.4018915891647339,0.3323850631713867,0.06950652599334717,0.06950652599334717,0.0048311571556638455
353,5,357,0.3955390751361847,0.3344208002090454,0.06111827492713928,0.06111827492713928,0.0037354435300693822
354,1,354,0.2989281713962555,0.3090701103210449,-0.010141938924789429,0.010141938924789429,0.00010285892515415895
354,2,355,0.29119235277175903,0.2999218702316284,-0.008729517459869385,0.008729517459869385,7.620447508216444e-05
354,3,356,0.293639600276947,0.3277246952056885,-0.034085094928741455,0.034085094928741455,0.0011617936963013165
354,4,357,0.29499945044517517,0.3522989749908447,-0.057299524545669556,0.057299524545669556,0.003283235513159788
354,5,358,0.2950187921524048,0.37669384479522705,-0.08167505264282227,0.08167505264282227,0.006670814224207788
355,1,355,0.2932978570461273,0.32474637031555176,-0.03144851326942444,0.03144851326942444,0.000989008986857165
355,2,356,0.27784010767936707,0.3396763801574707,-0.06183627247810364,0.06183627247810364,0.0038237245939862774
355,3,357,0.2800973653793335,0.3918442726135254,-0.1117469072341919,0.1117469072341919,0.012487371276407089
355,4,358,0.28341546654701233,0.37586021423339844,-0.09244474768638611,0.09244474768638611,0.00854603137479959
355,5,359,0.2845012843608856,0.3468780517578125,-0.06237676739692688,0.06237676739692688,0.00389086111089032
356,1,356,0.370318740606308,0.31100893020629883,0.059309810400009155,0.059309810400009155,0.003517653609685034
356,2,357,0.3499409258365631,0.3097802400588989,0.040160685777664185,0.040160685777664185,0.0016128806821322783
356,3,358,0.34850502014160156,0.3132908344268799,0.03521418571472168,0.03521418571472168,0.0012400388755509084
356,4,359,0.35802751779556274,0.3055676221847534,0.052459895610809326,0.052459895610809326,0.0027520406474970116
356,5,360,0.3565694987773895,0.3248755931854248,0.03169390559196472,0.03169390559196472,0.0010045036516723727
357,1,357,0.2060982584953308,0.1959747076034546,0.01012355089187622,0.01012355089187622,0.00010248628266040782
357,2,358,0.19273731112480164,0.19340109825134277,-0.0006637871265411377,0.0006637871265411377,4.4061334936174035e-07
357,3,359,0.19780544936656952,0.1906663179397583,0.007139131426811218,0.007139131426811218,5.096719752928358e-05
357,4,360,0.19716259837150574,0.20482194423675537,-0.007659345865249634,0.007659345865249634,5.866557908351666e-05
357,5,361,0.20042948424816132,0.24181902408599854,-0.04138953983783722,0.04138953983783722,0.0017130940079879142
358,1,358,0.20456188917160034,0.2386864423751831,-0.034124553203582764,0.034124553203582764,0.0011644851313441507
358,2,359,0.19161377847194672,0.24809134006500244,-0.056477561593055725,0.056477561593055725,0.003189714963497403
358,3,360,0.19771085679531097,0.2555503845214844,-0.0578395277261734,0.0578395277261734,0.0033454109675867816
358,4,361,0.1958320438861847,0.24663186073303223,-0.050799816846847534,0.050799816846847534,0.0025806213916732545
358,5,362,0.20012472569942474,0.23657846450805664,-0.0364537388086319,0.0364537388086319,0.0013288750731279553
359,1,359,0.2390519380569458,0.2205357551574707,0.018516182899475098,0.018516182899475098,0.00034284902916681403
359,2,360,0.22410061955451965,0.25578343868255615,-0.0316828191280365,0.0316828191280365,0.0010038010278998755
359,3,361,0.22851546108722687,0.26844072341918945,-0.039925262331962585,0.039925262331962585,0.0015940265722760305
359,4,362,0.2293647825717926,0.26010942459106445,-0.03074464201927185,0.03074464201927185,0.0009452330128931763
359,5,363,0.23222731053829193,0.2506566047668457,-0.018429294228553772,0.018429294228553772,0.00033963888576260537
360,1,360,0.2626781463623047,0.24931848049163818,0.013359665870666504,0.013359665870666504,0.0001784806721758514
360,2,361,0.2442222535610199,0.2405003309249878,0.0037219226360321045,0.0037219226360321045,1.385270810860817e-05
360,3,362,0.24861665070056915,0.19730758666992188,0.05130906403064728,0.05130906403064728,0.0026326200517010623
360,4,363,0.25156116485595703,0.2045600414276123,0.04700112342834473,0.04700112342834473,0.0022091056035264955
360,5,364,0.254046767950058,0.21439123153686523,0.03965553641319275,0.03965553641319275,0.001572561568218056
361,1,361,0.1841745674610138,0.16320812702178955,0.020966440439224243,0.020966440439224243,0.0004395916246915377
361,2,362,0.17667998373508453,0.16698527336120605,0.009694710373878479,0.009694710373878479,9.3987409233387e-05
361,3,363,0.18538643419742584,0.15832924842834473,0.027057185769081116,0.027057185769081116,0.0007320913017425656
361,4,364,0.18007218837738037,0.16855919361114502,0.011512994766235352,0.011512994766235352,0.0001325490484873626
361,5,365,0.18515463173389435,0.16981816291809082,0.015336468815803528,0.015336468815803528,0.00023520727573811406
362,1,362,0.2376503348350525,0.22298943996429443,0.014660894870758057,0.014660894870758057,0.0002149418384114199
362,2,363,0.22301380336284637,0.22349202632904053,-0.00047822296619415283,0.00047822296619415283,2.2869720539553384e-07
362,3,364,0.23101846873760223,0.21880114078521729,0.012217327952384949,0.012217327952384949,0.0001492631022961266
362,4,365,0.22865982353687286,0.21142971515655518,0.017230108380317688,0.017230108380317688,0.0002968766347974938
362,5,366,0.234608992934227,0.20791149139404297,0.02669750154018402,0.02669750154018402,0.0007127565884881282
363,1,363,0.20814639329910278,0.17143523693084717,0.036711156368255615,0.036711156368255615,0.0013477090018945148
363,2,364,0.19350703060626984,0.17787981033325195,0.015627220273017883,0.015627220273017883,0.0002442100134614211
363,3,365,0.2006816416978836,0.1720961332321167,0.028585508465766907,0.028585508465766907,0.0008171312942464315
363,4,366,0.19892576336860657,0.1768883466720581,0.022037416696548462,0.022037416696548462,0.0004856477346573129
363,5,367,0.20528008043766022,0.14416933059692383,0.06111074984073639,0.06111074984073639,0.0037345237460970626
364,1,364,-0.05176568776369095,-0.08796709775924683,0.03620140999555588,0.03620140999555588,0.001310542085666333
364,2,365,-0.06332357227802277,-0.0848088264465332,0.021485254168510437,0.021485254168510437,0.0004616161466854951
364,3,366,-0.05708010867238045,-0.0824403166770935,0.02536020800471306,0.02536020800471306,0.0006431401500423123
364,4,367,-0.059107229113578796,-0.023620784282684326,-0.03548644483089447,0.03548644483089447,0.0012592877667361169
364,5,368,-0.055341292172670364,-0.018751978874206543,-0.03658931329846382,0.03658931329846382,0.0013387778476531415
365,1,365,-0.04733935743570328,-0.031039774417877197,-0.01629958301782608,0.01629958301782608,0.00026567640655500435
365,2,366,-0.059609297662973404,-0.04127764701843262,-0.018331650644540787,0.018331650644540787,0.00033604941535349264
365,3,367,-0.05386864021420479,-0.07172179222106934,0.017853152006864548,0.017853152006864548,0.00031873503658021163
365,4,368,-0.05541544407606125,-0.069297194480896,0.013881750404834747,0.013881750404834747,0.00019270299430212967
365,5,369,-0.05141778662800789,-0.08317208290100098,0.03175429627299309,0.03175429627299309,0.0010083353317930227
366,1,366,-0.02907545119524002,-0.10168635845184326,0.07261090725660324,0.07261090725660324,0.005272343852627037
366,2,367,-0.03551245108246803,-0.07193541526794434,0.0364229641854763,0.0364229641854763,0.0013266323200564895
366,3,368,-0.028099972754716873,-0.06835424900054932,0.04025427624583244,0.04025427624583244,0.00162040675607579
366,4,369,-0.0323031023144722,-0.05705994367599487,0.024756841361522675,0.024756841361522675,0.0006129011941995999
366,5,370,-0.02816765382885933,-0.07937318086624146,0.051205527037382126,0.051205527037382126,0.002622005999176072
367,1,367,-0.08644447475671768,-0.10209345817565918,0.015648983418941498,0.015648983418941498,0.00024489068204630593
367,2,368,-0.10111691057682037,-0.09876149892807007,-0.002355411648750305,0.002355411648750305,5.547964035068631e-06
367,3,369,-0.0954284518957138,-0.08889877796173096,-0.006529673933982849,0.006529673933982849,4.263664168413506e-05
367,4,370,-0.09459370374679565,-0.07930254936218262,-0.015291154384613037,0.015291154384613037,0.0002338194024140705
367,5,371,-0.09182079136371613,-0.07130581140518188,-0.02051497995853424,0.02051497995853424,0.00042086440269906156
368,1,368,-0.0674341693520546,-0.06990015506744385,0.0024659857153892517,0.0024659857153892517,6.0810855485038395e-06
368,2,369,-0.08006127178668976,-0.07689857482910156,-0.003162696957588196,0.003162696957588196,1.000265204553763e-05
368,3,370,-0.0755687803030014,-0.0925101637840271,0.016941383481025696,0.016941383481025696,0.0002870104742511703
368,4,371,-0.07513070106506348,-0.1205032467842102,0.04537254571914673,0.04537254571914673,0.00205866790503606
368,5,372,-0.07281364500522614,-0.12655943632125854,0.05374579131603241,0.05374579131603241,0.0028886100841865048
369,1,369,-0.06886554509401321,-0.1267564296722412,0.057890884578228,0.057890884578228,0.003351354517249716
369,2,370,-0.07693170011043549,-0.15298473834991455,0.07605303823947906,0.07605303823947906,0.005784064625455665
369,3,371,-0.07112462818622589,-0.17218291759490967,0.10105828940868378,0.10105828940868378,0.010212777858209288
369,4,372,-0.07267166674137115,-0.16028547286987305,0.08761380612850189,0.08761380612850189,0.007676179024322716
369,5,373,-0.07047496736049652,-0.16325980424880981,0.0927848368883133,0.0927848368883133,0.008609025956390903
370,1,370,-0.16839325428009033,-0.19613194465637207,0.02773869037628174,0.02773869037628174,0.0007694349437912251
370,2,371,-0.17422831058502197,-0.19994795322418213,0.025719642639160156,0.025719642639160156,0.0006615000174861052
370,3,372,-0.16836006939411163,-0.16902488470077515,0.0006648153066635132,0.0006648153066635132,4.419793919741011e-07
370,4,373,-0.17064699530601501,-0.1552082896232605,-0.015438705682754517,0.015438705682754517,0.0002383536331587166
370,5,374,-0.16899029910564423,-0.1311277151107788,-0.03786258399486542,0.03786258399486542,0.0014335752667682389
371,1,371,-0.1548561453819275,-0.15327543020248413,-0.0015807151794433594,0.0015807151794433594,2.498660478522652e-06
371,2,372,-0.16899053752422333,-0.17003309726715088,0.0010425597429275513,0.0010425597429275513,1.0869308175731618e-06
371,3,373,-0.16669483482837677,-0.17544299364089966,0.008748158812522888,0.008748158812522888,7.653028260912187e-05
371,4,374,-0.16341932117938995,-0.17346376180648804,0.010044440627098083,0.010044440627098083,0.00010089078751129854
371,5,375,-0.1631835252046585,-0.18942975997924805,0.02624623477458954,0.02624623477458954,0.0006888648398428732
372,1,372,-0.17208042740821838,-0.18985670804977417,0.017776280641555786,0.017776280641555786,0.000315996153447351
372,2,373,-0.17988334596157074,-0.20108002424240112,0.021196678280830383,0.021196678280830383,0.0004492991701410265
372,3,374,-0.17551358044147491,-0.1785043478012085,0.0029907673597335815,0.0029907673597335815,8.944689400047778e-06
372,4,375,-0.17514009773731232,-0.17011910676956177,-0.005020990967750549,0.005020990967750549,2.5210350298232598e-05
372,5,376,-0.1758575588464737,-0.16624903678894043,-0.009608522057533264,0.009608522057533264,9.232369613010327e-05
373,1,373,-0.1252916157245636,-0.10962700843811035,-0.015664607286453247,0.015664607286453247,0.00024537992143880416
373,2,374,-0.13752837479114532,-0.1158905029296875,-0.021637871861457825,0.021637871861457825,0.0004681974986928683
373,3,375,-0.13483326137065887,-0.10608673095703125,-0.028746530413627625,0.028746530413627625,0.000826363010821618
373,4,376,-0.13248154520988464,-0.10554206371307373,-0.026939481496810913,0.026939481496810913,0.0007257356633170176
373,5,377,-0.13251875340938568,-0.10322731733322144,-0.029291436076164246,0.029291436076164246,0.0008579882274040163
374,1,374,-0.0809866264462471,-0.12403208017349243,0.04304545372724533,0.04304545372724533,0.001852911086584419
374,2,375,-0.09197103977203369,-0.12692713737487793,0.03495609760284424,0.03495609760284424,0.0012219287596195727
374,3,376,-0.08827795088291168,-0.09301340579986572,0.0047354549169540405,0.0047354549169540405,2.24245332705042e-05
374,4,377,-0.08677589893341064,-0.06613057851791382,-0.020645320415496826,0.020645320415496826,0.00042622925505853004
374,5,378,-0.08686737716197968,-0.06985276937484741,-0.017014607787132263,0.017014607787132263,0.00028949687814994185
375,1,375,-0.05876118689775467,-0.03776663541793823,-0.020994551479816437,0.020994551479816437,0.00044077119183866253
375,2,376,-0.07369135320186615,-0.04713624715805054,-0.026555106043815613,0.026555106043815613,0.0007051736569982925
375,3,377,-0.07126079499721527,-0.06743711233139038,-0.00382368266582489,0.00382368266582489,1.4620549128929738e-05
375,4,378,-0.06828562915325165,-0.06828898191452026,3.3527612686157227e-06,3.3527612686157227e-06,1.124100812432971e-11
375,5,379,-0.0677490085363388,-0.16652816534042358,0.09877915680408478,0.09877915680408478,0.009757321818925968
376,1,376,-0.027002789080142975,-0.16916298866271973,0.14216020703315735,0.14216020703315735,0.02020952446371016
376,2,377,-0.03402629867196083,-0.16742056608200073,0.1333942711353302,0.1333942711353302,0.017794031571725988
376,3,378,-0.02808954194188118,-0.12879729270935059,0.1007077544927597,0.1007077544927597,0.010142051814973962
376,4,379,-0.029795199632644653,-0.11529362201690674,0.08549842238426208,0.08549842238426208,0.007309980230197688
376,5,380,-0.028464514762163162,-0.11122804880142212,0.08276353776454926,0.08276353776454926,0.006849803183303971
377,1,377,-0.15071365237236023,-0.14388084411621094,-0.006832808256149292,0.006832808256149292,4.668726866530193e-05
377,2,378,-0.16689325869083405,-0.10862308740615845,-0.0582701712846756,0.0582701712846756,0.0033954128615454326
377,3,379,-0.16405944526195526,-0.1146392822265625,-0.04942016303539276,0.04942016303539276,0.002442352514444801
377,4,380,-0.1611536741256714,-0.09715038537979126,-0.06400328874588013,0.06400328874588013,0.004096420970288506
377,5,381,-0.16045792400836945,-0.0856776237487793,-0.07478030025959015,0.07478030025959015,0.0055920933069144585
378,1,378,-0.013418324291706085,-0.024476945400238037,0.011058621108531952,0.011058621108531952,0.00012229310082206846
378,2,379,-0.027489233762025833,0.007001519203186035,-0.03449075296521187,0.03449075296521187,0.0011896120401072713
378,3,380,-0.02177681401371956,0.017185688018798828,-0.03896250203251839,0.03896250203251839,0.0015180765646339994
378,4,381,-0.02047133445739746,0.012865066528320312,-0.03333640098571777,0.03333640098571777,0.001111315630680565
378,5,382,-0.018039274960756302,0.023049354553222656,-0.04108862951397896,0.04108862951397896,0.0016882754753370227
379,1,379,-0.00818655639886856,-0.020504415035247803,0.012317858636379242,0.012317858636379242,0.00015172964138582268
379,2,380,-0.02337097004055977,-0.03514385223388672,0.01177288219332695,0.01177288219332695,0.00013860075513795478
379,3,381,-0.019137520343065262,-0.0382809042930603,0.01914338394999504,0.01914338394999504,0.00036646914905692773
379,4,382,-0.016588211059570312,-0.049484431743621826,0.032896220684051514,0.032896220684051514,0.0010821613352938186
379,5,383,-0.015474427491426468,-0.022894442081451416,0.007420014590024948,0.007420014590024948,5.50566165161831e-05
380,1,380,-0.045993901789188385,-0.04676729440689087,0.0007733926177024841,0.0007733926177024841,5.981361411167008e-07
380,2,381,-0.055393580347299576,-0.05288338661193848,-0.0025101937353610992,0.0025101937353610992,6.301072589046108e-06
380,3,382,-0.050191689282655716,-0.05361151695251465,0.0034198276698589325,0.0034198276698589325,1.1695221291532776e-05
380,4,383,-0.051687948405742645,-0.08127939701080322,0.029591448605060577,0.029591448605060577,0.0008756538305459416
380,5,384,-0.05024750903248787,-0.09365713596343994,0.04340962693095207,0.04340962693095207,0.0018843957102844394
