rolling_step,horizon_step,target_index,predicted_value,true_value,error,absolute_error,squared_error
0,1,0,0.03576510399580002,0.14819014072418213,-0.11242503672838211,0.11242503672838211,0.012639388883378067
0,2,1,0.03444918990135193,0.12902486324310303,-0.0945756733417511,0.0945756733417511,0.00894455798804561
0,3,2,0.03467681258916855,0.09919619560241699,-0.06451938301324844,0.06451938301324844,0.004162750784410252
0,4,3,0.03792767599225044,0.10308694839477539,-0.06515927612781525,0.06515927612781525,0.004245731265500874
0,5,4,0.0393986701965332,0.10207808017730713,-0.06267940998077393,0.06267940998077393,0.003928708435537942
1,1,1,0.13544407486915588,0.14351296424865723,-0.008068889379501343,0.008068889379501343,6.510697581862956e-05
1,2,2,0.13078272342681885,0.1478041410446167,-0.01702141761779785,0.01702141761779785,0.0002897286577194791
1,3,3,0.13001945614814758,0.14469647407531738,-0.0146770179271698,0.0146770179271698,0.0002154148552344637
1,4,4,0.1349354386329651,0.14484477043151855,-0.009909331798553467,0.009909331798553467,9.819485669382289e-05
1,5,5,0.13689593970775604,0.14499258995056152,-0.008096650242805481,0.008096650242805481,6.555574515432205e-05
2,1,2,0.1835440695285797,0.186173677444458,-0.002629607915878296,0.002629607915878296,6.914837791249795e-06
2,2,3,0.1781114637851715,0.18190157413482666,-0.0037901103496551514,0.0037901103496551514,1.4364936462563094e-05
2,3,4,0.17694208025932312,0.16847610473632812,0.008465975522994995,0.008465975522994995,7.167274155595038e-05
2,4,5,0.18224462866783142,0.17396855354309082,0.0082760751247406,0.0082760751247406,6.849341947035015e-05
2,5,6,0.18410657346248627,0.17412126064300537,0.009985312819480896,0.009985312819480896,9.970647210288952e-05
3,1,3,0.13687831163406372,0.12863945960998535,0.00823885202407837,0.00823885202407837,6.787868267466024e-05
3,2,4,0.13277757167816162,0.11301910877227783,0.01975846290588379,0.01975846290588379,0.00039039685640318567
3,3,5,0.13218730688095093,0.13703930377960205,-0.004851996898651123,0.004851996898651123,2.3541873904520116e-05
3,4,6,0.13650266826152802,0.15162789821624756,-0.015125229954719543,0.015125229954719543,0.00022877258118314536
3,5,7,0.13844311237335205,0.13306009769439697,0.005383014678955078,0.005383014678955078,2.8976847033845843e-05
4,1,4,0.15892106294631958,0.13859772682189941,0.020323336124420166,0.020323336124420166,0.0004130379912261617
4,2,5,0.1539846509695053,0.15283739566802979,0.001147255301475525,0.001147255301475525,1.3161947267636975e-06
4,3,6,0.15316882729530334,0.16228055953979492,-0.009111732244491577,0.009111732244491577,8.302366449530751e-05
4,4,7,0.15871405601501465,0.17891919612884521,-0.020205140113830566,0.020205140113830566,0.0004082476870195251
4,5,8,0.16027365624904633,0.18026816844940186,-0.01999451220035553,0.01999451220035553,0.00039978051813016613
5,1,5,0.16483131051063538,0.17391180992126465,-0.009080499410629272,0.009080499410629272,8.245546954643856e-05
5,2,6,0.15880730748176575,0.1889714002609253,-0.030164092779159546,0.030164092779159546,0.0009098724931897451
5,3,7,0.1583189070224762,0.1885286569595337,-0.030209749937057495,0.030209749937057495,0.0009126289912595453
5,4,8,0.1619822084903717,0.19974946975708008,-0.037767261266708374,0.037767261266708374,0.0014263660235878106
5,5,9,0.16570216417312622,0.1919240951538086,-0.026221930980682373,0.026221930980682373,0.00068758966435567
6,1,6,0.14584603905677795,0.13298344612121582,0.012862592935562134,0.012862592935562134,0.0001654462970259729
6,2,7,0.14048519730567932,0.1328423023223877,0.007642894983291626,0.007642894983291626,5.8413843725624304e-05
6,3,8,0.1399100422859192,0.12478494644165039,0.015125095844268799,0.015125095844268799,0.0002287685242983173
6,4,9,0.14466819167137146,0.13157033920288086,0.0130978524684906,0.0130978524684906,0.00017155373928634532
6,5,10,0.147176593542099,0.12732911109924316,0.019847482442855835,0.019847482442855835,0.0003939225593194706
7,1,7,0.11171205341815948,0.1417226791381836,-0.03001062572002411,0.03001062572002411,0.0009006376561073726
7,2,8,0.10807202756404877,0.15242063999176025,-0.04434861242771149,0.04434861242771149,0.0019667994242633657
7,3,9,0.10778624564409256,0.14811372756958008,-0.04032748192548752,0.04032748192548752,0.0016263057984505225
7,4,10,0.11194659769535065,0.15186500549316406,-0.039918407797813416,0.039918407797813416,0.001593479281112531
7,5,11,0.11380968242883682,0.14547395706176758,-0.031664274632930756,0.031664274632930756,0.0010026262880296621
8,1,8,0.13779780268669128,0.1359269618988037,0.0018708407878875732,0.0018708407878875732,3.500045253623796e-06
8,2,9,0.13294482231140137,0.1349644660949707,-0.002019643783569336,0.002019643783569336,4.078961012510263e-06
8,3,10,0.1323365569114685,0.13785088062286377,-0.005514323711395264,0.005514323711395264,3.0407765994056035e-05
8,4,11,0.13723446428775787,0.11874675750732422,0.018487706780433655,0.018487706780433655,0.00034179530199929253
8,5,12,0.13935451209545135,0.13252460956573486,0.006829902529716492,0.006829902529716492,4.664756856542773e-05
9,1,9,0.10092657804489136,0.06536781787872314,0.03555876016616821,0.03555876016616821,0.0012644254245550712
9,2,10,0.0973639264702797,0.06965041160583496,0.027713514864444733,0.027713514864444733,0.0007680389061417991
9,3,11,0.0972038134932518,0.07607507705688477,0.021128736436367035,0.021128736436367035,0.00044642350339746395
9,4,12,0.1006031334400177,0.0747365951538086,0.025866538286209106,0.025866538286209106,0.0006690778029119215
9,5,13,0.10304456949234009,0.09882795810699463,0.004216611385345459,0.004216611385345459,1.777981157502495e-05
10,1,10,0.08271977305412292,0.09221398830413818,-0.009494215250015259,0.009494215250015259,9.01401232136223e-05
10,2,11,0.07844452559947968,0.09710490703582764,-0.01866038143634796,0.01866038143634796,0.0003482098353499996
10,3,12,0.07894574850797653,0.10331785678863525,-0.024372108280658722,0.024372108280658722,0.0005939996620441534
10,4,13,0.08018800616264343,0.10358214378356934,-0.023394137620925903,0.023394137620925903,0.0005472856750268207
10,5,14,0.08478675782680511,0.10054171085357666,-0.015754953026771545,0.015754953026771545,0.0002482185448757779
11,1,11,0.14062771201133728,0.16396558284759521,-0.023337870836257935,0.023337870836257935,0.0005446562151698586
11,2,12,0.13568249344825745,0.15263473987579346,-0.01695224642753601,0.01695224642753601,0.00028737865893990744
11,3,13,0.13507959246635437,0.1654675006866455,-0.030387908220291138,0.030387908220291138,0.0009234249660048377
11,4,14,0.1397199034690857,0.16792511940002441,-0.02820521593093872,0.02820521593093872,0.0007955342057108794
11,5,15,0.14210477471351624,0.15045034885406494,-0.008345574140548706,0.008345574140548706,6.964860773539527e-05
12,1,12,0.06729225814342499,0.06675267219543457,0.0005395859479904175,0.0005395859479904175,2.911529952687175e-07
12,2,13,0.06411682069301605,0.0530393123626709,0.011077508330345154,0.011077508330345154,0.00012271119080886628
12,3,14,0.06419592350721359,0.06360745429992676,0.0005884692072868347,0.0005884692072868347,3.4629600792479565e-07
12,4,15,0.06882132589817047,0.0658719539642334,0.0029493719339370728,0.0029493719339370728,8.698794804695709e-06
12,5,16,0.07038715481758118,0.06260097026824951,0.007786184549331665,0.007786184549331665,6.0624669836251144e-05
13,1,13,0.09933045506477356,0.07367837429046631,0.02565208077430725,0.02565208077430725,0.0006580292480515837
13,2,14,0.09564504027366638,0.0701758861541748,0.025469154119491577,0.025469154119491577,0.0006486778115624148
13,3,15,0.09557371586561203,0.04008138179779053,0.0554923340678215,0.0554923340678215,0.003079399140294703
13,4,16,0.09939450025558472,0.03930306434631348,0.06009143590927124,0.06009143590927124,0.003610980669638053
13,5,17,0.10165522992610931,0.04072988033294678,0.06092534959316254,0.06092534959316254,0.0037118982230490705
14,1,14,0.037238746881484985,0.03688812255859375,0.00035062432289123535,0.00035062432289123535,1.2293741580293727e-07
14,2,15,0.03632739186286926,-0.033767521381378174,0.07009491324424744,0.07009491324424744,0.004913296862718575
14,3,16,0.03646930307149887,-0.039311885833740234,0.0757811889052391,0.0757811889052391,0.0057427885918915345
14,4,17,0.03974008932709694,-0.021260976791381836,0.061001066118478775,0.061001066118478775,0.003721130067591019
14,5,18,0.04085993766784668,-0.03312307596206665,0.07398301362991333,0.07398301362991333,0.005473486305763942
15,1,15,-0.013068772852420807,0.014112114906311035,-0.027180887758731842,0.027180887758731842,0.0007388006593527785
15,2,16,-0.012705616652965546,0.001023411750793457,-0.013729028403759003,0.013729028403759003,0.00018848622091122147
15,3,17,-0.012201525270938873,-0.010494589805603027,-0.001706935465335846,0.001706935465335846,2.913628682821301e-06
15,4,18,-0.009411942213773727,-0.028687775135040283,0.019275832921266556,0.019275832921266556,0.00037155773480858356
15,5,19,-0.008373096585273743,-0.0196569561958313,0.011283859610557556,0.011283859610557556,0.00012732548771077212
16,1,16,-0.00933791697025299,-0.03198188543319702,0.02264396846294403,0.02264396846294403,0.0005127493077508039
16,2,17,-0.010085709393024445,-0.0482143759727478,0.03812866657972336,0.03812866657972336,0.001453795215147713
16,3,18,-0.009663783013820648,-0.03528106212615967,0.02561727911233902,0.02561727911233902,0.000656244989119481
16,4,19,-0.006836477667093277,-0.048873841762542725,0.04203736409544945,0.04203736409544945,0.0017671399800933824
16,5,20,-0.004955492913722992,-0.04729032516479492,0.04233483225107193,0.04233483225107193,0.0017922380217264
17,1,17,-0.08512630313634872,-0.06057709455490112,-0.0245492085814476,0.0245492085814476,0.0006026636419754205
17,2,18,-0.08469820767641068,-0.053894639015197754,-0.03080356866121292,0.03080356866121292,0.0009488598422660588
17,3,19,-0.08390393108129501,-0.031830668449401855,-0.05207326263189316,0.05207326263189316,0.0027116246811301203
17,4,20,-0.08128082752227783,-0.034478604793548584,-0.04680222272872925,0.04680222272872925,0.0021904480523495806
17,5,21,-0.07938563823699951,-0.022500693798065186,-0.056884944438934326,0.056884944438934326,0.0032358969038206453
18,1,18,-0.02922145277261734,-0.0423130989074707,0.013091646134853363,0.013091646134853363,0.000171391198520221
18,2,19,-0.033247530460357666,-0.02480262517929077,-0.008444905281066895,0.008444905281066895,7.131642520619152e-05
18,3,20,-0.031994543969631195,-0.027179300785064697,-0.004815243184566498,0.004815243184566498,2.3186566926514107e-05
18,4,21,-0.030332190915942192,-0.04493933916091919,0.014607148244976997,0.014607148244976997,0.00021336877985073457
18,5,22,-0.025452375411987305,-0.06069904565811157,0.03524667024612427,0.03524667024612427,0.0012423277634390217
19,1,19,-0.07409324496984482,-0.08268129825592041,0.008588053286075592,0.008588053286075592,7.375465924447377e-05
19,2,20,-0.073734350502491,-0.08268129825592041,0.008946947753429413,0.008946947753429413,8.004787410259562e-05
19,3,21,-0.07312043756246567,-0.09329390525817871,0.020173467695713043,0.020173467695713043,0.0004069687988699777
19,4,22,-0.06860589236021042,-0.08829259872436523,0.019686706364154816,0.019686706364154816,0.0003875664074684537
19,5,23,-0.06806670129299164,-0.11537307500839233,0.047306373715400696,0.047306373715400696,0.002237892994101154
20,1,20,-0.10799677670001984,-0.13738465309143066,0.029387876391410828,0.029387876391410828,0.0008636472787968419
20,2,21,-0.1063273623585701,-0.12222331762313843,0.01589595526456833,0.01589595526456833,0.00025268139377315757
20,3,22,-0.10568233579397202,-0.13289690017700195,0.027214564383029938,0.027214564383029938,0.0007406325145580817
20,4,23,-0.10138542950153351,-0.11809921264648438,0.016713783144950867,0.016713783144950867,0.0002793505470164437
20,5,24,-0.10109066963195801,-0.12561947107315063,0.024528801441192627,0.024528801441192627,0.0006016621001414535
21,1,21,-0.0883488655090332,-0.06206017732620239,-0.02628868818283081,0.02628868818283081,0.0006910951263741083
21,2,22,-0.08876801282167435,-0.06608051061630249,-0.022687502205371857,0.022687502205371857,0.0005147227563187529
21,3,23,-0.08776967972517014,-0.05348038673400879,-0.034289292991161346,0.034289292991161346,0.0011757556138337066
21,4,24,-0.08534137159585953,-0.017947912216186523,-0.067393459379673,0.067393459379673,0.004541878367159635
21,5,25,-0.08276894688606262,-0.04503822326660156,-0.03773072361946106,0.03773072361946106,0.0014236075048481567
22,1,22,-0.07011064141988754,-0.08309042453765869,0.012979783117771149,0.012979783117771149,0.00016847476978437692
22,2,23,-0.07301359623670578,-0.10979413986206055,0.03678054362535477,0.03678054362535477,0.0013528083893766252
22,3,24,-0.0717567428946495,-0.11986899375915527,0.04811225086450577,0.04811225086450577,0.002314788683249136
22,4,25,-0.06861535459756851,-0.10700243711471558,0.038387082517147064,0.038387082517147064,0.0014735681041782578
22,5,26,-0.06507745385169983,-0.09789884090423584,0.03282138705253601,0.03282138705253601,0.0010772434480523785
23,1,23,-0.12338870763778687,-0.14207768440246582,0.018688976764678955,0.018688976764678955,0.00034927785251070986
23,2,24,-0.12375498563051224,-0.14678281545639038,0.023027829825878143,0.023027829825878143,0.000530280946489603
23,3,25,-0.12275960296392441,-0.1777210831642151,0.05496148020029068,0.05496148020029068,0.0030207643058069444
23,4,26,-0.12089802324771881,-0.16301685571670532,0.04211883246898651,0.04211883246898651,0.0017739960485505524
23,5,27,-0.11788210272789001,-0.18866175413131714,0.07077965140342712,0.07077965140342712,0.005009759052790663
24,1,24,-0.17040155827999115,-0.20119774341583252,0.03079618513584137,0.03079618513584137,0.0009484050189210169
24,2,25,-0.16704589128494263,-0.14394611120224,-0.023099780082702637,0.023099780082702637,0.0005335998398692254
24,3,26,-0.16666480898857117,-0.1944553256034851,0.02779051661491394,0.02779051661491394,0.0007723128137238078
24,4,27,-0.1623685508966446,-0.13637572526931763,-0.025992825627326965,0.025992825627326965,0.0006756269840926254
24,5,28,-0.16225755214691162,-0.1285685896873474,-0.03368896245956421,0.03368896245956421,0.0011349461916019266
25,1,25,-0.10776648670434952,-0.11130005121231079,0.003533564507961273,0.003533564507961273,1.2486078131923595e-05
25,2,26,-0.11140746623277664,-0.10160589218139648,-0.009801574051380157,0.009801574051380157,9.607085388468883e-05
25,3,27,-0.10988811403512955,-0.10257542133331299,-0.007312692701816559,0.007312692701816559,5.347547455120116e-05
25,4,28,-0.10948280990123749,-0.11844956874847412,0.008966758847236633,0.008966758847236633,8.040276422449644e-05
25,5,29,-0.10361246764659882,-0.09542614221572876,-0.008186325430870056,0.008186325430870056,6.701592406010981e-05
26,1,26,-0.0698157250881195,-0.0556483268737793,-0.01416739821434021,0.01416739821434021,0.00020071517216369017
26,2,27,-0.07216919213533401,-0.04305213689804077,-0.029117055237293243,0.029117055237293243,0.0008478029056915859
26,3,28,-0.07108130306005478,-0.04479789733886719,-0.02628340572118759,0.02628340572118759,0.0006908174163045566
26,4,29,-0.06929104775190353,-0.04691809415817261,-0.022372953593730927,0.022372953593730927,0.0005005490525072376
26,5,30,-0.06540876626968384,-0.05165755748748779,-0.013751208782196045,0.013751208782196045,0.00018909574297154563
27,1,27,-0.010188445448875427,-0.01502525806427002,0.004836812615394592,0.004836812615394592,2.3394756276440276e-05
27,2,28,-0.012741468846797943,0.008146286010742188,-0.02088775485754013,0.02088775485754013,0.0004362983029886913
27,3,29,-0.011949226260185242,0.0055571794509887695,-0.01750640571117401,0.01750640571117401,0.00030647424092422604
27,4,30,-0.008566681295633316,0.02432715892791748,-0.032893840223550797,0.032893840223550797,0.0010820047246524883
27,5,31,-0.006032831966876984,0.04141438007354736,-0.04744721204042435,0.04744721204042435,0.002251237930408989
28,1,28,0.09866911172866821,0.10415375232696533,-0.005484640598297119,0.005484640598297119,3.008128249248898e-05
28,2,29,0.09241202473640442,0.10073530673980713,-0.00832328200340271,0.00832328200340271,6.927702330816743e-05
28,3,30,0.09310152381658554,0.0999147891998291,-0.006813265383243561,0.006813265383243561,4.6420585182505025e-05
28,4,31,0.09430806338787079,0.10223984718322754,-0.00793178379535675,0.00793178379535675,6.291319417628394e-05
28,5,32,0.100157231092453,0.09827423095703125,0.001883000135421753,0.001883000135421753,3.54568950999834e-06
29,1,29,0.08546842634677887,0.07982957363128662,0.0056388527154922485,0.0056388527154922485,3.1796659947014305e-05
29,2,30,0.08165397495031357,0.09409797191619873,-0.012443996965885162,0.012443996965885162,0.00015485306048695913
29,3,31,0.08169006556272507,0.10217463970184326,-0.020484574139118195,0.020484574139118195,0.0004196177776610299
29,4,32,0.08570277690887451,0.09719431400299072,-0.011491537094116211,0.011491537094116211,0.00013205542478544885
29,5,33,0.0879228338599205,0.10365545749664307,-0.015732623636722565,0.015732623636722565,0.00024751544649476154
30,1,30,0.07606841623783112,0.08535921573638916,-0.009290799498558044,0.009290799498558044,8.631895532240641e-05
30,2,31,0.07197406142950058,0.08339428901672363,-0.011420227587223053,0.011420227587223053,0.00013042159814397047
30,3,32,0.07230440527200699,0.07920265197753906,-0.006898246705532074,0.006898246705532074,4.758580761038411e-05
30,4,33,0.0753084123134613,0.07880985736846924,-0.0035014450550079346,0.0035014450550079346,1.2260117473239518e-05
30,5,34,0.07855529338121414,0.0961003303527832,-0.01754503697156906,0.01754503697156906,0.00030782832233372526
31,1,31,0.11542874574661255,0.12980639934539795,-0.0143776535987854,0.0143776535987854,0.00020671692300666678
31,2,32,0.11054321378469467,0.1390092372894287,-0.02846602350473404,0.02846602350473404,0.0008103144941720708
31,3,33,0.1105647012591362,0.12940597534179688,-0.018841274082660675,0.018841274082660675,0.00035499360905794086
31,4,34,0.11305588483810425,0.13874220848083496,-0.025686323642730713,0.025686323642730713,0.0006597872222791068
31,5,35,0.11698262393474579,0.12793874740600586,-0.01095612347126007,0.01095612347126007,0.00012003664151749582
32,1,32,0.1978515386581421,0.19645428657531738,0.001397252082824707,0.001397252082824707,1.952313382957982e-06
32,2,33,0.19206176698207855,0.18390274047851562,0.008159026503562927,0.008159026503562927,6.656971348584229e-05
32,3,34,0.19054317474365234,0.19532573223114014,-0.004782557487487793,0.004782557487487793,2.287285612112555e-05
32,4,35,0.1970316767692566,0.20110785961151123,-0.004076182842254639,0.004076182842254639,1.6615266563491105e-05
32,5,36,0.19816499948501587,0.2099924087524414,-0.011827409267425537,0.011827409267425537,0.00013988760997918348
33,1,33,0.15363365411758423,0.1575911045074463,-0.0039574503898620605,0.0039574503898620605,1.5661413588219375e-05
33,2,34,0.14824102818965912,0.15167999267578125,-0.0034389644861221313,0.0034389644861221313,1.1826476736809255e-05
33,3,35,0.14782488346099854,0.17390310764312744,-0.026078224182128906,0.026078224182128906,0.0006800737764933729
33,4,36,0.15122352540493011,0.15343129634857178,-0.0022077709436416626,0.0022077709436416626,4.874252539588397e-06
33,5,37,0.15466547012329102,0.15073752403259277,0.003927946090698242,0.003927946090698242,1.5428760491431603e-05
34,1,34,0.1382715404033661,0.1298518180847168,0.008419722318649292,0.008419722318649292,7.089172392316101e-05
34,2,35,0.1341351568698883,0.1315774917602539,0.0025576651096343994,0.0025576651096343994,6.541650813041144e-06
34,3,36,0.1333320140838623,0.12547242641448975,0.007859587669372559,0.007859587669372559,6.177311833255317e-05
34,4,37,0.13868477940559387,0.13900995254516602,-0.00032517313957214355,0.00032517313957214355,1.0573757069920475e-07
34,5,38,0.13993658125400543,0.133833646774292,0.00610293447971344,0.00610293447971344,3.7245809263675156e-05
35,1,35,0.17795002460479736,0.18128514289855957,-0.003335118293762207,0.003335118293762207,1.1123014033387335e-05
35,2,36,0.17277604341506958,0.1942075490951538,-0.02143150568008423,0.02143150568008423,0.00045930943571548255
35,3,37,0.1717531681060791,0.1932448148727417,-0.021491646766662598,0.021491646766662598,0.0004618908807429989
35,4,38,0.17681166529655457,0.20726680755615234,-0.03045514225959778,0.03045514225959778,0.0009275156900523385
35,5,39,0.1787308156490326,0.20547974109649658,-0.02674892544746399,0.02674892544746399,0.0007155050125939866
36,1,36,0.304561048746109,0.2870286703109741,0.017532378435134888,0.017532378435134888,0.00030738429359278285
36,2,37,0.29559847712516785,0.3066258430480957,-0.011027365922927856,0.011027365922927856,0.00012160279919815054
36,3,38,0.2927308976650238,0.22022008895874023,0.07251080870628357,0.07251080870628357,0.005257817379239249
36,4,39,0.30044275522232056,0.2222985029220581,0.07814425230026245,0.07814425230026245,0.006106524167567073
36,5,40,0.30216318368911743,0.23788714408874512,0.06427603960037231,0.06427603960037231,0.00413140926670863
37,1,37,0.13936181366443634,0.13585734367370605,0.0035044699907302856,0.0035044699907302856,1.2281309915929128e-05
37,2,38,0.13676567375659943,0.1488438844680786,-0.012078210711479187,0.012078210711479187,0.00014588317399089057
37,3,39,0.13582155108451843,0.15116775035858154,-0.01534619927406311,0.01534619927406311,0.00023550583215925514
37,4,40,0.13997671008110046,0.16511154174804688,-0.02513483166694641,0.02513483166694641,0.0006317597629257321
37,5,41,0.1407468616962433,0.15335524082183838,-0.012608379125595093,0.012608379125595093,0.00015897122417474208
38,1,38,0.12218533456325531,0.11842739582061768,0.0037579387426376343,0.0037579387426376343,1.4122103593416924e-05
38,2,39,0.11787710338830948,0.12915217876434326,-0.011275075376033783,0.011275075376033783,0.00012712732473524335
38,3,40,0.11753594130277634,0.13074111938476562,-0.013205178081989288,0.013205178081989288,0.0001743767281770503
38,4,41,0.12190353870391846,0.12187016010284424,3.337860107421875e-05,3.337860107421875e-05,1.114131009671837e-09
38,5,42,0.12422133982181549,0.11591160297393799,0.008309736847877502,0.008309736847877502,6.905172648097313e-05
39,1,39,0.11520189046859741,0.11839127540588379,-0.003189384937286377,0.003189384937286377,1.0172176278189227e-05
39,2,40,0.1116843968629837,0.11997222900390625,-0.008287832140922546,0.008287832140922546,6.86881615961088e-05
39,3,41,0.11113544553518295,0.13631057739257812,-0.025175131857395172,0.025175131857395172,0.0006337872640372333
39,4,42,0.11606290936470032,0.14408493041992188,-0.028022021055221558,0.028022021055221558,0.0007852336640192803
39,5,43,0.11738639324903488,0.15686535835266113,-0.03947896510362625,0.03947896510362625,0.0015585886856533393
40,1,40,0.09034265577793121,0.10165083408355713,-0.011308178305625916,0.011308178305625916,0.0001278748965918286
40,2,41,0.08515267819166183,0.10748600959777832,-0.022333331406116486,0.022333331406116486,0.000498777691695429
40,3,42,0.08563867956399918,0.0846409797668457,0.000997699797153473,0.000997699797153473,9.95404885240081e-07
40,4,43,0.08756741881370544,0.08551013469696045,0.002057284116744995,0.002057284116744995,4.232417937011235e-06
40,5,44,0.09232322126626968,0.09742963314056396,-0.005106411874294281,0.005106411874294281,2.6075442229933632e-05
41,1,41,0.1053481251001358,0.0943065881729126,0.011041536927223206,0.011041536927223206,0.00012191553771523367
41,2,42,0.10119955241680145,0.10368013381958008,-0.0024805814027786255,0.0024805814027786255,6.153284095811173e-06
41,3,43,0.10108310729265213,0.10305535793304443,-0.0019722506403923035,0.0019722506403923035,3.889772588527851e-06
41,4,44,0.10420188307762146,0.09768128395080566,0.006520599126815796,0.006520599126815796,4.251821297263092e-05
41,5,45,0.10721132159233093,0.07356047630310059,0.03365084528923035,0.03365084528923035,0.0011323793886797162
42,1,42,0.048336952924728394,0.031732797622680664,0.01660415530204773,0.01660415530204773,0.0002756979732945197
42,2,43,0.04683162644505501,0.03693544864654541,0.009896177798509598,0.009896177798509598,9.793433501971427e-05
42,3,44,0.04674026370048523,0.01116323471069336,0.03557702898979187,0.03557702898979187,0.0012657249917404911
42,4,45,0.05217605456709862,-0.0012990832328796387,0.053475137799978256,0.053475137799978256,0.0028595903627266633
42,5,46,0.052193574607372284,0.0014837980270385742,0.05070977658033371,0.05070977658033371,0.002571481440827361
43,1,43,-0.016902506351470947,-0.017902731895446777,0.00100022554397583,0.00100022554397583,1.0004511388217452e-06
43,2,44,-0.016733266413211823,-0.006422460079193115,-0.010310806334018707,0.010310806334018707,0.0001063127272576403
43,3,45,-0.01631052792072296,-0.023228228092193604,0.006917700171470642,0.006917700171470642,4.785457566236495e-05
43,4,46,-0.013181839138269424,-0.009736120700836182,-0.003445718437433243,0.003445718437433243,1.1872975550067388e-05
43,5,47,-0.0122065469622612,-0.0057122111320495605,-0.006494335830211639,0.006494335830211639,4.2176397875570704e-05
44,1,44,-0.005149967968463898,-0.004044950008392334,-0.0011050179600715637,0.0011050179600715637,1.22106469208072e-06
44,2,45,-0.007566235959529877,-0.0006178021430969238,-0.006948433816432953,0.006948433816432953,4.828073250134901e-05
44,3,46,-0.006702214479446411,-0.020943284034729004,0.014241069555282593,0.014241069555282593,0.00020280806207839674
44,4,47,-0.004789847880601883,-0.011607885360717773,0.0068180374801158905,0.0068180374801158905,4.648563508026504e-05
44,5,48,-0.0012768805027008057,-0.016807496547698975,0.015530616044998169,0.015530616044998169,0.00024120003473715457
45,1,45,-0.02699686586856842,-0.03849804401397705,0.01150117814540863,0.01150117814540863,0.0001322770987324251
45,2,46,-0.028308719396591187,-0.04408305883407593,0.01577433943748474,0.01577433943748474,0.0002488297846889864
45,3,47,-0.027582839131355286,-0.0552525520324707,0.027669712901115417,0.027669712901115417,0.000765613012030153
45,4,48,-0.024685852229595184,-0.08236122131347656,0.05767536908388138,0.05767536908388138,0.00332644819896194
45,5,49,-0.022432222962379456,-0.07782375812530518,0.05539153516292572,0.05539153516292572,0.0030682221677056365
46,1,46,-0.06451289355754852,-0.09133398532867432,0.026821091771125793,0.026821091771125793,0.0007193709637951518
46,2,47,-0.06329015642404556,-0.08167505264282227,0.018384896218776703,0.018384896218776703,0.0003380044089751899
46,3,48,-0.06280602514743805,-0.038561999797821045,-0.024244025349617004,0.024244025349617004,0.0005877727651528719
46,4,49,-0.05945856496691704,-0.025604665279388428,-0.03385389968752861,0.03385389968752861,0.0011460865240532497
46,5,50,-0.058833956718444824,-0.02878546714782715,-0.030048489570617676,0.030048489570617676,0.0009029117254755192
47,1,47,-0.03398582339286804,-0.026624560356140137,-0.007361263036727905,0.007361263036727905,5.418819349589654e-05
47,2,48,-0.03778477758169174,-0.03631049394607544,-0.0014742836356163025,0.0014742836356163025,2.1735122382460226e-06
47,3,49,-0.036378469318151474,-0.028374850749969482,-0.008003618568181992,0.008003618568181992,6.405791018494755e-05
47,4,50,-0.034763652831315994,-0.03572720289230347,0.0009635500609874725,0.0009635500609874725,9.28428720028962e-07
47,5,51,-0.02994123101234436,-0.02429044246673584,-0.0056507885456085205,0.0056507885456085205,3.193141118718046e-05
48,1,48,-0.0312708355486393,-0.03481107950210571,0.0035402439534664154,0.0035402439534664154,1.2533327250055515e-05
48,2,49,-0.03379618376493454,-0.05019521713256836,0.01639903336763382,0.01639903336763382,0.0002689282953927674
48,3,50,-0.032817739993333817,-0.02486288547515869,-0.007954854518175125,0.007954854518175125,6.32797104053312e-05
48,4,51,-0.03068053536117077,-0.0335385799407959,0.0028580445796251297,0.0028580445796251297,8.168418819124584e-06
48,5,52,-0.02718798816204071,-0.013989388942718506,-0.013198599219322205,0.013198599219322205,0.0001742030213522927
49,1,49,0.027543187141418457,0.03488576412200928,-0.00734257698059082,0.00734257698059082,5.391343671590221e-05
49,2,50,0.023571982979774475,0.01979994773864746,0.003772035241127014,0.003772035241127014,1.4228249860304132e-05
49,3,51,0.024509452283382416,-0.002888798713684082,0.027398250997066498,0.027398250997066498,0.0007506641576982553
49,4,52,0.025872524827718735,-0.0037336349487304688,0.029606159776449203,0.029606159776449203,0.0008765246967086388
49,5,53,0.030426189303398132,0.009662508964538574,0.020763680338859558,0.020763680338859558,0.000431130421214343
50,1,50,-0.006258055567741394,-0.003390073776245117,-0.002867981791496277,0.002867981791496277,8.225319556354194e-06
50,2,51,-0.007993049919605255,0.013942718505859375,-0.02193576842546463,0.02193576842546463,0.000481177936415611
50,3,52,-0.0072945281863212585,0.008600354194641113,-0.015894882380962372,0.015894882380962372,0.00025264728590462804
50,4,53,-0.005186531692743301,0.023320913314819336,-0.028507445007562637,0.028507445007562637,0.0008126744208592079
50,5,54,-0.0024485886096954346,0.030681371688842773,-0.03312996029853821,0.03312996029853821,0.0010975942693827179
51,1,51,0.026972003281116486,0.04531407356262207,-0.018342070281505585,0.018342070281505585,0.00033643154221169036
51,2,52,0.02277761697769165,0.04011571407318115,-0.017338097095489502,0.017338097095489502,0.0003006096108926215
51,3,53,0.023716911673545837,0.0330275297164917,-0.009310618042945862,0.009310618042945862,8.668760834162903e-05
51,4,54,0.02548796311020851,0.04306948184967041,-0.0175815187394619,0.0175815187394619,0.0003091098011860499
51,5,55,0.02998506650328636,0.05287528038024902,-0.022890213876962662,0.022890213876962662,0.000523961891333094
52,1,52,0.008357420563697815,0.011259317398071289,-0.002901896834373474,0.002901896834373474,8.42100523734679e-06
52,2,53,0.004734806716442108,0.0013141632080078125,0.0034206435084342957,0.0034206435084342957,1.1700802011793687e-05
52,3,54,0.005683042109012604,-0.01111757755279541,0.016800619661808014,0.016800619661808014,0.00028226082102073
52,4,55,0.007603678852319717,-0.01179569959640503,0.019399378448724747,0.019399378448724747,0.00037633588419684616
52,5,56,0.011632040143013,-0.021854162216186523,0.033486202359199524,0.033486202359199524,0.0011213257484412598
53,1,53,-0.0024114102125167847,-0.01542598009109497,0.013014569878578186,0.013014569878578186,0.00016937902912439462
53,2,54,-0.0033835694193840027,-0.007065534591674805,0.003681965172290802,0.003681965172290802,1.3556867529962435e-05
53,3,55,-0.002934478223323822,-0.007065534591674805,0.004131056368350983,0.004131056368350983,1.706562671849321e-05
53,4,56,0.0009276978671550751,-0.00042325258255004883,0.001350950449705124,0.001350950449705124,1.8250671175584765e-06
53,5,57,0.001997523009777069,0.002554655075073242,-0.0005571320652961731,0.0005571320652961731,3.103961381811793e-07
54,1,54,0.03182409703731537,0.03041982650756836,0.0014042705297470093,0.0014042705297470093,1.971975720715946e-06
54,2,55,0.028776541352272034,0.02548038959503174,0.0032961517572402954,0.0032961517572402954,1.0864616406758287e-05
54,3,56,0.02947143465280533,0.011721253395080566,0.017750181257724762,0.017750181257724762,0.0003150689346820834
54,4,57,0.03178891912102699,-0.022500693798065186,0.05428961291909218,0.05428961291909218,0.0029473620709048604
54,5,58,0.0351322703063488,-0.04578596353530884,0.08091823756694794,0.08091823756694794,0.006547761170941024
55,1,55,-0.00856868177652359,-0.04567575454711914,0.03710707277059555,0.03710707277059555,0.0013769348496022737
55,2,56,-0.006545953452587128,-0.017518341541290283,0.010972388088703156,0.010972388088703156,0.00012039330036911489
55,3,57,-0.006890982389450073,-0.01776045560836792,0.010869473218917847,0.010869473218917847,0.0001181454480567723
55,4,58,-0.0005017481744289398,0.0030252933502197266,-0.0035270415246486664,0.0035270415246486664,1.2440021916595989e-05
55,5,59,-0.00299999862909317,-0.009300947189331055,0.0063009485602378845,0.0063009485602378845,3.970195275876387e-05
56,1,56,-0.018904678523540497,-0.02850872278213501,0.009604044258594513,0.009604044258594513,9.223766612104223e-05
56,2,57,-0.020815037190914154,-0.008638560771942139,-0.012176476418972015,0.012176476418972015,0.00014826657798178156
56,3,58,-0.019828282296657562,-0.03588593006134033,0.01605764776468277,0.01605764776468277,0.00025784805173462155
56,4,59,-0.01745835319161415,-0.05397111177444458,0.03651275858283043,0.03651275858283043,0.0013331815393280572
56,5,60,-0.014444150030612946,-0.04480940103530884,0.030365251004695892,0.030365251004695892,0.0009220484685781849
57,1,57,-0.023418761789798737,-0.015539705753326416,-0.00787905603647232,0.00787905603647232,6.207952402587091e-05
57,2,58,-0.023841731250286102,-0.022820115089416504,-0.0010216161608695984,0.0010216161608695984,1.0436995801499371e-06
57,3,59,-0.02337946742773056,0.003996491432189941,-0.0273759588599205,0.0273759588599205,0.0007494431235000598
57,4,60,-0.020419873297214508,0.010913372039794922,-0.03133324533700943,0.03133324533700943,0.0009817722633492232
57,5,61,-0.018810056149959564,-0.02391231060028076,0.0051022544503211975,0.0051022544503211975,2.6033000475822465e-05
58,1,58,0.05440241098403931,0.06624305248260498,-0.011840641498565674,0.011840641498565674,0.00014020079109755557
58,2,59,0.05201491340994835,0.06339120864868164,-0.011376295238733292,0.011376295238733292,0.00012942009335882576
58,3,60,0.05202222615480423,0.08218801021575928,-0.030165784060955048,0.030165784060955048,0.0009099745280121696
58,4,61,0.05773032084107399,0.1068185567855835,-0.049088235944509506,0.049088235944509506,0.002409654908143835
58,5,62,0.058249328285455704,0.09824049472808838,-0.039991166442632675,0.039991166442632675,0.0015992933934423498
59,1,59,0.020296774804592133,0.017728447914123535,0.0025683268904685974,0.0025683268904685974,6.596303016304095e-06
59,2,60,0.01610375940799713,0.03792214393615723,-0.021818384528160095,0.021818384528160095,0.0004760419034186558
59,3,61,0.017116762697696686,0.06280326843261719,-0.0456865057349205,0.0456865057349205,0.002087256806266924
59,4,62,0.019458401948213577,0.06604862213134766,-0.04659022018313408,0.04659022018313408,0.002170648616712914
59,5,63,0.02361847460269928,0.06580805778503418,-0.0421895831823349,0.0421895831823349,0.0017799609290991558
60,1,60,0.06901770830154419,0.04331672191619873,0.02570098638534546,0.02570098638534546,0.0006605407011797126
60,2,61,0.06375796347856522,0.04235517978668213,0.021402783691883087,0.021402783691883087,0.00045807914976153663
60,3,62,0.06438121944665909,0.053409457206726074,0.010971762239933014,0.010971762239933014,0.00012037956664961991
60,4,63,0.06734427809715271,0.04920399188995361,0.018140286207199097,0.018140286207199097,0.0003290699836790978
60,5,64,0.07146759331226349,0.048603177070617676,0.022864416241645813,0.022864416241645813,0.0005227815300712368
61,1,61,0.02418595552444458,0.02409672737121582,8.922815322875977e-05,8.922815322875977e-05,7.961663328615032e-09
61,2,62,0.021623395383358,0.029825568199157715,-0.008202172815799713,0.008202172815799713,6.72756389002438e-05
61,3,63,0.022245697677135468,0.02538275718688965,-0.003137059509754181,0.003137059509754181,9.841142367739142e-06
61,4,64,0.02531503513455391,0.013456940650939941,0.011858094483613968,0.011858094483613968,0.00014061440478231602
61,5,65,0.027737539261579514,0.025265932083129883,0.0024716071784496307,0.0024716071784496307,6.108842044563745e-06
62,1,62,0.04825977981090546,0.04115855693817139,0.00710122287273407,0.00710122287273407,5.0427366288241515e-05
62,2,63,0.04537685960531235,0.0845099687576294,-0.03913310915231705,0.03913310915231705,0.0015314002319271602
62,3,64,0.045761920511722565,0.10075211524963379,-0.054990194737911224,0.054990194737911224,0.0030239215173133993
62,4,65,0.04847880080342293,0.10242390632629395,-0.05394510552287102,0.05394510552287102,0.002910074409873689
62,5,66,0.05127914994955063,0.1216515302658081,-0.07037238031625748,0.07037238031625748,0.004952271911375983
63,1,63,0.06346501410007477,0.04564189910888672,0.01782311499118805,0.01782311499118805,0.0003176634279891122
63,2,64,0.05746458098292351,0.036690473556518555,0.020774107426404953,0.020774107426404953,0.0004315635393638134
63,3,65,0.05840455740690231,0.044962167739868164,0.01344238966703415,0.01344238966703415,0.00018069783996038646
63,4,66,0.059802595525979996,0.054593443870544434,0.005209151655435562,0.005209151655435562,2.7135260969327057e-05
63,5,67,0.06557713449001312,0.05572688579559326,0.00985024869441986,0.00985024869441986,9.702739934192017e-05
64,1,64,0.046773314476013184,0.028017759323120117,0.018755555152893066,0.018755555152893066,0.00035177084909321366
64,2,65,0.04309282824397087,0.03664517402648926,0.006447654217481613,0.006447654217481613,4.157224490820843e-05
64,3,66,0.04373853653669357,0.042023420333862305,0.0017151162028312683,0.0017151162028312683,2.9416235892143483e-06
64,4,67,0.04635621979832649,0.05188345909118652,-0.005527239292860031,0.005527239292860031,3.055037420053586e-05
64,5,68,0.04967804253101349,0.06308794021606445,-0.013409897685050964,0.013409897685050964,0.0001798253559235352
65,1,65,0.1067110002040863,0.10544252395629883,0.0012684762477874756,0.0012684762477874756,1.6090319912009932e-06
65,2,66,0.10153429210186005,0.10649192333221436,-0.004957631230354309,0.004957631230354309,2.457810741618438e-05
65,3,67,0.10183338075876236,0.11442220211029053,-0.012588821351528168,0.012588821351528168,0.00015847842302069148
65,4,68,0.10401970148086548,0.12071943283081055,-0.01669973134994507,0.01669973134994507,0.00027888102716033814
65,5,69,0.10843135416507721,0.12211918830871582,-0.01368783414363861,0.01368783414363861,0.00018735680354375894
66,1,66,0.10380798578262329,0.09389340877532959,0.009914577007293701,0.009914577007293701,9.829883723355692e-05
66,2,67,0.09911005198955536,0.05636250972747803,0.04274754226207733,0.04274754226207733,0.0018273523694480875
66,3,68,0.09917660802602768,0.046979665756225586,0.052196942269802094,0.052196942269802094,0.0027245207823170525
66,4,69,0.10252705216407776,0.04034304618835449,0.06218400597572327,0.06218400597572327,0.003866850599188787
66,5,70,0.10580522567033768,0.039542198181152344,0.06626302748918533,0.06626302748918533,0.004390788812032531
67,1,67,0.15619514882564545,0.13347649574279785,0.022718653082847595,0.022718653082847595,0.0005161371978987805
67,2,68,0.15323805809020996,0.14502966403961182,0.008208394050598145,0.008208394050598145,6.737773288989501e-05
67,3,69,0.15206408500671387,0.13690471649169922,0.015159368515014648,0.015159368515014648,0.00022980645377401743
67,4,70,0.1575942486524582,0.13220715522766113,0.025387093424797058,0.025387093424797058,0.000644504512559374
67,5,71,0.157528355717659,0.1408400535583496,0.016688302159309387,0.016688302159309387,0.00027849942896041036
68,1,68,0.10449177026748657,0.10363984107971191,0.0008519291877746582,0.0008519291877746582,7.257833409823888e-07
68,2,69,0.10121575742959976,0.09872806072235107,0.0024876967072486877,0.0024876967072486877,6.188634907255963e-06
68,3,70,0.10103153437376022,0.11002492904663086,-0.008993394672870636,0.008993394672870636,8.088114774201793e-05
68,4,71,0.10423889756202698,0.10278046131134033,0.0014584362506866455,0.0014584362506866455,2.12703629731692e-06
68,5,72,0.10672217607498169,0.10572731494903564,0.000994861125946045,0.000994861125946045,9.897486599186323e-07
69,1,69,0.11542448401451111,0.1060175895690918,0.009406894445419312,0.009406894445419312,8.84896631072607e-05
69,2,70,0.1114918515086174,0.12813794612884521,-0.016646094620227814,0.016646094620227814,0.00027709246610557736
69,3,71,0.11116216331720352,0.1278907060623169,-0.016728542745113373,0.016728542745113373,0.00027984414237508526
69,4,72,0.1150035560131073,0.1497642993927002,-0.034760743379592896,0.034760743379592896,0.0012083092803019113
69,5,73,0.1174517348408699,0.16385197639465332,-0.04640024155378342,0.04640024155378342,0.0021529824162494493
70,1,70,0.14755214750766754,0.14105570316314697,0.006496444344520569,0.006496444344520569,4.2203789121453283e-05
70,2,71,0.1409630924463272,0.13422977924346924,0.006733313202857971,0.006733313202857971,4.533750668778147e-05
70,3,72,0.14098608493804932,0.12338078022003174,0.017605304718017578,0.017605304718017578,0.000309946754214252
70,4,73,0.1429891288280487,0.1377643346786499,0.005224794149398804,0.005224794149398804,2.729847390359197e-05
70,5,74,0.1484386920928955,0.13240110874176025,0.016037583351135254,0.016037583351135254,0.0002572040797446107
71,1,71,0.1011267900466919,0.10227954387664795,-0.0011527538299560547,0.0011527538299560547,1.3288413924783526e-06
71,2,72,0.09732154756784439,0.11184608936309814,-0.014524541795253754,0.014524541795253754,0.00021096231436207313
71,3,73,0.09720172733068466,0.10705029964447021,-0.009848572313785553,0.009848572313785553,9.699437661986332e-05
71,4,74,0.10105955600738525,0.1078791618347168,-0.006819605827331543,0.006819605827331543,4.650702364017434e-05
71,5,75,0.10333051532506943,0.09485363960266113,0.008476875722408295,0.008476875722408295,7.185742201315515e-05
72,1,72,0.07381048798561096,0.08216631412506104,-0.008355826139450073,0.008355826139450073,6.981983047271711e-05
72,2,73,0.07100990414619446,0.10606837272644043,-0.03505846858024597,0.03505846858024597,0.001229096219192094
72,3,74,0.07093564420938492,0.12004005908966064,-0.049104414880275726,0.049104414880275726,0.002411243560734244
72,4,75,0.0755344033241272,0.1157679557800293,-0.0402335524559021,0.0402335524559021,0.0016187387432218259
72,5,76,0.07684037834405899,0.1201556921005249,-0.04331531375646591,0.04331531375646591,0.001876216405821085
73,1,73,0.11303365230560303,0.11238229274749756,0.0006513595581054688,0.0006513595581054688,4.242692739353515e-07
73,2,74,0.10783940553665161,0.11856329441070557,-0.010723888874053955,0.010723888874053955,0.0001150017925830582
73,3,75,0.10782749205827713,0.11913573741912842,-0.011308245360851288,0.011308245360851288,0.00012787641314121467
73,4,76,0.11131298542022705,0.13104033470153809,-0.019727349281311035,0.019727349281311035,0.000389168309666843
73,5,77,0.11486576497554779,0.14065539836883545,-0.02578963339328766,0.02578963339328766,0.0006651051905601779
74,1,74,0.14684328436851501,0.15660011768341064,-0.00975683331489563,0.00975683331489563,9.519579633465725e-05
74,2,75,0.1409379243850708,0.16327035427093506,-0.022332429885864258,0.022332429885864258,0.0004987374246070431
74,3,76,0.1407214105129242,0.14958488941192627,-0.008863478899002075,0.008863478899002075,7.856125819305504e-05
74,4,77,0.14373824000358582,0.1505047082901001,-0.006766468286514282,0.006766468286514282,4.5785093072403527e-05
74,5,78,0.14785030484199524,0.15165483951568604,-0.003804534673690796,0.003804534673690796,1.447448408331553e-05
75,1,75,0.09115979075431824,0.0942002534866333,-0.0030404627323150635,0.0030404627323150635,9.244413626596781e-06
75,2,76,0.08741147816181183,0.10354399681091309,-0.016132518649101257,0.016132518649101257,0.00026025815796359986
75,3,77,0.08736240118741989,0.09517800807952881,-0.007815606892108917,0.007815606892108917,6.108371109198041e-05
75,4,78,0.09116184711456299,0.10071909427642822,-0.009557247161865234,0.009557247161865234,9.134097331298108e-05
75,5,79,0.09348531812429428,0.11038863658905029,-0.016903318464756012,0.016903318464756012,0.00028572217512096154
76,1,76,0.1177043616771698,0.11374318599700928,0.0039611756801605225,0.0039611756801605225,1.5690912769095178e-05
76,2,77,0.1129184365272522,0.11275959014892578,0.00015884637832641602,0.00015884637832641602,2.5232171907418888e-08
76,3,78,0.1128634437918663,0.1122133731842041,0.0006500706076622009,0.0006500706076622009,4.2259179494630317e-07
76,4,79,0.11583848297595978,0.10969996452331543,0.006138518452644348,0.006138518452644348,3.768140879345516e-05
76,5,80,0.11935917288064957,0.10893511772155762,0.01042405515909195,0.01042405515909195,0.00010866092595979149
77,1,77,0.07689554989337921,0.06723570823669434,0.009659841656684875,0.009659841656684875,9.33125408322244e-05
77,2,78,0.07370256632566452,0.08056306838989258,-0.006860502064228058,0.006860502064228058,4.706648857327744e-05
77,3,79,0.07376459985971451,0.08860146999359131,-0.0148368701338768,0.0148368701338768,0.0002201327153695254
77,4,80,0.07744979858398438,0.08722662925720215,-0.009776830673217773,0.009776830673217773,9.55864180127719e-05
77,5,81,0.07960949838161469,0.09336137771606445,-0.013751879334449768,0.013751879334449768,0.0001891141852292666
78,1,78,0.08601546287536621,0.09626317024230957,-0.01024770736694336,0.01024770736694336,0.0001050155062785052
78,2,79,0.08179894089698792,0.0967874526977539,-0.014988511800765991,0.014988511800765991,0.00022465548600170138
78,3,80,0.08203726261854172,0.09584355354309082,-0.013806290924549103,0.013806290924549103,0.00019061366909328692
78,4,81,0.08494660258293152,0.08042705059051514,0.004519551992416382,0.004519551992416382,2.0426350212154887e-05
78,5,82,0.08835773169994354,0.07004439830780029,0.01831333339214325,0.01831333339214325,0.000335378179931789
79,1,79,0.15163925290107727,0.12568962574005127,0.025949627161026,0.025949627161026,0.0006733831497962584
79,2,80,0.14799988269805908,0.12759852409362793,0.020401358604431152,0.020401358604431152,0.000416215432906597
79,3,81,0.1467040777206421,0.12119722366333008,0.02550685405731201,0.02550685405731201,0.0006505996039010142
79,4,82,0.1533660590648651,0.1026681661605835,0.050697892904281616,0.050697892904281616,0.0025702763449340083
79,5,83,0.15316152572631836,0.08144354820251465,0.07171797752380371,0.07171797752380371,0.005143468300104814
80,1,80,0.08222509920597076,0.10735440254211426,-0.025129303336143494,0.025129303336143494,0.0006314818861599125
80,2,81,0.08158587664365768,0.13089120388031006,-0.049305327236652374,0.049305327236652374,0.0024310152939133745
80,3,82,0.0808444395661354,0.1215212345123291,-0.040676794946193695,0.040676794946193695,0.001654601647094689
80,4,83,0.08721664547920227,0.11850941181182861,-0.03129276633262634,0.03129276633262634,0.0009792372247483527
80,5,84,0.08564790338277817,0.10925078392028809,-0.023602880537509918,0.023602880537509918,0.0005570959696679645
81,1,81,0.11926421523094177,0.12045800685882568,-0.0011937916278839111,0.0011937916278839111,1.4251384508057185e-06
81,2,82,0.11554950475692749,0.12045800685882568,-0.004908502101898193,0.004908502101898193,2.4093392884338982e-05
81,3,83,0.11493705958127975,0.1538410186767578,-0.03890395909547806,0.03890395909547806,0.00151351803330263
81,4,84,0.12003454566001892,0.15798604488372803,-0.037951499223709106,0.037951499223709106,0.001440316293327193
81,5,85,0.1214422658085823,0.1598905324935913,-0.038448266685009,0.038448266685009,0.0014782692110815732
82,1,82,0.1116582453250885,0.09247028827667236,0.019187957048416138,0.019187957048416138,0.00036817769569186254
82,2,83,0.10626693069934845,0.0973973274230957,0.008869603276252747,0.008869603276252747,7.866986227811346e-05
82,3,84,0.10641970485448837,0.09814655780792236,0.00827314704656601,0.00827314704656601,6.844496205410389e-05
82,4,85,0.10946464538574219,0.07372677326202393,0.03573787212371826,0.03573787212371826,0.0012771955039312388
82,5,86,0.1135002076625824,0.027243375778198242,0.08625683188438416,0.08625683188438416,0.007440241046730911
83,1,83,0.045019060373306274,-0.0020099282264709473,0.04702898859977722,0.04702898859977722,0.002211725768717976
83,2,84,0.045828428119421005,-0.011678516864776611,0.05750694498419762,0.05750694498419762,0.0033070487214155314
83,3,85,0.04496597498655319,-0.048740506172180176,0.09370648115873337,0.09370648115873337,0.008780904611152052
83,4,86,0.053428713232278824,-0.03716003894805908,0.09058874845504761,0.09058874845504761,0.00820632134665189
83,5,87,0.04971664398908615,-0.0016112327575683594,0.05132787674665451,0.05132787674665451,0.002634550931319757
84,1,84,-0.014874912798404694,-0.02707737684249878,0.012202464044094086,0.012202464044094086,0.000148900128747409
84,2,85,-0.0160382017493248,0.0035234689712524414,-0.01956167072057724,0.01956167072057724,0.0003826589613802889
84,3,86,-0.015011899173259735,-0.030822396278381348,0.015810497105121613,0.015810497105121613,0.0002499718187110589
84,4,87,-0.015494253486394882,-0.054575562477111816,0.039081308990716934,0.039081308990716934,0.0015273487124278923
84,5,88,-0.011453352868556976,-0.10004919767379761,0.08859584480524063,0.08859584480524063,0.007849223716754283
85,1,85,-0.11348892003297806,-0.0888558030128479,-0.024633117020130157,0.024633117020130157,0.000606790454127426
85,2,86,-0.10871333628892899,-0.133226215839386,0.024512879550457,0.024512879550457,0.000600881263855213
85,3,87,-0.10884261876344681,-0.2343500852584839,0.12550747394561768,0.12550747394561768,0.0157521260162099
85,4,88,-0.10205584764480591,-0.22011005878448486,0.11805421113967896,0.11805421113967896,0.013936796767811899
85,5,89,-0.1049942672252655,-0.31081169843673706,0.20581743121147156,0.20581743121147156,0.042360814990488826
86,1,86,-0.2933393716812134,-0.3036317825317383,0.010292410850524902,0.010292410850524902,0.00010593372111600274
86,2,87,-0.2776167392730713,-0.32157933712005615,0.04396259784698486,0.04396259784698486,0.0019327100094557181
86,3,88,-0.2793697416782379,-0.2986462116241455,0.019276469945907593,0.019276469945907593,0.00037158229357547867
86,4,89,-0.27046844363212585,-0.3274620771408081,0.05699363350868225,0.05699363350868225,0.0032482742605219883
86,5,90,-0.2777447998523712,-0.3738267421722412,0.09608194231987,0.09608194231987,0.009231739639958825
87,1,87,-0.3417324423789978,-0.279806911945343,-0.061925530433654785,0.061925530433654785,0.003834771319489505
87,2,88,-0.3303561210632324,-0.21329355239868164,-0.11706256866455078,0.11706256866455078,0.013703644982342666
87,3,89,-0.33214902877807617,-0.1606205701828003,-0.17152845859527588,0.17152845859527588,0.02942201210807127
87,4,90,-0.32446739077568054,-0.1712750792503357,-0.15319231152534485,0.15319231152534485,0.023467884310478304
87,5,91,-0.3269664943218231,-0.1498674750328064,-0.17709901928901672,0.17709901928901672,0.03136406263313152
88,1,88,-0.16025665402412415,-0.18593448400497437,0.02567782998085022,0.02567782998085022,0.0006593509525254504
88,2,89,-0.16819173097610474,-0.2204686999320984,0.05227696895599365,0.05227696895599365,0.002732881483225924
88,3,90,-0.16649895906448364,-0.2115154266357422,0.045016467571258545,0.045016467571258545,0.002026482352594172
88,4,91,-0.16396749019622803,-0.22410917282104492,0.060141682624816895,0.060141682624816895,0.0036170219889442023
88,5,92,-0.15628460049629211,-0.16733908653259277,0.01105448603630066,0.01105448603630066,0.00012220166152676626
89,1,89,-0.16886737942695618,-0.16359251737594604,-0.005274862051010132,0.005274862051010132,2.7824169657186815e-05
89,2,90,-0.17132726311683655,-0.15226304531097412,-0.019064217805862427,0.019064217805862427,0.000363444400549362
89,3,91,-0.1703185886144638,-0.13745492696762085,-0.03286366164684296,0.03286366164684296,0.0010800202568381767
89,4,92,-0.16964542865753174,-0.16061127185821533,-0.009034156799316406,0.009034156799316406,8.161598907463485e-05
89,5,93,-0.16455310583114624,-0.1306968331336975,-0.03385627269744873,0.03385627269744873,0.0011462472009640123
90,1,90,-0.16159051656723022,-0.18419647216796875,0.022605955600738525,0.022605955600738525,0.0005110292286225615
90,2,91,-0.16380995512008667,-0.1721089482307434,0.008298993110656738,0.008298993110656738,6.8873286650728e-05
90,3,92,-0.16277052462100983,-0.13747769594192505,-0.025292828679084778,0.025292828679084778,0.0006397271825895334
90,4,93,-0.16029658913612366,-0.15676003694534302,-0.0035365521907806396,0.0035365521907806396,1.2507201398115342e-05
90,5,94,-0.15609660744667053,-0.18266159296035767,0.026564985513687134,0.026564985513687134,0.0007056984553424073
91,1,91,-0.13309118151664734,-0.11196857690811157,-0.021122604608535767,0.021122604608535767,0.0004461644254485364
91,2,92,-0.13253220915794373,-0.12617385387420654,-0.006358355283737183,0.006358355283737183,4.042868191422855e-05
91,3,93,-0.13173449039459229,-0.11596977710723877,-0.015764713287353516,0.015764713287353516,0.0002485261850324605
91,4,94,-0.12662318348884583,-0.10596632957458496,-0.020656853914260864,0.020656853914260864,0.0004267056136351144
91,5,95,-0.1258404701948166,-0.11166834831237793,-0.01417212188243866,0.01417212188243866,0.0002008490386506967
92,1,92,-0.09688588976860046,-0.11036211252212524,0.01347622275352478,0.01347622275352478,0.000181608579702619
92,2,93,-0.09857229143381119,-0.11935245990753174,0.02078016847372055,0.02078016847372055,0.0004318154017962095
92,3,94,-0.09739711880683899,-0.13591891527175903,0.038521796464920044,0.038521796464920044,0.0014839288028847264
92,4,95,-0.09469980001449585,-0.13379746675491333,0.03909766674041748,0.03909766674041748,0.0015286275445447473
92,5,96,-0.0915481299161911,-0.11915063858032227,0.027602508664131165,0.027602508664131165,0.000761898484553436
93,1,93,-0.1243918389081955,-0.11332356929779053,-0.011068269610404968,0.011068269610404968,0.00012250659216861415
93,2,94,-0.12456849962472916,-0.11212038993835449,-0.012448109686374664,0.012448109686374664,0.00015495543476401474
93,3,95,-0.12362312525510788,-0.0930715799331665,-0.030551545321941376,0.030551545321941376,0.000933396921558638
93,4,96,-0.1216844916343689,-0.0883592963218689,-0.0333251953125,0.0333251953125,0.001110568642616272
93,5,97,-0.11879858374595642,-0.11512798070907593,-0.003670603036880493,0.003670603036880493,1.3473326654356299e-05
94,1,94,-0.11966101825237274,-0.1543269157409668,0.034665897488594055,0.034665897488594055,0.0012017244486897116
94,2,95,-0.12013251334428787,-0.14911633729934692,0.02898382395505905,0.02898382395505905,0.0008400620510578549
94,3,96,-0.11919628828763962,-0.14479076862335205,0.025594480335712433,0.025594480335712433,0.0006550774236551704
94,4,97,-0.11494974792003632,-0.10497462749481201,-0.009975120425224304,0.009975120425224304,9.95030274977271e-05
94,5,98,-0.1130763590335846,-0.10035395622253418,-0.012722402811050415,0.012722402811050415,0.0001618595332866235
95,1,95,-0.011954337358474731,0.0033140182495117188,-0.01526835560798645,0.01526835560798645,0.00023312268297193128
95,2,96,-0.01663956791162491,0.01745438575744629,-0.0340939536690712,0.0340939536690712,0.0011623976767887734
95,3,97,-0.015087425708770752,0.011949419975280762,-0.027036845684051514,0.027036845684051514,0.000730991024543215
95,4,98,-0.014748908579349518,0.04292857646942139,-0.057677485048770905,0.057677485048770905,0.0033266922815511912
95,5,99,-0.00888727605342865,0.07800924777984619,-0.08689652383327484,0.08689652383327484,0.0075510058543069025
96,1,96,0.0924859344959259,0.08281075954437256,0.009675174951553345,0.009675174951553345,9.360901034316527e-05
96,2,97,0.08439069241285324,0.08683514595031738,-0.002444453537464142,0.002444453537464142,5.975353096820957e-06
96,3,98,0.08559852093458176,0.09741878509521484,-0.011820264160633087,0.011820264160633087,0.00013971864482714702
96,4,99,0.08489808440208435,0.11064887046813965,-0.025750786066055298,0.025750786066055298,0.0006631029830197477
96,5,100,0.0932927206158638,0.14780259132385254,-0.05450987070798874,0.05450987070798874,0.0029713260046016488
97,1,97,0.17698398232460022,0.14986002445220947,0.027123957872390747,0.027123957872390747,0.000735709090663228
97,2,98,0.1685032844543457,0.16609501838684082,0.002408266067504883,0.002408266067504883,5.799745451895433e-06
97,3,99,0.16867029666900635,0.18403327465057373,-0.015362977981567383,0.015362977981567383,0.00023602109246212422
97,4,100,0.16928093135356903,0.16518700122833252,0.004093930125236511,0.004093930125236511,1.6760263870319037e-05
97,5,101,0.17671099305152893,0.15939676761627197,0.017314225435256958,0.017314225435256958,0.000299782402422899
98,1,98,0.4673859179019928,0.3660857677459717,0.10130015015602112,0.10130015015602112,0.010261720421632425
98,2,99,0.453180730342865,0.38417232036590576,0.06900840997695923,0.06900840997695923,0.004762160647548086
98,3,100,0.4466281533241272,0.4044111967086792,0.042216956615448,0.042216956615448,0.0017822714258706185
98,4,101,0.46265244483947754,0.42163658142089844,0.0410158634185791,0.0410158634185791,0.0016823010519715353
98,5,102,0.4588640332221985,0.4240766763687134,0.03478735685348511,0.03478735685348511,0.0012101601968517173
99,1,99,0.37541523575782776,0.364518404006958,0.010896831750869751,0.010896831750869751,0.00011874094220676312
99,2,100,0.3646778464317322,0.327512264251709,0.03716558218002319,0.03716558218002319,0.0013812804987800575
99,3,101,0.361011803150177,0.3792097568511963,-0.018197953701019287,0.018197953701019287,0.00033116551890444157
99,4,102,0.3700883686542511,0.41261231899261475,-0.04252395033836365,0.04252395033836365,0.0018082863523796178
99,5,103,0.370995432138443,0.38710999488830566,-0.01611456274986267,0.01611456274986267,0.00025967913261926157
100,1,100,0.2190360128879547,0.22858309745788574,-0.00954708456993103,0.00954708456993103,9.114682378541517e-05
100,2,101,0.21199247241020203,0.1349247694015503,0.07706770300865173,0.07706770300865173,0.0059394308470297474
100,3,102,0.21061483025550842,0.16158032417297363,0.04903450608253479,0.04903450608253479,0.0024043827867581413
100,4,103,0.21688312292099,0.18799364566802979,0.028889477252960205,0.028889477252960205,0.0008346018959493051
100,5,104,0.21899226307868958,0.18011808395385742,0.03887417912483215,0.03887417912483215,0.001511201802629536
101,1,101,0.16350385546684265,0.17247533798217773,-0.008971482515335083,0.008971482515335083,8.048749852296311e-05
101,2,102,0.15882514417171478,0.1905810832977295,-0.03175593912601471,0.03175593912601471,0.0010084396697751519
101,3,103,0.1581910252571106,0.15627527236938477,0.00191575288772583,0.00191575288772583,3.670109126829857e-06
101,4,104,0.16239432990550995,0.17735910415649414,-0.014964774250984192,0.014964774250984192,0.00022394446838291948
101,5,105,0.1645391285419464,0.15532219409942627,0.009216934442520142,0.009216934442520142,8.495188051771407e-05
102,1,102,0.15039010345935822,0.15515565872192383,-0.004765555262565613,0.004765555262565613,2.2710516960566807e-05
102,2,103,0.14644210040569305,0.13711941242218018,0.009322687983512878,0.009322687983512878,8.691251123793542e-05
102,3,104,0.14533406496047974,0.1406559944152832,0.004678070545196533,0.004678070545196533,2.188434402583539e-05
102,4,105,0.1516021192073822,0.16163945198059082,-0.010037332773208618,0.010037332773208618,0.00010074804920012781
102,5,106,0.15196743607521057,0.14654994010925293,0.005417495965957642,0.005417495965957642,2.934926254116732e-05
103,1,103,0.1039002537727356,0.08730626106262207,0.016593992710113525,0.016593992710113525,0.0002753605940633008
103,2,104,0.1001962423324585,0.08019161224365234,0.020004630088806152,0.020004630088806152,0.00040018522498996845
103,3,105,0.10005637258291245,0.11079633235931396,-0.01073995977640152,0.01073995977640152,0.00011534673599872258
103,4,106,0.1042136549949646,0.11700749397277832,-0.01279383897781372,0.01279383897781372,0.00016368231579022563
103,5,107,0.10626968741416931,0.11011838912963867,-0.0038487017154693604,0.0038487017154693604,1.4812504894656797e-05
104,1,104,0.12325452268123627,0.1204216480255127,0.0028328746557235718,0.0028328746557235718,8.025178815040945e-06
104,2,105,0.1185135692358017,0.10653424263000488,0.011979326605796814,0.011979326605796814,0.00014350426592835142
104,3,106,0.11833059042692184,0.09583425521850586,0.022496335208415985,0.022496335208415985,0.0005060850978094167
104,4,107,0.12228189408779144,0.10380256175994873,0.018479332327842712,0.018479332327842712,0.00034148572328285276
104,5,108,0.12514036893844604,0.10209500789642334,0.023045361042022705,0.023045361042022705,0.0005310886655571778
105,1,105,0.10061445832252502,0.10643947124481201,-0.005825012922286987,0.005825012922286987,3.393077554481039e-05
105,2,106,0.09734468162059784,0.11460089683532715,-0.01725621521472931,0.01725621521472931,0.0002977769635370553
105,3,107,0.09714511781930923,0.10326540470123291,-0.0061202868819236755,0.0061202868819236755,3.745791151704703e-05
105,4,108,0.10089239478111267,0.14418625831604004,-0.04329386353492737,0.04329386353492737,0.0018743586197809137
105,5,109,0.10290858149528503,0.1386317014694214,-0.03572311997413635,0.03572311997413635,0.0012761413006865396
106,1,106,0.17376378178596497,0.18709707260131836,-0.013333290815353394,0.013333290815353394,0.00017777664396678716
106,2,107,0.16720329225063324,0.2284696102142334,-0.06126631796360016,0.06126631796360016,0.0037535617168169555
106,3,108,0.16670677065849304,0.22509002685546875,-0.05838325619697571,0.05838325619697571,0.0034086046041617024
106,4,109,0.1703363060951233,0.2262554168701172,-0.055919110774993896,0.055919110774993896,0.0031269469498660385
106,5,110,0.17441368103027344,0.24140548706054688,-0.06699180603027344,0.06699180603027344,0.0044879020751977805
107,1,107,0.14950406551361084,0.1478804349899292,0.0016236305236816406,0.0016236305236816406,2.6361760774307186e-06
107,2,108,0.14290066063404083,0.13957595825195312,0.0033247023820877075,0.0033247023820877075,1.1053645929459677e-05
107,3,109,0.14264032244682312,0.15370440483093262,-0.011064082384109497,0.011064082384109497,0.0001224139190023621
107,4,110,0.1458282321691513,0.1690199375152588,-0.023191705346107483,0.023191705346107483,0.0005378551968606704
107,5,111,0.15033817291259766,0.16492128372192383,-0.014583110809326172,0.014583110809326172,0.00021266712087708584
108,1,108,0.10347576439380646,0.11744654178619385,-0.01397077739238739,0.01397077739238739,0.0001951826209476426
108,2,109,0.09849393367767334,0.13862454891204834,-0.040130615234375,0.040130615234375,0.0016104662790894508
108,3,110,0.09868226200342178,0.1353663206100464,-0.0366840586066246,0.0366840586066246,0.0013457201558542686
108,4,111,0.10212090611457825,0.13556993007659912,-0.033449023962020874,0.033449023962020874,0.0011188372040118466
108,5,112,0.10543391853570938,0.12854456901550293,-0.02311065047979355,0.02311065047979355,0.0005341021655991818
109,1,109,0.09948471188545227,0.11116456985473633,-0.011679857969284058,0.011679857969284058,0.0001364190821826483
109,2,110,0.09518129378557205,0.10720634460449219,-0.012025050818920135,0.012025050818920135,0.00014460184719761182
109,3,111,0.09506066888570786,0.13639795780181885,-0.04133728891611099,0.04133728891611099,0.0017087714549340327
109,4,112,0.09959560632705688,0.15579330921173096,-0.05619770288467407,0.05619770288467407,0.0031581818095141045
109,5,113,0.10173254460096359,0.1167060136795044,-0.014973469078540802,0.014973469078540802,0.00022420477624601753
110,1,110,0.19927918910980225,0.1836608648300171,0.015618324279785156,0.015618324279785156,0.00024393205330852652
110,2,111,0.19317780435085297,0.18703055381774902,0.006147250533103943,0.006147250533103943,3.778868911674671e-05
110,3,112,0.1915210485458374,0.20998775959014893,-0.018466711044311523,0.018466711044311523,0.0003410194167940972
110,4,113,0.20009803771972656,0.20882952213287354,-0.008731484413146973,0.008731484413146973,7.623882005702853e-05
110,5,114,0.19980253279209137,0.24263310432434082,-0.04283057153224945,0.04283057153224945,0.001834457857779137
111,1,111,0.19753995537757874,0.2142634391784668,-0.01672348380088806,0.01672348380088806,0.0002796749104385654
111,2,112,0.1900789737701416,0.21416151523590088,-0.024082541465759277,0.024082541465759277,0.000579968803450015
111,3,113,0.18963831663131714,0.20723938941955566,-0.017601072788238525,0.017601072788238525,0.0003097977632968707
111,4,114,0.19145700335502625,0.1845378875732422,0.006919115781784058,0.006919115781784058,4.787416320173321e-05
111,5,115,0.19733135402202606,0.16723203659057617,0.03009931743144989,0.03009931743144989,0.0009059689098391832
112,1,112,0.14064165949821472,0.12052392959594727,0.020117729902267456,0.020117729902267456,0.00040472305642058615
112,2,113,0.1376107931137085,0.15511727333068848,-0.01750648021697998,0.01750648021697998,0.0003064768495875114
112,3,114,0.13620921969413757,0.2563270330429077,-0.12011781334877014,0.12011781334877014,0.014428289083689982
112,4,115,0.14370644092559814,0.2330014705657959,-0.08929502964019775,0.08929502964019775,0.007973602318443795
112,5,116,0.14245370030403137,0.22786188125610352,-0.08540818095207214,0.08540818095207214,0.007294557373541899
113,1,113,0.2698700726032257,0.2658275365829468,0.004042536020278931,0.004042536020278931,1.6342097475252615e-05
113,2,114,0.26021459698677063,0.28649675846099854,-0.026282161474227905,0.026282161474227905,0.0006907520117573895
113,3,115,0.258183091878891,0.2782493829727173,-0.020066291093826294,0.020066291093826294,0.00040265603826217244
113,4,116,0.26526325941085815,0.2894495725631714,-0.024186313152313232,0.024186313152313232,0.00058497774390176
113,5,117,0.268422394990921,0.2894495725631714,-0.021027177572250366,0.021027177572250366,0.0004421421966549488
114,1,114,0.2978722155094147,0.30822908878326416,-0.010356873273849487,0.010356873273849487,0.0001072648240105778
114,2,115,0.2890613377094269,0.3055698871612549,-0.016508549451828003,0.016508549451828003,0.00027253220500345066
114,3,116,0.2862771153450012,0.33021843433380127,-0.04394131898880005,0.04394131898880005,0.0019308395144754797
114,4,117,0.29397404193878174,0.3266390562057495,-0.03266501426696777,0.03266501426696777,0.0010670031570612082
114,5,118,0.2955155670642853,0.3396279811859131,-0.04411241412162781,0.04411241412162781,0.0019459050796379884
115,1,115,0.3635061979293823,0.3475989103317261,0.01590728759765625,0.01590728759765625,0.00025304179871454835
115,2,116,0.35245993733406067,0.3448922634124756,0.007567673921585083,0.007567673921585083,5.726968858343895e-05
115,3,117,0.3487849831581116,0.3288618326187134,0.019923150539398193,0.019923150539398193,0.0003969319274155225
115,4,118,0.35710853338241577,0.3428105115890503,0.014298021793365479,0.014298021793365479,0.00020443342720355417
115,5,119,0.3592936098575592,0.3324010372161865,0.02689257264137268,0.02689257264137268,0.0007232104632715064
116,1,116,0.306980699300766,0.29749345779418945,0.009487241506576538,0.009487241506576538,9.000775140410866e-05
116,2,117,0.29901570081710815,0.308286190032959,-0.00927048921585083,0.00927048921585083,8.594197030120654e-05
116,3,118,0.29574906826019287,0.31785738468170166,-0.02210831642150879,0.02210831642150879,0.0004887776549935552
116,4,119,0.30508509278297424,0.32386481761932373,-0.018779724836349487,0.018779724836349487,0.0003526780649290018
116,5,120,0.30446767807006836,0.32355964183807373,-0.01909196376800537,0.01909196376800537,0.00036450308051882985
117,1,117,0.3368057906627655,0.31804466247558594,0.018761128187179565,0.018761128187179565,0.0003519799308557836
117,2,118,0.3271448612213135,0.31414318084716797,0.013001680374145508,0.013001680374145508,0.00016904369255144047
117,3,119,0.3236888647079468,0.25346219539642334,0.07022666931152344,0.07022666931152344,0.004931785082590068
117,4,120,0.3325403928756714,0.2614707946777344,0.07106959819793701,0.07106959819793701,0.005050887788016212
117,5,121,0.33348336815834045,0.2329268455505371,0.10055652260780334,0.10055652260780334,0.010111614238973665
118,1,118,0.18881285190582275,0.20421290397644043,-0.015400052070617676,0.015400052070617676,0.00023716160377773576
118,2,119,0.1862907111644745,0.2258589267730713,-0.0395682156085968,0.0395682156085968,0.0015656436864484036
118,3,120,0.18403619527816772,0.2529165744781494,-0.06888037919998169,0.06888037919998169,0.00474450663873327
118,4,121,0.19310402870178223,0.27613699436187744,-0.08303296566009521,0.08303296566009521,0.006894473386310551
118,5,122,0.18964748084545135,0.26826584339141846,-0.0786183625459671,0.0786183625459671,0.006180846929409123
119,1,119,0.21784642338752747,0.21427857875823975,0.0035678446292877197,0.0035678446292877197,1.2729515298737226e-05
119,2,120,0.21010029315948486,0.20260179042816162,0.007498502731323242,0.007498502731323242,5.622754321166212e-05
119,3,121,0.2089364230632782,0.20213103294372559,0.006805390119552612,0.006805390119552612,4.631333467930432e-05
119,4,122,0.21392959356307983,0.1925259828567505,0.021403610706329346,0.021403610706329346,0.0004581145512680962
119,5,123,0.21772447228431702,0.20796918869018555,0.00975528359413147,0.00975528359413147,9.51655580019306e-05
120,1,120,0.17155030369758606,0.18813872337341309,-0.016588419675827026,0.016588419675827026,0.0002751756673413652
120,2,121,0.16645917296409607,0.20731544494628906,-0.04085627198219299,0.04085627198219299,0.0016692349602829282
120,3,122,0.16554027795791626,0.20201897621154785,-0.03647869825363159,0.03647869825363159,0.0013306954262795045
120,4,123,0.16958382725715637,0.204575777053833,-0.034991949796676636,0.034991949796676636,0.001224436550573138
120,5,124,0.17220444977283478,0.21434688568115234,-0.042142435908317566,0.042142435908317566,0.0017759849042866538
121,1,121,0.18552792072296143,0.19449639320373535,-0.008968472480773926,0.008968472480773926,8.043349863839921e-05
121,2,122,0.17918595671653748,0.19957256317138672,-0.020386606454849243,0.020386606454849243,0.0004156137227449008
121,3,123,0.1782447099685669,0.2070530652999878,-0.0288083553314209,0.0288083553314209,0.0008299213369014069
121,4,124,0.18246036767959595,0.19556522369384766,-0.013104856014251709,0.013104856014251709,0.0001717372511542692
121,5,125,0.1858774721622467,0.19957256317138672,-0.013695091009140015,0.013695091009140015,0.00018755551774862766
122,1,122,0.20104840397834778,0.20498228073120117,-0.0039338767528533936,0.0039338767528533936,1.547538630664036e-05
122,2,123,0.19510987401008606,0.20622754096984863,-0.011117666959762573,0.011117666959762573,0.00012360251862819638
122,3,124,0.19364547729492188,0.21850526332855225,-0.02485978603363037,0.02485978603363037,0.0006180089616378837
122,4,125,0.19936564564704895,0.2230072021484375,-0.02364155650138855,0.02364155650138855,0.0005589231938083472
122,5,126,0.2011813074350357,0.2369140386581421,-0.035732731223106384,0.035732731223106384,0.0012768280806627619
123,1,123,0.1658526360988617,0.1686776876449585,-0.0028250515460968018,0.0028250515460968018,7.98091623810393e-06
123,2,124,0.15962712466716766,0.16590559482574463,-0.006278470158576965,0.006278470158576965,3.9419187532141464e-05
123,3,125,0.15918391942977905,0.15574133396148682,0.0034425854682922363,0.0034425854682922363,1.1851394706496876e-05
123,4,126,0.1623629778623581,0.15431272983551025,0.00805024802684784,0.00805024802684784,6.480649329376753e-05
123,5,127,0.1665218025445938,0.1448204517364502,0.021701350808143616,0.021701350808143616,0.00047094862689811556
124,1,124,0.20935016870498657,0.23198795318603516,-0.022637784481048584,0.022637784481048584,0.0005124692862104041
124,2,125,0.204165518283844,0.22270691394805908,-0.018541395664215088,0.018541395664215088,0.00034378335317697406
124,3,126,0.20224109292030334,0.24179816246032715,-0.039557069540023804,0.039557069540023804,0.001564761750594279
124,4,127,0.20952478051185608,0.21333885192871094,-0.0038140714168548584,0.0038140714168548584,1.4547140772869227e-05
124,5,128,0.2094491422176361,0.27290987968444824,-0.06346073746681213,0.06346073746681213,0.004027265199831653
125,1,125,0.15293456614017487,0.1481386423110962,0.004795923829078674,0.004795923829078674,2.3000885374324653e-05
125,2,126,0.1463843286037445,0.1425771713256836,0.003807157278060913,0.003807157278060913,1.449444653989218e-05
125,3,127,0.1464172601699829,0.14128756523132324,0.005129694938659668,0.005129694938659668,2.6313770163710615e-05
125,4,128,0.1467713713645935,0.14797735214233398,-0.0012059807777404785,0.0012059807777404785,1.4543896362795294e-06
125,5,129,0.153291717171669,0.14104604721069336,0.012245669960975647,0.012245669960975647,0.0001499564327931413
126,1,126,0.11353033781051636,0.10909903049468994,0.004431307315826416,0.004431307315826416,1.9636484527296716e-05
126,2,127,0.10951872169971466,0.10823750495910645,0.0012812167406082153,0.0012812167406082153,1.641516336414739e-06
126,3,128,0.10919507592916489,0.09750485420227051,0.011690221726894379,0.011690221726894379,0.0001366612840239534
126,4,129,0.1136186271905899,0.10635721683502197,0.007261410355567932,0.007261410355567932,5.27280803519492e-05
126,5,130,0.11557067930698395,0.11513078212738037,0.00043989717960357666,0.00043989717960357666,1.9350952862318138e-07
127,1,127,0.10263033211231232,0.12190330028533936,-0.01927296817302704,0.01927296817302704,0.0003714473021985132
127,2,128,0.09851033240556717,0.13273954391479492,-0.03422921150922775,0.03422921150922775,0.0011716389205434496
127,3,129,0.09857385605573654,0.13815712928771973,-0.039583273231983185,0.039583273231983185,0.0015668355197578365
127,4,130,0.10130411386489868,0.12267744541168213,-0.021373331546783447,0.021373331546783447,0.0004568193014087285
127,5,131,0.10461543500423431,0.10712027549743652,-0.0025048404932022095,0.0025048404932022095,6.274225896385488e-06
128,1,128,0.13190913200378418,0.11107504367828369,0.02083408832550049,0.02083408832550049,0.00043405923635475574
128,2,129,0.12823233008384705,0.1065143346786499,0.021717995405197144,0.021717995405197144,0.00047167132442016424
128,3,130,0.12722134590148926,0.09511268138885498,0.03210866451263428,0.03210866451263428,0.0010309663367848998
128,4,131,0.13378170132637024,0.12286996841430664,0.010911732912063599,0.010911732912063599,0.00011906591514421194
128,5,132,0.13388888537883759,0.11351275444030762,0.020376130938529968,0.020376130938529968,0.00041518671202411817
129,1,129,0.10933756828308105,0.08771812915802002,0.021619439125061035,0.021619439125061035,0.00046740014808221986
129,2,130,0.10556306689977646,0.07366788387298584,0.03189518302679062,0.03189518302679062,0.0010173027003124724
129,3,131,0.10550465434789658,0.05454421043395996,0.050960443913936615,0.050960443913936615,0.0025969668439054794
129,4,132,0.10906423628330231,0.022697091102600098,0.08636714518070221,0.08636714518070221,0.007459283766664493
129,5,133,0.11148828268051147,0.05157816410064697,0.0599101185798645,0.0599101185798645,0.003589222308253426
130,1,130,0.09988152980804443,0.09370684623718262,0.006174683570861816,0.006174683570861816,3.812671720027083e-05
130,2,131,0.09793407469987869,0.11106348037719727,-0.013129405677318573,0.013129405677318573,0.00017238129343960518
130,3,132,0.09752383083105087,0.1428292989730835,-0.04530546814203262,0.04530546814203262,0.002052585443568733
130,4,133,0.10034219920635223,0.13496947288513184,-0.0346272736787796,0.0346272736787796,0.0011990480824251026
130,5,134,0.10200974345207214,0.1513437032699585,-0.04933395981788635,0.04933395981788635,0.0024338395913128252
131,1,131,0.09268446266651154,0.12758386135101318,-0.03489939868450165,0.03489939868450165,0.0012179680285397954
131,2,132,0.08740256726741791,0.11437392234802246,-0.026971355080604553,0.026971355080604553,0.000727453994884053
131,3,133,0.08782132714986801,0.10178577899932861,-0.013964451849460602,0.013964451849460602,0.00019500591545590362
131,4,134,0.0897967517375946,0.10699188709259033,-0.017195135354995728,0.017195135354995728,0.00029567267987662404
131,5,135,0.0947158932685852,0.11538398265838623,-0.020668089389801025,0.020668089389801025,0.0004271699190248057
132,1,132,0.10687404870986938,0.09450423717498779,0.012369811534881592,0.012369811534881592,0.00015301223740848968
132,2,133,0.1023513674736023,0.09134674072265625,0.011004626750946045,0.011004626750946045,0.0001211018099276373
132,3,134,0.10226654261350632,0.10890567302703857,-0.006639130413532257,0.006639130413532257,4.4078052647889e-05
132,4,135,0.10546544194221497,0.11737704277038574,-0.011911600828170776,0.011911600828170776,0.00014188623428967873
132,5,136,0.10868971049785614,0.0937342643737793,0.014955446124076843,0.014955446124076843,0.00022366536877016507
133,1,133,0.06918375194072723,0.02098691463470459,0.048196837306022644,0.048196837306022644,0.002322935126303216
133,2,134,0.06618252396583557,0.016952991485595703,0.04922953248023987,0.04922953248023987,0.002423546868222992
133,3,135,0.06626036018133163,0.013366937637329102,0.05289342254400253,0.05289342254400253,0.0027977141484183954
133,4,136,0.07108679413795471,0.012545228004455566,0.058541566133499146,0.058541566133499146,0.003427114965362854
133,5,137,0.07238177210092545,0.008914589881896973,0.06346718221902847,0.06346718221902847,0.004028083218823364
134,1,134,0.003327101469039917,0.020431995391845703,-0.017104893922805786,0.017104893922805786,0.0002925773961104383
134,2,135,0.0026452019810676575,0.0157620906829834,-0.013116888701915741,0.013116888701915741,0.0001720527692184448
134,3,136,0.0031712129712104797,-0.004698514938354492,0.007869727909564972,0.007869727909564972,6.193261737058586e-05
134,4,137,0.006127018481492996,-0.0211561918258667,0.027283210307359695,0.027283210307359695,0.0007443735646756183
134,5,138,0.007595621049404144,-0.011444628238677979,0.019040249288082123,0.019040249288082123,0.0003625310929523118
135,1,135,-0.03715623542666435,-0.030810952186584473,-0.00634528324007988,0.00634528324007988,4.026261939683862e-05
135,2,136,-0.03743963688611984,-0.02079927921295166,-0.016640357673168182,0.016640357673168182,0.0002769015034909672
135,3,137,-0.036867767572402954,-0.008986890316009521,-0.027880877256393433,0.027880877256393433,0.0007773433165860766
135,4,138,-0.034134216606616974,0.016942501068115234,-0.05107671767473221,0.05107671767473221,0.0026088310884243016
135,5,139,-0.03234174847602844,0.011612653732299805,-0.04395440220832825,0.04395440220832825,0.001931989473491491
136,1,136,0.013521678745746613,0.041930437088012695,-0.028408758342266083,0.028408758342266083,0.0008070575505492728
136,2,137,0.009080715477466583,0.03984546661376953,-0.030764751136302948,0.030764751136302948,0.0009464699124786535
136,3,138,0.010197214782238007,0.04106760025024414,-0.030870385468006134,0.030870385468006134,0.0009529806989432843
136,4,139,0.012165162712335587,0.029205918312072754,-0.017040755599737167,0.017040755599737167,0.0002903873514099736
136,5,140,0.016845285892486572,-0.011625707149505615,0.028470993041992188,0.028470993041992188,0.0008105974447971676
137,1,137,-0.01822061836719513,-0.02737051248550415,0.009149894118309021,0.009149894118309021,8.372056237626602e-05
137,2,138,-0.018099665641784668,-0.03545963764190674,0.01735997200012207,0.01735997200012207,0.0003013686278450223
137,3,139,-0.018002334982156754,-0.06331533193588257,0.045312996953725815,0.045312996953725815,0.002053267692928365
137,4,140,-0.011400733143091202,-0.09511035680770874,0.08370962738990784,0.08370962738990784,0.007007301717757208
137,5,141,-0.01266501098871231,-0.06451112031936646,0.051846109330654144,0.051846109330654144,0.0026880190527261427
138,1,138,-0.0612373948097229,-0.055224061012268066,-0.006013333797454834,0.006013333797454834,3.6160183359612574e-05
138,2,139,-0.06032966822385788,-0.059046149253845215,-0.0012835189700126648,0.0012835189700126648,1.647420946382372e-06
138,3,140,-0.05968577787280083,-0.05947071313858032,-0.00021506473422050476,0.00021506473422050476,4.625283990533635e-08
138,4,141,-0.05791354924440384,-0.06201845407485962,0.00410490483045578,0.00410490483045578,1.6850243667099196e-05
138,5,142,-0.05631633102893829,-0.04368788003921509,-0.012628450989723206,0.012628450989723206,0.000159477774399841
139,1,139,-0.06631778180599213,-0.0518186092376709,-0.014499172568321228,0.014499172568321228,0.0002102260051659588
139,2,140,-0.06821658462285995,-0.056104838848114014,-0.012111745774745941,0.012111745774745941,0.00014669438571207616
139,3,141,-0.06710534542798996,-0.07587605714797974,0.008770711719989777,0.008770711719989777,7.692538407516603e-05
139,4,142,-0.06577788293361664,-0.06363993883132935,-0.0021379441022872925,0.0021379441022872925,4.570804984505017e-06
139,5,143,-0.06179119646549225,-0.05541360378265381,-0.00637759268283844,0.00637759268283844,4.067368842819441e-05
140,1,140,-0.02958853915333748,-0.05299729108810425,0.02340875193476677,0.02340875193476677,0.000547969667143447
140,2,141,-0.03199826180934906,-0.06207460165023804,0.030076339840888977,0.030076339840888977,0.0009045862182246456
140,3,142,-0.03102836385369301,-0.05207544565200806,0.021047081798315048,0.021047081798315048,0.0004429796522249646
140,4,143,-0.029209304600954056,-0.04753679037094116,0.018327485769987106,0.018327485769987106,0.0003358967346490799
140,5,144,-0.02556811273097992,-0.05987590551376343,0.03430779278278351,0.03430779278278351,0.0011770246456264122
141,1,141,-0.03971553593873978,-0.08598184585571289,0.046266309916973114,0.046266309916973114,0.0021405714333334047
141,2,142,-0.04065632075071335,-0.06591981649398804,0.02526349574327469,0.02526349574327469,0.0006382442171704583
141,3,143,-0.039836835116147995,-0.07109689712524414,0.031260062009096146,0.031260062009096146,0.0009771914768125362
141,4,144,-0.03666702285408974,-0.06383424997329712,0.027167227119207382,0.027167227119207382,0.000738058229346597
141,5,145,-0.03473782539367676,-0.05369514226913452,0.018957316875457764,0.018957316875457764,0.0003593798631165157
142,1,142,-0.012360945343971252,-0.009068012237548828,-0.0032929331064224243,0.0032929331064224243,1.0843408443372837e-05
142,2,143,-0.014740996062755585,-0.01956886053085327,0.004827864468097687,0.004827864468097687,2.330827532232016e-05
142,3,144,-0.01373421773314476,-0.0004419684410095215,-0.013292249292135239,0.013292249292135239,0.00017668389124426975
142,4,145,-0.012348894029855728,-0.005242526531219482,-0.007106367498636246,0.007106367498636246,5.050045902567357e-05
142,5,146,-0.008538223803043365,-0.002167224884033203,-0.006370998919010162,0.006370998919010162,4.058962722602866e-05
143,1,143,-0.07732465863227844,-0.09160321950912476,0.014278560876846313,0.014278560876846313,0.00020387730071380616
143,2,144,-0.0790107324719429,-0.08704566955566406,0.008034937083721161,0.008034937083721161,6.456021393935751e-05
143,3,145,-0.07794363051652908,-0.07820683717727661,0.0002632066607475281,0.0002632066607475281,6.927774626186434e-08
143,4,146,-0.0755123496055603,-0.048375725746154785,-0.027136623859405518,0.027136623859405518,0.0007363963544868568
143,5,147,-0.07226787507534027,-0.058112263679504395,-0.014155611395835876,0.014155611395835876,0.00020038133398991853
144,1,144,-0.03310217708349228,-0.03321993350982666,0.0001177564263343811,0.0001177564263343811,1.3866575943044523e-08
144,2,145,-0.03655754029750824,-0.059518635272979736,0.022961094975471497,0.022961094975471497,0.0005272118824726224
144,3,146,-0.03526734560728073,-0.05796778202056885,0.022700436413288116,0.022700436413288116,0.000515309813353737
144,4,147,-0.03322267532348633,-0.041610121726989746,0.008387446403503418,0.008387446403503418,7.034925717164242e-05
144,5,148,-0.029027491807937622,-0.03822594881057739,0.00919845700263977,0.00919845700263977,8.461161122941263e-05
145,1,145,0.0021947920322418213,-0.006105005741119385,0.008299797773361206,0.008299797773361206,6.888664307869163e-05
145,2,146,-0.0007394850254058838,-0.02516758441925049,0.024428099393844604,0.024428099393844604,0.0005967320399955511
145,3,147,0.00021073967218399048,-0.022894740104675293,0.023105479776859283,0.023105479776859283,0.0005338631957188533
145,4,148,0.0020614080131053925,-0.027367353439331055,0.029428761452436447,0.029428761452436447,0.0008660520006244093
145,5,149,0.005717180669307709,-0.017102837562561035,0.022820018231868744,0.022820018231868744,0.0005207532321028219
146,1,146,-0.02465686947107315,-0.024191558361053467,-0.00046531111001968384,0.00046531111001968384,2.1651442910775032e-07
146,2,147,-0.02628351002931595,-0.005520939826965332,-0.020762570202350616,0.020762570202350616,0.0004310843214075377
146,3,148,-0.025419458746910095,-0.007918298244476318,-0.017501160502433777,0.017501160502433777,0.0003062906189319481
146,4,149,-0.02339189127087593,-0.006644606590270996,-0.016747284680604935,0.016747284680604935,0.00028047154417322473
146,5,150,-0.020476244390010834,-0.020839452743530273,0.0003632083535194397,0.0003632083535194397,1.3192030806630228e-07
147,1,147,0.008946023881435394,-0.000886380672454834,0.009832404553890228,0.009832404553890228,9.66761793113613e-05
147,2,148,0.006871543824672699,-0.000886380672454834,0.007757924497127533,0.007757924497127533,6.0185392503131485e-05
147,3,149,0.007386438548564911,-0.004088461399078369,0.01147489994764328,0.01147489994764328,0.00013167332880842375
147,4,150,0.011356685310602188,-0.0025244951248168945,0.013881180435419083,0.013881180435419083,0.0001926871702806615
147,5,151,0.013151094317436218,-0.0069923996925354,0.02014349400997162,0.02014349400997162,0.0004057603509297625
148,1,148,-0.07249778509140015,-0.08854711055755615,0.016049325466156006,0.016049325466156006,0.0002575808479186037
148,2,149,-0.07311322540044785,-0.09449249505996704,0.021379269659519196,0.021379269659519196,0.000457073171174438
148,3,150,-0.072197824716568,-0.08785563707351685,0.015657812356948853,0.015657812356948853,0.0002451670878054202
148,4,151,-0.06938213855028152,-0.09186536073684692,0.0224832221865654,0.0224832221865654,0.0005054952798904666
148,5,152,-0.06715834140777588,-0.09926271438598633,0.03210437297821045,0.03210437297821045,0.0010306907643240493
149,1,149,-0.04950511083006859,-0.05501449108123779,0.005509380251169205,0.005509380251169205,3.035327075197325e-05
149,2,150,-0.04996348172426224,-0.06573981046676636,0.01577632874250412,0.01577632874250412,0.0002488925485915616
149,3,151,-0.049192123115062714,-0.0694354772567749,0.02024335414171219,0.02024335414171219,0.000409793386906776
149,4,152,-0.04605076462030411,-0.05733346939086914,0.011282704770565033,0.011282704770565033,0.00012729942693973095
149,5,153,-0.044297024607658386,-0.03994119167327881,-0.004355832934379578,0.004355832934379578,1.8973280552225802e-05
150,1,150,-0.007129117846488953,-0.0009096860885620117,-0.006219431757926941,0.006219431757926941,3.86813313915102e-05
150,2,151,-0.010234490036964417,0.0028433799743652344,-0.013077870011329651,0.013077870011329651,0.0001710306840332354
150,3,152,-0.009138323366641998,0.1585996150970459,-0.1677379310131073,0.1677379310131073,0.028136013500557944
150,4,153,-0.008390668779611588,0.1436619758605957,-0.152052640914917,0.152052640914917,0.02312000560920069
150,5,154,-0.003743961453437805,0.17060959339141846,-0.17435355484485626,0.17435355484485626,0.0303991620870383
151,1,151,0.13756556808948517,0.12862133979797363,0.008944228291511536,0.008944228291511536,7.999921973067536e-05
151,2,152,0.12595626711845398,0.15426337718963623,-0.02830711007118225,0.02830711007118225,0.0008012924805820276
151,3,153,0.12733811140060425,0.1669750213623047,-0.03963690996170044,0.03963690996170044,0.0015710846313119475
151,4,154,0.12768709659576416,0.16967809200286865,-0.04199099540710449,0.04199099540710449,0.0017632436952794706
151,5,155,0.13765522837638855,0.17004334926605225,-0.032388120889663696,0.032388120889663696,0.00104899037476347
152,1,152,0.205548495054245,0.20528793334960938,0.0002605617046356201,0.0002605617046356201,6.789240192262014e-08
152,2,153,0.19767147302627563,0.20806407928466797,-0.010392606258392334,0.010392606258392334,0.00010800626484197551
152,3,154,0.19662243127822876,0.2142171859741211,-0.017594754695892334,0.017594754695892334,0.00030957539280862534
152,4,155,0.20224729180335999,0.21249115467071533,-0.010243862867355347,0.010243862867355347,0.0001049367264451817
152,5,156,0.20516414940357208,0.21211600303649902,-0.006951853632926941,0.006951853632926941,4.8328268933639507e-05
153,1,153,0.27641695737838745,0.2746148109436035,0.0018021464347839355,0.0018021464347839355,3.2477317724044497e-06
153,2,154,0.26846444606781006,0.26011013984680176,0.0083543062210083,0.0083543062210083,6.9794432434378e-05
153,3,155,0.26596754789352417,0.2445012331008911,0.021466314792633057,0.021466314792633057,0.0004608026707764168
153,4,156,0.27370601892471313,0.2592426538467407,0.014463365077972412,0.014463365077972412,0.00020918892937871192
153,5,157,0.27462300658226013,0.2698061466217041,0.00481685996055603,0.00481685996055603,2.320213987960784e-05
154,1,154,0.22205516695976257,0.24146735668182373,-0.019412189722061157,0.019412189722061157,0.00037683310980529683
154,2,155,0.21568071842193604,0.2617943286895752,-0.04611361026763916,0.04611361026763916,0.0021264650519157158
154,3,156,0.21431797742843628,0.2521618604660034,-0.03784388303756714,0.03784388303756714,0.0014321594833610618
154,4,157,0.21900784969329834,0.24821794033050537,-0.02921009063720703,0.02921009063720703,0.0008532293950338499
154,5,158,0.22161823511123657,0.25496816635131836,-0.03334993124008179,0.03334993124008179,0.0011122179137181831
155,1,155,0.2621910572052002,0.27196478843688965,-0.009773731231689453,0.009773731231689453,9.552582218930183e-05
155,2,156,0.2545771896839142,0.27592551708221436,-0.02134832739830017,0.02134832739830017,0.00045575108270501374
155,3,157,0.25224927067756653,0.28537070751190186,-0.03312143683433533,0.03312143683433533,0.001097029577970865
155,4,158,0.2589919865131378,0.3042607307434082,-0.045268744230270386,0.045268744230270386,0.0020492592041856383
155,5,159,0.2608056366443634,0.3094402551651001,-0.048634618520736694,0.048634618520736694,0.0023653261186575847
156,1,156,0.2579346001148224,0.27042579650878906,-0.012491196393966675,0.012491196393966675,0.00015602998735264606
156,2,157,0.24952471256256104,0.2627527713775635,-0.013228058815002441,0.013228058815002441,0.0001749815400131638
156,3,158,0.24777156114578247,0.2552260160446167,-0.0074544548988342285,0.0074544548988342285,5.556889783875363e-05
156,4,159,0.25311779975891113,0.25887978076934814,-0.005761981010437012,0.005761981010437012,3.3200425164636727e-05
156,5,160,0.25666582584381104,0.25157225131988525,0.005093574523925781,0.005093574523925781,2.594450143078575e-05
157,1,157,0.26997873187065125,0.2613182067871094,0.00866052508354187,0.00866052508354187,7.500469472265792e-05
157,2,158,0.26282188296318054,0.2690795660018921,-0.006257683038711548,0.006257683038711548,3.915859701297819e-05
157,3,159,0.26011067628860474,0.2740318775177002,-0.013921201229095459,0.013921201229095459,0.00019379984366096892
157,4,160,0.26841384172439575,0.26146602630615234,0.006947815418243408,0.006947815418243408,4.8272139085980825e-05
157,5,161,0.26845604181289673,0.24779152870178223,0.020664513111114502,0.020664513111114502,0.00042702210211942315
158,1,158,0.26460182666778564,0.2352898120880127,0.02931201457977295,0.02931201457977295,0.0008591941987248219
158,2,159,0.2582305669784546,0.25170159339904785,0.006528973579406738,0.006528973579406738,4.2627496000591236e-05
158,3,160,0.25528794527053833,0.2660994529724121,-0.01081150770187378,0.01081150770187378,0.00011688869878767605
158,4,161,0.26474159955978394,0.26803910732269287,-0.0032975077629089355,0.0032975077629089355,1.0873557446444693e-05
158,5,162,0.2633584141731262,0.2669945955276489,-0.003636181354522705,0.003636181354522705,1.3221814842978574e-05
159,1,159,0.26851069927215576,0.24409329891204834,0.024417400360107422,0.024417400360107422,0.0005962094403457741
159,2,160,0.26102781295776367,0.2510734796524048,0.009954333305358887,0.009954333305358887,9.908875155417718e-05
159,3,161,0.25870972871780396,0.2544330358505249,0.004276692867279053,0.004276692867279053,1.8290101881035525e-05
159,4,162,0.26569661498069763,0.2298717498779297,0.035824865102767944,0.035824865102767944,0.0012834209596315205
159,5,163,0.2671840786933899,0.22852778434753418,0.03865629434585571,0.03865629434585571,0.0014943090925534364
160,1,160,0.25344929099082947,0.243477463722229,0.009971827268600464,0.009971827268600464,9.943733907480379e-05
160,2,161,0.24765193462371826,0.24059081077575684,0.007061123847961426,0.007061123847961426,4.985946999624957e-05
160,3,162,0.24494102597236633,0.23565232753753662,0.009288698434829712,0.009288698434829712,8.627991861320794e-05
160,4,163,0.2533515691757202,0.22098886966705322,0.03236269950866699,0.03236269950866699,0.0010473443194882748
160,5,164,0.25246429443359375,0.24097049236297607,0.011493802070617676,0.011493802070617676,0.00013210748603853517
161,1,161,0.2535180449485779,0.25659501552581787,-0.0030769705772399902,0.0030769705772399902,9.467747933200599e-06
161,2,162,0.24706101417541504,0.22533190250396729,0.021729111671447754,0.021729111671447754,0.000472154294030247
161,3,163,0.24497270584106445,0.21949362754821777,0.02547907829284668,0.02547907829284668,0.0006491834306530109
161,4,164,0.25051867961883545,0.21296465396881104,0.037554025650024414,0.037554025650024414,0.0014103048425226916
161,5,165,0.25242891907691956,0.21058356761932373,0.041845351457595825,0.041845351457595825,0.001751033438609717
162,1,162,0.18912601470947266,0.1771458387374878,0.011980175971984863,0.011980175971984863,0.00014352461631972346
162,2,163,0.18500655889511108,0.16081583499908447,0.02419072389602661,0.02419072389602661,0.0005851911226137929
162,3,164,0.18340769410133362,0.16661012172698975,0.016797572374343872,0.016797572374343872,0.00028215843767132043
162,4,165,0.1895865797996521,0.18482208251953125,0.00476449728012085,0.00476449728012085,2.2700434332278974e-05
162,5,166,0.18976444005966187,0.2009267807006836,-0.011162340641021729,0.011162340641021729,0.00012459784858620537
163,1,163,0.033784978091716766,-0.03011941909790039,0.06390439718961716,0.06390439718961716,0.004083771980168349
163,2,164,0.0301249697804451,-0.040168941020965576,0.07029391080141068,0.07029391080141068,0.00494123389575668
163,3,165,0.03102557361125946,-0.057933926582336426,0.08895950019359589,0.08895950019359589,0.007913792674694387
163,4,166,0.03196294978260994,-0.053265929222106934,0.08522887527942657,0.08522887527942657,0.00726396118139605
163,5,167,0.03667290508747101,-0.0583881139755249,0.09506101906299591,0.09506101906299591,0.009036597345295272
164,1,164,-0.08870331197977066,-0.08296900987625122,-0.00573430210351944,0.00573430210351944,3.288222061442747e-05
164,2,165,-0.08713903278112411,-0.08247029781341553,-0.004668734967708588,0.004668734967708588,2.1797086198704907e-05
164,3,166,-0.08647550642490387,-0.06800335645675659,-0.018472149968147278,0.018472149968147278,0.0003412203244457235
164,4,167,-0.08382092416286469,-0.07211863994598389,-0.011702284216880798,0.011702284216880798,0.00013694345589265744
164,5,168,-0.08272823691368103,-0.05309993028640747,-0.02962830662727356,0.02962830662727356,0.0008778365535997423
165,1,165,-0.060025185346603394,-0.0554049015045166,-0.004620283842086792,0.004620283842086792,2.1347022781448288e-05
165,2,166,-0.0628136619925499,-0.06903344392776489,0.006219781935214996,0.006219781935214996,3.8685687321626805e-05
165,3,167,-0.06158234551548958,-0.05001533031463623,-0.011567015200853348,0.011567015200853348,0.0001337958406567724
165,4,168,-0.06044038385152817,-0.03174024820327759,-0.02870013564825058,0.02870013564825058,0.0008236977862279837
165,5,169,-0.05578114092350006,-0.026536643505096436,-0.029244497418403625,0.029244497418403625,0.0008552406292550163
166,1,166,-0.03649139404296875,-0.03304767608642578,-0.0034437179565429688,0.0034437179565429688,1.185919336421648e-05
166,2,167,-0.04045230895280838,-0.024357736110687256,-0.016094572842121124,0.016094572842121124,0.00025903527497034284
166,3,168,-0.039101503789424896,-0.0342104434967041,-0.004891060292720795,0.004891060292720795,2.3922470787030026e-05
166,4,169,-0.03767744451761246,-0.030354976654052734,-0.007322467863559723,0.007322467863559723,5.361853561286489e-05
166,5,170,-0.03274397552013397,-0.007529020309448242,-0.02521495521068573,0.02521495521068573,0.0006357939662768874
167,1,167,-0.028943601995706558,-0.019403696060180664,-0.009539905935525894,0.009539905935525894,9.100980525868219e-05
167,2,168,-0.03263072669506073,-0.014964938163757324,-0.017665788531303406,0.017665788531303406,0.00031208008443273094
167,3,169,-0.03139810636639595,-0.01754438877105713,-0.013853717595338821,0.013853717595338821,0.00019192549121140046
167,4,170,-0.030268482863903046,-0.02618187665939331,-0.004086606204509735,0.004086606204509735,1.6700350270737463e-05
167,5,171,-0.025493167340755463,-0.013525724411010742,-0.01196744292974472,0.01196744292974472,0.0001432196902766969
168,1,168,-0.05072793737053871,-0.036145925521850586,-0.014582011848688126,0.014582011848688126,0.0002126350695552809
168,2,169,-0.05304912477731705,-0.04167658090591431,-0.01137254387140274,0.01137254387140274,0.00012933475410698003
168,3,170,-0.05199055373668671,-0.03303450345993042,-0.018956050276756287,0.018956050276756287,0.0003593318420949121
168,4,171,-0.049699168652296066,-0.0061280131340026855,-0.04357115551829338,0.04357115551829338,0.0018984455931993077
168,5,172,-0.04635880887508392,0.010811090469360352,-0.057169899344444275,0.057169899344444275,0.00326839739105389
169,1,169,0.0280771404504776,0.04197680950164795,-0.013899669051170349,0.013899669051170349,0.00019320079973206283
169,2,170,0.022115513682365417,0.008752822875976562,0.013362690806388855,0.013362690806388855,0.00017856150558714923
169,3,171,0.023514918982982635,0.020316720008850098,0.003198198974132538,0.003198198974132538,1.0228476678142417e-05
169,4,172,0.023934144526720047,-0.012320399284362793,0.03625454381108284,0.03625454381108284,0.001314391946949725
169,5,173,0.030349668115377426,-0.019892752170562744,0.05024242028594017,0.05024242028594017,0.0025243007961890523
170,1,170,0.016856521368026733,0.022821784019470215,-0.0059652626514434814,0.0059652626514434814,3.5584358500706514e-05
170,2,171,0.01639663428068161,0.02137017250061035,-0.0049735382199287415,0.0049735382199287415,2.4736082425091954e-05
170,3,172,0.01640211045742035,0.039396047592163086,-0.022993937134742737,0.022993937134742737,0.000528721144956501
170,4,173,0.02153933420777321,0.03885185718536377,-0.01731252297759056,0.01731252297759056,0.00029972345184960114
170,5,174,0.02114786207675934,0.03649258613586426,-0.01534472405910492,0.01534472405910492,0.00023546055645007335
171,1,171,0.032199472188949585,0.049416422843933105,-0.01721695065498352,0.01721695065498352,0.0002964233898561375
171,2,172,0.029093831777572632,0.04557597637176514,-0.016482144594192505,0.016482144594192505,0.0002716610904238692
171,3,173,0.029762141406536102,0.03303420543670654,-0.0032720640301704407,0.0032720640301704407,1.0706403017535226e-05
171,4,174,0.0326712466776371,0.032314419746398926,0.00035682693123817444,0.00035682693123817444,1.2732545885685287e-07
171,5,175,0.03564661368727684,0.008250951766967773,0.027395661920309067,0.027395661920309067,0.0007505222920518723
172,1,172,0.035931892693042755,0.03788149356842041,-0.001949600875377655,0.001949600875377655,3.8009435732733188e-06
172,2,173,0.03479734808206558,0.03403210639953613,0.0007652416825294495,0.0007652416825294495,5.855948326805027e-07
172,3,174,0.03472525626420975,0.018513083457946777,0.01621217280626297,0.01621217280626297,0.00026283454710013254
172,4,175,0.04016811028122902,0.03867530822753906,0.0014928020536899567,0.0014928020536899567,2.2284579715009523e-06
172,5,176,0.04002375155687332,0.042011260986328125,-0.0019875094294548035,0.0019875094294548035,3.950193732171758e-06
173,1,173,0.044193774461746216,0.034375905990600586,0.00981786847114563,0.00981786847114563,9.639054131671543e-05
173,2,174,0.04102877527475357,0.04895055294036865,-0.007921777665615082,0.007921777665615082,6.275456138343793e-05
173,3,175,0.041664741933345795,0.042581915855407715,-0.0009171739220619202,0.0009171739220619202,8.412080033104452e-07
173,4,176,0.043699976056814194,0.029415607452392578,0.014284368604421616,0.014284368604421616,0.00020404318642698593
173,5,177,0.04720505326986313,0.035294532775878906,0.011910520493984222,0.011910520493984222,0.00014186049843761817
174,1,174,0.08505558967590332,0.06853258609771729,0.016523003578186035,0.016523003578186035,0.0002730096472447485
174,2,175,0.08199027925729752,0.059310078620910645,0.02268020063638687,0.02268020063638687,0.0005143915009067634
174,3,176,0.08185737580060959,0.049703359603881836,0.03215401619672775,0.03215401619672775,0.0010338807575794307
174,4,177,0.08554801344871521,0.04214596748352051,0.0434020459651947,0.0434020459651947,0.0018837375939648737
174,5,178,0.08763551712036133,0.033435940742492676,0.05419957637786865,0.05419957637786865,0.0029375940795404176
175,1,175,0.08573076128959656,0.05128777027130127,0.03444299101829529,0.03444299101829529,0.0011863196302863699
175,2,176,0.08412957936525345,0.1159137487411499,-0.031784169375896454,0.031784169375896454,0.001010233422915674
175,3,177,0.08367704600095749,0.10794425010681152,-0.024267204105854034,0.024267204105854034,0.0005888971951151789
175,4,178,0.08856981992721558,0.10948419570922852,-0.02091437578201294,0.02091437578201294,0.00043741111435124935
175,5,179,0.0887189581990242,0.122275710105896,-0.033556751906871796,0.033556751906871796,0.001126055598539344
176,1,176,0.141877681016922,0.1336808204650879,0.008196860551834106,0.008196860551834106,6.718852290621413e-05
176,2,177,0.1362777054309845,0.14975762367248535,-0.013479918241500854,0.013479918241500854,0.0001817081957975475
176,3,178,0.13603758811950684,0.14096975326538086,-0.0049321651458740234,0.0049321651458740234,2.4326253026174527e-05
176,4,179,0.13889631628990173,0.13538360595703125,0.0035127103328704834,0.0035127103328704834,1.2339133882655062e-05
176,5,180,0.14314481616020203,0.12175929546356201,0.021385520696640015,0.021385520696640015,0.0004573404954664184
177,1,177,0.0883094072341919,0.09318649768829346,-0.0048770904541015625,0.0048770904541015625,2.3786011297488585e-05
177,2,178,0.08561046421527863,0.0659865140914917,0.019623950123786926,0.019623950123786926,0.0003850994184608769
177,3,179,0.08521369844675064,0.05803656578063965,0.027177132666110992,0.027177132666110992,0.0007385965399513972
177,4,180,0.09042015671730042,0.031296730041503906,0.05912342667579651,0.05912342667579651,0.003495579581888286
177,5,181,0.09113190323114395,-0.011605441570281982,0.10273734480142593,0.10273734480142593,0.01055496201684708
178,1,178,-0.031158428639173508,-0.04708462953567505,0.01592620089650154,0.01592620089650154,0.0002536438749957265
178,2,179,-0.027822785079479218,-0.03497523069381714,0.007152445614337921,0.007152445614337921,5.115747826606176e-05
178,3,180,-0.02816447615623474,-0.051586151123046875,0.023421674966812134,0.023421674966812134,0.0005485748582509942
178,4,181,-0.021096598356962204,-0.06052565574645996,0.03942905738949776,0.03942905738949776,0.0015546505666243077
178,5,182,-0.024667255580425262,-0.0683240294456482,0.04365677386522293,0.04365677386522293,0.001905913904319212
179,1,179,-0.09240023046731949,-0.11077314615249634,0.01837291568517685,0.01837291568517685,0.0003375640307746175
179,2,180,-0.09065151959657669,-0.12535768747329712,0.03470616787672043,0.03470616787672043,0.001204518088687101
179,3,181,-0.09002600610256195,-0.12400966882705688,0.033983662724494934,0.033983662724494934,0.0011548893321722264
179,4,182,-0.08679553866386414,-0.10531938076019287,0.018523842096328735,0.018523842096328735,0.00034313272600972056
179,5,183,-0.08599606156349182,-0.1085057258605957,0.022509664297103882,0.022509664297103882,0.0005066849867683132
180,1,180,-0.12376445531845093,-0.13773208856582642,0.013967633247375488,0.013967633247375488,0.00019509477853318913
180,2,181,-0.12390903383493423,-0.13383972644805908,0.009930692613124847,0.009930692613124847,9.861865577637241e-05
180,3,182,-0.12292371690273285,-0.12623435258865356,0.0033106356859207153,0.0033106356859207153,1.0960308644891725e-05
180,4,183,-0.12093394994735718,-0.11329936981201172,-0.007634580135345459,0.007634580135345459,5.828681384301149e-05
180,5,184,-0.11786094307899475,-0.11240088939666748,-0.0054600536823272705,0.0054600536823272705,2.9812186213895586e-05
181,1,181,-0.1582890897989273,-0.16073858737945557,0.0024494975805282593,0.0024494975805282593,6.000038397013796e-06
181,2,182,-0.15931016206741333,-0.1799268126487732,0.020616650581359863,0.020616650581359863,0.000425046281193886
181,3,183,-0.1583501696586609,-0.17947536706924438,0.021125197410583496,0.021125197410583496,0.00044627396563612365
181,4,184,-0.15584726631641388,-0.18088644742965698,0.025039181113243103,0.025039181113243103,0.0006269605908217901
181,5,185,-0.15218645334243774,-0.18997251987457275,0.03778606653213501,0.03778606653213501,0.0014277868239709335
182,1,182,-0.14075085520744324,-0.13346225023269653,-0.007288604974746704,0.007288604974746704,5.31237624779024e-05
182,2,183,-0.13962090015411377,-0.14199382066726685,0.002372920513153076,0.002372920513153076,5.630751761742658e-06
182,3,184,-0.1389276385307312,-0.16948425769805908,0.03055661916732788,0.03055661916732788,0.0009337069749371096
182,4,185,-0.13537202775478363,-0.16113048791885376,0.02575846016407013,0.02575846016407013,0.0006634982700239878
182,5,186,-0.1339026242494583,-0.13749098777770996,0.003588363528251648,0.003588363528251648,1.2876352810886615e-05
183,1,183,-0.16665810346603394,-0.16083413362503052,-0.005823969841003418,0.005823969841003418,3.391862470891738e-05
183,2,184,-0.16681796312332153,-0.18197250366210938,0.015154540538787842,0.015154540538787842,0.0002296600989417641
183,3,185,-0.16600975394248962,-0.18111324310302734,0.01510348916053772,0.01510348916053772,0.0002281153848224804
183,4,186,-0.16425327956676483,-0.20838063955307007,0.04412735998630524,0.04412735998630524,0.0019472238993609725
183,5,187,-0.16076864302158356,-0.2161715030670166,0.055402860045433044,0.055402860045433044,0.003069476901213841
184,1,184,-0.18163442611694336,-0.19104903936386108,0.009414613246917725,0.009414613246917725,8.86349425890387e-05
184,2,185,-0.17805922031402588,-0.1814361810684204,0.0033769607543945312,0.0033769607543945312,1.1403863936720882e-05
184,3,186,-0.17782986164093018,-0.19470536708831787,0.016875505447387695,0.016875505447387695,0.0002847826841048118
184,4,187,-0.17316459119319916,-0.2202412486076355,0.04707665741443634,0.04707665741443634,0.002216211673316204
184,5,188,-0.17321261763572693,-0.19983619451522827,0.026623576879501343,0.026623576879501343,0.0007088148458587185
185,1,185,-0.1938055157661438,-0.20685577392578125,0.013050258159637451,0.013050258159637451,0.00017030923803318387
185,2,186,-0.19162219762802124,-0.22160130739212036,0.02997910976409912,0.02997910976409912,0.0008987470222479033
185,3,187,-0.19122737646102905,-0.2615951895713806,0.07036781311035156,0.07036781311035156,0.004951629121933365
185,4,188,-0.18818838894367218,-0.2807614803314209,0.09257309138774872,0.09257309138774872,0.008569777249084476
185,5,189,-0.18636846542358398,-0.24670135974884033,0.06033289432525635,0.06033289432525635,0.0036400581376625496
186,1,186,-0.23746702075004578,-0.24288195371627808,0.0054149329662323,0.0054149329662323,2.9321499028789333e-05
186,2,187,-0.23332026600837708,-0.2633071541786194,0.02998688817024231,0.02998688817024231,0.0008992134621346182
186,3,188,-0.23349133133888245,-0.2937048673629761,0.06021353602409363,0.06021353602409363,0.003625669920524821
186,4,189,-0.23055297136306763,-0.2827112674713135,0.05215829610824585,0.05215829610824585,0.002720487852915454
186,5,190,-0.22931936383247375,-0.24792814254760742,0.018608778715133667,0.018608778715133667,0.0003462866452688118
187,1,187,-0.2052735537290573,-0.18651586771011353,-0.018757686018943787,0.018757686018943787,0.0003518507847852792
187,2,188,-0.2046256959438324,-0.1620621681213379,-0.04256352782249451,0.04256352782249451,0.001811653900696264
187,3,189,-0.20415589213371277,-0.16876626014709473,-0.03538963198661804,0.03538963198661804,0.0012524260521482589
187,4,190,-0.20287016034126282,-0.1502506136894226,-0.05261954665184021,0.05261954665184021,0.0027688166898451883
187,5,191,-0.19914641976356506,-0.15082484483718872,-0.04832157492637634,0.04832157492637634,0.002334974603365403
188,1,188,-0.19251881539821625,-0.20453429222106934,0.012015476822853088,0.012015476822853088,0.00014437168328051975
188,2,189,-0.1944562792778015,-0.1947779655456543,0.0003216862678527832,0.0003216862678527832,1.0348205492505258e-07
188,3,190,-0.1936483383178711,-0.18809282779693604,-0.005555510520935059,0.005555510520935059,3.0863697148220126e-05
188,4,191,-0.19026687741279602,-0.1620151400566101,-0.028251737356185913,0.028251737356185913,0.0007981606636429106
188,5,192,-0.1861298382282257,-0.16562843322753906,-0.020501405000686646,0.020501405000686646,0.0004203076070021794
189,1,189,-0.1595943123102188,-0.18945223093032837,0.029857918620109558,0.029857918620109558,0.0008914953043250851
189,2,190,-0.162143737077713,-0.19571691751480103,0.03357318043708801,0.03357318043708801,0.0011271584446612692
189,3,191,-0.16098356246948242,-0.1907772421836853,0.02979367971420288,0.02979367971420288,0.0008876633509125043
189,4,192,-0.15833066403865814,-0.20306575298309326,0.04473508894443512,0.04473508894443512,0.0020012281828665213
189,5,193,-0.15398871898651123,-0.22679924964904785,0.07281053066253662,0.07281053066253662,0.0053013733753601855
190,1,190,-0.13007713854312897,-0.13722407817840576,0.007146939635276794,0.007146939635276794,5.10787461502904e-05
190,2,191,-0.1275033950805664,-0.14542651176452637,0.01792311668395996,0.01792311668395996,0.0003212381116668439
190,3,192,-0.12700122594833374,-0.16656577587127686,0.039564549922943115,0.039564549922943115,0.001565353610605058
190,4,193,-0.12203852832317352,-0.16616564989089966,0.044127121567726135,0.044127121567726135,0.001947202857852881
190,5,194,-0.12251490354537964,-0.14982759952545166,0.02731269598007202,0.02731269598007202,0.0007459833616998424
191,1,191,-0.11893372237682343,-0.07818526029586792,-0.040748462080955505,0.040748462080955505,0.0016604371619630687
191,2,192,-0.1185598149895668,-0.09082502126693726,-0.027734793722629547,0.027734793722629547,0.0007692187828368113
191,3,193,-0.11765029281377792,-0.05338907241821289,-0.06426122039556503,0.06426122039556503,0.004129504446727383
191,4,194,-0.11601364612579346,-0.061539292335510254,-0.0544743537902832,0.0544743537902832,0.002967455220868942
191,5,195,-0.11328887939453125,-0.06437116861343384,-0.04891771078109741,0.04891771078109741,0.002392942428063094
192,1,192,-0.05160092934966087,-0.10157275199890137,0.049971822649240494,0.049971822649240494,0.002497183058887145
192,2,193,-0.05473751574754715,-0.10943847894668579,0.05470096319913864,0.05470096319913864,0.00299219537491352
192,3,194,-0.05358228459954262,-0.1610875129699707,0.10750523209571838,0.10750523209571838,0.011557374927954278
192,4,195,-0.05068312957882881,-0.15607577562332153,0.10539264976978302,0.10539264976978302,0.011107610625496145
192,5,196,-0.04698507487773895,-0.11563354730606079,0.06864847242832184,0.06864847242832184,0.004712612766742064
193,1,193,-0.14925944805145264,-0.15954184532165527,0.010282397270202637,0.010282397270202637,0.00010572769362227064
193,2,194,-0.14830118417739868,-0.15024089813232422,0.0019397139549255371,0.0019397139549255371,3.7624902269328686e-06
193,3,195,-0.1475256383419037,-0.17194312810897827,0.024417489767074585,0.024417489767074585,0.0005962138065251921
193,4,196,-0.14684002101421356,-0.15037566423416138,0.003535643219947815,0.003535643219947815,1.2500772978762953e-05
193,5,197,-0.14387403428554535,-0.2004527449607849,0.05657871067523956,0.05657871067523956,0.0032011505016724673
194,1,194,-0.16659554839134216,-0.21542978286743164,0.04883423447608948,0.04883423447608948,0.002384782456865686
194,2,195,-0.16326099634170532,-0.23790663480758667,0.07464563846588135,0.07464563846588135,0.005571971341979065
194,3,196,-0.16290131211280823,-0.24969357252120972,0.08679226040840149,0.08679226040840149,0.007532896466799777
194,4,197,-0.15736845135688782,-0.2604522705078125,0.10308381915092468,0.10308381915092468,0.010626273770740546
194,5,198,-0.15784186124801636,-0.2605893611907959,0.10274749994277954,0.10274749994277954,0.010557048744491482
195,1,195,-0.2511688768863678,-0.22678780555725098,-0.02438107132911682,0.02438107132911682,0.0005944366391554823
195,2,196,-0.24496561288833618,-0.22959309816360474,-0.015372514724731445,0.015372514724731445,0.0002363142089620851
195,3,197,-0.24531275033950806,-0.20701450109481812,-0.03829824924468994,0.03829824924468994,0.0014667558952083937
195,4,198,-0.24133828282356262,-0.25169259309768677,0.010354310274124146,0.010354310274124146,0.00010721174125283284
195,5,199,-0.2414807379245758,-0.271739661693573,0.030258923768997192,0.030258923768997192,0.0009156024676579833
196,1,196,-0.20489764213562012,-0.21085917949676514,0.0059615373611450195,0.0059615373611450195,3.553992770832792e-05
196,2,197,-0.20048922300338745,-0.20625585317611694,0.005766630172729492,0.005766630172729492,3.325402354903417e-05
196,3,198,-0.2004804015159607,-0.21604704856872559,0.015566647052764893,0.015566647052764893,0.00024232050046535392
196,4,199,-0.1944466382265091,-0.2093980312347412,0.014951393008232117,0.014951393008232117,0.00022354415288661222
196,5,200,-0.19512292742729187,-0.17476338148117065,-0.020359545946121216,0.020359545946121216,0.00041451111113222083
197,1,197,-0.16000451147556305,-0.13223350048065186,-0.027771010994911194,0.027771010994911194,0.0007712290516794784
197,2,198,-0.16185155510902405,-0.11083674430847168,-0.05101481080055237,0.05101481080055237,0.0026025109210161546
197,3,199,-0.1607939600944519,-0.11210858821868896,-0.04868537187576294,0.04868537187576294,0.002370265434681329
197,4,200,-0.16005735099315643,-0.07672148942947388,-0.08333586156368256,0.08333586156368256,0.006944865822561264
197,5,201,-0.15503916144371033,-0.0928838849067688,-0.06215527653694153,0.06215527653694153,0.003863278401383674
198,1,198,-0.030695084482431412,-0.043657124042510986,0.012962039560079575,0.012962039560079575,0.0001680144695570679
198,2,199,-0.03564287722110748,-0.032202959060668945,-0.0034399181604385376,0.0034399181604385376,1.1833036950514852e-05
198,3,200,-0.03426375240087509,-0.02639639377593994,-0.00786735862493515,0.00786735862493515,6.18953317333415e-05
198,4,201,-0.031484100967645645,-0.05662262439727783,0.025138523429632187,0.025138523429632187,0.0006319453602221664
198,5,202,-0.026822909712791443,-0.08740562200546265,0.060582712292671204,0.060582712292671204,0.0036702650287365746
199,1,199,-0.08270730823278427,-0.13104450702667236,0.04833719879388809,0.04833719879388809,0.0023364847872398564
199,2,200,-0.08086509257555008,-0.12884151935577393,0.047976426780223846,0.047976426780223846,0.00230173752659818
199,3,201,-0.080507293343544,-0.10744011402130127,0.026932820677757263,0.026932820677757263,0.0007253768296602292
199,4,202,-0.07441598176956177,-0.15716660022735596,0.08275061845779419,0.08275061845779419,0.006847664855147428
199,5,203,-0.07581642270088196,-0.1554357409477234,0.07961931824684143,0.07961931824684143,0.006339235838091817
200,1,200,-0.17630109190940857,-0.175126850605011,-0.001174241304397583,0.001174241304397583,1.3788426409533372e-06
200,2,201,-0.17215925455093384,-0.20366501808166504,0.0315057635307312,0.0315057635307312,0.0009926131356543522
200,3,202,-0.17181998491287231,-0.18028795719146729,0.00846797227859497,0.00846797227859497,7.17065545110529e-05
200,4,203,-0.16773398220539093,-0.14302146434783936,-0.024712517857551575,0.024712517857551575,0.0006107085388598055
200,5,204,-0.16796782612800598,-0.1613132357597351,-0.006654590368270874,0.006654590368270874,4.428357296948349e-05
201,1,201,-0.16760851442813873,-0.23428475856781006,0.06667624413967133,0.06667624413967133,0.004445721532573055
201,2,202,-0.16853100061416626,-0.23078316450119019,0.062252163887023926,0.062252163887023926,0.003875331908616886
201,3,203,-0.16751033067703247,-0.23860573768615723,0.07109540700912476,0.07109540700912476,0.0050545568977931055
201,4,204,-0.16496624052524567,-0.246204674243927,0.08123843371868134,0.08123843371868134,0.0065996831130645806
201,5,205,-0.16124579310417175,-0.22281163930892944,0.06156584620475769,0.06156584620475769,0.003790353418907877
202,1,202,-0.1914127916097641,-0.19239270687103271,0.0009799152612686157,0.0009799152612686157,9.602339192671394e-07
202,2,203,-0.18984240293502808,-0.16217434406280518,-0.0276680588722229,0.0276680588722229,0.0007655214817567924
202,3,204,-0.18933509290218353,-0.16372406482696533,-0.0256110280752182,0.0256110280752182,0.0006559247590696149
202,4,205,-0.1873139888048172,-0.18557417392730713,-0.0017398148775100708,0.0017398148775100708,3.0269558080053827e-06
202,5,206,-0.18468797206878662,-0.19603443145751953,0.01134645938873291,0.01134645938873291,0.0001287421406601652
203,1,203,-0.20791876316070557,-0.21047192811965942,0.0025531649589538574,0.0025531649589538574,6.5186513076298525e-06
203,2,204,-0.205746591091156,-0.22466856241226196,0.018921971321105957,0.018921971321105957,0.0003580409986767563
203,3,205,-0.2054803967475891,-0.2135518193244934,0.008071422576904297,0.008071422576904297,6.51478624149604e-05
203,4,206,-0.20049574971199036,-0.21926039457321167,0.018764644861221313,0.018764644861221313,0.00035211189676775945
203,5,207,-0.1993391215801239,-0.17982518672943115,-0.01951393485069275,0.01951393485069275,0.00038079365335708104
204,1,204,-0.15778939425945282,-0.13701653480529785,-0.020772859454154968,0.020772859454154968,0.00043151168990207545
204,2,205,-0.16003578901290894,-0.1330554485321045,-0.026980340480804443,0.026980340480804443,0.0007279387724601349
204,3,206,-0.15893155336380005,-0.15247267484664917,-0.006458878517150879,0.006458878517150879,4.1717111699313136e-05
204,4,207,-0.15814334154129028,-0.1512300968170166,-0.006913244724273682,0.006913244724273682,4.779295261769789e-05
204,5,208,-0.1530068814754486,-0.18291908502578735,0.029912203550338745,0.029912203550338745,0.0008947399212368978
205,1,205,-0.13854756951332092,-0.13290095329284668,-0.005646616220474243,0.005646616220474243,3.188427474132283e-05
205,2,206,-0.13676029443740845,-0.09777015447616577,-0.038990139961242676,0.038990139961242676,0.001520231014197293
205,3,207,-0.13626807928085327,-0.0761449933052063,-0.06012308597564697,0.06012308597564697,0.0036147854672350377
205,4,208,-0.1308448761701584,-0.08112913370132446,-0.04971574246883392,0.04971574246883392,0.002471655049227417
205,5,209,-0.13088157773017883,-0.10146826505661011,-0.029413312673568726,0.029413312673568726,0.0008651429624331186
206,1,206,-0.011512547731399536,0.0006388425827026367,-0.012151390314102173,0.012151390314102173,0.0001476562865656561
206,2,207,-0.01427345722913742,0.0023900270462036133,-0.016663484275341034,0.016663484275341034,0.0002776717081945379
206,3,208,-0.013432539999485016,-0.002951204776763916,-0.0104813352227211,0.0104813352227211,0.00010985838805105397
206,4,209,-0.009034484624862671,-0.0018128156661987305,-0.00722166895866394,0.00722166895866394,5.215250254853032e-05
206,5,210,-0.006936036050319672,-0.03587371110916138,0.028937675058841705,0.028937675058841705,0.0008373890378111093
207,1,207,-0.010753080248832703,0.0036307573318481445,-0.014383837580680847,0.014383837580680847,0.00020689478354740665
207,2,208,-0.01111188530921936,0.012146711349487305,-0.023258596658706665,0.023258596658706665,0.0005409623185324008
207,3,209,-0.010822884738445282,0.02962183952331543,-0.04044472426176071,0.04044472426176071,0.0016357757206098555
207,4,210,-0.00519118458032608,0.031839609146118164,-0.037030793726444244,0.037030793726444244,0.0013712796840104624
207,5,211,-0.005602344870567322,0.04727470874786377,-0.05287705361843109,0.05287705361843109,0.0027959827993664366
208,1,208,0.0954103171825409,0.08638858795166016,0.009021729230880737,0.009021729230880737,8.139159831532794e-05
208,2,209,0.08976584672927856,0.0768280029296875,0.012937843799591064,0.012937843799591064,0.00016738780218261695
208,3,210,0.09029894322156906,0.05037379264831543,0.03992515057325363,0.03992515057325363,0.0015940176482969748
208,4,211,0.09210093319416046,0.024197816848754883,0.06790311634540558,0.06790311634540558,0.004610833209417686
208,5,212,0.097209632396698,0.027353763580322266,0.06985586881637573,0.06985586881637573,0.0048798424080906955
209,1,209,-0.03889726102352142,-0.03710657358169556,-0.0017906874418258667,0.0017906874418258667,3.2065615143128667e-06
209,2,210,-0.037978582084178925,-0.02146279811859131,-0.016515783965587616,0.016515783965587616,0.000272771119997961
209,3,211,-0.0376451313495636,-0.06415843963623047,0.02651330828666687,0.02651330828666687,0.0007029555163038381
209,4,212,-0.03388125076889992,-0.06761550903320312,0.03373425826430321,0.03373425826430321,0.0011380001806427092
209,5,213,-0.033721379935741425,-0.06778824329376221,0.03406686335802078,0.03406686335802078,0.001160551179054059
210,1,210,-0.09752760082483292,-0.11461377143859863,0.017086170613765717,0.017086170613765717,0.0002919372262427111
210,2,211,-0.09623751789331436,-0.11428099870681763,0.018043480813503265,0.018043480813503265,0.00032556719986726046
210,3,212,-0.09559470415115356,-0.11799287796020508,0.022398173809051514,0.022398173809051514,0.0005016781899804812
210,4,213,-0.09252558648586273,-0.12291419506072998,0.03038860857486725,0.03038860857486725,0.0009234675311164953
210,5,214,-0.09138937294483185,-0.09513771533966064,0.0037483423948287964,0.0037483423948287964,1.4050070708870877e-05
211,1,211,-0.01891261339187622,-0.012655556201934814,-0.006257057189941406,0.006257057189941406,3.915076467819745e-05
211,2,212,-0.0214446559548378,0.007685303688049316,-0.029129959642887115,0.029129959642887115,0.000848554548796232
211,3,213,-0.020384233444929123,0.020488977432250977,-0.0408732108771801,0.0408732108771801,0.0016706193674104336
211,4,214,-0.019955772906541824,-0.03998845815658569,0.02003268525004387,0.02003268525004387,0.0004013084783273252
211,5,215,-0.01537495106458664,-0.02836519479751587,0.01299024373292923,0.01299024373292923,0.00016874643224090713
212,1,212,-0.009036004543304443,-0.026471853256225586,0.017435848712921143,0.017435848712921143,0.00030400882033987386
212,2,213,-0.009640030562877655,-0.039206087589263916,0.02956605702638626,0.02956605702638626,0.0008741517280875244
212,3,214,-0.009444382041692734,-0.010692477226257324,0.0012480951845645905,0.0012480951845645905,1.5577415897333191e-06
212,4,215,-0.005183901637792587,-0.05489349365234375,0.04970959201455116,0.04970959201455116,0.0024710435382531287
212,5,216,-0.004414252936840057,-0.07916229963302612,0.07474804669618607,0.07474804669618607,0.005587270484895213
213,1,213,-0.014705181121826172,-0.038401782512664795,0.023696601390838623,0.023696601390838623,0.000561528917476295
213,2,214,-0.012856610119342804,-0.05333048105239868,0.04047387093305588,0.04047387093305588,0.0016381342283056655
213,3,215,-0.012990660965442657,-0.06269776821136475,0.04970710724592209,0.04970710724592209,0.0024707965107576
213,4,216,-0.0067603699862957,-0.06045377254486084,0.05369340255856514,0.05369340255856514,0.0028829814783161295
213,5,217,-0.008902303874492645,-0.03693801164627075,0.028035707771778107,0.028035707771778107,0.0007860009102645393
214,1,214,-0.05289705842733383,-0.08276087045669556,0.029863812029361725,0.029863812029361725,0.0008918472689250501
214,2,215,-0.0538024827837944,-0.20024210214614868,0.14643961191177368,0.14643961191177368,0.02144455993687089
214,3,216,-0.05276011303067207,-0.17830461263656616,0.1255445033311844,0.1255445033311844,0.015761422316673768
214,4,217,-0.05221893638372421,-0.14713037014007568,0.09491143375635147,0.09491143375635147,0.009008180257686293
214,5,218,-0.04855427145957947,-0.12346106767654419,0.07490679621696472,0.07490679621696472,0.00561102811948988
215,1,215,-0.13467732071876526,-0.13967269659042358,0.004995375871658325,0.004995375871658325,2.4953780099146172e-05
215,2,216,-0.13463056087493896,-0.1683916449546814,0.03376108407974243,0.03376108407974243,0.0011398107982394379
215,3,217,-0.13355538249015808,-0.17287588119506836,0.03932049870491028,0.03932049870491028,0.0015461016184028509
215,4,218,-0.1339978277683258,-0.16047245264053345,0.02647462487220764,0.02647462487220764,0.0007009057621241155
215,5,219,-0.12984251976013184,-0.1555110216140747,0.02566850185394287,0.02566850185394287,0.0006588719874258686
216,1,216,-0.1959134340286255,-0.19163662195205688,-0.0042768120765686035,0.0042768120765686035,1.829112153828305e-05
216,2,217,-0.19481992721557617,-0.20977884531021118,0.01495891809463501,0.01495891809463501,0.0002237692305619987
216,3,218,-0.19432726502418518,-0.18793606758117676,-0.006391197443008423,0.006391197443008423,4.08474047555174e-05
216,4,219,-0.1916147619485855,-0.19055354595184326,-0.0010612159967422485,0.0010612159967422485,1.126179391741644e-06
216,5,220,-0.18883708119392395,-0.2005724310874939,0.011735349893569946,0.011735349893569946,0.00013771843712451215
217,1,217,-0.16676218807697296,-0.19266259670257568,0.025900408625602722,0.025900408625602722,0.0006708311669731959
217,2,218,-0.16631388664245605,-0.17713528871536255,0.010821402072906494,0.010821402072906494,0.00011710274282350497
217,3,219,-0.16558977961540222,-0.1816912293434143,0.016101449728012085,0.016101449728012085,0.00025925668334370044
217,4,220,-0.16194429993629456,-0.1471959948539734,-0.014748305082321167,0.014748305082321167,0.00021751250280122036
217,5,221,-0.15966442227363586,-0.1409662961959839,-0.018698126077651978,0.018698126077651978,0.0003496199188157689
218,1,218,-0.18622776865959167,-0.20545965433120728,0.0192318856716156,0.0192318856716156,0.00036986542648609344
218,2,219,-0.18825939297676086,-0.17658811807632446,-0.011671274900436401,0.011671274900436401,0.00013621865780155673
218,3,220,-0.18730174005031586,-0.18667995929718018,-0.0006217807531356812,0.0006217807531356812,3.8661130496997487e-07
218,4,221,-0.18524359166622162,-0.17711466550827026,-0.008128926157951355,0.008128926157951355,6.607944048142578e-05
218,5,222,-0.1805342733860016,-0.20756584405899048,0.02703157067298889,0.02703157067298889,0.0007307058130487931
219,1,219,-0.18341346085071564,-0.19869482517242432,0.01528136432170868,0.01528136432170868,0.00023352009553279096
219,2,220,-0.18205738067626953,-0.1509178876876831,-0.031139492988586426,0.031139492988586426,0.0009696680235862232
219,3,221,-0.1815240979194641,-0.1717483401298523,-0.009775757789611816,0.009775757789611816,9.55654403611561e-05
219,4,222,-0.17644765973091125,-0.16900044679641724,-0.0074472129344940186,0.0074472129344940186,5.546098049169501e-05
219,5,223,-0.175329327583313,-0.1836261749267578,0.008296847343444824,0.008296847343444824,6.883767584042744e-05
220,1,220,-0.1986672282218933,-0.14750725030899048,-0.05115997791290283,0.05115997791290283,0.0026173433400487056
220,2,221,-0.1974288523197174,-0.09095412492752075,-0.10647472739219666,0.10647472739219666,0.011336867573242593
220,3,222,-0.1969318985939026,-0.10552084445953369,-0.0914110541343689,0.0914110541343689,0.008355980817956521
220,4,223,-0.19244039058685303,-0.08564150333404541,-0.10679888725280762,0.10679888725280762,0.011406002318437913
220,5,224,-0.1907348930835724,-0.0983230471611023,-0.09241184592247009,0.09241184592247009,0.008539949266798352
221,1,221,-0.045253366231918335,-0.05158752202987671,0.006334155797958374,0.006334155797958374,4.0121529672809686e-05
221,2,222,-0.050208933651447296,-0.05104726552963257,0.0008383318781852722,0.0008383318781852722,7.028003379816461e-07
221,3,223,-0.048802848905324936,-0.06535983085632324,0.016556981950998306,0.016556981950998306,0.0002741336513256837
221,4,224,-0.04538581147789955,-0.04609650373458862,0.0007106922566890717,0.0007106922566890717,5.050834837178053e-07
221,5,225,-0.0411047637462616,-0.03997534513473511,-0.0011294186115264893,0.0011294186115264893,1.2755864000624229e-06
222,1,222,0.006262041628360748,-0.0017438530921936035,0.008005894720554352,0.008005894720554352,6.409435027660004e-05
222,2,223,0.0025893673300743103,-0.01116490364074707,0.01375427097082138,0.01375427097082138,0.00018917996993877972
222,3,224,0.00368654727935791,0.0009882450103759766,0.0026983022689819336,0.0026983022689819336,7.280835134793051e-06
222,4,225,0.00556207075715065,0.03339672088623047,-0.02783465012907982,0.02783465012907982,0.0007747677478082832
222,5,226,0.009440675377845764,0.04677462577819824,-0.03733395040035248,0.03733395040035248,0.001393823852495979
223,1,223,0.02085481584072113,0.03508114814758301,-0.014226332306861877,0.014226332306861877,0.000202388530905262
223,2,224,0.015340037643909454,0.011280059814453125,0.004059977829456329,0.004059977829456329,1.6483419975676927e-05
223,3,225,0.016776852309703827,-0.004310905933380127,0.021087758243083954,0.021087758243083954,0.00044469354771875524
223,4,226,0.017236892133951187,-0.0006208419799804688,0.017857734113931656,0.017857734113931656,0.0003188986676838784
223,5,227,0.02332676202058792,0.027331829071044922,-0.004005067050457001,0.004005067050457001,1.604056207865634e-05
224,1,224,0.055299729108810425,0.04033982753753662,0.014959901571273804,0.014959901571273804,0.00022379865502220042
224,2,225,0.051140956580638885,0.06553530693054199,-0.014394350349903107,0.014394350349903107,0.0002071973219957557
224,3,226,0.05183493345975876,0.07295143604278564,-0.021116502583026886,0.021116502583026886,0.00044590668133898115
224,4,227,0.05288052186369896,0.05964052677154541,-0.006760004907846451,0.006760004907846451,4.56976663541081e-05
224,5,228,0.05746513605117798,0.03168761730194092,0.02577751874923706,0.02577751874923706,0.0006644804728672682
225,1,225,0.11457599699497223,0.07838869094848633,0.0361873060464859,0.0361873060464859,0.001309521118902035
225,2,226,0.11175242066383362,0.04887187480926514,0.06288054585456848,0.06288054585456848,0.0039539630469684894
225,3,227,0.11078038066625595,0.05050027370452881,0.06028010696172714,0.06028010696172714,0.003633691295317265
225,4,228,0.11826670169830322,0.17844128608703613,-0.06017458438873291,0.06017458438873291,0.0036209806063567385
225,5,229,0.1171722561120987,0.18790698051452637,-0.07073472440242767,0.07073472440242767,0.005003401236287397
226,1,226,0.22457531094551086,0.22319114208221436,0.0013841688632965088,0.0013841688632965088,1.9159234421195492e-06
226,2,227,0.21352672576904297,0.23697495460510254,-0.02344822883605957,0.02344822883605957,0.0005498194355482156
226,3,228,0.21435564756393433,0.20982789993286133,0.004527747631072998,0.004527747631072998,2.0500498610687146e-05
226,4,229,0.2125871479511261,0.2347654104232788,-0.02217826247215271,0.02217826247215271,0.0004918753262836972
226,5,230,0.2234157919883728,0.2311878204345703,-0.00777202844619751,0.00777202844619751,6.040442616850328e-05
227,1,227,0.30480504035949707,0.3209991455078125,-0.01619410514831543,0.01619410514831543,0.0002622490415546963
227,2,228,0.2956640124320984,0.3483647108078003,-0.052700698375701904,0.052700698375701904,0.0027773636092867093
227,3,229,0.2927137017250061,0.34180140495300293,-0.049087703227996826,0.049087703227996826,0.00240960260819989
227,4,230,0.30071115493774414,0.38529694080352783,-0.08458578586578369,0.08458578586578369,0.007154755170532212
227,5,231,0.3021666407585144,0.38885676860809326,-0.08669012784957886,0.08669012784957886,0.007515178266576328
228,1,228,0.3990769386291504,0.40940427780151367,-0.010327339172363281,0.010327339172363281,0.0001066539343810291
228,2,229,0.38582080602645874,0.43292415142059326,-0.04710334539413452,0.04710334539413452,0.002218725147319134
228,3,230,0.38193243741989136,0.43236422538757324,-0.050431787967681885,0.050431787967681885,0.0025433652376172233
228,4,231,0.3903789520263672,0.44311630725860596,-0.05273735523223877,0.05273735523223877,0.002781228636891342
228,5,232,0.3937915563583374,0.435164213180542,-0.04137265682220459,0.04137265682220459,0.001711696732527912
229,1,229,0.4814671576023102,0.46053266525268555,0.020934492349624634,0.020934492349624634,0.0004382529699364923
229,2,230,0.465955913066864,0.4385836124420166,0.027372300624847412,0.027372300624847412,0.000749242841497022
229,3,231,0.4595695734024048,0.46272754669189453,-0.003157973289489746,0.003157973289489746,9.972795297130688e-06
229,4,232,0.4745714068412781,0.482019305229187,-0.0074478983879089355,0.0074478983879089355,5.547119039661652e-05
229,5,233,0.47259119153022766,0.4651535749435425,0.007437616586685181,0.007437616586685181,5.531814049053452e-05
230,1,230,0.4083106219768524,0.4050060510635376,0.0033045709133148193,0.0033045709133148193,1.092018892112634e-05
230,2,231,0.3963533639907837,0.4128720760345459,-0.016518712043762207,0.016518712043762207,0.0002728678475847346
230,3,232,0.3914749026298523,0.4128720760345459,-0.021397173404693604,0.021397173404693604,0.00045783902971052726
230,4,233,0.4041357636451721,0.4000207185745239,0.004115045070648193,0.004115045070648193,1.6933595933465995e-05
230,5,234,0.4025014638900757,0.4106560945510864,-0.008154630661010742,0.008154630661010742,6.64980012174965e-05
231,1,231,0.4123702943325043,0.4369189739227295,-0.02454867959022522,0.02454867959022522,0.0006026376696235403
231,2,232,0.4005652666091919,0.4320368766784668,-0.0314716100692749,0.0314716100692749,0.0009904622403524854
231,3,233,0.39564210176467896,0.4159477949142456,-0.02030569314956665,0.02030569314956665,0.000412321174284358
231,4,234,0.40702903270721436,0.3950875997543335,0.01194143295288086,0.01194143295288086,0.00014259782096814888
231,5,235,0.4063628017902374,0.3906491994857788,0.015713602304458618,0.015713602304458618,0.0002469172973826872
232,1,232,0.26721256971359253,0.23919284343719482,0.028019726276397705,0.028019726276397705,0.000785105060604252
232,2,233,0.26107117533683777,0.2318328619003296,0.02923831343650818,0.02923831343650818,0.0008548789726114947
232,3,234,0.25800713896751404,0.23233699798583984,0.025670140981674194,0.025670140981674194,0.000658956138019029
232,4,235,0.26718422770500183,0.2617769241333008,0.00540730357170105,0.00540730357170105,2.923893191653093e-05
232,5,236,0.2657763957977295,0.27236294746398926,-0.006586551666259766,0.006586551666259766,4.3382662852309295e-05
233,1,233,0.20121535658836365,0.2136608362197876,-0.01244547963142395,0.01244547963142395,0.00015488996325618842
233,2,234,0.1947312355041504,0.18414747714996338,0.010583758354187012,0.010583758354187012,0.00011201594089982336
233,3,235,0.19399625062942505,0.18852686882019043,0.005469381809234619,0.005469381809234619,2.9914137375186556e-05
233,4,236,0.19706302881240845,0.15292060375213623,0.04414242506027222,0.04414242506027222,0.0019485536902017486
233,5,237,0.20130568742752075,0.1414961814880371,0.05980950593948364,0.05980950593948364,0.003577177000725129
234,1,234,0.1411525309085846,0.13560020923614502,0.005552321672439575,0.005552321672439575,3.08282759542422e-05
234,2,235,0.13906791806221008,0.1174246072769165,0.02164331078529358,0.02164331078529358,0.00046843290174880536
234,3,236,0.1374872624874115,0.1220632791519165,0.015423983335494995,0.015423983335494995,0.00023789926193362732
234,4,237,0.14494258165359497,0.12452435493469238,0.020418226718902588,0.020418226718902588,0.00041690398234450754
234,5,238,0.14307284355163574,0.1225365400314331,0.020536303520202637,0.020536303520202637,0.0004217397622738872
235,1,235,0.06008751690387726,0.06577563285827637,-0.005688115954399109,0.005688115954399109,3.2354663110689685e-05
235,2,236,0.05781513452529907,0.08097028732299805,-0.023155152797698975,0.023155152797698975,0.0005361611010847867
235,3,237,0.058034054934978485,0.07408785820007324,-0.016053803265094757,0.016053803265094757,0.0002577245992743671
235,4,238,0.06113232299685478,0.06890368461608887,-0.007771361619234085,0.007771361619234085,6.039406141690462e-05
235,5,239,0.06327126920223236,0.07131707668304443,-0.008045807480812073,0.008045807480812073,6.473501801829151e-05
236,1,236,0.10138201713562012,0.08029699325561523,0.021085023880004883,0.021085023880004883,0.00044457823202037616
236,2,237,0.0976986289024353,0.07681405544281006,0.020884573459625244,0.020884573459625244,0.00043616540859048314
236,3,238,0.09745415300130844,0.07104003429412842,0.026414118707180023,0.026414118707180023,0.0006977056670769977
236,4,239,0.10127650201320648,0.09065365791320801,0.010622844099998474,0.010622844099998474,0.00011284481677287239
236,5,240,0.10366968810558319,0.08304643630981445,0.020623251795768738,0.020623251795768738,0.00042531851463167847
237,1,237,0.1224413812160492,0.1419917345046997,-0.019550353288650513,0.019550353288650513,0.0003822163137110479
237,2,238,0.11844862997531891,0.13953077793121338,-0.02108214795589447,0.02108214795589447,0.0004444569624342254
237,3,239,0.1181553527712822,0.14719772338867188,-0.02904237061738968,0.02904237061738968,0.0008434592910778194
237,4,240,0.12206368148326874,0.18893969058990479,-0.06687600910663605,0.06687600910663605,0.0044724005940308675
237,5,241,0.12437370419502258,0.13110673427581787,-0.006733030080795288,0.006733030080795288,4.5333694068894204e-05
238,1,238,0.04535643756389618,0.043569326400756836,0.0017871111631393433,0.0017871111631393433,3.1937663094172564e-06
238,2,239,0.04262251406908035,0.04132640361785889,0.001296110451221466,0.001296110451221466,1.6799023017655124e-06
238,3,240,0.042800985276699066,0.016308903694152832,0.026492081582546234,0.026492081582546234,0.0007018303865762854
238,4,241,0.04876931384205818,0.016826629638671875,0.03194268420338631,0.03194268420338631,0.001020335074117265
238,5,242,0.04934455826878548,0.0394284725189209,0.009916085749864578,0.009916085749864578,9.832875659866736e-05
239,1,239,0.01557537168264389,0.014252185821533203,0.0013231858611106873,0.0013231858611106873,1.750820823043231e-06
239,2,240,0.013119310140609741,0.03570270538330078,-0.02258339524269104,0.02258339524269104,0.0005100097406876003
239,3,241,0.013868071138858795,0.027510881423950195,-0.0136428102850914,0.0136428102850914,0.0001861262724749957
239,4,242,0.015197325497865677,0.044569969177246094,-0.029372643679380417,0.029372643679380417,0.0008627521967158464
239,5,243,0.018777668476104736,0.02100825309753418,-0.0022305846214294434,0.0022305846214294434,4.975507753357533e-06
240,1,240,-0.027386166155338287,-0.041935861110687256,0.014549694955348969,0.014549694955348969,0.00021169362329370722
240,2,241,-0.029186099767684937,-0.028467893600463867,-0.0007182061672210693,0.0007182061672210693,5.158200986343786e-07
240,3,242,-0.028388172388076782,-0.01739048957824707,-0.010997682809829712,0.010997682809829712,0.00012094902718562395
240,4,243,-0.024582426995038986,-0.014521539211273193,-0.010060887783765793,0.010060887783765793,0.00010122146299752777
240,5,244,-0.022561803460121155,0.007553219795227051,-0.030115023255348206,0.030115023255348206,0.0009069146256701632
241,1,241,0.0008369162678718567,-0.0009560585021972656,0.0017929747700691223,0.0017929747700691223,3.214758526104422e-06
241,2,242,-0.003486849367618561,0.0009475946426391602,-0.004434444010257721,0.004434444010257721,1.966429368011058e-05
241,3,243,-0.0022336170077323914,0.00110626220703125,-0.0033398792147636414,0.0033398792147636414,1.1154793169210198e-05
241,4,244,-0.001474086195230484,-0.0031769871711730957,0.0017029009759426117,0.0017029009759426117,2.8998717338662994e-06
241,5,245,0.0038643628358840942,-0.012854278087615967,0.01671864092350006,0.01671864092350006,0.000279512954328931
242,1,242,-0.00929214060306549,-0.007349550724029541,-0.0019425898790359497,0.0019425898790359497,3.7736554381329057e-06
242,2,243,-0.010933645069599152,0.00498652458190918,-0.01592016965150833,0.01592016965150833,0.0002534518017328069
242,3,244,-0.010332375764846802,-0.014229178428649902,0.0038968026638031006,0.0038968026638031006,1.518507100062294e-05
242,4,245,-0.006543073803186417,-0.020713508129119873,0.014170434325933456,0.014170434325933456,0.00020080120898559317
242,5,246,-0.004874132573604584,-0.006005227565765381,0.0011310949921607971,0.0011310949921607971,1.2793758812912337e-06
243,1,243,-0.025926120579242706,-0.018676936626434326,-0.00724918395280838,0.00724918395280838,5.255066798165453e-05
243,2,244,-0.027755990624427795,-0.0093841552734375,-0.018371835350990295,0.018371835350990295,0.0003375243341638967
243,3,245,-0.026885278522968292,-0.014495134353637695,-0.012390144169330597,0.012390144169330597,0.000153515672536797
243,4,246,-0.02483973279595375,-0.018522024154663086,-0.006317708641290665,0.006317708641290665,3.9913442476238736e-05
243,5,247,-0.021808229386806488,-0.04229629039764404,0.020488061010837555,0.020488061010837555,0.000419760643983802
244,1,244,0.018927715718746185,0.032877326011657715,-0.01394961029291153,0.01394961029291153,0.0001945916273241033
244,2,245,0.01782185584306717,0.03524339199066162,-0.017421536147594452,0.017421536147594452,0.00030350992174194014
244,3,246,0.01794249564409256,0.020720243453979492,-0.0027777478098869324,0.0027777478098869324,7.71588289533165e-06
244,4,247,0.02322675660252571,0.00774693489074707,0.01547982171177864,0.01547982171177864,0.0002396248802284534
244,5,248,0.02337150275707245,-0.0027785301208496094,0.026150032877922058,0.026150032877922058,0.0006838242195164046
245,1,245,-0.03132966160774231,-0.05433976650238037,0.02301010489463806,0.02301010489463806,0.0005294649272622465
245,2,246,-0.031232647597789764,-0.05732923746109009,0.026096589863300323,0.026096589863300323,0.0006810320024933092
245,3,247,-0.03078886866569519,-0.08368265628814697,0.05289378762245178,0.05289378762245178,0.0027977527690490334
245,4,248,-0.02671869471669197,-0.07974928617477417,0.0530305914580822,0.0530305914580822,0.0028122436303940207
245,5,249,-0.026134759187698364,-0.06488120555877686,0.03874644637107849,0.03874644637107849,0.0015012871063868616
246,1,246,-0.007013693451881409,-0.04061996936798096,0.03360627591609955,0.03360627591609955,0.0011293817809490125
246,2,247,-0.0081230029463768,-0.07890820503234863,0.07078520208597183,0.07078520208597183,0.005010544834351871
246,3,248,-0.007394216954708099,-0.09061205387115479,0.08321783691644669,0.08321783691644669,0.006925208381052317
246,4,249,-0.005963485687971115,-0.09470844268798828,0.08874495327472687,0.08874495327472687,0.007875666731733455
246,5,250,-0.0031167790293693542,-0.10147988796234131,0.09836310893297195,0.09836310893297195,0.009675301198959707
247,1,247,-0.0920938178896904,-0.0983731746673584,0.006279356777667999,0.006279356777667999,3.943032154124504e-05
247,2,248,-0.0894380584359169,-0.10667568445205688,0.017237626016139984,0.017237626016139984,0.000297135750672306
247,3,249,-0.08895701169967651,-0.11724269390106201,0.028285682201385498,0.028285682201385498,0.0008000798175977764
247,4,250,-0.08593138307332993,-0.13091254234313965,0.04498115926980972,0.04498115926980972,0.002023304689255989
247,5,251,-0.08569294214248657,-0.09313344955444336,0.007440507411956787,0.007440507411956787,5.5361150547383886e-05
248,1,248,-0.08799705654382706,-0.10455352067947388,0.01655646413564682,0.01655646413564682,0.0002741165046749594
248,2,249,-0.08893571048974991,-0.09612679481506348,0.007191084325313568,0.007191084325313568,5.1711693773770495e-05
248,3,250,-0.08791596442461014,-0.0884661078453064,0.0005501434206962585,0.0005501434206962585,3.026577833353805e-07
248,4,251,-0.08752883970737457,-0.09604167938232422,0.008512839674949646,0.008512839674949646,7.24684393313968e-05
248,5,252,-0.08341218531131744,-0.09893578290939331,0.015523597598075867,0.015523597598075867,0.00024098208238698682
249,1,249,-0.11324864625930786,-0.11163157224655151,-0.0016170740127563477,0.0016170740127563477,2.6149283627319164e-06
249,2,250,-0.11343593150377274,-0.11204737424850464,-0.001388557255268097,0.001388557255268097,1.928091251157671e-06
249,3,251,-0.11257027089595795,-0.061487674713134766,-0.05108259618282318,0.05108259618282318,0.0026094316327773814
249,4,252,-0.10954812169075012,-0.06522977352142334,-0.04431834816932678,0.04431834816932678,0.0019641159844576705
249,5,253,-0.10714614391326904,-0.05541735887527466,-0.051728785037994385,0.051728785037994385,0.0026758672015070317
250,1,250,-0.05624289810657501,-0.09150558710098267,0.035262688994407654,0.035262688994407654,0.0012434572351163187
250,2,251,-0.06062818318605423,-0.08785629272460938,0.027228109538555145,0.027228109538555145,0.0007413699490435577
250,3,252,-0.05912655219435692,-0.08387535810470581,0.024748805910348892,0.024748805910348892,0.0006125033939881203
250,4,253,-0.057568106800317764,-0.0916714072227478,0.03410330042243004,0.03410330042243004,0.0011630350997025168
250,5,254,-0.05227340757846832,-0.07325941324234009,0.020986005663871765,0.020986005663871765,0.0004404124337240578
251,1,251,-0.06666519492864609,-0.05092453956604004,-0.01574065536260605,0.01574065536260605,0.00024776823124433855
251,2,252,-0.0685616210103035,-0.05576968193054199,-0.012791939079761505,0.012791939079761505,0.00016363370542032962
251,3,253,-0.06743448972702026,-0.052929461002349854,-0.01450502872467041,0.01450502872467041,0.0002103958583035137
251,4,254,-0.0658426284790039,-0.07799088954925537,0.012148261070251465,0.012148261070251465,0.00014758024703098727
251,5,255,-0.06222453713417053,-0.08851659297943115,0.02629205584526062,0.02629205584526062,0.0006912722005703031
252,1,252,-0.0804622620344162,-0.10620087385177612,0.025738611817359924,0.025738611817359924,0.00066247613828474
252,2,253,-0.07975737005472183,-0.12289172410964966,0.043134354054927826,0.043134354054927826,0.0018605724997358686
252,3,254,-0.07918456196784973,-0.12823277711868286,0.04904821515083313,0.04904821515083313,0.0024057274094824166
252,4,255,-0.07476221024990082,-0.11721688508987427,0.04245467483997345,0.04245467483997345,0.0018023994157678747
252,5,256,-0.07429198920726776,-0.10378068685531616,0.0294886976480484,0.0294886976480484,0.0008695832889780153
253,1,253,-0.14319418370723724,-0.14160609245300293,-0.001588091254234314,0.001588091254234314,2.5220338317755164e-06
253,2,254,-0.14315888285636902,-0.14096885919570923,-0.00219002366065979,0.00219002366065979,4.796203634249707e-06
253,3,255,-0.14218470454216003,-0.14009249210357666,-0.002092212438583374,0.002092212438583374,4.377352888162989e-06
253,4,256,-0.14064688980579376,-0.13403856754302979,-0.006608322262763977,0.006608322262763977,4.366992312854201e-05
253,5,257,-0.13741371035575867,-0.1259932518005371,-0.011420458555221558,0.011420458555221558,0.00013042687361153327
254,1,254,-0.1202758401632309,-0.12178999185562134,0.001514151692390442,0.001514151692390442,2.2926553475688394e-06
254,2,255,-0.12188459187746048,-0.14057230949401855,0.018687717616558075,0.018687717616558075,0.000349230789716215
254,3,256,-0.12077955156564713,-0.12834393978118896,0.00756438821554184,0.00756438821554184,5.7219969075428256e-05
254,4,257,-0.11869560182094574,-0.13066160678863525,0.011966004967689514,0.011966004967689514,0.00014318527488677013
254,5,258,-0.11488400399684906,-0.13441818952560425,0.019534185528755188,0.019534185528755188,0.0003815844042718286
255,1,255,-0.13552409410476685,-0.13462930917739868,-0.0008947849273681641,0.0008947849273681641,8.006400662452506e-07
255,2,256,-0.13551053404808044,-0.14753460884094238,0.012024074792861938,0.012024074792861938,0.00014457837462433787
255,3,257,-0.134636789560318,-0.14001309871673584,0.005376309156417847,0.005376309156417847,2.8904700145382378e-05
255,4,258,-0.1315179318189621,-0.1259993314743042,-0.005518600344657898,0.005518600344657898,3.045494976405827e-05
255,5,259,-0.12918692827224731,-0.13383758068084717,0.0046506524085998535,0.0046506524085998535,2.162856782561562e-05
256,1,256,-0.12595942616462708,-0.14792734384536743,0.021967917680740356,0.021967917680740356,0.00048258940722778476
256,2,257,-0.1268066167831421,-0.1389715075492859,0.012164890766143799,0.012164890766143799,0.00014798456735221066
256,3,258,-0.12575648725032806,-0.13762420415878296,0.011867716908454895,0.011867716908454895,0.0001408427046192262
256,4,259,-0.12301257252693176,-0.12438845634460449,0.0013758838176727295,0.0013758838176727295,1.8930562797336847e-06
256,5,260,-0.12003418803215027,-0.13064968585968018,0.010615497827529907,0.010615497827529907,0.00011268879412629218
257,1,257,-0.0787702426314354,-0.0845099687576294,0.005739726126194,0.005739726126194,3.2944456003713984e-05
257,2,258,-0.08035796135663986,-0.09001851081848145,0.009660549461841583,0.009660549461841583,9.33262159046877e-05
257,3,259,-0.0792364850640297,-0.09786385297775269,0.018627367913722992,0.018627367913722992,0.00034697883539319685
257,4,260,-0.07675281167030334,-0.10161954164505005,0.024866729974746704,0.024866729974746704,0.0006183542596369662
257,5,261,-0.07363344728946686,-0.11071699857711792,0.03708355128765106,0.03708355128765106,0.0013751897761038467
258,1,258,-0.06132200360298157,-0.06865936517715454,0.007337361574172974,0.007337361574172974,5.38368748701501e-05
258,2,259,-0.0612034872174263,-0.08159804344177246,0.02039455622434616,0.02039455622434616,0.00041593792358801673
258,3,260,-0.060526344925165176,-0.08369642496109009,0.02317008003592491,0.02317008003592491,0.0005368526088711661
258,4,261,-0.05700088292360306,-0.10074424743652344,0.04374336451292038,0.04374336451292038,0.001913481938910222
258,5,262,-0.05579760670661926,-0.11298388242721558,0.057186275720596313,0.057186275720596313,0.0032702701307920634
259,1,259,-0.04503316059708595,-0.0784572958946228,0.03342413529753685,0.03342413529753685,0.0011171728203880488
259,2,260,-0.04377845674753189,-0.08890926837921143,0.045130811631679535,0.045130811631679535,0.002036790158534141
259,3,261,-0.04341674596071243,-0.07761740684509277,0.03420066088438034,0.03420066088438034,0.0011696852049283835
259,4,262,-0.039205074310302734,-0.07024502754211426,0.031039953231811523,0.031039953231811523,0.0009634786966330466
259,5,263,-0.039300769567489624,-0.050274431705474854,0.01097366213798523,0.01097366213798523,0.00012042126071865056
260,1,260,-0.03482350334525108,-0.02946770191192627,-0.005355801433324814,0.005355801433324814,2.868460899320413e-05
260,2,261,-0.03722860664129257,-0.03317481279373169,-0.004053793847560883,0.004053793847560883,1.6433244558522464e-05
260,3,262,-0.03599942475557327,-0.023732542991638184,-0.012266881763935089,0.012266881763935089,0.00015047638821036324
260,4,263,-0.03566749766469002,-0.043189406394958496,0.007521908730268478,0.007521908730268478,5.657911094648915e-05
260,5,264,-0.030993491411209106,-0.044524550437927246,0.01353105902671814,0.01353105902671814,0.00018308955838453045
261,1,261,-0.053486887365579605,-0.08023536205291748,0.026748474687337875,0.026748474687337875,0.000715480898099155
261,2,262,-0.054180897772312164,-0.08267730474472046,0.028496406972408295,0.028496406972408295,0.0008120452103371201
261,3,263,-0.05349196121096611,-0.09094226360321045,0.03745030239224434,0.03745030239224434,0.001402525149270542
261,4,264,-0.050107866525650024,-0.09554433822631836,0.045436471700668335,0.045436471700668335,0.0020644729606056345
261,5,265,-0.048256710171699524,-0.0971408486366272,0.04888413846492767,0.04888413846492767,0.0023896589934582213
262,1,262,-0.11357530206441879,-0.1097680926322937,-0.0038072094321250916,0.0038072094321250916,1.4494843660062262e-05
262,2,263,-0.11249340325593948,-0.11828672885894775,0.00579332560300827,0.00579332560300827,3.356262154247114e-05
262,3,264,-0.11173252761363983,-0.12515658140182495,0.01342405378818512,0.01342405378818512,0.00018020522010808726
262,4,265,-0.10887885093688965,-0.1333087682723999,0.024429917335510254,0.024429917335510254,0.0005968208610198644
262,5,266,-0.10730275511741638,-0.1386212706565857,0.03131851553916931,0.03131851553916931,0.0009808494155771896
263,1,263,-0.16096405684947968,-0.19111692905426025,0.03015287220478058,0.03015287220478058,0.0009091957021978292
263,2,264,-0.15908947587013245,-0.19765228033065796,0.03856280446052551,0.03856280446052551,0.0014870898878607264
263,3,265,-0.15852946043014526,-0.19986015558242798,0.041330695152282715,0.041330695152282715,0.001708226361770926
263,4,266,-0.1549404263496399,-0.20365780591964722,0.048717379570007324,0.048717379570007324,0.002373383072168167
263,5,267,-0.1536107212305069,-0.2102816104888916,0.056670889258384705,0.056670889258384705,0.003211589689336103
264,1,264,-0.1538769006729126,-0.16031163930892944,0.006434738636016846,0.006434738636016846,4.1405861313847936e-05
264,2,265,-0.15165168046951294,-0.10419487953186035,-0.04745680093765259,0.04745680093765259,0.0022521479552359835
264,3,266,-0.1510571539402008,-0.11412537097930908,-0.036931782960891724,0.036931782960891724,0.0013639565926704122
264,4,267,-0.1478072553873062,-0.10916024446487427,-0.038647010922431946,0.038647010922431946,0.0014935914532385741
264,5,268,-0.14660459756851196,-0.1016654372215271,-0.04493916034698486,0.04493916034698486,0.0020195281326920167
265,1,265,-0.10431252419948578,-0.10809868574142456,0.0037861615419387817,0.0037861615419387817,1.4335019221656253e-05
265,2,266,-0.10705054551362991,-0.09580808877944946,-0.01124245673418045,0.01124245673418045,0.00012639283341991936
265,3,267,-0.10579328238964081,-0.09794968366622925,-0.00784359872341156,0.00784359872341156,6.152204093390345e-05
265,4,268,-0.10364003479480743,-0.09105968475341797,-0.012580350041389465,0.012580350041389465,0.00015826520716388792
265,5,269,-0.09926944971084595,-0.08146917819976807,-0.01780027151107788,0.01780027151107788,0.0003168496658680908
266,1,266,-0.09699602425098419,-0.09371227025985718,-0.003283753991127014,0.003283753991127014,1.0783040274242595e-05
266,2,267,-0.09951768070459366,-0.08768558502197266,-0.011832095682621002,0.011832095682621002,0.00013999848824269856
266,3,268,-0.09827832877635956,-0.06823575496673584,-0.030042573809623718,0.030042573809623718,0.000902556241106689
266,4,269,-0.09626664221286774,-0.05937832593917847,-0.03688831627368927,0.03688831627368927,0.0013607478775077286
266,5,270,-0.09219090640544891,-0.052438557147979736,-0.03975234925746918,0.03975234925746918,0.0015802492714878102
267,1,267,-0.045356184244155884,-0.05401986837387085,0.008663684129714966,0.008663684129714966,7.505942269947496e-05
267,2,268,-0.049557797610759735,-0.057508111000061035,0.0079503133893013,0.0079503133893013,6.320748298810352e-05
267,3,269,-0.048128001391887665,-0.05622303485870361,0.008095033466815948,0.008095033466815948,6.552956682887023e-05
267,4,270,-0.04638084024190903,-0.03446680307388306,-0.01191403716802597,0.01191403716802597,0.00014194428164110429
267,5,271,-0.04152248799800873,-0.049521565437316895,0.007999077439308167,0.007999077439308167,6.39852398800489e-05
268,1,268,-0.02660173922777176,-0.06654751300811768,0.03994577378034592,0.03994577378034592,0.0015956648429105713
268,2,269,-0.02911074459552765,-0.0855860710144043,0.05647532641887665,0.05647532641887665,0.0031894624941186667
268,3,270,-0.028080374002456665,-0.049935221672058105,0.02185484766960144,0.02185484766960144,0.0004776343666614835
268,4,271,-0.025013551115989685,-0.04088270664215088,0.015869155526161194,0.015869155526161194,0.00025183009711349236
268,5,272,-0.022253990173339844,-0.05852144956588745,0.03626745939254761,0.03626745939254761,0.0013153286107900897
269,1,269,-0.06887438148260117,-0.038814425468444824,-0.03005995601415634,0.03005995601415634,0.000903600955573014
269,2,270,-0.06993173807859421,-0.02070295810699463,-0.04922877997159958,0.04922877997159958,0.002423472777492164
269,3,271,-0.06883861124515533,-0.01896500587463379,-0.049873605370521545,0.049873605370521545,0.0024873765126545155
269,4,272,-0.06587060540914536,0.0003355741500854492,-0.0662061795592308,0.0662061795592308,0.004383258211829111
269,5,273,-0.06352594494819641,0.0006098747253417969,-0.06413581967353821,0.06413581967353821,0.004113403365196611
270,1,270,0.03331401199102402,0.007780909538269043,0.025533102452754974,0.025533102452754974,0.0006519393208628821
270,2,271,0.028099805116653442,-0.0006015300750732422,0.028701335191726685,0.028701335191726685,0.0008237666417878486
270,3,272,0.029109768569469452,-0.018590927124023438,0.04770069569349289,0.04770069569349289,0.002275356369643211
270,4,273,0.031330231577157974,-0.003992140293121338,0.03532237187027931,0.03532237187027931,0.0012476699545422992
270,5,274,0.03614944964647293,0.015504002571105957,0.020645447075366974,0.020645447075366974,0.00042623448494177874
271,1,271,0.09323087334632874,0.09337639808654785,-0.0001455247402191162,0.0001455247402191162,2.117745001584126e-08
271,2,272,0.0888884961605072,0.07661163806915283,0.01227685809135437,0.01227685809135437,0.00015072124459525327
271,3,273,0.08929651230573654,0.080269455909729,0.009027056396007538,0.009027056396007538,8.14877471767006e-05
271,4,274,0.09067827463150024,0.08260643482208252,0.008071839809417725,0.008071839809417725,6.515459790890077e-05
271,5,275,0.09498056769371033,0.09652626514434814,-0.0015456974506378174,0.0015456974506378174,2.389180608908248e-06
272,1,272,0.060574159026145935,0.057796597480773926,0.0027775615453720093,0.0027775615453720093,7.714848138329344e-06
272,2,273,0.05682351440191269,0.060941338539123535,-0.004117824137210846,0.004117824137210846,1.6956475624996248e-05
272,3,274,0.057344160974025726,0.06870472431182861,-0.011360563337802887,0.011360563337802887,0.00012906239935223107
272,4,275,0.05934125557541847,0.0846247673034668,-0.025283511728048325,0.025283511728048325,0.0006392559653023572
272,5,276,0.06315059959888458,0.08364200592041016,-0.020491406321525574,0.020491406321525574,0.00041989773303385824
273,1,273,0.12894131243228912,0.1626882553100586,-0.03374694287776947,0.03374694287776947,0.0011388561535954356
273,2,274,0.12351146340370178,0.17979860305786133,-0.056287139654159546,0.056287139654159546,0.00316824209044686
273,3,275,0.12341362982988358,0.18246257305145264,-0.05904894322156906,0.05904894322156906,0.003486777695584087
273,4,276,0.12680339813232422,0.18963468074798584,-0.06283128261566162,0.06283128261566162,0.003947770075129142
273,5,277,0.13047152757644653,0.1763150691986084,-0.045843541622161865,0.045843541622161865,0.0021016303084628873
274,1,274,0.1913556158542633,0.19662737846374512,-0.0052717626094818115,0.0052717626094818115,2.779148101073048e-05
274,2,275,0.18493787944316864,0.22450149059295654,-0.0395636111497879,0.0395636111497879,0.0015652793272116217
274,3,276,0.1835988163948059,0.23513495922088623,-0.05153614282608032,0.05153614282608032,0.0026559740173901503
274,4,277,0.19007158279418945,0.2509303092956543,-0.060858726501464844,0.060858726501464844,0.0037037845913800993
274,5,278,0.1917373538017273,0.24938178062438965,-0.057644426822662354,0.057644426822662354,0.003322879943713275
275,1,275,0.3286137878894806,0.3315778970718384,-0.002964109182357788,0.002964109182357788,8.785943244937755e-06
275,2,276,0.31813421845436096,0.32708632946014404,-0.008952111005783081,0.008952111005783081,8.014029145986257e-05
275,3,277,0.3150542080402374,0.3435187339782715,-0.028464525938034058,0.028464525938034058,0.0008102292368770136
275,4,278,0.3230656385421753,0.33026325702667236,-0.00719761848449707,0.00719761848449707,5.18057118483739e-05
275,5,279,0.325454980134964,0.3423137664794922,-0.016858786344528198,0.016858786344528198,0.00028421867701045045
276,1,276,0.37182995676994324,0.20945847034454346,0.16237148642539978,0.16237148642539978,0.026364499603993785
276,2,277,0.36108195781707764,0.20923423767089844,0.1518477201461792,0.1518477201461792,0.023057730113592356
276,3,278,0.3569810092449188,0.19927120208740234,0.15770980715751648,0.15770980715751648,0.024872383273661036
276,4,279,0.3664747476577759,0.21818995475769043,0.14828479290008545,0.14828479290008545,0.021988379805421232
276,5,280,0.3672466576099396,0.2153913974761963,0.1518552601337433,0.1518552601337433,0.023060020030286843
277,1,277,0.13891208171844482,0.11607396602630615,0.022838115692138672,0.022838115692138672,0.0005215795283675106
277,2,278,0.1363770067691803,0.08978259563446045,0.04659441113471985,0.04659441113471985,0.002171039148991305
277,3,279,0.13598713278770447,0.07155680656433105,0.06443032622337341,0.06443032622337341,0.00415126693725032
277,4,280,0.13977858424186707,0.06925225257873535,0.07052633166313171,0.07052633166313171,0.004973963457858055
277,5,281,0.1406363546848297,0.08538305759429932,0.055253297090530396,0.055253297090530396,0.0030529268393744147
278,1,278,0.046667009592056274,0.03864872455596924,0.008018285036087036,0.008018285036087036,6.429289491993728e-05
278,2,279,0.045282281935214996,0.04906141757965088,-0.0037791356444358826,0.0037791356444358826,1.4281866219045813e-05
278,3,280,0.04554271697998047,0.07059454917907715,-0.02505183219909668,0.02505183219909668,0.0006275942965316972
278,4,281,0.047500018030405045,0.062102556228637695,-0.01460253819823265,0.01460253819823265,0.00021323412183084367
278,5,282,0.04986932873725891,0.02833712100982666,0.02153220772743225,0.02153220772743225,0.00046363596961729314
279,1,279,0.0022553205490112305,-0.018346011638641357,0.020601332187652588,0.020601332187652588,0.00042441488790601056
279,2,280,0.0015295222401618958,-0.01717764139175415,0.018707163631916046,0.018707163631916046,0.00034995797115128235
279,3,281,0.0017362609505653381,-0.008998870849609375,0.010735131800174713,0.010735131800174713,0.00011524305476712238
279,4,282,0.007111582905054092,-0.0208776593208313,0.02798924222588539,0.02798924222588539,0.0007833976803792858
279,5,283,0.007290981709957123,-0.007830321788787842,0.015121303498744965,0.015121303498744965,0.0002286538195011567
280,1,280,0.0226639062166214,0.010789990425109863,0.011873915791511536,0.011873915791511536,0.00014098987622390702
280,2,281,0.020400874316692352,0.010890483856201172,0.00951039046049118,0.00951039046049118,9.044752671100165e-05
280,3,282,0.021018825471401215,0.030753254890441895,-0.00973442941904068,0.00973442941904068,9.475911611428467e-05
280,4,283,0.023042965680360794,0.04208874702453613,-0.01904578134417534,0.01904578134417534,0.0003627417870101374
280,5,284,0.026154637336730957,0.04509842395782471,-0.01894378662109375,0.01894378662109375,0.00035886705154553056
281,1,281,-0.002797052264213562,-0.030530810356140137,0.027733758091926575,0.027733758091926575,0.0007691613379015028
281,2,282,-0.006356231868267059,-0.02833455801010132,0.02197832614183426,0.02197832614183426,0.0004830468199968352
281,3,283,-0.005273096263408661,-0.0383608341217041,0.03308773785829544,0.03308773785829544,0.0010947983965792774
281,4,284,-0.003516063094139099,-0.048195719718933105,0.044679656624794006,0.044679656624794006,0.001996271716109499
281,5,285,0.0008173808455467224,-0.020218372344970703,0.021035753190517426,0.021035753190517426,0.00044250291229236405
282,1,282,-0.04050328582525253,-0.02673429250717163,-0.013768993318080902,0.013768993318080902,0.00018958517699335653
282,2,283,-0.0423966720700264,-0.026921868324279785,-0.015474803745746613,0.015474803745746613,0.0002394695509693734
282,3,284,-0.04138873890042305,-0.02007657289505005,-0.021312166005373,0.021312166005373,0.0004542084198405766
282,4,285,-0.04034704715013504,0.005054593086242676,-0.045401640236377716,0.045401640236377716,0.002061308936153472
282,5,286,-0.03654196113348007,-0.015387773513793945,-0.021154187619686127,0.021154187619686127,0.0004474996538488818
283,1,283,-0.012922987341880798,-0.008568048477172852,-0.004354938864707947,0.004354938864707947,1.896549251534374e-05
283,2,284,-0.01597728580236435,-0.011178791522979736,-0.004798494279384613,0.004798494279384613,2.3025547349286857e-05
283,3,285,-0.015008173882961273,-0.03486204147338867,0.0198538675904274,0.0198538675904274,0.00039417605829822344
283,4,286,-0.011752422899007797,-0.03682011365890503,0.025067690759897232,0.025067690759897232,0.0006283891200338371
283,5,287,-0.008691109716892242,-0.018451690673828125,0.009760580956935883,0.009760580956935883,9.526894061689939e-05
284,1,284,-0.01930798590183258,-0.020496368408203125,0.0011883825063705444,0.0011883825063705444,1.412252981447537e-06
284,2,285,-0.02129126340150833,-0.015369594097137451,-0.00592166930437088,0.00592166930437088,3.50661673503283e-05
284,3,286,-0.02042945846915245,-0.025529921054840088,0.005100462585687637,0.005100462585687637,2.601471858799942e-05
284,4,287,-0.01871703937649727,-0.019843995571136475,0.001126956194639206,0.001126956194639206,1.2700302646356798e-06
284,5,288,-0.01548263430595398,-0.027301013469696045,0.011818379163742065,0.011818379163742065,0.0001396740860579726
285,1,285,-0.07410227507352829,-0.08415579795837402,0.010053522884845734,0.010053522884845734,0.00010107332239611688
285,2,286,-0.07488477975130081,-0.09901309013366699,0.02412831038236618,0.02412831038236618,0.0005821753619077996
285,3,287,-0.07396753877401352,-0.11970704793930054,0.04573950916528702,0.04573950916528702,0.002092102698681375
285,4,288,-0.07094832509756088,-0.13058477640151978,0.05963645130395889,0.05963645130395889,0.0035565063241294603
285,5,289,-0.06871537864208221,-0.1365984082221985,0.06788302958011627,0.06788302958011627,0.004608105704974941
286,1,286,-0.1461746096611023,-0.14985060691833496,0.003675997257232666,0.003675997257232666,1.3512955835182083e-05
286,2,287,-0.14321249723434448,-0.1414521336555481,-0.0017603635787963867,0.0017603635787963867,3.0988799295528224e-06
286,3,288,-0.14276498556137085,-0.12482839822769165,-0.0179365873336792,0.0179365873336792,0.0003217211651787011
286,4,289,-0.13905324041843414,-0.13262081146240234,-0.006432428956031799,0.006432428956031799,4.1376142274396344e-05
286,5,290,-0.13878194987773895,-0.12240415811538696,-0.01637779176235199,0.01637779176235199,0.0002682320630109647
287,1,287,-0.15944725275039673,-0.1722072958946228,0.012760043144226074,0.012760043144226074,0.00016281870104251084
287,2,288,-0.1601921021938324,-0.17732632160186768,0.01713421940803528,0.01713421940803528,0.0002935814747226928
287,3,289,-0.1592489331960678,-0.18475711345672607,0.025508180260658264,0.025508180260658264,0.0006506672602102359
287,4,290,-0.15675099194049835,-0.17468416690826416,0.017933174967765808,0.017933174967765808,0.0003215987644245022
287,5,291,-0.15323977172374725,-0.1721246838569641,0.018884912133216858,0.018884912133216858,0.0003566399062793213
288,1,288,-0.06546065211296082,-0.06349319219589233,-0.0019674599170684814,0.0019674599170684814,3.870898525271116e-06
288,2,289,-0.06690169125795364,-0.12814390659332275,0.06124221533536911,0.06124221533536911,0.0037506089391837194
288,3,290,-0.0658753514289856,-0.1291656494140625,0.0632902979850769,0.0632902979850769,0.00400566181903983
288,4,291,-0.06385276466608047,-0.14003366231918335,0.07618089765310287,0.07618089765310287,0.005803529167232535
288,5,292,-0.060673490166664124,-0.12563586235046387,0.06496237218379974,0.06496237218379974,0.004220109799746519
289,1,289,-0.11185179650783539,-0.11482149362564087,0.002969697117805481,0.002969697117805481,8.81910097150218e-06
289,2,290,-0.1103525385260582,-0.12819623947143555,0.01784370094537735,0.01784370094537735,0.00031839766342806053
289,3,291,-0.10965360701084137,-0.14336037635803223,0.03370676934719086,0.03370676934719086,0.0011361462998247251
289,4,292,-0.10763709992170334,-0.14920008182525635,0.04156298190355301,0.04156298190355301,0.001727481464715075
289,5,293,-0.10597072541713715,-0.16106778383255005,0.0550970584154129,0.0550970584154129,0.0030356858460314218
290,1,290,-0.12075397372245789,-0.1322035789489746,0.011449605226516724,0.011449605226516724,0.00013109345984307907
290,2,291,-0.11832774430513382,-0.12087267637252808,0.0025449320673942566,0.0025449320673942566,6.476679227651605e-06
290,3,292,-0.11782790720462799,-0.11110460758209229,-0.006723299622535706,0.006723299622535706,4.520275781438876e-05
290,4,293,-0.11411365866661072,-0.13064062595367432,0.0165269672870636,0.0165269672870636,0.0002731406477076703
290,5,294,-0.1137014776468277,-0.10133641958236694,-0.012365058064460754,0.012365058064460754,0.00015289466093748594
291,1,291,-0.08692014962434769,-0.08422249555587769,-0.0026976540684700012,0.0026976540684700012,7.27733747313275e-06
291,2,292,-0.08872448652982712,-0.07327282428741455,-0.015451662242412567,0.015451662242412567,0.00023875386605359816
291,3,293,-0.08758436143398285,-0.07038617134094238,-0.017198190093040466,0.017198190093040466,0.00029577774247635524
291,4,294,-0.08652988076210022,-0.05595284700393677,-0.030577033758163452,0.030577033758163452,0.0009349549934478674
291,5,295,-0.08226090669631958,-0.04699409008026123,-0.03526681661605835,0.03526681661605835,0.0012437483542306893
292,1,292,-0.04519449919462204,-0.05847799777984619,0.013283498585224152,0.013283498585224152,0.00017645133466365204
292,2,293,-0.048992790281772614,-0.06186443567276001,0.012871645390987396,0.012871645390987396,0.00016567925507132708
292,3,294,-0.04767342656850815,-0.06355780363082886,0.01588437706232071,0.01588437706232071,0.0002523134346579803
292,4,295,-0.046218764036893845,-0.05738234519958496,0.011163581162691116,0.011163581162691116,0.00012462554437599194
292,5,296,-0.041314005851745605,-0.06435441970825195,0.023040413856506348,0.023040413856506348,0.0005308606706790897
293,1,293,-0.06530579179525375,-0.06967133283615112,0.004365541040897369,0.004365541040897369,1.9057948579759287e-05
293,2,294,-0.06642759591341019,-0.07026439905166626,0.003836803138256073,0.003836803138256073,1.472105832173165e-05
293,3,295,-0.06547805666923523,-0.08805638551712036,0.022578328847885132,0.022578328847885132,0.0005097809335632419
293,4,296,-0.0625220537185669,-0.10703468322753906,0.04451262950897217,0.04451262950897217,0.00198137418580302
293,5,297,-0.06018516421318054,-0.08657371997833252,0.026388555765151978,0.026388555765151978,0.0006963558753705357
294,1,294,-0.10580030083656311,-0.10897749662399292,0.0031771957874298096,0.0031771957874298096,1.0094573071661728e-05
294,2,295,-0.10554613918066025,-0.09727782011032104,-0.008268319070339203,0.008268319070339203,6.836510024893494e-05
294,3,296,-0.1047220528125763,-0.0932166576385498,-0.01150539517402649,0.01150539517402649,0.00013237411811051203
294,4,297,-0.10251687467098236,-0.09505367279052734,-0.007463201880455017,0.007463201880455017,5.56993823084273e-05
294,5,298,-0.10022172331809998,-0.09698754549026489,-0.003234177827835083,0.003234177827835083,1.0459906222060056e-05
295,1,295,-0.11262426525354385,-0.14168238639831543,0.029058121144771576,0.029058121144771576,0.000844374404464221
295,2,296,-0.11345962435007095,-0.12488222122192383,0.011422596871852875,0.011422596871852875,0.00013047571929686308
295,3,297,-0.11245153844356537,-0.12422162294387817,0.011770084500312805,0.011770084500312805,0.00013853488914450374
295,4,298,-0.10958124697208405,-0.1347925066947937,0.025211259722709656,0.025211259722709656,0.0006356076168059221
295,5,299,-0.1067756712436676,-0.13384860754013062,0.027072936296463013,0.027072936296463013,0.0007329438797123444
296,1,296,-0.11781565099954605,-0.11962950229644775,0.0018138512969017029,0.0018138512969017029,3.2900565272719895e-06
296,2,297,-0.11768265813589096,-0.12354516983032227,0.005862511694431305,0.005862511694431305,3.436904336734381e-05
296,3,298,-0.1168106347322464,-0.11351704597473145,-0.0032935887575149536,0.0032935887575149536,1.0847726903628896e-05
296,4,299,-0.11382649838924408,-0.11657315492630005,0.0027466565370559692,0.0027466565370559692,7.544122132552289e-06
296,5,300,-0.11167877912521362,-0.12707895040512085,0.015400171279907227,0.015400171279907227,0.00023716527545047938
297,1,297,-0.10908582806587219,-0.11404025554656982,0.004954427480697632,0.004954427480697632,2.4546351661491883e-05
297,2,298,-0.10914140194654465,-0.11162620782852173,0.0024848058819770813,0.0024848058819770813,6.174260271107901e-06
297,3,299,-0.10825423896312714,-0.11481273174285889,0.0065584927797317505,0.0065584927797317505,4.3013827541793503e-05
297,4,300,-0.10486149787902832,-0.09762471914291382,-0.007236778736114502,0.007236778736114502,5.237096647547901e-05
297,5,301,-0.1028917133808136,-0.08217465877532959,-0.02071705460548401,0.02071705460548401,0.0004291963515266062
298,1,298,-0.03313222900032997,-0.03484159708023071,0.0017093680799007416,0.0017093680799007416,2.921939232583548e-06
298,2,299,-0.036781199276447296,-0.03136551380157471,-0.005415685474872589,0.005415685474872589,2.932964916274594e-05
298,3,300,-0.03544376417994499,-0.03565967082977295,0.00021590664982795715,0.00021590664982795715,4.661568143993211e-08
298,4,301,-0.03473785147070885,-0.021345794200897217,-0.01339205726981163,0.01339205726981163,0.00017934719791791454
298,5,302,-0.02958805114030838,-0.012859761714935303,-0.016728289425373077,0.016728289425373077,0.0002798356670990487
299,1,299,-0.03185313194990158,-0.03874766826629639,0.006894536316394806,0.006894536316394806,4.753463101808686e-05
299,2,300,-0.03519519418478012,-0.04004925489425659,0.004854060709476471,0.004854060709476471,2.356190537128322e-05
299,3,301,-0.03400157019495964,-0.061977922916412354,0.027976352721452713,0.027976352721452713,0.0007826763115951346
299,4,302,-0.032371893525123596,-0.05697137117385864,0.024599477648735046,0.024599477648735046,0.0006051343005906151
299,5,303,-0.028040528297424316,-0.06488162279129028,0.03684109449386597,0.03684109449386597,0.0013572662435059613
300,1,300,-0.06359085440635681,-0.054044365882873535,-0.009546488523483276,0.009546488523483276,9.11354431289979e-05
300,2,301,-0.063751719892025,-0.056234896183013916,-0.007516823709011078,0.007516823709011078,5.650263867235106e-05
300,3,302,-0.06299886852502823,-0.04836869239807129,-0.01463017612695694,0.01463017612695694,0.00021404205350578076
300,4,303,-0.059720635414123535,-0.032337188720703125,-0.02738344669342041,0.02738344669342041,0.0007498531528113972
300,5,304,-0.05823454260826111,-0.03243672847747803,-0.02579781413078308,0.02579781413078308,0.0006655272139264312
301,1,301,0.04078523814678192,0.012133002281188965,0.028652235865592957,0.028652235865592957,0.0008209506200975714
301,2,302,0.03662886470556259,0.004762411117553711,0.03186645358800888,0.03186645358800888,0.001015470864276724
301,3,303,0.037446871399879456,0.006151080131530762,0.031295791268348694,0.031295791268348694,0.0009794265511120503
301,4,304,0.03963107243180275,-0.19488680362701416,0.2345178723335266,0.2345178723335266,0.054998632443844286
301,5,305,0.04376000910997391,-0.17929083108901978,0.22305083274841309,0.22305083274841309,0.04975167398976055
302,1,302,-0.1217896044254303,-0.14073431491851807,0.01894471049308777,0.01894471049308777,0.0003589020556669098
302,2,303,-0.10985443741083145,-0.14977455139160156,0.03992011398077011,0.03992011398077011,0.0015936155002376773
302,3,304,-0.11159660667181015,-0.14762753248214722,0.03603092581033707,0.03603092581033707,0.0012982276147500138
302,4,305,-0.10172812640666962,-0.17452198266983032,0.0727938562631607,0.0727938562631607,0.005298945509661701
302,5,306,-0.11226698756217957,-0.18118906021118164,0.06892207264900208,0.06892207264900208,0.00475025209823432
303,1,303,-0.19880831241607666,-0.20844048261642456,0.0096321702003479,0.0096321702003479,9.277870276847011e-05
303,2,304,-0.192909836769104,-0.19916516542434692,0.00625532865524292,0.00625532865524292,3.91291365851032e-05
303,3,305,-0.19270548224449158,-0.1988377571105957,0.006132274866104126,0.006132274866104126,3.7604795033452376e-05
303,4,306,-0.1891181766986847,-0.22186213731765747,0.03274396061897278,0.03274396061897278,0.0010721669570168402
303,5,307,-0.18965134024620056,-0.20549410581588745,0.01584276556968689,0.01584276556968689,0.00025099322089605636
304,1,304,-0.2220185399055481,-0.22399723529815674,0.0019786953926086426,0.0019786953926086426,3.91523545673067e-06
304,2,305,-0.2195833921432495,-0.23132508993148804,0.011741697788238525,0.011741697788238525,0.00013786746695032548
304,3,306,-0.21943017840385437,-0.2279266119003296,0.00849643349647522,0.00849643349647522,7.218938216002613e-05
304,4,307,-0.2160821557044983,-0.20498746633529663,-0.01109468936920166,0.01109468936920166,0.00012309213219907633
304,5,308,-0.21395471692085266,-0.22049260139465332,0.006537884473800659,0.006537884473800659,4.274393339276372e-05
305,1,305,-0.2060563564300537,-0.24173599481582642,0.035679638385772705,0.035679638385772705,0.001273036595339505
305,2,306,-0.2055416703224182,-0.23832279443740845,0.032781124114990234,0.032781124114990234,0.0010746020982423943
305,3,307,-0.20503076910972595,-0.22605657577514648,0.021025806665420532,0.021025806665420532,0.0004420845459316425
305,4,308,-0.2013559341430664,-0.21549701690673828,0.014141082763671875,0.014141082763671875,0.0001999702217290178
305,5,309,-0.1985592246055603,-0.20728403329849243,0.008724808692932129,0.008724808692932129,7.612228672826404e-05
306,1,306,-0.18671491742134094,-0.18445426225662231,-0.002260655164718628,0.002260655164718628,5.110561773769007e-06
306,2,307,-0.18756362795829773,-0.19545745849609375,0.00789383053779602,0.00789383053779602,6.231256055944101e-05
306,3,308,-0.18674373626708984,-0.19371426105499268,0.006970524787902832,0.006970524787902832,4.858821581876782e-05
306,4,309,-0.18438364565372467,-0.2219303846359253,0.03754673898220062,0.03754673898220062,0.0014097576081975038
306,5,310,-0.18049275875091553,-0.21016472578048706,0.029671967029571533,0.029671967029571533,0.0008804256274039801
307,1,307,-0.19375024735927582,-0.19833099842071533,0.004580751061439514,0.004580751061439514,2.0983280286879236e-05
307,2,308,-0.1918034553527832,-0.1809992790222168,-0.010804176330566406,0.010804176330566406,0.00011673022618197137
307,3,309,-0.19144177436828613,-0.17934352159500122,-0.012098252773284912,0.012098252773284912,0.00014636772016629607
307,4,310,-0.1876346468925476,-0.17603176832199097,-0.01160287857055664,0.01160287857055664,0.0001346267911230825
307,5,311,-0.18611279129981995,-0.1334201693534851,-0.05269262194633484,0.05269262194633484,0.002776512407579368
308,1,308,-0.15198498964309692,-0.14485961198806763,-0.007125377655029297,0.007125377655029297,5.07710067267908e-05
308,2,309,-0.1557815968990326,-0.10151439905166626,-0.05426719784736633,0.05426719784736633,0.002944928762205201
308,3,310,-0.15447598695755005,-0.09356409311294556,-0.06091189384460449,0.06091189384460449,0.0037102588117363666
308,4,311,-0.15389718115329742,-0.09301954507827759,-0.060877636075019836,0.060877636075019836,0.0037060865740825566
308,5,312,-0.1477745771408081,-0.0899701714515686,-0.0578044056892395,0.0578044056892395,0.003341349317086184
309,1,309,-0.0813833698630333,-0.08089089393615723,-0.0004924759268760681,0.0004924759268760681,2.425325385524424e-07
309,2,310,-0.08561646193265915,-0.08734643459320068,0.0017299726605415344,0.0017299726605415344,2.992805406221155e-06
309,3,311,-0.08420325815677643,-0.08034372329711914,-0.0038595348596572876,0.0038595348596572876,1.4896009332909799e-05
309,4,312,-0.08139071613550186,-0.0778270959854126,-0.003563620150089264,0.003563620150089264,1.2699388574122228e-05
309,5,313,-0.07689645886421204,-0.06677591800689697,-0.010120540857315063,0.010120540857315063,0.00010242534724458352
310,1,310,-0.09444591403007507,-0.12298738956451416,0.028541475534439087,0.028541475534439087,0.000814615825682985
310,2,311,-0.0969201847910881,-0.11800861358642578,0.021088428795337677,0.021088428795337677,0.0004447218290560273
310,3,312,-0.09563487768173218,-0.11737298965454102,0.021738111972808838,0.021738111972808838,0.00047254551214237495
310,4,313,-0.09354756772518158,-0.13471698760986328,0.0411694198846817,0.0411694198846817,0.001694921133641225
310,5,314,-0.08972826600074768,-0.13790905475616455,0.04818078875541687,0.04818078875541687,0.0023213884050941047
311,1,311,-0.14423592388629913,-0.1542651653289795,0.010029241442680359,0.010029241442680359,0.0001005856839155772
311,2,312,-0.14278656244277954,-0.15635770559310913,0.01357114315032959,0.01357114315032959,0.00018417592640673774
311,3,313,-0.14209678769111633,-0.16828584671020508,0.026189059019088745,0.026189059019088745,0.0006858668123053135
311,4,314,-0.13838307559490204,-0.18293410539627075,0.04455102980136871,0.04455102980136871,0.0019847942563624432
311,5,315,-0.13725930452346802,-0.17969053983688354,0.04243123531341553,0.04243123531341553,0.0018004097302224409
312,1,312,-0.16447317600250244,-0.17105573415756226,0.0065825581550598145,0.0065825581550598145,4.333007186474447e-05
312,2,313,-0.1622571349143982,-0.1646060347557068,0.0023488998413085938,0.0023488998413085938,5.517330464499537e-06
312,3,314,-0.16171976923942566,-0.15625309944152832,-0.005466669797897339,0.005466669797897339,2.9884478679242932e-05
312,4,315,-0.15835405886173248,-0.14737176895141602,-0.010982289910316467,0.010982289910316467,0.00012061069167423888
312,5,316,-0.1571533977985382,-0.14462262392044067,-0.012530773878097534,0.012530773878097534,0.00015702029398401152
313,1,313,-0.13802896440029144,-0.14151740074157715,0.0034884363412857056,0.0034884363412857056,1.21691881072028e-05
313,2,314,-0.1394018828868866,-0.08278697729110718,-0.05661490559577942,0.05661490559577942,0.0032052475356190158
313,3,315,-0.13830257952213287,-0.08617943525314331,-0.05212314426898956,0.05212314426898956,0.0027168221684858995
313,4,316,-0.1360400766134262,-0.07282191514968872,-0.06321816146373749,0.06321816146373749,0.0039965359388551835
313,5,317,-0.1322697550058365,-0.06709730625152588,-0.06517244875431061,0.06517244875431061,0.004247448076633242
314,1,314,0.16431522369384766,0.18080902099609375,-0.016493797302246094,0.016493797302246094,0.0002720453494475805
314,2,315,0.15645253658294678,0.18146955966949463,-0.02501702308654785,0.02501702308654785,0.0006258514441128682
314,3,316,0.1562415361404419,0.16773152351379395,-0.01148998737335205,0.01148998737335205,0.00013201980983978956
314,4,317,0.15945804119110107,0.1773744821548462,-0.017916440963745117,0.017916440963745117,0.00032099885680736406
314,5,318,0.16482198238372803,0.09772050380706787,0.06710147857666016,0.06710147857666016,0.004502608427173982
315,1,315,0.1697477102279663,0.13683772087097168,0.03290998935699463,0.03290998935699463,0.0010830673994774997
315,2,316,0.16734665632247925,0.13891470432281494,0.028431951999664307,0.028431951999664307,0.0008083758945112152
315,3,317,0.16453194618225098,0.11925208568572998,0.045279860496520996,0.045279860496520996,0.0020502657665844026
315,4,318,0.17853501439094543,0.11842119693756104,0.0601138174533844,0.0601138174533844,0.003613671048818823
315,5,319,0.17138025164604187,0.14168405532836914,0.02969619631767273,0.02969619631767273,0.0008818640757377594
316,1,316,0.1306956261396408,0.1285918951034546,0.0021037310361862183,0.0021037310361862183,4.4256842726131396e-06
316,2,317,0.12714122235774994,0.12927913665771484,-0.002137914299964905,0.002137914299964905,4.570677553994429e-06
316,3,318,0.1269705593585968,0.1217186450958252,0.0052519142627716064,0.0052519142627716064,2.7582603423503826e-05
316,4,319,0.1291549950838089,0.12886691093444824,0.00028808414936065674,0.00028808414936065674,8.299247711285318e-08
316,5,320,0.13218119740486145,0.1538856029510498,-0.021704405546188354,0.021704405546188354,0.0004710812201134118
317,1,317,0.18337246775627136,0.17839384078979492,0.00497862696647644,0.00497862696647644,2.4786726471326403e-05
317,2,318,0.17709273099899292,0.17161166667938232,0.005481064319610596,0.005481064319610596,3.0042066075708362e-05
317,3,319,0.17647650837898254,0.15126526355743408,0.025211244821548462,0.025211244821548462,0.0006356068654520541
317,4,320,0.17878589034080505,0.15041732788085938,0.02836856245994568,0.02836856245994568,0.0008047753360438392
317,5,321,0.1836346983909607,0.13106024265289307,0.05257445573806763,0.05257445573806763,0.002764073396154032
318,1,318,0.08135399222373962,0.0605471134185791,0.020806878805160522,0.020806878805160522,0.00043292620561263817
318,2,319,0.07974401116371155,0.057997941970825195,0.021746069192886353,0.021746069192886353,0.0004728915253418009
318,3,320,0.0792049989104271,0.05880284309387207,0.020402155816555023,0.020402155816555023,0.00041624796196298997
318,4,321,0.08479401469230652,0.05195975303649902,0.032834261655807495,0.032834261655807495,0.0010780887384820304
318,5,322,0.08449096232652664,0.0257948637008667,0.05869609862565994,0.05869609862565994,0.003445231993873199
319,1,319,0.0665910392999649,0.066841721534729,-0.0002506822347640991,0.0002506822347640991,6.28415828263229e-08
319,2,320,0.06586761772632599,0.07970523834228516,-0.013837620615959167,0.013837620615959167,0.00019147974431121817
319,3,321,0.06540917605161667,0.06767165660858154,-0.0022624805569648743,0.0022624805569648743,5.118818270644088e-06
319,4,322,0.07137155532836914,0.0785987377166748,-0.007227182388305664,0.007227182388305664,5.223216527383556e-05
319,5,323,0.07037673145532608,0.04180634021759033,0.02857039123773575,0.02857039123773575,0.0008162672554772876
320,1,320,-0.024501070380210876,-0.028799712657928467,0.00429864227771759,0.00429864227771759,1.8478325431781073e-05
320,2,321,-0.024393625557422638,-0.02931147813796997,0.004917852580547333,0.004917852580547333,2.418527400399606e-05
320,3,322,-0.024011820554733276,-0.020100653171539307,-0.00391116738319397,0.00391116738319397,1.5297230299360365e-05
320,4,323,-0.01915726438164711,-0.0193331241607666,0.00017585977911949158,0.00017585977911949158,3.0926661911956366e-08
320,5,324,-0.019004464149475098,-0.021124184131622314,0.002119719982147217,0.002119719982147217,4.493212802714197e-06
321,1,321,-0.08003714680671692,-0.095028817653656,0.014991670846939087,0.014991670846939087,0.00022475019478296332
321,2,322,-0.08104065805673599,-0.08331000804901123,0.002269349992275238,0.002269349992275238,5.149949387439623e-06
321,3,323,-0.0800299420952797,-0.10447555780410767,0.024445615708827972,0.024445615708827972,0.0005975881273836969
321,4,324,-0.07757137715816498,-0.11619430780410767,0.03862293064594269,0.03862293064594269,0.0014917307716812989
321,5,325,-0.07471193373203278,-0.12277096509933472,0.04805903136730194,0.04805903136730194,0.002309670495963312
322,1,322,-0.1022624522447586,-0.08883941173553467,-0.013423040509223938,0.013423040509223938,0.00018017801651226684
322,2,323,-0.10075963288545609,-0.06093442440032959,-0.039825208485126495,0.039825208485126495,0.0015860472308837914
322,3,324,-0.10019074380397797,-0.03836756944656372,-0.061823174357414246,0.061823174357414246,0.0038221048876272423
322,4,325,-0.09649427235126495,-0.05838644504547119,-0.03810782730579376,0.03810782730579376,0.0014522065019682007
322,5,326,-0.09578904509544373,-0.04952967166900635,-0.04625937342643738,0.04625937342643738,0.0021399296298065806
323,1,323,-0.028123579919338226,-0.025485634803771973,-0.0026379451155662537,0.0026379451155662537,6.958754432739855e-06
323,2,324,-0.031318940222263336,-0.016532599925994873,-0.014786340296268463,0.014786340296268463,0.00021863585935705254
323,3,325,-0.030258983373641968,-0.019392430782318115,-0.010866552591323853,0.010866552591323853,0.00011808196522000713
323,4,326,-0.027748163789510727,-0.025485575199127197,-0.0022625885903835297,0.0022625885903835297,5.119307129333728e-06
323,5,327,-0.023946136236190796,-0.022874295711517334,-0.001071840524673462,0.001071840524673462,1.1488421103322821e-06
324,1,324,0.01085711270570755,0.011385917663574219,-0.0005288049578666687,0.0005288049578666687,2.7963468346436926e-07
324,2,325,0.008268088102340698,-0.004639327526092529,0.012907415628433228,0.012907415628433228,0.00016660137820512233
324,3,326,0.008919201791286469,-0.016177594661712646,0.025096796452999115,0.025096796452999115,0.000629849192203269
324,4,327,0.011936966329813004,0.010873198509216309,0.001063767820596695,0.001063767820596695,1.1316019761370422e-06
324,5,328,0.01457071304321289,-0.0005368590354919434,0.015107572078704834,0.015107572078704834,0.0002282387341132619
325,1,325,-0.026754960417747498,-0.04119199514389038,0.014437034726142883,0.014437034726142883,0.00020842797168385552
325,2,326,-0.028584375977516174,-0.04181253910064697,0.013228163123130798,0.013228163123130798,0.00017498429961215756
325,3,327,-0.02763746678829193,-0.0318831205368042,0.004245653748512268,0.004245653748512268,1.8025575752256273e-05
325,4,328,-0.025068577378988266,-0.0455361008644104,0.020467523485422134,0.020467523485422134,0.00041891951762630664
325,5,329,-0.02236524224281311,-0.04305368661880493,0.02068844437599182,0.02068844437599182,0.0004280117306985076
326,1,326,-0.1274588704109192,-0.13488411903381348,0.007425248622894287,0.007425248622894287,5.513431711179351e-05
326,2,327,-0.12727344036102295,-0.13690799474716187,0.009634554386138916,0.009634554386138916,9.282463821946862e-05
326,3,328,-0.12640583515167236,-0.13657063245773315,0.010164797306060791,0.010164797306060791,0.00010332310427330071
326,4,329,-0.1234351247549057,-0.13488411903381348,0.011448994278907776,0.011448994278907776,0.00013107946999846298
326,5,330,-0.12120598554611206,-0.1407310962677002,0.019525110721588135,0.019525110721588135,0.00038122994869027593
327,1,327,-0.05851024389266968,-0.08610206842422485,0.027591824531555176,0.027591824531555176,0.00076130878098013
327,2,328,-0.0593535378575325,-0.07361483573913574,0.014261297881603241,0.014261297881603241,0.0002033846172678211
327,3,329,-0.058476269245147705,-0.09809982776641846,0.03962355852127075,0.03962355852127075,0.001570026389888568
327,4,330,-0.05555947124958038,-0.10250711441040039,0.04694764316082001,0.04694764316082001,0.0022040811983556896
327,5,331,-0.05333772301673889,-0.11854463815689087,0.06520691514015198,0.06520691514015198,0.004251941782094981
328,1,328,-0.10860129445791245,-0.117442786693573,0.008841492235660553,0.008841492235660553,7.817198495324584e-05
328,2,329,-0.1063893660902977,-0.12723678350448608,0.020847417414188385,0.020847417414188385,0.00043461481284140513
328,3,330,-0.10587261617183685,-0.1283385157585144,0.02246589958667755,0.02246589958667755,0.0005047166442386786
328,4,331,-0.10187286138534546,-0.11756515502929688,0.015692293643951416,0.015692293643951416,0.000246248079807998
328,5,332,-0.10172384977340698,-0.12870579957962036,0.02698194980621338,0.02698194980621338,0.0007280256153450182
329,1,329,-0.1341584324836731,-0.14349228143692017,0.00933384895324707,0.00933384895324707,8.712073628203143e-05
329,2,330,-0.13337773084640503,-0.1430101990699768,0.009632468223571777,0.009632468223571777,9.278444407812003e-05
329,3,331,-0.13254457712173462,-0.14626431465148926,0.013719737529754639,0.013719737529754639,0.00018823119788535791
329,4,332,-0.1296323984861374,-0.11818397045135498,-0.01144842803478241,0.01144842803478241,0.00013106650446759183
329,5,333,-0.12756545841693878,-0.10769915580749512,-0.019866302609443665,0.019866302609443665,0.00039466997936998816
330,1,330,-0.058760516345500946,-0.05529886484146118,-0.0034616515040397644,0.0034616515040397644,1.1983031135420763e-05
330,2,331,-0.06227318197488785,-0.06445467472076416,0.0021814927458763123,0.0021814927458763123,4.758910600310973e-06
330,3,332,-0.06085531413555145,-0.0388946533203125,-0.021960660815238953,0.021960660815238953,0.0004822706234419716
330,4,333,-0.060241710394620895,-0.054027259349823,-0.006214451044797897,0.006214451044797897,3.861940178818968e-05
330,5,334,-0.05489036440849304,-0.026178300380706787,-0.028712064027786255,0.028712064027786255,0.0008243826207356975
331,1,331,-0.004800766706466675,0.020741581916809082,-0.025542348623275757,0.025542348623275757,0.000652411573192957
331,2,332,-0.009013496339321136,0.002106904983520508,-0.011120401322841644,0.011120401322841644,0.0001236633255810582
331,3,333,-0.007852688431739807,-0.0019328594207763672,-0.00591982901096344,0.00591982901096344,3.504437551904438e-05
331,4,334,-0.006858542561531067,-0.00023871660232543945,-0.0066198259592056274,0.0066198259592056274,4.3822095730172705e-05
331,5,335,-0.0017116665840148926,-0.02825605869293213,0.026544392108917236,0.026544392108917236,0.0007046047524319476
332,1,332,-0.0018524527549743652,-0.05023491382598877,0.048382461071014404,0.048382461071014404,0.0023408625392882243
332,2,333,-0.0026539787650108337,-0.09074622392654419,0.08809224516153336,0.08809224516153336,0.007760243657599697
332,3,334,-0.0023795589804649353,-0.060826122760772705,0.05844656378030777,0.05844656378030777,0.003416000817725584
332,4,335,0.0029073990881443024,-0.055530548095703125,0.05843794718384743,0.05843794718384743,0.0034149936710621415
332,5,336,0.002921178936958313,-0.04335051774978638,0.04627169668674469,0.04627169668674469,0.0021410699142700995
333,1,333,-0.04041552171111107,-0.027700066566467285,-0.012715455144643784,0.012715455144643784,0.00016168279953544806
333,2,334,-0.04193400591611862,-0.02995777130126953,-0.01197623461484909,0.01197623461484909,0.00014343019554990954
333,3,335,-0.04073105752468109,0.030470609664916992,-0.07120166718959808,0.07120166718959808,0.005069677410578288
333,4,336,-0.03991083428263664,0.01971292495727539,-0.05962375923991203,0.05962375923991203,0.0035549926658989955
333,5,337,-0.036239929497241974,0.02568948268890381,-0.06192941218614578,0.06192941218614578,0.0038352520937215417
334,1,334,0.036139607429504395,0.023840904235839844,0.01229870319366455,0.01229870319366455,0.00015125810024585462
334,2,335,0.030780065804719925,0.07443070411682129,-0.043650638312101364,0.043650638312101364,0.0019053782250538914
334,3,336,0.03178081661462784,0.09370303153991699,-0.061922214925289154,0.061922214925289154,0.003834360701253703
334,4,337,0.03401641920208931,0.08634209632873535,-0.05232567712664604,0.05232567712664604,0.0027379764867620088
334,5,338,0.039027757942676544,0.07095098495483398,-0.03192322701215744,0.03192322701215744,0.0010190924228697384
335,1,335,0.028896473348140717,0.013525724411010742,0.015370748937129974,0.015370748937129974,0.00023625992288828224
335,2,336,0.02497730404138565,0.005574584007263184,0.019402720034122467,0.019402720034122467,0.00037646554472253735
335,3,337,0.025613300502300262,-0.008404374122619629,0.03401767462491989,0.03401767462491989,0.0011572021868869187
335,4,338,0.03001656010746956,-0.0021203160285949707,0.03213687613606453,0.03213687613606453,0.0010327788077847538
335,5,339,0.03246164694428444,-0.0034027099609375,0.03586435690522194,0.03586435690522194,0.0012862520962251406
336,1,336,-0.006172090768814087,0.0012392997741699219,-0.007411390542984009,0.007411390542984009,5.49287097806328e-05
336,2,337,-0.007625482976436615,-0.026661336421966553,0.019035853445529938,0.019035853445529938,0.000362363716399694
336,3,338,-0.006897203624248505,-0.05507171154022217,0.04817450791597366,0.04817450791597366,0.002320783212946209
336,4,339,-0.004105661064386368,-0.06258809566497803,0.05848243460059166,0.05848243460059166,0.0034201951568124805
336,5,340,-0.002080202102661133,-0.07456392049789429,0.07248371839523315,0.07248371839523315,0.005253889432399461
337,1,337,-0.04733015596866608,-0.06766724586486816,0.020337089896202087,0.020337089896202087,0.00041359722544620503
337,2,338,-0.04549015313386917,-0.04112589359283447,-0.0043642595410346985,0.0043642595410346985,1.9046761341512397e-05
337,3,339,-0.04521581158041954,-0.04620003700256348,0.0009842254221439362,0.0009842254221439362,9.686996815944093e-07
337,4,340,-0.04107721894979477,-0.05036342144012451,0.009286202490329742,0.009286202490329742,8.623355669140631e-05
337,5,341,-0.04160377383232117,-0.06506514549255371,0.023461371660232544,0.023461371660232544,0.0005504359601795628
338,1,338,-0.05313684791326523,-0.11250501871109009,0.05936817079782486,0.05936817079782486,0.0035245797038797044
338,2,339,-0.05310783535242081,-0.11968958377838135,0.06658174842596054,0.06658174842596054,0.004433129223457899
338,3,340,-0.0524255707859993,-0.13079291582107544,0.07836734503507614,0.07836734503507614,0.006141440767846673
338,4,341,-0.0487978532910347,-0.1412433385848999,0.0924454852938652,0.0924454852938652,0.008546167751218248
338,5,342,-0.047516703605651855,-0.14045953750610352,0.09294283390045166,0.09294283390045166,0.008638370373446946
339,1,339,-0.10894666612148285,-0.1478857398033142,0.03893907368183136,0.03893907368183136,0.0015162514591990917
339,2,340,-0.10637146979570389,-0.145327627658844,0.038956157863140106,0.038956157863140106,0.0015175822354578927
339,3,341,-0.10579416155815125,-0.12809407711029053,0.022299915552139282,0.022299915552139282,0.0004972862336325434
339,4,342,-0.10312607884407043,-0.1254015564918518,0.022275477647781372,0.022275477647781372,0.0004961969044368075
339,5,343,-0.10243311524391174,-0.25169050693511963,0.14925739169120789,0.14925739169120789,0.022277768974462653
340,1,340,-0.18134427070617676,-0.2018343210220337,0.020490050315856934,0.020490050315856934,0.0004198421619463488
340,2,341,-0.1719103753566742,-0.22469884157180786,0.05278846621513367,0.05278846621513367,0.0027866221653463086
340,3,342,-0.17255568504333496,-0.2573224902153015,0.08476680517196655,0.08476680517196655,0.0071854112590621355
340,4,343,-0.16181209683418274,-0.1729748249053955,0.011162728071212769,0.011162728071212769,0.00012460649799184154
340,5,344,-0.16867056488990784,-0.24156826734542847,0.07289770245552063,0.07289770245552063,0.0053140750232936185
341,1,341,-0.2072620689868927,-0.23082482814788818,0.023562759160995483,0.023562759160995483,0.0005552036192790766
341,2,342,-0.20298242568969727,-0.21640008687973022,0.013417661190032959,0.013417661190032959,0.00018003363181051668
341,3,343,-0.20262828469276428,-0.22460228204727173,0.021973997354507446,0.021973997354507446,0.00048285655973590025
341,4,344,-0.19854789972305298,-0.24270391464233398,0.044156014919281006,0.044156014919281006,0.0019497536535517668
341,5,345,-0.19817182421684265,-0.211450457572937,0.01327863335609436,0.01327863335609436,0.00017632210380558178
342,1,342,-0.2448480874300003,-0.24075859785079956,-0.004089489579200745,0.004089489579200745,1.6723925018391483e-05
342,2,343,-0.24296385049819946,-0.22804135084152222,-0.014922499656677246,0.014922499656677246,0.00022268099600353253
342,3,344,-0.24299553036689758,-0.22357690334320068,-0.0194186270236969,0.0194186270236969,0.0003770830754854515
342,4,345,-0.2399345338344574,-0.2088303565979004,-0.031104177236557007,0.031104177236557007,0.0009674698415631511
342,5,346,-0.2371228039264679,-0.22046524286270142,-0.01665756106376648,0.01665756106376648,0.00027747434059310905
343,1,343,-0.24867349863052368,-0.2646486759185791,0.01597517728805542,0.01597517728805542,0.0002552062893848017
343,2,344,-0.24832063913345337,-0.26169753074645996,0.013376891613006592,0.013376891613006592,0.0001789412292261261
343,3,345,-0.24824216961860657,-0.276324987411499,0.028082817792892456,0.028082817792892456,0.0007886446551887971
343,4,346,-0.2435486912727356,-0.2717058062553406,0.02815711498260498,0.02815711498260498,0.0007928231241436379
343,5,347,-0.24054476618766785,-0.24822479486465454,0.007680028676986694,0.007680028676986694,5.8982840479337995e-05
344,1,344,-0.1801711469888687,-0.19653934240341187,0.016368195414543152,0.016368195414543152,0.00026791782112867146
344,2,345,-0.1810099482536316,-0.20088237524032593,0.019872426986694336,0.019872426986694336,0.0003949133543414973
344,3,346,-0.18021024763584137,-0.17874687910079956,-0.001463368535041809,0.001463368535041809,2.1414474693504104e-06
344,4,347,-0.17827564477920532,-0.17468398809432983,-0.0035916566848754883,0.0035916566848754883,1.2899997742010783e-05
344,5,348,-0.17437326908111572,-0.1832299828529358,0.008856713771820068,0.008856713771820068,7.844137883594726e-05
345,1,345,-0.19015054404735565,-0.14087218046188354,-0.04927836358547211,0.04927836358547211,0.0024283571176619834
345,2,346,-0.19019129872322083,-0.14348065853118896,-0.04671064019203186,0.04671064019203186,0.0021818839071494622
345,3,347,-0.18948322534561157,-0.15254145860671997,-0.0369417667388916,0.0369417667388916,0.0013646941297906778
345,4,348,-0.18582989275455475,-0.14334332942962646,-0.042486563324928284,0.042486563324928284,0.001805108063163141
345,5,349,-0.18303728103637695,-0.13359612226486206,-0.04944115877151489,0.04944115877151489,0.002444428180670144
346,1,346,-0.16724765300750732,-0.18438935279846191,0.01714169979095459,0.01714169979095459,0.00029383787172321263
346,2,347,-0.16932019591331482,-0.17808300256729126,0.00876280665397644,0.00876280665397644,7.678678045497378e-05
346,3,348,-0.16834226250648499,-0.21197926998138428,0.04363700747489929,0.04363700747489929,0.0019041884213644167
346,4,349,-0.1654205024242401,-0.19437426328659058,0.028953760862350464,0.028953760862350464,0.0008383202680741775
346,5,350,-0.1614225059747696,-0.21145367622375488,0.05003117024898529,0.05003117024898529,0.002503117996482951
347,1,347,-0.22718515992164612,-0.20498549938201904,-0.022199660539627075,0.022199660539627075,0.0004928249280746755
347,2,348,-0.22427749633789062,-0.21827161312103271,-0.00600588321685791,0.00600588321685791,3.607063321453552e-05
347,3,349,-0.2241659164428711,-0.22257381677627563,-0.001592099666595459,0.001592099666595459,2.5347813483733717e-06
347,4,350,-0.2195473611354828,-0.23332911729812622,0.013781756162643433,0.013781756162643433,0.00018993680292656023
347,5,351,-0.21854200959205627,-0.21575140953063965,-0.002790600061416626,0.002790600061416626,7.787448702778477e-06
348,1,348,-0.20806539058685303,-0.20111346244812012,-0.00695192813873291,0.00695192813873291,4.8329304846106425e-05
348,2,349,-0.20733249187469482,-0.19598990678787231,-0.01134258508682251,0.01134258508682251,0.0001286542364518084
348,3,350,-0.20688757300376892,-0.19727081060409546,-0.009616762399673462,0.009616762399673462,9.248211905177328e-05
348,4,351,-0.20368146896362305,-0.19560563564300537,-0.008075833320617676,0.008075833320617676,6.521908382239872e-05
348,5,352,-0.20093905925750732,-0.20700550079345703,0.006066441535949707,0.006066441535949707,3.680171290909584e-05
349,1,349,-0.1211799904704094,-0.10278469324111938,-0.01839529722929001,0.01839529722929001,0.00033838696015392467
349,2,350,-0.12149784713983536,-0.11346077919006348,-0.008037067949771881,0.008037067949771881,6.459446122925039e-05
349,3,351,-0.12059944123029709,-0.11781549453735352,-0.002783946692943573,0.002783946692943573,7.750359189151457e-06
349,4,352,-0.11692149192094803,-0.14970338344573975,0.03278189152479172,0.03278189152479172,0.001074652411943211
349,5,353,-0.11485125124454498,-0.1304582953453064,0.015607044100761414,0.015607044100761414,0.00024357982556311164
350,1,350,-0.08179818093776703,-0.11099880933761597,0.029200628399848938,0.029200628399848938,0.0008526766989460643
350,2,351,-0.08183933049440384,-0.1182590126991272,0.03641968220472336,0.03641968220472336,0.0013263932518930432
350,3,352,-0.08108291029930115,-0.11411029100418091,0.03302738070487976,0.03302738070487976,0.001090807876225064
350,4,353,-0.07843897491693497,-0.0994417667388916,0.021002791821956635,0.021002791821956635,0.0004411172643164485
350,5,354,-0.07647523283958435,-0.08995908498764038,0.01348385214805603,0.01348385214805603,0.00018181426875063522
351,1,351,-0.022866487503051758,-0.032481372356414795,0.009614884853363037,0.009614884853363037,9.244601074342995e-05
351,2,352,-0.025487415492534637,-0.0052834153175354,-0.020204000174999237,0.020204000174999237,0.0004082016230713692
351,3,353,-0.024312444031238556,0.14581680297851562,-0.17012923955917358,0.17012923955917358,0.028943958152982674
351,4,354,-0.023314211517572403,0.1299116611480713,-0.1532258689403534,0.1532258689403534,0.023478166912526355
351,5,355,-0.01906769722700119,0.16760706901550293,-0.18667477369308472,0.18667477369308472,0.034847471133364394
352,1,352,0.28732386231422424,0.3431905508041382,-0.05586668848991394,0.05586668848991394,0.0031210868828290828
352,2,353,0.2726837396621704,0.3431905508041382,-0.07050681114196777,0.07050681114196777,0.004971210417409111
352,3,354,0.27231350541114807,0.3456522226333618,-0.07333871722221375,0.07333871722221375,0.005378567443799831
352,4,355,0.27312326431274414,0.29975974559783936,-0.026636481285095215,0.026636481285095215,0.0007095021352512276
352,5,356,0.28474998474121094,0.29342973232269287,-0.008679747581481934,0.008679747581481934,7.533801807824148e-05
353,1,353,0.3662430942058563,0.38106095790863037,-0.014817863702774048,0.014817863702774048,0.00021956908471398862
353,2,354,0.3560341000556946,0.344230055809021,0.011804044246673584,0.011804044246673584,0.00013933546057742774
353,3,355,0.35081613063812256,0.3371971845626831,0.013618946075439453,0.013618946075439453,0.00018547569220572768
353,4,356,0.36496639251708984,0.3323850631713867,0.032581329345703125,0.032581329345703125,0.0010615430219331756
353,5,357,0.36104652285575867,0.3344208002090454,0.026625722646713257,0.026625722646713257,0.0007089291064596992
354,1,354,0.2949638068675995,0.3090701103210449,-0.014106303453445435,0.014106303453445435,0.0001989877971206866
354,2,355,0.2877824604511261,0.2999218702316284,-0.01213940978050232,0.01213940978050232,0.00014736526981895537
354,3,356,0.28481608629226685,0.3277246952056885,-0.04290860891342163,0.04290860891342163,0.0018411487188849662
354,4,357,0.2933769226074219,0.3522989749908447,-0.05892205238342285,0.05892205238342285,0.0034718082570748265
354,5,358,0.2927171587944031,0.37669384479522705,-0.08397668600082397,0.08397668600082397,0.007052083791680985
355,1,355,0.3458789885044098,0.32474637031555176,0.021132618188858032,0.021132618188858032,0.00044658755151605334
355,2,356,0.334290474653244,0.3396763801574707,-0.005385905504226685,0.005385905504226685,2.9007978100459297e-05
355,3,357,0.3317708373069763,0.3918442726135254,-0.06007343530654907,0.06007343530654907,0.0036088176295301366
355,4,358,0.3366521894931793,0.37586021423339844,-0.039208024740219116,0.039208024740219116,0.0015372692040296343
355,5,359,0.34234732389450073,0.3468780517578125,-0.004530727863311768,0.004530727863311768,2.0527494971389615e-05
356,1,356,0.3535500466823578,0.31100893020629883,0.04254111647605896,0.04254111647605896,0.001809746591029615
356,2,357,0.34330323338508606,0.3097802400588989,0.033522993326187134,0.033522993326187134,0.0011237910815475871
356,3,358,0.3386686146259308,0.3132908344268799,0.025377780199050903,0.025377780199050903,0.0006440317278313401
356,4,359,0.3521953523159027,0.3055676221847534,0.04662773013114929,0.04662773013114929,0.0021741452171832876
356,5,360,0.34941184520721436,0.3248755931854248,0.02453625202178955,0.02453625202178955,0.0006020276632767718
357,1,357,0.21325233578681946,0.1959747076034546,0.017277628183364868,0.017277628183364868,0.000298516435642604
357,2,358,0.2074970155954361,0.19340109825134277,0.014095917344093323,0.014095917344093323,0.00019869488577151095
357,3,359,0.20621025562286377,0.1906663179397583,0.015543937683105469,0.015543937683105469,0.0002416139986962662
357,4,360,0.2105480432510376,0.20482194423675537,0.0057260990142822266,0.0057260990142822266,3.278820992136389e-05
357,5,361,0.21307770907878876,0.24181902408599854,-0.028741315007209778,0.028741315007209778,0.000826063188343662
358,1,358,0.2468186616897583,0.2386864423751831,0.008132219314575195,0.008132219314575195,6.613299098034986e-05
358,2,359,0.23861578106880188,0.24809134006500244,-0.009475558996200562,0.009475558996200562,8.978621829047739e-05
358,3,360,0.2375497817993164,0.2555503845214844,-0.01800060272216797,0.01800060272216797,0.0003240216983613209
358,4,361,0.23946291208267212,0.24663186073303223,-0.007168948650360107,0.007168948650360107,5.1393824751500006e-05
358,5,362,0.24563080072402954,0.23657846450805664,0.0090523362159729,0.0090523362159729,8.194479096701457e-05
359,1,359,0.22696378827095032,0.2205357551574707,0.006428033113479614,0.006428033113479614,4.1319609707990423e-05
359,2,360,0.2209051549434662,0.25578343868255615,-0.034878283739089966,0.034878283739089966,0.0012164946765844675
359,3,361,0.21872931718826294,0.26844072341918945,-0.049711406230926514,0.049711406230926514,0.0024712239094561994
359,4,362,0.22645366191864014,0.26010942459106445,-0.033655762672424316,0.033655762672424316,0.00113271036106255
359,5,363,0.22663366794586182,0.2506566047668457,-0.024022936820983887,0.024022936820983887,0.0005771014935049834
360,1,360,0.25652047991752625,0.24931848049163818,0.0072019994258880615,0.0072019994258880615,5.186879573049197e-05
360,2,361,0.24927690625190735,0.2405003309249878,0.008776575326919556,0.008776575326919556,7.70282744690931e-05
360,3,362,0.2467813491821289,0.19730758666992188,0.04947376251220703,0.04947376251220703,0.0024476531771142618
360,4,363,0.2549302875995636,0.2045600414276123,0.050370246171951294,0.050370246171951294,0.002537161699422974
360,5,364,0.2554558515548706,0.21439123153686523,0.04106462001800537,0.04106462001800537,0.0016863030172231674
361,1,361,0.18620964884757996,0.16320812702178955,0.023001521825790405,0.023001521825790405,0.0005290700063023124
361,2,362,0.1819024682044983,0.16698527336120605,0.014917194843292236,0.014917194843292236,0.0002225227019927445
361,3,363,0.1806238293647766,0.15832924842834473,0.022294580936431885,0.022294580936431885,0.000497048339131112
361,4,364,0.18534763157367706,0.16855919361114502,0.016788437962532043,0.016788437962532043,0.00028185164922178707
361,5,365,0.1866672933101654,0.16981816291809082,0.016849130392074585,0.016849130392074585,0.00028389319496913146
362,1,362,0.24714714288711548,0.22298943996429443,0.024157702922821045,0.024157702922821045,0.0005835946105072765
362,2,363,0.24062669277191162,0.22349202632904053,0.017134666442871094,0.017134666442871094,0.00029359679410845274
362,3,364,0.2386341392993927,0.21880114078521729,0.019832998514175415,0.019832998514175415,0.0003933478300632842
362,4,365,0.24479925632476807,0.21142971515655518,0.03336954116821289,0.03336954116821289,0.001113526277777055
362,5,366,0.24635112285614014,0.20791149139404297,0.03843963146209717,0.03843963146209717,0.0014776052669418505
363,1,363,0.19485393166542053,0.17143523693084717,0.023418694734573364,0.023418694734573364,0.0005484352630711342
363,2,364,0.19034603238105774,0.17787981033325195,0.012466222047805786,0.012466222047805786,0.0001554066921451991
363,3,365,0.18870997428894043,0.1720961332321167,0.01661384105682373,0.01661384105682373,0.00027601971466140185
363,4,366,0.1950322985649109,0.1768883466720581,0.018143951892852783,0.018143951892852783,0.0003292029902901561
363,5,367,0.19538255035877228,0.14416933059692383,0.05121321976184845,0.05121321976184845,0.0026227938783753846
364,1,364,-0.07756370306015015,-0.08796709775924683,0.01040339469909668,0.01040339469909668,0.0001082306212651929
364,2,365,-0.07656411081552505,-0.0848088264465332,0.008244715631008148,0.008244715631008148,6.797533583619009e-05
364,3,366,-0.07594487071037292,-0.0824403166770935,0.006495445966720581,0.006495445966720581,4.2190818306586664e-05
364,4,367,-0.07178020477294922,-0.023620784282684326,-0.04815942049026489,0.04815942049026489,0.002319329781958146
364,5,368,-0.0712478756904602,-0.018751978874206543,-0.05249589681625366,0.05249589681625366,0.0027558191825427514
365,1,365,0.003964900970458984,-0.031039774417877197,0.03500467538833618,0.03500467538833618,0.0012253272990427888
365,2,366,-0.00198160856962204,-0.04127764701843262,0.03929603844881058,0.03929603844881058,0.0015441786377703992
365,3,367,-0.00029927492141723633,-0.07172179222106934,0.0714225172996521,0.0714225172996521,0.0051011759774191034
365,4,368,-0.0005981326103210449,-0.069297194480896,0.06869906187057495,0.06869906187057495,0.004719561101897085
365,5,369,0.006515607237815857,-0.08317208290100098,0.08968769013881683,0.08968769013881683,0.008043881762436422
366,1,366,-0.054611608386039734,-0.10168635845184326,0.04707475006580353,0.04707475006580353,0.0022160320937578692
366,2,367,-0.053280510008335114,-0.07193541526794434,0.018654905259609222,0.018654905259609222,0.00034800549024499583
366,3,368,-0.052879899740219116,-0.06835424900054932,0.0154743492603302,0.0154743492603302,0.00023945548503068181
366,4,369,-0.04896976798772812,-0.05705994367599487,0.008090175688266754,0.008090175688266754,6.545094266702245e-05
366,5,370,-0.048961445689201355,-0.07937318086624146,0.0304117351770401,0.0304117351770401,0.0009248736364784182
367,1,367,-0.09903443604707718,-0.10209345817565918,0.0030590221285820007,0.0030590221285820007,9.357616383154355e-06
367,2,368,-0.09887223690748215,-0.09876149892807007,-0.00011073797941207886,0.00011073797941207886,1.2262900084270001e-08
367,3,369,-0.09793271124362946,-0.08889877796173096,-0.009033933281898499,0.009033933281898499,8.161195054179338e-05
367,4,370,-0.09461387991905212,-0.07930254936218262,-0.015311330556869507,0.015311330556869507,0.00023443684342172588
367,5,371,-0.09277354180812836,-0.07130581140518188,-0.021467730402946472,0.021467730402946472,0.0004608634486535923
368,1,368,-0.06059829890727997,-0.06990015506744385,0.00930185616016388,0.00930185616016388,8.652452802437871e-05
368,2,369,-0.06350866705179214,-0.07689857482910156,0.013389907777309418,0.013389907777309418,0.00017928963028485123
368,3,370,-0.062240492552518845,-0.0925101637840271,0.030269671231508255,0.030269671231508255,0.0009162529964635985
368,4,371,-0.06074937433004379,-0.1205032467842102,0.05975387245416641,0.05975387245416641,0.0035705252732687875
368,5,372,-0.05628021061420441,-0.12655943632125854,0.07027922570705414,0.07027922570705414,0.004939169565983059
369,1,369,-0.1138749048113823,-0.1267564296722412,0.012881524860858917,0.012881524860858917,0.00016593368274092635
369,2,370,-0.11116478592157364,-0.15298473834991455,0.04181995242834091,0.04181995242834091,0.001748908421108697
369,3,371,-0.11080548912286758,-0.17218291759490967,0.061377428472042084,0.061377428472042084,0.0037671887258406422
369,4,372,-0.1064777672290802,-0.16028547286987305,0.05380770564079285,0.05380770564079285,0.0028952691863262103
369,5,373,-0.1068551242351532,-0.16325980424880981,0.056404680013656616,0.056404680013656616,0.003181487927442994
370,1,370,-0.17855356633663177,-0.19613194465637207,0.017578378319740295,0.017578378319740295,0.00030899938435191565
370,2,371,-0.17586907744407654,-0.19994795322418213,0.02407887578010559,0.02407887578010559,0.0005797922588337556
370,3,372,-0.17535805702209473,-0.16902488470077515,-0.00633317232131958,0.00633317232131958,4.010907165152844e-05
370,4,373,-0.17257985472679138,-0.1552082896232605,-0.017371565103530884,0.017371565103530884,0.00030177127414621197
370,5,374,-0.1711347997188568,-0.1311277151107788,-0.040007084608078,0.040007084608078,0.0016005668188379119
371,1,371,-0.13166190683841705,-0.15327543020248413,0.021613523364067078,0.021613523364067078,0.00046714439220907344
371,2,372,-0.13548696041107178,-0.17003309726715088,0.0345461368560791,0.0345461368560791,0.0011934355716789469
371,3,373,-0.13402920961380005,-0.17544299364089966,0.04141378402709961,0.04141378402709961,0.0017151015074432507
371,4,374,-0.1335510015487671,-0.17346376180648804,0.03991276025772095,0.03991276025772095,0.0015930284313903087
371,5,375,-0.12737224996089935,-0.18942975997924805,0.062057510018348694,0.062057510018348694,0.0038511345496774485
372,1,372,-0.19509395956993103,-0.18985670804977417,-0.00523725152015686,0.00523725152015686,2.7428803485385345e-05
372,2,373,-0.192427396774292,-0.20108002424240112,0.00865262746810913,0.00865262746810913,7.486796210187663e-05
372,3,374,-0.19211548566818237,-0.1785043478012085,-0.013611137866973877,0.013611137866973877,0.00018526307403377018
372,4,375,-0.18777863681316376,-0.17011910676956177,-0.01765953004360199,0.01765953004360199,0.0003118590013608813
372,5,376,-0.18690922856330872,-0.16624903678894043,-0.020660191774368286,0.020660191774368286,0.000426843524153675
373,1,373,-0.12201526761054993,-0.10962700843811035,-0.012388259172439575,0.012388259172439575,0.00015346896532353327
373,2,374,-0.12421918660402298,-0.1158905029296875,-0.00832868367433548,0.00832868367433548,6.936697174714235e-05
373,3,375,-0.12295764684677124,-0.10608673095703125,-0.01687091588973999,0.01687091588973999,0.0002846278029586813
373,4,376,-0.12098400294780731,-0.10554206371307373,-0.015441939234733582,0.015441939234733582,0.00023845348732920435
373,5,377,-0.11674940586090088,-0.10322731733322144,-0.013522088527679443,0.013522088527679443,0.00018284687815040002
374,1,374,-0.08772104978561401,-0.12403208017349243,0.03631103038787842,0.03631103038787842,0.00131849092782943
374,2,375,-0.08981365710496902,-0.12692713737487793,0.037113480269908905,0.037113480269908905,0.0013774104177449176
374,3,376,-0.08867451548576355,-0.09301340579986572,0.004338890314102173,0.004338890314102173,1.8825969157809652e-05
374,4,377,-0.08609828352928162,-0.06613057851791382,-0.019967705011367798,0.019967705011367798,0.00039870924342100267
374,5,378,-0.08267995715141296,-0.06985276937484741,-0.012827187776565552,0.012827187776565552,0.0001645367462552727
375,1,375,-0.03865569829940796,-0.03776663541793823,-0.0008890628814697266,0.0008890628814697266,7.904328072072531e-07
375,2,376,-0.042856089770793915,-0.04713624715805054,0.004280157387256622,0.004280157387256622,1.8319747259687436e-05
375,3,377,-0.04130779951810837,-0.06743711233139038,0.026129312813282013,0.026129312813282013,0.0006827409880943436
375,4,378,-0.03995194286108017,-0.06828898191452026,0.028337039053440094,0.028337039053440094,0.0008029877823161891
375,5,379,-0.034877434372901917,-0.16652816534042358,0.13165073096752167,0.13165073096752167,0.01733191496428277
376,1,376,-0.11511822789907455,-0.16916298866271973,0.05404476076364517,0.05404476076364517,0.0029208361659996407
376,2,377,-0.10845116525888443,-0.16742056608200073,0.0589694008231163,0.0589694008231163,0.0034773902334373497
376,3,378,-0.10899002104997635,-0.12879729270935059,0.019807271659374237,0.019807271659374237,0.00039232801058824984
376,4,379,-0.09875275939702988,-0.11529362201690674,0.01654086261987686,0.01654086261987686,0.00027360013620963963
376,5,380,-0.10527530312538147,-0.11122804880142212,0.005952745676040649,0.005952745676040649,3.543518108362065e-05
377,1,377,-0.14066272974014282,-0.14388084411621094,0.0032181143760681152,0.0032181143760681152,1.0356260137456275e-05
377,2,378,-0.141672283411026,-0.10862308740615845,-0.033049196004867554,0.033049196004867554,0.0010922493565681535
377,3,379,-0.14037257432937622,-0.1146392822265625,-0.02573329210281372,0.02573329210281372,0.000662202322448735
377,4,380,-0.13922302424907684,-0.09715038537979126,-0.042072638869285583,0.042072638869285583,0.00177010694142532
377,5,381,-0.13508525490760803,-0.0856776237487793,-0.049407631158828735,0.049407631158828735,0.002441114016726864
378,1,378,0.008324578404426575,-0.024476945400238037,0.03280152380466461,0.03280152380466461,0.0010759399639079792
378,2,379,0.0030641108751296997,0.007001519203186035,-0.0039374083280563354,0.0039374083280563354,1.5503184341847387e-05
378,3,380,0.004303082823753357,0.017185688018798828,-0.012882605195045471,0.012882605195045471,0.00016596151661141256
378,4,381,0.005433160811662674,0.012865066528320312,-0.0074319057166576385,0.0074319057166576385,5.523322258128849e-05
378,5,382,0.011222749948501587,0.023049354553222656,-0.01182660460472107,0.01182660460472107,0.0001398685764764096
379,1,379,-0.00791507214307785,-0.020504415035247803,0.012589342892169952,0.012589342892169952,0.0001584915544566301
379,2,380,-0.011573873460292816,-0.03514385223388672,0.023569978773593903,0.023569978773593903,0.0005555438993876671
379,3,381,-0.010487541556358337,-0.0382809042930603,0.027793362736701965,0.027793362736701965,0.0007724710122138934
379,4,382,-0.008394058793783188,-0.049484431743621826,0.04109037294983864,0.04109037294983864,0.0016884187491568309
379,5,383,-0.004347160458564758,-0.022894442081451416,0.018547281622886658,0.018547281622886658,0.00034400165559866913
380,1,380,-0.04963031783699989,-0.04676729440689087,-0.002863023430109024,0.002863023430109024,8.196903161353242e-06
380,2,381,-0.0514131560921669,-0.05288338661193848,0.001470230519771576,0.001470230519771576,2.1615777812677983e-06
380,3,382,-0.05035750940442085,-0.05361151695251465,0.0032540075480937958,0.0032540075480937958,1.0588565123051397e-05
380,4,383,-0.04911888390779495,-0.08127939701080322,0.03216051310300827,0.03216051310300827,0.0010342986030487666
380,5,384,-0.04552437365055084,-0.09365713596343994,0.0481327623128891,0.0481327623128891,0.002316762807869077
