model,rolling_step,horizon_step,target_index,predicted_value,true_value,error,absolute_error,squared_error
naive_last,0,1,0,-0.03818172216415405,-0.022094666957855225,-0.016087055206298828,0.016087055206298828,0.00025879334521050623
naive_last,0,2,1,-0.03818172216415405,-0.02554905414581299,-0.012632668018341064,0.012632668018341064,0.00015958430126161716
naive_last,0,3,2,-0.03818172216415405,-0.11284291744232178,0.07466119527816772,0.07466119527816772,0.0055742940803646945
naive_last,0,4,3,-0.03818172216415405,-0.15771639347076416,0.11953467130661011,0.11953467130661011,0.014288537644379318
naive_last,0,5,4,-0.03818172216415405,-0.13849204778671265,0.1003103256225586,0.1003103256225586,0.010062161426503735
naive_last,1,1,1,-0.1617412567138672,-0.17115896940231323,0.009417712688446045,0.009417712688446045,8.869331228211763e-05
naive_last,1,2,2,-0.1617412567138672,-0.048858463764190674,-0.11288279294967651,0.11288279294967651,0.012742524944119538
naive_last,1,3,3,-0.1617412567138672,-0.1129639744758606,-0.04877728223800659,0.04877728223800659,0.0023792232625261533
naive_last,1,4,4,-0.1617412567138672,-0.11738055944442749,-0.0443606972694397,0.0443606972694397,0.0019678714622308746
naive_last,1,5,5,-0.1617412567138672,-0.13701164722442627,-0.024729609489440918,0.024729609489440918,0.0006115535855002463
naive_last,2,1,2,-0.13265997171401978,-0.1489139199256897,0.016253948211669922,0.016253948211669922,0.00026419083246764785
naive_last,2,2,3,-0.13265997171401978,-0.18026340007781982,0.04760342836380005,0.04760342836380005,0.002266086391987443
naive_last,2,3,4,-0.13265997171401978,-0.18161791563034058,0.0489579439163208,0.0489579439163208,0.002396880272513613
naive_last,2,4,5,-0.13265997171401978,-0.20906704664230347,0.07640707492828369,0.07640707492828369,0.005838041099096358
naive_last,2,5,6,-0.13265997171401978,-0.18357622623443604,0.05091625452041626,0.05091625452041626,0.002592464974387809
naive_last,3,1,3,-0.24186217784881592,-0.21156877279281616,-0.030293405055999756,0.030293405055999756,0.0009176903898868716
naive_last,3,2,4,-0.24186217784881592,-0.192050039768219,-0.049812138080596924,0.049812138080596924,0.002481249100160454
naive_last,3,3,5,-0.24186217784881592,-0.17065221071243286,-0.07120996713638306,0.07120996713638306,0.005070859419564755
naive_last,3,4,6,-0.24186217784881592,-0.16690915822982788,-0.07495301961898804,0.07495301961898804,0.005617955150004406
naive_last,3,5,7,-0.24186217784881592,-0.1597866415977478,-0.08207553625106812,0.08207553625106812,0.006736393650900396
naive_last,4,1,4,-0.20505839586257935,-0.21285808086395264,0.007799685001373291,0.007799685001373291,6.0835086120647475e-05
naive_last,4,2,5,-0.20505839586257935,-0.1795802116394043,-0.02547818422317505,0.02547818422317505,0.000649137871310046
naive_last,4,3,6,-0.20505839586257935,-0.14400827884674072,-0.06105011701583862,0.06105011701583862,0.0037271167876475886
naive_last,4,4,7,-0.20505839586257935,-0.14078223705291748,-0.06427615880966187,0.06427615880966187,0.004131424591324873
naive_last,4,5,8,-0.20505839586257935,-0.15793025493621826,-0.047128140926361084,0.047128140926361084,0.0022210616671749506
naive_last,5,1,5,-0.18133538961410522,-0.16809314489364624,-0.013242244720458984,0.013242244720458984,0.00017535704523652385
naive_last,5,2,6,-0.18133538961410522,-0.16642040014266968,-0.014914989471435547,0.014914989471435547,0.00022245691093303321
naive_last,5,3,7,-0.18133538961410522,-0.1741148829460144,-0.00722050666809082,0.00722050666809082,5.2135716543944e-05
naive_last,5,4,8,-0.18133538961410522,-0.10868418216705322,-0.072651207447052,0.072651207447052,0.005278197943514584
naive_last,5,5,9,-0.18133538961410522,-0.08554500341415405,-0.09579038619995117,0.09579038619995117,0.009175798088335796
naive_last,6,1,6,-0.08423018455505371,-0.07958179712295532,-0.004648387432098389,0.004648387432098389,2.1607505718890252e-05
naive_last,6,2,7,-0.08423018455505371,-0.10119068622589111,0.016960501670837402,0.016960501670837402,0.0002876586169264783
naive_last,6,3,8,-0.08423018455505371,-0.10613226890563965,0.021902084350585938,0.021902084350585938,0.00047970129890018143
naive_last,6,4,9,-0.08423018455505371,-0.1060066819190979,0.02177649736404419,0.02177649736404419,0.00047421583744622353
naive_last,6,5,10,-0.08423018455505371,-0.11065512895584106,0.026424944400787354,0.026424944400787354,0.0006982776865847029
naive_last,7,1,7,-0.03102666139602661,-0.03346008062362671,0.0024334192276000977,0.0024334192276000977,5.921529137253856e-06
naive_last,7,2,8,-0.03102666139602661,-0.03183269500732422,0.0008060336112976074,0.0008060336112976074,6.496901825414625e-07
naive_last,7,3,9,-0.03102666139602661,-0.04629659652709961,0.015269935131072998,0.015269935131072998,0.00023317091890717734
naive_last,7,4,10,-0.03102666139602661,-0.02308744192123413,-0.00793921947479248,0.00793921947479248,6.303120586892419e-05
naive_last,7,5,11,-0.03102666139602661,-0.021171092987060547,-0.009855568408966064,0.009855568408966064,9.713222866380988e-05
naive_last,8,1,8,0.005593776702880859,0.007890582084655762,-0.0022968053817749023,0.0022968053817749023,5.275314961750155e-06
naive_last,8,2,9,0.005593776702880859,0.011703133583068848,-0.006109356880187988,0.006109356880187988,3.732424148950031e-05
naive_last,8,3,10,0.005593776702880859,0.048281311988830566,-0.04268753528594971,0.04268753528594971,0.0018222256687892013
naive_last,8,4,11,0.005593776702880859,0.041953086853027344,-0.036359310150146484,0.036359310150146484,0.0013219994345945452
naive_last,8,5,12,0.005593776702880859,0.07492184638977051,-0.06932806968688965,0.06932806968688965,0.004806381246510227
naive_last,9,1,9,0.13577449321746826,0.13027679920196533,0.00549769401550293,0.00549769401550293,3.0224639488096727e-05
naive_last,9,2,10,0.13577449321746826,0.1518878936767578,-0.01611340045928955,0.01611340045928955,0.0002596416743614327
naive_last,9,3,11,0.13577449321746826,0.14586186408996582,-0.010087370872497559,0.010087370872497559,0.00010175505111931216
naive_last,9,4,12,0.13577449321746826,0.1596308946609497,-0.023856401443481445,0.023856401443481445,0.0005691278898325436
naive_last,9,5,13,0.13577449321746826,0.14599394798278809,-0.010219454765319824,0.010219454765319824,0.00010443725570041806
naive_last,10,1,10,0.19194316864013672,0.19060373306274414,0.0013394355773925781,0.0013394355773925781,1.7940876659849891e-06
naive_last,10,2,11,0.19194316864013672,0.17259085178375244,0.019352316856384277,0.019352316856384277,0.00037451216770989504
naive_last,10,3,12,0.19194316864013672,0.20564603805541992,-0.013702869415283203,0.013702869415283203,0.00018776863021230383
naive_last,10,4,13,0.19194316864013672,0.197249174118042,-0.0053060054779052734,0.0053060054779052734,2.815369413156077e-05
naive_last,10,5,14,0.19194316864013672,0.19474220275878906,-0.0027990341186523438,0.0027990341186523438,7.834591997379903e-06
naive_last,11,1,11,0.11090362071990967,0.08947646617889404,0.021427154541015625,0.021427154541015625,0.0004591229517245665
naive_last,11,2,12,0.11090362071990967,0.11531031131744385,-0.00440669059753418,0.00440669059753418,1.9418922022396146e-05
naive_last,11,3,13,0.11090362071990967,0.1371365785598755,-0.02623295783996582,0.02623295783996582,0.0006881680770334242
naive_last,11,4,14,0.11090362071990967,0.13151633739471436,-0.020612716674804688,0.020612716674804688,0.0004248840887157712
naive_last,11,5,15,0.11090362071990967,0.15931415557861328,-0.04841053485870361,0.04841053485870361,0.0023435798853057577
naive_last,12,1,12,0.23906147480010986,0.25192832946777344,-0.012866854667663574,0.012866854667663574,0.0001655559490387759
naive_last,12,2,13,0.23906147480010986,0.25953924655914307,-0.020477771759033203,0.020477771759033203,0.0004193391362150578
naive_last,12,3,14,0.23906147480010986,0.22733783721923828,0.011723637580871582,0.011723637580871582,0.00013744367812762448
naive_last,12,4,15,0.23906147480010986,0.21769630908966064,0.02136516571044922,0.02136516571044922,0.00045647030583495507
naive_last,12,5,16,0.23906147480010986,0.22697949409484863,0.01208198070526123,0.01208198070526123,0.00014597425776230466
naive_last,13,1,13,0.4085806608200073,0.40728759765625,0.0012930631637573242,0.0012930631637573242,1.6720123454661007e-06
naive_last,13,2,14,0.4085806608200073,0.4118325710296631,-0.0032519102096557617,0.0032519102096557617,1.057492001166338e-05
naive_last,13,3,15,0.4085806608200073,0.43555688858032227,-0.02697622776031494,0.02697622776031494,0.0007277168641763865
naive_last,13,4,16,0.4085806608200073,0.42470359802246094,-0.016122937202453613,0.016122937202453613,0.00025994910403426275
naive_last,13,5,17,0.4085806608200073,0.405642032623291,0.0029386281967163086,0.0029386281967163086,8.635535678536144e-06
naive_last,14,1,14,0.3758052587509155,0.3823438882827759,-0.0065386295318603516,0.0065386295318603516,4.275367615491632e-05
naive_last,14,2,15,0.3758052587509155,0.36215293407440186,0.013652324676513672,0.013652324676513672,0.00018638596907294414
naive_last,14,3,16,0.3758052587509155,0.34781014919281006,0.02799510955810547,0.02799510955810547,0.0007837261591703282
naive_last,14,4,17,0.3758052587509155,0.34493398666381836,0.030871272087097168,0.030871272087097168,0.0009530354402755847
naive_last,14,5,18,0.3758052587509155,0.3504371643066406,0.025368094444274902,0.025368094444274902,0.0006435402157336512
naive_last,15,1,15,0.3536818027496338,0.37038445472717285,-0.016702651977539062,0.016702651977539062,0.00027897858308278956
naive_last,15,2,16,0.3536818027496338,0.3547004461288452,-0.0010186433792114258,0.0010186433792114258,1.0376343340112726e-06
naive_last,15,3,17,0.3536818027496338,0.3715571165084839,-0.017875313758850098,0.017875313758850098,0.0003195268419773356
naive_last,15,4,18,0.3536818027496338,0.37390196323394775,-0.020220160484313965,0.020220160484313965,0.00040885489001141195
naive_last,15,5,19,0.3536818027496338,0.36982715129852295,-0.01614534854888916,0.01614534854888916,0.0002606722797651173
naive_last,16,1,16,0.29814207553863525,0.3071584701538086,-0.00901639461517334,0.00901639461517334,8.12953718565268e-05
naive_last,16,2,17,0.29814207553863525,0.2750455141067505,0.023096561431884766,0.023096561431884766,0.0005334511499768269
naive_last,16,3,18,0.29814207553863525,0.2663205862045288,0.031821489334106445,0.031821489334106445,0.0010126071834406503
naive_last,16,4,19,0.29814207553863525,0.40881597995758057,-0.11067390441894531,0.11067390441894531,0.012248713119333843
naive_last,16,5,20,0.29814207553863525,0.3661384582519531,-0.06799638271331787,0.06799638271331787,0.004623508062095993
naive_last,17,1,17,0.2566981315612793,0.3008662462234497,-0.04416811466217041,0.04416811466217041,0.0019508223528106328
naive_last,17,2,18,0.2566981315612793,0.2792346477508545,-0.022536516189575195,0.022536516189575195,0.0005078945619629849
naive_last,17,3,19,0.2566981315612793,0.2935272455215454,-0.03682911396026611,0.03682911396026611,0.0013563836350982683
naive_last,17,4,20,0.2566981315612793,0.27650344371795654,-0.019805312156677246,0.019805312156677246,0.0003922503896234275
naive_last,17,5,21,0.2566981315612793,0.28901994228363037,-0.032321810722351074,0.032321810722351074,0.0010446994483714889
naive_last,18,1,18,0.16673743724822998,0.16153550148010254,0.005201935768127441,0.005201935768127441,2.7060135735723634e-05
naive_last,18,2,19,0.16673743724822998,0.19813156127929688,-0.031394124031066895,0.031394124031066895,0.0009855910236780119
naive_last,18,3,20,0.16673743724822998,0.18308663368225098,-0.016349196434020996,0.016349196434020996,0.00026729622403820485
naive_last,18,4,21,0.16673743724822998,0.1861957311630249,-0.019458293914794922,0.019458293914794922,0.0003786252020745451
naive_last,18,5,22,0.16673743724822998,0.19089722633361816,-0.024159789085388184,0.024159789085388184,0.000583695408650442
naive_last,19,1,19,0.235609769821167,0.2075059413909912,0.02810382843017578,0.02810382843017578,0.0007898251724327565
naive_last,19,2,20,0.235609769821167,0.1825019121170044,0.0531078577041626,0.0531078577041626,0.0028204445499255826
naive_last,19,3,21,0.235609769821167,0.17658531665802002,0.05902445316314697,0.05902445316314697,0.0034838860712085307
naive_last,19,4,22,0.235609769821167,0.16302120685577393,0.07258856296539307,0.07258856296539307,0.005269099473380834
naive_last,19,5,23,0.235609769821167,0.18771040439605713,0.04789936542510986,0.04789936542510986,0.00229434920812821
naive_last,20,1,20,0.1701263189315796,0.1678164005279541,0.0023099184036254883,0.0023099184036254883,5.335723031407724e-06
naive_last,20,2,21,0.1701263189315796,0.16905665397644043,0.0010696649551391602,0.0010696649551391602,1.1441831162528615e-06
naive_last,20,3,22,0.1701263189315796,0.15863895416259766,0.011487364768981934,0.011487364768981934,0.00013195954933564735
naive_last,20,4,23,0.1701263189315796,0.16442131996154785,0.005704998970031738,0.005704998970031738,3.2547013248063195e-05
naive_last,20,5,24,0.1701263189315796,0.14518260955810547,0.02494370937347412,0.02494370937347412,0.0006221886373083407
naive_last,21,1,21,0.07899272441864014,0.07374894618988037,0.005243778228759766,0.005243778228759766,2.7497210112414905e-05
naive_last,21,2,22,0.07899272441864014,0.07658267021179199,0.0024100542068481445,0.0024100542068481445,5.808361279946439e-06
naive_last,21,3,23,0.07899272441864014,0.09352636337280273,-0.014533638954162598,0.014533638954162598,0.00021122666124995249
naive_last,21,4,24,0.07899272441864014,0.09907686710357666,-0.020084142684936523,0.020084142684936523,0.00040337278738888926
naive_last,21,5,25,0.07899272441864014,0.09885776042938232,-0.019865036010742188,0.019865036010742188,0.0003946196557080839
naive_last,22,1,22,0.08500635623931885,0.1043325662612915,-0.019326210021972656,0.019326210021972656,0.00037350239381339634
naive_last,22,2,23,0.08500635623931885,0.08454477787017822,0.000461578369140625,0.000461578369140625,2.1305459085851908e-07
naive_last,22,3,24,0.08500635623931885,0.08298730850219727,0.002019047737121582,0.002019047737121582,4.076553764775781e-06
naive_last,22,4,25,0.08500635623931885,0.08975136280059814,-0.004745006561279297,0.004745006561279297,2.2515087266583578e-05
naive_last,22,5,26,0.08500635623931885,0.10289037227630615,-0.017884016036987305,0.017884016036987305,0.0003198380296112191
naive_last,23,1,23,0.12068593502044678,0.14164292812347412,-0.020956993103027344,0.020956993103027344,0.00043919555992033565
naive_last,23,2,24,0.12068593502044678,0.13683593273162842,-0.01614999771118164,0.01614999771118164,0.00026082242607117223
naive_last,23,3,25,0.12068593502044678,0.14347481727600098,-0.0227888822555542,0.0227888822555542,0.000519333154457513
naive_last,23,4,26,0.12068593502044678,0.14073431491851807,-0.02004837989807129,0.02004837989807129,0.00040193753653738895
naive_last,23,5,27,0.12068593502044678,0.12136006355285645,-0.000674128532409668,0.000674128532409668,4.5444927820881276e-07
naive_last,24,1,24,0.04297804832458496,0.029674410820007324,0.013303637504577637,0.013303637504577637,0.0001769867708532047
naive_last,24,2,25,0.04297804832458496,0.03684413433074951,0.006133913993835449,0.006133913993835449,3.762490088377035e-05
naive_last,24,3,26,0.04297804832458496,0.020827889442443848,0.022150158882141113,0.022150158882141113,0.0004906295385040949
naive_last,24,4,27,0.04297804832458496,0.013794422149658203,0.029183626174926758,0.029183626174926758,0.0008516840367178702
naive_last,24,5,28,0.04297804832458496,0.013317346572875977,0.029660701751708984,0.029660701751708984,0.0008797572284038324
naive_last,25,1,25,0.034871697425842285,0.022315025329589844,0.012556672096252441,0.012556672096252441,0.00015767001413280468
naive_last,25,2,26,0.034871697425842285,-0.001405954360961914,0.0362776517868042,0.0362776517868042,0.001316068019164618
naive_last,25,3,27,0.034871697425842285,0.012111067771911621,0.022760629653930664,0.022760629653930664,0.0005180462622433879
naive_last,25,4,28,0.034871697425842285,-0.010844290256500244,0.04571598768234253,0.04571598768234253,0.002089951529772094
naive_last,25,5,29,0.034871697425842285,-0.0037447214126586914,0.03861641883850098,0.03861641883850098,0.0014912278039105331
naive_last,26,1,26,-0.007296264171600342,-0.010874927043914795,0.003578662872314453,0.003578662872314453,1.2806827953681932e-05
naive_last,26,2,27,-0.007296264171600342,-0.004272282123565674,-0.003023982048034668,0.003023982048034668,9.144467426835945e-06
naive_last,26,3,28,-0.007296264171600342,0.0174638032913208,-0.024760067462921143,0.024760067462921143,0.0006130609407684062
naive_last,26,4,29,-0.007296264171600342,-0.021666765213012695,0.014370501041412354,0.014370501041412354,0.00020651130018123354
naive_last,26,5,30,-0.007296264171600342,-0.007240712642669678,-5.555152893066406e-05,5.555152893066406e-05,3.0859723665344063e-09
naive_last,27,1,27,0.0038291215896606445,-0.006059110164642334,0.009888231754302979,0.009888231754302979,9.777712722680576e-05
naive_last,27,2,28,0.0038291215896606445,0.006423830986022949,-0.0025947093963623047,0.0025947093963623047,6.7325168515708356e-06
naive_last,27,3,29,0.0038291215896606445,-0.0012622475624084473,0.005091369152069092,0.005091369152069092,2.5922039842640743e-05
naive_last,27,4,30,0.0038291215896606445,0.005540251731872559,-0.001711130142211914,0.001711130142211914,2.9279663635861652e-06
naive_last,27,5,31,0.0038291215896606445,0.026929616928100586,-0.02310049533843994,0.02310049533843994,0.0005336328848812855
naive_last,28,1,28,0.020261049270629883,0.02179396152496338,-0.001532912254333496,0.001532912254333496,2.349819979485801e-06
naive_last,28,2,29,0.020261049270629883,0.021988987922668457,-0.0017279386520385742,0.0017279386520385742,2.985771985208885e-06
naive_last,28,3,30,0.020261049270629883,0.022811174392700195,-0.0025501251220703125,0.0025501251220703125,6.503138138214126e-06
naive_last,28,4,31,0.020261049270629883,0.02888667583465576,-0.008625626564025879,0.008625626564025879,7.440143362202889e-05
naive_last,28,5,32,0.020261049270629883,0.04624950885772705,-0.025988459587097168,0.025988459587097168,0.0006754000317101827
naive_last,29,1,29,-0.0329095721244812,-0.03211098909378052,-0.0007985830307006836,0.0007985830307006836,6.37734856923089e-07
naive_last,29,2,30,-0.0329095721244812,-0.031814754009246826,-0.001094818115234375,0.001094818115234375,1.1986267054453492e-06
naive_last,29,3,31,-0.0329095721244812,-0.1415562629699707,0.1086466908454895,0.1086466908454895,0.011804103431675372
naive_last,29,4,32,-0.0329095721244812,-0.1648956537246704,0.1319860816001892,0.1319860816001892,0.017420325736171804
naive_last,29,5,33,-0.0329095721244812,-0.17860037088394165,0.14569079875946045,0.14569079875946045,0.021225808843169602
naive_last,30,1,30,-0.16733908653259277,-0.18090534210205078,0.013566255569458008,0.013566255569458008,0.00018404329017585042
naive_last,30,2,31,-0.16733908653259277,-0.16963714361190796,0.0022980570793151855,0.0022980570793151855,5.281066339790641e-06
naive_last,30,3,32,-0.16733908653259277,-0.19184714555740356,0.02450805902481079,0.02450805902481079,0.0006006449571636097
naive_last,30,4,33,-0.16733908653259277,-0.18823033571243286,0.020891249179840088,0.020891249179840088,0.00043644429229416914
naive_last,30,5,34,-0.16733908653259277,-0.17510801553726196,0.0077689290046691895,0.0077689290046691895,6.03562578795902e-05
naive_last,31,1,31,-0.17672044038772583,-0.1828191876411438,0.006098747253417969,0.006098747253417969,3.719471806107322e-05
naive_last,31,2,32,-0.17672044038772583,-0.20636719465255737,0.029646754264831543,0.029646754264831543,0.0008789300384393073
naive_last,31,3,33,-0.17672044038772583,-0.20522040128707886,0.028499960899353027,0.028499960899353027,0.0008122477712646514
naive_last,31,4,34,-0.17672044038772583,-0.2057807445526123,0.029060304164886475,0.029060304164886475,0.0008445012781557182
naive_last,31,5,35,-0.17672044038772583,-0.21548926830291748,0.03876882791519165,0.03876882791519165,0.0015030220179177434
naive_last,32,1,32,-0.20083630084991455,-0.2065710425376892,0.005734741687774658,0.005734741687774658,3.2887262225500535e-05
naive_last,32,2,33,-0.20083630084991455,-0.21635466814041138,0.015518367290496826,0.015518367290496826,0.0002408197233627618
naive_last,32,3,34,-0.20083630084991455,-0.2179078459739685,0.017071545124053955,0.017071545124053955,0.00029143765292261037
naive_last,32,4,35,-0.20083630084991455,-0.21113765239715576,0.010301351547241211,0.010301351547241211,0.00010611784369984889
naive_last,32,5,36,-0.20083630084991455,-0.18618083000183105,-0.014655470848083496,0.014655470848083496,0.0002147828257790252
naive_last,33,1,33,-0.16604316234588623,-0.13452410697937012,-0.03151905536651611,0.03151905536651611,0.0009934508511975082
naive_last,33,2,34,-0.16604316234588623,-0.1380745768547058,-0.02796858549118042,0.02796858549118042,0.0007822417743774679
naive_last,33,3,35,-0.16604316234588623,-0.11856722831726074,-0.04747593402862549,0.04747593402862549,0.0022539643118903996
naive_last,33,4,36,-0.16604316234588623,-0.128198504447937,-0.03784465789794922,0.03784465789794922,0.0014322181314128102
naive_last,33,5,37,-0.16604316234588623,-0.1197236180305481,-0.046319544315338135,0.046319544315338135,0.0021455001855805733
naive_last,34,1,34,-0.1548910140991211,-0.16468596458435059,0.009794950485229492,0.009794950485229492,9.594105500809746e-05
naive_last,34,2,35,-0.1548910140991211,-0.1360453963279724,-0.01884561777114868,0.01884561777114868,0.000355157309176235
naive_last,34,3,36,-0.1548910140991211,-0.12051719427108765,-0.03437381982803345,0.03437381982803345,0.0011815594895701054
naive_last,34,4,37,-0.1548910140991211,-0.12916290760040283,-0.02572810649871826,0.02572810649871826,0.0006619354640093889
naive_last,34,5,38,-0.1548910140991211,-0.14201384782791138,-0.012877166271209717,0.012877166271209717,0.00016582141117638116
naive_last,35,1,35,-0.15666234493255615,-0.1654300093650818,0.008767664432525635,0.008767664432525635,7.687193960137506e-05
naive_last,35,2,36,-0.15666234493255615,-0.1621180772781372,0.005455732345581055,0.005455732345581055,2.9765015426619357e-05
naive_last,35,3,37,-0.15666234493255615,-0.17300385236740112,0.01634150743484497,0.01634150743484497,0.00026704486524309345
naive_last,35,4,38,-0.15666234493255615,-0.16879332065582275,0.012130975723266602,0.012130975723266602,0.00014716057199848365
naive_last,35,5,39,-0.15666234493255615,-0.15641844272613525,-0.00024390220642089844,0.00024390220642089844,5.948828629698255e-08
naive_last,36,1,36,-0.13006353378295898,-0.14019066095352173,0.010127127170562744,0.010127127170562744,0.00010255870472875017
naive_last,36,2,37,-0.13006353378295898,-0.12039977312088013,-0.009663760662078857,0.009663760662078857,9.33882701339428e-05
naive_last,36,3,38,-0.13006353378295898,-0.12791895866394043,-0.0021445751190185547,0.0021445751190185547,4.599202441113448e-06
naive_last,36,4,39,-0.13006353378295898,-0.12430500984191895,-0.005758523941040039,0.005758523941040039,3.31605979795313e-05
naive_last,36,5,40,-0.13006353378295898,-0.11975115537643433,-0.010312378406524658,0.010312378406524658,0.00010634514839935605
naive_last,37,1,37,-0.09455597400665283,-0.09100192785263062,-0.003554046154022217,0.003554046154022217,1.263124406492011e-05
naive_last,37,2,38,-0.09455597400665283,-0.09680277109146118,0.0022467970848083496,0.0022467970848083496,5.048097140303298e-06
naive_last,37,3,39,-0.09455597400665283,-0.10306656360626221,0.008510589599609375,0.008510589599609375,7.243013533297926e-05
naive_last,37,4,40,-0.09455597400665283,-0.09318065643310547,-0.0013753175735473633,0.0013753175735473633,1.891498428108207e-06
naive_last,37,5,41,-0.09455597400665283,-0.10116010904312134,0.006604135036468506,0.006604135036468506,4.361459957991087e-05
naive_last,38,1,38,-0.07431143522262573,-0.08788639307022095,0.013574957847595215,0.013574957847595215,0.0001842794805639869
naive_last,38,2,39,-0.07431143522262573,-0.0761345624923706,0.001823127269744873,0.001823127269744873,3.323793041687395e-06
naive_last,38,3,40,-0.07431143522262573,-0.07356822490692139,-0.0007432103157043457,0.0007432103157043457,5.523615733693532e-07
naive_last,38,4,41,-0.07431143522262573,-0.09029841423034668,0.015986979007720947,0.015986979007720947,0.00025558349779331024
naive_last,38,5,42,-0.07431143522262573,-0.09398669004440308,0.019675254821777344,0.019675254821777344,0.0003871156523018726
naive_last,39,1,39,-0.08832287788391113,-0.0784449577331543,-0.009877920150756836,0.009877920150756836,9.757330650472795e-05
naive_last,39,2,40,-0.08832287788391113,-0.09409445524215698,0.00577157735824585,0.00577157735824585,3.331110520221614e-05
naive_last,39,3,41,-0.08832287788391113,-0.10944753885269165,0.021124660968780518,0.021124660968780518,0.00044625130104591904
naive_last,39,4,42,-0.08832287788391113,-0.1314188838005066,0.04309600591659546,0.04309600591659546,0.0018572657259632308
naive_last,39,5,43,-0.08832287788391113,-0.12396818399429321,0.03564530611038208,0.03564530611038208,0.001270587847702842
naive_last,40,1,40,-0.15338146686553955,-0.15413153171539307,0.0007500648498535156,0.0007500648498535156,5.625972789857769e-07
naive_last,40,2,41,-0.15338146686553955,-0.17612886428833008,0.022747397422790527,0.022747397422790527,0.0005174440895103771
naive_last,40,3,42,-0.15338146686553955,-0.16407322883605957,0.01069176197052002,0.01069176197052002,0.00011431377403425813
naive_last,40,4,43,-0.15338146686553955,-0.11679190397262573,-0.03658956289291382,0.03658956289291382,0.0013387961126944958
naive_last,40,5,44,-0.15338146686553955,-0.10161334276199341,-0.05176812410354614,0.05176812410354614,0.002679938673200155
naive_last,41,1,41,-0.12333649396896362,-0.10523796081542969,-0.018098533153533936,0.018098533153533936,0.000327556902309567
naive_last,41,2,42,-0.12333649396896362,-0.10442620515823364,-0.01891028881072998,0.01891028881072998,0.0003575990229052195
naive_last,41,3,43,-0.12333649396896362,-0.110068678855896,-0.013267815113067627,0.013267815113067627,0.00017603491787454573
naive_last,41,4,44,-0.12333649396896362,-0.01747310161590576,-0.10586339235305786,0.10586339235305786,0.01120705784049747
naive_last,41,5,45,-0.12333649396896362,-0.0464974045753479,-0.07683908939361572,0.07683908939361572,0.005904245658840068
naive_last,42,1,42,0.1421602964401245,0.12607598304748535,0.01608431339263916,0.01608431339263916,0.00025870513731263145
naive_last,42,2,43,0.1421602964401245,0.10262703895568848,0.039533257484436035,0.039533257484436035,0.0015628784473307178
naive_last,42,3,44,0.1421602964401245,0.06642544269561768,0.07573485374450684,0.07573485374450684,0.005735768071701841
naive_last,42,4,45,0.1421602964401245,0.06837022304534912,0.07379007339477539,0.07379007339477539,0.005444974931606339
naive_last,42,5,46,0.1421602964401245,0.05442202091217041,0.0877382755279541,0.0877382755279541,0.00769800499261919
naive_last,43,1,43,0.054825544357299805,0.07995784282684326,-0.025132298469543457,0.025132298469543457,0.0006316324263622164
naive_last,43,2,44,0.054825544357299805,0.06959235668182373,-0.014766812324523926,0.014766812324523926,0.0002180587462277117
naive_last,43,3,45,0.054825544357299805,0.06635510921478271,-0.01152956485748291,0.01152956485748291,0.00013293086580290492
naive_last,43,4,46,0.054825544357299805,0.0362473726272583,0.018578171730041504,0.018578171730041504,0.0003451484648309133
naive_last,43,5,47,0.054825544357299805,0.020236611366271973,0.03458893299102783,0.03458893299102783,0.0011963942854578136
naive_last,44,1,44,0.07040441036224365,0.06960129737854004,0.0008031129837036133,0.0008031129837036133,6.449904645933202e-07
naive_last,44,2,45,0.07040441036224365,0.07617652416229248,-0.005772113800048828,0.005772113800048828,3.331729772071412e-05
naive_last,44,3,46,0.07040441036224365,0.07878673076629639,-0.008382320404052734,0.008382320404052734,7.02632953561988e-05
naive_last,44,4,47,0.07040441036224365,0.09698998928070068,-0.02658557891845703,0.02658557891845703,0.0007067930064295069
naive_last,44,5,48,0.07040441036224365,0.06618809700012207,0.004216313362121582,0.004216313362121582,1.7777298367605e-05
naive_last,45,1,45,0.0016189813613891602,0.0048410892486572266,-0.0032221078872680664,0.0032221078872680664,1.0381979237195083e-05
naive_last,45,2,46,0.0016189813613891602,0.027459144592285156,-0.025840163230895996,0.025840163230895996,0.0006677140357993494
naive_last,45,3,47,0.0016189813613891602,0.032677412033081055,-0.031058430671691895,0.031058430671691895,0.0009646261157882918
naive_last,45,4,48,0.0016189813613891602,0.0187985897064209,-0.01717960834503174,0.01717960834503174,0.00029513894288868414
naive_last,45,5,49,0.0016189813613891602,0.027254819869995117,-0.025635838508605957,0.025635838508605957,0.0006571962160393241
naive_last,46,1,46,0.02182614803314209,0.024202704429626465,-0.002376556396484375,0.002376556396484375,5.648020305670798e-06
naive_last,46,2,47,0.02182614803314209,0.04398059844970703,-0.02215445041656494,0.02215445041656494,0.0004908196732600345
naive_last,46,3,48,0.02182614803314209,0.03278613090515137,-0.010959982872009277,0.010959982872009277,0.00012012122455473673
naive_last,46,4,49,0.02182614803314209,0.008223891258239746,0.013602256774902344,0.013602256774902344,0.0001850213893703767
naive_last,46,5,50,0.02182614803314209,0.01217949390411377,0.00964665412902832,0.00964665412902832,9.305793588509914e-05
naive_last,47,1,47,-0.00421452522277832,0.006060361862182617,-0.010274887084960938,0.010274887084960938,0.00010557330460869707
naive_last,47,2,48,-0.00421452522277832,0.0072754621505737305,-0.01148998737335205,0.01148998737335205,0.00013201980983978956
naive_last,47,3,49,-0.00421452522277832,-0.018380939960479736,0.014166414737701416,0.014166414737701416,0.00020068730652056388
naive_last,47,4,50,-0.00421452522277832,-0.05601954460144043,0.05180501937866211,0.05180501937866211,0.0026837600328235567
naive_last,47,5,51,-0.00421452522277832,-0.03488534688949585,0.03067082166671753,0.03067082166671753,0.0009406993017115894
naive_last,48,1,48,-0.033949196338653564,-0.04132413864135742,0.007374942302703857,0.007374942302703857,5.4389773968210875e-05
naive_last,48,2,49,-0.033949196338653564,-0.05207085609436035,0.018121659755706787,0.018121659755706787,0.00032839455230160297
naive_last,48,3,50,-0.033949196338653564,-0.06589680910110474,0.03194761276245117,0.03194761276245117,0.001020649961219533
naive_last,48,4,51,-0.033949196338653564,-0.08597385883331299,0.052024662494659424,0.052024662494659424,0.002706565507683223
naive_last,48,5,52,-0.033949196338653564,-0.06996148824691772,0.03601229190826416,0.03601229190826416,0.0012968851684860283
naive_last,49,1,49,-0.0951089859008789,-0.11179685592651367,0.016687870025634766,0.016687870025634766,0.0002784850059924793
naive_last,49,2,50,-0.0951089859008789,-0.1088457703590393,0.0137367844581604,0.0137367844581604,0.00018869924724995712
naive_last,49,3,51,-0.0951089859008789,-0.17977678775787354,0.08466780185699463,0.08466780185699463,0.007168636671295303
naive_last,49,4,52,-0.0951089859008789,-0.21246349811553955,0.11735451221466064,0.11735451221466064,0.013772081537140934
naive_last,49,5,53,-0.0951089859008789,-0.19649463891983032,0.10138565301895142,0.10138565301895142,0.010279050638079212
naive_last,50,1,50,-0.17532014846801758,-0.12035483121871948,-0.054965317249298096,0.054965317249298096,0.0030211861003159868
naive_last,50,2,51,-0.17532014846801758,-0.10943865776062012,-0.06588149070739746,0.06588149070739746,0.004340370817828898
naive_last,50,3,52,-0.17532014846801758,-0.11677241325378418,-0.0585477352142334,0.0585477352142334,0.0034278372987159855
naive_last,50,4,53,-0.17532014846801758,-0.11898642778396606,-0.056333720684051514,0.056333720684051514,0.0031734880861087333
naive_last,50,5,54,-0.17532014846801758,-0.11586534976959229,-0.05945479869842529,0.05945479869842529,0.003534873088270274
naive_last,51,1,51,-0.1194530725479126,-0.06223011016845703,-0.057222962379455566,0.057222962379455566,0.003274467423480587
naive_last,51,2,52,-0.1194530725479126,-0.03777599334716797,-0.08167707920074463,0.08167707920074463,0.006671145266764711
naive_last,51,3,53,-0.1194530725479126,-0.03552508354187012,-0.08392798900604248,0.08392798900604248,0.0070439073385983875
naive_last,51,4,54,-0.1194530725479126,-0.028374075889587402,-0.0910789966583252,0.0910789966583252,0.008295383632287212
naive_last,51,5,55,-0.1194530725479126,0.014439702033996582,-0.13389277458190918,0.13389277458190918,0.017927275085241945
naive_last,52,1,52,0.06810152530670166,0.08275699615478516,-0.014655470848083496,0.014655470848083496,0.0002147828257790252
naive_last,52,2,53,0.06810152530670166,0.09128570556640625,-0.02318418025970459,0.02318418025970459,0.000537506214314476
naive_last,52,3,54,0.06810152530670166,0.11011683940887451,-0.04201531410217285,0.04201531410217285,0.001765286619104245
naive_last,52,4,55,0.06810152530670166,0.08167672157287598,-0.013575196266174316,0.013575196266174316,0.0001842859536651531
naive_last,52,5,56,0.06810152530670166,0.07833945751190186,-0.010237932205200195,0.010237932205200195,0.00010481525583827533
naive_last,53,1,53,-0.005235254764556885,0.003509998321533203,-0.008745253086090088,0.008745253086090088,7.64794515397682e-05
naive_last,53,2,54,-0.005235254764556885,-0.019647181034088135,0.01441192626953125,0.01441192626953125,0.00020770361879840493
naive_last,53,3,55,-0.005235254764556885,0.003971099853515625,-0.00920635461807251,0.00920635461807251,8.475696535370503e-05
naive_last,53,4,56,-0.005235254764556885,0.009310483932495117,-0.014545738697052002,0.014545738697052002,0.00021157851424291607
naive_last,53,5,57,-0.005235254764556885,-0.0015169978141784668,-0.003718256950378418,0.003718256950378418,1.3825434749037413e-05
naive_last,54,1,54,-0.049645304679870605,-0.05278801918029785,0.003142714500427246,0.003142714500427246,9.876654431195675e-06
naive_last,54,2,55,-0.049645304679870605,-0.133774995803833,0.0841296911239624,0.0841296911239624,0.007077804928613318
naive_last,54,3,56,-0.049645304679870605,-0.1382482647895813,0.0886029601097107,0.0886029601097107,0.007850484540202984
naive_last,54,4,57,-0.049645304679870605,-0.1358984112739563,0.0862531065940857,0.0862531065940857,0.007439598397130709
naive_last,54,5,58,-0.049645304679870605,-0.14361339807510376,0.09396809339523315,0.09396809339523315,0.00883000257633526
naive_last,55,1,55,-0.1067008376121521,-0.09500598907470703,-0.011694848537445068,0.011694848537445068,0.00013676948231378105
naive_last,55,2,56,-0.1067008376121521,-0.089202880859375,-0.0174979567527771,0.0174979567527771,0.0003061784905220577
naive_last,55,3,57,-0.1067008376121521,-0.09980505704879761,-0.006895780563354492,0.006895780563354492,4.75517895779376e-05
naive_last,55,4,58,-0.1067008376121521,-0.11570829153060913,0.009007453918457031,0.009007453918457031,8.113422609312693e-05
naive_last,55,5,59,-0.1067008376121521,-0.10959506034851074,0.0028942227363586426,0.0028942227363586426,8.376525247655309e-06
naive_last,56,1,56,-0.0567660927772522,-0.03544551134109497,-0.021320581436157227,0.021320581436157227,0.00045456719277581215
naive_last,56,2,57,-0.0567660927772522,-0.03262990713119507,-0.02413618564605713,0.02413618564605713,0.0005825554575409342
naive_last,56,3,58,-0.0567660927772522,-0.03919970989227295,-0.017566382884979248,0.017566382884979248,0.00030857780766169185
naive_last,56,4,59,-0.0567660927772522,-0.04392367601394653,-0.012842416763305664,0.012842416763305664,0.00016492766832243433
naive_last,56,5,60,-0.0567660927772522,-0.05737614631652832,0.000610053539276123,0.000610053539276123,3.721653207833242e-07
naive_last,57,1,57,-0.05739092826843262,-0.0535585880279541,-0.0038323402404785156,0.0038323402404785156,1.4686831718790927e-05
naive_last,57,2,58,-0.05739092826843262,-0.04992955923080444,-0.007461369037628174,0.007461369037628174,5.567202791567638e-05
naive_last,57,3,59,-0.05739092826843262,-0.04542464017868042,-0.011966288089752197,0.011966288089752197,0.0001431920506469453
naive_last,57,4,60,-0.05739092826843262,-0.04217106103897095,-0.01521986722946167,0.01521986722946167,0.00023164435848244125
naive_last,57,5,61,-0.05739092826843262,-0.006319403648376465,-0.05107152462005615,0.05107152462005615,0.0026083006270170017
naive_last,58,1,58,-0.03025585412979126,-0.030210137367248535,-4.571676254272461e-05,4.571676254272461e-05,2.090022377387868e-09
naive_last,58,2,59,-0.03025585412979126,-0.03445380926132202,0.004197955131530762,0.004197955131530762,1.7622827286345455e-05
naive_last,58,3,60,-0.03025585412979126,-0.08336395025253296,0.0531080961227417,0.0531080961227417,0.002820469873782372
naive_last,58,4,61,-0.03025585412979126,-0.08769923448562622,0.05744338035583496,0.05744338035583496,0.003299741946705126
naive_last,58,5,62,-0.03025585412979126,-0.04900169372558594,0.018745839595794678,0.018745839595794678,0.00035140650215126357
naive_last,59,1,59,-0.04753315448760986,-0.04051554203033447,-0.007017612457275391,0.007017612457275391,4.9246884600506746e-05
naive_last,59,2,60,-0.04753315448760986,-0.0933692455291748,0.04583609104156494,0.04583609104156494,0.00210094724197063
naive_last,59,3,61,-0.04753315448760986,-0.10500401258468628,0.057470858097076416,0.057470858097076416,0.003302899530414294
naive_last,59,4,62,-0.04753315448760986,-0.10622715950012207,0.05869400501251221,0.05869400501251221,0.003444986224408808
naive_last,59,5,63,-0.04753315448760986,-0.12703537940979004,0.07950222492218018,0.07950222492218018,0.006320603767576927
naive_last,60,1,60,-0.08299875259399414,-0.08709406852722168,0.004095315933227539,0.004095315933227539,1.677161259294735e-05
naive_last,60,2,61,-0.08299875259399414,-0.08942276239395142,0.006424009799957275,0.006424009799957275,4.126790190994711e-05
naive_last,60,3,62,-0.08299875259399414,-0.046863436698913574,-0.036135315895080566,0.036135315895080566,0.0013057610548372622
naive_last,60,4,63,-0.08299875259399414,-0.036054909229278564,-0.046943843364715576,0.046943843364715576,0.0022037244298509506
naive_last,60,5,64,-0.08299875259399414,-0.08845913410186768,0.005460381507873535,0.005460381507873535,2.981576621152726e-05
previous_patch,0,1,0,0.04517388343811035,-0.022094666957855225,0.06726855039596558,0.06726855039596558,0.0045250578723745605
previous_patch,0,2,1,0.011522650718688965,-0.02554905414581299,0.03707170486450195,0.03707170486450195,0.0013743113015607378
previous_patch,0,3,2,0.00867927074432373,-0.11284291744232178,0.12152218818664551,0.12152218818664551,0.014767642221670485
previous_patch,0,4,3,0.11053943634033203,-0.15771639347076416,0.2682558298110962,0.2682558298110962,0.0719611902276398
previous_patch,0,5,4,-0.13339747488498688,-0.13849204778671265,0.005094572901725769,0.005094572901725769,2.5954673050998522e-05
previous_patch,1,1,1,-0.04848504066467285,-0.17115896940231323,0.12267392873764038,0.12267392873764038,0.01504889279192767
previous_patch,1,2,2,-0.02417844533920288,-0.048858463764190674,0.024680018424987793,0.024680018424987793,0.0006091033094577369
previous_patch,1,3,3,-0.015568375587463379,-0.1129639744758606,0.09739559888839722,0.09739559888839722,0.009485902682829561
previous_patch,1,4,4,0.09942770004272461,-0.11738055944442749,0.2168082594871521,0.2168082594871521,0.04700582138184828
previous_patch,1,5,5,0.014160683378577232,-0.13701164722442627,0.15117232501506805,0.15117232501506805,0.02285307185046137
previous_patch,2,1,2,-0.16697943210601807,-0.1489139199256897,-0.01806551218032837,0.01806551218032837,0.00032636273033759267
previous_patch,2,2,3,0.029033184051513672,-0.18026340007781982,0.2092965841293335,0.2092965841293335,0.043805060128207174
previous_patch,2,3,4,-0.08548492193222046,-0.18161791563034058,0.09613299369812012,0.09613299369812012,0.009241552477362802
previous_patch,2,4,5,0.07538366317749023,-0.20906704664230347,0.2844507098197937,0.2844507098197937,0.08091220631698448
previous_patch,2,5,6,-0.5205596685409546,-0.18357622623443604,-0.33698344230651855,0.33698344230651855,0.11355784038875072
previous_patch,3,1,3,-0.20967447757720947,-0.21156877279281616,0.0018942952156066895,0.0018942952156066895,3.588354363870394e-06
previous_patch,3,2,4,-0.03506261110305786,-0.192050039768219,0.15698742866516113,0.15698742866516113,0.024645052758899055
previous_patch,3,3,5,-0.1368018388748169,-0.17065221071243286,0.03385037183761597,0.03385037183761597,0.0011458476735448642
previous_patch,3,4,6,0.04240143299102783,-0.16690915822982788,0.2093105912208557,0.2093105912208557,0.04381092359722416
previous_patch,3,5,7,-0.10178758203983307,-0.1597866415977478,0.057999059557914734,0.057999059557914734,0.0033638909096025404
previous_patch,4,1,4,-0.25405043363571167,-0.21285808086395264,-0.04119235277175903,0.04119235277175903,0.001696809926873044
previous_patch,4,2,5,-0.009723961353302002,-0.1795802116394043,0.1698562502861023,0.1698562502861023,0.028851145761255026
previous_patch,4,3,6,-0.20740920305252075,-0.14400827884674072,-0.06340092420578003,0.06340092420578003,0.004019677190147064
previous_patch,4,4,7,-0.011197924613952637,-0.14078223705291748,0.12958431243896484,0.12958431243896484,0.01679209403027926
previous_patch,4,5,8,-0.09771993011236191,-0.15793025493621826,0.060210324823856354,0.060210324823856354,0.0036252832153942927
previous_patch,5,1,5,-0.23473656177520752,-0.16809314489364624,-0.06664341688156128,0.06664341688156128,0.004441345013649567
previous_patch,5,2,6,0.049967050552368164,-0.16642040014266968,0.21638745069503784,0.21638745069503784,0.04682352881829743
previous_patch,5,3,7,-0.24863451719284058,-0.1741148829460144,-0.07451963424682617,0.07451963424682617,0.005553175888280748
previous_patch,5,4,8,-0.06294912099838257,-0.10868418216705322,0.045735061168670654,0.045735061168670654,0.0020916958201020464
previous_patch,5,5,9,0.03375156968832016,-0.08554500341415405,0.11929657310247421,0.11929657310247421,0.014231672353993974
previous_patch,6,1,6,-0.1668969988822937,-0.07958179712295532,-0.08731520175933838,0.08731520175933838,0.007623944458273968
previous_patch,6,2,7,-0.030328094959259033,-0.10119068622589111,0.07086259126663208,0.07086259126663208,0.005021506841021761
previous_patch,6,3,8,-0.20801973342895508,-0.10613226890563965,-0.10188746452331543,0.10188746452331543,0.01038105542698986
previous_patch,6,4,9,-0.09767639636993408,-0.1060066819190979,0.008330285549163818,0.008330285549163818,6.939365733060754e-05
previous_patch,6,5,10,-0.10609457641839981,-0.11065512895584106,0.004560552537441254,0.004560552537441254,2.0798639446761857e-05
previous_patch,7,1,7,0.002828836441040039,-0.03346008062362671,0.03628891706466675,0.03628891706466675,0.0013168855017262615
previous_patch,7,2,8,-0.030332505702972412,-0.03183269500732422,0.0015001893043518066,0.0015001893043518066,2.2505679488915575e-06
previous_patch,7,3,9,-0.1331467628479004,-0.04629659652709961,-0.08685016632080078,0.08685016632080078,0.007542951389950758
previous_patch,7,4,10,-0.11144363880157471,-0.02308744192123413,-0.08835619688034058,0.08835619688034058,0.007806817527157506
previous_patch,7,5,11,-0.13314272463321686,-0.021171092987060547,-0.11197163164615631,0.11197163164615631,0.012537646293502513
previous_patch,8,1,8,-0.007031261920928955,0.007890582084655762,-0.014921844005584717,0.014921844005584717,0.00022266142852700455
previous_patch,8,2,9,-0.03723001480102539,0.011703133583068848,-0.04893314838409424,0.04893314838409424,0.0023944530107797846
previous_patch,8,3,10,-0.0537685751914978,0.048281311988830566,-0.10204988718032837,0.10204988718032837,0.010414179473517748
previous_patch,8,4,11,-0.11345446109771729,0.041953086853027344,-0.15540754795074463,0.15540754795074463,0.02415150596006299
previous_patch,8,5,12,-0.09960371255874634,0.07492184638977051,-0.17452555894851685,0.17452555894851685,0.03045917072629223
previous_patch,9,1,9,0.06494855880737305,0.13027679920196533,-0.06532824039459229,0.06532824039459229,0.004267778993053639
previous_patch,9,2,10,-0.04049563407897949,0.1518878936767578,-0.1923835277557373,0.1923835277557373,0.037011421751742546
previous_patch,9,3,11,-0.0026713013648986816,0.14586186408996582,-0.1485331654548645,0.1485331654548645,0.022062101240042153
previous_patch,9,4,12,-0.11113351583480835,0.1596308946609497,-0.27076441049575806,0.27076441049575806,0.07331336599111538
previous_patch,9,5,13,0.3016194701194763,0.14599394798278809,0.15562552213668823,0.15562552213668823,0.02421930314031684
previous_patch,10,1,10,0.17559587955474854,0.19060373306274414,-0.015007853507995605,0.015007853507995605,0.000225235666917456
previous_patch,10,2,11,-0.02610158920288086,0.17259085178375244,-0.1986924409866333,0.1986924409866333,0.03947868610522676
previous_patch,10,3,12,0.07085847854614258,0.20564603805541992,-0.13478755950927734,0.13478755950927734,0.01816768619846698
previous_patch,10,4,13,-0.1012563705444336,0.197249174118042,-0.2985055446624756,0.2985055446624756,0.0891055601942412
previous_patch,10,5,14,0.0688270628452301,0.19474220275878906,-0.12591513991355896,0.12591513991355896,0.01585462245945113
previous_patch,11,1,11,0.10705554485321045,0.08947646617889404,0.017579078674316406,0.017579078674316406,0.00030902400703780586
previous_patch,11,2,12,-0.044589102268218994,0.11531031131744385,-0.15989941358566284,0.15989941358566284,0.02556782246503886
previous_patch,11,3,13,0.1367814540863037,0.1371365785598755,-0.00035512447357177734,0.00035512447357177734,1.2611339172963199e-07
previous_patch,11,4,14,-0.0831950306892395,0.13151633739471436,-0.21471136808395386,0.21471136808395386,0.04610097158448312
previous_patch,11,5,15,-0.03329065442085266,0.15931415557861328,-0.19260480999946594,0.19260480999946594,0.037096612834930376
previous_patch,12,1,12,0.1644197702407837,0.25192832946777344,-0.08750855922698975,0.08750855922698975,0.007657747937983572
previous_patch,12,2,13,0.034392476081848145,0.25953924655914307,-0.22514677047729492,0.22514677047729492,0.05069106825635572
previous_patch,12,3,14,0.16396021842956543,0.22733783721923828,-0.06337761878967285,0.06337761878967285,0.004016722563449093
previous_patch,12,4,15,-0.055661022663116455,0.21769630908966064,-0.2733573317527771,0.2733573317527771,0.07472423082299784
previous_patch,12,5,16,0.06226137652993202,0.22697949409484863,-0.1647181212902069,0.1647181212902069,0.027132059481375315
previous_patch,13,1,13,0.4372220039367676,0.40728759765625,0.029934406280517578,0.029934406280517578,0.0008960686793670902
previous_patch,13,2,14,-0.023375332355499268,0.4118325710296631,-0.43520790338516235,0.43520790338516235,0.1894059191689088
previous_patch,13,3,15,0.25712907314300537,0.43555688858032227,-0.1784278154373169,0.1784278154373169,0.03183648532173322
previous_patch,13,4,16,-0.013290822505950928,0.42470359802246094,-0.43799442052841187,0.43799442052841187,0.1918391124140193
previous_patch,13,5,17,0.15607072412967682,0.405642032623291,-0.2495713084936142,0.2495713084936142,0.062285838023214746
previous_patch,14,1,14,0.37741589546203613,0.3823438882827759,-0.004927992820739746,0.004927992820739746,2.428511324126248e-05
previous_patch,14,2,15,-0.0300634503364563,0.36215293407440186,-0.39221638441085815,0.39221638441085815,0.15383369220032606
previous_patch,14,3,16,0.33703339099884033,0.34781014919281006,-0.010776758193969727,0.010776758193969727,0.00011613851717129364
previous_patch,14,4,17,0.04368901252746582,0.34493398666381836,-0.30124497413635254,0.30124497413635254,0.09074853444241171
previous_patch,14,5,18,-0.13696184754371643,0.3504371643066406,-0.48739901185035706,0.48739901185035706,0.2375577967527045
previous_patch,15,1,15,0.38566505908966064,0.37038445472717285,0.015280604362487793,0.015280604362487793,0.00023349686968288097
previous_patch,15,2,16,-0.04244673252105713,0.3547004461288452,-0.39714717864990234,0.39714717864990234,0.15772588150957745
previous_patch,15,3,17,0.3798912763595581,0.3715571165084839,0.008334159851074219,0.008334159851074219,6.945822042325744e-05
previous_patch,15,4,18,0.1088796854019165,0.37390196323394775,-0.26502227783203125,0.26502227783203125,0.07023680774727836
previous_patch,15,5,19,0.1454181969165802,0.36982715129852295,-0.22440895438194275,0.22440895438194275,0.05035937880679686
previous_patch,16,1,16,0.29867029190063477,0.3071584701538086,-0.008488178253173828,0.008488178253173828,7.20491700576531e-05
previous_patch,16,2,17,-0.06599295139312744,0.2750455141067505,-0.34103846549987793,0.34103846549987793,0.11630723495051143
previous_patch,16,3,18,0.3640329837799072,0.2663205862045288,0.09771239757537842,0.09771239757537842,0.009547712639928818
previous_patch,16,4,19,0.16226553916931152,0.40881597995758057,-0.24655044078826904,0.24655044078826904,0.06078711985288976
previous_patch,16,5,20,0.07057658582925797,0.3661384582519531,-0.29556187987327576,0.29556187987327576,0.08735682483422469
previous_patch,17,1,17,0.20244300365447998,0.3008662462234497,-0.09842324256896973,0.09842324256896973,0.009687134677790254
previous_patch,17,2,18,-0.025042057037353516,0.2792346477508545,-0.304276704788208,0.304276704788208,0.09258431307677029
previous_patch,17,3,19,0.2478342056274414,0.2935272455215454,-0.045693039894104004,0.045693039894104004,0.00208785389476418
previous_patch,17,4,20,0.19498562812805176,0.27650344371795654,-0.08151781558990479,0.08151781558990479,0.006645154258549724
previous_patch,17,5,21,0.08237354457378387,0.28901994228363037,-0.2066463977098465,0.2066463977098465,0.04270273368645605
previous_patch,18,1,18,0.1774599552154541,0.16153550148010254,0.015924453735351562,0.015924453735351562,0.00025358822676935233
previous_patch,18,2,19,0.015102386474609375,0.19813156127929688,-0.1830291748046875,0.1830291748046875,0.033499678829684854
previous_patch,18,3,20,0.19032490253448486,0.18308663368225098,0.007238268852233887,0.007238268852233887,5.239253597721927e-05
previous_patch,18,4,21,0.2184886932373047,0.1861957311630249,0.032292962074279785,0.032292962074279785,0.0010428353995308726
previous_patch,18,5,22,0.12629570066928864,0.19089722633361816,-0.06460152566432953,0.06460152566432953,0.004173357118159027
previous_patch,19,1,19,0.20514559745788574,0.2075059413909912,-0.0023603439331054688,0.0023603439331054688,5.5712234825477935e-06
previous_patch,19,2,20,-0.025194883346557617,0.1825019121170044,-0.207696795463562,0.207696795463562,0.04313795884583271
previous_patch,19,3,21,0.18681848049163818,0.17658531665802002,0.010233163833618164,0.010233163833618164,0.0001047176420456708
previous_patch,19,4,22,0.23705148696899414,0.16302120685577393,0.07403028011322021,0.07403028011322021,0.005480482373641848
previous_patch,19,5,23,0.17071375250816345,0.18771040439605713,-0.016996651887893677,0.016996651887893677,0.0002888861753982397
previous_patch,20,1,20,0.1896287202835083,0.1678164005279541,0.0218123197555542,0.0218123197555542,0.00047577729311854
previous_patch,20,2,21,0.03893125057220459,0.16905665397644043,-0.13012540340423584,0.13012540340423584,0.016932620611115112
previous_patch,20,3,22,0.21049225330352783,0.15863895416259766,0.051853299140930176,0.051853299140930176,0.00268876463179879
previous_patch,20,4,23,0.2478024959564209,0.16442131996154785,0.08338117599487305,0.08338117599487305,0.006952420510287993
previous_patch,20,5,24,0.12289940565824509,0.14518260955810547,-0.022283203899860382,0.022283203899860382,0.0004965411760427529
previous_patch,21,1,21,0.10031843185424805,0.07374894618988037,0.026569485664367676,0.026569485664367676,0.0007059375684690394
previous_patch,21,2,22,-0.039387643337249756,0.07658267021179199,-0.11597031354904175,0.11597031354904175,0.013449113624663056
previous_patch,21,3,23,0.1676959991455078,0.09352636337280273,0.07416963577270508,0.07416963577270508,0.005501134870655733
previous_patch,21,4,24,0.24211061000823975,0.09907686710357666,0.14303374290466309,0.14303374290466309,0.020458651609317258
previous_patch,21,5,25,0.6022617220878601,0.09885776042938232,0.5034039616584778,0.5034039616584778,0.25341554861345017
previous_patch,22,1,22,0.06021404266357422,0.1043325662612915,-0.044118523597717285,0.044118523597717285,0.001946444124442337
previous_patch,22,2,23,0.01546788215637207,0.08454477787017822,-0.06907689571380615,0.06907689571380615,0.004771617521456051
previous_patch,22,3,24,0.09259617328643799,0.08298730850219727,0.009608864784240723,0.009608864784240723,9.233028244182151e-05
previous_patch,22,4,25,0.22905349731445312,0.08975136280059814,0.13930213451385498,0.13930213451385498,0.019405084680116147
previous_patch,22,5,26,-0.21549329161643982,0.10289037227630615,-0.31838366389274597,0.31838366389274597,0.10136815743376903
previous_patch,23,1,23,0.12215149402618408,0.14164292812347412,-0.01949143409729004,0.01949143409729004,0.00037991600316900076
previous_patch,23,2,24,-0.04237419366836548,0.13683593273162842,-0.1792101263999939,0.1792101263999939,0.03211626940430179
previous_patch,23,3,25,0.0778651237487793,0.14347481727600098,-0.06560969352722168,0.06560969352722168,0.004304631884735954
previous_patch,23,4,26,0.2023102045059204,0.14073431491851807,0.061575889587402344,0.061575889587402344,0.0037915901784799644
previous_patch,23,5,27,0.0639321431517601,0.12136006355285645,-0.057427920401096344,0.057427920401096344,0.0032979660415946577
previous_patch,24,1,24,0.061843156814575195,0.029674410820007324,0.03216874599456787,0.03216874599456787,0.0010348282188630264
previous_patch,24,2,25,-0.027821004390716553,0.03684413433074951,-0.06466513872146606,0.06466513872146606,0.00418158016586645
previous_patch,24,3,26,0.07370579242706299,0.020827889442443848,0.05287790298461914,0.05287790298461914,0.002796072624050794
previous_patch,24,4,27,0.17609703540802002,0.013794422149658203,0.16230261325836182,0.16230261325836182,0.026342138270493365
previous_patch,24,5,28,0.10141148418188095,0.013317346572875977,0.08809413760900497,0.08809413760900497,0.007760577081074305
previous_patch,25,1,25,0.05157661437988281,0.022315025329589844,0.02926158905029297,0.02926158905029297,0.0008562405937482254
previous_patch,25,2,26,0.00868368148803711,-0.001405954360961914,0.010089635848999023,0.010089635848999023,0.00010180075156540624
previous_patch,25,3,27,0.06535220146179199,0.012111067771911621,0.05324113368988037,0.05324113368988037,0.0028346183165837147
previous_patch,25,4,28,0.1437826156616211,-0.010844290256500244,0.15462690591812134,0.15462690591812134,0.023909480033811548
previous_patch,25,5,29,0.12553486227989197,-0.0037447214126586914,0.12927958369255066,0.12927958369255066,0.01671321075971921
previous_patch,26,1,26,0.01867055892944336,-0.010874927043914795,0.029545485973358154,0.029545485973358154,0.0008729357414019034
previous_patch,26,2,27,0.03724825382232666,-0.004272282123565674,0.041520535945892334,0.041520535945892334,0.0017239549052341374
previous_patch,26,3,28,0.049623966217041016,0.0174638032913208,0.032160162925720215,0.032160162925720215,0.001034276079408869
previous_patch,26,4,29,0.11956238746643066,-0.021666765213012695,0.14122915267944336,0.14122915267944336,0.019945673566553523
previous_patch,26,5,30,0.4657226800918579,-0.007240712642669678,0.4729633927345276,0.4729633927345276,0.22369437086695498
previous_patch,27,1,27,0.00015437602996826172,-0.006059110164642334,0.006213486194610596,0.006213486194610596,3.860741069061646e-05
previous_patch,27,2,28,0.015504837036132812,0.006423830986022949,0.009081006050109863,0.009081006050109863,8.246467088213194e-05
previous_patch,27,3,29,0.022893071174621582,-0.0012622475624084473,0.02415531873703003,0.02415531873703003,0.000583479423287514
previous_patch,27,4,30,0.10117447376251221,0.005540251731872559,0.09563422203063965,0.09563422203063965,0.009145904423405682
previous_patch,27,5,31,0.14010047912597656,0.026929616928100586,0.11317086219787598,0.11317086219787598,0.012807644050610634
previous_patch,28,1,28,-0.012513399124145508,0.02179396152496338,-0.03430736064910889,0.03430736064910889,0.001176994994708025
previous_patch,28,2,29,0.0008138418197631836,0.021988987922668457,-0.021175146102905273,0.021175146102905273,0.0004483868124793844
previous_patch,28,3,30,0.009756922721862793,0.022811174392700195,-0.013054251670837402,0.013054251670837402,0.0001704134866855611
previous_patch,28,4,31,0.08456683158874512,0.02888667583465576,0.055680155754089355,0.055680155754089355,0.00310027974479965
previous_patch,28,5,32,0.11297213286161423,0.04624950885772705,0.06672262400388718,0.06672262400388718,0.004451908553964101
previous_patch,29,1,29,-0.055514752864837646,-0.03211098909378052,-0.02340376377105713,0.02340376377105713,0.0005477361586514462
previous_patch,29,2,30,-0.04378509521484375,-0.031814754009246826,-0.011970341205596924,0.011970341205596924,0.00014328906857841162
previous_patch,29,3,31,-0.009030818939208984,-0.1415562629699707,0.13252544403076172,0.13252544403076172,0.017562993315550557
previous_patch,29,4,32,0.06289923191070557,-0.1648956537246704,0.22779488563537598,0.22779488563537598,0.05189050992163402
previous_patch,29,5,33,0.27725404500961304,-0.17860037088394165,0.4558544158935547,0.4558544158935547,0.20780324848965392
previous_patch,30,1,30,-0.018841326236724854,-0.18090534210205078,0.16206401586532593,0.16206401586532593,0.026264745238396614
previous_patch,30,2,31,0.02973771095275879,-0.16963714361190796,0.19937485456466675,0.19937485456466675,0.03975033263268202
previous_patch,30,3,32,-0.027561664581298828,-0.19184714555740356,0.16428548097610474,0.16428548097610474,0.02698971925955007
previous_patch,30,4,33,0.03841578960418701,-0.18823033571243286,0.22664612531661987,0.22664612531661987,0.05136846612103696
previous_patch,30,5,34,0.461762011051178,-0.17510801553726196,0.6368700265884399,0.6368700265884399,0.4056034307667602
previous_patch,31,1,31,-0.18250644207000732,-0.1828191876411438,0.0003127455711364746,0.0003127455711364746,9.78097922654797e-08
previous_patch,31,2,32,0.030371546745300293,-0.20636719465255737,0.23673874139785767,0.23673874139785767,0.05604523167864173
previous_patch,31,3,33,-0.0901753306388855,-0.20522040128707886,0.11504507064819336,0.11504507064819336,0.013235368280447801
previous_patch,31,4,34,0.011321425437927246,-0.2057807445526123,0.21710216999053955,0.21710216999053955,0.04713335221460113
previous_patch,31,5,35,-0.35877057909965515,-0.21548926830291748,-0.14328131079673767,0.14328131079673767,0.020529534023631335
previous_patch,32,1,32,-0.1675560474395752,-0.2065710425376892,0.039014995098114014,0.039014995098114014,0.0015221698425058605
previous_patch,32,2,33,0.04205775260925293,-0.21635466814041138,0.2584124207496643,0.2584124207496643,0.06677697919770154
previous_patch,32,3,34,-0.1547783613204956,-0.2179078459739685,0.0631294846534729,0.0631294846534729,0.0039853318326130704
previous_patch,32,4,35,-0.012177586555480957,-0.21113765239715576,0.1989600658416748,0.1989600658416748,0.03958510779972357
previous_patch,32,5,36,-0.17498846352100372,-0.18618083000183105,0.011192366480827332,0.011192366480827332,0.00012526906744114719
previous_patch,33,1,33,-0.18693798780441284,-0.13452410697937012,-0.052413880825042725,0.052413880825042725,0.0027472149031417814
previous_patch,33,2,34,0.06250262260437012,-0.1380745768547058,0.20057719945907593,0.20057719945907593,0.04023121294284593
previous_patch,33,3,35,-0.17520761489868164,-0.11856722831726074,-0.0566403865814209,0.0566403865814209,0.0032081333920928046
previous_patch,33,4,36,-0.03909933567047119,-0.128198504447937,0.08909916877746582,0.08909916877746582,0.00793866187683534
previous_patch,33,5,37,-0.08106992393732071,-0.1197236180305481,0.038653694093227386,0.038653694093227386,0.0014941080670528017
previous_patch,34,1,34,-0.16910022497177124,-0.16468596458435059,-0.004414260387420654,0.004414260387420654,1.9485694767951145e-05
previous_patch,34,2,35,0.051165103912353516,-0.1360453963279724,0.18721050024032593,0.18721050024032593,0.035047771400233074
previous_patch,34,3,36,-0.19131183624267578,-0.12051719427108765,-0.07079464197158813,0.07079464197158813,0.005011881331885348
previous_patch,34,4,37,-0.064766526222229,-0.12916290760040283,0.06439638137817383,0.06439638137817383,0.004146893934603213
previous_patch,34,5,38,-0.07452236115932465,-0.14201384782791138,0.06749148666858673,0.06749148666858673,0.00455510077273602
previous_patch,35,1,35,-0.17894738912582397,-0.1654300093650818,-0.013517379760742188,0.013517379760742188,0.00018271955559612252
previous_patch,35,2,36,-0.0034753084182739258,-0.1621180772781372,0.15864276885986328,0.15864276885986328,0.025167528111524007
previous_patch,35,3,37,-0.17546236515045166,-0.17300385236740112,-0.002458512783050537,0.002458512783050537,6.044285104422897e-06
previous_patch,35,4,38,-0.08701485395431519,-0.16879332065582275,0.08177846670150757,0.08177846670150757,0.006687717616049582
previous_patch,35,5,39,-0.1238003522157669,-0.15641844272613525,0.03261809051036835,0.03261809051036835,0.0010639398285425816
previous_patch,36,1,36,-0.13935667276382446,-0.14019066095352173,0.0008339881896972656,0.0008339881896972656,6.955363005545223e-07
previous_patch,36,2,37,0.027263164520263672,-0.12039977312088013,0.1476629376411438,0.1476629376411438,0.021804343152812322
previous_patch,36,3,38,-0.14876562356948853,-0.12791895866394043,-0.020846664905548096,0.020846664905548096,0.0004345834376842106
previous_patch,36,4,39,-0.10405504703521729,-0.12430500984191895,0.02024996280670166,0.02024996280670166,0.0004100609936728006
previous_patch,36,5,40,-0.3945477604866028,-0.11975115537643433,-0.27479660511016846,0.27479660511016846,0.07551317418007386
previous_patch,37,1,37,-0.1155804991722107,-0.09100192785263062,-0.024578571319580078,0.024578571319580078,0.0006041061681116844
previous_patch,37,2,38,-0.0023785829544067383,-0.09680277109146118,0.09442418813705444,0.09442418813705444,0.008915927305341853
previous_patch,37,3,39,-0.13525819778442383,-0.10306656360626221,-0.03219163417816162,0.03219163417816162,0.0010363013110605834
previous_patch,37,4,40,-0.11764097213745117,-0.09318065643310547,-0.024460315704345703,0.024460315704345703,0.000598307044356261
previous_patch,37,5,41,0.023395676165819168,-0.10116010904312134,0.12455578148365021,0.12455578148365021,0.01551414270100282
previous_patch,38,1,38,-0.0638498067855835,-0.08788639307022095,0.02403658628463745,0.02403658628463745,0.0005777574802188212
previous_patch,38,2,39,-0.04676103591918945,-0.0761345624923706,0.029373526573181152,0.029373526573181152,0.0008628040633453793
previous_patch,38,3,40,-0.10205078125,-0.07356822490692139,-0.028482556343078613,0.028482556343078613,0.0008112560158366477
previous_patch,38,4,41,-0.12512385845184326,-0.09029841423034668,-0.03482544422149658,0.03482544422149658,0.0012128115652245697
previous_patch,38,5,42,-0.2936142683029175,-0.09398669004440308,-0.1996275782585144,0.1996275782585144,0.03985117000135929
previous_patch,39,1,39,-0.08218449354171753,-0.0784449577331543,-0.0037395358085632324,0.0037395358085632324,1.3984128063526668e-05
previous_patch,39,2,40,0.027585744857788086,-0.09409445524215698,0.12168020009994507,0.12168020009994507,0.014806071096362672
previous_patch,39,3,41,-0.07663273811340332,-0.10944753885269165,0.03281480073928833,0.03281480073928833,0.001076811147559198
previous_patch,39,4,42,-0.13082200288772583,-0.1314188838005066,0.0005968809127807617,0.0005968809127807617,3.562668240419953e-07
previous_patch,39,5,43,0.11480608582496643,-0.12396818399429321,0.23877426981925964,0.23877426981925964,0.05701315192772061
previous_patch,40,1,40,-0.10938674211502075,-0.15413153171539307,0.044744789600372314,0.044744789600372314,0.0020020961963815864
previous_patch,40,2,41,0.02647697925567627,-0.17612886428833008,0.20260584354400635,0.20260584354400635,0.04104912783817838
previous_patch,40,3,42,-0.08721417188644409,-0.16407322883605957,0.07685905694961548,0.07685905694961548,0.005907314635184235
previous_patch,40,4,43,-0.1375027298927307,-0.11679190397262573,-0.02071082592010498,0.02071082592010498,0.0004289383102928923
previous_patch,40,5,44,0.5246505737304688,-0.10161334276199341,0.6262639164924622,0.6262639164924622,0.3922064931004776
previous_patch,41,1,41,-0.17458480596542358,-0.10523796081542969,-0.0693468451499939,0.0693468451499939,0.004808984932257232
previous_patch,41,2,42,0.02041018009185791,-0.10442620515823364,0.12483638525009155,0.12483638525009155,0.015584123082309276
previous_patch,41,3,43,-0.12611454725265503,-0.110068678855896,-0.016045868396759033,0.016045868396759033,0.0002574698926061103
previous_patch,41,4,44,-0.13836967945098877,-0.01747310161590576,-0.12089657783508301,0.12089657783508301,0.014615982532234284
previous_patch,41,5,45,0.05822570249438286,-0.0464974045753479,0.10472311079502106,0.10472311079502106,0.010966929934586256
previous_patch,42,1,42,0.07179749011993408,0.12607598304748535,-0.05427849292755127,0.05427849292755127,0.002946154794486233
previous_patch,42,2,43,-0.030138909816741943,0.10262703895568848,-0.13276594877243042,0.13276594877243042,0.01762679715344362
previous_patch,42,3,44,-0.1014397144317627,0.06642544269561768,-0.16786515712738037,0.16786515712738037,0.0281787109774001
previous_patch,42,4,45,-0.12698006629943848,0.06837022304534912,-0.1953502893447876,0.1953502893447876,0.038161735547092235
previous_patch,42,5,46,0.05920199304819107,0.05442202091217041,0.00477997213602066,0.00477997213602066,2.2848133621133915e-05
previous_patch,43,1,43,0.12650692462921143,0.07995784282684326,0.046549081802368164,0.046549081802368164,0.002166817016643563
previous_patch,43,2,44,0.004686832427978516,0.06959235668182373,-0.06490552425384521,0.06490552425384521,0.004212727078666489
previous_patch,43,3,45,0.035842180252075195,0.06635510921478271,-0.03051292896270752,0.03051292896270752,0.0009310388338832354
previous_patch,43,4,46,-0.09953159093856812,0.0362473726272583,-0.13577896356582642,0.13577896356582642,0.018435926947010017
previous_patch,43,5,47,0.02609841711819172,0.020236611366271973,0.005861805751919746,0.005861805751919746,3.4360766673239423e-05
previous_patch,44,1,44,0.1330622434616089,0.06960129737854004,0.06346094608306885,0.06346094608306885,0.004027291677758171
previous_patch,44,2,45,-0.031754255294799805,0.07617652416229248,-0.10793077945709229,0.10793077945709229,0.011649053154215494
previous_patch,44,3,46,0.11503195762634277,0.07878673076629639,0.03624522686004639,0.03624522686004639,0.001313716470136228
previous_patch,44,4,47,-0.07119482755661011,0.09698998928070068,-0.1681848168373108,0.1681848168373108,0.02828613261459978
previous_patch,44,5,48,-0.017309261485934258,0.06618809700012207,-0.08349736034870148,0.08349736034870148,0.006971809185200906
previous_patch,45,1,45,0.0048253536224365234,0.0048410892486572266,-1.5735626220703125e-05,1.5735626220703125e-05,2.476099325576797e-10
previous_patch,45,2,46,-0.040354251861572266,0.027459144592285156,-0.06781339645385742,0.06781339645385742,0.004598656738608042
previous_patch,45,3,47,0.096976637840271,0.032677412033081055,0.06429922580718994,0.06429922580718994,0.004134390439404001
previous_patch,45,4,48,-0.04856151342391968,0.0187985897064209,-0.06736010313034058,0.06736010313034058,0.004537383493730118
previous_patch,45,5,49,0.02857169136404991,0.027254819869995117,0.0013168714940547943,0.0013168714940547943,1.7341505318541062e-06
previous_patch,46,1,46,-0.00046902894973754883,0.024202704429626465,-0.024671733379364014,0.024671733379364014,0.0006086944279424245
previous_patch,46,2,47,-0.005791783332824707,0.04398059844970703,-0.04977238178253174,0.04977238178253174,0.0024772899883060973
previous_patch,46,3,48,0.041136980056762695,0.03278613090515137,0.008350849151611328,0.008350849151611328,6.973668155296764e-05
previous_patch,46,4,49,-0.03307110071182251,0.008223891258239746,-0.041294991970062256,0.041294991970062256,0.0017052763618075062
previous_patch,46,5,50,0.18834465742111206,0.01217949390411377,0.1761651635169983,0.1761651635169983,0.031034164836970746
previous_patch,47,1,47,0.0076138973236083984,0.006060361862182617,0.0015535354614257812,0.0015535354614257812,2.413472429907415e-06
previous_patch,47,2,48,-0.01930522918701172,0.0072754621505737305,-0.02658069133758545,0.02658069133758545,0.0007065331519839901
previous_patch,47,3,49,-0.00463944673538208,-0.018380939960479736,0.013741493225097656,0.013741493225097656,0.00018882863605540479
previous_patch,47,4,50,-0.020400822162628174,-0.05601954460144043,0.035618722438812256,0.035618722438812256,0.0012686933881731477
previous_patch,47,5,51,0.19025066494941711,-0.03488534688949585,0.22513601183891296,0.22513601183891296,0.05068622382673116
previous_patch,48,1,48,0.0070362091064453125,-0.04132413864135742,0.048360347747802734,0.048360347747802734,0.002338723234288409
previous_patch,48,2,49,-0.0276983380317688,-0.05207085609436035,0.024372518062591553,0.024372518062591553,0.0005940196367113515
previous_patch,48,3,50,-0.002713501453399658,-0.06589680910110474,0.06318330764770508,0.06318330764770508,0.003992130365304547
previous_patch,48,4,51,-0.011867165565490723,-0.08597385883331299,0.07410669326782227,0.07410669326782227,0.005491801987091094
previous_patch,48,5,52,0.006877228617668152,-0.06996148824691772,0.07683871686458588,0.07683871686458588,0.005904188409395994
previous_patch,49,1,49,-0.06724590063095093,-0.11179685592651367,0.044550955295562744,0.044550955295562744,0.00198478761774723
previous_patch,49,2,50,0.039194464683532715,-0.1088457703590393,0.14804023504257202,0.14804023504257202,0.02191591119145997
previous_patch,49,3,51,-0.020831823348999023,-0.17977678775787354,0.1589449644088745,0.1589449644088745,0.025263501710938385
previous_patch,49,4,52,-0.008250176906585693,-0.21246349811553955,0.20421332120895386,0.20421332120895386,0.04170308055919136
previous_patch,49,5,53,0.08645056933164597,-0.19649463891983032,0.2829452157020569,0.2829452157020569,0.0800579950886835
previous_patch,50,1,50,-0.08839040994644165,-0.12035483121871948,0.03196442127227783,0.03196442127227783,0.0010217242272716476
previous_patch,50,2,51,-0.0149306058883667,-0.10943865776062012,0.09450805187225342,0.09450805187225342,0.008931771868688543
previous_patch,50,3,52,-0.06737977266311646,-0.11677241325378418,0.049392640590667725,0.049392640590667725,0.002439632944518877
previous_patch,50,4,53,-0.006509542465209961,-0.11898642778396606,0.1124768853187561,0.1124768853187561,0.012651049731008612
previous_patch,50,5,54,-0.03447027876973152,-0.11586534976959229,0.08139507472515106,0.08139507472515106,0.006625158189512925
previous_patch,51,1,51,-0.12392425537109375,-0.06223011016845703,-0.06169414520263672,0.06169414520263672,0.0038061675522840233
previous_patch,51,2,52,0.06388700008392334,-0.03777599334716797,0.10166299343109131,0.10166299343109131,0.010335364233370115
previous_patch,51,3,53,-0.11818629503250122,-0.03552508354187012,-0.0826612114906311,0.0826612114906311,0.006832875885098844
previous_patch,51,4,54,-0.003868281841278076,-0.028374075889587402,0.024505794048309326,0.024505794048309326,0.0006005339419381528
previous_patch,51,5,55,0.11466579884290695,0.014439702033996582,0.10022609680891037,0.10022609680891037,0.010045270481549073
previous_patch,52,1,52,-0.012623965740203857,0.08275699615478516,-0.09538096189498901,0.09538096189498901,0.009097527892013346
previous_patch,52,2,53,0.038015007972717285,0.09128570556640625,-0.053270697593688965,0.053270697593688965,0.0028377672221182593
previous_patch,52,3,54,-0.11036843061447144,0.11011683940887451,-0.22048527002334595,0.22048527002334595,0.048613754297267775
previous_patch,52,4,55,-0.0063877105712890625,0.08167672157287598,-0.08806443214416504,0.08806443214416504,0.007755344208874249
previous_patch,52,5,56,0.28057318925857544,0.07833945751190186,0.20223373174667358,0.20223373174667358,0.04089848225618553
previous_patch,53,1,53,-0.0011600255966186523,0.003509998321533203,-0.0046700239181518555,0.0046700239181518555,2.1809123396110408e-05
previous_patch,53,2,54,-0.005296111106872559,-0.019647181034088135,0.014351069927215576,0.014351069927215576,0.00020595320805583128
previous_patch,53,3,55,-0.029156744480133057,0.003971099853515625,-0.03312784433364868,0.03312784433364868,0.001097454070194459
previous_patch,53,4,56,-0.016880571842193604,0.009310483932495117,-0.02619105577468872,0.02619105577468872,0.0006859714025928554
previous_patch,53,5,57,0.1426464319229126,-0.0015169978141784668,0.14416342973709106,0.14416342973709106,0.020783094473561192
previous_patch,54,1,54,-0.044860661029815674,-0.05278801918029785,0.007927358150482178,0.007927358150482178,6.284300724601621e-05
previous_patch,54,2,55,-0.026935935020446777,-0.133774995803833,0.10683906078338623,0.10683906078338623,0.011414584909076098
previous_patch,54,3,56,-0.013735353946685791,-0.1382482647895813,0.12451291084289551,0.12451291084289551,0.015503464966570846
previous_patch,54,4,57,-0.030926406383514404,-0.1358984112739563,0.1049720048904419,0.1049720048904419,0.011019121810718957
previous_patch,54,5,58,0.37700843811035156,-0.14361339807510376,0.5206218361854553,0.5206218361854553,0.2710470963131151
previous_patch,55,1,55,-0.011960625648498535,-0.09500598907470703,0.0830453634262085,0.0830453634262085,0.006896532386591048
previous_patch,55,2,56,0.014807701110839844,-0.089202880859375,0.10401058197021484,0.10401058197021484,0.010818201161782781
previous_patch,55,3,57,-0.02027648687362671,-0.09980505704879761,0.0795285701751709,0.0795285701751709,0.006324793474107082
previous_patch,55,4,58,-0.03856396675109863,-0.11570829153060913,0.0771443247795105,0.0771443247795105,0.0059512468456865975
previous_patch,55,5,59,0.07537468522787094,-0.10959506034851074,0.18496975302696228,0.18496975302696228,0.03421380953485542
previous_patch,56,1,56,-0.041311442852020264,-0.03544551134109497,-0.005865931510925293,0.005865931510925293,3.440915249086629e-05
previous_patch,56,2,57,0.027629971504211426,-0.03262990713119507,0.060259878635406494,0.060259878635406494,0.00363125297315392
previous_patch,56,3,58,-0.0355069637298584,-0.03919970989227295,0.0036927461624145508,0.0036927461624145508,1.3636374220027392e-05
previous_patch,56,4,59,-0.04549717903137207,-0.04392367601394653,-0.0015735030174255371,0.0015735030174255371,2.47591174584727e-06
previous_patch,56,5,60,-0.4998028576374054,-0.05737614631652832,-0.4424267113208771,0.4424267113208771,0.1957413948902067
previous_patch,57,1,57,-0.03546065092086792,-0.0535585880279541,0.01809793710708618,0.01809793710708618,0.00032753532753204695
previous_patch,57,2,58,0.022770285606384277,-0.04992955923080444,0.07269984483718872,0.07269984483718872,0.0052852674393513155
previous_patch,57,3,59,-0.060823142528533936,-0.04542464017868042,-0.015398502349853516,0.015398502349853516,0.00023711387461844424
previous_patch,57,4,60,-0.0497017502784729,-0.04217106103897095,-0.007530689239501953,0.007530689239501953,5.6711280421950505e-05
previous_patch,57,5,61,-0.12288915365934372,-0.006319403648376465,-0.11656975001096725,0.11656975001096725,0.0135885066176194
previous_patch,58,1,58,-0.07635712623596191,-0.030210137367248535,-0.04614698886871338,0.04614698886871338,0.0021295445816491565
previous_patch,58,2,59,-0.004853725433349609,-0.03445380926132202,0.029600083827972412,0.029600083827972412,0.0008761649626229939
previous_patch,58,3,60,-0.06030774116516113,-0.08336395025253296,0.023056209087371826,0.023056209087371826,0.0005315887774806072
previous_patch,58,4,61,-0.056970417499542236,-0.08769923448562622,0.030728816986083984,0.030728816986083984,0.0009442601933642436
previous_patch,58,5,62,-0.38504987955093384,-0.04900169372558594,-0.3360481858253479,0.3360481858253479,0.11292838319650755
previous_patch,59,1,59,-0.028712570667266846,-0.04051554203033447,0.011802971363067627,0.011802971363067627,0.00013931013299739448
previous_patch,59,2,60,0.03299307823181152,-0.0933692455291748,0.12636232376098633,0.12636232376098633,0.01596743686627633
previous_patch,59,3,61,-0.05962413549423218,-0.10500401258468628,0.0453798770904541,0.0453798770904541,0.002059333244744721
previous_patch,59,4,62,-0.05746352672576904,-0.10622715950012207,0.04876363277435303,0.04876363277435303,0.0023778918813519567
previous_patch,59,5,63,0.09429113566875458,-0.12703537940979004,0.22132651507854462,0.22132651507854462,0.04898542627681324
previous_patch,60,1,60,0.007885575294494629,-0.08709406852722168,0.09497964382171631,0.09497964382171631,0.009021132740500093
previous_patch,60,2,61,0.045179009437561035,-0.08942276239395142,0.13460177183151245,0.13460177183151245,0.01811763698018254
previous_patch,60,3,62,-0.03883868455886841,-0.046863436698913574,0.008024752140045166,0.008024752140045166,6.439664690915947e-05
previous_patch,60,4,63,-0.05129009485244751,-0.036054909229278564,-0.015235185623168945,0.015235185623168945,0.00023211088097241372
previous_patch,60,5,64,0.10242478549480438,-0.08845913410186768,0.19088391959667206,0.19088391959667206,0.03643667076058876
mean_context,0,1,0,0.07664792984724045,-0.022094666957855225,0.09874259680509567,0.09874259680509567,0.00975010042381369
mean_context,0,2,1,0.07664792984724045,-0.02554905414581299,0.10219698399305344,0.10219698399305344,0.01044422353727642
mean_context,0,3,2,0.07664792984724045,-0.11284291744232178,0.18949085474014282,0.18949085474014282,0.03590678403014991
mean_context,0,4,3,0.07664792984724045,-0.15771639347076416,0.2343643307685852,0.2343643307685852,0.054926639536606814
mean_context,0,5,4,0.07664792984724045,-0.13849204778671265,0.2151399850845337,0.2151399850845337,0.04628521318217338
mean_context,1,1,1,0.03838752582669258,-0.17115896940231323,0.20954649150371552,0.20954649150371552,0.04390973210151672
mean_context,1,2,2,0.03838752582669258,-0.048858463764190674,0.08724598586559296,0.08724598586559296,0.007611862049659246
mean_context,1,3,3,0.03838752582669258,-0.1129639744758606,0.15135149657726288,0.15135149657726288,0.022907275516177217
mean_context,1,4,4,0.03838752582669258,-0.11738055944442749,0.15576808154582977,0.15576808154582977,0.024263695228468274
mean_context,1,5,5,0.03838752582669258,-0.13701164722442627,0.17539916932582855,0.17539916932582855,0.030764868600190676
mean_context,2,1,2,0.03466713801026344,-0.1489139199256897,0.18358105421066284,0.18358105421066284,0.03370200346509833
mean_context,2,2,3,0.03466713801026344,-0.18026340007781982,0.21493053436279297,0.21493053436279297,0.04619513460147573
mean_context,2,3,4,0.03466713801026344,-0.18161791563034058,0.21628504991531372,0.21628504991531372,0.04677922281686975
mean_context,2,4,5,0.03466713801026344,-0.20906704664230347,0.2437341809272766,0.2437341809272766,0.05940635095229041
mean_context,2,5,6,0.03466713801026344,-0.18357622623443604,0.21824336051940918,0.21824336051940918,0.04763016441080481
mean_context,3,1,3,-0.055021125823259354,-0.21156877279281616,0.1565476506948471,0.1565476506948471,0.024507166938075864
mean_context,3,2,4,-0.055021125823259354,-0.192050039768219,0.13702891767024994,0.13702891767024994,0.018776924277880136
mean_context,3,3,5,-0.055021125823259354,-0.17065221071243286,0.1156310886144638,0.1156310886144638,0.013370548654165981
mean_context,3,4,6,-0.055021125823259354,-0.16690915822982788,0.11188803613185883,0.11188803613185883,0.012518932629444146
mean_context,3,5,7,-0.055021125823259354,-0.1597866415977478,0.10476551949977875,0.10476551949977875,0.010975814076058521
mean_context,4,1,4,-0.12223523110151291,-0.21285808086395264,0.09062284976243973,0.09062284976243973,0.008212500899065722
mean_context,4,2,5,-0.12223523110151291,-0.1795802116394043,0.05734498053789139,0.05734498053789139,0.003288446792891142
mean_context,4,3,6,-0.12223523110151291,-0.14400827884674072,0.021773047745227814,0.021773047745227814,0.00047406560811597
mean_context,4,4,7,-0.12223523110151291,-0.14078223705291748,0.01854700595140457,0.01854700595140457,0.0003439914297614366
mean_context,4,5,8,-0.12223523110151291,-0.15793025493621826,0.03569502383470535,0.03569502383470535,0.0012741347265601832
mean_context,5,1,5,-0.16122739017009735,-0.16809314489364624,0.006865754723548889,0.006865754723548889,4.7138587923933883e-05
mean_context,5,2,6,-0.16122739017009735,-0.16642040014266968,0.005193009972572327,0.005193009972572327,2.6967352575235637e-05
mean_context,5,3,7,-0.16122739017009735,-0.1741148829460144,0.012887492775917053,0.012887492775917053,0.00016608747004931423
mean_context,5,4,8,-0.16122739017009735,-0.10868418216705322,-0.05254320800304413,0.05254320800304413,0.0027607887072511605
mean_context,5,5,9,-0.16122739017009735,-0.08554500341415405,-0.0756823867559433,0.0756823867559433,0.005727823665076182
mean_context,6,1,6,-0.17270196974277496,-0.07958179712295532,-0.09312017261981964,0.09312017261981964,0.008671366548745008
mean_context,6,2,7,-0.17270196974277496,-0.10119068622589111,-0.07151128351688385,0.07151128351688385,0.005113863670232144
mean_context,6,3,8,-0.17270196974277496,-0.10613226890563965,-0.06656970083713531,0.06656970083713531,0.004431525069545694
mean_context,6,4,9,-0.17270196974277496,-0.1060066819190979,-0.06669528782367706,0.06669528782367706,0.004448261417883126
mean_context,6,5,10,-0.17270196974277496,-0.11065512895584106,-0.0620468407869339,0.0620468407869339,0.003849810451639124
mean_context,7,1,7,-0.10485324263572693,-0.03346008062362671,-0.07139316201210022,0.07139316201210022,0.00509698358208599
mean_context,7,2,8,-0.10485324263572693,-0.03183269500732422,-0.07302054762840271,0.07302054762840271,0.005332000375951829
mean_context,7,3,9,-0.10485324263572693,-0.04629659652709961,-0.05855664610862732,0.05855664610862732,0.003428880803491019
mean_context,7,4,10,-0.10485324263572693,-0.02308744192123413,-0.0817658007144928,0.0817658007144928,0.006685646166482151
mean_context,7,5,11,-0.10485324263572693,-0.021171092987060547,-0.08368214964866638,0.08368214964866638,0.007002702169821795
mean_context,8,1,8,-0.08370103687047958,0.007890582084655762,-0.09159161895513535,0.09159161895513535,0.008389024662822708
mean_context,8,2,9,-0.08370103687047958,0.011703133583068848,-0.09540417045354843,0.09540417045354843,0.009101955739929724
mean_context,8,3,10,-0.08370103687047958,0.048281311988830566,-0.13198235630989075,0.13198235630989075,0.017419342377110958
mean_context,8,4,11,-0.08370103687047958,0.041953086853027344,-0.12565413117408752,0.12565413117408752,0.015788960681114794
mean_context,8,5,12,-0.08370103687047958,0.07492184638977051,-0.1586228907108307,0.1586228907108307,0.025161221457460137
mean_context,9,1,9,-0.02714531682431698,0.13027679920196533,-0.15742211043834686,0.15742211043834686,0.024781720854863076
mean_context,9,2,10,-0.02714531682431698,0.1518878936767578,-0.17903320491313934,0.17903320491313934,0.03205288846147014
mean_context,9,3,11,-0.02714531682431698,0.14586186408996582,-0.17300717532634735,0.17300717532634735,0.02993148271440149
mean_context,9,4,12,-0.02714531682431698,0.1596308946609497,-0.18677620589733124,0.18677620589733124,0.03488535108940227
mean_context,9,5,13,-0.02714531682431698,0.14599394798278809,-0.17313925921916962,0.17313925921916962,0.02997720308296281
mean_context,10,1,10,0.024583633989095688,0.19060373306274414,-0.16602009534835815,0.16602009534835815,0.027562672059477933
mean_context,10,2,11,0.024583633989095688,0.17259085178375244,-0.14800721406936646,0.14800721406936646,0.021906135416575268
mean_context,10,3,12,0.024583633989095688,0.20564603805541992,-0.18106240034103394,0.18106240034103394,0.032783592817256846
mean_context,10,4,13,0.024583633989095688,0.197249174118042,-0.172665536403656,0.172665536403656,0.029813387461562257
mean_context,10,5,14,0.024583633989095688,0.19474220275878906,-0.17015856504440308,0.17015856504440308,0.028953937257970352
mean_context,11,1,11,-0.03390706330537796,0.08947646617889404,-0.123383529484272,0.123383529484272,0.015223495347996219
mean_context,11,2,12,-0.03390706330537796,0.11531031131744385,-0.1492173671722412,0.1492173671722412,0.02226582266581545
mean_context,11,3,13,-0.03390706330537796,0.1371365785598755,-0.17104363441467285,0.17104363441467285,0.02925592487378026
mean_context,11,4,14,-0.03390706330537796,0.13151633739471436,-0.16542339324951172,0.16542339324951172,0.0273648990341826
mean_context,11,5,15,-0.03390706330537796,0.15931415557861328,-0.19322121143341064,0.19322121143341064,0.03733443654779478
mean_context,12,1,12,0.04776166379451752,0.25192832946777344,-0.20416666567325592,0.20416666567325592,0.04168402737213506
mean_context,12,2,13,0.04776166379451752,0.25953924655914307,-0.21177758276462555,0.21177758276462555,0.044849744561627825
mean_context,12,3,14,0.04776166379451752,0.22733783721923828,-0.17957617342472076,0.17957617342472076,0.03224760206186539
mean_context,12,4,15,0.04776166379451752,0.21769630908966064,-0.16993464529514313,0.16993464529514313,0.02887778367158611
mean_context,12,5,16,0.04776166379451752,0.22697949409484863,-0.17921783030033112,0.17921783030033112,0.03211903069755828
mean_context,13,1,13,0.2322554886341095,0.40728759765625,-0.1750321090221405,0.1750321090221405,0.03063623918873848
mean_context,13,2,14,0.2322554886341095,0.4118325710296631,-0.1795770823955536,0.1795770823955536,0.03224792852169944
mean_context,13,3,15,0.2322554886341095,0.43555688858032227,-0.20330139994621277,0.20330139994621277,0.04133145922008996
mean_context,13,4,16,0.2322554886341095,0.42470359802246094,-0.19244810938835144,0.19244810938835144,0.03703627480715088
mean_context,13,5,17,0.2322554886341095,0.405642032623291,-0.17338654398918152,0.17338654398918152,0.030062893636512378
mean_context,14,1,14,0.234828919172287,0.3823438882827759,-0.1475149691104889,0.1475149691104889,0.021760666111668492
mean_context,14,2,15,0.234828919172287,0.36215293407440186,-0.12732401490211487,0.12732401490211487,0.01621140477079397
mean_context,14,3,16,0.234828919172287,0.34781014919281006,-0.11298123002052307,0.11298123002052307,0.012764758336950344
mean_context,14,4,17,0.234828919172287,0.34493398666381836,-0.11010506749153137,0.11010506749153137,0.012123125887314679
mean_context,14,5,18,0.234828919172287,0.3504371643066406,-0.11560824513435364,0.11560824513435364,0.013365266343044802
mean_context,15,1,15,0.2707805335521698,0.37038445472717285,-0.09960392117500305,0.09960392117500305,0.009920941113436221
mean_context,15,2,16,0.2707805335521698,0.3547004461288452,-0.08391991257667542,0.08391991257667542,0.0070425517268768445
mean_context,15,3,17,0.2707805335521698,0.3715571165084839,-0.10077658295631409,0.10077658295631409,0.010155919672350855
mean_context,15,4,18,0.2707805335521698,0.37390196323394775,-0.10312142968177795,0.10312142968177795,0.010634029259613875
mean_context,15,5,19,0.2707805335521698,0.36982715129852295,-0.09904661774635315,0.09904661774635315,0.009810232486992199
mean_context,16,1,16,0.23020371794700623,0.3071584701538086,-0.07695475220680237,0.07695475220680237,0.005922033887210354
mean_context,16,2,17,0.23020371794700623,0.2750455141067505,-0.04484179615974426,0.04484179615974426,0.0020107866828320553
mean_context,16,3,18,0.23020371794700623,0.2663205862045288,-0.03611686825752258,0.03611686825752258,0.0013044281727312423
mean_context,16,4,19,0.23020371794700623,0.40881597995758057,-0.17861226201057434,0.17861226201057434,0.03190234014053406
mean_context,16,5,20,0.23020371794700623,0.3661384582519531,-0.1359347403049469,0.1359347403049469,0.018478253621773355
mean_context,17,1,17,0.1520805060863495,0.3008662462234497,-0.14878574013710022,0.14878574013710022,0.022137196468144715
mean_context,17,2,18,0.1520805060863495,0.2792346477508545,-0.127154141664505,0.127154141664505,0.016168175742437008
mean_context,17,3,19,0.1520805060863495,0.2935272455215454,-0.14144673943519592,0.14144673943519592,0.02000718009684821
mean_context,17,4,20,0.1520805060863495,0.27650344371795654,-0.12442293763160706,0.12442293763160706,0.01548106740887878
mean_context,17,5,21,0.1520805060863495,0.28901994228363037,-0.13693943619728088,0.13693943619728088,0.018752409186029162
mean_context,18,1,18,0.062003836035728455,0.16153550148010254,-0.09953166544437408,0.09953166544437408,0.00990655242613081
mean_context,18,2,19,0.062003836035728455,0.19813156127929688,-0.13612772524356842,0.13612772524356842,0.018530757579988455
mean_context,18,3,20,0.062003836035728455,0.18308663368225098,-0.12108279764652252,0.12108279764652252,0.01466104388590872
mean_context,18,4,21,0.062003836035728455,0.1861957311630249,-0.12419189512729645,0.12419189512729645,0.0154236268153094
mean_context,18,5,22,0.062003836035728455,0.19089722633361816,-0.1288933902978897,0.1288933902978897,0.01661350606248413
mean_context,19,1,19,0.119768425822258,0.2075059413909912,-0.08773751556873322,0.08773751556873322,0.007697871638173703
mean_context,19,2,20,0.119768425822258,0.1825019121170044,-0.0627334862947464,0.0627334862947464,0.003935490302693134
mean_context,19,3,21,0.119768425822258,0.17658531665802002,-0.056816890835762024,0.056816890835762024,0.0032281590842428987
mean_context,19,4,22,0.119768425822258,0.16302120685577393,-0.04325278103351593,0.04325278103351593,0.0018708030671332754
mean_context,19,5,23,0.119768425822258,0.18771040439605713,-0.06794197857379913,0.06794197857379913,0.0046161124525225805
mean_context,20,1,20,0.11805804818868637,0.1678164005279541,-0.04975835233926773,0.04975835233926773,0.0024758936275187104
mean_context,20,2,21,0.11805804818868637,0.16905665397644043,-0.05099860578775406,0.05099860578775406,0.002600857792294742
mean_context,20,3,22,0.11805804818868637,0.15863895416259766,-0.040580905973911285,0.040580905973911285,0.0016468099296634287
mean_context,20,4,23,0.11805804818868637,0.16442131996154785,-0.04636327177286148,0.04636327177286148,0.002149552969484214
mean_context,20,5,24,0.11805804818868637,0.14518260955810547,-0.027124561369419098,0.027124561369419098,0.0007357418294833828
mean_context,21,1,21,0.06381520628929138,0.07374894618988037,-0.00993373990058899,0.00993373990058899,9.867918841255374e-05
mean_context,21,2,22,0.06381520628929138,0.07658267021179199,-0.01276746392250061,0.01276746392250061,0.00016300813501235467
mean_context,21,3,23,0.06381520628929138,0.09352636337280273,-0.029711157083511353,0.029711157083511353,0.0008827528552410868
mean_context,21,4,24,0.06381520628929138,0.09907686710357666,-0.03526166081428528,0.03526166081428528,0.001243384723381702
mean_context,21,5,25,0.06381520628929138,0.09885776042938232,-0.03504255414009094,0.03504255414009094,0.0012279806006612048
mean_context,22,1,22,0.056478142738342285,0.1043325662612915,-0.04785442352294922,0.04785442352294922,0.0022900458507137955
mean_context,22,2,23,0.056478142738342285,0.08454477787017822,-0.028066635131835938,0.028066635131835938,0.0007877360076236073
mean_context,22,3,24,0.056478142738342285,0.08298730850219727,-0.02650916576385498,0.02650916576385498,0.000702735869495541
mean_context,22,4,25,0.056478142738342285,0.08975136280059814,-0.03327322006225586,0.03327322006225586,0.0011071071733113058
mean_context,22,5,26,0.056478142738342285,0.10289037227630615,-0.04641222953796387,0.04641222953796387,0.0021540950506846457
mean_context,23,1,23,0.0812804326415062,0.14164292812347412,-0.060362495481967926,0.060362495481967926,0.0036436308608105983
mean_context,23,2,24,0.0812804326415062,0.13683593273162842,-0.05555550009012222,0.05555550009012222,0.0030864135902635703
mean_context,23,3,25,0.0812804326415062,0.14347481727600098,-0.06219438463449478,0.06219438463449478,0.0038681414800634806
mean_context,23,4,26,0.0812804326415062,0.14073431491851807,-0.05945388227701187,0.05945388227701187,0.0035347641178087863
mean_context,23,5,27,0.0812804326415062,0.12136006355285645,-0.04007963091135025,0.04007963091135025,0.0016063768139900625
mean_context,24,1,24,0.013666280545294285,0.029674410820007324,-0.016008131206035614,0.016008131206035614,0.00025626026470965124
mean_context,24,2,25,0.013666280545294285,0.03684413433074951,-0.0231778547167778,0.0231778547167778,0.000537212949272059
mean_context,24,3,26,0.013666280545294285,0.020827889442443848,-0.007161608897149563,0.007161608897149563,5.128864199573178e-05
mean_context,24,4,27,0.013666280545294285,0.013794422149658203,-0.0001281416043639183,0.0001281416043639183,1.6420270768958967e-08
mean_context,24,5,28,0.013666280545294285,0.013317346572875977,0.00034893397241830826,0.00034893397241830826,1.217549171076207e-07
mean_context,25,1,25,0.03821166232228279,0.022315025329589844,0.015896636992692947,0.015896636992692947,0.0002527030676774539
mean_context,25,2,26,0.03821166232228279,-0.001405954360961914,0.039617616683244705,0.039617616683244705,0.0015695555516605092
mean_context,25,3,27,0.03821166232228279,0.012111067771911621,0.02610059455037117,0.02610059455037117,0.0006812410358828652
mean_context,25,4,28,0.03821166232228279,-0.010844290256500244,0.049055952578783035,0.049055952578783035,0.00240648648341181
mean_context,25,5,29,0.03821166232228279,-0.0037447214126586914,0.04195638373494148,0.04195638373494148,0.0017603381361136622
mean_context,26,1,26,0.034243300557136536,-0.010874927043914795,0.04511822760105133,0.04511822760105133,0.00203565446186027
mean_context,26,2,27,0.034243300557136536,-0.004272282123565674,0.03851558268070221,0.03851558268070221,0.001483450109234008
mean_context,26,3,28,0.034243300557136536,0.0174638032913208,0.016779497265815735,0.016779497265815735,0.0002815515284935177
mean_context,26,4,29,0.034243300557136536,-0.021666765213012695,0.05591006577014923,0.05591006577014923,0.0031259354544224127
mean_context,26,5,30,0.034243300557136536,-0.007240712642669678,0.04148401319980621,0.04148401319980621,0.0017209233511616961
mean_context,27,1,27,0.04683977738022804,-0.006059110164642334,0.05289888754487038,0.05289888754487038,0.0027982923034848423
mean_context,27,2,28,0.04683977738022804,0.006423830986022949,0.04041594639420509,0.04041594639420509,0.0016334487229392597
mean_context,27,3,29,0.04683977738022804,-0.0012622475624084473,0.04810202494263649,0.04810202494263649,0.002313804803582023
mean_context,27,4,30,0.04683977738022804,0.005540251731872559,0.041299525648355484,0.041299525648355484,0.0017056508187791725
mean_context,27,5,31,0.04683977738022804,0.026929616928100586,0.019910160452127457,0.019910160452127457,0.0003964144892294602
mean_context,28,1,28,0.040704332292079926,0.02179396152496338,0.018910370767116547,0.018910370767116547,0.00035760212254981605
mean_context,28,2,29,0.040704332292079926,0.021988987922668457,0.01871534436941147,0.01871534436941147,0.00035026411486566156
mean_context,28,3,30,0.040704332292079926,0.022811174392700195,0.01789315789937973,0.01789315789937973,0.00032016509961213524
mean_context,28,4,31,0.040704332292079926,0.02888667583465576,0.011817656457424164,0.011817656457424164,0.00013965700414569904
mean_context,28,5,32,0.040704332292079926,0.04624950885772705,-0.005545176565647125,0.005545176565647125,3.074898314420205e-05
mean_context,29,1,29,-0.03688511997461319,-0.03211098909378052,-0.004774130880832672,0.004774130880832672,2.2792325667320146e-05
mean_context,29,2,30,-0.03688511997461319,-0.031814754009246826,-0.0050703659653663635,0.0050703659653663635,2.5708611022745576e-05
mean_context,29,3,31,-0.03688511997461319,-0.1415562629699707,0.10467114299535751,0.10467114299535751,0.01095604817595458
mean_context,29,4,32,-0.03688511997461319,-0.1648956537246704,0.12801054120063782,0.12801054120063782,0.016386698658480192
mean_context,29,5,33,-0.03688511997461319,-0.17860037088394165,0.14171525835990906,0.14171525835990906,0.020083214452015774
mean_context,30,1,30,-0.03210945054888725,-0.18090534210205078,0.14879588782787323,0.14879588782787323,0.022140216234485033
mean_context,30,2,31,-0.03210945054888725,-0.16963714361190796,0.1375276893377304,0.1375276893377304,0.018913865334575286
mean_context,30,3,32,-0.03210945054888725,-0.19184714555740356,0.159737691283226,0.159737691283226,0.02551613001649522
mean_context,30,4,33,-0.03210945054888725,-0.18823033571243286,0.1561208814382553,0.1561208814382553,0.02437372962105777
mean_context,30,5,34,-0.03210945054888725,-0.17510801553726196,0.1429985612630844,0.1429985612630844,0.020448588523312106
mean_context,31,1,31,-0.050673726946115494,-0.1828191876411438,0.1321454644203186,0.1321454644203186,0.01746242376686169
mean_context,31,2,32,-0.050673726946115494,-0.20636719465255737,0.15569347143173218,0.15569347143173218,0.024240457046463604
mean_context,31,3,33,-0.050673726946115494,-0.20522040128707886,0.15454667806625366,0.15454667806625366,0.02388467570131425
mean_context,31,4,34,-0.050673726946115494,-0.2057807445526123,0.1551070213317871,0.1551070213317871,0.02405818806641946
mean_context,31,5,35,-0.050673726946115494,-0.21548926830291748,0.16481554508209229,0.16481554508209229,0.027164163900707194
mean_context,32,1,32,-0.04849637299776077,-0.2065710425376892,0.15807467699050903,0.15807467699050903,0.024987603505653766
mean_context,32,2,33,-0.04849637299776077,-0.21635466814041138,0.1678583025932312,0.1678583025932312,0.02817640974948077
mean_context,32,3,34,-0.04849637299776077,-0.2179078459739685,0.16941148042678833,0.16941148042678833,0.028700249700396085
mean_context,32,4,35,-0.04849637299776077,-0.21113765239715576,0.16264128684997559,0.16264128684997559,0.02645218818821604
mean_context,32,5,36,-0.04849637299776077,-0.18618083000183105,0.13768446445465088,0.13768446445465088,0.01895701175216402
mean_context,33,1,33,-0.04218572750687599,-0.13452410697937012,0.09233838319778442,0.09233838319778442,0.008526377011580877
mean_context,33,2,34,-0.04218572750687599,-0.1380745768547058,0.09588885307312012,0.09588885307312012,0.009194672143678417
mean_context,33,3,35,-0.04218572750687599,-0.11856722831726074,0.07638150453567505,0.07638150453567505,0.005834134235133348
mean_context,33,4,36,-0.04218572750687599,-0.128198504447937,0.08601278066635132,0.08601278066635132,0.007398198437957859
mean_context,33,5,37,-0.04218572750687599,-0.1197236180305481,0.0775378942489624,0.0775378942489624,0.006012125044563277
mean_context,34,1,34,-0.09176528453826904,-0.16468596458435059,0.07292068004608154,0.07292068004608154,0.005317425578382995
mean_context,34,2,35,-0.09176528453826904,-0.1360453963279724,0.04428011178970337,0.04428011178970337,0.0019607283001086273
mean_context,34,3,36,-0.09176528453826904,-0.12051719427108765,0.028751909732818604,0.028751909732818604,0.0008266723132841491
mean_context,34,4,37,-0.09176528453826904,-0.12916290760040283,0.03739762306213379,0.03739762306213379,0.001398582210697441
mean_context,34,5,38,-0.09176528453826904,-0.14201384782791138,0.050248563289642334,0.050248563289642334,0.0025249181126731912
mean_context,35,1,35,-0.11776722967624664,-0.1654300093650818,0.047662779688835144,0.047662779688835144,0.002271740567666436
mean_context,35,2,36,-0.11776722967624664,-0.1621180772781372,0.044350847601890564,0.044350847601890564,0.001966997683006122
mean_context,35,3,37,-0.11776722967624664,-0.17300385236740112,0.05523662269115448,0.05523662269115448,0.003051084486324962
mean_context,35,4,38,-0.11776722967624664,-0.16879332065582275,0.05102609097957611,0.05102609097957611,0.0026036619606559785
mean_context,35,5,39,-0.11776722967624664,-0.15641844272613525,0.03865121304988861,0.03865121304988861,0.0014939162702278797
mean_context,36,1,36,-0.10403365641832352,-0.14019066095352173,0.03615700453519821,0.03615700453519821,0.001307328976958344
mean_context,36,2,37,-0.10403365641832352,-0.12039977312088013,0.01636611670255661,0.01636611670255661,0.00026784977592170245
mean_context,36,3,38,-0.10403365641832352,-0.12791895866394043,0.023885302245616913,0.023885302245616913,0.0005705076633644723
mean_context,36,4,39,-0.10403365641832352,-0.12430500984191895,0.02027135342359543,0.02027135342359543,0.0004109277696243141
mean_context,36,5,40,-0.10403365641832352,-0.11975115537643433,0.01571749895811081,0.01571749895811081,0.0002470397734982144
mean_context,37,1,37,-0.08866845816373825,-0.09100192785263062,0.0023334696888923645,0.0023334696888923645,5.445080788979428e-06
mean_context,37,2,38,-0.08866845816373825,-0.09680277109146118,0.008134312927722931,0.008134312927722931,6.61670468061204e-05
mean_context,37,3,39,-0.08866845816373825,-0.10306656360626221,0.014398105442523956,0.014398105442523956,0.00020730544033403797
mean_context,37,4,40,-0.08866845816373825,-0.09318065643310547,0.004512198269367218,0.004512198269367218,2.0359933222080517e-05
mean_context,37,5,41,-0.08866845816373825,-0.10116010904312134,0.012491650879383087,0.012491650879383087,0.00015604134169239225
mean_context,38,1,38,-0.0682111531496048,-0.08788639307022095,0.01967523992061615,0.01967523992061615,0.0003871150659338074
mean_context,38,2,39,-0.0682111531496048,-0.0761345624923706,0.007923409342765808,0.007923409342765808,6.27804156130285e-05
mean_context,38,3,40,-0.0682111531496048,-0.07356822490692139,0.005357071757316589,0.005357071757316589,2.869821781303905e-05
mean_context,38,4,41,-0.0682111531496048,-0.09029841423034668,0.022087261080741882,0.022087261080741882,0.00048784710204885506
mean_context,38,5,42,-0.0682111531496048,-0.09398669004440308,0.02577553689479828,0.02577553689479828,0.0006643783022151073
mean_context,39,1,39,-0.06993252784013748,-0.0784449577331543,0.008512429893016815,0.008512429893016815,7.246146268352627e-05
mean_context,39,2,40,-0.06993252784013748,-0.09409445524215698,0.0241619274020195,0.0241619274020195,0.0005837987357804608
mean_context,39,3,41,-0.06993252784013748,-0.10944753885269165,0.03951501101255417,0.03951501101255417,0.0015614360953222772
mean_context,39,4,42,-0.06993252784013748,-0.1314188838005066,0.06148635596036911,0.06148635596036911,0.003780571969285218
mean_context,39,5,43,-0.06993252784013748,-0.12396818399429321,0.05403565615415573,0.05403565615415573,0.002919852136010148
mean_context,40,1,40,-0.11081822961568832,-0.15413153171539307,0.04331330209970474,0.04331330209970474,0.0018760421387802872
mean_context,40,2,41,-0.11081822961568832,-0.17612886428833008,0.06531063467264175,0.06531063467264175,0.004265479001343275
mean_context,40,3,42,-0.11081822961568832,-0.16407322883605957,0.053254999220371246,0.053254999220371246,0.002836094941961742
mean_context,40,4,43,-0.11081822961568832,-0.11679190397262573,0.0059736743569374084,0.0059736743569374084,3.568478532273156e-05
mean_context,40,5,44,-0.11081822961568832,-0.10161334276199341,-0.009204886853694916,0.009204886853694916,8.472994198932549e-05
mean_context,41,1,41,-0.14443203806877136,-0.10523796081542969,-0.039194077253341675,0.039194077253341675,0.0015361756917409153
mean_context,41,2,42,-0.14443203806877136,-0.10442620515823364,-0.04000583291053772,0.04000583291053772,0.001600466666865863
mean_context,41,3,43,-0.14443203806877136,-0.110068678855896,-0.034363359212875366,0.034363359212875366,0.0011808404563931063
mean_context,41,4,44,-0.14443203806877136,-0.01747310161590576,-0.1269589364528656,0.1269589364528656,0.016118571545242766
mean_context,41,5,45,-0.14443203806877136,-0.0464974045753479,-0.09793463349342346,0.09793463349342346,0.00959119243749118
mean_context,42,1,42,0.025200046598911285,0.12607598304748535,-0.10087593644857407,0.10087593644857407,0.010175954554376754
mean_context,42,2,43,0.025200046598911285,0.10262703895568848,-0.07742699235677719,0.07742699235677719,0.005994939145416434
mean_context,42,3,44,0.025200046598911285,0.06642544269561768,-0.04122539609670639,0.04122539609670639,0.0016995332833303345
mean_context,42,4,45,0.025200046598911285,0.06837022304534912,-0.043170176446437836,0.043170176446437836,0.001863664134416576
mean_context,42,5,46,0.025200046598911285,0.05442202091217041,-0.029221974313259125,0.029221974313259125,0.0008539237827647761
mean_context,43,1,43,0.032584868371486664,0.07995784282684326,-0.0473729744553566,0.0473729744553566,0.0022441987087478688
mean_context,43,2,44,0.032584868371486664,0.06959235668182373,-0.03700748831033707,0.03700748831033707,0.0013695541910397346
mean_context,43,3,45,0.032584868371486664,0.06635510921478271,-0.03377024084329605,0.03377024084329605,0.0011404291666142208
mean_context,43,4,46,0.032584868371486664,0.0362473726272583,-0.003662504255771637,0.003662504255771637,1.3413937423545352e-05
mean_context,43,5,47,0.032584868371486664,0.020236611366271973,0.012348257005214691,0.012348257005214691,0.0001524794510668337
mean_context,44,1,44,0.09029652923345566,0.06960129737854004,0.02069523185491562,0.02069523185491562,0.00042829262152871417
mean_context,44,2,45,0.09029652923345566,0.07617652416229248,0.014120005071163177,0.014120005071163177,0.00019937454320967385
mean_context,44,3,46,0.09029652923345566,0.07878673076629639,0.011509798467159271,0.011509798467159271,0.0001324754607546219
mean_context,44,4,47,0.09029652923345566,0.09698998928070068,-0.006693460047245026,0.006693460047245026,4.480240740406538e-05
mean_context,44,5,48,0.09029652923345566,0.06618809700012207,0.024108432233333588,0.024108432233333588,0.0005812165047492379
mean_context,45,1,45,0.030442869290709496,0.0048410892486572266,0.02560178004205227,0.02560178004205227,0.0006554511413216259
mean_context,45,2,46,0.030442869290709496,0.027459144592285156,0.0029837246984243393,0.0029837246984243393,8.902613075987414e-06
mean_context,45,3,47,0.030442869290709496,0.032677412033081055,-0.002234542742371559,0.002234542742371559,4.993181267485408e-06
mean_context,45,4,48,0.030442869290709496,0.0187985897064209,0.011644279584288597,0.011644279584288597,0.00013558924703708022
mean_context,45,5,49,0.030442869290709496,0.027254819869995117,0.0031880494207143784,0.0031880494207143784,1.0163659108917283e-05
mean_context,46,1,46,0.026195835322141647,0.024202704429626465,0.0019931308925151825,0.0019931308925151825,3.972570754698368e-06
mean_context,46,2,47,0.026195835322141647,0.04398059844970703,-0.017784763127565384,0.017784763127565384,0.00031629779950360926
mean_context,46,3,48,0.026195835322141647,0.03278613090515137,-0.00659029558300972,0.00659029558300972,4.343199587143742e-05
mean_context,46,4,49,0.026195835322141647,0.008223891258239746,0.0179719440639019,0.0179719440639019,0.0003229907734360188
mean_context,46,5,50,0.026195835322141647,0.01217949390411377,0.014016341418027878,0.014016341418027878,0.00019645782674672374
mean_context,47,1,47,0.008993323892354965,0.006060361862182617,0.002932962030172348,0.002932962030172348,8.602266270432701e-06
mean_context,47,2,48,0.008993323892354965,0.0072754621505737305,0.0017178617417812347,0.0017178617417812347,2.9510489638756576e-06
mean_context,47,3,49,0.008993323892354965,-0.018380939960479736,0.0273742638528347,0.0273742638528347,0.0007493503214846126
mean_context,47,4,50,0.008993323892354965,-0.05601954460144043,0.0650128722190857,0.0650128722190857,0.004226673554175164
mean_context,47,5,51,0.008993323892354965,-0.03488534688949585,0.043878670781850815,0.043878670781850815,0.0019253377495820484
mean_context,48,1,48,0.008343598805367947,-0.04132413864135742,0.04966773837804794,0.04966773837804794,0.0024668842355902165
mean_context,48,2,49,0.008343598805367947,-0.05207085609436035,0.06041445583105087,0.06041445583105087,0.003649906473361997
mean_context,48,3,50,0.008343598805367947,-0.06589680910110474,0.07424040883779526,0.07424040883779526,0.005511638304402988
mean_context,48,4,51,0.008343598805367947,-0.08597385883331299,0.09431745857000351,0.09431745857000351,0.008895782991104328
mean_context,48,5,52,0.008343598805367947,-0.06996148824691772,0.07830508798360825,0.07830508798360825,0.0061316868041206285
mean_context,49,1,49,-0.025322679430246353,-0.11179685592651367,0.08647418022155762,0.08647418022155762,0.007477783844990427
mean_context,49,2,50,-0.025322679430246353,-0.1088457703590393,0.08352309465408325,0.08352309465408325,0.00697610734059495
mean_context,49,3,51,-0.025322679430246353,-0.17977678775787354,0.15445411205291748,0.15445411205291748,0.02385607273005519
mean_context,49,4,52,-0.025322679430246353,-0.21246349811553955,0.1871408224105835,0.1871408224105835,0.03502168741250955
mean_context,49,5,53,-0.025322679430246353,-0.19649463891983032,0.17117196321487427,0.17117196321487427,0.02929984099083427
mean_context,50,1,50,-0.01291413139551878,-0.12035483121871948,0.10744070261716843,0.10744070261716843,0.011543504578870822
mean_context,50,2,51,-0.01291413139551878,-0.10943865776062012,0.09652452915906906,0.09652452915906906,0.009316984729379973
mean_context,50,3,52,-0.01291413139551878,-0.11677241325378418,0.10385828465223312,0.10385828465223312,0.010786543290904282
mean_context,50,4,53,-0.01291413139551878,-0.11898642778396606,0.10607229918241501,0.10607229918241501,0.01125133265384376
mean_context,50,5,54,-0.01291413139551878,-0.11586534976959229,0.10295122116804123,0.10295122116804123,0.01059895393999094
mean_context,51,1,51,-0.02689007855951786,-0.06223011016845703,0.03534003347158432,0.03534003347158432,0.0012489179657727
mean_context,51,2,52,-0.02689007855951786,-0.03777599334716797,0.010885914787650108,0.010885914787650108,0.0001185031407639793
mean_context,51,3,53,-0.02689007855951786,-0.03552508354187012,0.008635004982352257,0.008635004982352257,7.45633110452483e-05
mean_context,51,4,54,-0.02689007855951786,-0.028374075889587402,0.001483997330069542,0.001483997330069542,2.202248075653529e-06
mean_context,51,5,55,-0.02689007855951786,0.014439702033996582,-0.04132977873086929,0.04132977873086929,0.0017081506099426158
mean_context,52,1,52,0.024726588279008865,0.08275699615478516,-0.05803040787577629,0.05803040787577629,0.003367528238228959
mean_context,52,2,53,0.024726588279008865,0.09128570556640625,-0.06655912101268768,0.06655912101268768,0.004430116589981603
mean_context,52,3,54,0.024726588279008865,0.11011683940887451,-0.08539025485515594,0.08539025485515594,0.007291495624228483
mean_context,52,4,55,0.024726588279008865,0.08167672157287598,-0.05695013329386711,0.05695013329386711,0.0032433176821892312
mean_context,52,5,56,0.024726588279008865,0.07833945751190186,-0.05361286923289299,0.05361286923289299,0.002874339747383284
mean_context,53,1,53,-0.048916492611169815,0.003509998321533203,-0.05242649093270302,0.05242649093270302,0.0027485369515167918
mean_context,53,2,54,-0.048916492611169815,-0.019647181034088135,-0.02926931157708168,0.02926931157708168,0.0008566926001962877
mean_context,53,3,55,-0.048916492611169815,0.003971099853515625,-0.05288759246468544,0.05288759246468544,0.002797097436710652
mean_context,53,4,56,-0.048916492611169815,0.009310483932495117,-0.05822697654366493,0.05822697654366493,0.0033903807974165062
mean_context,53,5,57,-0.048916492611169815,-0.0015169978141784668,-0.04739949479699135,0.04739949479699135,0.00224671210701001
mean_context,54,1,54,-0.09735561162233353,-0.05278801918029785,-0.044567592442035675,0.044567592442035675,0.0019862702960793954
mean_context,54,2,55,-0.09735561162233353,-0.133774995803833,0.03641938418149948,0.03641938418149948,0.0013263715441596546
mean_context,54,3,56,-0.09735561162233353,-0.1382482647895813,0.04089265316724777,0.04089265316724777,0.0016722090830568193
mean_context,54,4,57,-0.09735561162233353,-0.1358984112739563,0.03854279965162277,0.03854279965162277,0.0014855474049851325
mean_context,54,5,58,-0.09735561162233353,-0.14361339807510376,0.04625778645277023,0.04625778645277023,0.0021397828075100933
mean_context,55,1,55,-0.06567532569169998,-0.09500598907470703,0.02933066338300705,0.02933066338300705,0.0008602878144872705
mean_context,55,2,56,-0.06567532569169998,-0.089202880859375,0.02352755516767502,0.02352755516767502,0.0005535458521679915
mean_context,55,3,57,-0.06567532569169998,-0.09980505704879761,0.034129731357097626,0.034129731357097626,0.001164838562507653
mean_context,55,4,58,-0.06567532569169998,-0.11570829153060913,0.05003296583890915,0.05003296583890915,0.00250329767063745
mean_context,55,5,59,-0.06567532569169998,-0.10959506034851074,0.04391973465681076,0.04391973465681076,0.0019289430923246642
mean_context,56,1,56,-0.01714998483657837,-0.03544551134109497,0.0182955265045166,0.0182955265045166,0.00033472629007746946
mean_context,56,2,57,-0.01714998483657837,-0.03262990713119507,0.0154799222946167,0.0154799222946167,0.00023962799424737113
mean_context,56,3,58,-0.01714998483657837,-0.03919970989227295,0.02204972505569458,0.02204972505569458,0.00048619037503172535
mean_context,56,4,59,-0.01714998483657837,-0.04392367601394653,0.026773691177368164,0.026773691177368164,0.0007168305392610819
mean_context,56,5,60,-0.01714998483657837,-0.05737614631652832,0.04022616147994995,0.04022616147994995,0.0016181440674110092
mean_context,57,1,57,-0.021260738372802734,-0.0535585880279541,0.03229784965515137,0.03229784965515137,0.0010431510923467613
mean_context,57,2,58,-0.021260738372802734,-0.04992955923080444,0.02866882085800171,0.02866882085800171,0.0008219012893881938
mean_context,57,3,59,-0.021260738372802734,-0.04542464017868042,0.024163901805877686,0.024163901805877686,0.0005838941504840989
mean_context,57,4,60,-0.021260738372802734,-0.04217106103897095,0.020910322666168213,0.020910322666168213,0.0004372415940032681
mean_context,57,5,61,-0.021260738372802734,-0.006319403648376465,-0.01494133472442627,0.01494133472442627,0.00022324348334734623
mean_context,58,1,58,-0.049453530460596085,-0.030210137367248535,-0.01924339309334755,0.01924339309334755,0.00037030817774509617
mean_context,58,2,59,-0.049453530460596085,-0.03445380926132202,-0.014999721199274063,0.014999721199274063,0.00022499163605595174
mean_context,58,3,60,-0.049453530460596085,-0.08336395025253296,0.033910419791936874,0.033910419791936874,0.001149916570465384
mean_context,58,4,61,-0.049453530460596085,-0.08769923448562622,0.038245704025030136,0.038245704025030136,0.0014627338763702064
mean_context,58,5,62,-0.049453530460596085,-0.04900169372558594,-0.0004518367350101471,0.0004518367350101471,2.0415643510462989e-07
mean_context,59,1,59,-0.052744366228580475,-0.04051554203033447,-0.012228824198246002,0.012228824198246002,0.00014954414127160698
mean_context,59,2,60,-0.052744366228580475,-0.0933692455291748,0.04062487930059433,0.04062487930059433,0.0016503808181878576
mean_context,59,3,61,-0.052744366228580475,-0.10500401258468628,0.052259646356105804,0.052259646356105804,0.0027310706372652427
mean_context,59,4,62,-0.052744366228580475,-0.10622715950012207,0.053482793271541595,0.053482793271541595,0.002860409176126455
mean_context,59,5,63,-0.052744366228580475,-0.12703537940979004,0.07429101318120956,0.07429101318120956,0.005519154639490653
mean_context,60,1,60,-0.0110292574390769,-0.08709406852722168,0.0760648101568222,0.0760648101568222,0.005785855344193402
mean_context,60,2,61,-0.0110292574390769,-0.08942276239395142,0.07839350402355194,0.07839350402355194,0.006145541473090654
mean_context,60,3,62,-0.0110292574390769,-0.046863436698913574,0.0358341783285141,0.0358341783285141,0.0012840883364797495
mean_context,60,4,63,-0.0110292574390769,-0.036054909229278564,0.02502565085887909,0.02502565085887909,0.0006262832009105157
mean_context,60,5,64,-0.0110292574390769,-0.08845913410186768,0.0774298757314682,0.0774298757314682,0.005995385655790608
drift,0,1,0,-0.038828869990538806,-0.022094666957855225,-0.01673420303268358,0.01673420303268358,0.0002800335511390764
drift,0,2,1,-0.03947601781692356,-0.02554905414581299,-0.01392696367111057,0.01392696367111057,0.00019396031709643363
drift,0,3,2,-0.04012316564330831,-0.11284291744232178,0.07271975179901347,0.07271975179901347,0.005288162301710122
drift,0,4,3,-0.040770313469693065,-0.15771639347076416,0.1169460800010711,0.1169460800010711,0.013676385627616921
drift,0,5,4,-0.04141746129607782,-0.13849204778671265,0.09707458649063483,0.09707458649063483,0.009423475342327741
drift,1,1,1,-0.16448263404890895,-0.17115896940231323,0.0066763353534042835,0.0066763353534042835,4.45734537511159e-05
drift,1,2,2,-0.1672240113839507,-0.048858463764190674,-0.11836554761976004,0.11836554761976004,0.014010402863325682
drift,1,3,3,-0.16996538871899247,-0.1129639744758606,-0.057001414243131876,0.057001414243131876,0.0032491612257171177
drift,1,4,4,-0.17270676605403423,-0.11738055944442749,-0.05532620660960674,0.05532620660960674,0.003060989137808893
drift,1,5,5,-0.175448143389076,-0.13701164722442627,-0.038436496164649725,0.038436496164649725,0.001477364237415133
drift,2,1,2,-0.13490844587795436,-0.1489139199256897,0.014005474047735333,0.014005474047735333,0.00019615330330178795
drift,2,2,3,-0.13715692004188895,-0.18026340007781982,0.04310648003593087,0.04310648003593087,0.0018581686210881068
drift,2,3,4,-0.13940539420582354,-0.18161791563034058,0.042212521424517035,0.042212521424517035,0.0017818969650153097
drift,2,4,5,-0.14165386836975813,-0.20906704664230347,0.06741317827254534,0.06741317827254534,0.004544536604805979
drift,2,5,6,-0.14390234253369272,-0.18357622623443604,0.03967388370074332,0.03967388370074332,0.0015740170479001062
drift,3,1,3,-0.24596153665333986,-0.21156877279281616,-0.0343927638605237,0.0343927638605237,0.0011828622059657451
drift,3,2,4,-0.2500608954578638,-0.192050039768219,-0.058010855689644814,0.058010855689644814,0.003365259377844796
drift,3,3,5,-0.25416025426238775,-0.17065221071243286,-0.08350804354995489,0.08350804354995489,0.006973593337541163
drift,3,4,6,-0.2582596130669117,-0.16690915822982788,-0.09135045483708382,0.09135045483708382,0.00834490559894209
drift,3,5,7,-0.26235897187143564,-0.1597866415977478,-0.10257233027368784,0.10257233027368784,0.010521082937774498
drift,4,1,4,-0.20853396179154515,-0.21285808086395264,0.004324119072407484,0.004324119072407484,1.869800575235816e-05
drift,4,2,5,-0.21200952772051096,-0.1795802116394043,-0.03242931608110666,0.03242931608110666,0.0010516605414883232
drift,4,3,6,-0.21548509364947677,-0.14400827884674072,-0.07147681480273604,0.07147681480273604,0.005108935054344626
drift,4,4,7,-0.21896065957844257,-0.14078223705291748,-0.0781784225255251,0.0781784225255251,0.006111865748579529
drift,4,5,8,-0.22243622550740838,-0.15793025493621826,-0.06450597057119012,0.06450597057119012,0.0041610202393312454
drift,5,1,5,-0.18440887075848877,-0.16809314489364624,-0.016315725864842534,0.016315725864842534,0.00026620291049669166
drift,5,2,6,-0.18748235190287232,-0.16642040014266968,-0.021061951760202646,0.021061951760202646,0.00044360581194910335
drift,5,3,7,-0.19055583304725587,-0.1741148829460144,-0.01644095010124147,0.01644095010124147,0.0002703048402315119
drift,5,4,8,-0.19362931419163942,-0.10868418216705322,-0.0849451320245862,0.0849451320245862,0.00721567545467438
drift,5,5,9,-0.19670279533602297,-0.08554500341415405,-0.11115779192186892,0.11115779192186892,0.012356054704945508
drift,6,1,6,-0.08565781475044787,-0.07958179712295532,-0.006076017627492547,0.006076017627492547,3.691799020960016e-05
drift,6,2,7,-0.08708544494584203,-0.10119068622589111,0.014105241280049086,0.014105241280049086,0.00019895783156840077
drift,6,3,8,-0.08851307514123619,-0.10613226890563965,0.017619193764403462,0.017619193764403462,0.00031043598890759385
drift,6,4,9,-0.08994070533663034,-0.1060066819190979,0.016065976582467556,0.016065976582467556,0.0002581156035483959
drift,6,5,10,-0.0913683355320245,-0.11065512895584106,0.01928679342381656,0.01928679342381656,0.00037198040057297377
drift,7,1,7,-0.03155253699515015,-0.03346008062362671,0.0019075436284765601,0.0019075436284765601,3.638722694541521e-06
drift,7,2,8,-0.032078412594273686,-0.03183269500732422,-0.00024571758694946766,0.00024571758694946766,6.03771325362692e-08
drift,7,3,9,-0.032604288193397224,-0.04629659652709961,0.013692308333702385,0.013692308333702385,0.00018747930750517578
drift,7,4,10,-0.03313016379252076,-0.02308744192123413,-0.01004272187128663,0.01004272187128663,0.00010085626258401884
drift,7,5,11,-0.0336560393916443,-0.021171092987060547,-0.012484946404583752,0.012484946404583752,0.00015587388672532875
drift,8,1,8,0.005688586476026103,0.007890582084655762,-0.002201995608629659,0.002201995608629659,4.8487846604243016e-06
drift,8,2,9,0.005783396249171346,0.011703133583068848,-0.005919737333897501,0.005919737333897501,3.504329010233989e-05
drift,8,3,10,0.00587820602231659,0.048281311988830566,-0.042403105966513976,0.042403105966513976,0.001798023395607413
drift,8,4,11,0.0059730157954618335,0.041953086853027344,-0.03598007105756551,0.03598007105756551,0.0012945655133074633
drift,8,5,12,0.006067825568607077,0.07492184638977051,-0.06885402082116343,0.06885402082116343,0.004740876183241208
drift,9,1,9,0.13807575590908527,0.13027679920196533,0.007798956707119942,0.007798956707119942,6.0823725719531124e-05
drift,9,2,10,0.14037701860070229,0.1518878936767578,-0.011510875076055527,0.011510875076055527,0.00013250024501655633
drift,9,3,11,0.1426782812923193,0.14586186408996582,-0.0031835827976465225,0.0031835827976465225,1.013519942947086e-05
drift,9,4,12,0.1449795439839363,0.1596308946609497,-0.014651350677013397,0.014651350677013397,0.00021466207666082093
drift,9,5,13,0.14728080667555332,0.14599394798278809,0.001286858692765236,0.001286858692765236,1.6560052951454518e-06
drift,10,1,10,0.195196442771703,0.19060373306274414,0.004592709708958864,0.004592709708958864,2.1092982470765015e-05
drift,10,2,11,0.1984497169032693,0.17259085178375244,0.02585886511951685,0.02585886511951685,0.0006686809052693652
drift,10,3,12,0.20170299103483558,0.20564603805541992,-0.003943047020584345,0.003943047020584345,1.554761980653908e-05
drift,10,4,13,0.20495626516640186,0.197249174118042,0.007707091048359871,0.007707091048359871,5.9399252427708854e-05
drift,10,5,14,0.20820953929796815,0.19474220275878906,0.013467336539179087,0.013467336539179087,0.00018136915345950814
drift,11,1,11,0.11278334306553006,0.08947646617889404,0.02330687688663602,0.02330687688663602,0.0005432105102088083
drift,11,2,12,0.11466306541115046,0.11531031131744385,-0.0006472459062933922,0.0006472459062933922,4.189272632135546e-07
drift,11,3,13,0.11654278775677085,0.1371365785598755,-0.02059379080310464,0.02059379080310464,0.0004241042196420372
drift,11,4,14,0.11842251010239124,0.13151633739471436,-0.013093827292323112,0.013093827292323112,0.0001714483131611856
drift,11,5,15,0.12030223244801164,0.15931415557861328,-0.039011923130601645,0.039011923130601645,0.0015219301463479716
drift,12,1,12,0.24311336409300566,0.25192832946777344,-0.00881496537476778,0.00881496537476778,7.770361455835487e-05
drift,12,2,13,0.24716525338590145,0.25953924655914307,-0.012373993173241615,0.012373993173241615,0.0001531157070514301
drift,12,3,14,0.25121714267879725,0.22733783721923828,0.023879305459558964,0.023879305459558964,0.0005702212292309225
drift,12,4,15,0.25526903197169304,0.21769630908966064,0.037572722882032394,0.037572722882032394,0.0014117095047700007
drift,12,5,16,0.25932092126458883,0.22697949409484863,0.0323414271697402,0.0323414271697402,0.0010459679113756096
drift,13,1,13,0.415505756624043,0.40728759765625,0.008218158967792988,0.008218158967792988,6.753813681991631e-05
drift,13,2,14,0.42243085242807865,0.4118325710296631,0.010598281398415565,0.010598281398415565,0.0001123235686000014
drift,13,3,15,0.4293559482321143,0.43555688858032227,-0.006200940348207951,0.006200940348207951,3.845166120203334e-05
drift,13,4,16,0.43628104403615,0.42470359802246094,0.011577446013689041,0.011577446013689041,0.00013403725619988427
drift,13,5,17,0.44320613984018564,0.405642032623291,0.03756410721689463,0.03756410721689463,0.001411062151002355
drift,14,1,14,0.38217483926564455,0.3823438882827759,-0.00016904901713132858,0.00016904901713132858,2.8577570193068225e-08
drift,14,2,15,0.3885444197803736,0.36215293407440186,0.026391485705971718,0.026391485705971718,0.0006965105177685095
drift,14,3,16,0.3949140002951026,0.34781014919281006,0.04710385110229254,0.04710385110229254,0.002218772788666946
drift,14,4,17,0.4012835808098316,0.34493398666381836,0.05634959414601326,0.05634959414601326,0.003175276760420412
drift,14,5,18,0.40765316132456064,0.3504371643066406,0.05721599701792002,0.05721599701792002,0.0032736703147546323
drift,15,1,15,0.35967640951275826,0.37038445472717285,-0.010708045214414597,0.010708045214414597,0.00011466223231394734
drift,15,2,16,0.3656710162758827,0.3547004461288452,0.010970570147037506,0.010970570147037506,0.00012035340935107053
drift,15,3,17,0.3716656230390072,0.3715571165084839,0.00010850653052330017,0.00010850653052330017,1.1773667166203872e-08
drift,15,4,18,0.37766022980213165,0.37390196323394775,0.003758266568183899,0.003758266568183899,1.4124567597528781e-05
drift,15,5,19,0.3836548365652561,0.36982715129852295,0.01382768526673317,0.01382768526673317,0.00019120487983582957
drift,16,1,16,0.3031953312456608,0.3071584701538086,-0.003963138908147812,0.003963138908147812,1.570647000527503e-05
drift,16,2,17,0.3082485869526863,0.2750455141067505,0.03320307284593582,0.03320307284593582,0.0011024440464125207
drift,16,3,18,0.31330184265971184,0.2663205862045288,0.04698125645518303,0.04698125645518303,0.002207238458107677
drift,16,4,19,0.31835509836673737,0.40881597995758057,-0.0904608815908432,0.0904608815908432,0.008183171098192554
drift,16,5,20,0.3234083540737629,0.3661384582519531,-0.04273010417819023,0.04273010417819023,0.0018258618030789903
drift,17,1,17,0.2610489474609494,0.3008662462234497,-0.039817298762500286,0.039817298762500286,0.0015854172807422068
drift,17,2,18,0.26539976336061954,0.2792346477508545,-0.013834884390234947,0.013834884390234947,0.0001914040260911666
drift,17,3,19,0.26975057926028967,0.2935272455215454,-0.02377666626125574,0.02377666626125574,0.0005653298584991371
drift,17,4,20,0.2741013951599598,0.27650344371795654,-0.00240204855799675,0.00240204855799675,5.7698372749742655e-06
drift,17,5,21,0.2784522110596299,0.28901994228363037,-0.010567731224000454,0.010567731224000454,0.00011167694322271413
drift,18,1,18,0.16956349555402994,0.16153550148010254,0.008027994073927402,0.008027994073927402,6.444868885101349e-05
drift,18,2,19,0.1723895538598299,0.19813156127929688,-0.025742007419466972,0.025742007419466972,0.0006626509459838927
drift,18,3,20,0.17521561216562986,0.18308663368225098,-0.007871021516621113,0.007871021516621113,6.195297971511252e-05
drift,18,4,21,0.17804167047142982,0.1861957311630249,-0.008154060691595078,0.008154060691595078,6.6488705762216e-05
drift,18,5,22,0.18086772877722979,0.19089722633361816,-0.010029497556388378,0.010029497556388378,0.00010059082123360045
drift,19,1,19,0.23960315575823188,0.2075059413909912,0.03209721436724067,0.03209721436724067,0.0010302311701366007
drift,19,2,20,0.24359654169529676,0.1825019121170044,0.06109462957829237,0.06109462957829237,0.003732553763308757
drift,19,3,21,0.24758992763236165,0.17658531665802002,0.07100461097434163,0.07100461097434163,0.005041654779617596
drift,19,4,22,0.25158331356942654,0.16302120685577393,0.08856210671365261,0.08856210671365261,0.007843246745560393
drift,19,5,23,0.2555766995064914,0.18771040439605713,0.0678662951104343,0.0678662951104343,0.0046058340120165575
drift,20,1,20,0.17300981585867703,0.1678164005279541,0.005193415330722928,0.005193415330722928,2.697156279738794e-05
drift,20,2,21,0.17589331278577447,0.16905665397644043,0.00683665880933404,0.00683665880933404,4.673990367524473e-05
drift,20,3,22,0.1787768097128719,0.15863895416259766,0.020137855550274253,0.020137855550274253,0.00040553322616371153
drift,20,4,23,0.18166030663996935,0.16442131996154785,0.017238986678421497,0.017238986678421497,0.00029718266169879385
drift,20,5,24,0.1845438035670668,0.14518260955810547,0.03936119400896132,0.03936119400896132,0.0015493035938110924
drift,21,1,21,0.08033158420585096,0.07374894618988037,0.006582638015970588,0.006582638015970588,4.3331123249301196e-05
drift,21,2,22,0.08167044399306178,0.07658267021179199,0.005087773781269789,0.005087773781269789,2.5885442049376284e-05
drift,21,3,23,0.0830093037802726,0.09352636337280273,-0.010517059592530131,0.010517059592530131,0.00011060854247283005
drift,21,4,24,0.08434816356748343,0.09907686710357666,-0.014728703536093235,0.014728703536093235,0.00021693470785412537
drift,21,5,25,0.08568702335469425,0.09885776042938232,-0.013170737074688077,0.013170737074688077,0.00017346831509056304
drift,22,1,22,0.08644714194815606,0.1043325662612915,-0.017885424313135445,0.017885424313135445,0.0003198884028608965
drift,22,2,23,0.08788792765699327,0.08454477787017822,0.0033431497868150473,0.0033431497868150473,1.1176650497081496e-05
drift,22,3,24,0.08932871336583048,0.08298730850219727,0.006341404863633215,0.006341404863633215,4.0213415644511e-05
drift,22,4,25,0.09076949907466769,0.08975136280059814,0.0010181362740695477,0.0010181362740695477,1.036601472576221e-06
drift,22,5,26,0.0922102847835049,0.10289037227630615,-0.010680087492801249,0.010680087492801249,0.00011406426885388967
drift,23,1,23,0.1227314593270421,0.14164292812347412,-0.01891146879643202,0.01891146879643202,0.0003576436520384219
drift,23,2,24,0.12477698363363743,0.13683593273162842,-0.01205894909799099,0.01205894909799099,0.0001454182533479377
drift,23,3,25,0.12682250794023275,0.14347481727600098,-0.016652309335768223,0.016652309335768223,0.0002772994062141135
drift,23,4,26,0.12886803224682808,0.14073431491851807,-0.011866282671689987,0.011866282671689987,0.00014080866444445006
drift,23,5,27,0.1309135565534234,0.12136006355285645,0.00955349300056696,0.00955349300056696,9.126922851188188e-05
drift,24,1,24,0.043706489843316376,0.029674410820007324,0.014032079023309052,0.014032079023309052,0.00019689924171638993
drift,24,2,25,0.04443493136204779,0.03684413433074951,0.00759079703129828,0.00759079703129828,5.762019957036678e-05
drift,24,3,26,0.04516337288077921,0.020827889442443848,0.02433548343833536,0.02433548343833536,0.0005922157541774945
drift,24,4,27,0.04589181439951062,0.013794422149658203,0.03209739224985242,0.03209739224985242,0.0010302425892408861
drift,24,5,28,0.04662025591824204,0.013317346572875977,0.03330290934536606,0.03330290934536606,0.0011090837708656702
drift,25,1,25,0.035462743137031794,0.022315025329589844,0.01314771780744195,0.01314771780744195,0.00017286248354412615
drift,25,2,26,0.0360537888482213,-0.001405954360961914,0.037459743209183216,0.037459743209183216,0.001403232361297948
drift,25,3,27,0.03664483455941081,0.012111067771911621,0.02453376678749919,0.02453376678749919,0.0006019057127833983
drift,25,4,28,0.03723588027060032,-0.010844290256500244,0.04808017052710056,0.04808017052710056,0.0023117027979150696
drift,25,5,29,0.03782692598178983,-0.0037447214126586914,0.04157164739444852,0.04157164739444852,0.0017282018670883583
drift,26,1,26,-0.007419929665047675,-0.010874927043914795,0.0034549973788671196,0.0034549973788671196,1.1937006887978666e-05
drift,26,2,27,-0.007543595158495009,-0.004272282123565674,-0.003271313034929335,0.003271313034929335,1.0701488972498577e-05
drift,26,3,28,-0.0076672606519423425,0.0174638032913208,-0.025131063943263143,0.025131063943263143,0.0006315703749203809
drift,26,4,29,-0.007790926145389676,-0.021666765213012695,0.01387583906762302,0.01387583906762302,0.00019253890983057326
drift,26,5,30,-0.00791459163883701,-0.007240712642669678,-0.0006738789961673319,0.0006738789961673319,4.5411290147549097e-07
drift,27,1,27,0.003894021952874027,-0.006059110164642334,0.009953132117516361,0.009953132117516361,9.906483894873573e-05
drift,27,2,28,0.00395892231608741,0.006423830986022949,-0.0024649086699355394,0.0024649086699355394,6.07577475112339e-06
drift,27,3,29,0.0040238226793007925,-0.0012622475624084473,0.00528607024170924,0.00528607024170924,2.7942538600283982e-05
drift,27,4,30,0.004088723042514175,0.005540251731872559,-0.0014515286893583834,0.0014515286893583834,2.1069355360304663e-06
drift,27,5,31,0.004153623405727558,0.026929616928100586,-0.022775993522373028,0.022775993522373028,0.0005187458809311781
drift,28,1,28,0.020604456891305745,0.02179396152496338,-0.0011895046336576343,0.0011895046336576343,1.4149212734929827e-06
drift,28,2,29,0.020947864511981606,0.021988987922668457,-0.0010411234106868505,0.0010411234106868505,1.0839379562802205e-06
drift,28,3,30,0.02129127213265747,0.022811174392700195,-0.001519902260042727,0.001519902260042727,2.3101028800829893e-06
drift,28,4,31,0.02163467975333333,0.02888667583465576,-0.0072519960813224316,0.0072519960813224316,5.2591447163515903e-05
drift,28,5,32,0.021978087374009192,0.04624950885772705,-0.02427142148371786,0.02427142148371786,0.0005891019008402808
drift,29,1,29,-0.03346736147068441,-0.03211098909378052,-0.0013563723769038916,0.0013563723769038916,1.8397460248279125e-06
drift,29,2,30,-0.03402515081688762,-0.031814754009246826,-0.002210396807640791,0.002210396807640791,4.8858540472286e-06
drift,29,3,31,-0.034582940163090825,-0.1415562629699707,0.10697332280687988,0.10697332280687988,0.011443291792344927
drift,29,4,32,-0.03514072950929403,-0.1648956537246704,0.12975492421537638,0.12975492421537638,0.016836340358138066
drift,29,5,33,-0.03569851885549724,-0.17860037088394165,0.1429018520284444,0.1429018520284444,0.02042093931315942
drift,30,1,30,-0.17017534212209284,-0.18090534210205078,0.010729999979957938,0.010729999979957938,0.00011513289956989735
drift,30,2,31,-0.1730115977115929,-0.16963714361190796,-0.0033744540996849537,0.0033744540996849537,1.1386940470880591e-05
drift,30,3,32,-0.17584785330109298,-0.19184714555740356,0.015999292256310582,0.015999292256310582,0.00025597735270283976
drift,30,4,33,-0.17868410889059305,-0.18823033571243286,0.00954622682183981,0.00954622682183981,9.113044653401379e-05
drift,30,5,34,-0.18152036448009312,-0.17510801553726196,-0.006412348942831159,0.006412348942831159,4.111821896462788e-05
drift,31,1,31,-0.17971570207737386,-0.1828191876411438,0.0031034855637699366,0.0031034855637699366,9.631622644528401e-06
drift,31,2,32,-0.1827109637670219,-0.20636719465255737,0.02365623088553548,0.02365623088553548,0.0005596172597097627
drift,31,3,33,-0.18570622545666993,-0.20522040128707886,0.01951417583040893,0.01951417583040893,0.0003808030583401161
drift,31,4,34,-0.18870148714631796,-0.2057807445526123,0.017079257406294346,0.017079257406294346,0.00029170103355046027
drift,31,5,35,-0.191696748835966,-0.21548926830291748,0.02379251946695149,0.02379251946695149,0.0005660839825852655
drift,32,1,32,-0.2042403060477227,-0.2065710425376892,0.0023307364899665117,0.0023307364899665117,5.432332585661415e-06
drift,32,2,33,-0.20764431124553084,-0.21635466814041138,0.008710356894880533,0.008710356894880533,7.587031723619284e-05
drift,32,3,34,-0.211048316443339,-0.2179078459739685,0.006859529530629516,0.006859529530629516,4.705314538157838e-05
drift,32,4,35,-0.21445232164114714,-0.21113765239715576,-0.003314669243991375,0.003314669243991375,1.0987032197062353e-05
drift,32,5,36,-0.21785632683895528,-0.18618083000183105,-0.03167549683712423,0.03167549683712423,0.001003337099878667
drift,33,1,33,-0.16885745315812528,-0.13452410697937012,-0.034333346178755164,0.034333346178755164,0.0011787786598302418
drift,33,2,34,-0.17167174397036433,-0.1380745768547058,-0.03359716711565852,0.03359716711565852,0.0011287696381974863
drift,33,3,35,-0.17448603478260338,-0.11856722831726074,-0.05591880646534264,0.05591880646534264,0.003126912916508446
drift,33,4,36,-0.17730032559484243,-0.128198504447937,-0.04910182114690542,0.04910182114690542,0.0024109888399426885
drift,33,5,37,-0.18011461640708148,-0.1197236180305481,-0.06039099837653339,0.06039099837653339,0.0036470726849144584
drift,34,1,34,-0.15751628554426134,-0.16468596458435059,0.00716967904008925,0.00716967904008925,5.1404297537895104e-05
drift,34,2,35,-0.16014155698940158,-0.1360453963279724,-0.024096160661429167,0.024096160661429167,0.0005806249586214065
drift,34,3,36,-0.16276682843454182,-0.12051719427108765,-0.042249634163454175,0.042249634163454175,0.0017850315869457141
drift,34,4,37,-0.16539209987968206,-0.12916290760040283,-0.03622919227927923,0.03622919227927923,0.001312554373208986
drift,34,5,38,-0.1680173713248223,-0.14201384782791138,-0.02600352349691093,0.02600352349691093,0.0006761832342543989
drift,35,1,35,-0.159317638957873,-0.1654300093650818,0.0061123704072088,0.0061123704072088,3.7361071994921875e-05
drift,35,2,36,-0.16197293298318982,-0.1621180772781372,0.0001451442949473858,0.0001451442949473858,2.106686635577372e-08
drift,35,3,37,-0.16462822700850666,-0.17300385236740112,0.008375625358894467,0.008375625358894467,7.015110015255608e-05
drift,35,4,38,-0.1672835210338235,-0.16879332065582275,0.0015097996219992638,0.0015097996219992638,2.2794948985891197e-06
drift,35,5,39,-0.16993881505914032,-0.15641844272613525,-0.01352037233300507,0.01352037233300507,0.00018280046802308898
drift,36,1,36,-0.1322680003941059,-0.14019066095352173,0.007922660559415817,0.007922660559415817,6.276855033972295e-05
drift,36,2,37,-0.13447246700525284,-0.12039977312088013,-0.014072693884372711,0.014072693884372711,0.0001980407131632611
drift,36,3,38,-0.13667693361639977,-0.12791895866394043,-0.008757974952459335,0.008757974952459335,7.67021252679051e-05
drift,36,4,39,-0.1388814002275467,-0.12430500984191895,-0.014576390385627747,0.014576390385627747,0.000212471156674221
drift,36,5,40,-0.14108586683869362,-0.11975115537643433,-0.021334711462259293,0.021334711462259293,0.00045516991317785804
drift,37,1,37,-0.0961586176417768,-0.09100192785263062,-0.005156689789146185,0.005156689789146185,2.6591449581484525e-05
drift,37,2,38,-0.09776126127690077,-0.09680277109146118,-0.0009584901854395866,0.0009584901854395866,9.187034355840132e-07
drift,37,3,39,-0.09936390491202474,-0.10306656360626221,0.0037026586942374706,0.0037026586942374706,1.3709681406012331e-05
drift,37,4,40,-0.1009665485471487,-0.09318065643310547,-0.007785892114043236,0.007785892114043236,6.062011601152065e-05
drift,37,5,41,-0.10256919218227267,-0.10116010904312134,-0.0014090831391513348,0.0014090831391513348,1.98551529304058e-06
drift,38,1,38,-0.07557095109950751,-0.08788639307022095,0.012315441970713437,0.012315441970713437,0.00015167011093401007
drift,38,2,39,-0.07683046697638929,-0.0761345624923706,-0.0006959044840186834,0.0006959044840186834,4.8428305087731e-07
drift,38,3,40,-0.07808998285327107,-0.07356822490692139,-0.00452175794634968,0.00452175794634968,2.044629492537648e-05
drift,38,4,41,-0.07934949873015285,-0.09029841423034668,0.010948915500193834,0.010948915500193834,0.0001198787506303848
drift,38,5,42,-0.08060901460703462,-0.09398669004440308,0.013377675437368453,0.013377675437368453,0.00017896220010757123
drift,39,1,39,-0.08981987577863038,-0.0784449577331543,-0.011374918045476079,0.011374918045476079,0.00012938876054129734
drift,39,2,40,-0.09131687367334962,-0.09409445524215698,0.0027775815688073635,0.0027775815688073635,7.714959371378375e-06
drift,39,3,41,-0.09281387156806886,-0.10944753885269165,0.01663366728462279,0.01663366728462279,0.00027667888733553045
drift,39,4,42,-0.0943108694627881,-0.1314188838005066,0.03710801433771849,0.03710801433771849,0.0013770047280883208
drift,39,5,43,-0.09580786735750735,-0.12396818399429321,0.028160316636785865,0.028160316636785865,0.0007930034330840388
drift,40,1,40,-0.1559811527840793,-0.15413153171539307,-0.0018496210686862469,0.0018496210686862469,3.421098097728054e-06
drift,40,2,41,-0.15858083870261908,-0.17612886428833008,0.017548025585711002,0.017548025585711002,0.00030793320195676797
drift,40,3,42,-0.16118052462115884,-0.16407322883605957,0.002892704214900732,0.002892704214900732,8.36773767490446e-06
drift,40,4,43,-0.1637802105396986,-0.11679190397262573,-0.04698830656707287,0.04698830656707287,0.0022079009540412232
drift,40,5,44,-0.16637989645823836,-0.10161334276199341,-0.06476655369624496,0.06476655369624496,0.004194706477688581
drift,41,1,41,-0.12542694294825196,-0.10523796081542969,-0.020188982132822275,0.020188982132822275,0.00040759499955941706
drift,41,2,42,-0.1275173919275403,-0.10442620515823364,-0.02309118676930666,0.02309118676930666,0.0005332029064150029
drift,41,3,43,-0.12960784090682864,-0.110068678855896,-0.019539162050932646,0.019539162050932646,0.00038177885365260644
drift,41,4,44,-0.13169828988611698,-0.01747310161590576,-0.11422518827021122,0.11422518827021122,0.013047393635365199
drift,41,5,45,-0.13378873886540532,-0.0464974045753479,-0.08729133429005742,0.08729133429005742,0.007619777042138554
drift,42,1,42,0.1445697930175811,0.12607598304748535,0.018493809970095754,0.018493809970095754,0.0003420210072100131
drift,42,2,43,0.1469792895950377,0.10262703895568848,0.04435225063934922,0.04435225063934922,0.0019671221367756537
drift,42,3,44,0.1493887861724943,0.06642544269561768,0.08296334347687662,0.08296334347687662,0.006882916360862206
drift,42,4,45,0.15179828274995089,0.06837022304534912,0.08342805970460176,0.08342805970460176,0.006960241146074597
drift,42,5,46,0.15420777932740748,0.05442202091217041,0.09978575841523707,0.09978575841523707,0.009957197582504056
drift,43,1,43,0.055754790897481143,0.07995784282684326,-0.024203051929362118,0.024203051929362118,0.0005857877226953993
drift,43,2,44,0.05668403743766248,0.06959235668182373,-0.012908319244161248,0.012908319244161248,0.00016662470570918362
drift,43,3,45,0.05761328397784382,0.06635510921478271,-0.008741825236938894,0.008741825236938894,7.641950847318175e-05
drift,43,4,46,0.05854253051802516,0.0362473726272583,0.02229515789076686,0.02229515789076686,0.0004970740653742237
drift,43,5,47,0.0594717770582065,0.020236611366271973,0.039235165691934526,0.039235165691934526,0.0015393982268735562
drift,44,1,44,0.07159770547877997,0.06960129737854004,0.0019964081002399325,0.0019964081002399325,3.9856453027036165e-06
drift,44,2,45,0.07279100059531629,0.07617652416229248,-0.0033855235669761896,0.0033855235669761896,1.1461769822551182e-05
drift,44,3,46,0.07398429571185261,0.07878673076629639,-0.004802435054443777,0.004802435054443777,2.30633824521504e-05
drift,44,4,47,0.07517759082838893,0.09698998928070068,-0.021812398452311754,0.021812398452311754,0.0004757807262424122
drift,44,5,48,0.07637088594492525,0.06618809700012207,0.010182788944803178,0.010182788944803178,0.00010368919069440583
drift,45,1,45,0.0016464217242173618,0.0048410892486572266,-0.003194667524439865,0.003194667524439865,1.0205900591710734e-05
drift,45,2,46,0.0016738620870455634,0.027459144592285156,-0.025785282505239593,0.025785282505239593,0.0006648807938750151
drift,45,3,47,0.001701302449873765,0.032677412033081055,-0.03097610958320729,0.03097610958320729,0.0009595193649108665
drift,45,4,48,0.0017287428127019666,0.0187985897064209,-0.017069846893718932,0.017069846893718932,0.0002913796729750059
drift,45,5,49,0.0017561831755301682,0.027254819869995117,-0.02549863669446495,0.02549863669446495,0.0006501804732763144
drift,46,1,46,0.022196082747541368,0.024202704429626465,-0.002006621682085097,0.002006621682085097,4.0265305750140234e-06
drift,46,2,47,0.022566017461940646,0.04398059844970703,-0.021414580987766385,0.021414580987766385,0.0004585842788816055
drift,46,3,48,0.022935952176339924,0.03278613090515137,-0.009850178728811443,0.009850178728811443,9.702602098952941e-05
drift,46,4,49,0.023305886890739202,0.008223891258239746,0.015081995632499456,0.015081995632499456,0.00022746659225873268
drift,46,5,50,0.02367582160513848,0.01217949390411377,0.011496327701024711,0.011496327701024711,0.00013216555060934813
drift,47,1,47,-0.0042859578534262255,0.006060361862182617,-0.010346319715608843,0.010346319715608843,0.00010704633165759625
drift,47,2,48,-0.004357390484074131,0.0072754621505737305,-0.011632852634647861,0.011632852634647861,0.00013532326041943368
drift,47,3,49,-0.004428823114722036,-0.018380939960479736,0.0139521168457577,0.0139521168457577,0.0001946615644776758
drift,47,4,50,-0.004500255745369941,-0.05601954460144043,0.05151928885607049,0.05151928885607049,0.0026542371242352287
drift,47,5,51,-0.004571688376017846,-0.03488534688949585,0.030313658513478003,0.030313658513478003,0.0009189178924717574
drift,48,1,48,-0.03452460642438382,-0.04132413864135742,0.006799532216973603,0.006799532216973603,4.623363836966196e-05
drift,48,2,49,-0.035100016510114074,-0.05207085609436035,0.016970839584246278,0.016970839584246278,0.0002880093961942204
drift,48,3,50,-0.03567542659584433,-0.06589680910110474,0.030221382505260408,0.030221382505260408,0.0009133319605292598
drift,48,4,51,-0.03625083668157458,-0.08597385883331299,0.049723022151738405,0.049723022151738405,0.002472378931902268
drift,48,5,52,-0.03682624676730484,-0.06996148824691772,0.03313524147961289,0.03313524147961289,0.0010979442279122585
drift,49,1,49,-0.09672100259922445,-0.11179685592651367,0.015075853327289224,0.015075853327289224,0.00022728135354593756
drift,49,2,50,-0.09833301929756999,-0.1088457703590393,0.010512751061469316,0.010512751061469316,0.00011051793488042424
drift,49,3,51,-0.09994503599591553,-0.17977678775787354,0.079831751761958,0.079831751761958,0.006373108589382885
drift,49,4,52,-0.10155705269426107,-0.21246349811553955,0.11090644542127848,0.11090644542127848,0.01230023963598302
drift,49,5,53,-0.10316906939260662,-0.19649463891983032,0.0933255695272237,0.0933255695272237,0.008709661927580666
drift,50,1,50,-0.1782916763331741,-0.12035483121871948,-0.05793684511445463,0.05793684511445463,0.003356678021816305
drift,50,2,51,-0.18126320419833064,-0.10943865776062012,-0.07182454643771052,0.07182454643771052,0.005158765470982835
drift,50,3,52,-0.18423473206348717,-0.11677241325378418,-0.06746231880970299,0.06746231880970299,0.0045511644591820066
drift,50,4,53,-0.1872062599286437,-0.11898642778396606,-0.06821983214467764,0.06821983214467764,0.0046539454978479925
drift,50,5,54,-0.19017778779380023,-0.11586534976959229,-0.07431243802420795,0.07431243802420795,0.005522338445101748
drift,51,1,51,-0.12147770100273192,-0.06223011016845703,-0.05924759083427489,0.05924759083427489,0.0035102770196656537
drift,51,2,52,-0.12350232945755124,-0.03777599334716797,-0.08572633611038327,0.08572633611038327,0.007349004702910403
drift,51,3,53,-0.12552695791237056,-0.03552508354187012,-0.09000187437050045,0.09000187437050045,0.008100337390203344
drift,51,4,54,-0.12755158636718988,-0.028374075889587402,-0.09917751047760248,0.09917751047760248,0.00983617858453495
drift,51,5,55,-0.1295762148220092,0.014439702033996582,-0.1440159168560058,0.1440159168560058,0.02074058430787597
drift,52,1,52,0.0692557884613052,0.08275699615478516,-0.013501207693479955,0.013501207693479955,0.00018228260918248232
drift,52,2,53,0.07041005161590874,0.09128570556640625,-0.020875653950497508,0.020875653950497508,0.0004357929278609222
drift,52,3,54,0.07156431477051228,0.11011683940887451,-0.03855252463836223,0.03855252463836223,0.0014862971559915267
drift,52,4,55,0.07271857792511582,0.08167672157287598,-0.008958143647760153,0.008958143647760153,8.024833761390558e-05
drift,52,5,56,0.07387284107971936,0.07833945751190186,-0.004466616432182491,0.004466616432182491,1.9950662352242644e-05
drift,53,1,53,-0.0053239878980093636,0.003509998321533203,-0.008833986219542567,0.008833986219542567,7.803931252706798e-05
drift,53,2,54,-0.005412721031461842,-0.019647181034088135,0.014234460002626292,0.014234460002626292,0.0002026198515663677
drift,53,3,55,-0.005501454164914321,0.003971099853515625,-0.009472554018429946,0.009472554018429946,8.972927963207332e-05
drift,53,4,56,-0.0055901872983668,0.009310483932495117,-0.014900671230861917,0.014900671230861917,0.000222030003130236
drift,53,5,57,-0.005678920431819279,-0.0015169978141784668,-0.004161922617640812,0.004161922617640812,1.732159987523015e-05
drift,54,1,54,-0.050486750493291765,-0.05278801918029785,0.002301268687006086,0.002301268687006086,5.2958375697947155e-06
drift,54,2,55,-0.051328196306712925,-0.133774995803833,0.08244679949712008,0.08244679949712008,0.0067974747473183205
drift,54,3,56,-0.052169642120134085,-0.1382482647895813,0.08607862266944721,0.08607862266944721,0.007409529280669072
drift,54,4,57,-0.053011087933555245,-0.1358984112739563,0.08288732334040105,0.08288732334040105,0.006870308370536193
drift,54,5,58,-0.053852533746976405,-0.14361339807510376,0.08976086432812735,0.08976086432812735,0.008057012764932486
drift,55,1,55,-0.10850932635366917,-0.09500598907470703,-0.013503337278962135,0.013503337278962135,0.00018234011766940852
drift,55,2,56,-0.11031781509518623,-0.089202880859375,-0.021114934235811234,0.021114934235811234,0.0004458404477826333
drift,55,3,57,-0.1121263038367033,-0.09980505704879761,-0.012321246787905693,0.012321246787905693,0.00015181312240847636
drift,55,4,58,-0.11393479257822037,-0.11570829153060913,0.0017734989523887634,0.0017734989523887634,3.1452985341240414e-06
drift,55,5,59,-0.11574328131973743,-0.10959506034851074,-0.006148220971226692,0.006148220971226692,3.780062111103169e-05
drift,56,1,56,-0.05772822996368632,-0.03544551134109497,-0.022282718622591347,0.022282718622591347,0.0004965195492135792
drift,56,2,57,-0.05869036715012044,-0.03262990713119507,-0.02606046001892537,0.02606046001892537,0.0006791475763980076
drift,56,3,58,-0.05965250433655456,-0.03919970989227295,-0.020452794444281608,0.020452794444281608,0.00041831680058003663
drift,56,4,59,-0.06061464152298868,-0.04392367601394653,-0.016690965509042144,0.016690965509042144,0.00027858832962403447
drift,56,5,60,-0.0615767787094228,-0.05737614631652832,-0.004200632392894477,0.004200632392894477,1.7645312500234377e-05
drift,57,1,57,-0.058363655873108655,-0.0535585880279541,-0.004805067845154554,0.004805067845154554,2.3088676996538226e-05
drift,57,2,58,-0.05933638347778469,-0.04992955923080444,-0.00940682424698025,0.00940682424698025,8.848834241357555e-05
drift,57,3,59,-0.06030911108246073,-0.04542464017868042,-0.014884470903780311,0.014884470903780311,0.00022154747408548268
drift,57,4,60,-0.06128183868713677,-0.04217106103897095,-0.019110777648165822,0.019110777648165822,0.0003652218223176344
drift,57,5,61,-0.06225456629181281,-0.006319403648376465,-0.05593516264343634,0.05593516264343634,0.0031287424199476764
drift,58,1,58,-0.030768665194045752,-0.030210137367248535,-0.0005585278267972171,0.0005585278267972171,3.119533333068222e-07
drift,58,2,59,-0.031281476258300245,-0.03445380926132202,0.0031723330030217767,0.0031723330030217767,1.0063696682061164e-05
drift,58,3,60,-0.03179428732255474,-0.08336395025253296,0.05156966292997822,0.05156966292997822,0.00265943013471157
drift,58,4,61,-0.03230709838680923,-0.08769923448562622,0.05539213609881699,0.05539213609881699,0.0030682887415898643
drift,58,5,62,-0.03281990945106372,-0.04900169372558594,0.016181784274522215,0.016181784274522215,0.00026185014230717445
drift,59,1,59,-0.04833880119258538,-0.04051554203033447,-0.007823259162250906,0.007823259162250906,6.120338391974275e-05
drift,59,2,60,-0.049144447897560894,-0.0933692455291748,0.04422479763161391,0.04422479763161391,0.0019558327255572035
drift,59,3,61,-0.04995009460253641,-0.10500401258468628,0.05505391798214987,0.05505391798214987,0.003030933885185285
drift,59,4,62,-0.050755741307511926,-0.10622715950012207,0.055471418192610145,0.055471418192610145,0.0030770782362994397
drift,59,5,63,-0.05156138801248744,-0.12703537940979004,0.0754739913973026,0.0754739913973026,0.005696323377440107
drift,60,1,60,-0.08440551115199924,-0.08709406852722168,0.0026885573752224445,0.0026885573752224445,7.228340759863e-06
drift,60,2,61,-0.08581226971000433,-0.08942276239395142,0.0036104926839470863,0.0036104926839470863,1.3035657420835435e-05
drift,60,3,62,-0.08721902826800942,-0.046863436698913574,-0.04035559156909585,0.04035559156909585,0.00162857377089168
drift,60,4,63,-0.08862578682601452,-0.036054909229278564,-0.052570877596735954,0.052570877596735954,0.0027636971712909943
drift,60,5,64,-0.09003254538401961,-0.08845913410186768,-0.0015734112821519375,0.0015734112821519375,2.475623062803004e-06
